time_s,position_error_3d_m,orientation_error_deg,tip_speed_m_s,ax_cmd_m_s2,ay_cmd_m_s2,az_cmd_m_s2,tip_x_m,tip_y_m,tip_z_m,target_x_m,target_y_m,target_z_m,wind_x_m_s,thrust_N,max_abs_torque_Nm,safe,task_success,anchor_active
0.0,0.0,0.0,0.0,0.0,0.0,0.0,0.225,0.0,0.38999999999999996,0.225,0.0,0.38999999999999996,1.5,129.8844,0.0,True,False,False
0.005,6.003160554136367e-07,0.0001282395300757419,0.00024009670461627952,0.0,0.0,0.0,0.22500032675402332,0.0,0.38999949640177256,0.225,0.0,0.38999999999999996,1.5,129.88439999999852,0.00043042318414697884,True,False,False
0.01,2.3964889850760255e-06,0.0005114781128779521,0.00047784113246218413,0.0,0.0,0.0,0.22500130728947468,0.0,0.38999799147972747,0.225,0.0,0.38999999999999996,1.5,129.88439999997573,0.0008596543381830182,True,False,False
0.015,5.374007216046629e-06,0.0011450043645258225,0.0007127535774710064,0.0,0.0,0.0,0.22500294353583897,0.0,0.3899955038293712,0.225,0.0,0.38999999999999996,1.5,129.88439999987807,0.0012845215918919593,True,False,False
0.02,9.52004154733437e-06,0.002024417401856958,0.0009453189096816396,0.0,0.0,0.0,0.22500523864185037,0.0,0.3899920509231588,0.225,0.0,0.38999999999999996,1.5,129.88439999961864,0.0017054024264695474,True,False,False
0.025,1.48234266518719e-05,0.0031456293297125767,0.0011757455648678835,0.0,0.0,0.0,0.22500819685652312,0.0,0.3899876490680172,0.225,0.0,0.38999999999999996,1.5,129.88439999908002,0.0021229620388609743,True,False,False
0.03,2.1273561653951268e-05,0.004504526669166091,0.001404073325190798,0.0,0.0,0.0,0.22501182353484117,0.0,0.3899823147392073,0.225,0.0,0.38999999999999996,1.5,129.88439999811547,0.0025380213809573365,True,False,False
0.035,2.8859740994523667e-05,0.0060967576180098685,0.0016302416633558329,0.0,0.0,0.0,0.2250161251338636,0.0,0.3899760654077086,0.225,0.0,0.38999999999999996,1.5,129.88439999655066,0.002951473626902493,True,False,False
0.04,3.7570758287058186e-05,0.007917601924786574,0.0018541334032658669,0.0,0.0,0.0,0.2250211092017908,0.0,0.3899689200470074,0.225,0.0,0.38999999999999996,1.5,129.88439999418435,0.003364231097548091,True,False,False
0.045,4.7394684735083515e-05,0.009961891722953734,0.0020756029702353293,0.0,0.0,0.0,0.22502678436159207,0.0,0.3899608994358705,0.225,0.0,0.38999999999999996,1.5,129.88439999078923,0.0037771913932494127,True,False,False
0.05,5.8318877213781126e-05,0.012224002259504704,0.0022947101804987,-0.011012157111763817,0.0,1.7035307083710325e-06,0.22503316028912596,0.0,0.3899520261877212,0.225,0.0,0.38999999999999996,1.5,129.88442467300501,0.013168392260450433,True,False,False
0.055,7.033909444145083e-05,0.01470069109973918,0.0025151562713628768,-0.011012157111763817,0.0,1.7035307083710325e-06,0.22504024757735497,0.0,0.3899423136001825,0.225,0.0,0.38999999999999996,1.5,129.88442513338782,0.012128436502163012,True,False,False
0.06,8.346738870818781e-05,0.017393600225905987,0.00273830442396401,-0.011012157111763817,0.0,1.7035307083710325e-06,0.22504805759932714,0.0,0.389931755790541,0.225,0.0,0.38999999999999996,1.5,129.88442569294168,0.011102221858181441,True,False,False
0.065,9.771672282604386e-05,0.020304506942647658,0.002963909255080689,-0.011012157111763817,0.0,1.7035307083710325e-06,0.22505660256452117,0.0,0.38992034632708095,0.225,0.0,0.38999999999999996,1.5,129.8844263481453,0.010088729944319842,True,False,False
0.07,0.00011309853745284427,0.023434574047395077,0.0031916315334902146,-0.011012157111763817,0.0,1.7035307083710325e-06,0.2250658954482585,0.0,0.3899080811821617,0.225,0.0,0.38999999999999996,1.5,129.88442709546007,0.009086989654504338,True,False,False
0.075,0.00012962230009408725,0.026784202992936205,0.0034210516322552395,-0.011012157111763817,0.0,1.7035307083710325e-06,0.22507594993267083,0.0,0.3898949593011781,0.225,0.0,0.38999999999999996,1.5,129.88442793133515,0.008096088116192505,True,False,False
0.08,0.00014729512990661336,0.030352909256965425,0.0036516850101907046,-0.011012157111763817,0.0,1.7035307083710325e-06,0.22508678035180876,0.0,0.38988098308593244,0.225,0.0,0.38999999999999996,1.5,129.88442885220974,0.007115181679772639,True,False,False
0.085,0.0001661215022540579,0.034139221261722905,0.0038829989632668256,-0.011012157111763817,0.0,1.7035307083710325e-06,0.2250984016413318,0.0,0.38986615878626385,0.225,0.0,0.38999999999999996,1.5,129.8844298545141,0.006143506422225704,True,False,False
0.09,0.00018610303540591102,0.038140603435356364,0.004114429949273375,-0.011012157111763817,0.0,1.7035307083710325e-06,0.22511082929295334,0.0,0.3898504967973227,0.225,0.0,0.38999999999999996,1.5,129.88443093466827,0.005180387716666082,True,False,False
0.095,0.00020723835950345833,0.042353403506525646,0.004345400848609045,-0.011012157111763817,0.0,1.7035307083710325e-06,0.2251240793135725,0.0,0.38983401186309535,0.225,0.0,0.38999999999999996,1.5,129.8844320890792,0.0042252484940206204,True,False,False
0.1,0.00022952306557101675,0.04677282256100773,0.00457533759316166,-0.022287079541649043,0.0,1.025360774269457e-05,0.22513816818881507,0.0,0.38981672318960464,0.225,0.0,0.38999999999999996,1.5,129.88455792133664,0.021051336872691097,True,False,False
0.105,0.0002529495242661198,0.05139286614884507,0.004803610599927398,-0.022287079541649043,0.0,1.025360774269457e-05,0.225153112833656,0.0,0.38979865471945857,0.225,0.0,0.38999999999999996,1.5,129.8845607042734,0.019471639467169524,True,False,False
0.11,0.00027750721691907116,0.056206402566777156,0.005029751274654688,-0.022287079541649043,0.0,1.025360774269457e-05,0.22516893058062765,0.0,0.38977983480208944,0.225,0.0,0.38999999999999996,1.5,129.88456376070857,0.01791696435393854,True,False,False
0.115,0.0003031827837593208,0.06120513637170665,0.005253263983356588,-0.022287079541649043,0.0,1.025360774269457e-05,0.2251856391299376,0.0,0.3897602961956829,0.225,0.0,0.38999999999999996,1.5,129.8845670779718,0.016389126814563844,True,False,False
0.12,0.00032996065180864045,0.06637979988868695,0.005473836241433131,-0.022287079541649043,0.0,1.025360774269457e-05,0.22520325658360651,0.0,0.38974007540908445,0.225,0.0,0.38999999999999996,1.5,129.88457064325416,0.014887277277208677,True,False,False
0.125,0.00035782347107556154,0.0717202667713877,0.005691199002108933,-0.022287079541649043,0.0,1.025360774269457e-05,0.22522180144949075,0.0,0.38971921226263173,0.225,0.0,0.38999999999999996,1.5,129.8845744438431,0.013410576078070575,True,False,False
0.13,0.0003867522698451137,0.0772155801558362,0.005905121803630949,-0.022287079541649043,0.0,1.025360774269457e-05,0.22524129260855652,0.0,0.38969774978033694,0.225,0.0,0.38999999999999996,1.5,129.88457846713928,0.01195823791346718,True,False,False
0.135,0.0004167265882436178,0.08285397319447278,0.006115410156283605,-0.022287079541649043,0.0,1.025360774269457e-05,0.22526174927589956,0.0,0.3896757341123164,0.225,0.0,0.38999999999999996,1.5,129.8845827006651,0.010529562138233039,True,False,False
0.14,0.00044772459921333974,0.0886228844745376,0.0063219051282695825,-0.022287079541649043,0.0,1.025360774269457e-05,0.22528319095625537,0.0,0.38965321447689394,0.225,0.0,0.38999999999999996,1.5,129.88458713206623,0.009123957830467547,True,False,False
0.145,0.0004797232283095986,0.09450897148944791,0.0065244852319337535,-0.022287079541649043,0.0,1.025360774269457e-05,0.22530563739510742,0.0,0.3896302431089327,0.225,0.0,0.38999999999999996,1.5,129.88459174910807,0.007740962867557887,True,False,False
0.15,0.0005126982839264495,0.10049812572873944,0.00672307045949604,-0.03380728067627385,0.0,2.1480055214409255e-05,0.22532910852665333,0.0,0.3896068752004449,0.225,0.0,0.38999999999999996,1.5,129.88477816624294,0.024540452162206773,True,False,False
0.155,0.00054662453803722,0.10657550020523071,0.006917600765581379,-0.03380728067627385,0.0,2.1480055214409255e-05,0.2253536244232462,0.0,0.3895831689156646,0.225,0.0,0.38999999999999996,1.5,129.88478605781532,0.022547020102591898,True,False,False
0.16,0.0005814759362599557,0.11272551560153354,0.007108114556429522,-0.03380728067627385,0.0,2.1480055214409255e-05,0.22537920523197572,0.0,0.3895591852356242,0.225,0.0,0.38999999999999996,1.5,129.88479440139434,0.020592816065717837,True,False,False
0.165,0.0006172259232765004,0.11893190427593861,0.007294700560586165,-0.03380728067627385,0.0,2.1480055214409255e-05,0.2254058711219073,0.0,0.3895349876638558,0.225,0.0,0.38999999999999996,1.5,129.88480317058486,0.018677787216091063,True,False,False
0.17,0.000653847665149728,0.12517777989698112,0.00747751775591406,-0.03380728067627385,0.0,2.1480055214409255e-05,0.2254336422391531,0.0,0.3895106420761405,0.225,0.0,0.38999999999999996,1.5,129.88481233909462,0.016801995037434674,True,False,False
0.17500000000000002,0.0006913143516541944,0.13144570278749865,0.007656801335451613,-0.03380728067627385,0.0,2.1480055214409255e-05,0.22546253865708074,0.0,0.3894862164623997,0.225,0.0,0.38999999999999996,1.5,129.88482188075525,0.014965603227374065,True,False,False
0.18,0.0007295995340063474,0.13771775759493576,0.007832867242828077,-0.03380728067627385,0.0,2.1480055214409255e-05,0.2254925803287485,0.0,0.3894617806211661,0.225,0.0,0.38999999999999996,1.5,129.8848317695449,0.01316886287627999,True,False,False
0.185,0.0007686774934549467,0.14397564265833268,0.008006114701358192,-0.03380728067627385,0.0,2.1480055214409255e-05,0.22552378704181034,0.0,0.38943740580897435,0.225,0.0,0.38999999999999996,1.5,129.88484197961571,0.011412095784578205,True,False,False
0.19,0.0008085236339235494,0.15020076993889145,0.008177026257796432,-0.03380728067627385,0.0,2.1480055214409255e-05,0.22555617837593867,0.0,0.38941316434945444,0.225,0.0,0.38999999999999996,1.5,129.8848524853243,0.009695676745100537,True,False,False
0.195,0.0008491148900470377,0.15637437377135902,0.008346164991213382,-0.03380728067627385,0.0,2.1480055214409255e-05,0.225589773662635,0.0,0.38938912920894697,0.225,0.0,0.38999999999999996,1.5,129.88486326126565,0.008020015556745648,True,False,False
0.2,0.0008904301405240158,0.16247762623784887,0.008514168693146602,-0.045362983209545446,0.0,2.6226212742117775e-05,0.22562459194716208,0.0,0.38936537354712086,0.225,0.0,0.38999999999999996,1.5,129.88500660506045,0.024601503422508116,True,False,False
0.20500000000000002,0.0009324505944349018,0.16849176416101772,0.008681733153761967,-0.045362983209545446,0.0,2.6226212742117775e-05,0.2256606519554695,0.0,0.38934197028578005,0.225,0.0,0.38999999999999996,1.5,129.8850224198657,0.02235178874442214,True,False,False
0.21,0.0009751601576180271,0.17439818805513058,0.0088496139590072,-0.045362983209545446,0.0,2.6226212742117775e-05,0.22569797205035724,0.0,0.38931899166677214,0.225,0.0,0.38999999999999996,1.5,129.88503879729657,0.020161290104199522,True,False,False
0.215,0.0010185456659326522,0.18017852859395866,0.009018521264780666,-0.045362983209545446,0.0,2.6226212742117775e-05,0.22573657017484247,0.0,0.38929650895448287,0.225,0.0,0.38999999999999996,1.5,129.8850556875312,0.018075044160339872,True,False,False
0.22,0.001062597329281058,0.18581483485643183,0.009189631064999565,-0.045362983209545446,0.0,2.6226212742117775e-05,0.22577646384177133,0.0,0.38927459184825575,0.225,0.0,0.38999999999999996,1.5,129.88507301527454,0.016150234798360287,True,False,False
0.225,0.0011073143953713946,0.19129150414389162,0.009364451837906953,-0.045362983209545446,0.0,2.6226212742117775e-05,0.22581767085066662,0.0,0.38925330089717014,0.225,0.0,0.38999999999999996,1.5,129.88509070236537,0.014372258629046564,True,False,False
0.23,0.0011526994405268464,0.19659340625789332,0.009543101512296278,-0.045362983209545446,0.0,2.6226212742117775e-05,0.22586020852860592,0.0,0.38923269478855893,0.225,0.0,0.38999999999999996,1.5,129.8851086821726,0.012710974758454861,True,False,False
0.23500000000000001,0.001198754784238936,0.20170466819465094,0.009725838059086974,-0.045362983209545446,0.0,2.6226212742117775e-05,0.2259040931609251,0.0,0.38921283509408494,0.225,0.0,0.38999999999999996,1.5,129.8851268996238,0.011146193032879649,True,False,False
0.24,0.0012454838265676374,0.20660912513471957,0.009913082218044506,-0.045362983209545446,0.0,2.6226212742117775e-05,0.22594934007054798,0.0,0.38919378452465014,0.225,0.0,0.38999999999999996,1.5,129.88514530722193,0.009665646908150631,True,False,False
0.245,0.0012928875985941252,0.2112891010360158,0.01010348653733139,-0.045362983209545446,0.0,2.6226212742117775e-05,0.2259959630426066,0.0,0.38917561176599835,0.225,0.0,0.38999999999999996,1.5,129.88516386157107,0.0082705620632164,True,False,False
0.25,0.0013409487805883008,0.21571960481311803,0.0102962218612305,-0.056358648472213745,0.0,1.8293482901994904e-05,0.22604397188281075,0.0,0.3891584143893448,0.225,0.0,0.38999999999999996,1.5,129.8851928894263,0.024299826190042326,True,False,False
0.255,0.0013896568302255244,0.21987701731719708,0.010493679877612119,-0.056358648472213745,0.0,1.8293482901994904e-05,0.22609337567119017,0.0,0.3891422845766561,0.225,0.0,0.38999999999999996,1.5,129.88521724634728,0.022468316460715128,True,False,False
0.26,0.0014390209237226783,0.22374394234796685,0.01069851977096323,-0.056358648472213745,0.0,1.8293482901994904e-05,0.22614418460471217,0.0,0.38912728996267293,0.225,0.0,0.38999999999999996,1.5,129.8852419670338,0.020686966307459025,True,False,False
0.265,0.0014890658887361998,0.2273081405026963,0.010911901309802161,-0.056358648472213745,0.0,1.8293482901994904e-05,0.22619640954883935,0.0,0.3891134779120384,0.225,0.0,0.38999999999999996,1.5,129.88526700978522,0.018955632411022924,True,False,False
0.27,0.0015398261973810822,0.23056065432804418,0.011134475574154671,-0.056358648472213745,0.0,1.8293482901994904e-05,0.22625006127809907,0.0,0.389100882922452,0.225,0.0,0.38999999999999996,1.5,129.8852923339344,0.01727412309295257,True,False,False
0.275,0.0015913436284239516,0.23349520759479167,0.011366511737825734,-0.056358648472213745,0.0,1.8293482901994904e-05,0.22630515022283929,0.0,0.38908952900125915,0.225,0.0,0.38999999999999996,1.5,129.88531789990446,0.01564222873792761,True,False,False
0.28,0.0016436654530122322,0.236107770766097,0.01160799010828948,-0.056358648472213745,0.0,1.8293482901994904e-05,0.22636168628772016,0.0,0.3890794313848165,0.225,0.0,0.38999999999999996,1.5,129.88534366923426,0.014059744262264987,True,False,False
0.28500000000000003,0.0016968429835468677,0.23839624073077245,0.011858671892834578,-0.056358648472213745,0.0,1.8293482901994904e-05,0.2264196787212455,0.0,0.38907059780543884,0.225,0.0,0.38999999999999996,1.5,129.88536960459166,0.012526484871679837,True,False,False
0.29,0.0017509453156755522,0.24036852553356464,0.012118660220792148,-0.056358648472213745,0.0,1.8293482901994904e-05,0.2264791330686972,0.0,0.38906299687109774,0.225,0.0,0.38999999999999996,1.5,129.88539566987677,0.011041547726889436,True,False,False
0.295,0.0018061058184768628,0.24207135399670118,0.012385852635021875,-0.056358648472213745,0.0,1.8293482901994904e-05,0.22654003990770183,0.0,0.38905644538567086,0.225,0.0,0.38999999999999996,1.5,129.8854218306064,0.009603900655081675,True,False,False
0.3,0.0018624425154720415,0.24354999969119215,0.012657376579245667,-0.0664574061324244,0.0,-1.0590783876285664e-06,0.2266023878567893,0.0,0.3890507659509625,0.225,0.0,0.38999999999999996,1.5,129.88535316747294,0.02413305108791776,True,False,False
0.305,0.0019200403514447245,0.24483681381810105,0.012931678692621565,-0.0664574061324244,0.0,-1.0590783876285664e-06,0.22666616856907276,0.0,0.3890458316445144,0.225,0.0,0.38999999999999996,1.5,129.8853855513234,0.02221764340608065,True,False,False
0.31,0.0019789614824982523,0.2459552646660812,0.01320783447798622,-0.0664574061324244,0.0,-1.0590783876285664e-06,0.22673137599189452,0.0,0.38904155035400756,0.225,0.0,0.38999999999999996,1.5,129.8854182765704,0.020366518205021195,True,False,False
0.315,0.0020392519953682914,0.246922624183463,0.013485318763439755,-0.0664574061324244,0.0,-1.0590783876285664e-06,0.2267980057183949,0.0,0.3890378544095445,0.225,0.0,0.38999999999999996,1.5,129.88545128885127,0.018580459607235866,True,False,False
0.32,0.00210094664250539,0.24775180541575995,0.013763804507543104,-0.0664574061324244,0.0,-1.0590783876285664e-06,0.2268660545689714,0.0,0.38903469324032425,0.225,0.0,0.38999999999999996,1.5,129.8854845349298,0.016860245346530522,True,False,False
0.325,0.002164070728758089,0.24845211804338035,0.014042769131897337,-0.0664574061324244,0.0,-1.0590783876285664e-06,0.22693551985251387,0.0,0.389032030465566,0.225,0.0,0.38999999999999996,1.5,129.88551796130304,0.01521696736749624,True,False,False
0.33,0.0022286319217381927,0.24902468184943058,0.01432184697189873,-0.0664574061324244,0.0,-1.0590783876285664e-06,0.2270063979241327,0.0,0.3890298620651544,0.225,0.0,0.38999999999999996,1.5,129.8855515073397,0.013665700853930082,True,False,False
0.335,0.002294622702376048,0.24946122144746996,0.014601293168232408,-0.0664574061324244,0.0,-1.0590783876285664e-06,0.2270786867799994,0.0,0.38902822090117384,0.225,0.0,0.38999999999999996,1.5,129.88558511371951,0.012199783034698208,True,False,False
0.34,0.0023620364543751908,0.24975338219522647,0.014881209358192392,-0.0664574061324244,0.0,-1.0590783876285664e-06,0.22715238469869573,0.0,0.38902714013310347,0.225,0.0,0.38999999999999996,1.5,129.8856187263901,0.010813538556858543,True,False,False
0.34500000000000003,0.0024308715480688423,0.24989530966316875,0.015161952496261984,-0.0664574061324244,0.0,-1.0590783876285664e-06,0.2272274902513539,0.0,0.38902664309560464,0.225,0.0,0.38999999999999996,1.5,129.8856522959506,0.00950120930826967,True,False,False
0.35000000000000003,0.0025011389764023864,0.2498879629680491,0.015443809065166677,-0.07550908971278993,0.0,-2.5082967808687095e-05,0.22730400401703715,0.0,0.38902672631353974,0.225,0.0,0.38999999999999996,1.5,129.88556992267206,0.02252550008277282,True,False,False
0.355,0.0025728519059435772,0.24973418924830132,0.015726552705932987,-0.07550908971278993,0.0,-2.5082967808687095e-05,0.22738192670955176,0.0,0.38902737875807614,0.225,0.0,0.38999999999999996,1.5,129.8856094978605,0.0208339806851425,True,False,False
0.36,0.0026460212853462416,0.24943652411154413,0.01600994739594499,-0.07550908971278993,0.0,-2.5082967808687095e-05,0.22746125832495484,0.0,0.38902859066282747,0.225,0.0,0.38999999999999996,1.5,129.88564921125788,0.019218161294333735,True,False,False
0.365,0.0027206559079462813,0.24899719275780668,0.016293789456516886,-0.07550908971278993,0.0,-2.5082967808687095e-05,0.22754199813679943,0.0,0.3890303536510916,0.225,0.0,0.38999999999999996,1.5,129.88568900473987,0.017675745413549382,True,False,False
0.37,0.0027967629220240807,0.24841831045482443,0.01657788920474658,-0.07550908971278993,0.0,-2.5082967808687095e-05,0.22762414477173343,0.0,0.3890326598018314,0.225,0.0,0.38999999999999996,1.5,129.88572882331252,0.016204794878575443,True,False,False
0.375,0.002874348047195778,0.2477019710393053,0.016862067638040917,-0.07550908971278993,0.0,-2.5082967808687095e-05,0.22770769624533396,0.0,0.3890355013014925,0.225,0.0,0.38999999999999996,1.5,129.8857686149018,0.014803616130862868,True,False,False
0.38,0.0029534157494554418,0.24685032226437403,0.01714615402221626,-0.07550908971278993,0.0,-2.5082967808687095e-05,0.22779264999484433,0.0,0.3890388701464279,0.225,0.0,0.38999999999999996,1.5,129.88580833019924,0.013470678881668183,True,False,False
0.385,0.003033969384042472,0.24586563109547444,0.01742998414587755,-0.07550908971278993,0.0,-2.5082967808687095e-05,0.22787900290990207,0.0,0.3890427578842933,0.225,0.0,0.38999999999999996,1.5,129.88584792254673,0.012204558013933692,True,False,False
0.39,0.003116011312775166,0.2447503408866875,0.017713399081257016,-0.07550908971278993,0.0,-2.5082967808687095e-05,0.2279667513620235,0.0,0.3890471553866056,0.225,0.0,0.38999999999999996,1.5,129.88588734784804,0.011003892216248243,True,False,False
0.395,0.0031995430007089863,0.24350712187898743,0.0179962443440538,-0.07550908971278993,0.0,-2.5082967808687095e-05,0.2280558912333696,0.0,0.3890520526474531,0.225,0.0,0.38999999999999996,1.5,129.8859265644967,0.009867354710682216,True,False,False
0.4,0.003284565095767781,0.24213891575315313,0.018278369379614592,-0.08300765023764824,0.0,-4.782211103022659e-05,0.22814641794515045,0.0,0.38905743860530395,0.225,0.0,0.38999999999999996,1.5,129.88588462996225,0.020613751147922396,True,False,False
0.405,0.0033710776383168834,0.2406490581342501,0.018559630343085765,-0.08300765023764824,0.0,-4.782211103022659e-05,0.228238326519276,0.0,0.3890633005828367,0.225,0.0,0.38999999999999996,1.5,129.8859288594089,0.01917713563909161,True,False,False
0.41000000000000003,0.0034590799509532956,0.2390412251089568,0.018839881345246046,-0.08300765023764824,0.0,-4.782211103022659e-05,0.22833161157654097,0.0,0.3890696245864462,0.225,0.0,0.38999999999999996,1.5,129.88597301446228,0.01781174017151685,True,False,False
0.41500000000000004,0.0035485705176998587,0.23731935761086545,0.01911898305415955,-0.08300765023764824,0.0,-4.782211103022659e-05,0.2284262673218225,0.0,0.389076395669943,0.225,0.0,0.38999999999999996,1.5,129.88601704341363,0.01651603752555489,True,False,False
0.42,0.00363954717631325,0.23548776930467238,0.019396800655273494,-0.08300765023764824,0.0,-4.782211103022659e-05,0.22852228760351875,0.0,0.38908359742104903,0.225,0.0,0.38999999999999996,1.5,129.88606089740853,0.015288499395504918,True,False,False
0.425,0.0037320071562598604,0.23355117007655576,0.019673204286223118,-0.08300765023764824,0.0,-4.782211103022659e-05,0.2286196659434708,0.0,0.38909121186624573,0.225,0.0,0.38999999999999996,1.5,129.8861045303955,0.01412758853250845,True,False,False
0.43,0.003825947108960785,0.23151468344979198,0.019948069639538088,-0.08300765023764824,0.0,-4.782211103022659e-05,0.22871839556671453,0.0,0.3890992193996298,0.225,0.0,0.38999999999999996,1.5,129.8861478990746,0.013031754113636024,True,False,False
0.435,0.003921363131934073,0.22938385795016938,0.02022127870398885,-0.08300765023764824,0.0,-4.782211103022659e-05,0.22881846943105769,0.0,0.3891075987356744,0.225,0.0,0.38999999999999996,1.5,129.88619096284484,0.011999429437241887,True,False,False
0.44,0.004018250788285081,0.22716467244939154,0.02049272061468587,-0.08300765023764824,0.0,-4.782211103022659e-05,0.2289198802564531,0.0,0.3891163268858775,0.225,0.0,0.38999999999999996,1.5,129.88623368374837,0.011029031293281297,True,False,False
0.445,0.0041166051228648465,0.22486353549553706,0.02076229258089016,-0.08300765023764824,0.0,-4.782211103022659e-05,0.2290226205541164,0.0,0.38912537915917955,0.225,0.0,0.38999999999999996,1.5,129.88627602641185,0.010118960534661284,True,False,False
0.45,0.004216420619346049,0.2224872307835862,0.02102989922596244,-0.0888884286725942,0.0,-6.79191900800196e-05,0.22912668263614808,0.0,0.38913472937195315,0.225,0.0,0.38999999999999996,1.5,129.8862680905075,0.01853706819798509,True,False,False
0.455,0.004317691005343983,0.22004271910017498,0.021295452535641645,-0.0888884286725942,0.0,-6.79191900800196e-05,0.2292320585645244,0.0,0.3891443505834372,0.225,0.0,0.38999999999999996,1.5,129.88631407482194,0.017407891952164134,True,False,False
0.46,0.004420409633406238,0.21753743292130165,0.021558880699003195,-0.0888884286725942,0.0,-6.79191900800196e-05,0.22933874029533563,0.0,0.38915421398879996,0.225,0.0,0.38999999999999996,1.5,129.88635977048446,0.016341892714279563,True,False,False
0.465,0.00452456960940728,0.2149793690695017,0.021820121977537032,-0.0888884286725942,0.0,-6.79191900800196e-05,0.22944671975532038,0.0,0.3891642885856855,0.225,0.0,0.38999999999999996,1.5,129.88640513717567,0.015337531247061512,True,False,False
0.47000000000000003,0.00463016375131377,0.21237702043194887,0.022079127828497483,-0.0888884286725942,0.0,-6.79191900800196e-05,0.22955598885739706,0.0,0.38917454140306496,0.225,0.0,0.38999999999999996,1.5,129.8864501372041,0.014393278795577405,True,False,False
0.47500000000000003,0.004737184573704765,0.20973932492855754,0.02233586404381112,-0.0888884286725942,0.0,-6.79191900800196e-05,0.22966653952456528,0.0,0.38918493770114393,0.225,0.0,0.38999999999999996,1.5,129.8864947354351,0.013507605114757737,True,False,False
0.48,0.004845624272312714,0.2070756030662134,0.02259031164442563,-0.0888884286725942,0.0,-6.79191900800196e-05,0.22977836371066693,0.0,0.3891954412159403,0.225,0.0,0.38999999999999996,1.5,129.8865388992248,0.012678970299606407,True,False,False
0.485,0.004955474710957702,0.20439548594424609,0.022842467466051883,-0.0888884286725942,0.0,-6.79191900800196e-05,0.2298914534182856,0.0,0.3892060144411366,0.225,0.0,0.38999999999999996,1.5,129.8865825983556,0.011905819422013506,True,False,False
0.49,0.0050667274128828235,0.20170883585965924,0.023092344390598395,-0.0888884286725942,0.0,-6.79191900800196e-05,0.2300058007141466,0.0,0.3892166189390165,0.225,0.0,0.38999999999999996,1.5,129.88662580497243,0.011186579342855302,True,False,False
0.495,0.005179373558121127,0.1990256617704167,0.023339971199013036,-0.0888884286725942,0.0,-6.79191900800196e-05,0.23012139774244764,0.0,0.38922721567160257,0.225,0.0,0.38999999999999996,1.5,129.88666849351887,0.010519657280772476,True,False,False
0.5,0.0052934039880312015,0.1963560318955945,0.023585392043779973,-0.09309104174860913,0.0,-8.625137797073202e-05,0.23023823673657584,0.0,0.38923776534315735,0.225,0.0,0.38999999999999996,1.5,129.88665403745878,0.01652809018999024,True,False,False
0.505,0.005408809207329587,0.19370997067585002,0.02382866414659209,-0.09309104174860913,0.0,-8.625137797073202e-05,0.23035631002344076,0.0,0.38924822877543663,0.225,0.0,0.38999999999999996,1.5,129.88669882140238,0.015722704187777825,True,False,False
0.51,0.005525579426116357,0.191097400763268,0.024069861066873928,-0.09309104174860913,0.0,-8.625137797073202e-05,0.2304756100441987,0.0,0.3892585671721654,0.225,0.0,0.38999999999999996,1.5,129.88674314040665,0.014970901446163684,True,False,False
0.515,0.005643704593716855,0.18852806971513747,0.024309066714289625,-0.09309104174860913,0.0,-8.625137797073202e-05,0.2305961293687279,0.0,0.3892687424327899,0.225,0.0,0.38999999999999996,1.5,129.88678696726603,0.014270949308712061,True,False,False
0.52,0.005763174416914151,0.18601144829148814,0.024546375142607723,-0.09309104174860913,0.0,-8.625137797073202e-05,0.23071786069625286,0.0,0.389278717518568,0.225,0.0,0.38999999999999996,1.5,129.8868302771181,0.013621106224431051,True,False,False
0.525,0.005883978400926364,0.18355665686439596,0.02478188871898852,-0.09309104174860913,0.0,-8.625137797073202e-05,0.23084079686474443,0.0,0.3892884567424536,0.225,0.0,0.38999999999999996,1.5,129.8868730473684,0.013019624555732356,True,False,False
0.53,0.006006105896416063,0.1811723997433444,0.025015716240150226,-0.09309104174860913,0.0,-8.625137797073202e-05,0.23096493086105666,0.0,0.38929792602827207,0.225,0.0,0.38999999999999996,1.5,129.8869152576126,0.012464754311775461,True,False,False
0.535,0.006129546151316254,0.178866908226145,0.02524797106881669,-0.09309104174860913,0.0,-8.625137797073202e-05,0.23109025583197668,0.0,0.3893070931359915,0.225,0.0,0.38999999999999996,1.5,129.88695688955647,0.011954747415883982,True,False,False
0.54,0.00625428836618501,0.17664789284640467,0.02547876935603087,-0.09309104174860913,0.0,-8.625137797073202e-05,0.23121676509629338,0.0,0.38931592785109637,0.225,0.0,0.38999999999999996,1.5,129.8869979269343,0.011487862208292829,True,False,False
0.545,0.0063803217431052965,0.17452249430803457,0.025708226352391794,-0.09309104174860913,0.0,-8.625137797073202e-05,0.23134445215362337,0.0,0.3893244021788622,0.225,0.0,0.38999999999999996,1.5,129.88703835544075,0.011062172531221964,True,False,False
0.55,0.006507635334330635,0.17249699399358598,0.02593644332835663,-0.09564523355871034,0.0,-0.00010488846944782934,0.23147331059097803,0.0,0.38933249147019655,0.225,0.0,0.38999999999999996,1.5,129.88696334693734,0.01470091862099579,True,False,False
0.555,0.006636218253801199,0.17057697463826055,0.02616353512108094,-0.09564523355871034,0.0,-0.00010488846944782934,0.23160333415630227,0.0,0.38934017371051455,0.225,0.0,0.38999999999999996,1.5,129.88700439703547,0.01420534725591499,True,False,False
0.56,0.006766060018980648,0.1687676854862002,0.02638962068281354,-0.09564523355871034,0.0,-0.00010488846944782934,0.23173451692540528,0.0,0.3893474281940826,0.225,0.0,0.38999999999999996,1.5,129.88704487056785,0.013748844556090989,True,False,False
0.5650000000000001,0.006897150852036567,0.16707438308825465,0.026614879321119306,-0.09564523355871034,0.0,-0.00010488846944782934,0.23186685346383668,0.0,0.3893542342669798,0.225,0.0,0.38999999999999996,1.5,129.88708475494406,0.01332951846631418,True,False,False
0.5700000000000001,0.007029483396922518,0.16550454686882765,0.02683955101180627,-0.09564523355871034,0.0,-0.00010488846944782934,0.23200033974476653,0.0,0.3893605625242046,0.225,0.0,0.38999999999999996,1.5,129.88712403967003,0.012944901824718455,True,False,False
0.5750000000000001,0.007163050953978971,0.1640655682281591,0.02706375876926793,-0.09564523355871034,0.0,-0.00010488846944782934,0.23213497229155017,0.0,0.38936638389531947,0.225,0.0,0.38999999999999996,1.5,129.8871627160138,0.012593496286667491,True,False,False
0.58,0.007297846625256624,0.16276353209080713,0.02728761879953584,-0.09564523355871034,0.0,-0.00010488846944782934,0.2322707477164575,0.0,0.38937167443996157,0.225,0.0,0.38999999999999996,1.5,129.88720077667685,0.012273911433766313,True,False,False
0.585,0.007433863522590483,0.1616033898286892,0.02751124222606542,-0.09564523355871034,0.0,-0.00010488846944782934,0.23240766280349626,0.0,0.38937641467127626,0.225,0.0,0.38999999999999996,1.5,129.8872382157016,0.011984800204253312,True,False,False
0.59,0.007571094956404436,0.16058763652784308,0.027735367723943475,-0.09564523355871034,0.0,-0.00010488846944782934,0.23254571507340585,0.0,0.38938059474504283,0.225,0.0,0.38999999999999996,1.5,129.8872750284019,0.011724769069580587,True,False,False
0.595,0.0077095356006858145,0.15969973062541593,0.02796219936715832,-0.09564523355871034,0.0,-0.00010488846944782934,0.23268490907042527,0.0,0.38938427948098386,0.225,0.0,0.38999999999999996,1.5,129.88731121151858,0.011491504595756513,True,False,False
0.6,0.007849182814341433,0.15891513505077035,0.028191370605977012,-0.09671086497481135,0.0,-0.00012517815754286118,0.23282525362337916,0.0,0.38938756503794747,0.225,0.0,0.38999999999999996,1.5,129.88714063475675,0.012962330269990094,True,False,False
0.605,0.007990035869247899,0.1582158424383059,0.028422446693509473,-0.09671086497481135,0.0,-0.00012517815754286118,0.23296675652140975,0.0,0.38939052176376554,0.225,0.0,0.38999999999999996,1.5,129.8871762875115,0.012714669020076744,True,False,False
0.61,0.008132095188668394,0.15758844083888726,0.028655137041360138,-0.09671086497481135,0.0,-0.00012517815754286118,0.23310942465970372,0.0,0.3893932019725205,0.225,0.0,0.38999999999999996,1.5,129.88721133366144,0.012488529328832015,True,False,False
0.615,0.008275361900832156,0.15702261071714893,0.028889233280178027,-0.09671086497481135,0.0,-0.00012517815754286118,0.2332532642550771,0.0,0.38939564602623017,0.225,0.0,0.38999999999999996,1.5,129.88724577374538,0.012282295706540547,True,False,False
0.62,0.008419837556524515,0.15651009787434642,0.029124580531675017,-0.09671086497481135,0.0,-0.00012517815754286118,0.23339828098071197,0.0,0.3893978861841209,0.225,0.0,0.38999999999999996,1.5,129.88727960931428,0.012094591013896636,True,False,False
0.625,0.008565523946741795,0.15604404608890463,0.029361058266661924,-0.09671086497481135,0.0,-0.00012517815754286118,0.2335444800629995,0.0,0.38939994922280574,0.225,0.0,0.38999999999999996,1.5,129.88731284277614,0.011924225851275741,True,False,False
0.63,0.008712422983582064,0.1556185540019556,0.029598568186706982,-0.09671086497481135,0.0,-0.00012517815754286118,0.23369186634752429,0.0,0.38940185817599504,0.225,0.0,0.38999999999999996,1.5,129.88734547727336,0.011770158577938034,True,False,False
0.635,0.008860536619712802,0.15522838018594787,0.029837026403276467,-0.09671086497481135,0.0,-0.00012517815754286118,0.2338404443427871,0.0,0.3894036334924268,0.225,0.0,0.38999999999999996,1.5,129.8873775165808,0.011631464228230498,True,False,False
0.64,0.009009866791605632,0.15486874657544228,0.0300763583186357,-0.09671086497481135,0.0,-0.00012517815754286118,0.2339902182480191,0.0,0.3894052938074457,0.225,0.0,0.38999999999999996,1.5,129.8874089650234,0.01150731060106902,True,False,False
0.645,0.009160415377586701,0.1545352075031498,0.030316495242408568,-0.09671086497481135,0.0,-0.00012517815754286118,0.23414119196972358,0.0,0.3894068564570121,0.225,0.0,0.38999999999999996,1.5,129.8874398274071,0.01139693998758294,True,False,False
0.65,0.009312183951261146,0.1542237176031863,0.030557142012708413,-0.09656248974857819,0.0,-0.0001469621139346332,0.23429336887734126,0.0,0.3894083372144619,0.225,0.0,0.38999999999999996,1.5,129.8871720286159,0.011066512754293975,True,False,False
0.655,0.009465171578961599,0.15393221401213028,0.030797521693718327,-0.09656248974857819,0.0,-0.0001469621139346332,0.234446749212179,0.0,0.3894097438341043,0.225,0.0,0.38999999999999996,1.5,129.88720164108338,0.010992402623244482,True,False,False
0.66,0.009619375872054256,0.15365986938361698,0.03103761426547271,-0.09656248974857819,0.0,-0.0001469621139346332,0.23460133139331707,0.0,0.38941107925527807,0.225,0.0,0.38999999999999996,1.5,129.88723067993584,0.010932323712068759,True,False,False
0.665,0.009774794611469902,0.153405764048737,0.03127745637857936,-0.09656248974857819,0.0,-0.0001469621139346332,0.23475711400623914,0.0,0.38941234707039507,0.225,0.0,0.38999999999999996,1.5,129.88725915059555,0.010885856196542198,True,False,False
0.67,0.009931425749809972,0.15316878674746023,0.03151708064430221,-0.09656248974857819,0.0,-0.0001469621139346332,0.23491409581008899,0.0,0.3894135516285599,0.225,0.0,0.38999999999999996,1.5,129.88728705875863,0.010852449489829143,True,False,False
0.675,0.010089267384734963,0.15294759940249972,0.031756515750194336,-0.09656248974857819,0.0,-0.0001469621139346332,0.235072275717574,0.0,0.389414698172012,0.225,0.0,0.38999999999999996,1.5,129.88731441042532,0.010831462557404983,True,False,False
0.68,0.010248317740592776,0.15274062893883641,0.03199578666358996,-0.09656248974857819,0.0,-0.0001469621139346332,0.2352316527764422,0.0,0.3894157928668089,0.225,0.0,0.38999999999999996,1.5,129.88734121191192,0.010822194496201289,True,False,False
0.685,0.010408575154274579,0.15254607333897735,0.03223491484837412,-0.09656248974857819,0.0,-0.0001469621139346332,0.23539222615210265,0.0,0.38941684277785826,0.225,0.0,0.38999999999999996,1.5,129.88736746985225,0.010823907674518456,True,False,False
0.6900000000000001,0.010570038063008365,0.1523619146647451,0.032473918459894405,-0.09656248974857819,0.0,-0.0001469621139346332,0.23555399511102423,0.0,0.38941785581689553,0.225,0.0,0.38999999999999996,1.5,129.88739319118676,0.010835845210743975,True,False,False
0.6950000000000001,0.010732704992823226,0.15218593499327585,0.03271281250436246,-0.09656248974857819,0.0,-0.0001469621139346332,0.2357169590046187,0.0,0.3894188406790776,0.225,0.0,0.38999999999999996,1.5,129.88741838314706,0.010857244154691893,True,False,False
0.7000000000000001,0.010896574546999504,0.15201573318758754,0.03295160896028219,-0.09539634119737227,0.0,-0.00016796171589932284,0.23588111725337813,0.0,0.3894198067765352,0.225,0.0,0.38999999999999996,1.5,129.8870822150557,0.009049512513603933,True,False,False
0.705,0.011061645410803981,0.1518487767655279,0.03319031186740459,-0.09539634119737227,0.0,-0.00016796171589932284,0.236046469321807,0.0,0.38942076367798834,0.225,0.0,0.38999999999999996,1.5,129.8871057139064,0.009153539680599357,True,False,False
0.71,0.011227916321299955,0.15168239445162046,0.03342893187560341,-0.09539634119737227,0.0,-0.00016796171589932284,0.23621301470999692,0.0,0.3894217214931309,0.225,0.0,0.38999999999999996,1.5,129.88712868872963,0.009263070606521838,True,False,False
0.715,0.011395386038714652,0.1515137439723094,0.033667472676423685,-0.09539634119737227,0.0,-0.00016796171589932284,0.236380752949611,0.0,0.38942269135529295,0.225,0.0,0.38999999999999996,1.5,129.88715114936866,0.00937742704994133,True,False,False
0.72,0.011564053356141324,0.15133976370770405,0.03390595539442191,-0.09539634119737227,0.0,-0.00016796171589932284,0.23654968360230508,0.0,0.3894236852332893,0.225,0.0,0.38999999999999996,1.5,129.88717310885934,0.009465068749466628,True,False,False
0.725,0.011733917140228858,0.15115632225662712,0.03414444760423894,-0.09539634119737227,0.0,-0.00016796171589932284,0.236719806456182,0.0,0.38942471912652066,0.225,0.0,0.38999999999999996,1.5,129.88719460391138,0.009463517268331278,True,False,False
0.73,0.011904976313021629,0.15095822754525196,0.034382973359817236,-0.09539634119737227,0.0,-0.00016796171589932284,0.23689112149822547,0.0,0.3894258131592885,0.225,0.0,0.38999999999999996,1.5,129.8872156758996,0.009389777934258034,True,False,False
0.735,0.012077229962109288,0.15074114713952944,0.034621462747006275,-0.09539634119737227,0.0,-0.00016796171589932284,0.23706362865659414,0.0,0.3894269841245906,0.225,0.0,0.38999999999999996,1.5,129.88723635775736,0.009259482315872855,True,False,False
0.74,0.01225067765494676,0.15050523527354862,0.03485982804691478,-0.09539634119737227,0.0,-0.00016796171589932284,0.23723732746441212,0.0,0.38942823122317066,0.225,0.0,0.38999999999999996,1.5,129.88725667576585,0.009085308209689322,True,False,False
0.745,0.01242531883069925,0.15025133383668518,0.03509802984698925,-0.09539634119737227,0.0,-0.00016796171589932284,0.23741221720533642,0.0,0.3894295509732851,0.225,0.0,0.38999999999999996,1.5,129.88727665093595,0.008877298198804055,True,False,False
0.75,0.012601152599020095,0.1499797612720341,0.0353360220411468,-0.09343474017988745,0.0,-0.00018668732000493937,0.23758829693698036,0.0,0.3894309419623606,0.225,0.0,0.38999999999999996,1.5,129.8868988027004,0.005551768737131729,True,False,False
0.755,0.012778177729027276,0.14969026138925046,0.035573754069362265,-0.09343474017988745,0.0,-0.00018668732000493937,0.23776556546197805,0.0,0.38943240462425954,0.225,0.0,0.38999999999999996,1.5,129.8869171431442,0.005397031491037173,True,False,False
0.76,0.01295639256477283,0.14938189649065145,0.035811161609799344,-0.09343474017988745,0.0,-0.00018668732000493937,0.23794402127501382,0.0,0.3894339421191341,0.225,0.0,0.38999999999999996,1.5,129.88693515157726,0.005249947316469654,True,False,False
0.765,0.0131357949440165,0.1490529439421926,0.03604818029528221,-0.09343474017988745,0.0,-0.00018668732000493937,0.2381236625071114,0.0,0.38943556115416433,0.225,0.0,0.38999999999999996,1.5,129.88695283057802,0.0051132874480221,True,False,False
0.77,0.013316382257389693,0.14870097964580897,0.03628474727536622,-0.09343474017988745,0.0,-0.00018668732000493937,0.23830448693908812,0.0,0.3894372711909305,0.225,0.0,0.38999999999999996,1.5,129.88697018293388,0.0049861119440907375,True,False,False
0.775,0.01349815146717118,0.14832293301572191,0.03652080057315395,-0.09343474017988745,0.0,-0.00018668732000493937,0.23848649200246086,0.0,0.38943908423247786,0.225,0.0,0.38999999999999996,1.5,129.88698721175368,0.004867718796446346,True,False,False
0.78,0.013681099123432778,0.14791514088405744,0.03675627904323887,-0.09343474017988745,0.0,-0.00018668732000493937,0.23866967477902784,0.0,0.389441014614857,0.225,0.0,0.38999999999999996,1.5,129.88700392038035,0.004757573322192357,True,False,False
0.785,0.013865221326432321,0.14747330931118574,0.03699107593871471,-0.09343474017988745,0.0,-0.00018668732000493937,0.23885403196218666,0.0,0.38944307916032495,0.225,0.0,0.38999999999999996,1.5,129.88702031232353,0.0046554617437857965,True,False,False
0.79,0.014050512050496558,0.14698954475598405,0.037224760089239126,-0.09343474017988745,0.0,-0.00018668732000493937,0.23903955863400214,0.0,0.3894453088755306,0.225,0.0,0.38999999999999996,1.5,129.8870363908799,0.0045629798876672956,True,False,False
0.795,0.014236963352962035,0.1464528111081345,0.037457321587616534,-0.09343474017988745,0.0,-0.00018668732000493937,0.23922624835689232,0.0,0.3894477471579044,0.225,0.0,0.38999999999999996,1.5,129.8870521590297,0.00448018675155528,True,False,False
0.8,0.014424567899768792,0.14585355352251714,0.037688826587008804,-0.09084592717973987,0.0,-0.00020269397702277789,0.23941409496456578,0.0,0.3894504315806746,0.225,0.0,0.38999999999999996,1.5,129.8866458650966,0.0003260162398015104,True,False,False
0.805,0.014613318900006588,0.14518362487860792,0.03791931526950085,-0.09084592717973987,0.0,-0.00020269397702277789,0.23960309251074452,0.0,0.38945339374690063,0.225,0.0,0.38999999999999996,1.5,129.8866598195392,0.00040718612582320984,True,False,False
0.81,0.014803209878380285,0.14443596720146723,0.03814879715897205,-0.09084592717973987,0.0,-0.00020269397702277789,0.2397932351230849,0.0,0.38945666097461784,0.225,0.0,0.38999999999999996,1.5,129.88667344476903,0.000492228872797526,True,False,False
0.8150000000000001,0.014994234468260786,0.14360431715027724,0.03837726573307117,-0.09084592717973987,0.0,-0.00020269397702277789,0.23998451686719194,0.0,0.3894602578893394,0.225,0.0,0.38999999999999996,1.5,129.88668674752077,0.0005805239528957756,True,False,False
0.8200000000000001,0.015186386344478945,0.14268310575650028,0.03860470114563826,-0.09084592717973987,0.0,-0.00020269397702277789,0.24017693168623236,0.0,0.38946420638748397,0.225,0.0,0.38999999999999996,1.5,129.88669973457385,0.0006714752829855494,True,False,False
0.8250000000000001,0.01537965914737433,0.14166736599490956,0.038831072815609824,-0.09084592717973987,0.0,-0.00020269397702277789,0.24037047334593228,0.0,0.38946852600120013,0.225,0.0,0.38999999999999996,1.5,129.88671241273417,0.0007645236062058108,True,False,False
0.8300000000000001,0.01557404642441307,0.1405526682162126,0.039056341208021476,-0.09084592717973987,0.0,-0.00020269397702277789,0.24056513539205296,0.0,0.38947323415369434,0.225,0.0,0.38999999999999996,1.5,129.88672478881657,0.0008591524940700715,True,False,False
0.835,0.015769541583843992,0.13933507381380222,0.03928045910066904,-0.09084592717973987,0.0,-0.00020269397702277789,0.24076091111663425,0.0,0.38947834634273304,0.225,0.0,0.38999999999999996,1.5,129.8867368696245,0.0009548903622929317,True,False,False
0.84,0.015966137856807765,0.13801110097183725,0.039503372524493804,-0.09084592717973987,0.0,-0.00020269397702277789,0.2409577935305862,0.0,0.3894838762766818,0.225,0.0,0.38999999999999996,1.5,129.88674866193304,0.0010513100535717856,True,False,False
0.845,0.01616382826557079,0.13657769842189596,0.03972502149756133,-0.09084592717973987,0.0,-0.00020269397702277789,0.24115577534104646,0.0,0.38948983597882575,0.225,0.0,0.38999999999999996,1.5,129.88676017247263,0.00114802698790447,True,False,False
0.85,0.01636260559635654,0.13503222465047535,0.039945340628759304,-0.08756962443564151,0.0,-0.0002127823393158532,0.2413548489324588,0.0,0.3894962358703022,0.225,0.0,0.38999999999999996,1.5,129.88635820001218,0.00391959955655953,True,False,False
0.855,0.01656246242728283,0.13337250724644023,0.04016426193668821,-0.08756962443564151,0.0,-0.0002127823393158532,0.24155500638020094,0.0,0.3895030841050422,0.225,0.0,0.38999999999999996,1.5,129.88636783728384,0.003637950759906333,True,False,False
0.86,0.016763391072626806,0.13159686000863616,0.040381664497413094,-0.08756962443564151,0.0,-0.0002127823393158532,0.24175623941406094,0.0,0.3895103869359432,0.225,0.0,0.38999999999999996,1.5,129.88637718966964,0.0033618036971895457,True,False,False
0.865,0.0169653822844516,0.1297088030374763,0.04059636359437351,-0.08756962443564151,0.0,-0.0002127823393158532,0.24195853761339958,0.0,0.3895181306478972,0.225,0.0,0.38999999999999996,1.5,129.88638626634437,0.0030910586795477243,True,False,False
0.87,0.017168424011058284,0.1277200505279473,0.040807985909719055,-0.08756962443564151,0.0,-0.0002127823393158532,0.24216188691161797,0.0,0.38952626942644714,0.225,0.0,0.38999999999999996,1.5,129.88639507611552,0.0028251821884783465,True,False,False
0.875,0.01737250368775236,0.12563993271984597,0.04101664970072862,-0.08756962443564151,0.0,-0.0002127823393158532,0.2423662731315645,0.0,0.3895347668317173,0.225,0.0,0.38999999999999996,1.5,129.88640362740887,0.002563768521570836,True,False,False
0.88,0.017577608590684766,0.12347522153644783,0.04122243108408989,-0.08756962443564151,0.0,-0.0002127823393158532,0.24257168232095805,0.0,0.3895435964738902,0.225,0.0,0.38999999999999996,1.5,129.88641192832137,0.0023065781135724744,True,False,False
0.885,0.017783725855054937,0.121230986070965,0.04142537501835102,-0.08756962443564151,0.0,-0.0002127823393158532,0.24277810064589828,0.0,0.3895527386535135,0.225,0.0,0.38999999999999996,1.5,129.88641998666355,0.0020535017445948087,True,False,False
0.89,0.01799084247970131,0.11891115591806876,0.04162550399581476,-0.08756962443564151,0.0,-0.0002127823393158532,0.24298551431447538,0.0,0.38956217814898436,0.225,0.0,0.38999999999999996,1.5,129.88642780999643,0.0018045298567027565,True,False,False
0.895,0.018198945325774672,0.11651889375313922,0.0418228246051594,-0.08756962443564151,0.0,-0.0002127823393158532,0.24319390952263334,0.0,0.38957190275314135,0.225,0.0,0.38999999999999996,1.5,129.8864354056548,0.001559727411315534,True,False,False
0.9,0.018408021113552313,0.1140568427945394,0.042017332359279125,-0.08373845027880526,0.0,-0.0002152775019188698,0.24340327241637277,0.0,0.3895819023011772,0.225,0.0,0.38999999999999996,1.5,129.88606863437533,0.007358316671091283,True,False,False
0.905,0.01861805647525328,0.1115273643180461,0.04220902069454548,-0.08373845027880526,0.0,-0.0002152775019188698,0.2436135891067254,0.0,0.389592167336136,0.225,0.0,0.38999999999999996,1.5,129.8860745003688,0.006905520959364517,True,False,False
0.91,0.01882903794884333,0.10893257344716312,0.04239788304478423,-0.08373845027880526,0.0,-0.0002152775019188698,0.24382484566579582,0.0,0.38960268936843967,0.225,0.0,0.38999999999999996,1.5,129.88608014783065,0.006463063333826024,True,False,False
0.915,0.019040951893788172,0.10627432569947941,0.04258389954632755,-0.08373845027880526,0.0,-0.0002152775019188698,0.24403702804742353,0.0,0.3896134613303102,0.225,0.0,0.38999999999999996,1.5,129.88608558563067,0.0060310453855023545,True,False,False
0.92,0.019253784519268465,0.10355434147059953,0.04276704759259042,-0.08373845027880526,0.0,-0.0002152775019188698,0.24425012209195016,0.0,0.3896244766858971,0.225,0.0,0.38999999999999996,1.5,129.88609082231233,0.005609586130326409,True,False,False
0.925,0.019467521883605295,0.10077424399580633,0.04294730290825922,-0.08373845027880526,0.0,-0.0002152775019188698,0.24446411352033262,0.0,0.3896357292816377,0.225,0.0,0.38999999999999996,1.5,129.88609586610744,0.0051988147502010675,True,False,False
0.93,0.019682149894880173,0.097935585129093,0.043124640305905404,-0.08373845027880526,0.0,-0.0002152775019188698,0.24467898793103468,0.0,0.3896472132446885,0.225,0.0,0.38999999999999996,1.5,129.88610072494836,0.004798865345286316,True,False,False
0.935,0.01989765431247644,0.09503986277878385,0.04329903421475353,-0.08373845027880526,0.0,-0.0002152775019188698,0.24489473079889149,0.0,0.38965892291420995,0.225,0.0,0.38999999999999996,1.5,129.88610540647915,0.00440987314485369,True,False,False
0.9400000000000001,0.02011402074928937,0.09208853255264622,0.04347045904637019,-0.08373845027880526,0.0,-0.0002152775019188698,0.24511132747534006,0.0,0.3896708527951275,0.225,0.0,0.38999999999999996,1.5,129.8861099180661,0.004031971773643218,True,False,False
0.9450000000000001,0.020331234674396695,0.08908301556155657,0.04363888944386793,-0.08373845027880526,0.0,-0.0002152775019188698,0.2453287631895725,0.0,0.38968299752733976,0.225,0.0,0.38999999999999996,1.5,129.8861142668075,0.0036652912817240098,True,False,False
0.9500000000000001,0.020549281416039577,0.08602470347179736,0.04380430044807711,-0.07946219219891723,0.0,-0.00020800339541410858,0.24554702305030396,0.0,0.38969535186547827,0.225,0.0,0.38999999999999996,1.5,129.8858212383165,0.010050834755019167,True,False,False
0.9550000000000001,0.020768146220159486,0.08291504280913907,0.04396667413917165,-0.07946219219891723,0.0,-0.00020800339541410858,0.2457660920941739,0.0,0.38970791001692495,0.225,0.0,0.38999999999999996,1.5,129.88582415024297,0.009465049173293886,True,False,False
0.96,0.02098781425743723,0.07975545432191222,0.04412599850283189,-0.07946219219891723,0.0,-0.00020800339541410858,0.24598595530306627,0.0,0.3897206662884821,0.225,0.0,0.38999999999999996,1.5,129.88582692110467,0.008897209025459183,True,False,False
0.965,0.021208270540770072,0.07654723649224733,0.044282251000958714,-0.07946219219891723,0.0,-0.00020800339541410858,0.24620659752970114,0.0,0.3897336157966972,0.225,0.0,0.38999999999999996,1.5,129.88582955837865,0.00834730580829409,True,False,False
0.97,0.02142949995228976,0.0732916494031481,0.04443540887279659,-0.07946219219891723,0.0,-0.00020800339541410858,0.2464280035134187,0.0,0.38974675380732826,0.225,0.0,0.38999999999999996,1.5,129.88583206917318,0.007815330473182336,True,False,False
0.975,0.021651487244649867,0.06998992041523774,0.04458544936403804,-0.07946219219891723,0.0,-0.00020800339541410858,0.24665015788029548,0.0,0.3897600757129521,0.225,0.0,0.38999999999999996,1.5,129.88583446024572,0.007301270771473051,True,False,False
0.98,0.021874217042778327,0.06664324817888616,0.04473234988694646,-0.07946219219891723,0.0,-0.00020800339541410858,0.24687304514390446,0.0,0.3897735770168648,0.225,0.0,0.38999999999999996,1.5,129.88583673802026,0.006805109477241406,True,False,False
0.985,0.022097673845973897,0.06325280550279273,0.04487608813008731,-0.07946219219891723,0.0,-0.00020800339541410858,0.2470966497065476,0.0,0.3897872533216028,0.225,0.0,0.38999999999999996,1.5,129.8858389086033,0.006326823211326656,True,False,False
0.99,0.022321842030221584,0.059819741397121935,0.04501664213148243,-0.07946219219891723,0.0,-0.00020800339541410858,0.24732095586080005,0.0,0.38980110032080734,0.225,0.0,0.38999999999999996,1.5,129.88584097779938,0.005866381678364452,True,False,False
0.995,0.022546705850639448,0.05634518245937723,0.04515399032539429,-0.07946219219891723,0.0,-0.00020800339541410858,0.2475459477912529,0.0,0.3898151137934911,0.225,0.0,0.38999999999999996,1.5,129.88584295112597,0.005423747189038751,True,False,False
1.0,0.022772249443996244,0.05283023384606396,0.045288111570247834,-0.07491102686010365,0.0,-0.00019065749440748137,0.24777160957637648,0.0,0.3898292896000043,0.225,0.0,0.38999999999999996,1.5,129.88564537380972,0.012173263935095782,True,False,False
1.0050000000000001,0.02299845688468087,0.049276066001320534,0.045418993538398796,-0.07491102686010365,0.0,-0.00019065749440748137,0.2479979252399697,0.0,0.38984362310499865,0.225,0.0,0.38999999999999996,1.5,129.88564630680688,0.011508624696793382,True,False,False
1.01,0.023225312196634536,0.04568382683110349,0.04554662723019271,-0.07491102686010365,0.0,-0.00019065749440748137,0.24822487876804936,0.0,0.3898581097587872,0.225,0.0,0.38999999999999996,1.5,129.88564717444305,0.010868410772314454,True,False,False
1.0150000000000001,0.023452799270475184,0.042054538828728484,0.045670993659412844,-0.07491102686010365,0.0,-0.00019065749440748137,0.2484524540288252,0.0,0.3898727457386103,0.225,0.0,0.38999999999999996,1.5,129.88564798149375,0.010252432407480874,True,False,False
1.02,0.02368090188568719,0.0383891879197542,0.04579207334594306,-0.07491102686010365,0.0,-0.00019065749440748137,0.24868063478932229,0.0,0.3898875273620723,0.225,0.0,0.38999999999999996,1.5,129.885648732404,0.009660499600242973,True,False,False
1.025,0.02390960371078995,0.0346887294898322,0.04590984656161157,-0.07491102686010365,0.0,-0.00019065749440748137,0.24890940471471465,0.0,0.38990245106355387,0.225,0.0,0.38999999999999996,1.5,129.8856494313098,0.009092419653399346,True,False,False
1.03,0.024138888304060215,0.030954092830195918,0.04602429350835959,-0.07491102686010365,0.0,-0.00019065749440748137,0.2491387473683461,0.0,0.3899175133764806,0.225,0.0,0.38999999999999996,1.5,129.88565008205913,0.008547995596092742,True,False,False
1.035,0.024368739114689453,0.027186184528812565,0.04613539444663066,-0.07491102686010365,0.0,-0.00019065749440748137,0.24936864621228474,0.0,0.3899327109199332,0.225,0.0,0.38999999999999996,1.5,129.8856506882309,0.008027025196171307,True,False,False
1.04,0.02459913948424419,0.023385890979513803,0.04624312978737616,-0.07491102686010365,0.0,-0.00019065749440748137,0.2495990846082547,0.0,0.3899480403884866,0.225,0.0,0.38999999999999996,1.5,129.8856512531531,0.007529300374575877,True,False,False
1.045,0.024830072648335623,0.019554080391424776,0.04634748015762599,-0.07491102686010365,0.0,-0.00019065749440748137,0.24983004581883345,0.0,0.38996349854445644,0.225,0.0,0.38999999999999996,1.5,129.8856517799202,0.007054606894109404,True,False,False
1.05,0.025061521738433866,0.015691604189344757,0.04644842644696616,-0.07027348884206144,0.0,-0.00016388881693344087,0.25006151300883755,0.0,0.3899790822118887,0.225,0.0,0.38999999999999996,1.5,129.8855622811891,0.013913401199593474,True,False,False
1.055,0.025293469834673767,0.011799385763476477,0.04654596059459236,-0.07027348884206144,0.0,-0.00016388881693344087,0.25029346929763757,0.0,0.38999478780107344,0.225,0.0,0.38999999999999996,1.5,129.88556219050486,0.01322173556452622,True,False,False
1.06,0.02552589998143921,0.007878331585690986,0.04664007348723847,-0.07027348884206144,0.0,-0.00016388881693344087,0.2505258977756404,0.0,0.39001061178570856,0.225,0.0,0.38999999999999996,1.5,129.88556209652455,0.012559327585092364,True,False,False
1.065,0.02575879510609632,0.003929226979851,0.04673074785426365,-0.07027348884206144,0.0,-0.00016388881693344087,0.2507587814220609,0.0,0.390026551239965,0.225,0.0,0.38999999999999996,1.5,129.88556200077764,0.011925815073839524,True,False,False
1.07,0.02599213803726898,4.717437415981413e-05,0.046817965797829805,-0.07027348884206144,0.0,-0.00016388881693344087,0.2509921031219627,0.0,0.39004260335318985,0.225,0.0,0.38999999999999996,1.5,129.88556190456805,0.011320837660268833,True,False,False
1.075,0.026225911520834908,0.004050139033340859,0.04690171990555843,-0.07027348884206144,0.0,-0.00016388881693344087,0.2512258456817987,0.0,0.390058765407709,0.225,0.0,0.38999999999999996,1.5,129.88556180899565,0.010744034264372345,True,False,False
1.08,0.026460098289877953,0.00807896354524673,0.04698200730771348,-0.07027348884206144,0.0,-0.00016388881693344087,0.251459991898957,0.0,0.39007503477281696,0.225,0.0,0.38999999999999996,1.5,129.88556171497615,0.01019504150602527,True,False,False
1.085,0.026694681007738905,0.012132956552458085,0.0470588096854489,-0.07027348884206144,0.0,-0.00016388881693344087,0.2516945245045097,0.0,0.3900914088784987,0.225,0.0,0.38999999999999996,1.5,129.8855616232598,0.009673493119994598,True,False,False
1.09,0.02692964224137507,0.016211440132783164,0.04713210882686244,-0.07027348884206144,0.0,-0.00016388881693344087,0.25192942613633534,0.0,0.3901078851987607,0.225,0.0,0.38999999999999996,1.5,129.88556153444853,0.009179019351955298,True,False,False
1.095,0.027164964462818117,0.020313746762968675,0.047201886709496016,-0.07027348884206144,0.0,-0.00016388881693344087,0.2521646793403706,0.0,0.3901244612430148,0.225,0.0,0.38999999999999996,1.5,129.8855614490118,0.008711246724487452,True,False,False
1.1,0.027400630050846912,0.024439217315957,0.04726812556217876,-0.06572976168392985,0.0,-0.00012898617630825282,0.25240026657210385,0.0,0.39014113454936217,0.225,0.0,0.38999999999999996,1.5,129.8855841050663,0.015432690837881242,True,False,False
1.105,0.02763662134079853,0.02858711440983623,0.047330821136726,-0.06572976168392985,0.0,-0.00012898617630825282,0.2526361702482155,0.0,0.3901579023316154,0.225,0.0,0.38999999999999996,1.5,129.88558378110778,0.014760121019180958,True,False,False
1.11,0.02787292064214999,0.03275670899756171,0.04738996287965676,-0.06572976168392985,0.0,-0.00012898617630825282,0.2528723727627403,0.0,0.390174761833483,0.225,0.0,0.38999999999999996,1.5,129.88558349578696,0.014119876634490588,True,False,False
1.115,0.028109510161007323,0.03694738249468025,0.047445534920024075,-0.06572976168392985,0.0,-0.00012898617630825282,0.25310885640654485,0.0,0.3901917107404843,0.225,0.0,0.38999999999999996,1.5,129.8855832475463,0.013511449159542097,True,False,False
1.12,0.028346372015983022,0.041158537814628,0.047497520802008385,-0.06572976168392985,0.0,-0.00012898617630825282,0.25334560338455875,0.0,0.3902087468174543,0.225,0.0,0.38999999999999996,1.5,129.88558303474014,0.012934334474688764,True,False,False
1.125,0.028583488237847673,0.045389593038851865,0.04754590376977565,-0.06572976168392985,0.0,-0.00012898617630825282,0.2535825958153266,0.0,0.39022586788361935,0.225,0.0,0.38999999999999996,1.5,129.88558285565296,0.012388030578193057,True,False,False
1.1300000000000001,0.02882084076991822,0.04963997664604493,0.047590666979737344,-0.06572976168392985,0.0,-0.00012898617630825282,0.2538198157313341,0.0,0.39024307179377205,0.225,0.0,0.38999999999999996,1.5,129.8855827085152,0.01187203615359305,True,False,False
1.135,0.029058411469041163,0.053909123943544524,0.04763179365904101,-0.06572976168392985,0.0,-0.00012898617630825282,0.25405724507995503,0.0,0.39026035642402757,0.225,0.0,0.38999999999999996,1.5,129.88558259151827,0.011385849714098777,True,False,False
1.1400000000000001,0.029296182107013416,0.0581964743366791,0.047669267224414134,-0.06572976168392985,0.0,-0.00012898617630825282,0.2542948657248527,0.0,0.39027771966106656,0.225,0.0,0.38999999999999996,1.5,129.88558250282793,0.010928969135889902,True,False,False
1.145,0.02953413437233944,0.06250146926641492,0.04770307137186523,-0.06572976168392985,0.0,-0.00012898617630825282,0.25453265944772924,0.0,0.39029515939397447,0.225,0.0,0.38999999999999996,1.5,129.88558244059612,0.010500891453272434,True,False,False
1.1500000000000001,0.029772249872237366,0.06682355068756443,0.04773319014499853,-0.06144032977001605,0.0,-8.771878988366354e-05,0.2547706079503307,0.0,0.3903126735080649,0.225,0.0,0.38999999999999996,1.5,129.88571278454327,0.016863199900308413,True,False,False
1.155,0.030010510179667105,0.0711620792128866,0.047759623440322654,-0.06144032977001605,0.0,-8.771878988366354e-05,0.2550086929038563,0.0,0.39033025966442697,0.225,0.0,0.38999999999999996,1.5,129.8857127712415,0.016248535537141215,True,False,False
1.16,0.030248896851234195,0.07551641594540656,0.04778235944232767,-0.06144032977001605,0.0,-8.771878988366354e-05,0.25524689596480443,0.0,0.390347915522654,0.225,0.0,0.38999999999999996,1.5,129.88571281699294,0.01566754872656178,True,False,False
1.165,0.03048739135515612,0.07988601886432414,0.04780138439064965,-0.06144032977001605,0.0,-8.771878988366354e-05,0.25548519869955627,0.0,0.39036563901736687,0.225,0.0,0.38999999999999996,1.5,129.8857129178055,0.015119619896426276,True,False,False
1.17,0.030725975086137135,0.08427035910616432,0.04781668409888392,-0.06144032977001605,0.0,-8.771878988366354e-05,0.2557235826013814,0.0,0.3903834281288777,0.225,0.0,0.38999999999999996,1.5,129.88571306973643,0.014604136393948133,True,False,False
1.175,0.03096462936552242,0.0886689151364926,0.04782824423139741,-0.06144032977001605,0.0,-8.771878988366354e-05,0.25596202909073196,0.0,0.3904012808602979,0.225,0.0,0.38999999999999996,1.5,129.88571326890457,0.014120490338262966,True,False,False
1.18,0.03120333544220194,0.09308116845605738,0.047836050510001275,-0.06144032977001605,0.0,-8.771878988366354e-05,0.2562005195162787,0.0,0.3904191952204974,0.225,0.0,0.38999999999999996,1.5,129.88571351150065,0.013668077276026742,True,False,False
1.185,0.03144207449411423,0.09750660039156422,0.04784008886855855,-0.06144032977001605,0.0,-8.771878988366354e-05,0.25643903515653776,0.0,0.3904371692114171,0.225,0.0,0.38999999999999996,1.5,129.88571379379687,0.013246295378419138,True,False,False
1.19,0.03168082763019917,0.10194468973528285,0.04784034556909517,-0.06144032977001605,0.0,-8.771878988366354e-05,0.25667755722193586,0.0,0.3904552008187285,0.225,0.0,0.38999999999999996,1.5,129.88571411215455,0.012854545001948695,True,False,False
1.195,0.03191957589268878,0.10639491102056746,0.0478368072895118,-0.06144032977001605,0.0,-8.771878988366354e-05,0.2569160668572028,0.0,0.3904732880050031,0.225,0.0,0.38999999999999996,1.5,129.88571446303132,0.012492228493176546,True,False,False
1.2,0.03215830025965768,0.11085673328888028,0.04782946119036,-0.05753890064367838,0.0,-4.219834422569205e-05,0.25715454514401376,0.0,0.39049142870477865,0.225,0.0,0.38999999999999996,1.5,129.88593993816593,0.0183092232214615,True,False,False
1.205,0.03239698168920739,0.11532954593599379,0.04781831213387468,-0.05753890064367838,0.0,-4.219834422569205e-05,0.257392973146613,0.0,0.39050962073510276,0.225,0.0,0.38999999999999996,1.5,129.88594051300686,0.017783258977092375,True,False,False
1.21,0.03263560113609986,0.11981273326646258,0.04780334830766976,-0.05753890064367838,0.0,-4.219834422569205e-05,0.2576313319271658,0.0,0.3905278618888804,0.225,0.0,0.38999999999999996,1.5,129.88594114826168,0.017290758294349985,True,False,False
1.215,0.03287413948645416,0.12430576222748216,0.047784559405445945,-0.05753890064367838,0.0,-4.219834422569205e-05,0.2578696024781038,0.0,0.39054615007669746,0.225,0.0,0.38999999999999996,1.5,129.88594183840627,0.01683102842765462,True,False,False
1.22,0.033112577572558026,0.1288081066276517,0.047761934900431964,-0.05753890064367838,0.0,-4.219834422569205e-05,0.25810776573830346,0.0,0.39056448322941617,0.225,0.0,0.38999999999999996,1.5,129.8859425780783,0.016403385648926513,True,False,False
1.225,0.03335089617371044,0.13331924206966697,0.04773546429998586,-0.05753890064367838,0.0,-4.219834422569205e-05,0.25834580259419887,0.0,0.3905828592783286,0.225,0.0,0.38999999999999996,1.5,129.88594336208286,0.0160071532843999,True,False,False
1.23,0.03358907601777478,0.1378386422920255,0.04770513733530553,-0.05753890064367838,0.0,-4.219834422569205e-05,0.25858369388156355,0.0,0.3906012761406243,0.225,0.0,0.38999999999999996,1.5,129.88594418539688,0.015641660479731246,True,False,False
1.235,0.033827097783297164,0.14236577649757237,0.04767094410289111,-0.05753890064367838,0.0,-4.219834422569205e-05,0.2588214203878218,0.0,0.39061973170887093,0.225,0.0,0.38999999999999996,1.5,129.8859450431722,0.015306241455388125,True,False,False
1.24,0.03406494210204346,0.14690010744725246,0.04763287517026284,-0.05753890064367838,0.0,-4.219834422569205e-05,0.25905896285474816,0.0,0.390638223843536,0.225,0.0,0.38999999999999996,1.5,129.88594593073813,0.015000235090788558,True,False,False
1.245,0.03430258956185578,0.15144109015828833,0.04759092165524674,-0.05753890064367838,0.0,-4.219834422569205e-05,0.2592963019814607,0.0,0.3906567503677901,0.225,0.0,0.38999999999999996,1.5,129.88594684360294,0.01472298472820379,True,False,False
1.25,0.03454002070974211,0.15598817102605975,0.04754507528571543,-0.054128453384728964,0.0,5.265671623290617e-06,0.25953341842762484,0.0,0.3906753090640551,0.225,0.0,0.38999999999999996,1.5,129.88624803694827,0.01985033567839245,True,False,False
1.2550000000000001,0.0347772160928746,0.1605407233491374,0.047495346608666646,-0.054128453384728964,0.0,5.265671623290617e-06,0.25977029285392184,0.0,0.3906938977035617,0.225,0.0,0.38999999999999996,1.5,129.8862492394719,0.019435691613077313,True,False,False
1.26,0.03501415627268368,0.16509811258192478,0.047441725487408715,-0.054128453384728964,0.0,5.265671623290617e-06,0.260006905936633,0.0,0.39071251402206775,0.225,0.0,0.38999999999999996,1.5,129.88625048946702,0.01905293963049006,True,False,False
1.2650000000000001,0.035250821767217826,0.16965977321826248,0.04738420644175966,-0.054128453384728964,0.0,5.265671623290617e-06,0.26024323830965657,0.0,0.3907311557377973,0.225,0.0,0.38999999999999996,1.5,129.88625178081236,0.018701350638091002,True,False,False
1.27,0.03548719306633831,0.17422514282634735,0.047322783978396045,-0.054128453384728964,0.0,5.265671623290617e-06,0.26047927057922793,0.0,0.3907498205742055,0.225,0.0,0.38999999999999996,1.5,129.88625310762185,0.018380206049271736,True,False,False
1.2750000000000001,0.035723250633249,0.1787936579395716,0.04725745281317009,-0.054128453384728964,0.0,5.265671623290617e-06,0.26071498332576176,0.0,0.39076850624362125,0.225,0.0,0.38999999999999996,1.5,129.8862544642445,0.018088796046458924,True,False,False
1.28,0.03595897490665818,0.1833647510527314,0.047188208035934626,-0.054128453384728964,0.0,5.265671623290617e-06,0.26095035710626285,0.0,0.3907872104355562,0.225,0.0,0.38999999999999996,1.5,129.88625584526272,0.017826418479694253,True,False,False
1.285,0.036194346303437756,0.18793784852687637,0.04711504523257277,-0.054128453384728964,0.0,5.265671623290617e-06,0.26118537245718376,0.0,0.39080593080848514,0.225,0.0,0.38999999999999996,1.5,129.8862572454911,0.017592378192557823,True,False,False
1.29,0.03642934522164834,0.19251236920090878,0.04703796057528056,-0.054128453384728964,0.0,5.265671623290617e-06,0.26142000989760544,0.0,0.3908246649843147,0.225,0.0,0.38999999999999996,1.5,129.88625865997338,0.01738598663421745,True,False,False
1.295,0.036663952043836254,0.19708772345431746,0.046956950889338385,-0.054128453384728964,0.0,5.265671623290617e-06,0.2616542499326564,0.0,0.39084341054480193,0.225,0.0,0.38999999999999996,1.5,129.88626008397972,0.017206561662356436,True,False,False
1.3,0.036898147140528616,0.20166331269038026,0.04687201370246558,-0.05127966181199309,0.0,5.231960213770135e-05,0.2618880730571005,0.0,0.3908621650295142,0.225,0.0,0.38999999999999996,1.5,129.88661266072367,0.021544521829245752,True,False,False
1.305,0.03713191090746611,0.206238475788289,0.046783165582233846,-0.05127966181199309,0.0,5.231960213770135e-05,0.26212145978958407,0.0,0.39088092606403413,0.225,0.0,0.38999999999999996,1.5,129.88661435150365,0.021255831712679932,True,False,False
1.31,0.037365223776334736,0.210812543718516,0.04669039975773542,-0.05127966181199309,0.0,5.231960213770135e-05,0.26235439068613264,0.0,0.39089969123777973,0.225,0.0,0.38999999999999996,1.5,129.88661606808367,0.020996342733125006,True,False,False
1.315,0.0375980661654894,0.2153849038606697,0.04659371666524221,-0.05127966181199309,0.0,5.231960213770135e-05,0.26258684629302176,0.0,0.39091845801715475,0.225,0.0,0.38999999999999996,1.5,129.88661780455172,0.02076532269815958,True,False,False
1.32,0.03783041849551633,0.21995494526482412,0.046493116909696465,-0.05127966181199309,0.0,5.231960213770135e-05,0.2628188071594895,0.0,0.39093722386826635,0.225,0.0,0.38999999999999996,1.5,129.8866195552619,0.0205620507431426,True,False,False
1.325,0.038062261191331506,0.22452205538944014,0.04638860144836768,-0.05127966181199309,0.0,5.231960213770135e-05,0.2630502538401272,0.0,0.39095598624416167,0.225,0.0,0.38999999999999996,1.5,129.88662131482997,0.020385815855834138,True,False,False
1.33,0.038293574684800914,0.229085617835252,0.04628017172593868,-0.05127966181199309,0.0,5.231960213770135e-05,0.26328116689771935,0.0,0.3909747425759563,0.225,0.0,0.38999999999999996,1.5,129.88662307812766,0.020235915931269444,True,False,False
1.335,0.03852433941777467,0.23364501079449318,0.04616782977341167,-0.05127966181199309,0.0,5.231960213770135e-05,0.2635115269064421,0.0,0.3909934902668343,0.225,0.0,0.38999999999999996,1.5,129.88662484027714,0.020111657182929794,True,False,False
1.34,0.038754535845414925,0.23819960608495389,0.04605157828015433,-0.05127966181199309,0.0,5.231960213770135e-05,0.26374131445530863,0.0,0.39101222668826974,0.225,0.0,0.38999999999999996,1.5,129.88662659664558,0.020012353792207546,True,False,False
1.345,0.038984144439737224,0.24274876858447736,0.04593142064603802,-0.05127966181199309,0.0,5.231960213770135e-05,0.26397051015179174,0.0,0.3910309491778901,0.225,0.0,0.38999999999999996,1.5,129.88662834283832,0.019937327716601408,True,False,False
1.35,0.03921314569330487,0.24729185598689304,0.04580736101881668,-0.04903110532415207,0.0,9.671666394874513e-05,0.26419909462556945,0.0,0.3910496550385754,0.225,0.0,0.38999999999999996,1.5,129.88700537254118,0.02343077285261822,True,False,False
1.355,0.0394415201519848,0.25182817678291486,0.045679421833166534,-0.04903110532415207,0.0,9.671666394874513e-05,0.26442704855587484,0.0,0.39106834173938426,0.225,0.0,0.38999999999999996,1.5,129.88700730465598,0.023275080007253493,True,False,False
1.36,0.039669248421981204,0.2563570334933559,0.045547601152597435,-0.04903110532415207,0.0,9.671666394874513e-05,0.2646543526835832,0.0,0.39108700672070335,0.225,0.0,0.38999999999999996,1.5,129.88700923742073,0.023145025350623197,True,False,False
1.365,0.03989631112943086,0.26087777348393393,0.04541190598863935,-0.04903110532415207,0.0,9.671666394874513e-05,0.2648809877754404,0.0,0.3911056472274298,0.225,0.0,0.38999999999999996,1.5,129.88701116571767,0.023039901921621454,True,False,False
1.37,0.0401226889359519,0.2653897460566983,0.04527234366435126,-0.04903110532415207,0.0,9.671666394874513e-05,0.26510693463437807,0.0,0.3911242605057915,0.225,0.0,0.38999999999999996,1.5,129.88701308468865,0.02295901428251804,True,False,False
1.375,0.04034836254112993,0.26989230004788345,0.04512892195615334,-0.04903110532415207,0.0,9.671666394874513e-05,0.2653321741022339,0.0,0.3911428437940281,0.225,0.0,0.38999999999999996,1.5,129.88701498972765,0.022901677329703163,True,False,False
1.3800000000000001,0.04057331268540881,0.2743847822157969,0.04498164919693033,-0.04903110532415207,0.0,9.671666394874513e-05,0.2655566870628068,0.0,0.39116139431612085,0.225,0.0,0.38999999999999996,1.5,129.88701687647335,0.02286721552270119,True,False,False
1.385,0.04079752015329351,0.2788665361843186,0.04483053435027711,-0.04903110532415207,0.0,9.671666394874513e-05,0.26578045444516984,0.0,0.391179909277791,0.225,0.0,0.38999999999999996,1.5,129.88701874080118,0.022854962394022543,True,False,False
1.3900000000000001,0.04102096577677003,0.28333690184580623,0.04467558706331539,-0.04903110532415207,0.0,9.671666394874513e-05,0.266003457227158,0.0,0.39119838586421973,0.225,0.0,0.38999999999999996,1.5,129.88702057881588,0.02286426024664638,True,False,False
1.395,0.04124363043887794,0.2877952150686482,0.04451681770362555,-0.04903110532415207,0.0,9.671666394874513e-05,0.26622567643897393,0.0,0.3912168212390358,0.225,0.0,0.38999999999999996,1.5,129.8870223868438,0.022894459976309407,True,False,False
1.4000000000000001,0.04146549507738387,0.2922408076550314,0.04435423738440163,-0.04739078592596513,0.0,0.00013645379179904384,0.26644709316686793,0.0,0.3912352125442676,0.225,0.0,0.38999999999999996,1.5,129.88739673812458,0.0255309355845402,True,False,False
1.405,0.041686540712339154,0.2966729769383787,0.04418787379560594,-0.04739078592596513,0.0,0.00013645379179904384,0.26666768857333734,0.0,0.3912535571454398,0.225,0.0,0.38999999999999996,1.5,129.88739862614452,0.025508219764223794,True,False,False
1.41,0.04190674844953327,0.3010910173489021,0.04401773095298586,-0.04739078592596513,0.0,0.00013645379179904384,0.2668874439075182,0.0,0.3912718523919772,0.225,0.0,0.38999999999999996,1.5,129.8874004903758,0.025506952380508534,True,False,False
1.415,0.04212609944927063,0.30549425756216236,0.04384382263993184,-0.04739078592596513,0.0,0.00013645379179904384,0.2671063404806585,0.0,0.3912900953982934,0.225,0.0,0.38999999999999996,1.5,129.88740232682895,0.025526474623502885,True,False,False
1.42,0.042344574941281826,0.3098820294432526,0.04366616305146541,-0.04739078592596513,0.0,0.00013645379179904384,0.26732435967384716,0.0,0.3913082832860866,0.225,0.0,0.38999999999999996,1.5,129.88740413173988,0.025566138873531624,True,False,False
1.425,0.04256215622740946,0.3142536664299255,0.04348476689381188,-0.04739078592596513,0.0,0.00013645379179904384,0.26754148294085595,0.0,0.39132641317818884,0.225,0.0,0.38999999999999996,1.5,129.88740590156155,0.025625307809361477,True,False,False
1.43,0.0427788246845756,0.3186085024988465,0.04329964945543701,-0.04739078592596513,0.0,0.00013645379179904384,0.26775769181120535,0.0,0.39134448219461543,0.225,0.0,0.38999999999999996,1.5,129.88740763295587,0.02570335382139019,True,False,False
1.435,0.04299456176795686,0.32294587154794435,0.043110826656822546,-0.04739078592596513,0.0,0.00013645379179904384,0.26797296789339253,0.0,0.39136248745025876,0.225,0.0,0.38999999999999996,1.5,129.88740932278552,0.025799658629387136,True,False,False
1.44,0.04320934901430248,0.32726510707291645,0.042918315084458876,-0.04739078592596513,0.0,0.00013645379179904384,0.26818729287822723,0.0,0.3913804260538057,0.225,0.0,0.38999999999999996,1.5,129.88741096810656,0.025913613036702386,True,False,False
1.445,0.04342316804533957,0.3315655420961935,0.042722132013142726,-0.04739078592596513,0.0,0.00013645379179904384,0.26840064854222695,0.0,0.39139829510758406,0.225,0.0,0.38999999999999996,1.5,129.88741256615987,0.026044616775069362,True,False,False
1.45,0.04363600057123464,0.3358465092549005,0.04252229541961231,-0.04633860879310833,0.0,0.00016988525495694013,0.26861301675104776,0.0,0.39141609170805336,0.225,0.0,0.38999999999999996,1.5,129.88775909886795,0.027850918460832787,True,False,False
1.455,0.04384782841234235,0.340107321516284,0.042318837300145566,-0.04633860879310833,0.0,0.00016988525495694013,0.26882437947269366,0.0,0.39143381320665,0.225,0.0,0.38999999999999996,1.5,129.88776067488098,0.027954724496906055,True,False,False
1.46,0.04405863349956074,0.3443472924587953,0.0421117683333438,-0.04633860879310833,0.0,0.00016988525495694013,0.2690347187859857,0.0,0.3914514569534685,0.225,0.0,0.38999999999999996,1.5,129.8877622061719,0.02807539892919856,True,False,False
1.465,0.04426839785236366,0.3485657601500456,0.041901108855570635,-0.04633860879310833,0.0,0.00016988525495694013,0.26924401686663146,0.0,0.3914690200544534,0.225,0.0,0.38999999999999996,1.5,129.88776368998276,0.028212348621007535,True,False,False
1.47,0.04447710359234556,0.35276206744428024,0.041686879674197444,-0.04633860879310833,0.0,0.00016988525495694013,0.2694522559923844,0.0,0.3914864996305959,0.225,0.0,0.38999999999999996,1.5,129.8877651237312,0.02836499088598141,True,False,False
1.475,0.044684732945935585,0.35693556109643776,0.04146910212676457,-0.04633860879310833,0.0,0.00016988525495694013,0.26965941854583203,0.0,0.3915038928145901,0.225,0.0,0.38999999999999996,1.5,129.88776650500307,0.028532752890753788,True,False,False
1.48,0.044891268247272215,0.361085591214478,0.04124779812161651,-0.04633860879310833,0.0,0.00016988525495694013,0.2698654870173026,0.0,0.39152119674887936,0.225,0.0,0.38999999999999996,1.5,129.8877678315449,0.02871507125298828,True,False,False
1.485,0.045096691941189516,0.3652115109893654,0.04102299016474258,-0.04633860879310833,0.0,0.00016988525495694013,0.2700704440078523,0.0,0.3915384085847392,0.225,0.0,0.38999999999999996,1.5,129.8877691012572,0.028911391770233212,True,False,False
1.49,0.04530098658626949,0.3693126766134885,0.04079470137638582,-0.04633860879310833,0.0,0.00016988525495694013,0.27027427223229283,0.0,0.39155552548214656,0.225,0.0,0.38999999999999996,1.5,129.88777031218714,0.029121169235801096,True,False,False
1.495,0.0455041348579298,0.37338844734462495,0.04056295550008048,-0.04633860879310833,0.0,0.00016988525495694013,0.27047695452223713,0.0,0.3915725446101902,0.225,0.0,0.38999999999999996,1.5,129.8877714625221,0.02934386731218677,True,False,False
1.5,0.045706119551520256,0.3774381856698268,0.040327776906091156,-0.04582959542346935,0.0,0.00019580714902185594,0.27067847382913884,0.0,0.3915894631479025,0.225,0.0,0.38999999999999996,1.5,129.8880688225365,0.030381526353705907,True,False,False
1.5050000000000001,0.04590692359787084,0.3814612482302308,0.04008920077476095,-0.04582959542346935,0.0,0.00019580714902185594,0.27087881323104723,0.0,0.391606278534824,0.225,0.0,0.38999999999999996,1.5,129.88806987358686,0.030599691106724596,True,False,False
1.51,0.04610653006127708,0.3854569956485899,0.03984724474085402,-0.04582959542346935,0.0,0.00019580714902185594,0.2710779559390042,0.0,0.39162298822381325,0.225,0.0,0.38999999999999996,1.5,129.88807086388545,0.030829978021447855,True,False,False
1.5150000000000001,0.04630492212657765,0.38942480412493485,0.039601935146968706,-0.04582959542346935,0.0,0.00019580714902185594,0.271275885292611,0.0,0.3916395894405402,0.225,0.0,0.38999999999999996,1.5,129.88807179183152,0.03107187202790958,True,False,False
1.52,0.046502083110621165,0.3933640561696779,0.03935329883022853,-0.04582959542346935,0.0,0.00019580714902185594,0.27147258476281894,0.0,0.3916560794333992,0.225,0.0,0.38999999999999996,1.5,129.88807265594698,0.03132486748390647,True,False,False
1.5250000000000001,0.04669799646486869,0.39727414032193104,0.03910136314474765,-0.04582959542346935,0.0,0.00019580714902185594,0.27166803795452693,0.0,0.3916724554725681,0.225,0.0,0.38999999999999996,1.5,129.88807345487018,0.031588467854756615,True,False,False
1.53,0.04689264577804302,0.4011544510268697,0.038846155974911686,-0.04582959542346935,0.0,0.00019580714902185594,0.2718622286092043,0.0,0.39168871484972806,0.225,0.0,0.38999999999999996,1.5,129.88807418735078,0.031862185487234164,True,False,False
1.5350000000000001,0.047086014778801956,0.40500438864795185,0.038587705741831485,-0.04582959542346935,0.0,0.00019580714902185594,0.27205514060752156,0.0,0.39170485487826145,0.225,0.0,0.38999999999999996,1.5,129.888074852244,0.03214554144617167,True,False,False
1.54,0.04727808733841346,0.40882335955625687,0.03832604140474417,-0.04582959542346935,0.0,0.00019580714902185594,0.27224675797197095,0.0,0.39172087289381013,0.225,0.0,0.38999999999999996,1.5,129.88807544850582,0.032438065392395334,True,False,False
1.545,0.04746884747341458,0.4126107762914276,0.03806119245868661,-0.04582959542346935,0.0,0.00019580714902185594,0.27243706486946156,0.0,0.3917367662550827,0.225,0.0,0.38999999999999996,1.5,129.88807597518803,0.032739295487648014,True,False,False
1.55,0.04765827934824323,0.41636605776387375,0.03779318892942577,-0.045797669117550704,0.0,0.00021350942510292293,0.27262604561388154,0.0,0.3917525323448263,0.225,0.0,0.38999999999999996,1.5,129.88830787153114,0.03309923510921861,True,False,False
1.555,0.04784636728448572,0.42008862908672845,0.037522068051149014,-0.045797669117550704,0.0,0.00021350942510292293,0.2728136846672376,0.0,0.3917681687882876,0.225,0.0,0.38999999999999996,1.5,129.8883082573147,0.03341471678204747,True,False,False
1.56,0.04803309575734133,0.4237779222149304,0.037247854309904994,-0.045797669117550704,0.0,0.00021350942510292293,0.27299996664392107,0.0,0.3917836732369992,0.225,0.0,0.38999999999999996,1.5,129.8883085714722,0.03373761695857753,True,False,False
1.565,0.04821844939120511,0.4274333767419889,0.03697057928036225,-0.045797669117550704,0.0,0.00021350942510292293,0.2731848763143129,0.0,0.3917990431530619,0.225,0.0,0.38999999999999996,1.5,129.88830881337856,0.034067506267007316,True,False,False
1.57,0.04840241296847033,0.4310544397473304,0.03669027502503084,-0.045797669117550704,0.0,0.00021350942510292293,0.27336839860555207,0.0,0.3918142760277242,0.225,0.0,0.38999999999999996,1.5,129.88830898248364,0.034403963570820865,True,False,False
1.575,0.04858497143190859,0.4346405660118956,0.03640697408522465,-0.045797669117550704,0.0,0.00021350942510292293,0.27355051860384255,0.0,0.39182936938241364,0.225,0.0,0.38999999999999996,1.5,129.88830907830896,0.034746575895549164,True,False,False
1.58,0.04876610988700013,0.4381912182484755,0.03612070947109164,-0.045797669117550704,0.0,0.00021350942510292293,0.27373122155670926,0.0,0.3918443207697923,0.225,0.0,0.38999999999999996,1.5,129.8883091004442,0.03509493836071565,True,False,False
1.585,0.04894581360421254,0.44170586732272754,0.035831514650966664,-0.045797669117550704,0.0,0.00021350942510292293,0.2739104928752019,0.0,0.39185912777482884,0.225,0.0,0.38999999999999996,1.5,129.88830904854387,0.035448654114548755,True,False,False
1.59,0.049124068021224536,0.44518399247838586,0.03553942354023813,-0.045797669117550704,0.0,0.00021350942510292293,0.274088318136045,0.0,0.39187378801584655,0.225,0.0,0.38999999999999996,1.5,129.88830892232426,0.03580733426986291,True,False,False
1.595,0.049300858745094864,0.448625081559026,0.035244470489873274,-0.045797669117550704,0.0,0.00021350942510292293,0.2742646830837334,0.0,0.39188829914555595,0.225,0.0,0.38999999999999996,1.5,129.88830872156058,0.03617059784007039,True,False,False
1.6,0.049476171554374206,0.452028631207937,0.03494669027471074,-0.04615988450267553,0.0,0.00022279430852664806,0.2744395736325726,0.0,0.3919026588520542,0.225,0.0,0.38999999999999996,1.5,129.8884646347338,0.03596716919350516,True,False,False
1.605,0.049649992402279956,0.4553941540316881,0.034646121182169226,-0.04615988450267553,0.0,0.00022279430852664806,0.274612975863261,0.0,0.3919168650286181,0.225,0.0,0.38999999999999996,1.5,129.88846428801043,0.03635897807644226,True,False,False
1.61,0.04982230741250328,0.4587211716467873,0.034342794084992995,-0.04615988450267553,0.0,0.00022279430852664806,0.27478487602507184,0.0,0.3919309156051485,0.225,0.0,0.38999999999999996,1.5,129.8884638634416,0.036753734763310085,True,False,False
1.615,0.04999310288240481,0.46200920654148037,0.03403674488311301,-0.04615988450267553,0.0,0.00022279430852664806,0.2749552605457683,0.0,0.39194480837490936,0.225,0.0,0.38999999999999996,1.5,129.8884633611574,0.037151098835256545,True,False,False
1.62,0.05016236528876176,0.46525778941248996,0.033728009932791396,-0.04615988450267553,0.0,0.00022279430852664806,0.2751241160307938,0.0,0.39195854116492157,0.225,0.0,0.38999999999999996,1.5,129.88846278132755,0.03755073684239309,True,False,False
1.625,0.05033008128984543,0.46846645978495294,0.03341662601238524,-0.04615988450267553,0.0,0.00022279430852664806,0.27529142926522177,0.0,0.3919721118385237,0.225,0.0,0.38999999999999996,1.5,129.8884621241603,0.0379523224368057,True,False,False
1.6300000000000001,0.05049623772736925,0.47163476649407443,0.03310263029400075,-0.04615988450267553,0.0,0.00022279430852664806,0.2754571872155934,0.0,0.3919855182974593,0.225,0.0,0.38999999999999996,1.5,129.88846138990078,0.03835553643717517,True,False,False
1.635,0.05066082162832507,0.4747622680777284,0.03278606031954652,-0.04615988450267553,0.0,0.00022279430852664806,0.27562137703165884,0.0,0.39199875848356214,0.225,0.0,0.38999999999999996,1.5,129.88846057882978,0.03876006684665495,True,False,False
1.6400000000000001,0.05082382020672155,0.4778485330836699,0.03246695398006571,-0.04615988450267553,0.0,0.00022279430852664806,0.27578398604803217,0.0,0.3920118303801344,0.225,0.0,0.38999999999999996,1.5,129.8884596912624,0.0391656088387307,True,False,False
1.645,0.05098522086523579,0.48089314032723085,0.03214534949751364,-0.04615988450267553,0.0,0.00022279430852664806,0.2759450017857697,0.0,0.39202473201308174,0.225,0.0,0.38999999999999996,1.5,129.88845872754717,0.039571864721031656,True,False,False
1.6500000000000001,0.05114501119678594,0.4838956790851901,0.031821285408367345,-0.04682097642455418,0.0,0.00022396212126169081,0.2761044119538767,0.0,0.39203746145186213,0.225,0.0,0.38999999999999996,1.5,129.88853406184708,0.038936454398442934,True,False,False
1.655,0.05130317898219924,0.4868557617656715,0.03149480027804886,-0.04682097642455418,0.0,0.00022396212126169081,0.2762622044425377,0.0,0.3920500169196961,0.225,0.0,0.38999999999999996,1.5,129.8885329765096,0.0393806727573397,True,False,False
1.6600000000000001,0.05145971218614076,0.48977301121348227,0.03116593059428767,-0.04682097642455418,0.0,0.00022396212126169081,0.27641836732335096,0.0,0.39206239668381204,0.225,0.0,0.38999999999999996,1.5,129.8885318109477,0.039823769651279914,True,False,False
1.665,0.05161459896669628,0.49264704579314583,0.030834715623311162,-0.04682097642455418,0.0,0.00022396212126169081,0.2765728888636674,0.0,0.39207459893683066,0.225,0.0,0.38999999999999996,1.5,129.88853056584492,0.04026549287753734,True,False,False
1.67,0.05176782767790562,0.4954774923690057,0.03050119503625348,-0.04682097642455418,0.0,0.00022396212126169081,0.2767257575246908,0.0,0.39208662190782717,0.225,0.0,0.38999999999999996,1.5,129.8885292419035,0.04070559594065053,True,False,False
1.675,0.051919386871477353,0.49826398720539117,0.030165408856800854,-0.04682097642455418,0.0,0.00022396212126169081,0.276876961963025,0.0,0.3920984638660196,0.225,0.0,0.38999999999999996,1.5,129.88852783984444,0.04114383834301091,True,False,False
1.68,0.05206926529832061,0.5010061766382684,0.02982739741987609,-0.04682097642455418,0.0,0.00022396212126169081,0.2770264910320741,0.0,0.39211012312351845,0.225,0.0,0.38999999999999996,1.5,129.8885263604076,0.041579985751246586,True,False,False
1.685,0.05221745190991562,0.5037037175671836,0.029487201338546237,-0.04682097642455418,0.0,0.00022396212126169081,0.2771743337833073,0.0,0.3921215980374212,0.225,0.0,0.38999999999999996,1.5,129.8885248043519,0.0420138100783339,True,False,False
1.69,0.052363935859561,0.5063562778245163,0.029144861477041827,-0.04682097642455418,0.0,0.00022396212126169081,0.277320479467423,0.0,0.3921328870113504,0.225,0.0,0.38999999999999996,1.5,129.8885231724558,0.04244508950856357,True,False,False
1.695,0.05250870650350804,0.5089635364297486,0.028800418928317854,-0.04682097642455418,0.0,0.00022396212126169081,0.2774649175354154,0.0,0.392143988496613,0.225,0.0,0.38999999999999996,1.5,129.8885214655171,0.042873608483690165,True,False,False
1.7,0.0526517534020058,0.5115251837743255,0.02845391499499967,-0.04767809163535869,0.0,0.00021776764299426244,0.2776076376395661,0.0,0.3921549009930248,0.225,0.0,0.38999999999999996,1.5,129.888517213142,0.04194801584800255,True,False,False
1.705,0.05279306631232522,0.5140409378713058,0.028105388026290683,-0.04767809163535869,0.0,0.00021776764299426244,0.277748629624582,0.0,0.3921656230942241,0.225,0.0,0.38999999999999996,1.5,129.888515426083,0.04241888203311545,True,False,False
1.71,0.05293263518545549,0.516510527886819,0.02775487911073272,-0.04767809163535869,0.0,0.00021776764299426244,0.2778878835261185,0.0,0.3921761534422568,0.225,0.0,0.38999999999999996,1.5,129.88851355952826,0.04288510169498753,True,False,False
1.715,0.05307045018055612,0.5189336747856746,0.02740242993669211,-0.04767809163535869,0.0,0.00021776764299426244,0.27802538958758394,0.0,0.3921864906704201,0.225,0.0,0.38999999999999996,1.5,129.88851161456748,0.043346506515972015,True,False,False
1.72,0.053206501664354165,0.5213101079718832,0.027048082531285773,-0.04767809163535869,0.0,0.00021776764299426244,0.27816113825763467,0.0,0.3921966334495257,0.225,0.0,0.38999999999999996,1.5,129.8885095923005,0.04380293269122327,True,False,False
1.725,0.05334078021245893,0.5236395663568679,0.02669187919750069,-0.04767809163535869,0.0,0.00021776764299426244,0.27829512019130237,0.0,0.3922065804921836,0.225,0.0,0.38999999999999996,1.5,129.88850749383846,0.044254221323206076,True,False,False
1.73,0.05347327661045542,0.5259217991290908,0.026333862465697282,-0.04767809163535869,0.0,0.00021776764299426244,0.2784273262509468,0.0,0.392216330555935,0.225,0.0,0.38999999999999996,1.5,129.88850532030494,0.044700218655407235,True,False,False
1.735,0.05360398185481271,0.5281565663051015,0.025974075055821,-0.04767809163535869,0.0,0.00021776764299426244,0.2785577475070591,0.0,0.3922258824455027,0.225,0.0,0.38999999999999996,1.5,129.88850307283724,0.045140776197219463,True,False,False
1.74,0.05373288715364708,0.530343639107048,0.02561255984757101,-0.04767809163535869,0.0,0.00021776764299426244,0.27868637523894735,0.0,0.39223523501438057,0.225,0.0,0.38999999999999996,1.5,129.88850075258676,0.0455757507752861,True,False,False
1.745,0.053859983927365844,0.5324828002172156,0.025249359856486644,-0.04767809163535869,0.0,0.00021776764299426244,0.2788132009353249,0.0,0.39224438716589927,0.225,0.0,0.38999999999999996,1.5,129.88849836072066,0.046005004535137214,True,False,False
1.75,0.053985263809211266,0.5345738439261168,0.02488451821445136,-0.04862555096676032,0.0,0.00020535195798029483,0.2789382162948149,0.0,0.3922533378539179,0.225,0.0,0.38999999999999996,1.5,129.88842038596042,0.044934801951070955,True,False,False
1.7550000000000001,0.05410871863474627,0.5366165939855511,0.024518072875420172,-0.04862555096676032,0.0,0.00020535195798029483,0.2790614132162516,0.0,0.3922620860628708,0.225,0.0,0.38999999999999996,1.5,129.88841795882476,0.045405823383980644,True,False,False
1.76,0.05423034043980121,0.5386108854104315,0.024150068351979484,-0.04862555096676032,0.0,0.00020535195798029483,0.2791827837958064,0.0,0.3922706308272455,0.225,0.0,0.38999999999999996,1.5,129.88841545565907,0.0458693309237094,True,False,False
1.7650000000000001,0.05435012147805858,0.5405565430736806,0.023780547891332802,-0.04862555096676032,0.0,0.00020535195798029483,0.2793023203443185,0.0,0.39227897123780386,0.225,0.0,0.38999999999999996,1.5,129.88841287787676,0.04632523264582713,True,False,False
1.77,0.05446805421761201,0.5424533999838523,0.023409555006322864,-0.04862555096676032,0.0,0.00020535195798029483,0.2794200153846423,0.0,0.392287106422539,0.225,0.0,0.38999999999999996,1.5,129.888410226902,0.04677344006071661,True,False,False
1.7750000000000001,0.054584131341853775,0.544301298395142,0.023037133410117618,-0.04862555096676032,0.0,0.00020535195798029483,0.279535861652346,0.0,0.39229503555112344,0.225,0.0,0.38999999999999996,1.5,129.8884075041712,0.0472138685562988,True,False,False
1.78,0.05469834575012394,0.5461000906068793,0.022663326966848314,-0.04862555096676032,0.0,0.00020535195798029483,0.2796498520962247,0.0,0.39230275783808544,0.225,0.0,0.38999999999999996,1.5,129.88840471113429,0.04764643766314833,True,False,False
1.7850000000000001,0.05481069055817155,0.5478496395055328,0.02228817965415136,-0.04862555096676032,0.0,0.00020535195798029483,0.2797619798786661,0.0,0.3923102725450059,0.225,0.0,0.38999999999999996,1.5,129.88840184925633,0.048071071199581254,True,False,False
1.79,0.054921159098458905,0.5495498189286877,0.021911735534598163,-0.04862555096676032,0.0,0.00020535195798029483,0.27987223837588876,0.0,0.39231757898201486,0.225,0.0,0.38999999999999996,1.5,129.8883989200181,0.04848769733580707,True,False,False
1.795,0.05502974492034921,0.5512005138902215,0.021534038733790978,-0.04862555096676032,0.0,0.00020535195798029483,0.27998062117808986,0.0,0.3923246765086947,0.225,0.0,0.38999999999999996,1.5,129.8883959249172,0.04889624860353458,True,False,False
1.8,0.055136441790193835,0.5528016206913616,0.02115513342350174,-0.04955947862511552,0.0,0.00018815597206563053,0.2800871220895086,0.0,0.3923315645346009,0.225,0.0,0.38999999999999996,1.5,129.8882539981306,0.047824348865773886,True,False,False
1.805,0.0552412436785457,0.5543530644294415,0.020775057359694656,-0.04955947862511552,0.0,0.00018815597206563053,0.28019173511907647,0.0,0.39233824243785087,0.225,0.0,0.38999999999999996,1.5,129.88825100389693,0.04826940219882812,True,False,False
1.81,0.05534414475967202,0.5558547810670333,0.02039385725688163,-0.04955947862511552,0.0,0.00018815597206563053,0.28029445447652346,0.0,0.39234470964582124,0.225,0.0,0.38999999999999996,1.5,129.88824793995252,0.04870481319156816,True,False,False
1.815,0.05544513943041608,0.5573066963386157,0.02001157724488622,-0.04955947862511552,0.0,0.00018815597206563053,0.2803952745883955,0.0,0.3923509657025446,0.225,0.0,0.38999999999999996,1.5,129.88824480800534,0.049130556149322116,True,False,False
1.82,0.055544222304389844,0.5587087436608972,0.019628261657138733,-0.04955947862511552,0.0,0.00018815597206563053,0.28049419009565696,0.0,0.3923570101880492,0.225,0.0,0.38999999999999996,1.5,129.88824160977842,0.049546607888785316,True,False,False
1.825,0.05564138821241563,0.5600608651857499,0.019243954972606406,-0.04955947862511552,0.0,0.00018815597206563053,0.28059119585395986,0.0,0.39236284272253175,0.225,0.0,0.38999999999999996,1.5,129.88823834701165,0.049952948173978044,True,False,False
1.83,0.055736632202745086,0.5613630125311654,0.018858701773835786,-0.04955947862511552,0.0,0.00018815597206563053,0.28068628693374464,0.0,0.392368462969257,0.225,0.0,0.38999999999999996,1.5,129.88823502146218,0.050349559977243795,True,False,False
1.835,0.0558299495410852,0.5626151472762769,0.018472546717215668,-0.04955947862511552,0.0,0.00018815597206563053,0.2807794586201876,0.0,0.39237387063651313,0.225,0.0,0.38999999999999996,1.5,129.88823163490568,0.050736429622161794,True,False,False
1.84,0.055921335710487956,0.5638172412738411,0.01808553451260938,-0.04955947862511552,0.0,0.00018815597206563053,0.2808707064130424,0.0,0.39237906547886303,0.225,0.0,0.38999999999999996,1.5,129.88822818913684,0.05111354684697911,True,False,False
1.845,0.05601078641112261,0.5649692768211428,0.01769770991030676,-0.04955947862511552,0.0,0.00018815597206563053,0.28096002602638886,0.0,0.3923840472978274,0.225,0.0,0.38999999999999996,1.5,129.8882246859699,0.05148090481461705,True,False,False
1.85,0.05609829755995754,0.5660712467375678,0.017309117693858973,-0.05038213377903687,0.0,0.00016782233416266058,0.28104741338830774,0.0,0.392388815942194,0.225,0.0,0.38999999999999996,1.5,129.88803139838558,0.05054156031684944,True,False,False
1.855,0.05618386525762437,0.5671231501325642,0.016919770618385323,-0.05038213377903687,0.0,0.00016782233416266058,0.281132864616694,0.0,0.392393371097593,0.225,0.0,0.38999999999999996,1.5,129.88802791600588,0.05092958189206538,True,False,False
1.86,0.056267485304736804,0.5681244258536391,0.016529548419504995,-0.05038213377903687,0.0,0.00016782233416266058,0.2812163756192687,0.0,0.392397710314459,0.225,0.0,0.38999999999999996,1.5,129.8880243792367,0.05125983270945955,True,False,False
1.865,0.05634915325521989,0.5690737199375874,0.016138500866281415,-0.05038213377903687,0.0,0.00016782233416266058,0.2812979421779514,0.0,0.39240182828451575,0.225,0.0,0.38999999999999996,1.5,129.88802080008796,0.051534203649113805,True,False,False
1.87,0.056428865077689204,0.5699695517085109,0.01574672928856109,-0.05038213377903687,0.0,0.00016782233416266058,0.281377560510715,0.0,0.3924057191890829,0.225,0.0,0.38999999999999996,1.5,129.88801718890485,0.051761925804558975,True,False,False
1.875,0.056506617218257636,0.570810481714026,0.015354339273321114,-0.05038213377903687,0.0,0.00016782233416266058,0.28145522730613703,0.0,0.39240937736004344,0.225,0.0,0.38999999999999996,1.5,129.88801355450659,0.051949886790114405,True,False,False
1.8800000000000001,0.0565824066041668,0.5715951925168085,0.01496143614941783,-0.05038213377903687,0.0,0.00016782233416266058,0.2815309397131761,0.0,0.3924127976012312,0.225,0.0,0.38999999999999996,1.5,129.88800990456716,0.0521033206483035,True,False,False
1.885,0.05665623063283902,0.5723225317214715,0.014568122383979505,-0.05038213377903687,0.0,0.00016782233416266058,0.2816046953227357,0.0,0.39241597536032796,0.225,0.0,0.38999999999999996,1.5,129.88800624588617,0.052226273085595,True,False,False
1.8900000000000001,0.05672808715295692,0.5729915302195443,0.014174496227003404,-0.05038213377903687,0.0,0.00016782233416266058,0.28167649214545176,0.0,0.3924189068026736,0.225,0.0,0.38999999999999996,1.5,129.88800258458423,0.052321919568570734,True,False,False
1.895,0.056797974441761344,0.573601404696383,0.01378065115806411,-0.05038213377903687,0.0,0.00016782233416266058,0.2817463285883805,0.0,0.3924215888227618,0.225,0.0,0.38999999999999996,1.5,129.88799892624715,0.05239278624238097,True,False,False
1.9000000000000001,0.056865891181161955,0.5741515506297757,0.013386675837164632,-0.05093286838370023,0.0,0.00014729477021821605,0.281814203432138,0.0,0.3924240190179525,0.225,0.0,0.38999999999999996,1.5,129.88777761985116,0.0515725980414691,True,False,False
1.905,0.05693183637585562,0.5746414888252097,0.012992631485940764,-0.05093286838370023,0.0,0.00014729477021821605,0.28188011576683397,0.0,0.3924261952680613,0.225,0.0,0.38999999999999996,1.5,129.8877740689077,0.051625836572268435,True,False,False
1.9100000000000001,0.05699580936733473,0.5750708500900701,0.01259861669606381,-0.05093286838370023,0.0,0.00014729477021821605,0.2819440649994801,0.0,0.39242811588943904,0.225,0.0,0.38999999999999996,1.5,129.88777052922066,0.051657775758596536,True,False,False
1.915,0.05705780989238338,0.575439427157691,0.012204710675799523,-0.05093286838370023,0.0,0.00014729477021821605,0.28200605089484304,0.0,0.39242978004970175,0.225,0.0,0.38999999999999996,1.5,129.8877670052837,0.051669721654711134,True,False,False
1.92,0.05711783801862302,0.5757471410208198,0.011810989379349652,-0.05093286838370023,0.0,0.00014729477021821605,0.28206607352564345,0.0,0.3924311874233621,0.225,0.0,0.38999999999999996,1.5,129.8877635013739,0.05166275433983159,True,False,False
1.925,0.05717589412638962,0.5759940261962139,0.01141752610763804,-0.05093286838370023,0.0,0.00014729477021821605,0.2821241332569001,0.0,0.3924323381343954,0.225,0.0,0.38999999999999996,1.5,129.88776002158872,0.05163777265474029,True,False,False
1.93,0.05723197889240453,0.5761802166844806,0.011024392144802064,-0.05093286838370023,0.0,0.00014729477021821605,0.28218023073196924,0.0,0.3924332327014485,0.225,0.0,0.38999999999999996,1.5,129.88775656987497,0.05159552894652776,True,False,False
1.935,0.057286093275139886,0.5763059329498688,0.010631657421461913,-0.05093286838370023,0.0,0.00014729477021821605,0.28223436686012177,0.0,0.39243387198698343,0.225,0.0,0.38999999999999996,1.5,129.88775315005188,0.051536656457482996,True,False,False
1.94,0.057338238501796666,0.5763714701251921,0.010239391454359125,-0.05093286838370023,0.0,0.00014729477021821605,0.28228654280553955,0.0,0.392434257151166,0.225,0.0,0.38999999999999996,1.5,129.8877497658293,0.05146176589896605,True,False,False
1.945,0.05738841613506783,0.5763772720081636,0.009847697529951115,-0.05093286838370023,0.0,0.00014729477021821605,0.2823367600422702,0.0,0.3924343899331949,0.225,0.0,0.38999999999999996,1.5,129.88774641995164,0.05138184325778296,True,False,False
1.95,0.05743662820877592,0.5763241336580722,0.009456660473191433,-0.05118524732676727,0.0,0.00012781222502116437,0.28238502045709485,0.0,0.39243427342999093,0.225,0.0,0.38999999999999996,1.5,129.8875103605276,0.050905485531495036,True,False,False
1.955,0.05748287701236315,0.5762130527122422,0.009066337103286597,-0.05118524732676727,0.0,0.00012781222502116437,0.2824313261674718,0.0,0.3924339113097927,0.225,0.0,0.38999999999999996,1.5,129.88750712591968,0.05084250967124348,True,False,False
1.96,0.057527165022006,0.5760451382631355,0.008676780446955804,-0.05118524732676727,0.0,0.00012781222502116437,0.2824756794582025,0.0,0.3924333076844223,0.225,0.0,0.38999999999999996,1.5,129.88750392605755,0.050779888679386494,True,False,False
1.965,0.05756949488519135,0.5758215645488761,0.008288044116035417,-0.05118524732676727,0.0,0.00012781222502116437,0.28251808276437235,0.0,0.39243246715227276,0.225,0.0,0.38999999999999996,1.5,129.8875007610186,0.050717303674613426,True,False,False
1.97,0.05760986939388978,0.5755435447646732,0.00790018402200242,-0.05118524732676727,0.0,0.00012781222502116437,0.28255853865857855,0.0,0.392431394470249,0.225,0.0,0.38999999999999996,1.5,129.8874976309317,0.050654472143369295,True,False,False
1.975,0.057648291470550936,0.5752123082960958,0.007513260667583808,-0.05118524732676727,0.0,0.00012781222502116437,0.2825970498408384,0.0,0.3924300944643315,0.225,0.0,0.38999999999999996,1.5,129.88749453597183,0.050591138083365114,True,False,False
1.98,0.057684764157909615,0.5748290838420227,0.007127341599690225,-0.05118524732676727,0.0,0.00012781222502116437,0.2826336191313098,0.0,0.3924285719632688,0.225,0.0,0.38999999999999996,1.5,129.88749147635556,0.050527065335978935,True,False,False
1.985,0.05771929061159721,0.5743950870065048,0.006742504260483843,-0.05118524732676727,0.0,0.00012781222502116437,0.2826682494650566,0.0,0.39242683174983667,0.225,0.0,0.38999999999999996,1.5,129.88748845233843,0.05046203307493068,True,False,False
1.99,0.05775187409483103,0.5739115112611471,0.006358839529182789,-0.05118524732676727,0.0,0.00012781222502116437,0.28270094388831807,0.0,0.3924248785252843,0.225,0.0,0.38999999999999996,1.5,129.88748546421252,0.05039583275725337,True,False,False
1.995,0.05778251797464767,0.5733795214128463,0.005976456349443146,-0.05118524732676727,0.0,0.00012781222502116437,0.2827317055558902,0.0,0.3924227168836816,0.225,0.0,0.38999999999999996,1.5,129.8874825123046,0.05032826606797063,True,False,False
2.0,0.05781122571929495,0.5728002489608094,0.005595488011312081,-0.05121969352110957,0.0,0.00010898088108713349,0.2827605377293403,0.0,0.39242035129366126,0.225,0.0,0.38999999999999996,1.5,129.88723376081902,0.050204689783455124,True,False,False
2.005,0.057838000888923165,0.5721747893134311,0.0052161111906224725,-0.05121969352110957,0.0,0.00010898088108713349,0.282787443777936,0.0,0.39241778585465314,0.225,0.0,0.38999999999999996,1.5,129.88723088642303,0.050135781136426145,True,False,False
2.0100000000000002,0.05786284714169608,0.5715041991437801,0.004838530700890757,-0.05121969352110957,0.0,0.00010898088108713349,0.28281242717542965,0.0,0.3924150245193228,0.225,0.0,0.38999999999999996,1.5,129.88722804891458,0.0500649095920131,True,False,False
2.015,0.05788576824100991,0.5707894944081504,0.0044630240215801755,-0.05121969352110957,0.0,0.00010898088108713349,0.2828354914979228,0.0,0.39241207131851663,0.225,0.0,0.38999999999999996,1.5,129.88722524875695,0.049991908770245105,True,False,False
2.02,0.05790676804799669,0.5700316499955512,0.0040899618923508135,-0.05121969352110957,0.0,0.00010898088108713349,0.28285664042620706,0.0,0.39240893012706335,0.225,0.0,0.38999999999999996,1.5,129.8872224864414,0.04991661890177736,True,False,False
2.025,0.05792585052172876,0.5692315994183252,0.0037198530537129186,-0.05121969352110957,0.0,0.00010898088108713349,0.2828758777460296,0.0,0.3924056046625116,0.225,0.0,0.38999999999999996,1.5,129.887219762486,0.049838886683708776,True,False,False
2.0300000000000002,0.057943019719670946,0.5683902348354267,0.0033534167367893805,-0.05121969352110957,0.0,0.00010898088108713349,0.282893207348544,0.0,0.3924020984852139,0.225,0.0,0.38999999999999996,1.5,129.88721707743463,0.04975856518917399,True,False,False
2.035,0.05795827979833761,0.5675084073278204,0.0029917045360556825,-0.05121969352110957,0.0,0.00010898088108713349,0.28290863323091925,0.0,0.3923984149993829,0.225,0.0,0.38999999999999996,1.5,129.88721443185514,0.04967551381004244,True,False,False
2.04,0.05797163501412057,0.5665869273861582,0.0026363138405317505,-0.05121969352110957,0.0,0.00010898088108713349,0.2829221594970819,0.0,0.392394557454942,0.225,0.0,0.38999999999999996,1.5,129.88721182633873,0.04958959821850975,True,False,False
2.045,0.05798308972425054,0.5656265655449494,0.0022897783285802365,-0.05121969352110957,0.0,0.00010898088108713349,0.28293379035856,0.0,0.392390528950026,0.225,0.0,0.38999999999999996,1.5,129.8872092614981,0.049500690337848416,True,False,False
2.05,0.05799264838787743,0.5646280531516544,0.001956313967183154,-0.051033255572142736,0.0,9.176014537404504e-05,0.28294353013542267,0.0,0.3923863324339555,0.225,0.0,0.38999999999999996,1.5,129.88695967884752,0.04970241644404029,True,False,False
2.055,0.05800031556181202,0.5635920795309186,0.0016433447906509418,-0.051033255572142736,0.0,9.176014537404504e-05,0.2829513832618873,0.0,0.39238197046657247,0.225,0.0,0.38999999999999996,1.5,129.8869571797062,0.049596619591221074,True,False,False
2.06,0.05800609590995118,0.562519296748623,0.0013642324859976498,-0.051033255572142736,0.0,9.176014537404504e-05,0.28295735428545554,0.0,0.3923774454661764,0.225,0.0,0.38999999999999996,1.5,129.88695472601623,0.04948776109831302,True,False,False
2.065,0.05800999420874089,0.561410325064674,0.0011431149215446936,-0.051033255572142736,0.0,9.176014537404504e-05,0.28296144786207905,0.0,0.3923727599603928,0.225,0.0,0.38999999999999996,1.5,129.88695231839355,0.04937573263992761,True,False,False
2.07,0.0580120153416334,0.5602657501801602,0.0010174351485384486,-0.051033255572142736,0.0,9.176014537404504e-05,0.28296366876049206,0.0,0.3923679163460449,0.225,0.0,0.38999999999999996,1.5,129.88694995746891,0.0492604322737801,True,False,False
2.075,0.05801216430036551,0.5590861241280848,0.0010219147512323162,-0.051033255572142736,0.0,9.176014537404504e-05,0.28296402186331754,0.0,0.3923629168926244,0.225,0.0,0.38999999999999996,1.5,129.88694764388632,0.049141764279968345,True,False,False
2.08,0.05801044618630388,0.5578719662714263,0.0011540593275224061,-0.051033255572142736,0.0,9.176014537404504e-05,0.28296251216822343,0.0,0.3923577637461394,0.225,0.0,0.38999999999999996,1.5,129.88694537830153,0.04901963902643844,True,False,False
2.085,0.05800686621183866,0.556623764373264,0.0013767645209036125,-0.051033255572142736,0.0,9.176014537404504e-05,0.2829591447891137,0.0,0.392352458933266,0.225,0.0,0.38999999999999996,1.5,129.88694316138077,0.04889397284957612,True,False,False
2.09,0.058001429701812095,0.5553419757169046,0.0016531213969488922,-0.051033255572142736,0.0,9.176014537404504e-05,0.2829539249573445,0.0,0.39234700436572506,0.225,0.0,0.38999999999999996,1.5,129.88694099379862,0.04876468794261093,True,False,False
2.095,0.057994142094965784,0.5540270282910333,0.001959949024611514,-0.051033255572142736,0.0,9.176014537404504e-05,0.2829468580229514,0.0,0.3923414018448351,0.225,0.0,0.38999999999999996,1.5,129.88693887623725,0.04863171224709534,True,False,False
2.1,0.05798500894539558,0.5526793219892295,0.002284457713909316,-0.05060056565804338,0.0,7.748999997831358e-05,0.28293794945587925,0.0,0.39233565306618684,0.225,0.0,0.38999999999999996,1.5,129.88670324089728,0.04917693039414895,True,False,False
2.105,0.05797403592139992,0.5512992214983634,0.0026196383924830596,-0.05060056565804338,0.0,7.748999997831358e-05,0.2829272048544451,0.0,0.3923297593796183,0.225,0.0,0.38999999999999996,1.5,129.88670119416776,0.04901190271003841,True,False,False
2.11,0.057961228815755564,0.5498870661149468,0.0029613888798705325,-0.05060056565804338,0.0,7.748999997831358e-05,0.28291462994544003,0.0,0.3923237220391247,0.225,0.0,0.38999999999999996,1.5,129.88669920640535,0.048843645846497516,True,False,False
2.115,0.05794659354681546,0.5484431809830075,0.003307265565608554,-0.05060056565804338,0.0,7.748999997831358e-05,0.2829002305749305,0.0,0.3923175424590968,0.225,0.0,0.38999999999999996,1.5,129.8866972781257,0.048672098136273476,True,False,False
2.12,0.0579301361539298,0.5469678697472136,0.003655720093049885,-0.05060056565804338,0.0,7.748999997831358e-05,0.2828840127133614,0.0,0.39231122197381874,0.225,0.0,0.38999999999999996,1.5,129.8866954098453,0.0484972038060159,True,False,False
2.125,0.05791186279850369,0.5454614152707132,0.004005727476145346,-0.05060056565804338,0.0,7.748999997831358e-05,0.28286598245647043,0.0,0.3923047618402282,0.225,0.0,0.38999999999999996,1.5,129.88669360207973,0.048318912608965287,True,False,False
2.13,0.057891779765106975,0.5439240804796153,0.004356582207761737,-0.05060056565804338,0.0,7.748999997831358e-05,0.2828461460262373,0.0,0.3922981632411296,0.225,0.0,0.38999999999999996,1.5,129.88669185534295,0.048137179534309245,True,False,False
2.1350000000000002,0.057869893462605515,0.5423561093076804,0.0047077814860087015,-0.05060056565804338,0.0,7.748999997831358e-05,0.28282450977183676,0.0,0.39229142728884603,0.225,0.0,0.38999999999999996,1.5,129.88669017014496,0.047951964567679195,True,False,False
2.14,0.05784621042529708,0.5407577276981355,0.005058955577120981,-0.05060056565804338,0.0,7.748999997831358e-05,0.282801080170589,0.0,0.3922845550290787,0.225,0.0,0.38999999999999996,1.5,129.8866885469913,0.04776323248560981,True,False,False
2.145,0.05782073731403095,0.5391291446679524,0.005409824749202104,-0.05060056565804338,0.0,7.748999997831358e-05,0.28277586382888703,0.0,0.3922775474449669,0.225,0.0,0.38999999999999996,1.5,129.88668698638142,0.04757095267251375,True,False,False
2.15,0.057793480917300216,0.5374705533770385,0.005760171760970156,-0.04990569319583425,0.0,6.729519434959379e-05,0.2827488674830934,0.0,0.39227040546124703,0.225,0.0,0.38999999999999996,1.5,129.88647835597726,0.04847037543632886,True,False,False
2.1550000000000002,0.057764448153026664,0.5357821189681616,0.006109842027940154,-0.04990569319583425,0.0,6.729519434959379e-05,0.2827200980103278,0.0,0.392263129713882,0.225,0.0,0.38999999999999996,1.5,129.88647688916527,0.048231616133059096,True,False,False
2.16,0.05773364607877325,0.534063993264916,0.006458671885290894,-0.04990569319583425,0.0,6.729519434959379e-05,0.2826895624291791,0.0,0.3922557207892156,0.225,0.0,0.38999999999999996,1.5,129.88647549799634,0.04799027811528472,True,False,False
2.165,0.05770108188728188,0.5323163317591555,0.00680654426121216,-0.04990569319583425,0.0,6.729519434959379e-05,0.28265726788548395,0.0,0.39224817947334073,0.225,0.0,0.38999999999999996,1.5,129.8864741826036,0.04774632914282752,True,False,False
2.17,0.05766676290272,0.530539281014375,0.007153360209951933,-0.04990569319583425,0.0,6.729519434959379e-05,0.28262322165766884,0.0,0.3922405065207869,0.225,0.0,0.38999999999999996,1.5,129.8864729431108,0.04749974196032808,True,False,False
2.1750000000000003,0.057630696581023814,0.5287329788466096,0.007499034562080053,-0.04990569319583425,0.0,6.729519434959379e-05,0.2825874311570477,0.0,0.39223270265515164,0.225,0.0,0.38999999999999996,1.5,129.88647177963082,0.04725049376430612,True,False,False
2.18,0.057592890510315825,0.5268975547094727,0.007843492758088176,-0.04990569319583425,0.0,6.729519434959379e-05,0.28254990392816404,0.0,0.39222476857050714,0.225,0.0,0.38999999999999996,1.5,129.88647069226528,0.04699856580057582,True,False,False
2.185,0.057553352411358796,0.5250331302213586,0.008186668509609335,-0.04990569319583425,0.0,6.729519434959379e-05,0.2825106476491472,0.0,0.3922167049333869,0.225,0.0,0.38999999999999996,1.5,129.886469681103,0.04674394305036287,True,False,False
2.19,0.057512090138019875,0.5231398197929548,0.008528502048987353,-0.04990569319583425,0.0,6.729519434959379e-05,0.28246967013206475,0.0,0.39220851238515614,0.225,0.0,0.38999999999999996,1.5,129.8864687462196,0.046486613976935987,True,False,False
2.195,0.057469111677720515,0.5212177313226685,0.008868938803395107,-0.04990569319583425,0.0,6.729519434959379e-05,0.2824269793232521,0.0,0.3922001915446358,0.225,0.0,0.38999999999999996,1.5,129.88646788767667,0.04622657031381085,True,False,False
2.2,0.05742442515185556,0.5192669669274463,0.009207928379541812,-0.04894603580430424,0.0,6.198247612081899e-05,0.2823825833036054,0.0,0.39219174301090487,0.225,0.0,0.38999999999999996,1.5,129.88629671639774,0.0474765179277515,True,False,False
2.205,0.05737803882052558,0.517287605494626,0.009545433797263268,-0.04894603580430424,0.0,6.198247612081899e-05,0.2823364903013872,0.0,0.39218316715087803,0.225,0.0,0.38999999999999996,1.5,129.88629599317716,0.04715674222133909,True,False,False
2.21,0.057329961092182274,0.5152797221222732,0.009881395962368231,-0.04894603580430424,0.0,6.198247612081899e-05,0.2822887086934328,0.0,0.39217446431797115,0.225,0.0,0.38999999999999996,1.5,129.8862953633773,0.04683567420153399,True,False,False
2.215,0.05728020051308394,0.5132434107460226,0.010215772522095858,-0.04894603580430424,0.0,6.198247612081899e-05,0.28223924698576713,0.0,0.3921656350850156,0.225,0.0,0.38999999999999996,1.5,129.88629482647352,0.046513291537876394,True,False,False
2.22,0.05722876576444775,0.5111787661046631,0.010548523378330836,-0.04894603580430424,0.0,6.198247612081899e-05,0.28218811381893655,0.0,0.39215668003059934,0.225,0.0,0.38999999999999996,1.5,129.88629438192868,0.046189575991636284,True,False,False
2.225,0.057175665661917,0.5090858832598906,0.010879610281317028,-0.04894603580430424,0.0,6.198247612081899e-05,0.2821353179675461,0.0,0.392147599737083,0.225,0.0,0.38999999999999996,1.5,129.8862940291926,0.04586451275233573,True,False,False
2.23,0.0571209091551507,0.5069648574021354,0.011208996512276758,-0.04894603580430424,0.0,6.198247612081899e-05,0.28208086833987517,0.0,0.3921383947897469,0.225,0.0,0.38999999999999996,1.5,129.88629376770183,0.04553808995686017,True,False,False
2.235,0.05706450532749027,0.5048157838623405,0.011536646634225184,-0.04894603580430424,0.0,6.198247612081899e-05,0.28202477397753956,0.0,0.39212906577674195,0.225,0.0,0.38999999999999996,1.5,129.88629359687897,0.04521029833321398,True,False,False
2.24,0.05700646339566546,0.5026387582747971,0.011862526295325023,-0.04894603580430424,0.0,6.198247612081899e-05,0.28196704405517037,0.0,0.39211961328964146,0.225,0.0,0.38999999999999996,1.5,129.88629351613284,0.044881130929621066,True,False,False
2.245,0.056946792709509725,0.500433876840358,0.01218660207293441,-0.04894603580430424,0.0,6.198247612081899e-05,0.28190768788008885,0.0,0.39211003792436505,0.225,0.0,0.38999999999999996,1.5,129.8862935248581,0.04455058290247706,True,False,False
2.25,0.056885502751666456,0.49820123665312976,0.01250884134935866,-0.047733665022056546,0.0,6.198723797496767e-05,0.28184671489196167,0.0,0.3921003402824008,0.225,0.0,0.38999999999999996,1.5,129.88616715511372,0.046129770633353856,True,False,False
2.255,0.05682260314528384,0.4959409131514584,0.012829217139060515,-0.047733665022056546,0.0,6.198723797496767e-05,0.2817841346774122,0.0,0.39209052078294737,0.225,0.0,0.38999999999999996,1.5,129.8861673584477,0.04572786656896458,True,False,False
2.2600000000000002,0.056758103662876994,0.49365298403116253,0.013147687616640527,-0.047733665022056546,0.0,6.198723797496767e-05,0.2817199569717413,0.0,0.3920805798542012,0.225,0.0,0.38999999999999996,1.5,129.88616767192698,0.04532638397196629,True,False,False
2.265,0.056692014209754636,0.4913375572020479,0.013464221543232457,-0.047733665022056546,0.0,6.198723797496767e-05,0.2816541916346844,0.0,0.39207051814275484,0.225,0.0,0.38999999999999996,1.5,129.88616809413338,0.04492529276770345,True,False,False
2.27,0.056624344822243516,0.4889947475464736,0.013778788570295736,-0.047733665022056546,0.0,6.198723797496767e-05,0.28158684865566413,0.0,0.3920603363243166,0.225,0.0,0.38999999999999996,1.5,129.88616862364262,0.04452456635149937,True,False,False
2.275,0.056555105666341164,0.48662467578461693,0.01409135908860637,-0.047733665022056546,0.0,6.198723797496767e-05,0.28151793815261755,0.0,0.39205003509919023,0.225,0.0,0.38999999999999996,1.5,129.88616925902494,0.04412418081937719,True,False,False
2.2800000000000002,0.05648430703655128,0.48422746772864494,0.014401904114656774,-0.047733665022056546,0.0,6.198723797496767e-05,0.2814474703709504,0.0,0.3920396151892139,0.225,0.0,0.38999999999999996,1.5,129.8861699988448,0.04372411442971842,True,False,False
2.285,0.0564119593548486,0.4818032537905793,0.014710395205348718,-0.047733665022056546,0.0,6.198723797496767e-05,0.2813754556825793,0.0,0.3920290773357923,0.225,0.0,0.38999999999999996,1.5,129.8861708416615,0.043324347222388815,True,False,False
2.29,0.05633807316972454,0.47935216871398695,0.015016804394008933,-0.047733665022056546,0.0,6.198723797496767e-05,0.28130190458502485,0.0,0.3920184222987259,0.225,0.0,0.38999999999999996,1.5,129.8861717860294,0.04292486074546049,True,False,False
2.295,0.056262659155278984,0.47687435143994394,0.015321104142452104,-0.047733665022056546,0.0,6.198723797496767e-05,0.28122682770053026,0.0,0.3920076508555975,0.225,0.0,0.38999999999999996,1.5,129.88617283049825,0.04252563785586626,True,False,False
2.3000000000000003,0.05618572811032948,0.47436994507576336,0.01562326730512574,-0.046294539812438654,0.0,6.737484751750048e-05,0.28115023577518256,0.0,0.39199676380157444,0.225,0.0,0.38999999999999996,1.5,129.88609544001935,0.04439526814709144,True,False,False
2.305,0.05610729096901005,0.4718390697739646,0.015923268169398888,-0.046294539812438654,0.0,6.737484751750048e-05,0.281072139695137,0.0,0.3919857617909001,0.225,0.0,0.38999999999999996,1.5,129.88609675289277,0.04391510864758566,True,False,False
2.31,0.056027358808809886,0.46928185067222256,0.01622107278462996,-0.046294539812438654,0.0,6.737484751750048e-05,0.2809925504889225,0.0,0.39197464549643457,0.225,0.0,0.38999999999999996,1.5,129.88609818950331,0.043437311092101805,True,False,False
2.315,0.05594594282847882,0.4666984506509402,0.01651665448482138,-0.046294539812438654,0.0,6.737484751750048e-05,0.2809114792989769,0.0,0.391963415790783,0.225,0.0,0.38999999999999996,1.5,129.88609974737003,0.04296182417402842,True,False,False
2.32,0.055863054347488915,0.46408904243971455,0.01680998734527973,-0.046294539812438654,0.0,6.737484751750048e-05,0.28082893738684617,0.0,0.3919520735862438,0.225,0.0,0.38999999999999996,1.5,129.8861014240234,0.04248859979433301,True,False,False
2.325,0.05577870480405561,0.46145380694818977,0.017101046056889422,-0.046294539812438654,0.0,6.737484751750048e-05,0.2807449361314609,0.0,0.39194061982812767,0.225,0.0,0.38999999999999996,1.5,129.8861032170055,0.04201759220484739,True,False,False
2.33,0.05569290575340395,0.45879293203825283,0.017389805833832733,-0.046294539812438654,0.0,6.737484751750048e-05,0.28065948702759047,0.0,0.3919290554898767,0.225,0.0,0.38999999999999996,1.5,129.88610512387118,0.04154875742487209,True,False,False
2.335,0.055605668866219225,0.45610661165298755,0.01767624234628541,-0.046294539812438654,0.0,6.737484751750048e-05,0.2805726016844307,0.0,0.39191738156954503,0.225,0.0,0.38999999999999996,1.5,129.88610714218825,0.04108205284372431,True,False,False
2.34,0.05551700592721975,0.45339504518554324,0.017960331671627635,-0.046294539812438654,0.0,6.737484751750048e-05,0.28048429182427725,0.0,0.3919055990872671,0.225,0.0,0.38999999999999996,1.5,129.88610926953854,0.04061743694990076,True,False,False
2.345,0.05542692883381398,0.4506584370492758,0.018242050259306773,-0.046294539812438654,0.0,6.737484751750048e-05,0.2803945692812561,0.0,0.3918937090834648,0.225,0.0,0.38999999999999996,1.5,129.88611150351866,0.04015486914679127,True,False,False
2.35,0.05533544959480757,0.4478969963691354,0.01852137490572556,-0.04466648953627782,0.0,7.787824378688611e-05,0.2803034460000846,0.0,0.3918817126175948,0.225,0.0,0.38999999999999996,1.5,129.88608434306602,0.04226076408312099,True,False,False
2.355,0.055242580343706396,0.44511090611434345,0.018798280656292236,-0.04466648953627782,0.0,7.787824378688611e-05,0.2802109340536661,0.0,0.391869610641976,0.225,0.0,0.38999999999999996,1.5,129.8860869278202,0.04171006806048523,True,False,False
2.36,0.0551483333459826,0.44230035441349624,0.01907273983514907,-0.04466648953627782,0.0,7.787824378688611e-05,0.28011704564603707,0.0,0.3918574041273464,0.225,0.0,0.38999999999999996,1.5,129.88608964493756,0.04116372737865468,True,False,False
2.365,0.05505272097229383,0.4394655713351001,0.01934472959480455,-0.04466648953627782,0.0,7.787824378688611e-05,0.28002179308055003,0.0,0.39184509421287317,0.225,0.0,0.38999999999999996,1.5,129.88609249079298,0.04062166096137802,True,False,False
2.37,0.054955755699278235,0.4366067972058666,0.019614227844478412,-0.04466648953627782,0.0,7.787824378688611e-05,0.27992518876506906,0.0,0.3918326820783443,0.225,0.0,0.38999999999999996,1.5,129.8860954617995,0.04008379100970706,True,False,False
2.375,0.05485745010717215,0.4337242805123263,0.019881213120284656,-0.04466648953627782,0.0,7.787824378688611e-05,0.2798272452098935,0.0,0.39182016893586635,0.225,0.0,0.38999999999999996,1.5,129.8860985544091,0.03955004207400046,True,False,False
2.38,0.054757816877727426,0.4308182763541041,0.020145664489858457,-0.04466648953627782,0.0,7.787824378688611e-05,0.2797279750259038,0.0,0.391807556023691,0.225,0.0,0.38999999999999996,1.5,129.8861017651136,0.03902034043394305,True,False,False
2.3850000000000002,0.05465686879235737,0.4278890452810399,0.020407561482653037,-0.04466648953627782,0.0,7.787824378688611e-05,0.2796273909228793,0.0,0.3917948446016002,0.225,0.0,0.38999999999999996,1.5,129.88610509044543,0.03849461368763282,True,False,False
2.39,0.054554618730446744,0.42493685244512347,0.020666884039219145,-0.04466648953627782,0.0,7.787824378688611e-05,0.27952550570793716,0.0,0.39178203594748334,0.225,0.0,0.38999999999999996,1.5,129.88610852697838,0.037972790482548674,True,False,False
2.395,0.054451079667776216,0.4219619669595354,0.020923612474438497,-0.04466648953627782,0.0,7.787824378688611e-05,0.27942233228405444,0.0,0.39176913135478364,0.225,0.0,0.38999999999999996,1.5,129.8861120713286,0.03745480034302726,True,False,False
2.4,0.05434626467502639,0.4189646614401632,0.021177727450966206,-0.04289664572558701,0.0,9.295242026471368e-05,0.27931788364864696,0.0,0.39175613213058513,0.225,0.0,0.38999999999999996,1.5,129.88613380916107,0.03973057347162665,True,False,False
2.4050000000000002,0.054240186933427095,0.41594517835154,0.02142920527942387,-0.04289664572558701,0.0,9.295242026471368e-05,0.27921217291221223,0.0,0.39174303950314354,0.225,0.0,0.38999999999999996,1.5,129.8861377870531,0.03911991309625672,True,False,False
2.41,0.05413285974132738,0.41290376390732536,0.021678024170587003,-0.04289664572558701,0.0,9.295242026471368e-05,0.27910521330192267,0.0,0.39172985471288,0.225,0.0,0.38999999999999996,1.5,129.88614189954197,0.03851551453736425,True,False,False
2.415,0.05402429648377502,0.4098407078992476,0.021924165117760887,-0.04289664572558701,0.0,9.295242026471368e-05,0.2789970181274597,0.0,0.3917165791300187,0.225,0.0,0.38999999999999996,1.5,129.88614614187534,0.03791726313491793,True,False,False
2.42,0.053914510634643475,0.40675630922779343,0.022167609890627493,-0.04289664572558701,0.0,9.295242026471368e-05,0.27888760078624053,0.0,0.3917032141603021,0.225,0.0,0.38999999999999996,1.5,129.88615050937403,0.037325047817445244,True,False,False
2.4250000000000003,0.05380351575405941,0.40365087353470974,0.02240834089814319,-0.04289664572558701,0.0,9.295242026471368e-05,0.2787769747611712,0.0,0.39168976123570043,0.225,0.0,0.38999999999999996,1.5,129.8861549974321,0.03673876011991994,True,False,False
2.43,0.05369132548617292,0.40052471145486457,0.022646341087280225,-0.04289664572558701,0.0,9.295242026471368e-05,0.27866515361866034,0.0,0.3916762218074434,0.225,0.0,0.38999999999999996,1.5,129.88615960151762,0.0361582935353282,True,False,False
2.435,0.05357795355719272,0.3973781373025451,0.022881593868495028,-0.04289664572558701,0.0,9.295242026471368e-05,0.278552151006837,0.0,0.3916625973407975,0.225,0.0,0.38999999999999996,1.5,129.88616431717332,0.035583543092285265,True,False,False
2.44,0.05346341377361134,0.39421146809621893,0.023114083060979562,-0.04289664572558701,0.0,9.295242026471368e-05,0.27843798065391223,0.0,0.391648889311166,0.225,0.0,0.38999999999999996,1.5,129.88616914001716,0.035014405085626456,True,False,False
2.445,0.05334772002057161,0.39102502281929136,0.02334379285247505,-0.04289664572558701,0.0,9.295242026471368e-05,0.2783226563666482,0.0,0.39163509920116435,0.225,0.0,0.38999999999999996,1.5,129.88617406574278,0.034450776910633564,True,False,False
2.45,0.053230886260332705,0.3878191218936699,0.023570707769760852,-0.04103875769200248,0.0,0.00011183359382560434,0.27820619202890157,0.0,0.3916212284984322,0.225,0.0,0.38999999999999996,1.5,129.88624113700106,0.03682136558019961,True,False,False
2.455,0.05311292654975347,0.3845940518500746,0.023794805875632857,-0.04103875769200248,0.0,0.00011183359382560434,0.27808860162090826,0.0,0.39160727863670386,0.225,0.0,0.38999999999999996,1.5,129.8862465699431,0.036163343948038044,True,False,False
2.46,0.05299385504622674,0.3813501008443062,0.02401607095969615,-0.04103875769200248,0.0,0.00011183359382560434,0.2779698992234492,0.0,0.39159325105307496,0.225,0.0,0.38999999999999996,1.5,129.88625213243012,0.03551329709470202,True,False,False
2.465,0.05287368597479649,0.3780876004227751,0.0242344878339025,-0.04103875769200248,0.0,0.00011183359382560434,0.2778500989824146,0.0,0.39157914727317394,0.225,0.0,0.38999999999999996,1.5,129.8862578187008,0.03487107692023581,True,False,False
2.47,0.052752433631495205,0.3748068893487418,0.024450042081296322,-0.04103875769200248,0.0,0.00011183359382560434,0.27772921511404147,0.0,0.3915649688503123,0.225,0.0,0.38999999999999996,1.5,129.88626362310583,0.0342365393536891,True,False,False
2.475,0.05263011238075982,0.3715083111318567,0.024662719914140895,-0.04103875769200248,0.0,0.00011183359382560434,0.2776072619026509,0.0,0.3915507173557115,0.225,0.0,0.38999999999999996,1.5,129.88626954010792,0.0336095433369729,True,False,False
2.48,0.052506736653211185,0.368192212189572,0.024872508068747915,-0.04103875769200248,0.0,0.00011183359382560434,0.27748425369866403,0.0,0.39153639437122856,0.225,0.0,0.38999999999999996,1.5,129.88627556428168,0.03298995015804532,True,False,False
2.485,0.05238232094372312,0.3648589404753705,0.025079393727697186,-0.04103875769200248,0.0,0.00011183359382560434,0.27736020491684693,0.0,0.3915220014839059,0.225,0.0,0.38999999999999996,1.5,129.88628169031372,0.03237762302039948,True,False,False
2.49,0.05225687980969783,0.36150884446905795,0.025283364462356413,-0.04103875769200248,0.0,0.00011183359382560434,0.2772351300347141,0.0,0.39150754028195334,0.225,0.0,0.38999999999999996,1.5,129.886287913003,0.03177242677212113,True,False,False
2.495,0.05213042786949576,0.35814227242939756,0.02548440819037212,-0.04103875769200248,0.0,0.00011183359382560434,0.27710904359105193,0.0,0.3914930123517743,0.225,0.0,0.38999999999999996,1.5,129.88629422726018,0.031174227742720096,True,False,False
2.5,0.052002979800980995,0.35475957185777485,0.025682513144164403,-0.039150626069825376,0.0,0.00013359775575373837,0.27698196018453247,0.0,0.3914784192757531,0.225,0.0,0.38999999999999996,1.5,129.88640116393938,0.03355938765351604,True,False,False
2.505,0.05187455036019001,0.35136105364646936,0.02587765946102844,-0.039150626069825376,0.0,0.00013359775575373837,0.2768538944931512,0.0,0.3914637626054235,0.225,0.0,0.38999999999999996,1.5,129.88640804035435,0.032867967128205125,True,False,False
2.5100000000000002,0.05174515438666809,0.34794702815648254,0.026069836069690454,-0.039150626069825376,0.0,0.00013359775575373837,0.2767248612788272,0.0,0.39144904388691165,0.225,0.0,0.38999999999999996,1.5,129.88641503370235,0.03218596295015857,True,False,False
2.515,0.051614806769353164,0.34451784766237176,0.026259031416450453,-0.039150626069825376,0.0,0.00013359775575373837,0.27659487535178134,0.0,0.39143426471469245,0.225,0.0,0.38999999999999996,1.5,129.88642213742364,0.03151319673604408,True,False,False
2.52,0.0514835224509063,0.34107386965595604,0.02644523468796175,-0.039150626069825376,0.0,0.00013359775575373837,0.2764639515757259,0.0,0.3914194267026914,0.225,0.0,0.38999999999999996,1.5,129.88642934511014,0.030849494595057904,True,False,False
2.525,0.05135131642523588,0.33761545437669105,0.026628435668740118,-0.039150626069825376,0.0,0.00013359775575373837,0.2763321048656859,0.0,0.3914045314745241,0.225,0.0,0.38999999999999996,1.5,129.88643665050486,0.030194686102378656,True,False,False
2.5300000000000002,0.0512182037353971,0.3341429629806175,0.026808624635377126,-0.039150626069825376,0.0,0.00013359775575373837,0.2761993501861146,0.0,0.3913895806562614,0.225,0.0,0.38999999999999996,1.5,129.88644404750067,0.029548603626963342,True,False,False
2.535,0.051084199471784594,0.3306567561942552,0.026985792278158737,-0.039150626069825376,0.0,0.00013359775575373837,0.2760657025492423,0.0,0.39137457587109176,0.225,0.0,0.38999999999999996,1.5,129.8864515301397,0.028911081898778,True,False,False
2.54,0.050949318770540666,0.32715719333991156,0.027159929643015758,-0.039150626069825376,0.0,0.00013359775575373837,0.2759311770135957,0.0,0.3913595187354165,0.225,0.0,0.38999999999999996,1.5,129.8864590926128,0.028281957737464405,True,False,False
2.545,0.050813576812120814,0.3236446316175574,0.027331028088490125,-0.039150626069825376,0.0,0.00013359775575373837,0.2757957886826405,0.0,0.3913444108560389,0.225,0.0,0.38999999999999996,1.5,129.88646672925816,0.027661069889804556,True,False,False
2.5500000000000003,0.050676988819979,0.3201194256235457,0.027499079253760206,-0.03729174953172273,0.0,0.0001572170327624194,0.27565955270351933,0.0,0.3913292538281398,0.225,0.0,0.38999999999999996,1.5,129.886606484014,0.029978638991603017,True,False,False
2.555,0.050539570079682086,0.3165818921156489,0.027664065545427254,-0.03729174953172273,0.0,0.0001572170327624194,0.2755224842861027,0.0,0.3913140492378909,0.225,0.0,0.38999999999999996,1.5,129.88661471043937,0.029268581907551026,True,False,False
2.56,0.05040133594365378,0.3130323455510385,0.02782598046859606,-0.03729174953172273,0.0,0.0001572170327624194,0.27538459870782495,0.0,0.3912987986589507,0.225,0.0,0.38999999999999996,1.5,129.88662303400199,0.028569056628012856,True,False,False
2.565,0.0502623017970672,0.30947113990241604,0.027984815798442905,-0.03729174953172273,0.0,0.0001572170327624194,0.2752459112789411,0.0,0.3912835036767553,0.225,0.0,0.38999999999999996,1.5,129.88663144763066,0.027879859758115074,True,False,False
2.57,0.05012248306286583,0.30589863259720174,0.028140564000698226,-0.03729174953172273,0.0,0.0001572170327624194,0.275106437347563,0.0,0.39126816588899677,0.225,0.0,0.38999999999999996,1.5,129.8866399444426,0.027200792797250083,True,False,False
2.575,0.04998189519947321,0.30231518215984715,0.02829321809307035,-0.03729174953172273,0.0,0.0001572170327624194,0.2749661922976298,0.0,0.3912527868962449,0.225,0.0,0.38999999999999996,1.5,129.88664851774115,0.026531661128894442,True,False,False
2.58,0.04984055369886979,0.29872114645391135,0.028442771542385902,-0.03729174953172273,0.0,0.0001572170327624194,0.27482519154717144,0.0,0.3912373682950517,0.225,0.0,0.38999999999999996,1.5,129.8866571610141,0.025872273358861476,True,False,False
2.585,0.04969847408495772,0.2951168814238769,0.02858921818840436,-0.03729174953172273,0.0,0.0001572170327624194,0.27468345054680454,0.0,0.39122191167292975,0.225,0.0,0.38999999999999996,1.5,129.88666586793178,0.025222440888816054,True,False,False
2.59,0.049555671912135044,0.2915027401849824,0.02873255218743279,-0.03729174953172273,0.0,0.0001572170327624194,0.2745409847783959,0.0,0.39120641860476235,0.225,0.0,0.38999999999999996,1.5,129.88667463234523,0.02458197764824497,True,False,False
2.595,0.049412162764027254,0.2878790723959397,0.02887276797057783,-0.03729174953172273,0.0,0.0001572170327624194,0.2743978097538531,0.0,0.39119089065025253,0.225,0.0,0.38999999999999996,1.5,129.88668344828454,0.023950699933054712,True,False,False
2.6,0.04926796225233092,0.2842462238162136,0.029009860212790027,-0.03552120122004945,0.0,0.00018161337323458631,0.27425394101400385,0.0,0.39117532935219596,0.225,0.0,0.38999999999999996,1.5,129.88684773081027,0.026119565229617312,True,False,False
2.605,0.049123086035580715,0.2806045028537739,0.029143813723282754,-0.03552120122004945,0.0,0.00018161337323458631,0.27410939414668894,0.0,0.39115973626494105,0.225,0.0,0.38999999999999996,1.5,129.88685713037367,0.02540594821782663,True,False,False
2.61,0.048977549823280744,0.27695421441742146,0.029274625959665096,-0.03552120122004945,0.0,0.00018161337323458631,0.2739641847915941,0.0,0.39114411292561985,0.225,0.0,0.38999999999999996,1.5,129.8868666011013,0.024703615944176707,True,False,False
2.615,0.048831369343024476,0.2732956997755269,0.029402291668709526,-0.03552120122004945,0.0,0.00018161337323458631,0.2738183286074098,0.0,0.39112846085170283,0.225,0.0,0.38999999999999996,1.5,129.88687613575112,0.024012346650733058,True,False,False
2.62,0.04868456034584943,0.2696293023075666,0.029526806225756763,-0.03552120122004945,0.0,0.00018161337323458631,0.2736718412765739,0.0,0.39111278156735807,0.225,0.0,0.38999999999999996,1.5,129.88688572729862,0.02333192375510556,True,False,False
2.625,0.04853713860416975,0.265955365300299,0.029648165504429357,-0.03552120122004945,0.0,0.00018161337323458631,0.2735247385034239,0.0,0.39109707659473536,0.225,0.0,0.38999999999999996,1.5,129.8868953689337,0.022662134885443,True,False,False
2.63,0.04838911991005386,0.2622742303413172,0.029766365780055135,-0.03552120122004945,0.0,0.00018161337323458631,0.2733770360126274,0.0,0.39108134744764167,0.225,0.0,0.38999999999999996,1.5,129.88690505405765,0.022002771247085832,True,False,False
2.6350000000000002,0.0482405200737722,0.25858623617660276,0.029881403658266168,-0.03552120122004945,0.0,0.00018161337323458631,0.2732287495478346,0.0,0.39106559562699095,0.225,0.0,0.38999999999999996,1.5,129.8869147762805,0.021353627213034316,True,False,False
2.64,0.04809135492254257,0.2548917179052851,0.029993276022289298,-0.03552120122004945,0.0,0.00018161337323458631,0.27307989487049167,0.0,0.3910498226176023,0.225,0.0,0.38999999999999996,1.5,129.88692452941797,0.020714500065048217,True,False,False
2.645,0.04794164029941855,0.25119100642834374,0.03010197999405943,-0.03552120122004945,0.0,0.00018161337323458631,0.2729304877587705,0.0,0.39103402988602143,0.225,0.0,0.38999999999999996,1.5,129.8869343074886,0.020085189836003152,True,False,False
2.65,0.04779139206228511,0.2474844280995586,0.030207512905531895,-0.03389571990549777,0.0,0.0002057089153967577,0.272780544006586,0.0,0.39101821887909455,0.225,0.0,0.38999999999999996,1.5,129.88711394375346,0.022027951332349673,True,False,False
2.6550000000000002,0.047640626101473724,0.24377227407456356,0.030309862092765334,-0.03389571990549777,0.0,0.0002057089153967577,0.272630079440153,0.0,0.3910023910739502,0.225,0.0,0.38999999999999996,1.5,129.8871242620079,0.02132572443525678,True,False,False
2.66,0.04748935834325135,0.24005483142161724,0.030409028342320663,-0.03389571990549777,0.0,0.0002057089153967577,0.27247910992256535,0.0,0.39098654792822923,0.225,0.0,0.38999999999999996,1.5,129.88713462083982,0.020635151128945477,True,False,False
2.665,0.04733760471932271,0.2363324197261268,0.030505009021600343,-0.03389571990549777,0.0,0.0002057089153967577,0.2723276513238097,0.0,0.39097069085436,0.225,0.0,0.38999999999999996,1.5,129.8871450132013,0.019955998763037254,True,False,False
2.67,0.04718538117214212,0.23260535974067242,0.030597802057716728,-0.03389571990549777,0.0,0.0002057089153967577,0.27217571952506303,0.0,0.39095482126753156,0.225,0.0,0.38999999999999996,1.5,129.88715543228096,0.01928803998942799,True,False,False
2.6750000000000003,0.047032703653079815,0.228873971405502,0.030687405819465753,-0.03389571990549777,0.0,0.0002057089153967577,0.2720233304170344,0.0,0.39093894057790346,0.225,0.0,0.38999999999999996,1.5,129.8871658714999,0.01863105187187293,True,False,False
2.68,0.04687958812089914,0.22513857243022273,0.03077381903002005,-0.03389571990549777,0.0,0.0002057089153967577,0.27187049989856243,0.0,0.39092305018498824,0.225,0.0,0.38999999999999996,1.5,129.88717632450778,0.017984815299972694,True,False,False
2.685,0.04672605054047505,0.22139947728992165,0.030857040702558784,-0.03389571990549777,0.0,0.0002057089153967577,0.27171724387541263,0.0,0.39090715147370786,0.225,0.0,0.38999999999999996,1.5,129.88718678517836,0.017349114608492186,True,False,False
2.69,0.04657210688169281,0.2176569965411689,0.03093707009292761,-0.03389571990549777,0.0,0.0002057089153967577,0.2715635782592261,0.0,0.3908912458116281,0.225,0.0,0.38999999999999996,1.5,129.8871972476066,0.01672373733479216,True,False,False
2.695,0.046417773118470444,0.2139114363742482,0.03101390666489197,-0.03389571990549777,0.0,0.0002057089153967577,0.27140951896656906,0.0,0.39087533454716705,0.225,0.0,0.38999999999999996,1.5,129.88720770610394,0.016108474069025186,True,False,False
2.7,0.0462630652278777,0.2101630983183613,0.03108755006468487,-0.032467999740777645,0.0,0.000228471985702361,0.27125508191806325,0.0,0.3908594190084737,0.225,0.0,0.38999999999999996,1.5,129.88739302034224,0.01775381553928817,True,False,False
2.705,0.04610799920583101,0.206412252404068,0.0311579902990116,-0.032467999740777645,0.0,0.000228471985702361,0.2711002830528532,0.0,0.39084350057008144,0.225,0.0,0.38999999999999996,1.5,129.88740393824435,0.01707739088239473,True,False,False
2.71,0.045952591069901065,0.20265916449377444,0.031225230904197893,-0.032467999740777645,0.0,0.000228471985702361,0.2709451383326877,0.0,0.3908275805868582,0.225,0.0,0.38999999999999996,1.5,129.8874148635193,0.016412595867881755,True,False,False
2.715,0.04579685683226609,0.19890412845969865,0.03128927156008576,-0.032467999740777645,0.0,0.000228471985702361,0.2707896637156573,0.0,0.39081166034897186,0.225,0.0,0.38999999999999996,1.5,129.8874257896721,0.01575919484969262,True,False,False
2.72,0.045640812504610655,0.19514743870141485,0.03135011243391613,-0.032467999740777645,0.0,0.000228471985702361,0.27063387515989024,0.0,0.39079574114671645,0.225,0.0,0.38999999999999996,1.5,129.88743671045071,0.015116957441804323,True,False,False
2.725,0.045484474096519754,0.19138938846952253,0.03140775407802141,-0.032467999740777645,0.0,0.000228471985702361,0.2704777886220791,0.0,0.390779824263837,0.225,0.0,0.38999999999999996,1.5,129.88744761984117,0.014485657730912468,True,False,False
2.73,0.04532785761414047,0.18763026864951463,0.03146219735434158,-0.032467999740777645,0.0,0.000228471985702361,0.27032142005623244,0.0,0.39076391097277385,0.225,0.0,0.38999999999999996,1.5,129.88745851206306,0.013865073756476186,True,False,False
2.735,0.04517097905905005,0.18387036693476935,0.03151344337896241,-0.032467999740777645,0.0,0.000228471985702361,0.27016478541260025,0.0,0.3907480025313527,0.225,0.0,0.38999999999999996,1.5,129.88746938156444,0.013254987171034564,True,False,False
2.74,0.04501385442727565,0.18010996725733786,0.031561493481515976,-0.032467999740777645,0.0,0.000228471985702361,0.2700079006367283,0.0,0.3907321001805465,0.225,0.0,0.38999999999999996,1.5,129.88748022301738,0.012655183021709163,True,False,False
2.745,0.044856499708421295,0.1763493494303886,0.03160634917557068,-0.032467999740777645,0.0,0.000228471985702361,0.2698507816686028,0.0,0.39071620514304284,0.225,0.0,0.38999999999999996,1.5,129.88749103131298,0.012065449613037224,True,False,False
2.75,0.04469893088487218,0.17258878895453203,0.03164801213712992,-0.0312851761024526,0.0,0.00024895742853997733,0.2696934444418604,0.0,0.39070031862242804,0.225,0.0,0.38999999999999996,1.5,129.88767224251814,0.013350216672253876,True,False,False
2.755,0.044541163944875006,0.16882853481066215,0.03168647521390239,-0.0312851761024526,0.0,0.00024895742853997733,0.26953590489566004,0.0,0.39068444188135854,0.225,0.0,0.38999999999999996,1.5,129.88768339562014,0.012713084144323449,True,False,False
2.7600000000000002,0.0443832148846225,0.16506883212400147,0.03172174418176252,-0.0312851761024526,0.0,0.00024895742853997733,0.2693781789780433,0.0,0.39066857616419814,0.225,0.0,0.38999999999999996,1.5,129.8876945225363,0.01208716767153132,True,False,False
2.765,0.04422509968560714,0.1613099488301838,0.03175382078371109,-0.0312851761024526,0.0,0.00024895742853997733,0.2692202826241646,0.0,0.39065272263703354,0.225,0.0,0.38999999999999996,1.5,129.88770561764514,0.011472236650481173,True,False,False
2.77,0.04406683431877078,0.15755215297578676,0.03178270717627678,-0.0312851761024526,0.0,0.00024895742853997733,0.2690622317592368,0.0,0.3906368824642715,0.225,0.0,0.38999999999999996,1.5,129.8877166755616,0.010868065526065805,True,False,False
2.775,0.04390843474311116,0.15379571135027797,0.03180840584583606,-0.0312851761024526,0.0,0.00024895742853997733,0.26890404229723225,0.0,0.39062105680327436,0.225,0.0,0.38999999999999996,1.5,129.88772769113103,0.010274433133470685,True,False,False
2.7800000000000002,0.04374991690450747,0.15004088853688086,0.03183091954706683,-0.0312851761024526,0.0,0.00024895742853997733,0.2687457301397717,0.0,0.3906052468005516,0.225,0.0,0.38999999999999996,1.5,129.88773865942417,0.009691122261702677,True,False,False
2.785,0.04359129673470962,0.14628794624369074,0.03185025125791688,-0.0312851761024526,0.0,0.00024895742853997733,0.2685873111751542,0.0,0.39058945358916713,0.225,0.0,0.38999999999999996,1.5,129.88774957573156,0.009117919366407455,True,False,False
2.79,0.04343259015044923,0.14253714288010805,0.03186640414682748,-0.0312851761024526,0.0,0.00024895742853997733,0.2684288012774921,0.0,0.3905736782870235,0.225,0.0,0.38999999999999996,1.5,129.88776043555842,0.008554614382968083,True,False,False
2.795,0.04327381305263569,0.13878873328880154,0.031879381549016414,-0.0312851761024526,0.0,0.00024895742853997733,0.2682702163059194,0.0,0.39055792199581096,0.225,0.0,0.38999999999999996,1.5,129.8877712346196,0.008001000606835437,True,False,False
2.8000000000000003,0.04311498132560932,0.13504296862058413,0.03188918694944282,-0.03038752155421898,0.0,0.00026633995658743555,0.2681115721038496,0.0,0.39054218580045663,0.225,0.0,0.38999999999999996,1.5,129.88793885355187,0.008871969313761531,True,False,False
2.805,0.04295611084701672,0.13130007953185738,0.03189581622567441,-0.03038752155421898,0.0,0.00026633995658743555,0.26795288450781224,0.0,0.3905264708536392,0.225,0.0,0.38999999999999996,1.5,129.88794985583286,0.0082863459400455,True,False,False
2.81,0.042797217489122366,0.12756029338337685,0.03189927696109492,-0.03038752155421898,0.0,0.00026633995658743555,0.26779416934989525,0.0,0.39051077829214625,0.225,0.0,0.38999999999999996,1.5,129.88796080035198,0.007711150037957137,True,False,False
2.815,0.04263831710137715,0.12382385448842229,0.03189957277298028,-0.03038752155421898,0.0,0.00026633995658743555,0.26763544244113036,0.0,0.3904951091663992,0.225,0.0,0.38999999999999996,1.5,129.88797168261715,0.007146164005742098,True,False,False
2.82,0.04247942551352739,0.1200910069324254,0.03189670761763668,-0.03038752155421898,0.0,0.00026633995658743555,0.26747671957354724,0.0,0.39047946452376703,0.225,0.0,0.38999999999999996,1.5,129.8879824983515,0.0065911749169061395,True,False,False
2.825,0.04232055853442045,0.1163619935960143,0.03189068572770071,-0.03038752155421898,0.0,0.00026633995658743555,0.2673180165190423,0.0,0.39046384540460244,0.225,0.0,0.38999999999999996,1.5,129.88799324348867,0.006045974014314906,True,False,False
2.83,0.04216173195096801,0.112637055435273,0.03188151156621738,-0.03038752155421898,0.0,0.00026633995658743555,0.26715934902838445,0.0,0.39044825283951806,0.225,0.0,0.38999999999999996,1.5,129.88800391416623,0.005510356372443806,True,False,False
2.835,0.04200296152723182,0.10891643103470526,0.03186918979323348,-0.03038752155421898,0.0,0.00026633995658743555,0.2670007328303295,0.0,0.39043268784752905,0.225,0.0,0.38999999999999996,1.5,129.88801450672088,0.004984120672845788,True,False,False
2.84,0.04184426300359588,0.10520035630707303,0.03185372524167361,-0.03038752155421898,0.0,0.00026633995658743555,0.2668421836308106,0.0,0.39041715143488953,0.225,0.0,0.38999999999999996,1.5,129.88802501768285,0.0044670690555754025,True,False,False
2.845,0.0416856520959986,0.10148906431725732,0.031835122900076146,-0.03038752155421898,0.0,0.00026633995658743555,0.26668371711218186,0.0,0.3904016445944243,0.225,0.0,0.38999999999999996,1.5,129.8880354437704,0.00395900702144545,True,False,False
2.85,0.04152714449520693,0.09778278523375293,0.03181338790038596,-0.029807378088460262,0.0,0.00027993940861750896,0.26652534893249946,0.0,0.39038616830522643,0.225,0.0,0.38999999999999996,1.5,129.8881806526734,0.004374311890186965,True,False,False
2.855,0.04136875587301192,0.09408173550731266,0.03178851934145576,-0.029807378088460262,0.0,0.00027993940861750896,0.266367094730952,0.0,0.3903707236184852,0.225,0.0,0.38999999999999996,1.5,129.8881911229255,0.003850836539851542,True,False,False
2.86,0.04121050188272783,0.09038612899666601,0.03176052625970355,-0.029807378088460262,0.0,0.00027993940861750896,0.2662089701292425,0.0,0.3903553115724471,0.225,0.0,0.38999999999999996,1.5,129.88820150803093,0.003336650879594491,True,False,False
2.865,0.04105239814761196,0.0866961900431218,0.031729414011289404,-0.029807378088460262,0.0,0.00027993940861750896,0.2660509907206482,0.0,0.39033993311593623,0.225,0.0,0.38999999999999996,1.5,129.88821180479334,0.0028315579949827543,True,False,False
2.87,0.04089446026271649,0.0830121424514177,0.03169518821677504,-0.029807378088460262,0.0,0.00027993940861750896,0.2658931720710735,0.0,0.3903245891934014,0.225,0.0,0.38999999999999996,1.5,129.8882220101991,0.002335365125701837,True,False,False
2.875,0.04073670379387136,0.07933420887572562,0.03165785472120001,-0.029807378088460262,0.0,0.00027993940861750896,0.265735529718072,0.0,0.39030928074250554,0.225,0.0,0.38999999999999996,1.5,129.88823212141267,0.0018478833302263617,True,False,False
2.88,0.04057914427676528,0.0756626104207198,0.031617419565060215,-0.029807378088460262,0.0,0.00027993940861750896,0.2655780791699564,0.0,0.39029400869253045,0.225,0.0,0.38999999999999996,1.5,129.88824213577024,0.001368927259190314,True,False,False
2.8850000000000002,0.040421797216104866,0.07199756637864682,0.031573888963415675,-0.029807378088460262,0.0,0.00027993940861750896,0.26542083590497956,0.0,0.39027877396330934,0.225,0.0,0.38999999999999996,1.5,129.8882520507756,0.0008983150018066002,True,False,False
2.89,0.040264678084819906,0.06833929404765708,0.03152726929102387,-0.029807378088460262,0.0,0.00027993940861750896,0.26526381537055715,0.0,0.3902635774646334,0.225,0.0,0.38999999999999996,1.5,129.8882618640943,0.00043586798115671094,True,False,False
2.895,0.0401078023233079,0.06468800869809109,0.03147756707192437,-0.029807378088460262,0.0,0.00027993940861750896,0.26510703298252647,0.0,0.39024842009596006,0.225,0.0,0.38999999999999996,1.5,129.88827157354882,1.8589117942099942e-05,True,False,False
2.9,0.03995118533869743,0.06104392353428329,0.03142478897230104,-0.02956835625726495,0.0,0.00028923717648574965,0.2649505041244224,0.0,0.39023330274636653,0.225,0.0,0.38999999999999996,1.5,129.88838656894904,8.840471441304287e-05,True,False,False
2.9050000000000002,0.03979484250704808,0.05740724534579067,0.03136893748836044,-0.02956835625726495,0.0,0.00028923717648574965,0.2647942441492377,0.0,0.39021822637701037,0.225,0.0,0.38999999999999996,1.5,129.88839615734233,0.0005409186273677216,True,False,False
2.91,0.039638789172970694,0.053778179081237575,0.03131002282706705,-0.02956835625726495,0.0,0.00028923717648574965,0.26463826837962307,0.0,0.3902031919392922,0.225,0.0,0.38999999999999996,1.5,129.88840563928196,0.0009855934714697728,True,False,False
2.915,0.03948304064437176,0.05015693318867863,0.031248051991323102,-0.02956835625726495,0.0,0.00028923717648574965,0.2644825921030205,0.0,0.39018820029653634,0.225,0.0,0.38999999999999996,1.5,129.88841501293027,0.001422598249711575,True,False,False
2.92,0.03932761219289032,0.04654371524676053,0.03118303217408868,-0.02956835625726495,0.0,0.00028923717648574965,0.2643272305716123,0.0,0.39017325230624783,0.225,0.0,0.38999999999999996,1.5,129.88842427659065,0.0018520984644602861,True,False,False
2.9250000000000003,0.03917251905304669,0.04293873170734441,0.031114970742478664,-0.02956835625726495,0.0,0.00028923717648574965,0.264172199001495,0.0,0.39015834881931455,0.225,0.0,0.38999999999999996,1.5,129.88843342870294,0.00227425626861974,True,False,False
2.93,0.03901777642142028,0.039342187831476104,0.03104387522651599,-0.02956835625726495,0.0,0.00028923717648574965,0.26401751257188,0.0,0.3901434906795821,0.225,0.0,0.38999999999999996,1.5,129.88844246783884,0.0026892305719868337,True,False,False
2.935,0.03886339945585769,0.035754287599226386,0.03096975331135297,-0.02956835625726495,0.0,0.00028923717648574965,0.2638631864243225,0.0,0.3901286787236352,0.225,0.0,0.38999999999999996,1.5,129.88845139269696,0.0030971771177283128,True,False,False
2.94,0.03870940327469485,0.03217523374358913,0.030892612832060483,-0.02956835625726495,0.0,0.00028923717648574965,0.2637092356619645,0.0,0.39011391378077404,0.225,0.0,0.38999999999999996,1.5,129.8884602020988,0.003498248539089449,True,False,False
2.945,0.03855580295598826,0.028605227711924076,0.03081246177031015,-0.02956835625726495,0.0,0.00028923717648574965,0.26355567534878666,0.0,0.39009919667312243,0.225,0.0,0.38999999999999996,1.5,129.88846889498336,0.003892594403138834,True,False,False
2.95,0.03840261353675178,0.025044469773987662,0.030729308252448354,-0.02968482836795723,0.0,0.0002938835777358793,0.26340252050886565,0.0,0.3900845282157893,0.225,0.0,0.38999999999999996,1.5,129.8885471744866,0.004463938609334625,True,False,False
2.955,0.038249850010980656,0.021493161329116092,0.03064315831678406,-0.02968482836795723,0.0,0.0002938835777358793,0.2632497861242834,0.0,0.39006990929190277,0.225,0.0,0.38999999999999996,1.5,129.88855558689875,0.004838681733404182,True,False,False
2.96,0.038097527328339494,0.017951502622418465,0.030554023123071754,-0.02968482836795723,0.0,0.0002938835777358793,0.26309748713408626,0.0,0.39005534077797127,0.225,0.0,0.38999999999999996,1.5,129.88856387902965,0.005207303387106836,True,False,False
2.965,0.03794566039549042,0.014419690148956195,0.030461911261766016,-0.02968482836795723,0.0,0.0002938835777358793,0.2629456384357199,0.0,0.3900408234676124,0.225,0.0,0.38999999999999996,1.5,129.88857205035575,0.005569938088816777,True,False,False
2.97,0.03779426407505413,0.010897919103418896,0.030366831439848356,-0.02968482836795723,0.0,0.0002938835777358793,0.26279425488381825,0.0,0.3900263581469055,0.225,0.0,0.38999999999999996,1.5,129.8885801004468,0.005926717624960304,True,False,False
2.975,0.0376433531848977,0.007386383515259069,0.030268792489641694,-0.02968482836795723,0.0,0.0002938835777358793,0.26264335128951327,0.0,0.39001194559531205,0.225,0.0,0.38999999999999996,1.5,129.8885880289621,0.006277771008596507,True,False,False
2.98,0.037492942497395355,0.003885276504609986,0.030167803375818175,-0.02968482836795723,0.0,0.0002938835777358793,0.2624929424197199,0.0,0.3899975865864336,0.225,0.0,0.38999999999999996,1.5,129.88859583564667,0.006623224459798238,True,False,False
2.985,0.03734304673866964,0.00039479069474192437,0.03006387320105283,-0.02968482836795723,0.0,0.0002938835777358793,0.2623430429964032,0.0,0.38998328188865955,0.225,0.0,0.38999999999999996,1.5,129.8886035203279,0.006963201401149262,True,False,False
2.99,0.03719368059833141,0.0030848822023676705,0.029957003332326697,-0.02968482836795723,0.0,0.0002938835777358793,0.2621936677063483,0.0,0.38996903226775725,0.225,0.0,0.38999999999999996,1.5,129.88861108291192,0.0072978225636510866,True,False,False
2.995,0.03704485879604785,0.006553546268968418,0.02984718624202712,-0.02968482836795723,0.0,0.0002938835777358793,0.2620448312677769,0.0,0.3899548385002008,0.225,0.0,0.38999999999999996,1.5,129.88861852338016,0.0076272061521396525,True,False,False
3.0,0.18689655779490622,0.010011004661881987,0.02973443106680165,-0.15016173275776737,0.0,0.0002936965818857398,0.26189654838775545,0.0,0.3899407013650428,0.07500000000000001,0.0,0.38999999999999996,1.5,129.8966403348078,0.19784488869544908,True,False,False
3.005,0.18674884681314022,0.013454783754379423,0.029618722893758196,-0.15016173275776737,0.0,0.0002936965818857398,0.26174883240359187,0.0,0.3899266383419331,0.07500000000000001,0.0,0.38999999999999996,1.5,129.89660629546145,0.19134917727462208,True,False,False
3.0100000000000002,0.18660171533916445,0.016882468761846736,0.029500625520855764,-0.15016173275776737,0.0,0.0002936965818857398,0.2616016949023349,0.0,0.3899126667618613,0.07500000000000001,0.0,0.38999999999999996,1.5,129.89657869252366,0.1850279722643005,True,False,False
3.015,0.18645517536966702,0.020294440381325527,0.0293801824948601,-0.15016173275776737,0.0,0.0002936965818857398,0.2614551478981108,0.0,0.389898785243597,0.07500000000000001,0.0,0.38999999999999996,1.5,129.89655732686433,0.17887818112702847,True,False,False
3.02,0.18630923892587967,0.023691525854826073,0.029257408202187866,-0.15016173275776737,0.0,0.0002936965818857398,0.2613092034280459,0.0,0.3898849906633105,0.07500000000000001,0.0,0.38999999999999996,1.5,129.89654199463286,0.17289690743991423,True,False,False
3.025,0.18616391811999547,0.02707484680674318,0.029132296029150143,-0.15016173275776737,0.0,0.0002936965818857398,0.26116387361845494,0.0,0.3898712787495602,0.07500000000000001,0.0,0.38999999999999996,1.5,129.896532488114,0.1670813832452151,True,False,False
3.0300000000000002,0.18601922520275055,0.030445706154260163,0.02900482440295517,-0.15016173275776737,0.0,0.0002936965818857398,0.26101917073234865,0.0,0.3898576445260754,0.07500000000000001,0.0,0.38999999999999996,1.5,129.89652859657127,0.16142892371369372,True,False,False
3.035,0.18587517259614064,0.033805503807366376,0.02887496124353007,-0.15016173275776737,0.0,0.0002936965818857398,0.2608751072021803,0.0,0.38984408264032056,0.07500000000000001,0.0,0.38999999999999996,1.5,129.89653010705857,0.1559368969455594,True,False,False
3.04,0.1857317729153229,0.03715567448463803,0.028742667235999667,-0.15016173275776737,0.0,0.0002936965818857398,0.2607316956518455,0.0,0.3898305876058005,0.07500000000000001,0.0,0.38999999999999996,1.5,129.8965368051918,0.15060270403952,True,False,False
3.045,0.18558903898259918,0.040497642032074205,0.028607898234792074,-0.15016173275776737,0.0,0.0002936965818857398,0.2605889489108056,0.0,0.38981715397975814,0.07500000000000001,0.0,0.38999999999999996,1.5,129.89654847587443,0.14542376614404473,True,False,False
3.0500000000000003,0.1854469838355568,0.04383278591578505,0.028470607032049396,-0.15062864040453347,0.0,0.00021310000347464844,0.2604468800223947,0.0,0.3898037764927009,0.07500000000000001,0.0,0.38999999999999996,1.5,129.89552853992612,0.14113526704060547,True,False,False
3.055,0.18530562072669804,0.04716240928218841,0.02833078260843534,-0.15062864040453347,0.0,0.00021310000347464844,0.2603055022425599,0.0,0.3897904491958895,0.07500000000000001,0.0,0.38999999999999996,1.5,129.89554962036874,0.13623266619772378,True,False,False
3.06,0.18516496312182212,0.05048772928458081,0.028188339402729804,-0.15062864040453347,0.0,0.00021310000347464844,0.2601648290392263,0.0,0.3897771664750164,0.07500000000000001,0.0,0.38999999999999996,1.5,129.89557507541497,0.13147833397255979,True,False,False
3.065,0.1850250247053752,0.053809874234957845,0.02804322777019899,-0.15062864040453347,0.0,0.00021310000347464844,0.2600248740990362,0.0,0.38976392403655113,0.07500000000000001,0.0,0.38999999999999996,1.5,129.89560469144206,0.12686970490475646,True,False,False
3.0700000000000003,0.1848858193757675,0.057129866870419134,0.027895398432106932,-0.15062864040453347,0.0,0.00021310000347464844,0.2598856513219208,0.0,0.38975071799493394,0.07500000000000001,0.0,0.38999999999999996,1.5,129.89563825703533,0.12240421694481024,True,False,False
3.075,0.18474736124017607,0.06044861789501128,0.027744802923161012,-0.15062864040453347,0.0,0.00021310000347464844,0.2597471748160901,0.0,0.3897375448968712,0.07500000000000001,0.0,0.38999999999999996,1.5,129.89567556343553,0.1180793116093512,True,False,False
3.08,0.1846096646080499,0.06376692177007898,0.027591393936983902,-0.15062864040453347,0.0,0.00021310000347464844,0.259609458891721,0.0,0.38972440173685674,0.07500000000000001,0.0,0.38999999999999996,1.5,129.89571640494395,0.11389243465880153,True,False,False
3.085,0.18447274398356098,0.06708545419940701,0.027435125596889848,-0.15062864040453347,0.0,0.00021310000347464844,0.2594725180535872,0.0,0.38971128596607457,0.07500000000000001,0.0,0.38999999999999996,1.5,129.8957605792861,0.10984103710887252,True,False,False
3.09,0.1843366140571877,0.07040477095579357,0.027275953671652295,-0.15062864040453347,0.0,0.00021310000347464844,0.25933636699281587,0.0,0.3896981954962461,0.07500000000000001,0.0,0.38999999999999996,1.5,129.89580788793708,0.10592257644585193,True,False,False
3.095,0.18420128969657662,0.07372530769410154,0.027113835750445972,-0.15062864040453347,0.0,0.00021310000347464844,0.25920102057791733,0.0,0.3896851286995884,0.07500000000000001,0.0,0.38999999999999996,1.5,129.89585813641017,0.10213451795612544,True,False,False
3.1,0.1840667859367907,0.07704738056873255,0.026948731387166937,-0.1503660845494579,0.0,0.00013398708941851704,0.25906649384519553,0.0,0.3896720844057726,0.07500000000000001,0.0,0.38999999999999996,1.5,129.89484541853525,0.09806248040889454,True,False,False
3.105,0.1839331179740628,0.0803711935311597,0.026780641302238204,-0.1503660845494579,0.0,0.00013398708941851704,0.2589328019907451,0.0,0.389659060864861,0.07500000000000001,0.0,0.38999999999999996,1.5,129.89490082635012,0.09454243629712969,True,False,False
3.11,0.1838003011551001,0.08369683388719736,0.026609489469311586,-0.1503660845494579,0.0,0.00013398708941851704,0.25879996036152053,0.0,0.38964605677153913,0.07500000000000001,0.0,0.38999999999999996,1.5,129.8949585967732,0.09114486140899253,True,False,False
3.115,0.18366835096040304,0.08702426790678694,0.026435241832625758,-0.1503660845494579,0.0,0.00013398708941851704,0.25866798444086425,0.0,0.38963307229017996,0.07500000000000001,0.0,0.38999999999999996,1.5,129.89501855476345,0.08786727312624171,True,False,False
3.12,0.18353728299473107,0.09035334946720046,0.026257866811691843,-0.1503660845494579,0.0,0.00013398708941851704,0.2585368898373466,0.0,0.3896201080131023,0.07500000000000001,0.0,0.38999999999999996,1.5,129.8950805302617,0.08470720283327907,True,False,False
3.125,0.18340711297481088,0.09368382269146457,0.026077335306338174,-0.1503660845494579,0.0,0.00013398708941851704,0.25840669227260604,0.0,0.3896071649498474,0.07500000000000001,0.0,0.38999999999999996,1.5,129.89514435829867,0.08166219739367273,True,False,False
3.13,0.18327785671723967,0.09701532524997948,0.025893620730379735,-0.1503660845494579,0.0,0.00013398708941851704,0.2582774075693748,0.0,0.38959424451411806,0.07500000000000001,0.0,0.38999999999999996,1.5,129.89520987908023,0.07872982044210061,True,False,False
3.1350000000000002,0.18314953012623142,0.10034739177574957,0.02570669905403917,-0.1503660845494579,0.0,0.00013398708941851704,0.2581490516393395,0.0,0.38958134851020565,0.07500000000000001,0.0,0.38999999999999996,1.5,129.89527693804945,0.0759076535545607,True,False,False
3.14,0.18302214918122078,0.10367945743849884,0.02551654884263786,-0.1503660845494579,0.0,0.00013398708941851704,0.2580216404708532,0.0,0.3895684791189404,0.07500000000000001,0.0,0.38999999999999996,1.5,129.89534538593165,0.07319329732834663,True,False,False
3.145,0.1828957299243426,0.10701086158290427,0.025323151291390907,-0.1503660845494579,0.0,0.00013398708941851704,0.25789519011651474,0.0,0.38955563888333067,0.07500000000000001,0.0,0.38999999999999996,1.5,129.89541507875762,0.07058437237932438,True,False,False
3.15,0.1827702884478163,0.11034085146916373,0.02512649025618189,-0.14870420729207726,0.0,5.421358666186056e-05,0.2577697166806457,0.0,0.3895428306938624,0.07500000000000001,0.0,0.38999999999999996,1.5,129.89430296814297,0.06546139818578275,True,False,False
3.1550000000000002,0.18264584090096803,0.11366861866898324,0.024926596292323844,-0.14870420729207726,0.0,5.421358666186056e-05,0.25764523632314884,0.0,0.38953005651101624,0.07500000000000001,0.0,0.38999999999999996,1.5,129.89437342524457,0.06315019690727014,True,False,False
3.16,0.18252240348162518,0.1169932695237369,0.02472340797112046,-0.14870420729207726,0.0,5.421358666186056e-05,0.2575217652538637,0.0,0.3895173186116613,0.07500000000000001,0.0,0.38999999999999996,1.5,129.89444462539845,0.060934944845188924,True,False,False
3.165,0.18239999239161714,0.1203137903697287,0.024516916724035113,-0.14870420729207726,0.0,5.421358666186056e-05,0.25739931969163843,0.0,0.38950462086289983,0.07500000000000001,0.0,0.38999999999999996,1.5,129.89451645208467,0.0588133953221877,True,False,False
3.17,0.18227862383087182,0.12362908501376928,0.024307117130235745,-0.14870420729207726,0.0,5.421358666186056e-05,0.25727791585542387,0.0,0.3894919674424894,0.07500000000000001,0.0,0.38999999999999996,1.5,129.89458879382306,0.056783322857472215,True,False,False
3.1750000000000003,0.182158313983757,0.12693798087047453,0.024094006816904625,-0.14870420729207726,0.0,5.421358666186056e-05,0.2571575699506518,0.0,0.3894793628150053,0.07500000000000001,0.0,0.38999999999999996,1.5,129.894661544112,0.05484252469790743,True,False,False
3.18,0.18203907900572544,0.1302392345820427,0.023877586383673363,-0.14870420729207726,0.0,5.421358666186056e-05,0.25703829815591056,0.0,0.3894668117100336,0.07500000000000001,0.0,0.38999999999999996,1.5,129.89473460135753,0.05298882198596806,True,False,False
3.185,0.18192093501022508,0.13353153727215142,0.023657859344101886,-0.14870420729207726,0.0,5.421358666186056e-05,0.2569201166098792,0.0,0.3894543191019516,0.07500000000000001,0.0,0.38999999999999996,1.5,129.89480786879335,0.05122006066620319,True,False,False
3.19,0.1818038980558425,0.13681351942931472,0.02343483207883788,-0.14870420729207726,0.0,5.421358666186056e-05,0.2568030413984875,0.0,0.3894418901908984,0.07500000000000001,0.0,0.38999999999999996,1.5,129.89488125439405,0.04953411219995048,True,False,False
3.1950000000000003,0.181687984133654,0.14008375563800293,0.023208513796451353,-0.14870420729207726,0.0,5.421358666186056e-05,0.2566870885422763,0.0,0.3894295303847096,0.07500000000000001,0.0,0.38999999999999996,1.5,129.89495467078171,0.04792887413608475,True,False,False
3.2,0.18157320915477454,0.1433407690548088,0.022978916498991395,-0.14527276651078194,0.0,-2.6820862512277383e-05,0.25657227398394755,0.0,0.3894172452816317,0.07500000000000001,0.0,0.38999999999999996,1.5,129.89366560166437,0.040996269527983395,True,False,False
3.205,0.1814595889777306,0.14658310182172266,0.02274610726621879,-0.14527276651078194,0.0,-2.6820862512277383e-05,0.2564586136104961,0.0,0.38940503905706475,0.07500000000000001,0.0,0.38999999999999996,1.5,129.89373583393245,0.0397402479109641,True,False,False
3.21,0.18134713940566038,0.14980925151247487,0.022510036833419813,-0.14527276651078194,0.0,-2.6820862512277383e-05,0.2563461232551839,0.0,0.389392916042322,0.07500000000000001,0.0,0.38999999999999996,1.5,129.89380570262418,0.03855368249044658,True,False,False
3.215,0.1812358761052156,0.15301758923817194,0.022270726690578925,-0.14527276651078194,0.0,-2.6820862512277383e-05,0.2562348186221627,0.0,0.3893808823885092,0.07500000000000001,0.0,0.38999999999999996,1.5,129.89387514933648,0.03743494454874835,True,False,False
3.22,0.18112581443172548,0.156206237214676,0.02202823874933695,-0.14527276651078194,0.0,-2.6820862512277383e-05,0.2561247151093333,0.0,0.3893689452331972,0.07500000000000001,0.0,0.38999999999999996,1.5,129.8939441184052,0.03638435643079689,True,False,False
3.225,0.1810169692789639,0.15937312794312705,0.02178264832495918,-0.14527276651078194,0.0,-2.6820862512277383e-05,0.2560158276576053,0.0,0.38935711247211385,0.07500000000000001,0.0,0.38999999999999996,1.5,129.89401255683364,0.03540012934848684,True,False,False
3.23,0.1809093552267837,0.16251630429065866,0.02153402256357846,-0.14527276651078194,0.0,-2.6820862512277383e-05,0.25590817089441037,0.0,0.38934539156022385,0.07500000000000001,0.0,0.38999999999999996,1.5,129.8940804154484,0.03448002295824652,True,False,False
3.235,0.18080298658613492,0.16563393333797516,0.02128242140948724,-0.14527276651078194,0.0,-2.6820862512277383e-05,0.25580175917832587,0.0,0.38933378945614605,0.07500000000000001,0.0,0.38999999999999996,1.5,129.89414764882545,0.03362184038180563,True,False,False
3.24,0.18069787743088425,0.1687242949161731,0.021027897900949305,-0.14527276651078194,0.0,-2.6820862512277383e-05,0.25569660663085375,0.0,0.38932231266694795,0.07500000000000001,0.0,0.38999999999999996,1.5,129.89421421514345,0.03282342786874497,True,False,False
3.245,0.1805940416247641,0.17178576504315324,0.02077049879345423,-0.14527276651078194,0.0,-2.6820862512277383e-05,0.2555927271634257,0.0,0.3893109673131626,0.07500000000000001,0.0,0.38999999999999996,1.5,129.89428007603726,0.032082675249827775,True,False,False
3.25,0.18049149284354726,0.174816797281078,0.020510265373588125,-0.13992215371719688,0.0,-0.00010747934814751278,0.2554901344996923,0.0,0.3892997592019529,0.07500000000000001,0.0,0.38999999999999996,1.5,129.8927801072758,0.022966600215459376,True,False,False
3.255,0.18039024456261876,0.1778158998028077,0.020247316949713167,-0.13992215371719688,0.0,-0.00010747934814751278,0.2553888421571292,0.0,0.3892886923508485,0.07500000000000001,0.0,0.38999999999999996,1.5,129.89283983064232,0.022638960546366688,True,False,False
3.2600000000000002,0.1802903100950637,0.18078163893385768,0.019981607331071335,-0.13992215371719688,0.0,-0.00010747934814751278,0.25528886349070257,0.0,0.3892777705315878,0.07500000000000001,0.0,0.38999999999999996,1.5,129.89289857685984,0.022354997259970644,True,False,False
3.265,0.18019170264490922,0.18371261501703456,0.019713163479169363,-0.13992215371719688,0.0,-0.00010747934814751278,0.2551902117527769,0.0,0.38926699893533084,0.07500000000000001,0.0,0.38999999999999996,1.5,129.89295633483755,0.022112864615921907,True,False,False
3.27,0.18009443528807947,0.1866074325444222,0.019442010495252324,-0.13992215371719688,0.0,-0.00010747934814751278,0.2550929000685087,0.0,0.38925638272856333,0.07500000000000001,0.0,0.38999999999999996,1.5,129.8930130956404,0.02191076989212562,True,False,False
3.275,0.1799985209632502,0.189464687554461,0.019168186354336602,-0.13992215371719688,0.0,-0.00010747934814751278,0.25499694142685764,0.0,0.38924592710299216,0.07500000000000001,0.0,0.38999999999999996,1.5,129.89306885236263,0.021746935831944772,True,False,False
3.2800000000000002,0.17990397218342474,0.1922829930115173,0.01889182367050903,-0.13992215371719688,0.0,-0.00010747934814751278,0.25490234839171055,0.0,0.38923563717903337,0.07500000000000001,0.0,0.38999999999999996,1.5,129.89312360009242,0.021619449399912213,True,False,False
3.285,0.17981080094904026,0.1950610669732325,0.01861299300713024,-0.13992215371719688,0.0,-0.00010747934814751278,0.2548091330134346,0.0,0.3892255176616836,0.07500000000000001,0.0,0.38999999999999996,1.5,129.89317733575282,0.021526741701894253,True,False,False
3.29,0.17971901904606896,0.1977977201124124,0.01833173721876067,-0.13992215371719688,0.0,-0.00010747934814751278,0.25471730712701773,0.0,0.389215572887718,0.07500000000000001,0.0,0.38999999999999996,1.5,129.8932300578444,0.021467370877908273,True,False,False
3.295,0.17962863808962135,0.20049180631051305,0.01804809041697014,-0.13992215371719688,0.0,-0.00010747934814751278,0.25462688239637865,0.0,0.3892058070198523,0.07500000000000001,0.0,0.38999999999999996,1.5,129.89328176632097,0.021439960220447946,True,False,False
3.3000000000000003,0.17953966954462347,0.20314218226602973,0.017762080221854316,-0.1326964221123808,0.0,-0.0001843622273508469,0.2545378703356631,0.0,0.38919622420587313,0.07500000000000001,0.0,0.38999999999999996,1.5,129.8915844849694,0.010056457892272747,True,False,False
3.305,0.17945212476086975,0.20574766291973076,0.017473799306227014,-0.1326964221123808,0.0,-0.0001843622273508469,0.2544502823369288,0.0,0.38918682696348456,0.07500000000000001,0.0,0.38999999999999996,1.5,129.89162851785952,0.010499635105294364,True,False,False
3.31,0.17936601494727392,0.20830701324371648,0.017183203208478246,-0.1326964221123808,0.0,-0.0001843622273508469,0.25436412965223704,0.0,0.38917761799558287,0.07500000000000001,0.0,0.38999999999999996,1.5,129.89167139511738,0.010960233601932087,True,False,False
3.315,0.17928135115576047,0.21081894845401197,0.016890312506770186,-0.1326964221123808,0.0,-0.0001843622273508469,0.25427942338588816,0.0,0.38916860198547654,0.07500000000000001,0.0,0.38999999999999996,1.5,129.8917131369648,0.011437180550683754,True,False,False
3.3200000000000003,0.1791981443091115,0.21328210591943156,0.016595146854748357,-0.1326964221123808,0.0,-0.0001843622273508469,0.25419617451488963,0.0,0.3891597839216173,0.07500000000000001,0.0,0.38999999999999996,1.5,129.8917537638685,0.011929447751410832,True,False,False
3.325,0.1791164051986705,0.2156950333689865,0.016297726286625482,-0.1326964221123808,0.0,-0.0001843622273508469,0.25411439388690493,0.0,0.3891511691446529,0.07500000000000001,0.0,0.38999999999999996,1.5,129.89179329648408,0.012436045133392748,True,False,False
3.33,0.17903614447819505,0.2180561816674537,0.015998073501116768,-0.1326964221123808,0.0,-0.0001843622273508469,0.25403409221427214,0.0,0.38914276337652254,0.07500000000000001,0.0,0.38999999999999996,1.5,129.8918317556058,0.012956015102293411,True,False,False
3.335,0.17895737247643972,0.22036412047639203,0.01569635634005754,-0.1326964221123808,0.0,-0.0001843622273508469,0.2539552798825363,0.0,0.38913457187802947,0.07500000000000001,0.0,0.38999999999999996,1.5,129.89186916211452,0.013488468650840246,True,False,False
3.34,0.17888009883416303,0.22261799777190713,0.015392707582993421,-0.1326964221123808,0.0,-0.0001843622273508469,0.25387796657849726,0.0,0.38912659765173546,0.07500000000000001,0.0,0.38999999999999996,1.5,129.8919055369324,0.014032486577534614,True,False,False
3.345,0.1788043328960331,0.2248170583645859,0.015087166305306474,-0.1326964221123808,0.0,-0.0001843622273508469,0.25380216169081293,0.0,0.3891188433239141,0.07500000000000001,0.0,0.38999999999999996,1.5,129.89194090102563,0.014587122880205416,True,False,False
3.35,0.17873008380349636,0.226960481613233,0.014779767076061573,-0.12383036008217671,0.0,-0.00025383078045440724,0.2537278744059033,0.0,0.3891113117799251,0.07500000000000001,0.0,0.38999999999999996,1.5,129.89009697163095,0.0011786301698447077,True,False,False
3.355,0.17865736049581138,0.22904735380651342,0.014470625809986199,-0.12383036008217671,0.0,-0.00025383078045440724,0.2536551136996973,0.0,0.3891040043088593,0.07500000000000001,0.0,0.38999999999999996,1.5,129.89012461700653,0.0022555475404776176,True,False,False
3.36,0.17858617171458013,0.23107660041576866,0.014159683674087577,-0.12383036008217671,0.0,-0.00025383078045440724,0.2535838883530344,0.0,0.38909692282696906,0.07500000000000001,0.0,0.38999999999999996,1.5,129.89015122751437,0.003327166087146269,True,False,False
3.365,0.17851652599712614,0.23304695596399363,0.013846971708221398,-0.12383036008217671,0.0,-0.00025383078045440724,0.25351420695578947,0.0,0.3890900719653797,0.07500000000000001,0.0,0.38999999999999996,1.5,129.89017683710063,0.004392752090772979,True,False,False
3.37,0.17844843166741878,0.2349569786065234,0.013532522901427143,-0.12383036008217671,0.0,-0.00025383078045440724,0.25344607788793483,0.0,0.38908345705254466,0.07500000000000001,0.0,0.38999999999999996,1.5,129.89020147880242,0.005451614843975508,True,False,False
3.375,0.17838189682786887,0.23680504627339982,0.013216373361111023,-0.12383036008217671,0.0,-0.00025383078045440724,0.25337950931148445,0.0,0.38907708413033176,0.07500000000000001,0.0,0.38999999999999996,1.5,129.89022518475065,0.006503108204866485,True,False,False
3.38,0.17831692934924703,0.2385893588632901,0.012898563404669742,-0.12383036008217671,0.0,-0.00025383078045440724,0.2533145091604244,0.0,0.38907095994635393,0.07500000000000001,0.0,0.38999999999999996,1.5,129.8902479861742,0.007546631296696783,True,False,False
3.3850000000000002,0.1782535368556702,0.24030796043198752,0.012579143659819063,-0.12383036008217671,0.0,-0.00025383078045440724,0.25325108512528993,0.0,0.38906509186953264,0.07500000000000001,0.0,0.38999999999999996,1.5,129.89026991336277,0.00858195677465183,True,False,False
3.39,0.1781917267110964,0.24195876092799198,0.012258143395677872,-0.12383036008217671,0.0,-0.00025383078045440724,0.2531892446392482,0.0,0.3890594878117577,0.07500000000000001,0.0,0.38999999999999996,1.5,129.89029099552673,0.00960919199872328,True,False,False
3.395,0.1781315062289801,0.24353855631504592,0.011935436157666216,-0.12383036008217671,0.0,-0.00025383078045440724,0.25312899510821285,0.0,0.3890541600857135,0.07500000000000001,0.0,0.38999999999999996,1.5,129.89031126053385,0.010629725908225508,True,False,False
3.4,0.17807288254911263,0.24504410200523535,0.011611331363748013,-0.11362081583539753,0.0,-0.000311628153320108,0.2530703437656881,0.0,0.389049121185568,0.07500000000000001,0.0,0.38999999999999996,1.5,129.8884043897769,0.0044488074284226645,True,False,False
3.4050000000000002,0.17801586216397997,0.2464750925031291,0.011286149805012354,-0.11362081583539753,0.0,-0.000311628153320108,0.25301329712488124,0.0,0.3890443699911248,0.07500000000000001,0.0,0.38999999999999996,1.5,129.88841817117054,0.0028675330903781063,True,False,False
3.41,0.17796045107602015,0.24783149657156553,0.010959882715903289,-0.11362081583539753,0.0,-0.000311628153320108,0.25295786120156916,0.0,0.38903990430496954,0.07500000000000001,0.0,0.38999999999999996,1.5,129.88843121233782,0.0013114027423573385,True,False,False
3.415,0.17790665489499918,0.24911304999746522,0.01063260269479293,-0.11362081583539753,0.0,-0.000311628153320108,0.2529040416334256,0.0,0.38903572492477057,0.07500000000000001,0.0,0.38999999999999996,1.5,129.8884435465418,0.0002190830578992775,True,False,False
3.42,0.1778544787983006,0.2503191709102291,0.010304387701225675,-0.11362081583539753,0.0,-0.000311628153320108,0.25285184363123986,0.0,0.3890318339067273,0.07500000000000001,0.0,0.38999999999999996,1.5,129.88845520555975,0.0017235388091360673,True,False,False
3.4250000000000003,0.1778039275281004,0.2514489706840703,0.009975321917807175,-0.11362081583539753,0.0,-0.000311628153320108,0.25280127197598745,0.0,0.389028234524734,0.07500000000000001,0.0,0.38999999999999996,1.5,129.88846621972363,0.0032016730557763926,True,False,False
3.43,0.17775500538698852,0.25250126297089154,0.009645496819382862,-0.11362081583539753,0.0,-0.000311628153320108,0.25275233101434935,0.0,0.3890249312365308,0.07500000000000001,0.0,0.38999999999999996,1.5,129.88847661796575,0.0046532710455410575,True,False,False
3.435,0.17770771619549702,0.2534744828426749,0.009315029321643005,-0.11362081583539753,0.0,-0.000311628153320108,0.25270502461805133,0.0,0.38902193000399266,0.07500000000000001,0.0,0.38999999999999996,1.5,129.88848642786118,0.006078356105314653,True,False,False
3.44,0.17766206238502252,0.2543645419484599,0.008984159965283563,-0.11362081583539753,0.0,-0.000311628153320108,0.25265935532350964,0.0,0.389019246751429,0.07500000000000001,0.0,0.38999999999999996,1.5,129.8884956754883,0.007478140510008613,True,False,False
3.4450000000000003,0.17761804516587443,0.2551653677651372,0.00865306151603046,-0.11362081583539753,0.0,-0.000311628153320108,0.25261532448877666,0.0,0.3890169052470952,0.07500000000000001,0.0,0.38999999999999996,1.5,129.8885043854622,0.008852812850159562,True,False,False
3.45,0.17757566563858915,0.25587166505965886,0.00832190313340434,-0.1024213512136355,0.0,-0.0003536372618516096,0.2525729333446698,0.0,0.3890149262172452,0.07500000000000001,0.0,0.38999999999999996,1.5,129.8866392796914,0.007450351446630397,True,False,False
3.455,0.17753492485285083,0.2564790821302959,0.007990876917524259,-0.1024213512136355,0.0,-0.0003536372618516096,0.25253218303797226,0.0,0.38901332463327104,0.07500000000000001,0.0,0.38999999999999996,1.5,129.8866436671035,0.005492941683867221,True,False,False
3.46,0.17749582372848247,0.25698404864715235,0.007660130230316528,-0.1024213512136355,0.0,-0.0003536372618516096,0.25249307456664954,0.0,0.38901211238983824,0.07500000000000001,0.0,0.38999999999999996,1.5,129.88664767351293,0.003603368158505142,True,False,False
3.465,0.17745836320738914,0.25738414636432433,0.007329807307312814,-0.1024213512136355,0.0,-0.0003536372618516096,0.25245560893324165,0.0,0.38901129864061,0.07500000000000001,0.0,0.38999999999999996,1.5,129.88665133315772,0.0018979515700265452,True,False,False
3.47,0.1774225438564139,0.2576771001961739,0.007000206252452528,-0.1024213512136355,0.0,-0.0003536372618516096,0.25241978675867893,0.0,0.38901089182289394,0.07500000000000001,0.0,0.38999999999999996,1.5,129.88665468554018,0.00036204654937964376,True,False,False
3.475,0.17738836530633262,0.25785944561553303,0.00667170254755455,-0.1024213512136355,0.0,-0.0003536372618516096,0.2523856077518947,0.0,0.38901090518965137,0.07500000000000001,0.0,0.38999999999999996,1.5,129.88665776375132,0.0010327659219179566,True,False,False
3.48,0.17735582624141585,0.25792656532731145,0.0063448004139824085,-0.1024213512136355,0.0,-0.0003536372618516096,0.25235307069851304,0.0,0.3890113566955016,0.07500000000000001,0.0,0.38999999999999996,1.5,129.8866605934925,0.002354521349010933,True,False,False
3.485,0.17732492434986963,0.2578726656240147,0.00602005190961339,-0.1024213512136355,0.0,-0.0003536372618516096,0.25232217341201013,0.0,0.3890122692026655,0.07500000000000001,0.0,0.38999999999999996,1.5,129.88666318897197,0.0036529453043065395,True,False,False
3.49,0.17729565683995704,0.25769212525233004,0.005698023505130461,-0.1024213512136355,0.0,-0.0003536372618516096,0.2522929132184398,0.0,0.3890136649501339,0.07500000000000001,0.0,0.38999999999999996,1.5,129.88666556154766,0.004926671851544825,True,False,False
3.495,0.17726802056184587,0.25737985039093714,0.005379373174867058,-0.1024213512136355,0.0,-0.0003536372618516096,0.25226528706964085,0.0,0.3890155641042553,0.07500000000000001,0.0,0.38999999999999996,1.5,129.88666772204033,0.006174593044222229,True,False,False
3.5,0.17724201200527212,0.25693131586443685,0.005064872308436346,-0.09075806370200029,0.0,-0.0003774637800741927,0.25223929153952485,0.0,0.3890179846007606,0.07500000000000001,0.0,0.38999999999999996,1.5,129.8849581160781,0.010988709312218198,True,False,False
3.505,0.1772176265170977,0.2563454327185692,0.004755002385360185,-0.09075806370200029,0.0,-0.0003774637800741927,0.25221492196851686,0.0,0.38902092898826757,0.07500000000000001,0.0,0.38999999999999996,1.5,129.88495837057897,0.009134832659078182,True,False,False
3.5100000000000002,0.17719485652279776,0.25562871436589196,0.004450330985892338,-0.09075806370200029,0.0,-0.0003774637800741927,0.25219217060666643,0.0,0.3890243700327964,0.07500000000000001,0.0,0.38999999999999996,1.5,129.8849585779968,0.007325462257588142,True,False,False
3.515,0.17717369369038777,0.25478719652363224,0.004151523072130389,-0.09075806370200029,0.0,-0.0003774637800741927,0.25217102896508714,0.0,0.3890282843277945,0.07500000000000001,0.0,0.38999999999999996,1.5,129.88495874394025,0.00556018771178329,True,False,False
3.52,0.17715412950700274,0.25382552971699757,0.003859463944031692,-0.09075806370200029,0.0,-0.0003774637800741927,0.2521514884017369,0.0,0.38903265392274566,0.07500000000000001,0.0,0.38999999999999996,1.5,129.88495887308798,0.0038386371786127654,True,False,False
3.525,0.17713615524157295,0.2527474593923352,0.0035753042590761317,-0.09075806370200029,0.0,-0.0003774637800741927,0.2521335400737421,0.0,0.38903746443669146,0.07500000000000001,0.0,0.38999999999999996,1.5,129.88495896927566,0.00216047208605055,True,False,False
3.5300000000000002,0.17711976192035245,0.25155613208818456,0.003300534406801133,-0.09075806370200029,0.0,-0.0003774637800741927,0.25211717490636737,0.0,0.3890427038548046,0.07500000000000001,0.0,0.38999999999999996,1.5,129.88495903557555,0.0005253800919645829,True,False,False
3.535,0.17710494031029253,0.2502542953292626,0.0030370911878187866,-0.09075806370200029,0.0,-0.0003774637800741927,0.25210238357215575,0.0,0.38904836174241114,0.07500000000000001,0.0,0.38999999999999996,1.5,129.8849590743723,0.0010669319716367588,True,False,False
3.54,0.17709168090837554,0.24884442851790534,0.0027874999831834597,-0.09075806370200029,0.0,-0.0003774637800741927,0.25208915647754176,0.0,0.3890544287300077,0.07500000000000001,0.0,0.38999999999999996,1.5,129.8849590874339,0.0026167443885680543,True,False,False
3.545,0.1770799739353941,0.24732882881447021,0.00255504928228996,-0.09075806370200029,0.0,-0.0003774637800741927,0.25207748375489675,0.0,0.38906089617499884,0.07500000000000001,0.0,0.38999999999999996,1.5,129.8849590759791,0.004124329814354391,True,False,False
3.5500000000000003,0.17706980933299343,0.24570966758858387,0.0023439742975768845,-0.07885857525456309,0.0,-0.0003790301321331921,0.2520673552584828,0.0,0.3890677559391961,0.07500000000000001,0.0,0.38999999999999996,1.5,129.88350807720138,0.013167737736328011,True,False,False
3.555,0.17706117689709563,0.24398925389752246,0.0021588325431874875,-0.07885857525456309,0.0,-0.0003790301321331921,0.25205876068383976,0.0,0.38907499768251114,0.07500000000000001,0.0,0.38999999999999996,1.5,129.88350845812386,0.011070644336923736,True,False,False
3.56,0.1770540663130473,0.2421698264468993,0.002006479337319613,-0.07885857525456309,0.0,-0.0003790301321331921,0.25205168961650726,0.0,0.3890826113555716,0.07500000000000001,0.0,0.38999999999999996,1.5,129.8835090320299,0.009032688762974472,True,False,False
3.565,0.177048466938864,0.2402532975660491,0.001893746767244936,-0.07885857525456309,0.0,-0.0003790301321331921,0.2520461313291966,0.0,0.3890905898797126,0.07500000000000001,0.0,0.38999999999999996,1.5,129.88350978877597,0.007053279277928386,True,False,False
3.5700000000000003,0.17704436785154803,0.23824149689438062,0.0018268145761500302,-0.07885857525456309,0.0,-0.0003790301321331921,0.2520420748142125,0.0,0.3890989265107398,0.07500000000000001,0.0,0.38999999999999996,1.5,129.88351071775747,0.005131838263196157,True,False,False
3.575,0.1770417578440939,0.2361361927806817,0.0018095612074971006,-0.07885857525456309,0.0,-0.0003790301321331921,0.25203950878010056,0.0,0.38910761475388367,0.07500000000000001,0.0,0.38999999999999996,1.5,129.88351180800245,0.0032677945807149857,True,False,False
3.58,0.1770406254257648,0.23393910901776616,0.0018421550565675968,-0.07885857525456309,0.0,-0.0003790301321331921,0.2520384216516711,0.0,0.38911664829707093,0.07500000000000001,0.0,0.38999999999999996,1.5,129.88351304825937,0.0014606674044075965,True,False,False
3.585,0.17704095893145597,0.2316520606537548,0.0019206771199572644,-0.07885857525456309,0.0,-0.0003790301321331921,0.2520388016767428,0.0,0.38912602046224704,0.07500000000000001,0.0,0.38999999999999996,1.5,129.88351442700474,0.0002884787867404974,True,False,False
3.59,0.17704274665883107,0.22927697709203645,0.00203871435989778,-0.07885857525456309,0.0,-0.0003790301321331921,0.25204063706302454,0.0,0.3891357241056961,0.07500000000000001,0.0,0.38999999999999996,1.5,129.88351593249536,0.001980022159512481,True,False,False
3.595,0.1770459767515146,0.22681566685903565,0.002188908458635279,-0.07885857525456309,0.0,-0.0003790301321331921,0.2520439158661346,0.0,0.3891457525634268,0.07500000000000001,0.0,0.38999999999999996,1.5,129.8835175529669,0.003614850847842868,True,False,False
3.6,0.17705063715550437,0.2242698059943147,0.0023642287387068274,-0.06705650185244291,0.0,-0.00035723600095277684,0.2520486259462403,0.0,0.38915609969879755,0.07500000000000001,0.0,0.38999999999999996,1.5,129.88240282834965,0.013410888109006036,True,False,False
3.605,0.17705671552104926,0.22164094114726116,0.0025582093239038266,-0.06705650185244291,0.0,-0.00035723600095277684,0.2520547548636823,0.0,0.3891667585805135,0.07500000000000001,0.0,0.38999999999999996,1.5,129.88240702056171,0.011216102492082922,True,False,False
3.61,0.17706419923496813,0.21893055578411083,0.0027664755443808655,-0.06705650185244291,0.0,-0.00035723600095277684,0.2520622899166131,0.0,0.3891777225494201,0.07500000000000001,0.0,0.38999999999999996,1.5,129.88241156343756,0.009092895406143435,True,False,False
3.615,0.17707307550070625,0.21614007238826985,0.0029852793857735238,-0.06705650185244291,0.0,-0.00035723600095277684,0.25207121822704115,0.0,0.3891889865165177,0.07500000000000001,0.0,0.38999999999999996,1.5,129.88241643012418,0.007040230584089167,True,False,False
3.62,0.17708333126440332,0.2132708333024474,0.0032117466137422455,-0.06705650185244291,0.0,-0.00035723600095277684,0.2520815266608645,0.0,0.38920054571366064,0.07500000000000001,0.0,0.38999999999999996,1.5,129.88242159408185,0.0050570701927999465,True,False,False
3.625,0.17709495320005025,0.21032411470751078,0.003443677156255686,-0.06705650185244291,0.0,-0.00035723600095277684,0.25209320181276706,0.0,0.38921239563831067,0.07500000000000001,0.0,0.38999999999999996,1.5,129.88242702917066,0.003142375712558435,True,False,False
3.63,0.17710792769756473,0.20730114016400486,0.0036793780737676726,-0.06705650185244291,0.0,-0.00035723600095277684,0.2521062299940536,0.0,0.3892245319998821,0.07500000000000001,0.0,0.38999999999999996,1.5,129.88243270972748,0.001295108934280257,True,False,False
3.6350000000000002,0.17712224085351774,0.20420309324373823,0.003917534239167017,-0.06705650185244291,0.0,-0.00035723600095277684,0.2521205972231661,0.0,0.38923695066967096,0.07500000000000001,0.0,0.38999999999999996,1.5,129.8824386106354,0.0004857670062314162,True,False,False
3.64,0.17713787846426793,0.20103112892324357,0.0041571118241414415,-0.06705650185244291,0.0,-0.00035723600095277684,0.25213628921864345,0.0,0.3892496476355276,0.07500000000000001,0.0,0.38999999999999996,1.5,129.88244470738485,0.002201286608978819,True,False,False
3.645,0.17715482602126706,0.19778638364839715,0.004397287433421054,-0.06705650185244291,0.0,-0.00035723600095277684,0.25215329139428877,0.0,0.3892626189617216,0.07500000000000001,0.0,0.38999999999999996,1.5,129.88245097612787,0.0038524810368909014,True,False,False
3.65,0.17717306870831684,0.19446998405487229,0.004637396337129521,-0.05576466913987649,0.0,-0.0003140827552117055,0.2521715888563244,0.0,0.38927586075406395,0.07500000000000001,0.0,0.38999999999999996,1.5,129.88171505575457,0.01236038995413103,True,False,False
3.6550000000000002,0.1771925913334967,0.19108304326373846,0.004876669567042754,-0.05576466913987649,0.0,-0.0003140827552117055,0.25219116633171906,0.0,0.38928936824962307,0.07500000000000001,0.0,0.38999999999999996,1.5,129.8817255776854,0.010192999606232267,True,False,False
3.66,0.17721337838446272,0.18762671435223297,0.0051148718398846185,-0.05576466913987649,0.0,-0.0003140827552117055,0.2522120082267765,0.0,0.38930313655020043,0.07500000000000001,0.0,0.38999999999999996,1.5,129.8817364978543,0.008103599756215094,True,False,False
3.665,0.1772354141268341,0.18410218100844689,0.005351634493020337,-0.05576466913987649,0.0,-0.0003140827552117055,0.25223409872933544,0.0,0.38931716157799634,0.07500000000000001,0.0,0.38999999999999996,1.5,129.88174777606258,0.00609101149446583,True,False,False
3.67,0.1772586825514571,0.18051062595550102,0.005586646616511938,-0.05576466913987649,0.0,-0.0003140827552117055,0.2522574217526966,0.0,0.3893314392586476,0.07500000000000001,0.0,0.38999999999999996,1.5,129.88175937321213,0.004154053561896041,True,False,False
3.6750000000000003,0.1772831673763883,0.17685323155426816,0.005819642539895502,-0.05576466913987649,0.0,-0.0003140827552117055,0.25228196093765737,0.0,0.3893459655181559,0.07500000000000001,0.0,0.38999999999999996,1.5,129.88177125136653,0.002291542936133921,True,False,False
3.68,0.1773088520495005,0.17313118108168474,0.006050392552408262,-0.05576466913987649,0.0,-0.0003140827552117055,0.2523076996551595,0.0,0.3893607362770941,0.07500000000000001,0.0,0.38999999999999996,1.5,129.88178337380683,0.0005022954966643553,True,False,False
3.685,0.1773357197516277,0.16934566015398989,0.006278695894108111,-0.05576466913987649,0.0,-0.0003140827552117055,0.2523346210094764,0.0,0.38937574744437214,0.07500000000000001,0.0,0.38999999999999996,1.5,129.88179570507543,0.0012148732787646832,True,False,False
3.69,0.177363753400216,0.16549785808862935,0.006504375514173576,-0.05576466913987649,0.0,-0.0003140827552117055,0.2523627078419091,0.0,0.38939099491115875,0.07500000000000001,0.0,0.38999999999999996,1.5,129.88180821101483,0.0028611480488105814,True,False,False
3.6950000000000003,0.17739293570829778,0.16158896452983526,0.006727307941842521,-0.05576466913987649,0.0,-0.0003140827552117055,0.252391942789867,0.0,0.3894064745626064,0.07500000000000001,0.0,0.38999999999999996,1.5,129.8818208588038,0.00443779419230253,True,False,False
3.7,0.17742324933935846,0.15762013148701687,0.00694740169179857,-0.045336754832530066,0.0,-0.0002526075590242818,0.25242230844227104,0.0,0.3894221824234164,0.07500000000000001,0.0,0.38999999999999996,1.5,129.8814771178143,0.010493028640338721,True,False,False
3.705,0.17745467679253532,0.15359243667582517,0.0071644775699380514,-0.045336754832530066,0.0,-0.0002526075590242818,0.25245378722356765,0.0,0.389438114285684,0.07500000000000001,0.0,0.38999999999999996,1.5,129.88149497975314,0.008459337723196778,True,False,False
3.71,0.17748720030525666,0.14950693265040266,0.007378491979708009,-0.045336754832530066,0.0,-0.0002526075590242818,0.2524863612975943,0.0,0.3894542660555424,0.07500000000000001,0.0,0.38999999999999996,1.5,129.88151318007954,0.006507342426897891,True,False,False
3.715,0.1775208018215233,0.1453646965717037,0.007589330936491549,-0.045336754832530066,0.0,-0.0002526075590242818,0.2525200125368085,0.0,0.3894706340699463,0.07500000000000001,0.0,0.38999999999999996,1.5,129.8815316703262,0.004635782536032924,True,False,False
3.72,0.17755546302680913,0.1411668220062106,0.007796885923246655,-0.045336754832530066,0.0,-0.0002526075590242818,0.25255472255558986,0.0,0.38948721459449304,0.07500000000000001,0.0,0.38999999999999996,1.5,129.8815504038159,0.0028433833754039767,True,False,False
3.725,0.17759116535127115,0.1369144254314867,0.008001054404081573,-0.045336754832530066,0.0,-0.0002526075590242818,0.2525904727134582,0.0,0.389504003797406,0.07500000000000001,0.0,0.38999999999999996,1.5,129.88156933569786,0.001128855070566051,True,False,False
3.73,0.17762788997499293,0.1326086497360401,0.008201740125818946,-0.045336754832530066,0.0,-0.0002526075590242818,0.2526272441203733,0.0,0.389520997735378,0.07500000000000001,0.0,0.38999999999999996,1.5,129.88158842297543,0.0005091077672104358,True,False,False
3.735,0.17766561783478863,0.1282506652626843,0.008398853253923502,-0.045336754832530066,0.0,-0.0002526075590242818,0.25266501764362764,0.0,0.38953819234886866,0.07500000000000001,0.0,0.38999999999999996,1.5,129.8816076245279,0.002071825908286015,True,False,False
3.74,0.17770432963217314,0.12384166901861689,0.008592310376427747,-0.045336754832530066,0.0,-0.0002526075590242818,0.25270377391592824,0.0,0.3895555834648488,0.07500000000000001,0.0,0.38999999999999996,1.5,129.8816269011216,0.00356063492456888,True,False,False
3.745,0.1777440058421629,0.11938288239729282,0.008782034400474833,-0.045336754832530066,0.0,-0.0002526075590242818,0.2527434933443209,0.0,0.3895731668051806,0.07500000000000001,0.0,0.38999999999999996,1.5,129.8816462154167,0.004976884179617329,True,False,False
3.75,0.17778462672261244,0.11487554789053599,0.00896795436009142,-0.03609368737093871,0.0,-0.00017726972547207505,0.25278415611965566,0.0,0.38959093799913336,0.07500000000000001,0.0,0.38999999999999996,1.5,129.88167409336185,0.008249319580790941,True,False,False
3.755,0.17782617234739073,0.11032090682987589,0.00915000514288216,-0.03609368737093871,0.0,-0.00017726972547207505,0.25282574224977883,0.0,0.3896088925478428,0.07500000000000001,0.0,0.38999999999999996,1.5,129.88169877126367,0.006448673529948538,True,False,False
3.7600000000000002,0.17786862257542368,0.10572021874972727,0.009328121173083207,-0.03609368737093871,0.0,-0.00017726972547207505,0.25286823152882876,0.0,0.3896270258916635,0.07500000000000001,0.0,0.38999999999999996,1.5,129.88172364058673,0.004730215069709734,True,False,False
3.765,0.17791195703907967,0.10107478343452769,0.009502242897175751,-0.03609368737093871,0.0,-0.00017726972547207505,0.2529116035257578,0.0,0.38964533343985613,0.07500000000000001,0.0,0.38999999999999996,1.5,129.88174865091972,0.00309242237038794,True,False,False
3.77,0.177956155187523,0.09638591489472284,0.009672317753573762,-0.03609368737093871,0.0,-0.00017726972547207505,0.2529558376276785,0.0,0.3896638105339043,0.07500000000000001,0.0,0.38999999999999996,1.5,129.8817737542034,0.0015337555709100947,True,False,False
3.775,0.17800119629938538,0.09165493270994333,0.009838299528211053,-0.03609368737093871,0.0,-0.00017726972547207505,0.2530009130526743,0.0,0.3896824524813265,0.07500000000000001,0.0,0.38999999999999996,1.5,129.8817989047295,5.2660113920882656e-05,True,False,False
3.7800000000000002,0.1780470594951434,0.08688315444817642,0.010000147633550935,-0.03609368737093871,0.0,-0.00017726972547207505,0.25304680886228786,0.0,0.3897012545848457,0.07500000000000001,0.0,0.38999999999999996,1.5,129.88182405913156,0.0013524296141707859,True,False,False
3.785,0.17809372374800408,0.08207188833466192,0.010157826657229417,-0.03609368737093871,0.0,-0.00017726972547207505,0.25309350397249514,0.0,0.38972021217099806,0.07500000000000001,0.0,0.38999999999999996,1.5,129.88184917636696,0.0026830865275238036,True,False,False
3.79,0.17814116789297876,0.07722242614635844,0.010311305536723294,-0.03609368737093871,0.0,-0.00017726972547207505,0.25314097716284706,0.0,0.3897393206175166,0.07500000000000001,0.0,0.38999999999999996,1.5,129.8818742176937,0.003940886931289564,True,False,False
3.795,0.17818937063535034,0.07233603792333666,0.010460556839749452,-0.03609368737093871,0.0,-0.00017726972547207505,0.25318920708497533,0.0,0.38975857537401437,0.07500000000000001,0.0,0.38999999999999996,1.5,129.8818991466368,0.005127406648811748,True,False,False
3.8000000000000003,0.17823831055797684,0.06741396775821024,0.010605556081701339,-0.028312214595711163,0.0,-9.34828050243798e-05,0.25323817226991324,0.0,0.389777971978051,0.07500000000000001,0.0,0.38999999999999996,1.5,129.88224824213623,0.006022881442353259,True,False,False
3.805,0.17828796614701503,0.06245741512473734,0.010746329944630682,-0.028312214595711163,0.0,-9.34828050243798e-05,0.25328785115414487,0.0,0.38979750635400956,0.07500000000000001,0.0,0.38999999999999996,1.5,129.88227792609317,0.004531878451202759,True,False,False
3.81,0.178338315762975,0.05746755352666272,0.01088280335181153,-0.028312214595711163,0.0,-9.34828050243798e-05,0.25333822205019046,0.0,0.3898171745325692,0.07500000000000001,0.0,0.38999999999999996,1.5,129.8823076058977,0.003119037813272371,True,False,False
3.815,0.17838933762693243,0.052445552714496725,0.011014952781774218,-0.028312214595711163,0.0,-9.34828050243798e-05,0.25338926313249654,0.0,0.3898369723317923,0.07500000000000001,0.0,0.38999999999999996,1.5,129.88233723575826,0.0017827073756026962,True,False,False
3.8200000000000003,0.17844100985182992,0.047392560724417616,0.011142757052333,-0.028312214595711163,0.0,-9.34828050243798e-05,0.25344095246910914,0.0,0.3898568956394729,0.07500000000000001,0.0,0.38999999999999996,1.5,129.88236677245345,0.0005212395102589806,True,False,False
3.825,0.1784933104476805,0.04230970180779309,0.011266196736802687,-0.028312214595711163,0.0,-9.34828050243798e-05,0.25349326802687033,0.0,0.3898769404214466,0.07500000000000001,0.0,0.38999999999999996,1.5,129.88239617529064,0.0006670061261825899,True,False,False
3.83,0.17854621732690013,0.037198075209011125,0.011385255547147057,-0.028312214595711163,0.0,-9.34828050243798e-05,0.25354618767673415,0.0,0.38989710272557343,0.07500000000000001,0.0,0.38999999999999996,1.5,129.8824254060565,0.0017836656263753442,True,False,False
3.835,0.17859970837733702,0.0320587475472836,0.01149994727142611,-0.028312214595711163,0.0,-9.34828050243798e-05,0.25359968926678583,0.0,0.3899173787111281,0.07500000000000001,0.0,0.38999999999999996,1.5,129.88245442897954,0.002830421042991027,True,False,False
3.84,0.17865376147717435,0.026892729587080392,0.011610262097877851,-0.028312214595711163,0.0,-9.34828050243798e-05,0.2536537506371344,0.0,0.3899377647390225,0.07500000000000001,0.0,0.38999999999999996,1.5,129.88248321066445,0.003808835214022449,True,False,False
3.845,0.1787083543665338,0.02170099138672899,0.011716173565255322,-0.028312214595711163,0.0,-9.34828050243798e-05,0.25370834949140675,0.0,0.3899582573140068,0.07500000000000001,0.0,0.38999999999999996,1.5,129.8825117200002,0.00472044278812081,True,False,False
3.85,0.17876346464052711,0.01648448819223311,0.011817650802266448,-0.02218296806210819,0.0,-6.848439073790129e-06,0.25376346338972255,0.0,0.38997885298316043,0.07500000000000001,0.0,0.38999999999999996,1.5,129.88310927389244,0.0040956263433082896,True,False,False
3.855,0.178819069717745,0.011244169442782465,0.011914718998023781,-0.02218296806210819,0.0,-6.848439073790129e-06,0.25381906971717577,0.0,0.3899995488003193,0.07500000000000001,0.0,0.38999999999999996,1.5,129.88314137282478,0.0029646653032796566,True,False,False
3.86,0.17887514687767767,0.005981015230463008,0.012007279735831074,-0.02218296806210819,0.0,-6.848439073790129e-06,0.25387514572104786,0.0,0.39002034169747063,0.07500000000000001,0.0,0.38999999999999996,1.5,129.88317326623167,0.0019050016004148185,True,False,False
3.865,0.1789316733209436,0.0006960344815411945,0.012095305630516832,-0.02218296806210819,0.0,-6.848439073790129e-06,0.2539316685712345,0.0,0.3900412279852301,0.07500000000000001,0.0,0.38999999999999996,1.5,129.88320491752424,0.0009150271543475752,True,False,False
3.87,0.17898862615935385,0.004609751310617641,0.012178781517197887,-0.02218296806210819,0.0,-6.848439073790129e-06,0.2539886153504906,0.0,0.39006220391506863,0.07500000000000001,0.0,0.38999999999999996,1.5,129.883236292558,6.861009640396487e-06,True,False,False
3.875,0.1790459825193922,0.009935317675775133,0.012257707729190298,-0.02218296806210819,0.0,-6.848439073790129e-06,0.25404596315795014,0.0,0.3900832656980185,0.07500000000000001,0.0,0.38999999999999996,1.5,129.88326735957125,0.0008622593737320633,True,False,False
3.88,0.1791037194916618,0.015279629464083792,0.012332062325327464,-0.02218296806210819,0.0,-6.848439073790129e-06,0.2541036890586156,0.0,0.39010440949488945,0.07500000000000001,0.0,0.38999999999999996,1.5,129.88329808911945,0.0016527569587042323,True,False,False
3.8850000000000002,0.17916181408200968,0.020641641785967144,0.012401824407054597,-0.02218296806210819,0.0,-6.848439073790129e-06,0.2541617700345304,0.0,0.3901256314078876,0.07500000000000001,0.0,0.38999999999999996,1.5,129.88332845400666,0.002379935731179242,True,False,False
3.89,0.1792202432377255,0.02602030178271537,0.012466984592209811,-0.02218296806210819,0.0,-6.848439073790129e-06,0.25422018301101534,0.0,0.3901469274911723,0.07500000000000001,0.0,0.38999999999999996,1.5,129.8833584292201,0.0030453893822908334,True,False,False
3.895,0.1792789838796736,0.03141455963930364,0.012527534280590584,-0.02218296806210819,0.0,-6.848439073790129e-06,0.25427890488880006,0.0,0.3901682937932485,0.07500000000000001,0.0,0.38999999999999996,1.5,129.88338799186002,0.003650679249296726,True,False,False
3.9,0.17933801287405132,0.03682337181968902,0.01258346122467046,-0.01781565140483768,0.0,7.724221603321401e-05,0.25433791251578175,0.0,0.3901897263693006,0.07500000000000001,0.0,0.38999999999999996,1.5,129.88414864590817,0.0026874597365680875,True,False,False
3.9050000000000002,0.1793973070405226,0.04224570633031668,0.012634854198612884,-0.01781565140483768,0.0,7.724221603321401e-05,0.2543971826943349,0.0,0.39021122198503067,0.07500000000000001,0.0,0.38999999999999996,1.5,129.8841803354033,0.0019496484905556777,True,False,False
3.91,0.17945684313530894,0.04768052731918263,0.012681595446992615,-0.01781565140483768,0.0,7.724221603321401e-05,0.254456692164936,0.0,0.3902327773835189,0.07500000000000001,0.0,0.38999999999999996,1.5,129.88421164663566,0.001273933352549661,True,False,False
3.915,0.1795165978436092,0.05312677858765408,0.012723669780702915,-0.01781565140483768,0.0,7.724221603321401e-05,0.25451641759966454,0.0,0.3902543885354641,0.07500000000000001,0.0,0.38999999999999996,1.5,129.88424255486368,0.000658760491704824,True,False,False
3.92,0.1795765477982985,0.05858339204073399,0.012761063093628698,-0.01781565140483768,0.0,7.724221603321401e-05,0.25457633562028176,0.0,0.3902760513476188,0.07500000000000001,0.0,0.38999999999999996,1.5,129.8842730374289,0.00010258500662961578,True,False,False
3.9250000000000003,0.17963666958533311,0.06404928813088909,0.01279376431598095,-0.01781565140483768,0.0,7.724221603321401e-05,0.25463642280367665,0.0,0.3902977616645347,0.07500000000000001,0.0,0.38999999999999996,1.5,129.884303073684,0.0003961280713715015,True,False,False
3.93,0.1796969397958456,0.06952343357656175,0.012821817858045353,-0.01781565140483768,0.0,7.724221603321401e-05,0.254696655733602,0.0,0.3903195154942921,0.07500000000000001,0.0,0.38999999999999996,1.5,129.88433264491616,0.0008388946196608571,True,False,False
3.935,0.1797573350855983,0.07500491409446176,0.012845241075512789,-0.01781565140483768,0.0,7.724221603321401e-05,0.2547570110594917,0.0,0.3903413092935229,0.07500000000000001,0.0,0.38999999999999996,1.5,129.88436173427192,0.001227233264098057,True,False,False
3.94,0.17981783209032662,0.08049282629283158,0.012864024533634428,-0.01781565140483768,0.0,7.724221603321401e-05,0.25481746541238964,0.0,0.390363139544753,0.07500000000000001,0.0,0.38999999999999996,1.5,129.88439032668867,0.0015626573764697949,True,False,False
3.9450000000000003,0.17987840741574918,0.08598625224262522,0.012878157297333137,-0.01781565140483768,0.0,7.724221603321401e-05,0.2548779953951575,0.0,0.3903850026570811,0.07500000000000001,0.0,0.38999999999999996,1.5,129.88441840881805,0.0018466665983754155,True,False,False
3.95,0.17993903764090569,0.09148425220968934,0.01288762774833668,-0.015246695614823447,0.0,0.00015397583497006806,0.25493857758592153,0.0,0.3904068949380093,0.07500000000000001,0.0,0.38999999999999996,1.5,129.88525448269164,0.0019690721607157485,True,False,False
3.955,0.17999969932120188,0.09698585687607052,0.012892526780914208,-0.015246695614823447,0.0,0.00015397583497006806,0.2549991885394187,0.0,0.39042881333220125,0.07500000000000001,0.0,0.38999999999999996,1.5,129.88528320372288,0.001637426475735726,True,False,False
3.96,0.18006036899497452,0.10249007275497844,0.012892743850308907,-0.015246695614823447,0.0,0.00015397583497006806,0.255059804795034,0.0,0.3904507546790047,0.07500000000000001,0.0,0.38999999999999996,1.5,129.8853114280031,0.0013566182540629412,True,False,False
3.9650000000000003,0.1801210231875217,0.10799588102146349,0.012888268296352827,-0.015246695614823447,0.0,0.00015397583497006806,0.2551204028829283,0.0,0.3904727149366427,0.07500000000000001,0.0,0.38999999999999996,1.5,129.8853391432052,0.001125181471325301,True,False,False
3.97,0.18018163841400586,0.11350223044380602,0.012879090292292302,-0.015246695614823447,0.0,0.00015397583497006806,0.2551809593254461,0.0,0.39049468992055014,0.07500000000000001,0.0,0.38999999999999996,1.5,129.88536633855404,0.0009416670393545962,True,False,False
3.975,0.18024219118435356,0.11900803718152801,0.012865201181324159,-0.015246695614823447,0.0,0.00015397583497006806,0.2552414506421003,0.0,0.39051667530266465,0.07500000000000001,0.0,0.38999999999999996,1.5,129.88539300475276,0.0008046439618118739,True,False,False
3.98,0.18030265800500817,0.12451217069333499,0.012846580824537528,-0.015246695614823447,0.0,0.00015397583497006806,0.25530185335157174,0.0,0.3905386665566546,0.07500000000000001,0.0,0.38999999999999996,1.5,129.8854191339114,0.0007126830674502038,True,False,False
3.985,0.18036301537880664,0.1300134276505883,0.012823220120301508,-0.015246695614823447,0.0,0.00015397583497006806,0.25536214397201834,0.0,0.39056065885578783,0.07500000000000001,0.0,0.38999999999999996,1.5,129.88544471947685,0.0006643956295273035,True,False,False
3.99,0.18042323982623182,0.13551059741432472,0.012795126010985699,-0.015246695614823447,0.0,0.00015397583497006806,0.25542229904167374,0.0,0.39058264732971504,0.07500000000000001,0.0,0.38999999999999996,1.5,129.8854697561485,0.0006584313691340299,True,False,False
3.995,0.1804833078921795,0.1410024723432075,0.012762304162232015,-0.015246695614823447,0.0,0.00015397583497006806,0.25548229512549714,0.0,0.39060462710509736,0.07500000000000001,0.0,0.38999999999999996,1.5,129.88549423980993,0.0006934518920059252,True,False,False
4.0,0.18054319614913994,0.14648784176132704,0.0127247597774837,-0.014435381296815139,0.0,0.0002194524537915262,0.2555421088184289,0.0,0.3906265932822737,0.07500000000000001,0.0,0.38999999999999996,1.5,129.88632461899377,0.00204721015189515,True,False,False
4.005,0.18060288120285412,0.15196549447774893,0.01268260723217501,-0.014435381296815139,0.0,0.0002194524537915262,0.2556017167482632,0.0,0.3906485417121062,0.07500000000000001,0.0,0.38999999999999996,1.5,129.8863484748246,0.0021141293789213728,True,False,False
4.01,0.1806623396948553,0.15743420821695794,0.012635742985484345,-0.014435381296815139,0.0,0.0002194524537915262,0.25566109558071987,0.0,0.39067046818961737,0.07500000000000001,0.0,0.38999999999999996,1.5,129.88637178235706,0.0022193122860036316,True,False,False
4.015,0.18072154830560355,0.1628927412584719,0.012584173291712223,-0.014435381296815139,0.0,0.0002194524537915262,0.2557202220256652,0.0,0.3906923676544152,0.07500000000000001,0.0,0.38999999999999996,1.5,129.88639454017795,0.002361473682619679,True,False,False
4.0200000000000005,0.18078048376150835,0.16833983916960693,0.01252790555315359,-0.014435381296815139,0.0,0.0002194524537915262,0.2557790728415048,0.0,0.3907142349829579,0.07500000000000001,0.0,0.38999999999999996,1.5,129.88641674780743,0.002539345940018582,True,False,False
4.025,0.18083912284037257,0.17377423505226638,0.012466948458140819,-0.014435381296815139,0.0,0.0002194524537915262,0.25583762484064543,0.0,0.3907360649898951,0.07500000000000001,0.0,0.38999999999999996,1.5,129.8864384056386,0.0027516794518626583,True,False,False
4.03,0.18089744237697197,0.17919465014642552,0.01240131208452993,-0.014435381296815139,0.0,0.0002194524537915262,0.25589585489508354,0.0,0.3907578524307399,0.07500000000000001,0.0,0.38999999999999996,1.5,129.88645951487888,0.002997243021382892,True,False,False
4.035,0.18095541926873995,0.18459979466324494,0.012331007978639336,-0.014435381296815139,0.0,0.0002194524537915262,0.2559537399420925,0.0,0.39077959200549356,0.07500000000000001,0.0,0.38999999999999996,1.5,129.8864800774942,0.0032748241992561003,True,False,False
4.04,0.18101303048153056,0.18998836882341108,0.012256049216669911,-0.014435381296815139,0.0,0.0002194524537915262,0.25601125698997973,0.0,0.39080127836301143,0.07500000000000001,0.0,0.38999999999999996,1.5,129.88650009615333,0.0035832295865923514,True,False,False
4.045,0.18107025305545033,0.19535906399477249,0.012176450453539999,-0.014435381296815139,0.0,0.0002194524537915262,0.25606838312390656,0.0,0.3908229061058297,0.07500000000000001,0.0,0.38999999999999996,1.5,129.88651957417585,0.003921285111365483,True,False,False
4.05,0.18112706411073456,0.20071056394301004,0.012092227962621367,-0.01526982848205409,0.0,0.00027091218126029394,0.2561250955117451,0.0,0.3908444697954079,0.07500000000000001,0.0,0.38999999999999996,1.5,129.8872773922617,0.0029725781395699216,True,False,False
4.055,0.18118344085282714,0.20604154117790333,0.012003493983447073,-0.01526982848205409,0.0,0.00027091218126029394,0.25618137140593294,0.0,0.3908659646270464,0.07500000000000001,0.0,0.38999999999999996,1.5,129.8872953725025,0.0034139166946866722,True,False,False
4.0600000000000005,0.18123936057999898,0.21135066493886875,0.011910175507118934,-0.01526982848205409,0.0,0.00027091218126029394,0.2562371881539203,0.0,0.3908873857714521,0.07500000000000001,0.0,0.38999999999999996,1.5,129.8873128180361,0.0038802648565537945,True,False,False
4.065,0.18129480068997733,0.21663660800423237,0.011812294372332815,-0.01526982848205409,0.0,0.00027091218126029394,0.25629252320810497,0.0,0.39090872771352314,0.07500000000000001,0.0,0.38999999999999996,1.5,129.88732973545103,0.004370540147863318,True,False,False
4.07,0.18134973868461632,0.22189804220107917,0.011709874016395398,-0.01526982848205409,0.0,0.00027091218126029394,0.25634735412742715,0.0,0.39092998492469355,0.07500000000000001,0.0,0.38999999999999996,1.5,129.8873461316872,0.004883681367019603,True,False,False
4.075,0.18140415217576086,0.22713363940644016,0.011602939512017263,-0.01526982848205409,0.0,0.00027091218126029394,0.25640165858318964,0.0,0.39095115186721874,0.07500000000000001,0.0,0.38999999999999996,1.5,129.88736201399567,0.005418648752137406,True,False,False
4.08,0.18145801889112234,0.23234207257163156,0.01149151759842666,-0.01526982848205409,0.0,0.00027091218126029394,0.2564554143648846,0.0,0.3909722229985697,0.07500000000000001,0.0,0.38999999999999996,1.5,129.88737738989963,0.005974424102896954,True,False,False
4.085,0.181511316680143,0.2375220167762213,0.01137563670996453,-0.01526982848205409,0.0,0.00027091218126029394,0.25650859938600445,0.0,0.39099319277590405,0.07500000000000001,0.0,0.38999999999999996,1.5,129.88739226715987,0.006550010862509073,True,False,False
4.09,0.18156402351985004,0.242672150296357,0.011255327004513599,-0.01526982848205409,0.0,0.00027091218126029394,0.2565611916898374,0.0,0.39101405566060005,0.07500000000000001,0.0,0.38999999999999996,1.5,129.88740665373922,0.007144434161269364,True,False,False
4.095,0.18161611752069418,0.24779115565011958,0.011130620393582976,-0.01526982848205409,0.0,0.00027091218126029394,0.2566131694552434,0.0,0.39103480612274133,0.07500000000000001,0.0,0.38999999999999996,1.5,129.88742055777058,0.00775674082267401,True,False,False
4.1,0.18166757693236252,0.2528777206552308,0.01100155057553526,-0.0175779429005804,0.0,0.00030672596070433096,0.2566645110024002,0.0,0.3910554386456258,0.07500000000000001,0.0,0.38999999999999996,1.5,129.88805678113303,0.004747709026876254,True,False,False
4.105,0.1817183801463841,0.2579305242146083,0.010868225721235872,-0.0175779429005804,0.0,0.00030672596070433096,0.2567151947924,0.0,0.39107594822639635,0.07500000000000001,0.0,0.38999999999999996,1.5,129.88806879999404,0.005524193742260444,True,False,False
4.11,0.181768505706921,0.2629482573043308,0.010730614276149518,-0.0175779429005804,0.0,0.00030672596070433096,0.256765199440588,0.0,0.3910963299002743,0.07500000000000001,0.0,0.38999999999999996,1.5,129.88808035028887,0.006312410877312928,True,False,False
4.115,0.18181793231944696,0.26792964056940716,0.01058875700686668,-0.0175779429005804,0.0,0.00030672596070433096,0.25681450372816284,0.0,0.39111657825559076,0.07500000000000001,0.0,0.38999999999999996,1.5,129.88809144294,0.007111526434219605,True,False,False
4.12,0.18186663885218568,0.2728734075687758,0.010442696292271311,-0.0175779429005804,0.0,0.00030672596070433096,0.25686308660074764,0.0,0.39113668792564116,0.07500000000000001,0.0,0.38999999999999996,1.5,129.8881020887512,0.007920730025442337,True,False,False
4.125,0.1819146043414534,0.2777783047379889,0.010292476232298653,-0.0175779429005804,0.0,0.00030672596070433096,0.2569109271736659,0.0,0.39115665358891827,0.07500000000000001,0.0,0.38999999999999996,1.5,129.88811229839064,0.008739234704969533,True,False,False
4.13,0.18196180799697756,0.282643091492996,0.010138142752331245,-0.0175779429005804,0.0,0.00030672596070433096,0.2569580047371892,0.0,0.39117646996984856,0.07500000000000001,0.0,0.38999999999999996,1.5,129.88812208237647,0.009566276717565526,True,False,False
4.135,0.18200822920718013,0.2874665404172047,0.009979743711447235,-0.0175779429005804,0.0,0.00030672596070433096,0.25700429876174613,0.0,0.39119613183992585,0.07500000000000001,0.0,0.38999999999999996,1.5,129.88813145106292,0.010401115177775491,True,False,False
4.14,0.18205384754442616,0.29224743754322163,0.009817329020758046,-0.0175779429005804,0.0,0.00030672596070433096,0.2570497889030929,0.0,0.39121563401913795,0.07500000000000001,0.0,0.38999999999999996,1.5,129.88814041462862,0.011243031688303484,True,False,False
4.1450000000000005,0.18209864277023272,0.2969845826953851,0.009650950776876584,-0.0175779429005804,0.0,0.00030672596070433096,0.25709445500744144,0.0,0.39123497137769453,0.07500000000000001,0.0,0.38999999999999996,1.5,129.8881489830659,0.0120913299057605,True,False,False
4.15,0.18214259484043804,0.3016767899157882,0.009480663414932818,-0.021138241484782647,0.0,0.00032634139485071046,0.25713827711654375,0.0,0.391254138838042,0.07500000000000001,0.0,0.38999999999999996,1.5,129.8886337373211,0.007333149757907564,True,False,False
4.155,0.18218568390503134,0.3063228638884523,0.009306569609803583,-0.021138241484782647,0.0,0.00032634139485071046,0.2571812354653692,0.0,0.3912731316725735,0.07500000000000001,0.0,0.38999999999999996,1.5,129.8886405093436,0.008394561118010905,True,False,False
4.16,0.18222789033313416,0.31092163952119284,0.009128718371930104,-0.021138241484782647,0.0,0.00032634139485071046,0.2572233105085401,0.0,0.39129194526701444,0.07500000000000001,0.0,0.38999999999999996,1.5,129.88864691128444,0.0094551422874973,True,False,False
4.165,0.18226919508603429,0.3154721740598104,0.008947378946804634,-0.021138241484782647,0.0,0.00032634139485071046,0.2572644832906739,0.0,0.39131057548217374,0.07500000000000001,0.0,0.38999999999999996,1.5,129.8886529546263,0.01051517534791814,True,False,False
4.17,0.18230957979893986,0.319973730106216,0.008762667095356596,-0.021138241484782647,0.0,0.00032634139485071046,0.25730473552550864,0.0,0.3913290189766825,0.07500000000000001,0.0,0.38999999999999996,1.5,129.88865865029175,0.011574341475057735,True,False,False
4.175,0.18234902634088573,0.32442561784950935,0.008574659509861358,-0.021138241484782647,0.0,0.00032634139485071046,0.2573440491598867,0.0,0.391347272595235,0.07500000000000001,0.0,0.38999999999999996,1.5,129.88866400880076,0.012632053881324514,True,False,False
4.18,0.1823875167925286,0.3288271796851252,0.00838343466285479,-0.021138241484782647,0.0,0.00032634139485071046,0.2573824063518735,0.0,0.3913653333091251,0.07500000000000001,0.0,0.38999999999999996,1.5,129.8886690402909,0.013687753565841364,True,False,False
4.1850000000000005,0.18242503345198458,0.3331777837030336,0.008189074144898546,-0.021138241484782647,0.0,0.00032634139485071046,0.2574197894766968,0.0,0.39138319819090134,0.07500000000000001,0.0,0.38999999999999996,1.5,129.88867375452267,0.014740904308458477,True,False,False
4.19,0.18246155883925272,0.3374768201807037,0.00799166367506983,-0.021138241484782647,0.0,0.00032634139485071046,0.25745618113119756,0.0,0.3914008644009024,0.07500000000000001,0.0,0.38999999999999996,1.5,129.88867816088631,0.015790989604023982,True,False,False
4.195,0.1824970756997214,0.34172369974794586,0.007791293980585387,-0.021138241484782647,0.0,0.00032634139485071046,0.25749156413732116,0.0,0.3914183291803556,0.07500000000000001,0.0,0.38999999999999996,1.5,129.8886822684092,0.016837510754199307,True,False,False
4.2,0.18253156700706688,0.3459178524493972,0.0075880616699403195,-0.0257045601438924,0.0,0.0003299868180096307,0.25752592154497855,0.0,0.3914355898480011,0.07500000000000001,0.0,0.38999999999999996,1.5,129.88900217313972,0.010681933662404164,True,False,False
4.205,0.18256501591657928,0.35005881348289053,0.007382149769705302,-0.0257045601438924,0.0,0.0003299868180096307,0.2575592365809411,0.0,0.3914526443490498,0.07500000000000001,0.0,0.38999999999999996,1.5,129.88900496190655,0.011978224146604755,True,False,False
4.21,0.18259740575202563,0.3541461345326524,0.007173572489722495,-0.0257045601438924,0.0,0.0003299868180096307,0.2575914926399026,0.0,0.3914694906948578,0.07500000000000001,0.0,0.38999999999999996,1.5,129.88900748779614,0.013262750562295561,True,False,False
4.215,0.18262872008917247,0.35817928004333544,0.006962443648895053,-0.0257045601438924,0.0,0.0003299868180096307,0.2576226733729777,0.0,0.3914861263459136,0.07500000000000001,0.0,0.38999999999999996,1.5,129.88900975991615,0.014535197827779374,True,False,False
4.22,0.18265894274327216,0.36215771603673136,0.006748890407098556,-0.0257045601438924,0.0,0.0003299868180096307,0.25765276267080617,0.0,0.3915025487719633,0.07500000000000001,0.0,0.38999999999999996,1.5,129.8890117868498,0.015795257751527667,True,False,False
4.225,0.18268805777332564,0.36608091576387086,0.006533054528022556,-0.0257045601438924,0.0,0.0003299868180096307,0.2576817446676013,0.0,0.391518755474492,0.07500000000000001,0.0,0.38999999999999996,1.5,129.88901357668152,0.017042631296913593,True,False,False
4.23,0.18271604948551343,0.36994836389698643,0.006315094232036006,-0.0257045601438924,0.0,0.0003299868180096307,0.25770960374440277,0.0,0.3915347440033846,0.07500000000000001,0.0,0.38999999999999996,1.5,129.88901513702152,0.018277030029079842,True,False,False
4.235,0.18274290243595648,0.3737595595892643,0.006095186720164639,-0.0257045601438924,0.0,0.0003299868180096307,0.25773632453168926,0.0,0.39155051196920615,0.07500000000000001,0.0,0.38999999999999996,1.5,129.88901647502948,0.019498177004253922,True,False,False
4.24,0.18276860143297974,0.37751401868015105,0.005873531489611554,-0.0257045601438924,0.0,0.0003299868180096307,0.25776189191151705,0.0,0.39156605705207753,0.07500000000000001,0.0,0.38999999999999996,1.5,129.88901759743865,0.020705807279436092,True,False,False
4.245,0.18279313153898807,0.38121127526449927,0.005650354611667217,-0.0257045601438924,0.0,0.0003299868180096307,0.25778629101928885,0.0,0.3915813770080684,0.07500000000000001,0.0,0.38999999999999996,1.5,129.8890185105781,0.021899668163284862,True,False,False
4.25,0.18281647807204549,0.3848508827746836,0.005425914207572883,-0.031010820453363605,0.0,0.0003186450287302968,0.2578095072452408,0.0,0.391596469673664,0.07500000000000001,0.0,0.38999999999999996,1.5,129.88917507655927,0.014715013648509297,True,False,False
4.255,0.1828386265499257,0.3884325146846877,0.005200581984210264,-0.031010820453363605,0.0,0.0003186450287302968,0.257831526174635,0.0,0.3916113333972044,0.07500000000000001,0.0,0.38999999999999996,1.5,129.88917541234534,0.016180815273690842,True,False,False
4.26,0.18285956267357703,0.3919558624151439,0.0049746112943246795,-0.031010820453363605,0.0,0.0003186450287302968,0.25785233357486714,0.0,0.39162596660401133,0.07500000000000001,0.0,0.38999999999999996,1.5,129.88917558302447,0.017624260882343434,True,False,False
4.265,0.18287927242303792,0.39542051540184375,0.004748397288838772,-0.031010820453363605,0.0,0.0003186450287302968,0.2578719154958696,0.0,0.39164036729156976,0.07500000000000001,0.0,0.38999999999999996,1.5,129.88917559334746,0.01904528744682735,True,False,False
4.2700000000000005,0.18289774204148984,0.3988260643070192,0.004522412410085349,-0.031010820453363605,0.0,0.0003186450287302968,0.2578902582503454,0.0,0.3916545334681822,0.07500000000000001,0.0,0.38999999999999996,1.5,129.88917544759786,0.02044383493899266,True,False,False
4.275,0.18291495803899432,0.40217210769317263,0.004297224605735711,-0.031010820453363605,0.0,0.0003186450287302968,0.2579073484172418,0.0,0.3916684631793311,0.07500000000000001,0.0,0.38999999999999996,1.5,129.88917514962887,0.02181984906970306,True,False,False
4.28,0.1829309071952806,0.40545825692550114,0.004073521302102098,-0.031010820453363605,0.0,0.0003186450287302968,0.25792317284432703,0.0,0.3916821545270358,0.07500000000000001,0.0,0.38999999999999996,1.5,129.8891747028976,0.02317328303120538,True,False,False
4.285,0.18294557656177643,0.40868413970956236,0.0038521407323781403,-0.031010820453363605,0.0,0.0003186450287302968,0.2579377186500521,0.0,0.391695605683874,0.07500000000000001,0.0,0.38999999999999996,1.5,129.88917411049854,0.024504098564472897,True,False,False
4.29,0.18295895346306743,0.4118494026158556,0.0036341125585496003,-0.031010820453363605,0.0,0.0003186450287302968,0.2579509732248726,0.0,0.39170881490303416,0.07500000000000001,0.0,0.38999999999999996,1.5,129.88917337519487,0.025812266570233725,True,False,False
4.295,0.18297102549792033,0.41495371284453375,0.0034207099295396406,-0.031010820453363605,0.0,0.0003186450287302968,0.25796292423216016,0.0,0.3917217805253408,0.07500000000000001,0.0,0.38999999999999996,1.5,129.88917249944862,0.027097767411351517,True,False,False
4.3,0.1829817805399708,0.41799675941150377,0.0032135148707960505,-0.036762948021323974,0.0,0.0002942532820580843,0.25797355960879825,0.0,0.39173450098402907,0.07500000000000001,0.0,0.38999999999999996,1.5,129.88918202116113,0.01929317732689192,True,False,False
4.305,0.1829912066758796,0.4209783621487432,0.0030145815062397733,-0.036762948021323974,0.0,0.0002942532820580843,0.25798286750033833,0.0,0.39174697511376266,0.07500000000000001,0.0,0.38999999999999996,1.5,129.8891814134233,0.02085873556042904,True,False,False
4.3100000000000005,0.18299929218651867,0.42389836114348156,0.0028262664559076988,-0.036762948021323974,0.0,0.0002942532820580843,0.2579908362450267,0.0,0.39175920183965574,0.07500000000000001,0.0,0.38999999999999996,1.5,129.88918071244973,0.02239305857676506,True,False,False
4.315,0.18300602565006818,0.4267564867757471,0.0026515735698178305,-0.036762948021323974,0.0,0.0002942532820580843,0.2579974544806404,0.0,0.3917711797874224,0.07500000000000001,0.0,0.38999999999999996,1.5,129.88917991774952,0.023896317112773895,True,False,False
4.32,0.18301139592354135,0.429552471380944,0.0024941428894030837,-0.036762948021323974,0.0,0.0002942532820580843,0.25800271112302986,0.0,0.3917829075983045,0.07500000000000001,0.0,0.38999999999999996,1.5,129.88917902856036,0.025368681339486426,True,False,False
4.325,0.1830153921458083,0.4322860563885382,0.0023582396854471867,-0.036762948021323974,0.0,0.0002942532820580843,0.2580065953688508,0.0,0.39179438395715926,0.07500000000000001,0.0,0.38999999999999996,1.5,129.88917804388788,0.02681032382618476,True,False,False
4.33,0.183018003739597,0.43495699751686456,0.00224859682393165,-0.036762948021323974,0.0,0.0002942532820580843,0.2580090966973375,0.0,0.39180560761288774,0.07500000000000001,0.0,0.38999999999999996,1.5,129.88917696254245,0.028221421424932582,True,False,False
4.335,0.183019220412678,0.43756506851573174,0.0021700328497239593,-0.036762948021323974,0.0,0.0002942532820580843,0.2580102048713112,0.0,0.3918165773931006,0.07500000000000001,0.0,0.38999999999999996,1.5,129.88917578317384,0.029602156425225158,True,False,False
4.34,0.18301903215843693,0.44011006377407047,0.0021268219642515103,-0.036762948021323974,0.0,0.0002942532820580843,0.2580099099376154,0.0,0.39182729221441615,0.07500000000000001,0.0,0.38999999999999996,1.5,129.88917450430378,0.030952717216137262,True,False,False
4.345,0.18301742925598405,0.44259180012124144,0.00212192849027334,-0.036762948021323974,0.0,0.0002942532820580843,0.2580082022271192,0.0,0.3918377510895061,0.07500000000000001,0.0,0.38999999999999996,1.5,129.8891731243562,0.03227329861620141,True,False,False
4.3500000000000005,0.18301440226990875,0.44501011798608353,0.0021563773481160214,-0.042665729092572935,0.0,0.00025923203858644966,0.25800507235438885,0.0,0.39184795313168047,0.07500000000000001,0.0,0.38999999999999996,1.5,129.88905923768345,0.024259127479922822,True,False,False
4.355,0.18300994198570272,0.44736499307388716,0.002229141295817507,-0.042665729092572935,0.0,0.00025923203858644966,0.258000511151093,0.0,0.3918578977498659,0.07500000000000001,0.0,0.38999999999999996,1.5,129.88905891221054,0.025854296881957024,True,False,False
4.36,0.1830040393896528,0.44965642292360186,0.002337230581530706,-0.042665729092572935,0.0,0.00025923203858644966,0.25799450964780596,0.0,0.39186758445288195,0.07500000000000001,0.0,0.38999999999999996,1.5,129.8890585302919,0.027411319770034834,True,False,False
4.365,0.18299668577382863,0.4518842935269676,0.0024766108981259076,-0.042665729092572935,0.0,0.00025923203858644966,0.25798705918183956,0.0,0.3918770125698362,0.07500000000000001,0.0,0.38999999999999996,1.5,129.88905808653476,0.02893057325363839,True,False,False
4.37,0.18298787271601952,0.45404849367648487,0.002642868421720503,-0.042665729092572935,0.0,0.00025923203858644966,0.2579781513751678,0.0,0.3918861814494785,0.07500000000000001,0.0,0.38999999999999996,1.5,129.88905757555057,0.030412430595647043,True,False,False
4.375,0.1829775920818986,0.45614892217278497,0.0028317515295910975,-0.042665729092572935,0.0,0.00025923203858644966,0.2579677781362894,0.0,0.3918950904884104,0.07500000000000001,0.0,0.38999999999999996,1.5,129.88905699199023,0.03185726425450776,True,False,False
4.38,0.18296583602614375,0.4581854930166002,0.003039472351613953,-0.042665729092572935,0.0,0.00025923203858644966,0.25795593166112174,0.0,0.3919037391514263,0.07500000000000001,0.0,0.38999999999999996,1.5,129.88905633057587,0.0332654478197962,True,False,False
4.385,0.1829525969927289,0.46015813910725084,0.003262814909229425,-0.042665729092572935,0.0,0.00025923203858644966,0.25794260443312167,0.0,0.3919121269859117,0.07500000000000001,0.0,0.38999999999999996,1.5,129.88905558613058,0.0346373572003195,True,False,False
4.39,0.18293786770810513,0.4620668076838484,0.00349911218582967,-0.042665729092572935,0.0,0.00025923203858644966,0.25792778921662396,0.0,0.3919202536047523,0.07500000000000001,0.0,0.38999999999999996,1.5,129.88905475361557,0.03596978575272692,True,False,False
4.3950000000000005,0.18292164066476807,0.46391081276930635,0.0037459366935448215,-0.042665729092572935,0.0,0.00025923203858644966,0.2579114785664419,0.0,0.39192811621241935,0.07500000000000001,0.0,0.38999999999999996,1.5,129.8890538290601,0.037198010445046975,True,False,False
4.4,0.18290390774992982,0.4656879672094773,0.0040014583726404,-0.048423073096793376,0.0,0.00021646874709157506,0.25789366449256457,0.0,0.39193570624735985,0.07500000000000001,0.0,0.38999999999999996,1.5,129.88884457171173,0.029235099085559046,True,False,False
4.405,0.182884660939192,0.4673953317329427,0.004264261968722481,-0.048423073096793376,0.0,0.00021646874709157506,0.257874339128244,0.0,0.39194301190198,0.07500000000000001,0.0,0.38999999999999996,1.5,129.88884528339133,0.030524968481726773,True,False,False
4.41,0.18286389276955556,0.46902960968975316,0.004533378816089893,-0.048423073096793376,0.0,0.00021646874709157506,0.25785349518394446,0.0,0.39195001996162204,0.07500000000000001,0.0,0.38999999999999996,1.5,129.88884593565498,0.031715266187754165,True,False,False
4.415,0.182841597000447,0.47058800858203936,0.004808003942788412,-0.048423073096793376,0.0,0.00021646874709157506,0.2578311265693941,0.0,0.3919567194587028,0.07500000000000001,0.0,0.38999999999999996,1.5,129.88884652096633,0.032818461054148755,True,False,False
4.42,0.18281776820145934,0.4720681400216339,0.005087459504546688,-0.048423073096793376,0.0,0.00021646874709157506,0.2578072279879612,0.0,0.39196310099590137,0.07500000000000001,0.0,0.38999999999999996,1.5,129.8888470327835,0.0338464752180753,True,False,False
4.425,0.18279240194028512,0.4734683628260367,0.005371180093560929,-0.048423073096793376,0.0,0.00021646874709157506,0.2577817951099351,0.0,0.39196915806589017,0.07500000000000001,0.0,0.38999999999999996,1.5,129.88884746558213,0.034836518502182376,True,False,False
4.43,0.1827654948834572,0.47478817469555434,0.005658665182058258,-0.048423073096793376,0.0,0.00021646874709157506,0.25775482465623506,0.0,0.39197488856997165,0.07500000000000001,0.0,0.38999999999999996,1.5,129.88884781465805,0.035801814502416214,True,False,False
4.4350000000000005,0.1827370442451605,0.47602771100440316,0.005949452483720446,-0.048423073096793376,0.0,0.00021646874709157506,0.25772631386703554,0.0,0.3919802929135276,0.07500000000000001,0.0,0.38999999999999996,1.5,129.88884807559563,0.0367419113329327,True,False,False
4.44,0.1827070476449687,0.47718753941412434,0.006243124022434601,-0.048423073096793376,0.0,0.00021646874709157506,0.25769626036777626,0.0,0.39198537320687177,0.07500000000000001,0.0,0.38999999999999996,1.5,129.88884824423118,0.03765656745167825,True,False,False
4.445,0.1826755030441725,0.47826854205983954,0.006539306703238624,-0.048423073096793376,0.0,0.00021646874709157506,0.2576646621102969,0.0,0.39199013280273487,0.07500000000000001,0.0,0.38999999999999996,1.5,129.8888483166639,0.038545685353955514,True,False,False
4.45,0.1826424086990344,0.47927182614264074,0.006837670192900612,-0.053644711058182096,0.0,0.00017097480917793232,0.2576315173297966,0.0,0.3919945759452358,0.07500000000000001,0.0,0.38999999999999996,1.5,129.8885886869661,0.031177868806479138,True,False,False
4.455,0.18260776306933826,0.4801987546839214,0.007137950713068941,-0.053644711058182096,0.0,0.00017097480917793232,0.25759682445602616,0.0,0.39199870752306365,0.07500000000000001,0.0,0.38999999999999996,1.5,129.88859051405683,0.03231138933916443,True,False,False
4.46,0.18257156477578942,0.48105079564453135,0.007439886081722455,-0.053644711058182096,0.0,0.00017097480917793232,0.2575605820730623,0.0,0.3920025328524035,0.07500000000000001,0.0,0.38999999999999996,1.5,129.88859226552924,0.033411785743375166,True,False,False
4.465,0.1825338126745507,0.4818293664571855,0.007743249532290786,-0.053644711058182096,0.0,0.00017097480917793232,0.25752278899655623,0.0,0.3920060574335218,0.07500000000000001,0.0,0.38999999999999996,1.5,129.8885939343426,0.0344793486187385,True,False,False
4.47,0.18249450582542273,0.48253590727543133,0.008047841724826456,-0.053644711058182096,0.0,0.00017097480917793232,0.25748344424293645,0.0,0.39200928686363057,0.07500000000000001,0.0,0.38999999999999996,1.5,129.88859551383888,0.03551438388759611,True,False,False
4.4750000000000005,0.1824536434834196,0.4831718668688617,0.0083534867722805,-0.053644711058182096,0.0,0.00017097480917793232,0.25744254702167235,0.0,0.3920122267813714,0.07500000000000001,0.0,0.38999999999999996,1.5,129.88859699774878,0.03651720903222936,True,False,False
4.48,0.18241122509197832,0.4837386922065407,0.008660028818344986,-0.053644711058182096,0.0,0.00017097480917793232,0.25740009672901837,0.0,0.3920148828256574,0.07500000000000001,0.0,0.38999999999999996,1.5,129.88859838019673,0.037488150453208066,True,False,False
4.485,0.18236725027733164,0.48423782070613325,0.008967329116801363,-0.053644711058182096,0.0,0.00017097480917793232,0.25735609294280815,0.0,0.39201726060508857,0.07500000000000001,0.0,0.38999999999999996,1.5,129.8885996557038,0.038427541605349745,True,False,False
4.49,0.18232171881792802,0.48467070671506773,0.009275282208437666,-0.053644711058182096,0.0,0.00017097480917793232,0.2573105353907987,0.0,0.39201936580241137,0.07500000000000001,0.0,0.38999999999999996,1.5,129.88860081918457,0.039335161667304934,True,False,False
4.495,0.1822746305566989,0.48503887320163425,0.009583797423001686,-0.053644711058182096,0.0,0.00017097480917793232,0.2572634238607394,0.0,0.39202120437895704,0.07500000000000001,0.0,0.38999999999999996,1.5,129.8886018659411,0.040210995631677474,True,False,False
4.5,0.18222598544188714,0.4853437867564619,0.0098927775127752,-0.05836223663852884,0.0,0.00012198381126482191,0.2572147582467356,0.0,0.3920227820818285,0.07500000000000001,0.0,0.38999999999999996,1.5,129.8882826474198,0.033618804579207226,True,False,False
4.505,0.18217578359023212,0.4855868208433214,0.01020211473982959,-0.05836223663852884,0.0,0.00012198381126482191,0.2571645386187314,0.0,0.3920241038856247,0.07500000000000001,0.0,0.38999999999999996,1.5,129.8882854512569,0.034700885859442546,True,False,False
4.51,0.18212402528087832,0.48576928404613084,0.01051174345189532,-0.05836223663852884,0.0,0.00012198381126482191,0.257112765210622,0.0,0.39202517452355834,0.07500000000000001,0.0,0.38999999999999996,1.5,129.8882881548178,0.03574585790806688,True,False,False
4.515,0.18207071092872687,0.4858924243990321,0.01082158589032004,-0.05836223663852884,0.0,0.00012198381126482191,0.25705943838889583,0.0,0.3920259989170453,0.07500000000000001,0.0,0.38999999999999996,1.5,129.88829075060073,0.0367543151498481,True,False,False
4.5200000000000005,0.18201584111787433,0.4859574240180887,0.011131568551046482,-0.05836223663852884,0.0,0.00012198381126482191,0.25700455869103916,0.0,0.3920265817346824,0.07500000000000001,0.0,0.38999999999999996,1.5,129.88829323162642,0.03772684152609214,True,False,False
4.525,0.18195941661053663,0.48596540821912343,0.011441621623566222,-0.05836223663852884,0.0,0.00012198381126482191,0.2569481268341319,0.0,0.3920269274277823,0.07500000000000001,0.0,0.38999999999999996,1.5,129.8882955914345,0.03866401080098974,True,False,False
4.53,0.18190143835380493,0.48591745429439,0.011751678549294016,-0.05836223663852884,0.0,0.00012198381126482191,0.2568901437212827,0.0,0.3920270402645761,0.07500000000000001,0.0,0.38999999999999996,1.5,129.88829782407942,0.039566386769199234,True,False,False
4.535,0.18184190748446138,0.4858145995454031,0.012061675680422261,-0.05836223663852884,0.0,0.00012198381126482191,0.2568306104461514,0.0,0.39202692436152675,0.07500000000000001,0.0,0.38999999999999996,1.5,129.8882999241237,0.04043452342605712,True,False,False
4.54,0.18178082533208578,0.4856578483511867,0.012371552019555946,-0.05836223663852884,0.0,0.00012198381126482191,0.2567695282957986,0.0,0.39202658371087107,0.07500000000000001,0.0,0.38999999999999996,1.5,129.88830188663317,0.041268965137633874,True,False,False
4.545,0.18171819342065698,0.4854481782376831,0.012681249022121243,-0.05836223663852884,0.0,0.00012198381126482191,0.2567068987520709,0.0,0.39202602220420957,0.07500000000000001,0.0,0.38999999999999996,1.5,129.88830370716815,0.042070246831713586,True,False,False
4.55,0.18165401346886312,0.48518654490399304,0.012990710446143743,-0.06240827592209319,0.0,7.210152585554333e-05,0.25664272349173656,0.0,0.39202524365211794,0.07500000000000001,0.0,0.38999999999999996,1.5,129.88794462983105,0.03646052382684866,True,False,False
4.555,0.18158828741281496,0.48487388156432715,0.013299873428889808,-0.06240827592209319,0.0,7.210152585554333e-05,0.2565770044140997,0.0,0.39202425134830765,0.07500000000000001,0.0,0.38999999999999996,1.5,129.8879480268601,0.03742701102859587,True,False,False
4.5600000000000005,0.1815210173853534,0.48451111991680296,0.013608694885462479,-0.06240827592209319,0.0,7.210152585554333e-05,0.25650974361452006,0.0,0.3920230485918463,0.07500000000000001,0.0,0.38999999999999996,1.5,129.8879512923313,0.03835589417032367,True,False,False
4.565,0.1814522056793881,0.4840991880075674,0.013917126791994845,-0.06240827592209319,0.0,7.210152585554333e-05,0.2564409433430595,0.0,0.39202163911112914,0.07500000000000001,0.0,0.38999999999999996,1.5,129.88795441967636,0.03924773371523682,True,False,False
4.57,0.18138185476415683,0.48363899839982644,0.014225123014600017,-0.06240827592209319,0.0,7.210152585554333e-05,0.2563706060261939,0.0,0.3920200265782531,0.07500000000000001,0.0,0.38999999999999996,1.5,129.8879574029076,0.04010308556192053,True,False,False
4.575,0.18130996728233756,0.4831314485181288,0.014532639216710075,-0.06240827592209319,0.0,7.210152585554333e-05,0.2562987342639474,0.0,0.3920182146102213,0.07500000000000001,0.0,0.38999999999999996,1.5,129.88796023660967,0.040922501397814684,True,False,False
4.58,0.1812365460465692,0.48257742136039966,0.014839633340001455,-0.06240827592209319,0.0,7.210152585554333e-05,0.2562253308264171,0.0,0.392016206771611,0.07500000000000001,0.0,0.38999999999999996,1.5,129.88796291593047,0.04170650167623759,True,False,False
4.585,0.1811615940004356,0.481977828379766,0.015146080725436706,-0.06240827592209319,0.0,7.210152585554333e-05,0.25615039861290145,0.0,0.39201400674417486,0.07500000000000001,0.0,0.38999999999999996,1.5,129.8879654365576,0.04245499334115799,True,False,False
4.59,0.18108511414255837,0.4813336421025729,0.01545195868578057,-0.06240827592209319,0.0,7.210152585554333e-05,0.25607394057458566,0.0,0.3920116184565716,0.07500000000000001,0.0,0.38999999999999996,1.5,129.88796779469803,0.043168345698256644,True,False,False
4.595,0.18100710957859428,0.48064577460888375,0.015757236928904253,-0.06240827592209319,0.0,7.210152585554333e-05,0.2559959597719183,0.0,0.39200904560410554,0.07500000000000001,0.0,0.38999999999999996,1.5,129.88796998710535,0.043847281519837494,True,False,False
4.6000000000000005,0.18092758354211566,0.4799150704621129,0.01606188404692354,-0.0656457938841758,0.0,2.386471216416305e-05,0.2559164593958301,0.0,0.3920062916204312,0.07500000000000001,0.0,0.38999999999999996,1.5,129.8875885257401,0.039388585641327245,True,False,False
4.605,0.18084653936701614,0.47914237777842084,0.01636588647487419,-0.0656457938841758,0.0,2.386471216416305e-05,0.25583544274183395,0.0,0.39200335952605075,0.07500000000000001,0.0,0.38999999999999996,1.5,129.8875919509081,0.04018384162863762,True,False,False
4.61,0.18076398048311837,0.4783284953612787,0.016669207188893365,-0.0656457938841758,0.0,2.386471216416305e-05,0.2557529132030977,0.0,0.3920002521577645,0.07500000000000001,0.0,0.38999999999999996,1.5,129.88759521516235,0.0409417942852932,True,False,False
4.615,0.1806799104785461,0.47747410753417807,0.01697181370312242,-0.0656457938841758,0.0,2.386471216416305e-05,0.2556688743309173,0.0,0.39199697234198333,0.07500000000000001,0.0,0.38999999999999996,1.5,129.88759831405494,0.04166313392579925,True,False,False
4.62,0.180594333091137,0.47657985299102595,0.01727367302272982,-0.0656457938841758,0.0,2.386471216416305e-05,0.2555833298279803,0.0,0.39199352272909627,0.07500000000000001,0.0,0.38999999999999996,1.5,129.88760124372982,0.04234853497511073,True,False,False
4.625,0.18050725221174307,0.4756463340056623,0.01757475188833108,-0.0656457938841758,0.0,2.386471216416305e-05,0.2554962835512793,0.0,0.39198990582943183,0.07500000000000001,0.0,0.38999999999999996,1.5,129.88760400090675,0.04299866070137902,True,False,False
4.63,0.18041867188630079,0.47467412355601546,0.01787501695421696,-0.0656457938841758,0.0,2.386471216416305e-05,0.25540773951388585,0.0,0.39198612404108496,0.07500000000000001,0.0,0.38999999999999996,1.5,129.88760658286412,0.04361416630392592,True,False,False
4.635,0.1803285963169772,0.47366377083564853,0.01817443491769252,-0.0656457938841758,0.0,2.386471216416305e-05,0.2553177018858705,0.0,0.3919821796713878,0.07500000000000001,0.0,0.38999999999999996,1.5,129.88760898742157,0.04419570090252234,True,False,False
4.64,0.18023702986263881,0.47261580552592725,0.018472972612506956,-0.0656457938841758,0.0,2.386471216416305e-05,0.2552261749945998,0.0,0.3919780749534946,0.07500000000000001,0.0,0.38999999999999996,1.5,129.88761121292265,0.04474390879118504,True,False,False
4.6450000000000005,0.18014397703882146,0.4715307411066708,0.018770597076071507,-0.0656457938841758,0.0,2.386471216416305e-05,0.2551331633245754,0.0,0.3919738120592592,0.07500000000000001,0.0,0.38999999999999996,1.5,129.8876132582156,0.045259430198416474,True,False,False
4.65,0.18004944251733607,0.47040907745826177,0.019067275597673846,-0.06795064560610728,0.0,-2.0118135001456994e-05,0.2550386715169403,0.0,0.391969393109252,0.07500000000000001,0.0,0.38999999999999996,1.5,129.88722572957818,0.04210922188872067,True,False,False
4.655,0.17995343109996148,0.46925134595237994,0.019362991233020505,-0.06795064560610728,0.0,-2.0118135001456994e-05,0.25494270434575855,0.0,0.39196481993666465,0.07500000000000001,0.0,0.38999999999999996,1.5,129.88722854339565,0.04269167807598071,True,False,False
4.66,0.17985594771069444,0.46805806697955904,0.019657706390762215,-0.06795064560610728,0.0,-2.0118135001456994e-05,0.25484526670751384,0.0,0.39196009433835854,0.07500000000000001,0.0,0.38999999999999996,1.5,129.88723117932005,0.043239914798473236,True,False,False
4.665,0.17975699743663395,0.4668296994748225,0.019951389496567277,-0.06795064560610728,0.0,-2.0118135001456994e-05,0.25474636365968195,0.0,0.3919552182884286,0.07500000000000001,0.0,0.38999999999999996,1.5,129.88723363586934,0.04375461963404915,True,False,False
4.67,0.1796565855187367,0.46556668639740095,0.02024400892158407,-0.06795064560610728,0.0,-2.0118135001456994e-05,0.2546460004141044,0.0,0.391950193699805,0.07500000000000001,0.0,0.38999999999999996,1.5,129.8872359120698,0.04423647283460658,True,False,False
4.675,0.17955471735185735,0.4642694585865445,0.02053553309951741,-0.06795064560610728,0.0,-2.0118135001456994e-05,0.2545441823368733,0.0,0.39194502243919577,0.07500000000000001,0.0,0.38999999999999996,1.5,129.8872380074359,0.04468614847131729,True,False,False
4.68,0.17945139848433392,0.4629384377273069,0.02082593061377367,-0.06795064560610728,0.0,-2.0118135001456994e-05,0.25444091494779875,0.0,0.3919397063386163,0.07500000000000001,0.0,0.38999999999999996,1.5,129.88723992194983,0.04510431512734021,True,False,False
4.6850000000000005,0.1793466346172123,0.46157403866378427,0.02111517026266511,-0.06795064560610728,0.0,-2.0118135001456994e-05,0.25433620391954476,0.0,0.39193424720429654,0.07500000000000001,0.0,0.38999999999999996,1.5,129.88724165604148,0.04549163628621838,True,False,False
4.69,0.17924043160319475,0.4601766712012668,0.021403221108577217,-0.06795064560610728,0.0,-2.0118135001456994e-05,0.25423005507651086,0.0,0.3919286468236618,0.07500000000000001,0.0,0.38999999999999996,1.5,129.88724321056705,0.04584877051665011,True,False,False
4.695,0.17913279544538077,0.458746741538462,0.021690052515440317,-0.06795064560610728,0.0,-2.0118135001456994e-05,0.2541224743935234,0.0,0.39192290697075577,0.07500000000000001,0.0,0.38999999999999996,1.5,129.88724458678965,0.04617637152168855,True,False,False
4.7,0.17902373229584184,0.4572846533953205,0.021975634177682436,-0.06925178135272222,0.0,-5.769121656587896e-05,0.2540134679943724,0.0,0.3919170294105865,0.07500000000000001,0.0,0.38999999999999996,1.5,129.88686356053813,0.044423650663459,True,False,False
4.705,0.17891324843928702,0.4557908330760163,0.022259948044480737,-0.06925178135272222,0.0,-5.769121656587896e-05,0.2539030421385403,0.0,0.39191101561315117,0.07500000000000001,0.0,0.38999999999999996,1.5,129.8868652056839,0.04476774482785013,True,False,False
4.71,0.17880135028786676,0.45426570546218353,0.02254295830880001,-0.06925178135272222,0.0,-5.769121656587896e-05,0.25379120321285675,0.0,0.39190486704612115,0.07500000000000001,0.0,0.38999999999999996,1.5,129.88686667662498,0.04508229923737085,True,False,False
4.715,0.17868804440338484,0.4527096655084071,0.022824635920594995,-0.06925178135272222,0.0,-5.769121656587896e-05,0.2536779577508343,0.0,0.3918985854463556,0.07500000000000001,0.0,0.38999999999999996,1.5,129.88686797496868,0.04536798180295225,True,False,False
4.72,0.17857333749059437,0.4511231036455569,0.023104951991031013,-0.06925178135272222,0.0,-5.769121656587896e-05,0.2535633124290505,0.0,0.39189217253310116,0.07500000000000001,0.0,0.38999999999999996,1.5,129.88686910268478,0.045625452826822295,True,False,False
4.7250000000000005,0.1784572363960507,0.44950640784797324,0.023383877868372434,-0.06925178135272222,0.0,-5.769121656587896e-05,0.25344727406592293,0.0,0.3918856300160188,0.07500000000000001,0.0,0.38999999999999996,1.5,129.8868700620832,0.04585536556041274,True,False,False
4.73,0.17833974810670256,0.44785996521254334,0.023661385195466764,-0.06925178135272222,0.0,-5.769121656587896e-05,0.2533298496202444,0.0,0.391878959601253,0.07500000000000001,0.0,0.38999999999999996,1.5,129.8868708557941,0.04605836652144726,True,False,False
4.735,0.17822087974826886,0.4461841631656295,0.023937445953613242,-0.06925178135272222,0.0,-5.769121656587896e-05,0.25321104618951945,0.0,0.39187216299607575,0.07500000000000001,0.0,0.38999999999999996,1.5,129.88687148674734,0.046235095650879555,True,False,False
4.74,0.17810063858345165,0.4444793903852097,0.024212032496363136,-0.06925178135272222,0.0,-5.769121656587896e-05,0.25309087100814986,0.0,0.391865241912405,0.07500000000000001,0.0,0.38999999999999996,1.5,129.88687195815285,0.04638618636442061,True,False,False
4.745,0.1779790320100211,0.4427460375102965,0.024485117575864707,-0.06925178135272222,0.0,-5.769121656587896e-05,0.2529693314455014,0.0,0.3918581980694752,0.07500000000000001,0.0,0.38999999999999996,1.5,129.88687227348044,0.04651226553557507,True,False,False
4.75,0.17785606755879996,0.44098449767092934,0.024756674363668494,-0.06952310905389844,0.0,-8.716096197277647e-05,0.25284643500387716,0.0,0.3918510331958441,0.07500000000000001,0.0,0.38999999999999996,1.5,129.88650755364708,0.046185921038528074,True,False,False
4.755,0.17773175288793922,0.4391951716734136,0.025026684483736062,-0.06952310905389844,0.0,-8.716096197277647e-05,0.2527221893162126,0.0,0.39184374870082195,0.07500000000000001,0.0,0.38999999999999996,1.5,129.8865076888235,0.04627918905936743,True,False,False
4.76,0.17760609578062186,0.43737846341484304,0.025295115210474898,-0.06952310905389844,0.0,-8.716096197277647e-05,0.2525966021403069,0.0,0.3918363460057888,0.07500000000000001,0.0,0.38999999999999996,1.5,129.88650767846403,0.0463488820368753,True,False,False
4.765,0.1774791041483544,0.4355347742818059,0.025561941090990137,-0.06952310905389844,0.0,-8.716096197277647e-05,0.25246968135875786,0.0,0.39182882687080783,0.07500000000000001,0.0,0.38999999999999996,1.5,129.88650752670821,0.04639560706120222,True,False,False
4.7700000000000005,0.17735078602711168,0.43366450823569835,0.02582713709132164,-0.06952310905389844,0.0,-8.716096197277647e-05,0.2523414349785563,0.0,0.391821193065228,0.07500000000000001,0.0,0.38999999999999996,1.5,129.88650723787438,0.0464199637635934,True,False,False
4.775,0.17722114957518595,0.43176807225412644,0.026090678618469584,-0.06952310905389844,0.0,-8.716096197277647e-05,0.2522118711289283,0.0,0.39181344636935983,0.07500000000000001,0.0,0.38999999999999996,1.5,129.88650681644202,0.04642254435906969,True,False,False
4.78,0.17709020307096102,0.4298458766470549,0.026352541537516472,-0.06952310905389844,0.0,-8.716096197277647e-05,0.2520809980591079,0.0,0.39180558857562875,0.07500000000000001,0.0,0.38999999999999996,1.5,129.8865062670348,0.04640393364308319,True,False,False
4.785,0.17695795491062122,0.4278983352680233,0.02661270218502692,-0.06952310905389844,0.0,-8.716096197277647e-05,0.2519488241360492,0.0,0.39179762148935693,0.07500000000000001,0.0,0.38999999999999996,1.5,129.88650559440353,0.04636470895985432,True,False,False
4.79,0.17682441360581336,0.42592586564384377,0.026871137379600295,-0.06952310905389844,0.0,-8.716096197277647e-05,0.25181535784209463,0.0,0.3917895469291913,0.07500000000000001,0.0,0.38999999999999996,1.5,129.88650480341062,0.046305440154350674,True,False,False
4.795,0.17668958778126634,0.42392888904344656,0.027127824430221815,-0.06952310905389844,0.0,-8.716096197277647e-05,0.25168060777260365,0.0,0.39178136672732244,0.07500000000000001,0.0,0.38999999999999996,1.5,129.88650389901397,0.04622668951591823,True,False,False
4.8,0.17655348617238245,0.42190783048991326,0.027382741142886635,-0.06878252336988633,0.0,-0.00010732395894081224,0.2515445826335549,0.0,0.3917730827294725,0.07500000000000001,0.0,0.38999999999999996,1.5,129.88616377631766,0.047296203361415184,True,False,False
4.805,0.17641611763015055,0.41986310448354325,0.0276358698428085,-0.06878252336988633,0.0,-0.00010732395894081224,0.25140729125012967,0.0,0.39176469642914835,0.07500000000000001,0.0,0.38999999999999996,1.5,129.8861623678119,0.0471382541100536,True,False,False
4.8100000000000005,0.17627749112188212,0.4177951295701224,0.02788718219085231,-0.06878252336988633,0.0,-0.00010732395894081224,0.2512687425637466,0.0,0.3917562093328715,0.07500000000000001,0.0,0.38999999999999996,1.5,129.88616086698585,0.04696356684385587,True,False,False
4.815,0.17613761571610562,0.4157043453146214,0.02813665740233834,-0.06878252336988633,0.0,-0.00010732395894081224,0.25112894561322585,0.0,0.39174762333694235,0.07500000000000001,0.0,0.38999999999999996,1.5,129.8861592793794,0.04677265338055191,True,False,False
4.82,0.1759965005817445,0.41359119748944856,0.02838427534858271,-0.06878252336988633,0.0,-0.00010732395894081224,0.250987909537678,0.0,0.3917389403606951,0.07500000000000001,0.0,0.38999999999999996,1.5,129.8861576105284,0.04656601893375021,True,False,False
4.825,0.17585415498520363,0.4114561370108277,0.028630016518721817,-0.06878252336988633,0.0,-0.00010732395894081224,0.250845643573645,0.0,0.3917301623422726,0.07500000000000001,0.0,0.38999999999999996,1.5,129.88615586595313,0.04634416165674262,True,False,False
4.83,0.17571058828756758,0.40929961909193874,0.02887386199139383,-0.06878252336988633,0.0,-0.00010732395894081224,0.2507021570523438,0.0,0.39172129123526767,0.07500000000000001,0.0,0.38999999999999996,1.5,129.88615405114786,0.046107572329901966,True,False,False
4.835,0.17556580994188697,0.4071221025631429,0.029115793413581576,-0.06878252336988633,0.0,-0.00010732395894081224,0.25055745939699026,0.0,0.3917123290060319,0.07500000000000001,0.0,0.38999999999999996,1.5,129.88615217156934,0.04585673414767713,True,False,False
4.84,0.17541982949053792,0.4049240493114328,0.02935579298461199,-0.06878252336988633,0.0,-0.00010732395894081224,0.25041156012019183,0.0,0.39170327763142754,0.07500000000000001,0.0,0.38999999999999996,1.5,129.88615023262852,0.045592122575248556,True,False,False
4.845,0.1752726565626265,0.40270592381295295,0.02959384344383158,-0.06878252336988633,0.0,-0.00010732395894081224,0.25026446882138015,0.0,0.3916941390969706,0.07500000000000001,0.0,0.38999999999999996,1.5,129.88614823968078,0.045314205254562145,True,False,False
4.8500000000000005,0.17512430087143604,0.4004681927351175,0.029829928060872247,-0.06708853366345316,0.0,-0.00011748059683426045,0.2501161951842837,0.0,0.3916849153952404,0.07500000000000001,0.0,0.38999999999999996,1.5,129.88584043861596,0.04769364496721286,True,False,False
4.855,0.17497477222961794,0.39821129240333547,0.030064030678760362,-0.06708853366345316,0.0,-0.00011748059683426045,0.24996674899591909,0.0,0.39167560813012126,0.07500000000000001,0.0,0.38999999999999996,1.5,129.88583779313362,0.04729465636429946,True,False,False
4.86,0.17482408055299764,0.39593566149597575,0.030296128291568355,-0.06708853366345316,0.0,-0.00011748059683426045,0.24981614014657066,0.0,0.39166621890985903,0.07500000000000001,0.0,0.38999999999999996,1.5,129.88583512809956,0.04688624031896927,True,False,False
4.865,0.17467223582835906,0.3936417793704397,0.030526205467615853,-0.06708853366345316,0.0,-0.00011748059683426045,0.24966437859360055,0.0,0.39165674976663833,0.07500000000000001,0.0,0.38999999999999996,1.5,129.88583244896617,0.04646878783290257,True,False,False
4.87,0.17451924811574085,0.3913301326096594,0.030754247613376275,-0.06708853366345316,0.0,-0.00011748059683426045,0.24951147436759688,0.0,0.3916472027595589,0.07500000000000001,0.0,0.38999999999999996,1.5,129.88582976103234,0.04604268479243817,True,False,False
4.875,0.17436512754504507,0.38900121262706194,0.030980240875645687,-0.06708853366345316,0.0,-0.00011748059683426045,0.24935743756908507,0.0,0.39163757996520443,0.07500000000000001,0.0,0.38999999999999996,1.5,129.88582706944013,0.04560831103987201,True,False,False
4.88,0.174209884312938,0.3866555138203299,0.031204172068266037,-0.06708853366345316,0.0,-0.00011748059683426045,0.24920227836550826,0.0,0.3916278834704043,0.07500000000000001,0.0,0.38999999999999996,1.5,129.88582437917142,0.045166039766267055,True,False,False
4.885,0.17405352867998516,0.38429353215474815,0.031426028616880985,-0.06708853366345316,0.0,-0.00011748059683426045,0.24904600698842455,0.0,0.391618115366621,0.07500000000000001,0.0,0.38999999999999996,1.5,129.8858216950456,0.04471623712364786,True,False,False
4.89,0.173896070967963,0.38191576404416433,0.03164579851687108,-0.06708853366345316,0.0,-0.00011748059683426045,0.24888863373086773,0.0,0.3916082777455897,0.07500000000000001,0.0,0.38999999999999996,1.5,129.88581902171708,0.04425926198718394,True,False,False
4.8950000000000005,0.17373752155730604,0.37952270548758654,0.03186347030088363,-0.06708853366345316,0.0,-0.00011748059683426045,0.2487301689448336,0.0,0.39159837269588693,0.07500000000000001,0.0,0.38999999999999996,1.5,129.88581636367385,0.04379546582045264,True,False,False
4.9,0.17357789088466027,0.377114851369403,0.0320790330133252,-0.06453510949232089,0.0,-0.00011742911463492103,0.24857062303886493,0.0,0.3915884023002,0.07500000000000001,0.0,0.38999999999999996,1.5,129.88554858528994,0.04735028540562315,True,False,False
4.905,0.17341718946759277,0.37469264657941836,0.032292472417452714,-0.06453510949232089,0.0,-0.00011742911463492103,0.24841000650655368,0.0,0.39157836821939035,0.07500000000000001,0.0,0.38999999999999996,1.5,129.88554532111402,0.0467294163754077,True,False,False
4.91,0.17325542791138018,0.37225653511425666,0.03250377130615377,-0.06453510949232089,0.0,-0.00011742911463492103,0.24824832992950013,0.0,0.3915682721047471,0.07500000000000001,0.0,0.38999999999999996,1.5,129.885542121181,0.04610653859517494,True,False,False
4.915,0.17309261686157681,0.36980701774296143,0.032712919774170006,-0.06453510949232089,0.0,-0.00011742911463492103,0.24808560392581247,0.0,0.39155811605004315,0.07500000000000001,0.0,0.38999999999999996,1.5,129.88553898927424,0.045481905852826035,True,False,False
4.92,0.17292876700937582,0.3673446018426025,0.032919908871084064,-0.06453510949232089,0.0,-0.00011742911463492103,0.24792183915932492,0.0,0.3915479021737675,0.07500000000000001,0.0,0.38999999999999996,1.5,129.88553592893302,0.044855768787525216,True,False,False
4.925,0.17276388908802082,0.36486979789525237,0.0331247304491252,-0.06453510949232089,0.0,-0.00011742911463492103,0.24775704633614515,0.0,0.3915376326053253,0.07500000000000001,0.0,0.38999999999999996,1.5,129.88553294345868,0.04422837352897329,True,False,False
4.93,0.17259799386966443,0.3623831168377917,0.033327377049175724,-0.06453510949232089,0.0,-0.00011742911463492103,0.24759123620161405,0.0,0.3915273094746613,0.07500000000000001,0.0,0.38999999999999996,1.5,129.8855300359182,0.04359996081822306,True,False,False
4.9350000000000005,0.1724310921625911,0.35988506805723464,0.03352784181491513,-0.06453510949232089,0.0,-0.00011742911463492103,0.24742441953760463,0.0,0.3915169349043667,0.07500000000000001,0.0,0.38999999999999996,1.5,129.88552720914987,0.04297076545549243,True,False,False
4.94,0.17226319480870877,0.3573761578748203,0.03372611842761179,-0.06453510949232089,0.0,-0.00011742911463492103,0.24725660716007014,0.0,0.3915065110037502,0.07500000000000001,0.0,0.38999999999999996,1.5,129.88552446576776,0.04234101597001279,True,False,False
4.945,0.17209431268125186,0.3548568884011977,0.0339222010560291,-0.06453510949232089,0.0,-0.00011742911463492103,0.2470878099167889,0.0,0.39149603986431686,0.07500000000000001,0.0,0.38999999999999996,1.5,129.88552180816768,0.041710934441011066,True,False,False
4.95,0.17192445668264314,0.3523277566574385,0.03411608431738051,-0.061245558242446665,0.0,-0.00010744765370798286,0.24691803868525705,0.0,0.39148552355636196,0.07500000000000001,0.0,0.38999999999999996,1.5,129.8853017353993,0.04626633830750773,True,False,False
4.955,0.17175363777760344,0.34978919178019574,0.034307755883437506,-0.061245558242446665,0.0,-0.00010744765370798286,0.2467473044094395,0.0,0.39147496370515766,0.07500000000000001,0.0,0.38999999999999996,1.5,129.8852987002578,0.04545012932460357,True,False,False
4.96,0.17158186700267736,0.3472416182423184,0.03449720435597244,-0.061245558242446665,0.0,-0.00010744765370798286,0.24657561810559644,0.0,0.391464361911206,0.07500000000000001,0.0,0.38999999999999996,1.5,129.88529581364364,0.04463911451832451,True,False,False
4.965,0.17140915540594912,0.34468553015140746,0.03468442505622437,-0.061245558242446665,0.0,-0.00010744765370798286,0.2464029907979998,0.0,0.3914537202212299,0.07500000000000001,0.0,0.38999999999999996,1.5,129.88529307625453,0.04383340263519844,True,False,False
4.97,0.1712355140552691,0.34212142685792984,0.034869414314135996,-0.061245558242446665,0.0,-0.00010744765370798286,0.24622943353087823,0.0,0.39144304070171865,0.07500000000000001,0.0,0.38999999999999996,1.5,129.88529048852902,0.04303310153047819,True,False,False
4.9750000000000005,0.17106095403469812,0.3395498085812416,0.03505216927031878,-0.061245558242446665,0.0,-0.00010744765370798286,0.24605495736501576,0.0,0.3914323254217346,0.07500000000000001,0.0,0.38999999999999996,1.5,129.8852880506577,0.04223831643053355,True,False,False
4.98,0.17088548644153378,0.336971173147644,0.035232687728059216,-0.061245558242446665,0.0,-0.00010744765370798286,0.24587957337489055,0.0,0.3914215764400913,0.07500000000000001,0.0,0.38999999999999996,1.5,129.88528576259498,0.04144914881372285,True,False,False
4.985,0.1707091223838023,0.3343860135596118,0.03541096804222611,-0.061245558242446665,0.0,-0.00010744765370798286,0.24570329264624763,0.0,0.3914107957958323,0.07500000000000001,0.0,0.38999999999999996,1.5,129.88528362406984,0.04066569571027709,True,False,False
4.99,0.17053187297810016,0.33179481620526713,0.03558700903530021,-0.061245558242446665,0.0,-0.00010744765370798286,0.24552612627399753,0.0,0.3913999855011897,0.07500000000000001,0.0,0.38999999999999996,1.5,129.88528163459728,0.03988804928575811,True,False,False
4.995,0.1703537493477006,0.3291980595467554,0.03576080993330215,-0.061245558242446665,0.0,-0.00010744765370798286,0.24534808536036212,0.0,0.3913891475364355,0.07500000000000001,0.0,0.38999999999999996,1.5,129.88527979348908,0.039116296616640775,True,False,False
5.0,0.17017476262086367,0.3265962131665882,0.035932370316311635,-0.05736588042268606,0.0,-8.826387383340386e-05,0.2451691810132104,0.0,0.3913782838461445,0.07500000000000001,0.0,0.38999999999999996,1.5,129.88511461068865,0.044466465936030264,True,False,False
5.005,0.16999492397091295,0.32398966387343825,0.03610167945059156,-0.05736588042268606,0.0,-8.826387383340386e-05,0.24498942438948842,0.0,0.39136739592177144,0.07500000000000001,0.0,0.38999999999999996,1.5,129.88511276257137,0.0434872497186055,True,False,False
5.01,0.16981424462811007,0.3213787903115128,0.0362687313896134,-0.05736588042268606,0.0,-8.826387383340386e-05,0.24480882670365844,0.0,0.39135648521647415,0.07500000000000001,0.0,0.38999999999999996,1.5,129.8851111369162,0.042519935444092105,True,False,False
5.015,0.16963273580922286,0.3187640506253492,0.03643352602424054,-0.05736588042268606,0.0,-8.826387383340386e-05,0.2446273991534976,0.0,0.39134555361900025,0.07500000000000001,0.0,0.38999999999999996,1.5,129.88510973030085,0.041564486589280455,True,False,False
5.0200000000000005,0.1694504087282704,0.3161459067485694,0.036596064254284924,-0.05736588042268606,0.0,-8.826387383340386e-05,0.24444515293428468,0.0,0.39133460303265866,0.07500000000000001,0.0,0.38999999999999996,1.5,129.8851085391041,0.040620868104428845,True,False,False
5.025,0.169267274593179,0.31352481939355675,0.03675634775516154,-0.05736588042268606,0.0,-8.826387383340386e-05,0.2442620992356175,0.0,0.39132363535561454,0.07500000000000001,0.0,0.38999999999999996,1.5,129.88510755952151,0.039689044367345785,True,False,False
5.03,0.16908334460311986,0.31090124434968297,0.03691437880406418,-0.05736588042268606,0.0,-8.826387383340386e-05,0.24407824923886554,0.0,0.3913126524663636,0.07500000000000001,0.0,0.38999999999999996,1.5,129.88510678758146,0.03876897786570329,True,False,False
5.035,0.1688986299463937,0.3082756297782394,0.037070160150043725,-0.05736588042268606,0.0,-8.826387383340386e-05,0.24389361411513397,0.0,0.39130165621308527,0.07500000000000001,0.0,0.38999999999999996,1.5,129.8851062191598,0.03786062837205718,True,False,False
5.04,0.16871314179871894,0.3056484142572489,0.03722369491637184,-0.05736588042268606,0.0,-8.826387383340386e-05,0.24370820502360518,0.0,0.39129064840597394,0.07500000000000001,0.0,0.38999999999999996,1.5,129.885105849995,0.03696395245168516,True,False,False
5.045,0.16852689132182908,0.30302002539199435,0.03737498652661118,-0.05736588042268606,0.0,-8.826387383340386e-05,0.24352203311016984,0.0,0.39127963081176287,0.07500000000000001,0.0,0.38999999999999996,1.5,129.88510567570202,0.03607890319531057,True,False,False
5.05,0.1683398896623013,0.30039087884421684,0.037524038648090764,-0.05305790298331828,0.0,-6.100902767923573e-05,0.24333510950627424,0.0,0.39126860514993145,0.07500000000000001,0.0,0.38999999999999996,1.5,129.88500126579908,0.04199659919735852,True,False,False
5.055,0.1681521479969222,0.2977612964676184,0.037670841678980334,-0.05305790298331828,0.0,-6.100902767923573e-05,0.24314744537723762,0.0,0.3912575726967958,0.07500000000000001,0.0,0.38999999999999996,1.5,129.88500153714446,0.04089092441087281,True,False,False
5.0600000000000005,0.16796367754641114,0.29513158919898747,0.03781539450330755,-0.05305790298331828,0.0,-6.100902767923573e-05,0.24295905193292094,0.0,0.3912465346802825,0.07500000000000001,0.0,0.38999999999999996,1.5,129.88500208500594,0.03980312994850925,True,False,False
5.065,0.16777448949776247,0.29250215447108713,0.03795770070713141,-0.05305790298331828,0.0,-6.100902767923573e-05,0.24276994034667168,0.0,0.391235492739372,0.07500000000000001,0.0,0.38999999999999996,1.5,129.88500290133516,0.03873304028754529,True,False,False
5.07,0.16758459501704523,0.2898733923439604,0.038097764843514216,-0.05305790298331828,0.0,-6.100902767923573e-05,0.24258012177117017,0.0,0.3912244485235575,0.07500000000000001,0.0,0.38999999999999996,1.5,129.8850039780112,0.03768048369041252,True,False,False
5.075,0.1673940052463905,0.2872457000877543,0.038235592175375324,-0.05305790298331828,0.0,-6.100902767923573e-05,0.24238960733557688,0.0,0.3912134036714975,0.07500000000000001,0.0,0.38999999999999996,1.5,129.88500530685832,0.03664528992986452,True,False,False
5.08,0.16720273130172805,0.2846194682116584,0.038371188484628276,-0.05305790298331828,0.0,-6.100902767923573e-05,0.24219840814337962,0.0,0.3912023597954515,0.07500000000000001,0.0,0.38999999999999996,1.5,129.8850068796625,0.035627288822022575,True,False,False
5.085,0.16701078427112453,0.28199507761503156,0.038504559930194804,-0.05305790298331828,0.0,-6.100902767923573e-05,0.2420065352708065,0.0,0.391191318469998,0.07500000000000001,0.0,0.38999999999999996,1.5,129.88500868818855,0.03462630930555275,True,False,False
5.09,0.1668181752135618,0.27937289754256517,0.03863571294195842,-0.05305790298331828,0.0,-6.100902767923573e-05,0.2418139997656513,0.0,0.39118028122407034,0.07500000000000001,0.0,0.38999999999999996,1.5,129.8850107241949,0.03364217888930694,True,False,False
5.095,0.16662491515804798,0.27675328419746953,0.03876465414110941,-0.05305790298331828,0.0,-6.100902767923573e-05,0.24162081264641158,0.0,0.3911692495354283,0.07500000000000001,0.0,0.38999999999999996,1.5,129.885012979449,0.03267472334851571,True,False,False
5.1000000000000005,0.1664310151029787,0.2741365798022954,0.038891390279872054,-0.048492407452120204,0.0,-2.7154165201233245e-05,0.24142698490166217,0.0,0.391158224826981,0.07500000000000001,0.0,0.38999999999999996,1.5,129.88497300715605,0.038920916170546244,True,False,False
5.105,0.16623648606495145,0.2715230260028884,0.03901591242263854,-0.048492407452120204,0.0,-2.7154165201233245e-05,0.24123252754133878,0.0,0.3911472081070365,0.07500000000000001,0.0,0.38999999999999996,1.5,129.88497617351265,0.03772798685081327,True,False,False
5.11,0.16604133909375635,0.2689128517722186,0.03913822349356229,-0.048492407452120204,0.0,-2.7154165201233245e-05,0.24103745160914397,0.0,0.39113620032958896,0.07500000000000001,0.0,0.38999999999999996,1.5,129.8849796436444,0.036557997929020716,True,False,False
5.115,0.16584558519053208,0.26630637669586693,0.039258329810136106,-0.048492407452120204,0.0,-2.7154165201233245e-05,0.240841768097784,0.0,0.391125202822105,0.07500000000000001,0.0,0.38999999999999996,1.5,129.8849834049613,0.03541064656471233,True,False,False
5.12,0.16564923532206127,0.2637039222910846,0.0393762385837859,-0.048492407452120204,0.0,-2.7154165201233245e-05,0.24064548796583124,0.0,0.3911142169202144,0.07500000000000001,0.0,0.38999999999999996,1.5,129.88498744497443,0.03428563583263937,True,False,False
5.125,0.16545230041816136,0.26110580637872566,0.03949195765057881,-0.048492407452120204,0.0,-2.7154165201233245e-05,0.24044862213526622,0.0,0.39110324394556223,0.07500000000000001,0.0,0.38999999999999996,1.5,129.88499175131238,0.03318267230571804,True,False,False
5.13,0.16525479136986215,0.2585123390110176,0.039605495272093706,-0.048492407452120204,0.0,-2.7154165201233245e-05,0.2402511814897578,0.0,0.3910922851897749,0.07500000000000001,0.0,0.38999999999999996,1.5,129.88499631173667,0.032101464493712734,True,False,False
5.135,0.16505671902820876,0.25592381956908894,0.03971685998799717,-0.048492407452120204,0.0,-2.7154165201233245e-05,0.24005317687353322,0.0,0.3910813419030125,0.07500000000000001,0.0,0.38999999999999996,1.5,129.8850011141563,0.03104172186005754,True,False,False
5.14,0.16485809420352526,0.2533405347330033,0.03982606050662118,-0.048492407452120204,0.0,-2.7154165201233245e-05,0.23985461909068234,0.0,0.39107041528597475,0.07500000000000001,0.0,0.38999999999999996,1.5,129.88500614664173,0.030003154228413063,True,False,False
5.1450000000000005,0.16465892766501786,0.2507627571198685,0.039933105623435584,-0.048492407452120204,0.0,-2.7154165201233245e-05,0.2396555189047814,0.0,0.39105950648452903,0.07500000000000001,0.0,0.38999999999999996,1.5,129.8850113974367,0.028985471451818436,True,False,False
5.15,0.16445923014063674,0.2481907444196346,0.04003800416000183,-0.043842430205292104,0.0,1.1571409148432672e-05,0.23945588703876178,0.0,0.39104861658624485,0.07500000000000001,0.0,0.38999999999999996,1.5,129.88503648467264,0.0353187162938052,True,False,False
5.155,0.1642590123674222,0.2456246513375597,0.040140747485605324,-0.043842430205292104,0.0,1.1571409148432672e-05,0.23925573422720378,0.0,0.39103774630963783,0.07500000000000001,0.0,0.38999999999999996,1.5,129.88504305662624,0.03407885948477493,True,False,False
5.16,0.1640582851071412,0.2430646191729935,0.040241341682858436,-0.043842430205292104,0.0,1.1571409148432672e-05,0.23905507122990752,0.0,0.3910268963170649,0.07500000000000001,0.0,0.38999999999999996,1.5,129.88504992937655,0.03286594151630555,True,False,False
5.165,0.16385705906330192,0.2405108810533726,0.040339794847826814,-0.043842430205292104,0.0,1.1571409148432672e-05,0.23885390874652956,0.0,0.3910160675953794,0.07500000000000001,0.0,0.38999999999999996,1.5,129.8850570864437,0.03167954830365785,True,False,False
5.17,0.16365534489633457,0.23796367178136735,0.04043611587580851,-0.043842430205292104,0.0,1.1571409148432672e-05,0.23865225743380675,0.0,0.39100526113884204,0.07500000000000001,0.0,0.38999999999999996,1.5,129.8850645116452,0.030519273529800273,True,False,False
5.175,0.16345315322141868,0.2354232222126643,0.0405303141910578,-0.043842430205292104,0.0,1.1571409148432672e-05,0.23845012790352088,0.0,0.3909944779269773,0.07500000000000001,0.0,0.38999999999999996,1.5,129.88507218910797,0.02938471617621564,True,False,False
5.18,0.1632504946071053,0.23288975521521846,0.04062239954767493,-0.043842430205292104,0.0,1.1571409148432672e-05,0.23824753072121277,0.0,0.39098371890864064,0.07500000000000001,0.0,0.38999999999999996,1.5,129.88508010328,0.02827547892501224,True,False,False
5.1850000000000005,0.16304737957456394,0.23036348281291058,0.04071238188289868,-0.043842430205292104,0.0,1.1571409148432672e-05,0.23804447640548787,0.0,0.3909729849907609,0.07500000000000001,0.0,0.38999999999999996,1.5,129.88508823894048,0.0271911671494326,True,False,False
5.19,0.1628438185972914,0.22784460422905106,0.04080027120888687,-0.043842430205292104,0.0,1.1571409148432672e-05,0.23784097542775884,0.0,0.39096227703058783,0.07500000000000001,0.0,0.38999999999999996,1.5,129.88509658120947,0.026131388300761713,True,False,False
5.195,0.16263982210115568,0.22533330459166726,0.04088607753273133,-0.043842430205292104,0.0,1.1571409148432672e-05,0.23763703821230503,0.0,0.3909515958305939,0.07500000000000001,0.0,0.38999999999999996,1.5,129.885105115556,0.025095751562082543,True,False,False
5.2,0.16243540046469165,0.22282975415975464,0.04096981079719088,-0.039276899401978996,0.0,5.32764892960353e-05,0.23743267513657068,0.0,0.3909409421353316,0.07500000000000001,0.0,0.38999999999999996,1.5,129.88519228186226,0.03128106715490679,True,False,False
5.205,0.16223056406906816,0.22033402199478827,0.04105146247811594,-0.039276899401978996,0.0,5.32764892960353e-05,0.23722789658256085,0.0,0.3909303163795069,0.07500000000000001,0.0,0.38999999999999996,1.5,129.88520243437125,0.030034253823030512,True,False,False
5.21,0.16202532331374556,0.21784616393541015,0.04113104090590671,-0.039276899401978996,0.0,5.32764892960353e-05,0.23702271295095947,0.0,0.390919718943358,0.07500000000000001,0.0,0.38999999999999996,1.5,129.88521285481858,0.02881721887361564,True,False,False
5.215,0.16181968853530576,0.21536632595037122,0.04120855508159323,-0.039276899401978996,0.0,5.32764892960353e-05,0.23681713457813913,0.0,0.39090915047367064,0.07500000000000001,0.0,0.38999999999999996,1.5,129.88522352395483,0.027629456489770086,True,False,False
5.22,0.16161367002288213,0.21289465576779118,0.041284014696755425,-0.039276899401978996,0.0,5.32764892960353e-05,0.23661117175310728,0.0,0.390898611625059,0.07500000000000001,0.0,0.38999999999999996,1.5,129.8852344230198,0.026470470130710973,True,False,False
5.2250000000000005,0.16140727801643154,0.21043129744889988,0.041357429872472144,-0.039276899401978996,0.0,5.32764892960353e-05,0.23640483471589852,0.0,0.3908881030385647,0.07500000000000001,0.0,0.38999999999999996,1.5,129.8852455337481,0.0253397700998473,True,False,False
5.23,0.16120052270577845,0.20797638749955702,0.04142881096771669,-0.039276899401978996,0.0,5.32764892960353e-05,0.23619813365669826,0.0,0.3908776253263445,0.07500000000000001,0.0,0.38999999999999996,1.5,129.885256838375,0.02423687196818787,True,False,False
5.235,0.16099341423026445,0.20553005216828502,0.04149816843884366,-0.039276899401978996,0.0,5.32764892960353e-05,0.23599107871554184,0.0,0.3908671790609366,0.07500000000000001,0.0,0.38999999999999996,1.5,129.88526831964097,0.023161295575129956,True,False,False
5.24,0.16078596267883716,0.20309240559262473,0.041565512736570526,-0.039276899401978996,0.0,5.32764892960353e-05,0.23578367998243085,0.0,0.39085676476799824,0.07500000000000001,0.0,0.38999999999999996,1.5,129.88527996079483,0.02211256441801001,True,False,False
5.245,0.16057817809046487,0.20066354863041358,0.04163085423044656,-0.039276899401978996,0.0,5.32764892960353e-05,0.23557594749775926,0.0,0.390846382921566,0.07500000000000001,0.0,0.38999999999999996,1.5,129.88529174559574,0.0210902053031551,True,False,False
5.25,0.16037007045478288,0.1982435681533418,0.041694203153475995,-0.03495477089050382,0.0,9.601370071906454e-05,0.23536789125295937,0.0,0.3908360339413108,0.07500000000000001,0.0,0.38999999999999996,1.5,129.8854342318637,0.026907224165117677,True,False,False
5.255,0.16016164975985156,0.19583245546516043,0.041755551066030905,-0.03495477089050382,0.0,9.601370071906454e-05,0.23515952123920947,0.0,0.3908257180054817,0.07500000000000001,0.0,0.38999999999999996,1.5,129.8854477789935,0.025691678826785205,True,False,False
5.26,0.15995292600723593,0.1934301895793227,0.04181490765700118,-0.03495477089050382,0.0,9.601370071906454e-05,0.23495084746146816,0.0,0.39081543524233575,0.07500000000000001,0.0,0.38999999999999996,1.5,129.88546153528,0.02450754152061676,True,False,False
5.265,0.15974390913542527,0.19103683508211786,0.04187228207842211,-0.03495477089050382,0.0,9.601370071906454e-05,0.23474187986060485,0.0,0.3908051859829254,0.07500000000000001,0.0,0.38999999999999996,1.5,129.88547548013676,0.02335423673929833,True,False,False
5.2700000000000005,0.15953460903488412,0.18865245859811658,0.041927684056241546,-0.03495477089050382,0.0,9.601370071906454e-05,0.23453262832947577,0.0,0.3907949705671781,0.07500000000000001,0.0,0.38999999999999996,1.5,129.8854895936283,0.022231199373954492,True,False,False
5.275,0.1593250355467588,0.18627712373353855,0.041981123647448645,-0.03495477089050382,0.0,9.601370071906454e-05,0.2343231027117318,0.0,0.39078478932391375,0.07500000000000001,0.0,0.38999999999999996,1.5,129.8855038564696,0.02113787240457151,True,False,False
5.28,0.15911519846230493,0.1839108874864042,0.04203261106246932,-0.03495477089050382,0.0,9.601370071906454e-05,0.2341133128013119,0.0,0.39077464255664623,0.07500000000000001,0.0,0.38999999999999996,1.5,129.88551825002324,0.020073705400031103,True,False,False
5.285,0.15890510752288226,0.18155379771406446,0.042082156535536555,-0.03495477089050382,0.0,9.601370071906454e-05,0.23390326834247893,0.0,0.3907645305336678,0.07500000000000001,0.0,0.38999999999999996,1.5,129.88553275629874,0.019038153564454492,True,False,False
5.29,0.15869477242035357,0.17920589149866287,0.0421297702302394,-0.03495477089050382,0.0,9.601370071906454e-05,0.2336929790302399,0.0,0.39075445348144394,0.07500000000000001,0.0,0.38999999999999996,1.5,129.8855473579484,0.01803067715118297,True,False,False
5.295,0.15848420279778153,0.17686719407610257,0.042175462170842254,-0.03495477089050382,0.0,9.601370071906454e-05,0.23348245451105082,0.0,0.3907444115804108,0.07500000000000001,0.0,0.38999999999999996,1.5,129.8855620382633,0.017050741123857918,True,False,False
5.3,0.15827340825033834,0.17453771825358314,0.042219242192486926,-0.03101982170431998,0.0,0.0001378873517825304,0.23327170438372483,0.0,0.3907344049625996,0.07500000000000001,0.0,0.38999999999999996,1.5,129.88574956480207,0.022300913445530354,True,False,False
5.305,0.15806239836917294,0.17221739022663016,0.042261102073903475,-0.03101982170431998,0.0,0.0001378873517825304,0.23306073824383702,0.0,0.39072443359140996,0.07500000000000001,0.0,0.38999999999999996,1.5,129.88576598110666,0.021151853454891845,True,False,False
5.3100000000000005,0.15785118275536703,0.16990612540323574,0.042301052036569864,-0.03101982170431998,0.0,0.0001378873517825304,0.23284956569706705,0.0,0.39071449738669894,0.07500000000000001,0.0,0.38999999999999996,1.5,129.8857825287535,0.020034616026693673,True,False,False
5.315,0.15763977095044593,0.16760391750600903,0.04233910076884511,-0.03101982170431998,0.0,0.0001378873517825304,0.2326381962888908,0.0,0.3907045964051856,0.07500000000000001,0.0,0.38999999999999996,1.5,129.8857991873738,0.018948579645620474,True,False,False
5.32,0.15742817245046137,0.16531076263856576,0.04237525741320184,-0.03101982170431998,0.0,0.0001378873517825304,0.23242663951926237,0.0,0.39069473071360317,0.07500000000000001,0.0,0.38999999999999996,1.5,129.88581593736328,0.017893133908986336,True,False,False
5.325,0.15721639670510748,0.16302665474983383,0.042409531349054,-0.03101982170431998,0.0,0.0001378873517825304,0.23221490484181148,0.0,0.3906849003707788,0.07500000000000001,0.0,0.38999999999999996,1.5,129.8858327598725,0.016867677416943776,True,False,False
5.33,0.1570044531174874,0.16075158241390522,0.04244193203455441,-0.03101982170431998,0.0,0.0001378873517825304,0.2320030016636626,0.0,0.39067510541492567,0.07500000000000001,0.0,0.38999999999999996,1.5,129.8858496367991,0.01587161639966759,True,False,False
5.335,0.15679235104438444,0.15848552662329518,0.04247246889170056,-0.03101982170431998,0.0,0.0001378873517825304,0.23179093934573794,0.0,0.3906653458548806,0.07500000000000001,0.0,0.38999999999999996,1.5,129.88586655077853,0.014904363841617516,True,False,False
5.34,0.15658009979689433,0.15622845932172427,0.042501151223175,-0.03101982170431998,0.0,0.0001378873517825304,0.2315787272034061,0.0,0.3906556216643161,0.07500000000000001,0.0,0.38999999999999996,1.5,129.88588348517413,0.013965338940102587,True,False,False
5.345,0.1563677086413202,0.15398034251324752,0.042527988152416325,-0.03101982170431998,0.0,0.0001378873517825304,0.23136637450738232,0.0,0.390645932778132,0.07500000000000001,0.0,0.38999999999999996,1.5,129.885900424067,0.013053966788339144,True,False,False
5.3500000000000005,0.15615518680025048,0.15174112777364368,0.042552988580700404,-0.02759624754455238,0.0,0.0001771551890768693,0.2311538904848038,0.0,0.39063627909051624,0.07500000000000001,0.0,0.38999999999999996,1.5,129.88611986319572,0.017566620540582223,True,False,False
5.355,0.1559425434910623,0.14951069181962562,0.04257614475509093,-0.02759624754455238,0.0,0.0001771551890768693,0.23094128435794556,0.0,0.39062666039943716,0.07500000000000001,0.0,0.38999999999999996,1.5,129.88613834659495,0.016515165877680912,True,False,False
5.36,0.1557297879382771,0.14728890246437085,0.042597466702395774,-0.02759624754455238,0.0,0.0001771551890768693,0.2307285653563102,0.0,0.3906170764670456,0.07500000000000001,0.0,0.38999999999999996,1.5,129.8861568733028,0.015494772043057617,True,False,False
5.365,0.15551692931398117,0.14507569685160301,0.042616960545900126,-0.02759624754455238,0.0,0.0001771551890768693,0.2305157426566055,0.0,0.39060752713048524,0.07500000000000001,0.0,0.38999999999999996,1.5,129.88617542463905,0.014505206698237481,True,False,False
5.37,0.1553039768210897,0.1428711033486262,0.04263459018359973,-0.02759624754455238,0.0,0.0001771551890768693,0.23030282546499395,0.0,0.39059801257110327,0.07500000000000001,0.0,0.38999999999999996,1.5,129.886193981164,0.013556629029564705,True,False,False
5.375,0.15509093981350375,0.14067545349136334,0.04265034385024311,-0.02759624754455238,0.0,0.0001771551890768693,0.23008982313427823,0.0,0.3905885341231729,0.07500000000000001,0.0,0.38999999999999996,1.5,129.88621252013468,0.012652523975114106,True,False,False
5.38,0.15487782754520282,0.1384891382339944,0.04266425153030495,-0.02759624754455238,0.0,0.0001771551890768693,0.22987674491671187,0.0,0.39057909336496993,0.07500000000000001,0.0,0.38999999999999996,1.5,129.88623102081652,0.011787546699221538,True,False,False
5.385,0.15466464912506594,0.13631250454831137,0.04267634346298346,-0.02759624754455238,0.0,0.0001771551890768693,0.22966359992036622,0.0,0.39056969171720746,0.07500000000000001,0.0,0.38999999999999996,1.5,129.88624946496898,0.01095756739929412,True,False,False
5.39,0.15445141352592173,0.13414582305015088,0.04268664831818726,-0.02759624754455238,0.0,0.0001771551890768693,0.22945039711861148,0.0,0.39056033031195275,0.07500000000000001,0.0,0.38999999999999996,1.5,129.88626783636875,0.010159326161514097,True,False,False
5.3950000000000005,0.15423812959747757,0.1319892730588645,0.04269519221246489,-0.02759624754455238,0.0,0.0001771551890768693,0.22923714536318443,0.0,0.3905510099311277,0.07500000000000001,0.0,0.38999999999999996,1.5,129.88628612046466,0.009390196097977803,True,False,False
5.4,0.1540248060808763,0.12984293890647552,0.04270199826114836,-0.024798404117657755,0.0,0.0002121309848998427,0.2290238533987057,0.0,0.3905417309900317,0.07500000000000001,0.0,0.38999999999999996,1.5,129.88652111035267,0.013058544803411273,True,False,False
5.405,0.15381145186023912,0.1277070212855794,0.042706969370907996,-0.024798404117657755,0.0,0.0002121309848998427,0.22881053011067284,0.0,0.3905324945337406,0.07500000000000001,0.0,0.38999999999999996,1.5,129.88654055747116,0.012208366231942096,True,False,False
5.41,0.15359807582681123,0.1255818468472567,0.04271020782998175,-0.024798404117657755,0.0,0.0002121309848998427,0.22859718439025575,0.0,0.39052330209691133,0.07500000000000001,0.0,0.38999999999999996,1.5,129.88655993287946,0.011389728063436563,True,False,False
5.415,0.15338468656635587,0.12346753361867369,0.042711740157848475,-0.024798404117657755,0.0,0.0002121309848998427,0.22838382482676534,0.0,0.3905141542291984,0.07500000000000001,0.0,0.38999999999999996,1.5,129.88657922140644,0.010600354613703108,True,False,False
5.42,0.15317129255771753,0.12136409166905605,0.042711589104635,-0.024798404117657755,0.0,0.0002121309848998427,0.22817045990407947,0.0,0.3905050510614576,0.07500000000000001,0.0,0.38999999999999996,1.5,129.8865984092334,0.009838323988726153,True,False,False
5.425,0.15295790218983651,0.11927143250499286,0.0427097738316103,-0.024798404117657755,0.0,0.0002121309848998427,0.2279570980174273,0.0,0.39049599234140964,0.07500000000000001,0.0,0.38999999999999996,1.5,129.88661748373164,0.0091019924843493,True,False,False
5.43,0.15274452377714962,0.1171893803008064,0.04270631018833888,-0.024798404117657755,0.0,0.0002121309848998427,0.2277437474885479,0.0,0.39048697747683897,0.07500000000000001,0.0,0.38999999999999996,1.5,129.8866364333304,0.008389938100839413,True,False,False
5.4350000000000005,0.15253116557341465,0.11511768381606992,0.04270121103198658,-0.024798404117657755,0.0,0.0002121309848998427,0.2275304165792791,0.0,0.3904780055815752,0.07500000000000001,0.0,0.38999999999999996,1.5,129.88665524740958,0.007700917620103442,True,False,False
5.44,0.1523178357839688,0.11305602814268687,0.04269448655548149,-0.024798404117657755,0.0,0.0002121309848998427,0.22731711350359737,0.0,0.39046907552091914,0.07500000000000001,0.0,0.38999999999999996,1.5,129.88667391620908,0.007033833444748276,True,False,False
5.445,0.15210454257651318,0.11100404570193438,0.04268614460504032,-0.024798404117657755,0.0,0.0002121309848998427,0.22710384643820694,0.0,0.3904601859544541,0.07500000000000001,0.0,0.38999999999999996,1.5,129.88669243075518,0.006387707589549263,True,False,False
5.45,0.15189129409053195,0.10896132641445726,0.04267619097643923,-0.022702154388742346,0.0,0.0002416231729236156,0.22689062353178824,0.0,0.3904513353753538,0.07500000000000001,0.0,0.38999999999999996,1.5,129.8869270425552,0.009066189520748648,True,False,False
5.455,0.1516780986227544,0.10692758269624604,0.04266454167524909,-0.022702154388742346,0.0,0.0002416231729236156,0.22667745308801213,0.0,0.39044252293487336,0.07500000000000001,0.0,0.38999999999999996,1.5,129.8869462843814,0.008359660667618021,True,False,False
5.46,0.15146496452182392,0.10490265924295855,0.04265126363359796,-0.022702154388742346,0.0,0.0002416231729236156,0.2264643434608029,0.0,0.3904337482971873,0.07500000000000001,0.0,0.38999999999999996,1.5,129.8869653838424,0.007677617719761061,True,False,False
5.465,0.15125189995053917,0.10288628235845633,0.042636367225117815,-0.022702154388742346,0.0,0.0002416231729236156,0.22625130281996314,0.0,0.3904250104842574,0.07500000000000001,0.0,0.38999999999999996,1.5,129.886984330807,0.007018670071095148,True,False,False
5.47,0.15103891303089342,0.10087813404111039,0.04261986080606618,-0.022702154388742346,0.0,0.0002416231729236156,0.2260383392947466,0.0,0.3904163083458161,0.07500000000000001,0.0,0.38999999999999996,1.5,129.88700311604916,0.006381613373262679,True,False,False
5.4750000000000005,0.150826011853344,0.09887785676973229,0.04260175082076632,-0.022702154388742346,0.0,0.0002416231729236156,0.2258254609830336,0.0,0.3904076405775564,0.07500000000000001,0.0,0.38999999999999996,1.5,129.88702173115678,0.005765390292997059,True,False,False
5.48,0.1506132044851487,0.09688505928939603,0.04258204195683357,-0.022702154388742346,0.0,0.0002416231729236156,0.22561267595956855,0.0,0.3903990057433454,0.07500000000000001,0.0,0.38999999999999996,1.5,129.8870401684571,0.005169061106694246,True,False,False
5.485,0.15040049897782024,0.09489932279669583,0.042560737321512804,-0.022702154388742346,0.0,0.0002416231729236156,0.22539999228331822,0.0,0.3903904022990798,0.07500000000000001,0.0,0.38999999999999996,1.5,129.88705842095337,0.004591781314201286,True,False,False
5.49,0.1501879033737133,0.09292020701641544,0.042537838621741965,-0.022702154388742346,0.0,0.0002416231729236156,0.22518741800397152,0.0,0.3903818286162346,0.07500000000000001,0.0,0.38999999999999996,1.5,129.8870764822734,0.004032784325706661,True,False,False
5.495,0.14997542571178618,0.09094725593846925,0.04251334633785195,-0.022702154388742346,0.0,0.0002416231729236156,0.22497496116762403,0.0,0.3903732830041168,0.07500000000000001,0.0,0.38999999999999996,1.5,129.88709434662297,0.0034913678796081524,True,False,False
5.5,0.14976307403260494,0.08898000308403425,0.04248725988547309,-0.021316320272983122,0.0,0.00026529695215865155,0.22476262982171702,0.0,0.39036476373019124,0.07500000000000001,0.0,0.38999999999999996,1.5,129.8873171973635,0.005151519294339477,True,False,False
5.505,0.14955085649976474,0.08701807929568059,0.04245951889890881,-0.021316320272983122,0.0,0.00026529695215865155,0.22455043213502165,0.0,0.39035626961912545,0.07500000000000001,0.0,0.38999999999999996,1.5,129.88733535529454,0.004577407293747414,True,False,False
5.51,0.14933878132926615,0.08506121794704632,0.04243016445475686,-0.021316320272983122,0.0,0.00026529695215865155,0.22433837632753592,0.0,0.390347799893092,0.07500000000000001,0.0,0.38999999999999996,1.5,129.887353322203,0.004022978377617378,True,False,False
5.515,0.14912685663159503,0.08310908812765526,0.04239919965691039,-0.021316320272983122,0.0,0.00026529695215865155,0.2241264705145525,0.0,0.3903393533447663,0.07500000000000001,0.0,0.38999999999999996,1.5,129.88737109192706,0.003487222381352413,True,False,False
5.5200000000000005,0.14891509050676252,0.08116134267649597,0.04236662646714874,-0.021316320272983122,0.0,0.00026529695215865155,0.22391472280077124,0.0,0.3903309287034019,0.07500000000000001,0.0,0.38999999999999996,1.5,129.88738865895525,0.0029692475065935045,True,False,False
5.525,0.14870349104969682,0.07921762051525244,0.042332445758432,-0.021316320272983122,0.0,0.00026529695215865155,0.22370314128565535,0.0,0.39032252464352923,0.07500000000000001,0.0,0.38999999999999996,1.5,129.8874060183649,0.0024682554766542394,True,False,False
5.53,0.14849206635508252,0.07727754968418632,0.042296657402717756,-0.021316320272983122,0.0,0.00026529695215865155,0.2234917340682316,0.0,0.3903141397966174,0.07500000000000001,0.0,0.38999999999999996,1.5,129.88742316577415,0.0019835230233257242,True,False,False
5.535,0.14828082452166033,0.07534075075719675,0.04225926037446073,-0.021316320272983122,0.0,0.00026529695215865155,0.2232805092513514,0.0,0.3903057727641851,0.07500000000000001,0.0,0.38999999999999996,1.5,129.8874400972982,0.0015143878724552529,True,False,False
5.54,0.14806977365599805,0.0734068402293268,0.04222025285829091,-0.021316320272983122,0.0,0.00026529695215865155,0.22306947494542725,0.0,0.3902974221309625,0.07500000000000001,0.0,0.38999999999999996,1.5,129.88745680951294,0.0010602379656813946,True,False,False
5.545,0.1478589218757511,0.07147543376498598,0.04217963235410662,-0.021316320272983122,0.0,0.00026529695215865155,0.22285863927166394,0.0,0.3902890864774166,0.07500000000000001,0.0,0.38999999999999996,1.5,129.88747329942325,0.000620503050218206,True,False,False
5.55,0.14764827731244717,0.06954614912949703,0.04213739577585628,-0.020648776238406427,0.0,0.0002827384134871923,0.2226480103648197,0.0,0.3902807643912565,0.07500000000000001,0.0,0.38999999999999996,1.5,129.88767165825377,0.0012469856449025957,True,False,False
5.555,0.14743784817019212,0.06761865862271356,0.042093510022242826,-0.020648776238406427,0.0,0.0002827384134871923,0.22243759643123165,0.0,0.3902724548364266,0.07500000000000001,0.0,0.38999999999999996,1.5,129.8876880286111,0.0008027340379166692,True,False,False
5.5600000000000005,0.1472276426918355,0.06569269178775335,0.04204799314208453,-0.020648776238406427,0.0,0.0002827384134871923,0.22222740571535918,0.0,0.39026415699841205,0.07500000000000001,0.0,0.38999999999999996,1.5,129.88770417832598,0.00037326609439797265,True,False,False
5.565,0.14701766908310457,0.0637679552353136,0.04200084370538643,-0.020648776238406427,0.0,0.0002827384134871923,0.22201744642480586,0.0,0.39025586980788585,0.07500000000000001,0.0,0.38999999999999996,1.5,129.88772010482865,4.2105197069985945e-05,True,False,False
5.57,0.14680793555838728,0.06184415605810875,0.04195205973033176,-0.020648776238406427,0.0,0.0002827384134871923,0.22180772677560154,0.0,0.39024759219681354,0.07500000000000001,0.0,0.38999999999999996,1.5,129.8877358059649,0.00044400381104820613,True,False,False
5.575,0.1465984503432942,0.05992100311085071,0.0419016387223256,-0.020648776238406427,0.0,0.0002827384134871923,0.22159825499475627,0.0,0.3902393231031801,0.07500000000000001,0.0,0.38999999999999996,1.5,129.88775127996053,0.0008330031213037228,True,False,False
5.58,0.14638922167689425,0.05799820854880531,0.04184957772800368,-0.020648776238406427,0.0,0.0002827384134871923,0.22138903932248735,0.0,0.3902310614769641,0.07500000000000001,0.0,0.38999999999999996,1.5,129.88776652539215,0.0012096351988170884,True,False,False
5.585,0.14618025781363778,0.05607548949855613,0.04179587339538693,-0.020648776238406427,0.0,0.0002827384134871923,0.221180088014135,0.0,0.3902228062866191,0.07500000000000001,0.0,0.38999999999999996,1.5,129.88778154116127,0.0015743978718131407,True,False,False
5.59,0.1459715670249804,0.054152569732764104,0.04174052203484853,-0.020648776238406427,0.0,0.0002827384134871923,0.22097140934178086,0.0,0.39021455652540504,0.07500000000000001,0.0,0.38999999999999996,1.5,129.8877963264699,0.0019277601695820712,True,False,False
5.595,0.1457631576007152,0.05222918113457922,0.0416835196778068,-0.020648776238406427,0.0,0.0002827384134871923,0.22076301159557782,0.0,0.3902063112173023,0.07500000000000001,0.0,0.38999999999999996,1.5,129.8878108808015,0.002270166579023257,True,False,False
5.6000000000000005,0.14555503785004362,0.05030506510696779,0.04162486213148986,-0.020690641722290473,0.0,0.0002937535257093215,0.22055490308482084,0.0,0.3901980694222884,0.07500000000000001,0.0,0.38999999999999996,1.5,129.88797390189038,0.0026679982040603567,True,False,False
5.605,0.1453472160988281,0.04837997074951279,0.04156454457709597,-0.020690641722290473,0.0,0.0002937535257093215,0.22034709213503376,0.0,0.3901898303701953,0.07500000000000001,0.0,0.38999999999999996,1.5,129.88798797369128,0.002987754083627281,True,False,False
5.61,0.1451397006924498,0.04645365568471674,0.041502563441098254,-0.020690641722290473,0.0,0.0002937535257093215,0.22013958709104475,0.0,0.3901815933229946,0.07500000000000001,0.0,0.38999999999999996,1.5,129.88800181403712,0.0032978893167862483,True,False,False
5.615,0.14493250000115293,0.04452589183534013,0.0414389139558088,-0.020690641722290473,0.0,0.0002937535257093215,0.21993239632248007,0.0,0.39017335745660714,0.07500000000000001,0.0,0.38999999999999996,1.5,129.8880154234175,0.0035987634711702327,True,False,False
5.62,0.1447256224174877,0.042596464950381455,0.04137359131816678,-0.020690641722290473,0.0,0.0002937535257093215,0.21972552822102417,0.0,0.39016512199962716,0.07500000000000001,0.0,0.38999999999999996,1.5,129.88802880251572,0.0038907257749921306,True,False,False
5.625,0.14451907635631425,0.040665175040206634,0.041306590722698884,-0.020690641722290473,0.0,0.0002937535257093215,0.2195189912004348,0.0,0.39015688623535605,0.07500000000000001,0.0,0.38999999999999996,1.5,129.88804195219717,0.004174115665279844,True,False,False
5.63,0.14431287025467976,0.03873183679861802,0.041237907389391315,-0.020690641722290473,0.0,0.0002937535257093215,0.21931279369643303,0.0,0.3901486495031916,0.07500000000000001,0.0,0.38999999999999996,1.5,129.88805487349705,0.0044492632978355845,True,False,False
5.635,0.14410701257158257,0.03679627979233262,0.041167536587474934,-0.020690641722290473,0.0,0.0002937535257093215,0.21910694416648116,0.0,0.39014041119948084,0.07500000000000001,0.0,0.38999999999999996,1.5,129.88806756761034,0.004716490005933174,True,False,False
5.64,0.14390151178763883,0.034858348560640774,0.041095473655883175,-0.020690641722290473,0.0,0.0002937535257093215,0.21890145108946404,0.0,0.3901321707779509,0.07500000000000001,0.0,0.38999999999999996,1.5,129.88808003588065,0.0049761087033387,True,False,False
5.6450000000000005,0.1436963764046683,0.032917902646509914,0.041021714020968034,-0.020690641722290473,0.0,0.0002937535257093215,0.2186963229652901,0.0,0.3901239277497627,0.07500000000000001,0.0,0.38999999999999996,1.5,129.88809227979047,0.005228424232592316,True,False,False
5.65,0.14349161494520307,0.030974816531822408,0.04094625321193093,-0.021415922568635712,0.0,0.000298396873381525,0.21849156831441552,0.0,0.3901156816832958,0.07500000000000001,0.0,0.38999999999999996,1.5,129.88821197008332,0.006617009709423603,True,False,False
5.655,0.14328723589960665,0.029028936420205695,0.0408691068834652,-0.021415922568635712,0.0,0.000298396873381525,0.21828719562502452,0.0,0.3901074321436133,0.07500000000000001,0.0,0.38999999999999996,1.5,129.88822344093597,0.006819146529885356,True,False,False
5.66,0.14308324782770276,0.02708016943720595,0.04079023087905769,-0.021415922568635712,0.0,0.000298396873381525,0.21808321345449752,0.0,0.3900991789217201,0.07500000000000001,0.0,0.38999999999999996,1.5,129.88823468554017,0.007010133214063845,True,False,False
5.665,0.14287965939936756,0.02512855871984357,0.040709618859830106,-0.021415922568635712,0.0,0.000298396873381525,0.217879630469946,0.0,0.39009092222480823,0.07500000000000001,0.0,0.38999999999999996,1.5,129.8882457052107,0.007190316749325833,True,False,False
5.67,0.1426764792981068,0.023174205261016965,0.04062726753206284,-0.021415922568635712,0.0,0.000298396873381525,0.21767645535201788,0.0,0.3900826624869882,0.07500000000000001,0.0,0.38999999999999996,1.5,129.88825650145472,0.007360135216757983,True,False,False
5.675,0.14247371621221894,0.021217252083187827,0.04054317549095618,-0.021415922568635712,0.0,0.000298396873381525,0.21747369678615852,0.0,0.3900744003068879,0.07500000000000001,0.0,0.38999999999999996,1.5,129.88826707595575,0.0075199984641774326,True,False,False
5.68,0.1422713788284638,0.019257872093265148,0.04045734272003899,-0.021415922568635712,0.0,0.000298396873381525,0.21727136345634995,0.0,0.39006613640023025,0.07500000000000001,0.0,0.38999999999999996,1.5,129.8882774305572,0.007670294940318061,True,False,False
5.6850000000000005,0.14206947582746432,0.01729625900397358,0.0403697702236061,-0.021415922568635712,0.0,0.000298396873381525,0.21706946404056213,0.0,0.39005787156382976,0.07500000000000001,0.0,0.38999999999999996,1.5,129.8882875672488,0.00781139631195682,True,False,False
5.69,0.14186801588035408,0.015332620406976041,0.040280459757332666,-0.021415922568635712,0.0,0.000298396873381525,0.216868007207435,0.0,0.3900496066485333,0.07500000000000001,0.0,0.38999999999999996,1.5,129.88829748815343,0.007943660595867347,True,False,False
5.695,0.14166700764632972,0.013367172635567017,0.04018941363099975,-0.021415922568635712,0.0,0.000298396873381525,0.21666700161385402,0.0,0.3900413425389776,0.07500000000000001,0.0,0.38999999999999996,1.5,129.88830719551703,0.008067434291793338,True,False,False
5.7,0.14146645977085223,0.011400136955193613,0.0400966345639888,-0.02279739490137281,0.0,0.00029677506718152964,0.21646645590316663,0.0,0.39003308013859855,0.07500000000000001,0.0,0.38999999999999996,1.5,129.88837721728842,0.010360735495790842,True,False,False
5.705,0.141266380869148,0.00943176283714548,0.04000213002581577,-0.02279739490137281,0.0,0.00029677506718152964,0.21626637868866455,0.0,0.39002482051585285,0.07500000000000001,0.0,0.38999999999999996,1.5,129.88838592452103,0.010390375095419922,True,False,False
5.71,0.14106677952085425,0.007462299047836725,0.0399059047577404,-0.02279739490137281,0.0,0.00029677506718152964,0.21606677854829892,0.0,0.3900165647365516,0.07500000000000001,0.0,0.38999999999999996,1.5,129.88839441584844,0.01041456430464538,True,False,False
5.715,0.14086766429432096,0.005491960882344984,0.039807962307710214,-0.02279739490137281,0.0,0.00029677506718152964,0.21586766404899405,0.0,0.39000831367942357,0.07500000000000001,0.0,0.38999999999999996,1.5,129.88840269515453,0.010433577569302042,True,False,False
5.72,0.14066904374145572,0.0035209559963826046,0.03970830609950614,-0.02279739490137281,0.0,0.00029677506718152964,0.2156690437414392,0.0,0.39000006819226524,0.07500000000000001,0.0,0.38999999999999996,1.5,129.88841076633645,0.010447684069774303,True,False,False
5.7250000000000005,0.1404709263980888,0.00154948485689273,0.039606939471215755,-0.02279739490137281,0.0,0.00029677506718152964,0.21547092616044647,0.0,0.38999182909565966,0.07500000000000001,0.0,0.38999999999999996,1.5,129.8884186332998,0.010457147186113753,True,False,False
5.73,0.14027332078424756,0.00042225731881701407,0.03950386566182427,-0.02279739490137281,0.0,0.00029677506718152964,0.21527331982521877,0.0,0.38998359718585307,0.07500000000000001,0.0,0.38999999999999996,1.5,129.88842629995222,0.010462224153888911,True,False,False
5.735,0.14007623542079495,0.0023940804118134074,0.03939907908618665,-0.02279739490137281,0.0,0.00029677506718152964,0.2150762332559834,0.0,0.38997537324016646,0.07500000000000001,0.0,0.38999999999999996,1.5,129.88843377019916,0.010463165970844724,True,False,False
5.74,0.13987967886013375,0.00436579765017997,0.03929257735896164,-0.02279739490137281,0.0,0.00029677506718152964,0.21487967500469393,0.0,0.3899671580244629,0.07500000000000001,0.0,0.38999999999999996,1.5,129.8884410479391,0.010460217213318284,True,False,False
5.745,0.13968365964724805,0.006337225804827165,0.03918436373265525,-0.02279739490137281,0.0,0.00029677506718152964,0.2146836536160673,0.0,0.389958952286789,0.07500000000000001,0.0,0.38999999999999996,1.5,129.8884481370584,0.010453615862537121,True,False,False
5.75,0.13948818631138235,0.008308186382023915,0.039074441454191415,-0.02479052956405256,0.0,0.0002892326795638681,0.21448817761925892,0.0,0.3899507567568602,0.07500000000000001,0.0,0.38999999999999996,1.5,129.8884656193485,0.01358549028999009,True,False,False
5.755,0.13929326734414835,0.01027846772087643,0.03896282129174252,-0.02479052956405256,0.0,0.0002892326795638681,0.21429325550602885,0.0,0.389942572301495,0.07500000000000001,0.0,0.38999999999999996,1.5,129.88847159478107,0.013459514189199946,True,False,False
5.76,0.13909891119318615,0.012247863213339804,0.03884950754882013,-0.02479052956405256,0.0,0.0002892326795638681,0.21409889572437105,0.0,0.3899343997679738,0.07500000000000001,0.0,0.38999999999999996,1.5,129.88847738542333,0.013333528266344458,True,False,False
5.765,0.13890512629822346,0.014216216066948551,0.03873450367724825,-0.02479052956405256,0.0,0.0002892326795638681,0.21390510671446986,0.0,0.3899262397996633,0.07500000000000001,0.0,0.38999999999999996,1.5,129.8884829964789,0.0132076913615083,True,False,False
5.7700000000000005,0.13871192108436148,0.016183380727853296,0.03861781277406356,-0.02479052956405256,0.0,0.0002892326795638681,0.21371189690202053,0.0,0.3899180929956443,0.07500000000000001,0.0,0.38999999999999996,1.5,129.88848843304004,0.013082159156025109,True,False,False
5.775,0.1385193039631262,0.018149220010916425,0.03849943768540368,-0.02479052956405256,0.0,0.0002892326795638681,0.21351927469927484,0.0,0.3899099599211998,0.07500000000000001,0.0,0.38999999999999996,1.5,129.88849370008822,0.01295708311794494,True,False,False
5.78,0.13832728333319697,0.020113603096300014,0.038379381082986413,-0.02479052956405256,0.0,0.0002892326795638681,0.21332724850576623,0.0,0.3899018411157831,0.07500000000000001,0.0,0.38999999999999996,1.5,129.88849880249376,0.012832609823511684,True,False,False
5.785,0.13813586758088625,0.022076404099012122,0.03825764552057935,-0.02479052956405256,0.0,0.0002892326795638681,0.21313582670878695,0.0,0.3898937370990291,0.07500000000000001,0.0,0.38999999999999996,1.5,129.88850374501766,0.012708880534457314,True,False,False
5.79,0.13794506508042803,0.024037500700850388,0.03813423347592016,-0.02479052956405256,0.0,0.0002892326795638681,0.21294501768367524,0.0,0.38988564837539263,0.07500000000000001,0.0,0.38999999999999996,1.5,129.88850853231145,0.012586030949471323,True,False,False
5.795,0.137754884194132,0.025996773455692988,0.03800914738209459,-0.02479052956405256,0.0,0.0002892326795638681,0.21275482979396862,0.0,0.3898775754376639,0.07500000000000001,0.0,0.38999999999999996,1.5,129.888513168918,0.012464191074679554,True,False,False
5.8,0.1375653332724312,0.027954104967495053,0.037882389651295666,-0.027313357258028914,0.0,0.00027652430567824926,0.21256527139145115,0.0,0.38986951876971393,0.07500000000000001,0.0,0.38999999999999996,1.5,129.88848042490568,0.01632038794857056,True,False,False
5.805,0.13737642062616437,0.029909331852482283,0.037753972943945835,-0.027313357258028914,0.0,0.00027652430567824926,0.21237635078858558,0.0,0.38986147899681317,0.07500000000000001,0.0,0.38999999999999996,1.5,129.88848395767837,0.016058210425954553,True,False,False
5.8100000000000005,0.13718815451850971,0.0318622930873086,0.03762390028706815,-0.027313357258028914,0.0,0.00027652430567824926,0.21218807625032932,0.0,0.38985345673563737,0.07500000000000001,0.0,0.38999999999999996,1.5,129.8884873506547,0.015801155373543287,True,False,False
5.815,0.13700054321052788,0.03381288670635733,0.0374921743806391,-0.027313357258028914,0.0,0.00027652430567824926,0.21200045603946627,0.0,0.38984545240866264,0.07500000000000001,0.0,0.38999999999999996,1.5,129.88849060921325,0.015549263023426262,True,False,False
5.82,0.13681359495254886,0.035761020507855686,0.03735879749519752,-0.027313357258028914,0.0,0.00027652430567824926,0.21181349840811994,0.0,0.38983746639896244,0.07500000000000001,0.0,0.38999999999999996,1.5,129.88849373854106,0.0153025722480102,True,False,False
5.825,0.13662731798535255,0.0377066086672511,0.037223771609867395,-0.027313357258028914,0.0,0.00027652430567824926,0.21162721159893938,0.0,0.3898294990636732,0.07500000000000001,0.0,0.38999999999999996,1.5,129.8884967436393,0.01506111924635881,True,False,False
5.83,0.13644172054092515,0.03964956916043604,0.03708709851468732,-0.027313357258028914,0.0,0.00027652430567824926,0.21144160384586141,0.0,0.3898215507440996,0.07500000000000001,0.0,0.38999999999999996,1.5,129.88849962932906,0.01482493670594661,True,False,False
5.835,0.13625681084287689,0.04158982181605625,0.036948779886799676,-0.027313357258028914,0.0,0.00027652430567824926,0.21125668337453457,0.0,0.3898136217733364,0.07500000000000001,0.0,0.38999999999999996,1.5,129.88850240025644,0.014594053286766218,True,False,False
5.84,0.1360725971066065,0.0435272868397126,0.03680881734755277,-0.027313357258028914,0.0,0.00027652430567824926,0.2110724584024894,0.0,0.389805712481998,0.07500000000000001,0.0,0.38999999999999996,1.5,129.88850506089824,0.014368493323838983,True,False,False
5.845,0.1358890875392784,0.04546188374731374,0.0366672125056933,-0.027313357258028914,0.0,0.00027652430567824926,0.2108889371391219,0.0,0.38979782320251144,0.07500000000000001,0.0,0.38999999999999996,1.5,129.8885076155667,0.014148276677913121,True,False,False
5.8500000000000005,0.13570629033965376,0.04739353050443702,0.03652396699042945,-0.030270399642733842,0.0,0.0002594544652827184,0.21070612778553038,0.0,0.3897899542723485,0.07500000000000001,0.0,0.38999999999999996,1.5,129.88842894241031,0.018594822020484174,True,False,False
5.855,0.1355242136653642,0.049322087333742035,0.036379095024461815,-0.030270399642733842,0.0,0.0002594544652827184,0.21052403850201873,0.0,0.38978210617575687,0.07500000000000001,0.0,0.38999999999999996,1.5,129.8884305095622,0.018218043780375417,True,False,False
5.86,0.13534286562320566,0.05124741325064734,0.03623259852785869,-0.030270399642733842,0.0,0.0002594544652827184,0.21034267739819898,0.0,0.38977427940247383,0.07500000000000001,0.0,0.38999999999999996,1.5,129.88843198871865,0.017851045200544174,True,False,False
5.865,0.1351622543222512,0.05316943259389676,0.03608447963388398,-0.030270399642733842,0.0,0.0002594544652827184,0.21016205258578927,0.0,0.3897664742642498,0.07500000000000001,0.0,0.38999999999999996,1.5,129.88843338445736,0.01749374980020562,True,False,False
5.87,0.13498238786347233,0.05508807741243066,0.03593474002774282,-0.030270399642733842,0.0,0.0002594544652827184,0.20998217216844373,0.0,0.3897586910414056,0.07500000000000001,0.0,0.38999999999999996,1.5,129.8884347011319,0.017146081750241134,True,False,False
5.875,0.1348032743408313,0.05700328354907752,0.03578338111106422,-0.030270399642733842,0.0,0.0002594544652827184,0.20980304424286442,0.0,0.3897509299982554,0.07500000000000001,0.0,0.38999999999999996,1.5,129.8884359428816,0.016807964341048816,True,False,False
5.88,0.13462492184186658,0.058914987678227296,0.03563040412398796,-0.030270399642733842,0.0,0.0002594544652827184,0.20962467689940387,0.0,0.3897431913946028,0.07500000000000001,0.0,0.38999999999999996,1.5,129.88843711364132,0.01647931900573711,True,False,False
5.885,0.13444733844788076,0.060823125167344914,0.03547581023613867,-0.030270399642733842,0.0,0.0002594544652827184,0.20944707822226874,0.0,0.38973547549424015,0.07500000000000001,0.0,0.38999999999999996,1.5,129.8884382171501,0.01616006471909474,True,False,False
5.89,0.13427053223382468,0.06272762846756232,0.035319600614823844,-0.030270399642733842,0.0,0.0002594544652827184,0.20927025628941817,0.0,0.38972778257124674,0.07500000000000001,0.0,0.38999999999999996,1.5,129.88843925696003,0.015850117650416596,True,False,False
5.8950000000000005,0.13409451126796224,0.06462842595571815,0.03516177647657952,-0.030270399642733842,0.0,0.0002594544652827184,0.20909421917224116,0.0,0.3897201129145489,0.07500000000000001,0.0,0.38999999999999996,1.5,129.88844023644435,0.015549390987865567,True,False,False
5.9,0.13391928361136024,0.066525441064547,0.03500233912653823,-0.03355766944698897,0.0,0.00023880983595671383,0.2089189749350584,0.0,0.38971246683123706,0.07500000000000001,0.0,0.38999999999999996,1.5,129.88832109024622,0.02043977912454805,True,False,False
5.905,0.13374485728118507,0.0684185299145995,0.034841304348453186,-0.03355766944698897,0.0,0.00023880983595671383,0.20874453159871245,0.0,0.38970484477715295,0.07500000000000001,0.0,0.38999999999999996,1.5,129.88832127807694,0.019971248117652166,True,False,False
5.91,0.1335712402395815,0.07030754426934213,0.034678673496828724,-0.03355766944698897,0.0,0.00023880983595671383,0.20857089712919527,0.0,0.38969724722637755,0.07500000000000001,0.0,0.38999999999999996,1.5,129.88832142994264,0.019516554537203034,True,False,False
5.915,0.13339844045238722,0.07219240556102587,0.03451444865488138,-0.03355766944698897,0.0,0.00023880983595671383,0.20839807949595454,0.0,0.38968967449332165,0.07500000000000001,0.0,0.38999999999999996,1.5,129.88832154889602,0.01907551239939418,True,False,False
5.92,0.1332264658772569,0.07407304098896732,0.03434863147497699,-0.03355766944698897,0.0,0.00023880983595671383,0.20822608666029363,0.0,0.38968212686834336,0.07500000000000001,0.0,0.38999999999999996,1.5,129.8883216377778,0.018647938418462885,True,False,False
5.925,0.1330553244645329,0.07594937928468143,0.034181223362420264,-0.03355766944698897,0.0,0.00023880983595671383,0.20805492657627594,0.0,0.38967460463441445,0.07500000000000001,0.0,0.38999999999999996,1.5,129.888321699229,0.018233650298781316,True,False,False
5.93,0.13288502415755923,0.07782134759809563,0.034012225611666023,-0.03355766944698897,0.0,0.00023880983595671383,0.2078846071910674,0.0,0.38966710807937255,0.07500000000000001,0.0,0.38999999999999996,1.5,129.8883217357026,0.0178324656430952,True,False,False
5.9350000000000005,0.13271557289254945,0.07968886918810096,0.03384163950756836,-0.03355766944698897,0.0,0.00023880983595671383,0.2077151364448288,0.0,0.3896596375048877,0.07500000000000001,0.0,0.38999999999999996,1.5,129.88832174947416,0.017444201277176795,True,False,False
5.94,0.13254697859812897,0.081551861825465,0.03366946640099653,-0.03355766944698897,0.0,0.00023880983595671383,0.20754652227027917,0.0,0.3896521932328925,0.07500000000000001,0.0,0.38999999999999996,1.5,129.8883217426529,0.01706867285530648,True,False,False
5.945,0.13237924919463082,0.08341023659327805,0.03349570776567352,-0.03355766944698897,0.0,0.00023880983595671383,0.20737877259200968,0.0,0.3896447756101434,0.07500000000000001,0.0,0.38999999999999996,1.5,129.88832171719147,0.016705694655063098,True,False,False
5.95,0.13221239259320552,0.08526389709939663,0.03332036524125227,-0.03706758598411,0.0,0.00021530979459940465,0.20721189532560955,0.0,0.38963738501137213,0.07500000000000001,0.0,0.38999999999999996,1.5,129.88816792123055,0.021888059140339772,True,False,False
5.955,0.1320464166563183,0.08711267305070411,0.03314345631957898,-0.03706758598411,0.0,0.00021530979459940465,0.20704589833849882,0.0,0.38963002195625046,0.07500000000000001,0.0,0.38999999999999996,1.5,129.88816734746877,0.021351049131744213,True,False,False
5.96,0.13188132918582296,0.08895638778059234,0.032964982425580686,-0.03706758598411,0.0,0.00021530979459940465,0.2068807894377057,0.0,0.3896226869907666,0.07500000000000001,0.0,0.38999999999999996,1.5,129.88816678454003,0.02083125080001801,True,False,False
5.965,0.13171713798524973,0.09079493731389894,0.032784946239671105,-0.03706758598411,0.0,0.00021530979459940465,0.20671657643167118,0.0,0.3896153805191548,0.07500000000000001,0.0,0.38999999999999996,1.5,129.88816623353966,0.02032837962846016,True,False,False
5.97,0.13155385084658797,0.09262822204035924,0.03260335005601227,-0.03706758598411,0.0,0.00021530979459940465,0.2065532671173559,0.0,0.3896081029268782,0.07500000000000001,0.0,0.38999999999999996,1.5,129.88816569539884,0.0198421557147957,True,False,False
5.9750000000000005,0.13139147555086872,0.09445614235697296,0.03242019597313685,-0.03706758598411,0.0,0.00021530979459940465,0.20639086928086942,0.0,0.389600854597894,0.07500000000000001,0.0,0.38999999999999996,1.5,129.88816517089765,0.01937230194573606,True,False,False
5.98,0.1312300198681668,0.09627859544384655,0.03223548603869378,-0.03706758598411,0.0,0.00021530979459940465,0.20622939069751023,0.0,0.38959363592719554,0.07500000000000001,0.0,0.38999999999999996,1.5,129.88816466067718,0.01891854282148936,True,False,False
5.985,0.1310694915571343,0.09809547299922554,0.0320492223566299,-0.03706758598411,0.0,0.00021530979459940465,0.20606883913133092,0.0,0.38958644732983905,0.07500000000000001,0.0,0.38999999999999996,1.5,129.88816416525103,0.018480603723535566,True,False,False
5.99,0.13090989836419267,0.09990665959291074,0.031861407166802046,-0.03706758598411,0.0,0.00021530979459940465,0.20590922233435593,0.0,0.38957928924731455,0.07500000000000001,0.0,0.38999999999999996,1.5,129.888163685016,0.018058210481013196,True,False,False
5.995,0.13075124802247395,0.1017120315870585,0.03167204290437056,-0.03706758598411,0.0,0.00021530979459940465,0.2057505480455444,0.0,0.38957216215188084,0.07500000000000001,0.0,0.38999999999999996,1.5,129.88816322026253,0.017651089138105477,True,False,False
6.0,0.13059354825056968,0.10351145638763895,0.03148113224435489,-0.04069325504353588,0.0,0.0001895811129419994,0.20559282398955714,0.0,0.38956506654943474,0.07500000000000001,0.0,0.38999999999999996,1.5,129.88798034612822,0.022974436502148612,True,False,False
6.005,0.13043680671138339,0.10530472393438974,0.03128869463570906,-0.04069325504353588,0.0,0.0001895811129419994,0.20543605783595997,0.0,0.38955800308044375,0.07500000000000001,0.0,0.38999999999999996,1.5,129.88797959141306,0.022391918863230584,True,False,False
6.01,0.13028103099918092,0.10709161628883869,0.0310947324324457,-0.04069325504353588,0.0,0.0001895811129419994,0.2052802571859607,0.0,0.38955097241791325,0.07500000000000001,0.0,0.38999999999999996,1.5,129.8879788851283,0.021829251560479823,True,False,False
6.015000000000001,0.1301262287036881,0.10887198951884097,0.030899249617384335,-0.04069325504353588,0.0,0.0001895811129419994,0.20512542963597188,0.0,0.38954397511222205,0.07500000000000001,0.0,0.38999999999999996,1.5,129.88797822626933,0.021286064984806424,True,False,False
6.0200000000000005,0.12997240739634341,0.11064570351208892,0.030702249827963483,-0.04069325504353588,0.0,0.0001895811129419994,0.2049715827642045,0.0,0.3895370116971129,0.07500000000000001,0.0,0.38999999999999996,1.5,129.88797761374025,0.02076199587219112,True,False,False
6.025,0.1298195746306069,0.11241261754200003,0.030503736558464008,-0.04069325504353588,0.0,0.0001895811129419994,0.20481872413103414,0.0,0.3895300827070952,0.07500000000000001,0.0,0.38999999999999996,1.5,129.88797704636573,0.020256685394678692,True,False,False
6.03,0.12966773794166983,0.11417258708174942,0.030303713309003645,-0.04069325504353588,0.0,0.0001895811129419994,0.20466686127875622,0.0,0.3895231886899927,0.07500000000000001,0.0,0.38999999999999996,1.5,129.8879765229025,0.019769777929930288,True,False,False
6.035,0.1295169048456908,0.11592546154960282,0.03010218369535652,-0.04069325504353588,0.0,0.0001895811129419994,0.20451600173085813,0.0,0.3895163302158612,0.07500000000000001,0.0,0.38999999999999996,1.5,129.88797604204953,0.019300920288845898,True,False,False
6.04,0.1293670828386901,0.11767108272983176,0.02989915153000488,-0.04069325504353588,0.0,0.0001895811129419994,0.20436615299094202,0.0,0.3895095078831453,0.07500000000000001,0.0,0.38999999999999996,1.5,129.8879756024579,0.018849761251619603,True,False,False
6.045,0.12921827939519073,0.11940928375148413,0.029694620882081992,-0.04069325504353588,0.0,0.0001895811129419994,0.2042173225413888,0.0,0.38950272232276967,0.07500000000000001,0.0,0.38999999999999996,1.5,129.88797520273974,0.01841595131125891,True,False,False
6.05,0.1290705019666744,0.12113988843449086,0.029488596121816604,-0.04433217022548166,0.0,0.00016215316275531373,0.2040695178418318,0.0,0.38949597420069004,0.07500000000000001,0.0,0.38999999999999996,1.5,129.88776816593145,0.023735516116484737,True,False,False
6.055,0.12892375794002145,0.12286264262147911,0.029281098836399483,-0.04433217022548166,0.0,0.00016215316275531373,0.20392274628792878,0.0,0.38948926429966824,0.07500000000000001,0.0,0.38999999999999996,1.5,129.88776772047947,0.023129493236450704,True,False,False
6.0600000000000005,0.12877805462421987,0.12457728409756141,0.029072132873519903,-0.04433217022548166,0.0,0.00016215316275531373,0.20377701519776747,0.0,0.3894825934359438,0.07500000000000001,0.0,0.38999999999999996,1.5,129.88776734952893,0.022545199783286257,True,False,False
6.065,0.12863339931441908,0.12628362484943345,0.0288617041033816,-0.04433217022548166,0.0,0.00016215316275531373,0.2036323318753691,0.0,0.38947596232225945,0.07500000000000001,0.0,0.38999999999999996,1.5,129.88776705009076,0.021982196060956142,True,False,False
6.07,0.12848979927789103,0.12798148073748722,0.02864981810071372,-0.04433217022548166,0.0,0.00016215316275531373,0.20348870359697657,0.0,0.38946937165451967,0.07500000000000001,0.0,0.38999999999999996,1.5,129.88776681917025,0.021440050157786227,True,False,False
6.075,0.12834726175408154,0.12967066712497236,0.028436480347162202,-0.04433217022548166,0.0,0.00016215316275531373,0.20334613761117065,0.0,0.3894628221289267,0.07500000000000001,0.0,0.38999999999999996,1.5,129.88776665377654,0.020918336016299756,True,False,False
6.08,0.1282057939540737,0.13135099580393236,0.0282216963799097,-0.04433217022548166,0.0,0.00016215316275531373,0.20320464113838355,0.0,0.3894563144542179,0.07500000000000001,0.0,0.38999999999999996,1.5,129.88776655093164,0.020416632184048683,True,False,False
6.085,0.12806540305958608,0.13302227276903195,0.02800547190070252,-0.04433217022548166,0.0,0.00016215316275531373,0.20306422136993557,0.0,0.3894498493602855,0.07500000000000001,0.0,0.38999999999999996,1.5,129.88776650767895,0.019934521024040752,True,False,False
6.09,0.12792609622163745,0.13468429677240398,0.027787812855792245,-0.04433217022548166,0.0,0.00016215316275531373,0.20292488546672882,0.0,0.38944342760402445,0.07500000000000001,0.0,0.38999999999999996,1.5,129.8877665210907,0.01947158823451667,True,False,False
6.095,0.12778788055896884,0.13633685833854403,0.027568725494530037,-0.04433217022548166,0.0,0.00016215316275531373,0.20278664055769108,0.0,0.38943704997313233,0.07500000000000001,0.0,0.38999999999999996,1.5,129.8877665882749,0.0190274225767094,True,False,False
6.1000000000000005,0.12765076315628965,0.13797973921961756,0.027348216412284833,-0.04788937340396277,0.0,0.0001334690802389362,0.20264949373803795,0.0,0.38943071728836365,0.07500000000000001,0.0,0.38999999999999996,1.5,129.88753947136885,0.024209202928250125,True,False,False
6.105,0.12751475102344925,0.13961264533719409,0.02712630945384059,-0.04788937340396277,0.0,0.0001334690802389362,0.20251345202871715,0.0,0.3894244304626656,0.07500000000000001,0.0,0.38999999999999996,1.5,129.88753970003324,0.023600102334610847,True,False,False
6.11,0.1273798510821841,0.14123527519912188,0.02690301043961215,-0.04788937340396277,0.0,0.0001334690802389362,0.20237852236289877,0.0,0.38941819044017506,0.07500000000000001,0.0,0.38999999999999996,1.5,129.88754001701562,0.023013850282541343,True,False,False
6.115,0.1272460702284871,0.14284740034430654,0.02667832758849554,-0.04788937340396277,0.0,0.0001334690802389362,0.202244711647825,0.0,0.38941199808253435,0.07500000000000001,0.0,0.38999999999999996,1.5,129.88754041766245,0.02244995276012121,True,False,False
6.12,0.127113415318703,0.14444879666122817,0.026452268872778656,-0.04788937340396277,0.0,0.0001334690802389362,0.2021120267511783,0.0,0.3894058542326873,0.07500000000000001,0.0,0.38999999999999996,1.5,129.88754089740084,0.021907924677723532,True,False,False
6.125,0.12698189316936984,0.1460392402564502,0.02622484221539426,-0.04788937340396277,0.0,0.0001334690802389362,0.20198047450099238,0.0,0.38939975973137375,0.07500000000000001,0.0,0.38999999999999996,1.5,129.88754145174522,0.0213872879680334,True,False,False
6.13,0.1268515105564957,0.14761850444152566,0.0259960556342803,-0.04788937340396277,0.0,0.0001334690802389362,0.20185006168498115,0.0,0.38939371542884504,0.07500000000000001,0.0,0.38999999999999996,1.5,129.8875420763033,0.020887570351809336,True,False,False
6.135,0.1267222742143928,0.14918635766167462,0.025765917347783517,-0.04788937340396277,0.0,0.0001334690802389362,0.2017207950494112,0.0,0.38938772219304885,0.07500000000000001,0.0,0.38999999999999996,1.5,129.8875427667818,0.020408304552862407,True,False,False
6.140000000000001,0.1265941908341939,0.15074256213130888,0.025534435851440374,-0.04788937340396277,0.0,0.0001334690802389362,0.20159268129764607,0.0,0.3893817809151146,0.07500000000000001,0.0,0.38999999999999996,1.5,129.88754351899112,0.019949027815322495,True,False,False
6.1450000000000005,0.1264672670621424,0.15228687294797635,0.025301619973750286,-0.04788937340396277,0.0,0.0001334690802389362,0.2014657270884556,0.0,0.38937589251284466,0.07500000000000001,0.0,0.38999999999999996,1.5,129.88754432884969,0.019509281624068116,True,False,False
6.15,0.1263415094977196,0.15381903758249926,0.025067478916524867,-0.05128009661007622,0.0,0.00010390777931701177,0.20133993903415598,0.0,0.38937005793272406,0.07500000000000001,0.0,0.38999999999999996,1.5,129.88730041776003,0.024433786671701485,True,False,False
6.155,0.12621692465459164,0.1553387320542882,0.024832038808650148,-0.05128009661007622,0.0,0.00010390777931701177,0.20121532366172462,0.0,0.38936427818272007,0.07500000000000001,0.0,0.38999999999999996,1.5,129.88730154419721,0.023839912594745265,True,False,False
6.16,0.12609351894773832,0.15684562617704506,0.024595307757386043,-0.05128009661007622,0.0,0.00010390777931701177,0.20109188739976222,0.0,0.38935855429744115,0.07500000000000001,0.0,0.38999999999999996,1.5,129.887302761185,0.02326926768311294,True,False,False
6.165,0.1259712987526816,0.15833946022443568,0.02435729663941643,-0.05128009661007622,0.0,0.00010390777931701177,0.20096963663728626,0.0,0.389352887252923,0.07500000000000001,0.0,0.38999999999999996,1.5,129.88730406286243,0.02272131965535851,True,False,False
6.17,0.12585027039211077,0.1598199796002783,0.024118016132007584,-0.05128009661007622,0.0,0.00010390777931701177,0.2008485777105292,0.0,0.3893472780038248,0.07500000000000001,0.0,0.38999999999999996,1.5,129.88730544352643,0.02219554599067605,True,False,False
6.175,0.12573044013558177,0.1612869310009832,0.023877476902986923,-0.05128009661007622,0.0,0.00010390777931701177,0.2007287169027061,0.0,0.38934172749845025,0.07500000000000001,0.0,0.38999999999999996,1.5,129.88730689763554,0.021691432126880867,True,False,False
6.18,0.12561181419869233,0.16274005969972002,0.02363568973534432,-0.05128009661007622,0.0,0.00010390777931701177,0.20061006044324078,0.0,0.38933623668962075,0.07500000000000001,0.0,0.38999999999999996,1.5,129.88730841981246,0.021208470188476686,True,False,False
6.1850000000000005,0.12549439874182375,0.1641791074040116,0.02339266563336371,-0.05128009661007622,0.0,0.00010390777931701177,0.20049261450654735,0.0,0.3893308065429502,0.07500000000000001,0.0,0.38999999999999996,1.5,129.88731000484654,0.02074615827172519,True,False,False
6.19,0.12537819986858875,0.16560381101049138,0.0231484158965527,-0.05128009661007622,0.0,0.00010390777931701177,0.20037638521050366,0.0,0.3893254380419931,0.07500000000000001,0.0,0.38999999999999996,1.5,129.88731164769553,0.020303999986538396,True,False,False
6.195,0.12526322362407466,0.16701390175024816,0.022902952171515785,-0.05128009661007622,0.0,0.00010390777931701177,0.20026137861471038,0.0,0.3893201321914389,0.07500000000000001,0.0,0.38999999999999996,1.5,129.88731334348697,0.019881504178374747,True,False,False
6.2,0.12514947599293927,0.1684091048013173,0.022656286489022077,-0.05443188583774214,0.0,7.381121132430383e-05,0.20014760071859583,0.0,0.38931489001890196,0.07500000000000001,0.0,0.38999999999999996,1.5,129.88705533384376,0.024446733482046498,True,False,False
6.205,0.1250369628630326,0.16978907997416157,0.022408447181548708,-0.05443188583774214,0.0,7.381121132430383e-05,0.2000350574250529,0.0,0.38930971257789193,0.07500000000000001,0.0,0.38999999999999996,1.5,129.88705744234758,0.023883796018091256,True,False,False
6.21,0.12492569001321062,0.17115348236586866,0.022159444801929128,-0.05443188583774214,0.0,7.381121132430383e-05,0.19992375452822408,0.0,0.38930460094276287,0.07500000000000001,0.0,0.38999999999999996,1.5,129.88705963380824,0.023343771813978762,True,False,False
6.215,0.1248156631681694,0.17250203363705086,0.021909293039248615,-0.05443188583774214,0.0,7.381121132430383e-05,0.1998136977680433,0.0,0.3892995561568078,0.07500000000000001,0.0,0.38999999999999996,1.5,129.88706190168085,0.022826106183224597,True,False,False
6.22,0.12470688798595904,0.17383446134259678,0.021658005427259097,-0.05443188583774214,0.0,7.381121132430383e-05,0.19970489281777543,0.0,0.3892945792392626,0.07500000000000001,0.0,0.38999999999999996,1.5,129.8870642396399,0.022330254737680296,True,False,False
6.2250000000000005,0.12459937005755735,0.17515049528071816,0.021405595517903917,-0.05443188583774214,0.0,7.381121132430383e-05,0.19959734528365963,0.0,0.3892896711996401,0.07500000000000001,0.0,0.38999999999999996,1.5,129.8870666415792,0.021855681682071755,True,False,False
6.23,0.12449311490596245,0.17644986493883266,0.02115207700747872,-0.05443188583774214,0.0,7.381121132430383e-05,0.1994910607040511,0.0,0.3892848330478583,0.07500000000000001,0.0,0.38999999999999996,1.5,129.88706910161147,0.02140185869852168,True,False,False
6.235,0.12438812798491027,0.17773229773396734,0.020897463827916317,-0.05443188583774214,0.0,7.381121132430383e-05,0.19938604454817208,0.0,0.38928006580122027,0.07500000000000001,0.0,0.38999999999999996,1.5,129.88707161406782,0.020968264229027114,True,False,False
6.24,0.1242844146773296,0.17899751784654977,0.020641770212462537,-0.05443188583774214,0.0,7.381121132430383e-05,0.19928230221458834,0.0,0.38927537048904015,0.07500000000000001,0.0,0.38999999999999996,1.5,129.88707417349673,0.02055438302559611,True,False,False
6.245,0.12418198029361112,0.18024524550806365,0.02038501074257619,-0.05443188583774214,0.0,7.381121132430383e-05,0.1991798390294904,0.0,0.3892707481555226,0.07500000000000001,0.0,0.38999999999999996,1.5,129.88707677466206,0.020159705880150057,True,False,False
6.25,0.12408083006975279,0.18147519661811098,0.02012720038106704,-0.05728618116998258,0.0,4.351234918191689e-05,0.1990786602448436,0.0,0.38926619986131417,0.07500000000000001,0.0,0.38999999999999996,1.5,129.88680709784722,0.024283339266415644,True,False,False
6.255,0.12398096913439943,0.18268702912146262,0.01986836949978782,-0.05728618116998258,0.0,4.351234918191689e-05,0.1989787710052457,0.0,0.38926172665376607,0.07500000000000001,0.0,0.38999999999999996,1.5,129.8868101497138,0.02376408193430659,True,False,False
6.26,0.12388240249758208,0.18388039789216692,0.019608531165745666,-0.05728618116998258,0.0,4.351234918191689e-05,0.19888017633682126,0.0,0.38925732959463566,0.07500000000000001,0.0,0.38999999999999996,1.5,129.88681326958613,0.02326678704557031,True,False,False
6.265000000000001,0.12378513510016116,0.18505501929728493,0.019347701924565457,-0.05728618116998258,0.0,4.351234918191689e-05,0.19878288119657198,0.0,0.3892530097453779,0.07500000000000001,0.0,0.38999999999999996,1.5,129.88681645075937,0.022790892916265966,True,False,False
6.2700000000000005,0.12368917180251382,0.1862106162850022,0.01908589821061507,-0.05728618116998258,0.0,4.351234918191689e-05,0.1986868904608969,0.0,0.38924876814106785,0.07500000000000001,0.0,0.38999999999999996,1.5,129.88681968678875,0.0223358484253714,True,False,False
6.275,0.12359451738405336,0.1873469151132627,0.018823136503397803,-0.05728618116998258,0.0,4.351234918191689e-05,0.19859220892517715,0.0,0.3892446058032826,0.07500000000000001,0.0,0.38999999999999996,1.5,129.88682297148642,0.021901111459822584,True,False,False
6.28,0.12350117654230994,0.18846364306707247,0.018559433440943813,-0.05728618116998258,0.0,4.351234918191689e-05,0.19849884130290174,0.0,0.38924052374921936,0.07500000000000001,0.0,0.38999999999999996,1.5,129.88682629891858,0.02148614789388122,True,False,False
6.285,0.12340915389168682,0.1895605268676177,0.01829480590157038,-0.05728618116998258,0.0,4.351234918191689e-05,0.19840679222445323,0.0,0.389236522997942,0.07500000000000001,0.0,0.38999999999999996,1.5,129.88682966340204,0.021090430928835825,True,False,False
6.29,0.12331845396198271,0.19063729164727386,0.018029271062448556,-0.05728618116998258,0.0,4.351234918191689e-05,0.19831606623564751,0.0,0.3892326045745209,0.07500000000000001,0.0,0.38999999999999996,1.5,129.8868330595004,0.02071344067497971,True,False,False
6.295,0.12322908119675828,0.1916936603149707,0.017762846441199315,-0.05728618116998258,0.0,4.351234918191689e-05,0.19822666779610856,0.0,0.3892287695125647,0.07500000000000001,0.0,0.38999999999999996,1.5,129.88683648202024,0.02035466389623506,True,False,False
6.3,0.1231410399515943,0.19272935322114151,0.01749554992508647,-0.059799316540977164,0.0,1.335952345907847e-05,0.19813860127752772,0.0,0.3892250188555883,0.07500000000000001,0.0,0.38999999999999996,1.5,129.88655768329437,0.023975429509414014,True,False,False
6.305,0.12305433446511176,0.1937440410127937,0.01722741365934615,-0.059799316540977164,0.0,1.335952345907847e-05,0.19805187093426987,0.0,0.38922135359284094,0.07500000000000001,0.0,0.38999999999999996,1.5,129.8865615434397,0.023509381387747528,True,False,False
6.3100000000000005,0.12296896884882688,0.19473739291011272,0.01695845324950713,-0.059799316540977164,0.0,1.335952345907847e-05,0.19796648089360577,0.0,0.38921777472154884,0.07500000000000001,0.0,0.38999999999999996,1.5,129.88656545207067,0.023063788666647097,True,False,False
6.315,0.12288494713045499,0.19570913352972966,0.01668868804932093,-0.059799316540977164,0.0,1.335952345907847e-05,0.19788243519916868,0.0,0.38921428327188934,0.07500000000000001,0.0,0.38999999999999996,1.5,129.88656940279142,0.022638097116737928,True,False,False
6.32,0.12280227324400923,0.19665899459373043,0.016418137348938218,-0.059799316540977164,0.0,1.335952345907847e-05,0.19779973780065763,0.0,0.38921088024606654,0.07500000000000001,0.0,0.38999999999999996,1.5,129.8865733894848,0.022231763083440097,True,False,False
6.325,0.12272095102929682,0.19758671207652534,0.01614682051221154,-0.059799316540977164,0.0,1.335952345907847e-05,0.19771839255339255,0.0,0.3892075666296016,0.07500000000000001,0.0,0.38999999999999996,1.5,129.88657740630677,0.021844252107308462,True,False,False
6.33,0.12264098423104214,0.19849202418717035,0.015874757076233665,-0.059799316540977164,0.0,1.335952345907847e-05,0.19763840321747714,0.0,0.38920434339930865,0.07500000000000001,0.0,0.38999999999999996,1.5,129.88658144768183,0.021475038014826794,True,False,False
6.335,0.12256237649772925,0.19937467000852463,0.015601966823182692,-0.059799316540977164,0.0,1.335952345907847e-05,0.19755977345666623,0.0,0.3892012115287586,0.07500000000000001,0.0,0.38999999999999996,1.5,129.88658550829666,0.021123602326370446,True,False,False
6.34,0.12248513138024789,0.20023438858864676,0.015328469831950105,-0.059799316540977164,0.0,1.335952345907847e-05,0.19748250683702537,0.0,0.3891981719918687,0.07500000000000001,0.0,0.38999999999999996,1.5,129.88658958309543,0.020789433877338396,True,False,False
6.345,0.12240925233040811,0.20107091839193475,0.015054286515071359,-0.059799316540977164,0.0,1.335952345907847e-05,0.1974066068254503,0.0,0.38919522576510474,0.07500000000000001,0.0,0.38999999999999996,1.5,129.88659366727333,0.02047202858230894,True,False,False
6.3500000000000005,0.12233474269936963,0.2018839970453373,0.014779437645018751,-0.06194292416822325,0.0,-1.626529108312224e-05,0.19733207678809478,0.0,0.3891923738286456,0.07500000000000001,0.0,0.38999999999999996,1.5,129.88630878059243,0.02355022982112274,True,False,False
6.355,0.12226160571301509,0.20267332113529712,0.014503956813013355,-0.06194292416822325,0.0,-1.626529108312224e-05,0.1972589199650798,0.0,0.3891896170676894,0.07500000000000001,0.0,0.38999999999999996,1.5,129.8863132496595,0.023143586307123976,True,False,False
6.36,0.12218984446305335,0.20343858739156537,0.014227862279520652,-0.06194292416822325,0.0,-1.626529108312224e-05,0.19718713946221955,0.0,0.3891869563693856,0.07500000000000001,0.0,0.38999999999999996,1.5,129.88631774587068,0.02275542759715661,True,False,False
6.365,0.12211946194371774,0.20417954107480984,0.013951176167000912,-0.06194292416822325,0.0,-1.626529108312224e-05,0.19711673828814713,0.0,0.38918439268804683,0.07500000000000001,0.0,0.38999999999999996,1.5,129.88632226351308,0.02238522011802558,True,False,False
6.37,0.12205046104342825,0.2048959348736167,0.013673920598798777,-0.06194292416822325,0.0,-1.626529108312224e-05,0.19704771934533252,0.0,0.38918192694926157,0.07500000000000001,0.0,0.38999999999999996,1.5,129.8863267971503,0.02203244065605368,True,False,False
6.375,0.12198284454430472,0.20558752647523812,0.01339611781812983,-0.06194292416822325,0.0,-1.626529108312224e-05,0.19698008542964723,0.0,0.3891795600594937,0.07500000000000001,0.0,0.38999999999999996,1.5,129.8863313416158,0.021696575169030948,True,False,False
6.38,0.12191661512137221,0.20625407686001748,0.013117790275496847,-0.06194292416822325,0.0,-1.626529108312224e-05,0.19691383922960323,0.0,0.3891772929128407,0.07500000000000001,0.0,0.38999999999999996,1.5,129.88633589200572,0.021377117999402246,True,False,False
6.385,0.12185177534153217,0.2068953491428417,0.012838960693241063,-0.06194292416822325,0.0,-1.626529108312224e-05,0.1968489833253445,0.0,0.38917512639565355,0.07500000000000001,0.0,0.38999999999999996,1.5,129.8863404436725,0.021073571357864227,True,False,False
6.390000000000001,0.12178832766237502,0.20751110782310966,0.012559652113722557,-0.06194292416822325,0.0,-1.626529108312224e-05,0.19678552018746975,0.0,0.3891730613895698,0.07500000000000001,0.0,0.38999999999999996,1.5,129.88634499221797,0.020785444988610947,True,False,False
6.3950000000000005,0.12172627443088897,0.20810111832189304,0.012279887935967364,-0.06194292416822325,0.0,-1.626529108312224e-05,0.19672345217574366,0.0,0.38917109877334954,0.07500000000000001,0.0,0.38999999999999996,1.5,129.8863495334865,0.02051225595636749,True,False,False
6.4,0.12166561788210035,0.20866514675705836,0.011999691944395213,-0.06370375735212214,0.0,-4.493746139362244e-05,0.19666278153773395,0.0,0.38916923942385206,0.07500000000000001,0.0,0.38999999999999996,1.5,129.8860623783099,0.023029487526343293,True,False,False
6.405,0.12160636011898826,0.20920292701183787,0.011719098934770347,-0.06370375735212214,0.0,-4.493746139362244e-05,0.1966035103878169,0.0,0.38916748408473456,0.07500000000000001,0.0,0.38999999999999996,1.5,129.88606722565459,0.022685127271615146,True,False,False
6.41,0.12154850310492178,0.20971419448449827,0.011438130350094073,-0.06370375735212214,0.0,-4.493746139362244e-05,0.1965456407004837,0.0,0.38916583349617445,0.07500000000000001,0.0,0.38999999999999996,1.5,129.8860720793945,0.022356920910031462,True,False,False
6.415,0.1214920486935556,0.21019872580060403,0.011156811338982043,-0.06370375735212214,0.0,-4.493746139362244e-05,0.19648917434094193,0.0,0.38916428849864015,0.07500000000000001,0.0,0.38999999999999996,1.5,129.886076934757,0.022044367156045346,True,False,False
6.42,0.1214369986221379,0.21065630511638553,0.010875167186855885,-0.06370375735212214,0.0,-4.493746139362244e-05,0.19643411305753342,0.0,0.38916284990394906,0.07500000000000001,0.0,0.38999999999999996,1.5,129.886081787226,0.021746974668687857,True,False,False
6.425,0.121383354511077,0.21108672213829519,0.010593223427754461,-0.06370375735212214,0.0,-4.493746139362244e-05,0.1963804584813435,0.0,0.38916151850309894,0.07500000000000001,0.0,0.38999999999999996,1.5,129.88608663253464,0.021464261063119713,True,False,False
6.43,0.12133111786326095,0.2114897707272166,0.010311005933357084,-0.06370375735212214,0.0,-4.493746139362244e-05,0.19632821212554835,0.0,0.38916029507178573,0.07500000000000001,0.0,0.38999999999999996,1.5,129.88609146665775,0.02119575225171108,True,False,False
6.4350000000000005,0.12128029006319398,0.21186524796138387,0.010028540986981147,-0.06370375735212214,0.0,-4.493746139362244e-05,0.19627737538456738,0.0,0.3891591803741582,0.07500000000000001,0.0,0.38999999999999996,1.5,129.8860962858047,0.020940982007100293,True,False,False
6.44,0.12123087237600916,0.21221295353059833,0.009745855348628133,-0.06370375735212214,0.0,-4.493746139362244e-05,0.19622794953308365,0.0,0.3891581751652827,0.07500000000000001,0.0,0.38999999999999996,1.5,129.88610108641205,0.020699491674270345,True,False,False
6.445,0.12118286594640532,0.21253268935976996,0.009462976315967972,-0.06370375735212214,0.0,-4.493746139362244e-05,0.19617993572498163,0.0,0.38915728019261037,0.07500000000000001,0.0,0.38999999999999996,1.5,129.88610586513622,0.020470829982442987,True,False,False
6.45,0.12113627179753511,0.21282425943745606,0.009179931785380574,-0.06508295488382909,0.0,-7.21908736729881e-05,0.19613333499223165,0.0,0.3891564961967532,0.07500000000000001,0.0,0.38999999999999996,1.5,129.88582121746595,0.02242891899808085,True,False,False
6.455,0.1210910908154604,0.21308744408968908,0.008896758389768344,-0.06508295488382909,0.0,-7.21908736729881e-05,0.19608814822822185,0.0,0.389155823751663,0.07500000000000001,0.0,0.38999999999999996,1.5,129.8858262110953,0.02214655400686552,True,False,False
6.46,0.12104732374296985,0.21332202635641728,0.008613482946604287,-0.06508295488382909,0.0,-7.21908736729881e-05,0.19604437618266699,0.0,0.3891552634230966,0.07500000000000001,0.0,0.38999999999999996,1.5,129.88583119284434,0.021877761300372927,True,False,False
6.465,0.12100497120273764,0.2135278230354741,0.008330135516259793,-0.06508295488382909,0.0,-7.21908736729881e-05,0.19600201948572613,0.0,0.3891548159068451,0.07500000000000001,0.0,0.38999999999999996,1.5,129.88583615901518,0.021622081666856946,True,False,False
6.47,0.12096403369228945,0.21370465836934482,0.00804674681741844,-0.06508295488382909,0.0,-7.21908736729881e-05,0.19596107864186113,0.0,0.3891544818707887,0.07500000000000001,0.0,0.38999999999999996,1.5,129.88584110613382,0.02137906525387166,True,False,False
6.4750000000000005,0.12092451158365222,0.21385236250749745,0.007763348413653558,-0.06508295488382909,0.0,-7.21908736729881e-05,0.19592155402952044,0.0,0.3891542619609988,0.07500000000000001,0.0,0.38999999999999996,1.5,129.88584603094264,0.021148270779601595,True,False,False
6.48,0.12088640512281887,0.21397077042360424,0.00747997290650853,-0.06508295488382909,0.0,-7.21908736729881e-05,0.1958834459006255,0.0,0.3891541568060008,0.07500000000000001,0.0,0.38999999999999996,1.5,129.88585093039305,0.020929265002224102,True,False,False
6.485,0.12084971442907606,0.21405972118674577,0.007196654147880192,-0.06508295488382909,0.0,-7.21908736729881e-05,0.1958467543799115,0.0,0.3891541670196911,0.07500000000000001,0.0,0.38999999999999996,1.5,129.88585580163843,0.02072162236298157,True,False,False
6.49,0.12081443949424635,0.21411905750462443,0.0069134274853768956,-0.06508295488382909,0.0,-7.21908736729881e-05,0.19581147946417504,0.0,0.3891542932032165,0.07500000000000001,0.0,0.38999999999999996,1.5,129.8858606420266,0.020524924745766542,True,False,False
6.495,0.12078058018187746,0.21414862543270674,0.00663033005644537,-0.06508295488382909,0.0,-7.21908736729881e-05,0.1957776210214644,0.0,0.38915453594609106,0.07500000000000001,0.0,0.38999999999999996,1.5,129.88586544909344,0.020338761314655025,True,False,False
6.5,0.12074813622640199,0.2141482742497622,0.006347401150729636,-0.06609479917575782,0.0,-9.752917151659789e-05,0.19574517879023628,0.0,0.38915489582677215,0.07500000000000001,0.0,0.38999999999999996,1.5,129.88558905570477,0.021758007754542154,True,False,False
6.505,0.12071710722197221,0.2141178376612529,0.006064686736250181,-0.06609479917575782,0.0,-9.752917151659789e-05,0.19571415236690962,0.0,0.3891553732305521,0.07500000000000001,0.0,0.38999999999999996,1.5,129.8855939863127,0.021534455417512584,True,False,False
6.51,0.1206874926176618,0.21405715308360734,0.005782231354682742,-0.06609479917575782,0.0,-9.752917151659789e-05,0.19568454120232948,0.0,0.3891559685305547,0.07500000000000001,0.0,0.38999999999999996,1.5,129.88559889048437,0.02132175457460935,True,False,False
6.515000000000001,0.12065929173419719,0.21396608434685202,0.005500083758088735,-0.06609479917575782,0.0,-9.752917151659789e-05,0.1956563446196567,0.0,0.3891566822539816,0.07500000000000001,0.0,0.38999999999999996,1.5,129.8856037656186,0.021119495817238813,True,False,False
6.5200000000000005,0.12063250376052795,0.21384450248792267,0.005218297421125051,-0.06609479917575782,0.0,-9.752917151659789e-05,0.19562956180966756,0.0,0.38915751490138745,0.07500000000000001,0.0,0.38999999999999996,1.5,129.88560860929758,0.02092727837157202,True,False,False
6.525,0.1206071277535869,0.21369228462546558,0.0049369319043351114,-0.06609479917575782,0.0,-9.752917151659789e-05,0.19560419183053981,0.0,0.38915846695110207,0.07500000000000001,0.0,0.38999999999999996,1.5,129.88561341927976,0.020744709502774985,True,False,False
6.53,0.12058316263792333,0.21350931318496927,0.004656054669511989,-0.06609479917575782,0.0,-9.752917151659789e-05,0.19558023360750268,0.0,0.3891595388623188,0.07500000000000001,0.0,0.38999999999999996,1.5,129.88561819349331,0.02057140410846085,True,False,False
6.535,0.12056060720524539,0.21329547536746873,0.004375743554677959,-0.06609479917575782,0.0,-9.752917151659789e-05,0.1955576859323895,0.0,0.38916073107718563,0.07500000000000001,0.0,0.38999999999999996,1.5,129.88562293002929,0.020406984439415916,True,False,False
6.54,0.1205394601139108,0.2130506628273188,0.004096090222564691,-0.06609479917575782,0.0,-9.752917151659789e-05,0.1955365474631336,0.0,0.3891620440221365,0.07500000000000001,0.0,0.38999999999999996,1.5,129.8856276271354,0.020251079905586545,True,False,False
6.545,0.12051971988838563,0.21277477147033083,0.003817205070883134,-0.06609479917575782,0.0,-9.752917151659789e-05,0.19551681672322857,0.0,0.3891634781086709,0.07500000000000001,0.0,0.38999999999999996,1.5,129.88563228320987,0.020103326939005354,True,False,False
6.55,0.12050138491869274,0.21246770136915127,0.0035392243856645854,-0.06676504225087043,0.0,-0.00012044576519624765,0.19549849210117598,0.0,0.38916503373374634,0.07500000000000001,0.0,0.38999999999999996,1.5,129.8853707104605,0.021020147126674087,True,False,False
6.555,0.12048445345331617,0.21212934440378006,0.003262316289852744,-0.06676504225087043,0.0,-0.00012044576519624765,0.1954815718420288,0.0,0.3891667110834966,0.07500000000000001,0.0,0.38999999999999996,1.5,129.8853754079626,0.020849706726216475,True,False,False
6.5600000000000005,0.12046892359576009,0.2117595969477051,0.002986711188028375,-0.06676504225087043,0.0,-0.00012044576519624765,0.19546605404530992,0.0,0.3891685103286564,0.07500000000000001,0.0,0.38999999999999996,1.5,129.88538006879935,0.020687366789075477,True,False,False
6.565,0.12045479331537137,0.21135837483869607,0.0027127125718631228,-0.06676504225087043,0.0,-0.00012044576519624765,0.19545193667711416,0.0,0.38917043181032546,0.07500000000000001,0.0,0.38999999999999996,1.5,129.88538469139564,0.020532773249852084,True,False,False
6.57,0.12044206044540194,0.2109256007496264,0.002440744982166895,-0.06676504225087043,0.0,-0.00012044576519624765,0.19543921756681262,0.0,0.38917247584456316,0.07500000000000001,0.0,0.38999999999999996,1.5,129.8853892743164,0.020385579846636068,True,False,False
6.575,0.12043072268290166,0.21046120346073802,0.0021714267770556756,-0.06676504225087043,0.0,-0.00012044576519624765,0.19542789440696468,0.0,0.38917464272527946,0.07500000000000001,0.0,0.38999999999999996,1.5,129.8853938162602,0.02024544770516146,True,False,False
6.58,0.12042077758854133,0.20996511735371393,0.0019057005820486798,-0.06676504225087043,0.0,-0.00012044576519624765,0.19541796475315376,0.0,0.38917693272622556,0.07500000000000001,0.0,0.38999999999999996,1.5,129.8853983160537,0.020112045048216516,True,False,False
6.585,0.12041222259090008,0.2094372769103367,0.0016450823756502487,-0.06676504225087043,0.0,-0.00012044576519624765,0.1954094260284152,0.0,0.38917934612163535,0.07500000000000001,0.0,0.38999999999999996,1.5,129.88540277270934,0.019982860084793424,True,False,False
6.59,0.12040505522119473,0.20887730870616086,0.0013922525522434652,-0.06676504225087043,0.0,-0.00012044576519624765,0.19540227576585137,0.0,0.38918188434629764,0.07500000000000001,0.0,0.38999999999999996,1.5,129.8854071886807,0.019830277073035325,True,False,False
6.595,0.1203992731762483,0.2082842667613061,0.0011521924365479979,-0.06676504225087043,0.0,-0.00012044576519624765,0.195396511678434,0.0,0.38918455102331806,0.07500000000000001,0.0,0.38999999999999996,1.5,129.88541157067934,0.019651983926206165,True,False,False
6.6000000000000005,0.12039487389502408,0.20765707643485706,0.0009345037358944946,-0.06713848992683741,0.0,-0.00014054640657689262,0.1953921312240529,0.0,0.38918735030352614,0.07500000000000001,0.0,0.38999999999999996,1.5,129.88517121329718,0.020042405207639776,True,False,False
6.605,0.12039185448280038,0.2069946921920338,0.0007581119578581788,-0.06713848992683741,0.0,-0.00014054640657689262,0.19538913152392812,0.0,0.3891902860244997,0.07500000000000001,0.0,0.38999999999999996,1.5,129.8851756115246,0.019809993107936255,True,False,False
6.61,0.12039021173083204,0.20629615584954178,0.0006565309220551922,-0.06713848992683741,0.0,-0.00014054640657689262,0.19538750938219096,0.0,0.38919336169973284,0.07500000000000001,0.0,0.38999999999999996,1.5,129.8851799928494,0.01956547330278368,True,False,False
6.615,0.12038994216545522,0.2055605833222777,0.0006641653866276668,-0.06713848992683741,0.0,-0.00014054640657689262,0.19538726133678352,0.0,0.3891965807877307,0.07500000000000001,0.0,0.38999999999999996,1.5,129.88518435960856,0.01931096142481065,True,False,False
6.62,0.120391042035033,0.20478719302657256,0.0007770178421896163,-0.06713848992683741,0.0,-0.00014054640657689262,0.19538838364413474,0.0,0.38919994635572636,0.07500000000000001,0.0,0.38999999999999996,1.5,129.88518871363718,0.019048058164298845,True,False,False
6.625,0.12039350732142584,0.20397531101520247,0.0009579128677401934,-0.06713848992683741,0.0,-0.00014054640657689262,0.1953908722905007,0.0,0.3892034610577179,0.07500000000000001,0.0,0.38999999999999996,1.5,129.88519305638607,0.018777984573958975,True,False,False
6.63,0.12039733375184354,0.20312436967736724,0.0011752259651667094,-0.06713848992683741,0.0,-0.00014054640657689262,0.19539472300386712,0.0,0.38920712713824074,0.07500000000000001,0.0,0.38999999999999996,1.5,129.88519738900914,0.018501676783057384,True,False,False
6.635,0.12040251681039302,0.20223390265165103,0.0014116806342774854,-0.06713848992683741,0.0,-0.00014054640657689262,0.19539993126565397,0.0,0.3892109464512612,0.07500000000000001,0.0,0.38999999999999996,1.5,129.8852017124291,0.018219853502567607,True,False,False
6.640000000000001,0.12040905174896022,0.20130353772120968,0.0016586025450293896,-0.06713848992683741,0.0,-0.00014054640657689262,0.19540649232181168,0.0,0.3892149204872816,0.07500000000000001,0.0,0.38999999999999996,1.5,129.88520602738777,0.017933065059286598,True,False,False
6.6450000000000005,0.12041693359725698,0.20033298880701447,0.0019114732957511732,-0.06713848992683741,0.0,-0.00014054640657689262,0.19541440119310843,0.0,0.3892190504041065,0.07500000000000001,0.0,0.38999999999999996,1.5,129.8852103344854,0.017641729709873984,True,False,False
6.65,0.12042615717197776,0.19932204776774037,0.002167780596951077,-0.06730960690835823,0.0,-0.0001579076902508146,0.19542365268453343,0.0,0.38922333705846357,0.07500000000000001,0.0,0.38999999999999996,1.5,129.88499489747363,0.017616088748471672,True,False,False
6.655,0.12043671707155999,0.1982705894178414,0.0024259884354426945,-0.06730960690835823,0.0,-0.0001579076902508146,0.1954342413786685,0.0,0.38922778078267295,0.07500000000000001,0.0,0.38999999999999996,1.5,129.88499922276776,0.017308365051356942,True,False,False
6.66,0.12044860769205791,0.1971785639799303,0.002685201508609539,-0.06730960690835823,0.0,-0.0001579076902508146,0.1954461616531397,0.0,0.3892323816175875,0.07500000000000001,0.0,0.38999999999999996,1.5,129.88500354327718,0.01699728532051528,True,False,False
6.665,0.12046182325268594,0.1960459689985394,0.0029447986773826758,-0.06730960690835823,0.0,-0.0001579076902508146,0.19545940770819842,0.0,0.389237139625241,0.07500000000000001,0.0,0.38999999999999996,1.5,129.88500785913706,0.016682899592344137,True,False,False
6.67,0.1204763577912873,0.1948728489234243,0.003204349668572461,-0.06730960690835823,0.0,-0.0001579076902508146,0.1954739735609164,0.0,0.389242054686739,0.07500000000000001,0.0,0.38999999999999996,1.5,129.88501217045624,0.0163652255785782,True,False,False
6.675,0.12049220516938865,0.1936592895411559,0.0034635443336694933,-0.06730960690835823,0.0,-0.0001579076902508146,0.19548985305041694,0.0,0.3892471265239217,0.07500000000000001,0.0,0.38999999999999996,1.5,129.8850164773237,0.016044254602786488,True,False,False
6.68,0.12050935907675546,0.19240541315137977,0.003722151039809021,-0.06730960690835823,0.0,-0.0001579076902508146,0.1955070398425868,0.0,0.38925235471807607,0.07500000000000001,0.0,0.38999999999999996,1.5,129.8850207798137,0.01571995669412759,True,False,False
6.6850000000000005,0.12052781303552074,0.19111137440233994,0.003979991189746824,-0.06730960690835823,0.0,-0.0001579076902508146,0.1955255274343436,0.0,0.38925773872609715,0.07500000000000001,0.0,0.38999999999999996,1.5,129.88502507798972,0.015392284945369355,True,False,False
6.69,0.12054756040394907,0.18977735668634135,0.004236923058894438,-0.06730960690835823,0.0,-0.0001579076902508146,0.19554530915752383,0.0,0.38926327789448456,0.07500000000000001,0.0,0.38999999999999996,1.5,129.8850293719077,0.015061179230613297,True,False,False
6.695,0.12056859437989069,0.18840356899780492,0.004492831220285992,-0.06730960690835823,0.0,-0.0001579076902508146,0.19556637818244835,0.0,0.38926897147151807,0.07500000000000001,0.0,0.38999999999999996,1.5,129.88503366161757,0.014726569368545113,True,False,False
6.7,0.12059090800397393,0.18699024318524265,0.0047476194341312715,-0.06725778657940074,0.0,-0.00017155836572453062,0.19558872752121528,0.0,0.38927481861786023,0.07500000000000001,0.0,0.38999999999999996,1.5,129.88485405015584,0.01430683830326605,True,False,False
6.705,0.12061449416749523,0.18553762791649597,0.005001191973469167,-0.06725778657940074,0.0,-0.00017155836572453062,0.19561235003472413,0.0,0.38928081825529026,0.07500000000000001,0.0,0.38999999999999996,1.5,129.88485832125272,0.013967441860254566,True,False,False
6.71,0.12063934561285376,0.18404600602207943,0.005253476722527815,-0.06725778657940074,0.0,-0.00017155836572453062,0.19563723843381942,0.0,0.3892869691736075,0.07500000000000001,0.0,0.38999999999999996,1.5,129.88486258765067,0.013625922877678793,True,False,False
6.715,0.12066545496269457,0.18251597743642367,0.005504348639348651,-0.06725778657940074,0.0,-0.00017155836572453062,0.1956633853030413,0.0,0.3892932691008104,0.07500000000000001,0.0,0.38999999999999996,1.5,129.8848668482183,0.013290043035308865,True,False,False
6.72,0.12069281479453016,0.18094837242525605,0.005753780661696794,-0.06725778657940074,0.0,-0.00017155836572453062,0.1956907831765085,0.0,0.3892997148668074,0.07500000000000001,0.0,0.38999999999999996,1.5,129.884871101008,0.012960187411760672,True,False,False
6.7250000000000005,0.1207214175892011,0.17934398701286774,0.006001724077245482,-0.06725778657940074,0.0,-0.00017155836572453062,0.19571942449263677,0.0,0.38930630344325035,0.07500000000000001,0.0,0.38999999999999996,1.5,129.88487534393295,0.012639202708228672,True,False,False
6.73,0.12075125560646313,0.17770357242985887,0.006248135600310578,-0.06725778657940074,0.0,-0.00017155836572453062,0.19574930147002584,0.0,0.38931303199622413,0.07500000000000001,0.0,0.38999999999999996,1.5,129.88487957438016,0.01232876739901368,True,False,False
6.735,0.12078232094479449,0.17602788007589731,0.006492973566067571,-0.06725778657940074,0.0,-0.00017155836572453062,0.1957804061661822,0.0,0.3893198976963692,0.07500000000000001,0.0,0.38999999999999996,1.5,129.8848837897495,0.012028572840714482,True,False,False
6.74,0.1208146055631363,0.1743176696066614,0.006736198729997164,-0.06725778657940074,0.0,-0.00017155836572453062,0.19581273049909786,0.0,0.38932689768344225,0.07500000000000001,0.0,0.38999999999999996,1.5,129.88488798759047,0.011738296057543007,True,False,False
6.745,0.1208481012793385,0.1725737095802662,0.006977774105245738,-0.06725778657940074,0.0,-0.00017155836572453062,0.19584626624572565,0.0,0.38933402906336123,0.07500000000000001,0.0,0.38999999999999996,1.5,129.88489216560114,0.01145760107677355,True,False,False
6.75,0.12088279977445127,0.1707967776249066,0.007217664908935793,-0.06696510858219588,0.0,-0.00018084558816031397,0.19588100504631112,0.0,0.38934128890719455,0.07500000000000001,0.0,0.38999999999999996,1.5,129.88475490888487,0.010724875882665172,True,False,False
6.755,0.12091869259652577,0.168987660127619,0.007455826890138988,-0.06696510858219588,0.0,-0.00018084558816031397,0.19591693840751284,0.0,0.38934867411624846,0.07500000000000001,0.0,0.38999999999999996,1.5,129.88475898027042,0.010478920372418647,True,False,False
6.76,0.12095577116751845,0.16714715277581857,0.007692241434123054,-0.06696510858219588,0.0,-0.00018084558816031397,0.19595405771010455,0.0,0.3893561815552603,0.07500000000000001,0.0,0.38999999999999996,1.5,129.8847630226752,0.010241039567796213,True,False,False
6.765000000000001,0.12099402679184282,0.16527605905490017,0.007926880618643594,-0.06696510858219588,0.0,-0.00018084558816031397,0.1959923542183179,0.0,0.3893638081938047,0.07500000000000001,0.0,0.38999999999999996,1.5,129.8847670345808,0.010010862184224353,True,False,False
6.7700000000000005,0.12103345066216917,0.1633751879726827,0.008159718774895776,-0.06696510858219588,0.0,-0.00018084558816031397,0.19603181908498193,0.0,0.3893715509790423,0.07500000000000001,0.0,0.38999999999999996,1.5,129.88477101460063,0.00978801034111379,True,False,False
6.775,0.12107403386652775,0.16144535231806187,0.008390732457937276,-0.06696510858219588,0.0,-0.00018084558816031397,0.1960724433587006,0.0,0.38937940684233413,0.07500000000000001,0.0,0.38999999999999996,1.5,129.88477496147584,0.00957210083205735,True,False,False
6.78,0.12111576739556604,0.15948736634049082,0.00861990048473199,-0.06696510858219588,0.0,-0.00018084558816031397,0.19611421799119208,0.0,0.3893873727080306,0.07500000000000001,0.0,0.38999999999999996,1.5,129.8847788740721,0.009362746325779464,True,False,False
6.785,0.12115864215128928,0.15750204515678387,0.008847203677298632,-0.06696510858219588,0.0,-0.00018084558816031397,0.1961571338460726,0.0,0.38939544549540833,0.07500000000000001,0.0,0.38999999999999996,1.5,129.88478275137814,0.009159452756048667,True,False,False
6.79,0.1212026490461254,0.15549030587895732,0.009072634749124979,-0.06696510858219588,0.0,-0.00018084558816031397,0.1962011817959536,0.0,0.3894036217119568,0.07500000000000001,0.0,0.38999999999999996,1.5,129.88478659262282,0.00896052684942103,True,False,False
6.795,0.12124777911190257,0.15345316662848446,0.009296211499769341,-0.06696510858219588,0.0,-0.00018084558816031397,0.19624635283159217,0.0,0.38941189745300486,0.07500000000000001,0.0,0.38999999999999996,1.5,129.88479039729967,0.008765483842940361,True,False,False
6.8,0.12129402340050965,0.15139154654139722,0.009517949085417764,-0.06639646997069526,0.0,-0.00018507298025059935,0.19629263796654955,0.0,0.3894202692013289,0.07500000000000001,0.0,0.38999999999999996,1.5,129.88470120204494,0.007677886059862308,True,False,False
6.805,0.12134137296249578,0.14930627291541024,0.009737850216878726,-0.06639646997069526,0.0,-0.00018507298025059935,0.19634002821511792,0.0,0.38942873370667297,0.07500000000000001,0.0,0.38999999999999996,1.5,129.88470481605117,0.007522398730290782,True,False,False
6.8100000000000005,0.12138981883464998,0.14719808368817955,0.009955929255554464,-0.06639646997069526,0.0,-0.00018507298025059935,0.196388514580216,0.0,0.389437288068515,0.07500000000000001,0.0,0.38999999999999996,1.5,129.8847083872511,0.007369470172235833,True,False,False
6.815,0.1214393520189172,0.14506762683183877,0.010172187584926393,-0.06639646997069526,0.0,-0.00018507298025059935,0.19643808803263849,0.0,0.38944592983148485,0.07500000000000001,0.0,0.38999999999999996,1.5,129.8847119157075,0.0072188883454609165,True,False,False
6.82,0.12148996347669024,0.14291548215861566,0.010386623420738997,-0.06639646997069526,0.0,-0.00018507298025059935,0.19648873950440396,0.0,0.389454656806582,0.07500000000000001,0.0,0.38999999999999996,1.5,129.88471540153031,0.00707042858808667,True,False,False
6.825,0.1215416441223356,0.14074217095946187,0.01059923248488047,-0.06639646997069526,0.0,-0.00018507298025059935,0.1965404598820335,0.0,0.3894634670333678,0.07500000000000001,0.0,0.38999999999999996,1.5,129.88471884487564,0.006923860801396262,True,False,False
6.83,0.121594384818108,0.1385481638250223,0.010810008529550165,-0.06639646997069526,0.0,-0.00018507298025059935,0.19659324000126221,0.0,0.38947235874916636,0.07500000000000001,0.0,0.38999999999999996,1.5,129.88472224594403,0.0067789542032704354,True,False,False
6.835,0.12164817637007218,0.13633388700537072,0.011018943738240096,-0.06639646997069526,0.0,-0.00018507298025059935,0.1966470706427945,0.0,0.38948133036414784,0.07500000000000001,0.0,0.38999999999999996,1.5,129.88472560497843,0.006635480472426809,True,False,False
6.84,0.12170300952475419,0.13409972755821328,0.011226029029141526,-0.06639646997069526,0.0,-0.00018507298025059935,0.19670194252881767,0.0,0.3894903804411433,0.07500000000000001,0.0,0.38999999999999996,1.5,129.8847289222612,0.006493215821589453,True,False,False
6.845,0.12175887496632527,0.13184603755029806,0.011431254283280748,-0.06639646997069526,0.0,-0.00018507298025059935,0.1967578463200711,0.0,0.38949950767919406,0.07500000000000001,0.0,0.38999999999999996,1.5,129.88473219811138,0.00635194235350376,True,False,False
6.8500000000000005,0.121815763314177,0.12957313752299165,0.011634608515712583,-0.06561135067087741,0.0,-0.00018458412816775615,0.19681477261332375,0.0,0.3895087108999583,0.07500000000000001,0.0,0.38999999999999996,1.5,129.88468929062773,0.004973813019531006,True,False,False
6.855,0.12187366512960758,0.1272813342394512,0.011836076994411443,-0.06561135067087741,0.0,-0.00018458412816775615,0.19687271194754702,0.0,0.3895179889275553,0.07500000000000001,0.0,0.38999999999999996,1.5,129.88469233096325,0.004878312147753052,True,False,False
6.86,0.12193257091616104,0.12497090796280914,0.012035654011028745,-0.06561135067087741,0.0,-0.00018458412816775615,0.19693165480464983,0.0,0.3895273406889116,0.07500000000000001,0.0,0.38999999999999996,1.5,129.88469532523447,0.0047820220622526895,True,False,False
6.865,0.12199247110344787,0.12264209676878686,0.012233327020358453,-0.06561135067087741,0.0,-0.00018458412816775615,0.19699159159369312,0.0,0.38953676532605025,0.07500000000000001,0.0,0.38999999999999996,1.5,129.88469827428742,0.004684775219363453,True,False,False
6.87,0.12205335604838308,0.12029511378754576,0.012429082712838792,-0.06561135067087741,0.0,-0.00018458412816775615,0.1970525126516103,0.0,0.38954626207798276,0.07500000000000001,0.0,0.38999999999999996,1.5,129.88470117897322,0.004586410640636661,True,False,False
6.875,0.12211521603326002,0.11793014994495521,0.012622907133332709,-0.06561135067087741,0.0,-0.00018458412816775615,0.19711440824120932,0.0,0.3895558302700143,0.07500000000000001,0.0,0.38999999999999996,1.5,129.8847040401458,0.0044867743423963324,True,False,False
6.88,0.12217804126404314,0.11554737628357666,0.01281478577273782,-0.06561135067087741,0.0,-0.00018458412816775615,0.1971772685494031,0.0,0.38956546930457414,0.07500000000000001,0.0,0.38999999999999996,1.5,129.8847068586606,0.004385719568115527,True,False,False
6.885,0.12224182186884278,0.1131469460304299,0.013004703639612026,-0.06561135067087741,0.0,-0.00018458412816775615,0.19724108368563004,0.0,0.3895751786532151,0.07500000000000001,0.0,0.38999999999999996,1.5,129.8847096353722,0.004283106885636302,True,False,False
6.890000000000001,0.12230654789653839,0.11072899639161071,0.013192645317222787,-0.06561135067087741,0.0,-0.00018458412816775615,0.19730584368042914,0.0,0.3895849578495221,0.07500000000000001,0.0,0.38999999999999996,1.5,129.88471237113305,0.004178804191587417,True,False,False
6.8950000000000005,0.12237220931552968,0.10829365018679446,0.013378595010037674,-0.06561135067087741,0.0,-0.00018458412816775615,0.19737153848414815,0.0,0.3895948064827025,0.07500000000000001,0.0,0.38999999999999996,1.5,129.88471506679141,0.004072686651868662,True,False,False
6.9,0.12243879601259895,0.10584101735281977,0.013562536582607641,-0.06466643096461318,0.0,-0.00017967172586557414,0.1974381579657674,0.0,0.389604724191728,0.07500000000000001,0.0,0.38999999999999996,1.5,129.88471767930676,0.0024750495916670695,True,False,False
6.905,0.1225062978023362,0.1033712141413079,0.01374445374151406,-0.06466643096461318,0.0,-0.00017967172586557414,0.197505691922046,0.0,0.38961471058223973,0.07500000000000001,0.0,0.38999999999999996,1.5,129.88472012339034,0.002418415061371495,True,False,False
6.91,0.12257470442907249,0.1008843461368703,0.013924333901506733,-0.06466643096461318,0.0,-0.00017967172586557414,0.19757413007969912,0.0,0.3896247653007954,0.07500000000000001,0.0,0.38999999999999996,1.5,129.884722524201,0.0023582263549222875,True,False,False
6.915,0.12264400554881714,0.09838048807116373,0.014102160521888656,-0.06466643096461318,0.0,-0.00017967172586557414,0.19764346207758027,0.0,0.3896348881220474,0.07500000000000001,0.0,0.38999999999999996,1.5,129.88472488296998,0.002294411516663996,True,False,False
6.92,0.1227141907317492,0.09585970335162185,0.014277916543121634,-0.06466643096461318,0.0,-0.00017967172586557414,0.19771367746887722,0.0,0.3896450788643908,0.07500000000000001,0.0,0.38999999999999996,1.5,129.88472720089933,0.002226903559774937,True,False,False
6.925,0.12278524946101382,0.0933220463482168,0.014451584491529283,-0.06466643096461318,0.0,-0.00017967172586557414,0.1977847657198662,0.0,0.38965533738095176,0.07500000000000001,0.0,0.38999999999999996,1.5,129.88472947916182,0.00215564081195083,True,False,False
6.93,0.12285717113174192,0.09076756431957123,0.014623146561794698,-0.06466643096461318,0.0,-0.00017967172586557414,0.19785671620889783,0.0,0.38966566355199,0.07500000000000001,0.0,0.38999999999999996,1.5,129.88473171890035,0.002080567082299291,True,False,False
6.9350000000000005,0.12292994505027027,0.0881962990836276,0.014792584682821875,-0.06466643096461318,0.0,-0.00017967172586557414,0.19792951822558963,0.0,0.3896760572783691,0.07500000000000001,0.0,0.38999999999999996,1.5,129.88473392122822,0.0020016317074982477,True,False,False
6.94,0.12300356043358403,0.08560828851888062,0.01495988059222541,-0.06466643096461318,0.0,-0.00017967172586557414,0.198003160970246,0.0,0.38968651847564517,0.07500000000000001,0.0,0.38999999999999996,1.5,129.88473608722856,0.0019187895604519146,True,False,False
6.945,0.1230780064092546,0.08300356820863465,0.015125015896741157,-0.06466643096461318,0.0,-0.00017967172586557414,0.19807763355377483,0.0,0.38969704706761543,0.07500000000000001,0.0,0.38999999999999996,1.5,129.8847382179544,0.001832000960054498,True,False,False
6.95,0.12315327201488133,0.08038217225191505,0.015287972040225483,-0.0636164975697962,0.0,-0.00017062445353227475,0.1981529249971189,0.0,0.38970764298304383,0.07500000000000001,0.0,0.38999999999999996,1.5,129.88478595251468,8.606141692101346e-05,True,False,False
6.955,0.12322934620916538,0.07774415383715534,0.015448733270021702,-0.0636164975697962,0.0,-0.00017062445353227475,0.19822902424222516,0.0,0.389718306110415,0.07500000000000001,0.0,0.38999999999999996,1.5,129.88478783617387,5.068288694159637e-05,True,False,False
6.96,0.123306217875075,0.0750895659281354,0.015607282654306146,-0.0636164975697962,0.0,-0.00017062445353227475,0.19830592015531714,0.0,0.3897290363381901,0.07500000000000001,0.0,0.38999999999999996,1.5,129.88478968250348,9.70587414752741e-06,True,False,False
6.965,0.1233838758007897,0.0724184383648598,0.015763601871896273,-0.0636164975697962,0.0,-0.00017062445353227475,0.198383601507955,0.0,0.38973983360927344,0.07500000000000001,0.0,0.38999999999999996,1.5,129.8847914928132,3.6861386001469515e-05,True,False,False
6.97,0.12346230868326112,0.06973079901854899,0.015917672267850454,-0.0636164975697962,0.0,-0.00017062445353227475,0.19846205698047706,0.0,0.38975069787346805,0.07500000000000001,0.0,0.38999999999999996,1.5,129.88479326836494,8.900778284163385e-05,True,False,False
6.9750000000000005,0.12354150512777005,0.06702667583343508,0.016069474962385536,-0.0636164975697962,0.0,-0.00017062445353227475,0.19854127516153885,0.0,0.38976162907941914,0.07500000000000001,0.0,0.38999999999999996,1.5,129.88479501037367,0.00014671892044806553,True,False,False
6.98,0.12362145364773111,0.06430609847232774,0.016218990936075834,-0.0636164975697962,0.0,-0.00017062445353227475,0.19862124454790706,0.0,0.3897726271680811,0.07500000000000001,0.0,0.38999999999999996,1.5,129.8847967200086,0.0002099769025164129,True,False,False
6.985,0.12370214266470551,0.061569099661309086,0.016366201097198038,-0.0636164975697962,0.0,-0.00017062445353227475,0.19870195354446696,0.0,0.38978369206741964,0.07500000000000001,0.0,0.38999999999999996,1.5,129.88479839839397,0.00027876024811048644,True,False,False
6.99,0.12378356050858794,0.058815716305707845,0.016511086335716383,-0.0636164975697962,0.0,-0.00017062445353227475,0.19878339046440865,0.0,0.38979482368801815,0.07500000000000001,0.0,0.38999999999999996,1.5,129.88480004661005,0.0003530438947426072,True,False,False
6.995,0.12386569541793765,0.05604599041698456,0.016653627567300645,-0.0636164975697962,0.0,-0.00017062445353227475,0.19886554352956098,0.0,0.38980602191943814,0.07500000000000001,0.0,0.38999999999999996,1.5,129.88480166569371,0.00043279925936745567,True,False,False
7.0,0.12394853554043439,0.053259969843134775,0.016793805769908878,-0.06251243637226969,0.0,-0.00015780439056364067,0.1989484008708532,0.0,0.38981728662716975,0.07500000000000001,0.0,0.38999999999999996,1.5,129.88489323637262,0.002258527060170724,True,False,False
7.005,0.12403206894549265,0.05045772967957084,0.016931607364773116,-0.06251243637226969,0.0,-0.00015780439056364067,0.19903195054093312,0.0,0.38982861764686594,0.07500000000000001,0.0,0.38999999999999996,1.5,129.88489462545402,0.0022866614861082202,True,False,False
7.01,0.12411628362848268,0.047639351550710814,0.017067013113507133,-0.06251243637226969,0.0,-0.00015780439056364067,0.19911618051840665,0.0,0.389840014787391,0.07500000000000001,0.0,0.38999999999999996,1.5,129.88489598417877,0.002321806196785018,True,False,False
7.015000000000001,0.12420116749156841,0.04480489915141985,0.017200004814054343,-0.06251243637226969,0.0,-0.00015780439056364067,0.19920107868871026,0.0,0.3898514778486714,0.07500000000000001,0.0,0.38999999999999996,1.5,129.88489731373937,0.0023638903916406665,True,False,False
7.0200000000000005,0.12428670834816684,0.04195444004245348,0.01733056410840267,-0.06251243637226969,0.0,-0.00015780439056364067,0.19928663284856735,0.0,0.38986300661437123,0.07500000000000001,0.0,0.38999999999999996,1.5,129.8848986152735,0.002412842229917264,True,False,False
7.025,0.1243728939232575,0.03908804735733736,0.017458672589764773,-0.06251243637226969,0.0,-0.00015780439056364067,0.19937283070629933,0.0,0.3898746008450115,0.07500000000000001,0.0,0.38999999999999996,1.5,129.88489988986612,0.002468588362850452,True,False,False
7.03,0.12445971185393016,0.03620580113078588,0.01758431188554677,-0.06251243637226969,0.0,-0.00015780439056364067,0.19945965988238024,0.0,0.389886260272725,0.07500000000000001,0.0,0.38999999999999996,1.5,129.88490113855082,0.002531053669448516,True,False,False
7.035,0.12454714969014075,0.033307789341226836,0.01770746372205095,-0.06251243637226969,0.0,-0.00015780439056364067,0.1995471079102037,0.0,0.38989798459720715,0.07500000000000001,0.0,0.38999999999999996,1.5,129.8849023623115,0.0026001611286843272,True,False,False
7.04,0.12463519489562733,0.030394108657344467,0.017828109975470453,-0.06251243637226969,0.0,-0.00015780439056364067,0.1996351622370131,0.0,0.38990977348264944,0.07500000000000001,0.0,0.38999999999999996,1.5,129.88490356208385,0.0026758317825064815,True,False,False
7.045,0.12472383484896249,0.027464865037606978,0.017946232712622145,-0.06251243637226969,0.0,-0.00015780439056364067,0.1997238102249705,0.0,0.38992162655540297,0.07500000000000001,0.0,0.38999999999999996,1.5,129.88490473875638,0.0027579847589035023,True,False,False
7.05,0.12481305684471694,0.024520174142300538,0.018061814223994093,-0.061398822601242034,0.0,-0.0001416646151106472,0.1998130391523384,0.0,0.3899335434022121,0.07500000000000001,0.0,0.38999999999999996,1.5,129.8850374635705,0.004602159439223277,True,False,False
7.055,0.12490284810683713,0.021560182516014968,0.018174844568085272,-0.061398822601242034,0.0,-0.0001416646151106472,0.19990283622689323,0.0,0.38994552360583756,0.07500000000000001,0.0,0.38999999999999996,1.5,129.8850384332497,0.004634020452538513,True,False,False
7.0600000000000005,0.12499319579361826,0.01858504645532497,0.018285303996053274,-0.061398822601242034,0.0,-0.0001416646151106472,0.19999318859088935,0.0,0.38995756670932125,0.07500000000000001,0.0,0.38999999999999996,1.5,129.88503937921,0.004673769016721457,True,False,False
7.065,0.12508408697905982,0.015594907031675601,0.01839317607581277,-0.061398822601242034,0.0,-0.0001416646151106472,0.20008408330243002,0.0,0.3899696721951414,0.07500000000000001,0.0,0.38999999999999996,1.5,129.88504030241918,0.00472128785393806,True,False,False
7.07,0.1251755086579662,0.012589911686238596,0.018498444366969034,-0.061398822601242034,0.0,-0.0001416646151106472,0.20017550734060363,0.0,0.38998183951914034,0.07500000000000001,0.0,0.38999999999999996,1.5,129.88504120379136,0.004776460089467638,True,False,False
7.075,0.1252674477468703,0.009570215702952396,0.01860109252263491,-0.061398822601242034,0.0,-0.0001416646151106472,0.20026744760642126,0.0,0.3899940681048001,0.07500000000000001,0.0,0.38999999999999996,1.5,129.88504208418925,0.00483916874320048,True,False,False
7.08,0.12535989108518303,0.006535983171398908,0.018701104367282256,-0.061398822601242034,0.0,-0.0001416646151106472,0.20035989092398412,0.0,0.3900063573391083,0.07500000000000001,0.0,0.38999999999999996,1.5,129.88504294442612,0.00490929642649336,True,False,False
7.085,0.12545282543653058,0.003487387884129595,0.018798463956495457,-0.061398822601242034,0.0,-0.0001416646151106472,0.20045282404184,0.0,0.39001870656962306,0.07500000000000001,0.0,0.38999999999999996,1.5,129.885043785267,0.0049867251766645086,True,False,False
7.09,0.12554623749023536,0.0004246131453089824,0.01889315562312894,-0.061398822601242034,0.0,-0.0001416646151106472,0.20054623363448615,0.0,0.3900311151024593,0.07500000000000001,0.0,0.38999999999999996,1.5,129.88504460743093,0.005071336383190536,True,False,False
7.095,0.12564011387079296,0.002652145694947108,0.01898517013479515,-0.061398822601242034,0.0,-0.0001416646151106472,0.20064010631186782,0.0,0.39004358220251745,0.07500000000000001,0.0,0.38999999999999996,1.5,129.8850454115924,0.0051630106976513195,True,False,False
7.1000000000000005,0.12573444119548846,0.0057426888938170864,0.019074506934580245,-0.06031301069464109,0.0,-0.00012275280149281925,0.2007344286770123,0.0,0.39005610710340516,0.07500000000000001,0.0,0.38999999999999996,1.5,129.885215001103,0.0069734479871171986,True,False,False
7.105,0.12582920605639683,0.00884678493996612,0.019161161375201945,-0.06031301069464109,0.0,-0.00012275280149281925,0.20082918730800872,0.0,0.3900686890765451,0.07500000000000001,0.0,0.38999999999999996,1.5,129.88521562247635,0.0070174527330845475,True,False,False
7.11,0.12592439499396665,0.011964192750717242,0.0192451146286232,-0.06031301069464109,0.0,-0.00012275280149281925,0.20092436873162597,0.0,0.39008132735109935,0.07500000000000001,0.0,0.38999999999999996,1.5,129.8852162256531,0.007069775682102348,True,False,False
7.115,0.12601999447904094,0.015094685440914333,0.01932635328189639,-0.06031301069464109,0.0,-0.00012275280149281925,0.20101995940540057,0.0,0.3900940210545652,0.07500000000000001,0.0,0.38999999999999996,1.5,129.88521681133236,0.007130266363537578,True,False,False
7.12,0.1261159909183032,0.018238029460362713,0.019404864021828026,-0.06031301069464109,0.0,-0.00012275280149281925,0.2011159457230725,0.0,0.3901067692866288,0.07500000000000001,0.0,0.38999999999999996,1.5,129.8852173801654,0.007198775757690554,True,False,False
7.125,0.12621237065562557,0.02139398364529903,0.019480633728825494,-0.06031301069464109,0.0,-0.00012275280149281925,0.20121231401595333,0.0,0.3901195711144299,0.07500000000000001,0.0,0.38999999999999996,1.5,129.8852179327579,0.0072751557715697605,True,False,False
7.13,0.12630911997362165,0.024562298143118198,0.019553649547716954,-0.06031301069464109,0.0,-0.00012275280149281925,0.2013090505545004,0.0,0.39013242556932615,0.07500000000000001,0.0,0.38999999999999996,1.5,129.88521846967137,0.007359258914816585,True,False,False
7.135,0.1264062250953631,0.027742714054427298,0.01962389894118113,-0.06031301069464109,0.0,-0.00012275280149281925,0.20140614155005537,0.0,0.3901453316447682,0.07500000000000001,0.0,0.38999999999999996,1.5,129.8852189914251,0.007450938109922192,True,False,False
7.140000000000001,0.12650367218621664,0.03093496306869507,0.019691369730113404,-0.06031301069464109,0.0,-0.00012275280149281925,0.2015035731567034,0.0,0.3901582882950726,0.07500000000000001,0.0,0.38999999999999996,1.5,129.88521949849792,0.007550046592073127,True,False,False
7.1450000000000005,0.12660144735577575,0.03413876732214114,0.01975605012420495,-0.06031301069464109,0.0,-0.00012275280149281925,0.20160133147322684,0.0,0.39017129443483434,0.07500000000000001,0.0,0.38999999999999996,1.5,129.8852199913293,0.007656437868523314,True,False,False
7.15,0.12669953665986533,0.03735383938303181,0.019817928745191078,-0.05928478489272774,0.0,-0.00010170036662176645,0.20169940254513163,0.0,0.3901843489388387,0.07500000000000001,0.0,0.38999999999999996,1.5,129.8854205868542,0.00939102544919447,True,False,False
7.155,0.12679792611383434,0.04057986320652361,0.019877005619334788,-0.05928478489272774,0.0,-0.00010170036662176645,0.20179777237778737,0.0,0.39019745075389944,0.07500000000000001,0.0,0.38999999999999996,1.5,129.88542091931257,0.009453366585966967,True,False,False
7.16,0.12689660169798453,0.04381651387528998,0.01993326384201251,-0.05928478489272774,0.0,-0.00010170036662176645,0.20189642694200124,0.0,0.39021059878982756,0.07500000000000001,0.0,0.38999999999999996,1.5,129.88542123761593,0.009524084227290496,True,False,False
7.165,0.12699554934114693,0.04706348098532737,0.019986693783281818,-0.05928478489272774,0.0,-0.00010170036662176645,0.20199535215778247,0.0,0.39022379182401884,0.07500000000000001,0.0,0.38999999999999996,1.5,129.8854215421935,0.009603005853876571,True,False,False
7.17,0.12709475492621858,0.050320449067131116,0.020037285984050034,-0.05928478489272774,0.0,-0.00010170036662176645,0.20209453389974266,0.0,0.3902370286116272,0.07500000000000001,0.0,0.38999999999999996,1.5,129.88542183343455,0.009689961081339264,True,False,False
7.175,0.12719420429177278,0.05358709656923184,0.020085031241039965,-0.05928478489272774,0.0,-0.00010170036662176645,0.20219395799872597,0.0,0.3902503078815429,0.07500000000000001,0.0,0.38999999999999996,1.5,129.88542211169027,0.009784781139644943,True,False,False
7.18,0.12729388323384616,0.056863095239946336,0.020129920670081326,-0.05928478489272774,0.0,-0.00010170036662176645,0.20229361024361633,0.0,0.39026362833376155,0.07500000000000001,0.0,0.38999999999999996,1.5,129.8854223772755,0.009887298543267907,True,False,False
7.1850000000000005,0.12739377750786357,0.06014810971494197,0.020171945753039985,-0.05928478489272774,0.0,-0.00010170036662176645,0.20239347638328098,0.0,0.3902769886378124,0.07500000000000001,0.0,0.38999999999999996,1.5,129.88542263046992,0.009997346889509654,True,False,False
7.19,0.12749387283066566,0.063441797311178,0.020211098372466714,-0.05928478489272774,0.0,-0.00010170036662176645,0.20249354212861645,0.0,0.39029038743197564,0.07500000000000001,0.0,0.38999999999999996,1.5,129.88542287152,0.010114760742568032,True,False,False
7.195,0.1275941548826089,0.06674380799388088,0.020247370837058708,-0.05928478489272774,0.0,-0.00010170036662176645,0.20259379315466539,0.0,0.3903038233230858,0.07500000000000001,0.0,0.38999999999999996,1.5,129.8854231006399,0.010239375574768778,True,False,False
7.2,0.12769460930972004,0.07005378447940955,0.020280755900255226,-0.058336261512129346,0.0,-7.920276644837477e-05,0.2026942151027871,0.0,0.3903172948867939,0.07500000000000001,0.0,0.38999999999999996,1.5,129.8856474677497,0.011866456385806053,True,False,False
7.205,0.1277952217363245,0.07337134467636378,0.02031125896139956,-0.058336261512129346,0.0,-7.920276644837477e-05,0.20279479359293348,0.0,0.3903308008099654,0.07500000000000001,0.0,0.38999999999999996,1.5,129.88564755557755,0.011951314639162052,True,False,False
7.21,0.12789597777027048,0.0766961000706875,0.020338865737487367,-0.058336261512129346,0.0,-7.920276644837477e-05,0.2028955142291906,0.0,0.390344339751447,0.07500000000000001,0.0,0.38999999999999996,1.5,129.8856476317281,0.012044298400711502,True,False,False
7.215,0.12799686298797444,0.08002767718089408,0.020363570773146326,-0.058336261512129346,0.0,-7.920276644837477e-05,0.20299636258519235,0.0,0.39035791021538613,0.07500000000000001,0.0,0.38999999999999996,1.5,129.88564769638546,0.012145221578531495,True,False,False
7.22,0.12809786293984946,0.08336569970434972,0.020385368823465352,-0.058336261512129346,0.0,-7.920276644837477e-05,0.20309732420922044,0.0,0.39037151069207987,0.07500000000000001,0.0,0.38999999999999996,1.5,129.88564774970243,0.01225390062029514,True,False,False
7.2250000000000005,0.12819896315202875,0.08670978761531714,0.020404254929381676,-0.058336261512129346,0.0,-7.920276644837477e-05,0.20319838462594514,0.0,0.3903851396544942,0.07500000000000001,0.0,0.38999999999999996,1.5,129.88564779180183,0.01237015401824731,True,False,False
7.23,0.1283001491282402,0.09005955660121087,0.020420224473174563,-0.058336261512129346,0.0,-7.920276644837477e-05,0.203299529338315,0.0,0.39039879555605295,0.07500000000000001,0.0,0.38999999999999996,1.5,129.885647822778,0.012493801990728042,True,False,False
7.235,0.12840140635179736,0.09341461778391962,0.020433273218954662,-0.058336261512129346,0.0,-7.920276644837477e-05,0.20340074382956128,0.0,0.39041247682937597,0.07500000000000001,0.0,0.38999999999999996,1.5,129.8856478426981,0.012624666282511021,True,False,False
7.24,0.128502720287673,0.09677457751388444,0.02044339734190694,-0.058336261512129346,0.0,-7.920276644837477e-05,0.20350201356528316,0.0,0.3904261818857162,0.07500000000000001,0.0,0.38999999999999996,1.5,129.8856478516033,0.01276257004480302,True,False,False
7.245,0.12860407638462787,0.1001390374233192,0.020450593449137102,-0.058336261512129346,0.0,-7.920276644837477e-05,0.2036033239955865,0.0,0.39043990911494214,0.07500000000000001,0.0,0.38999999999999996,1.5,129.88564784950998,0.012907337768511346,True,False,False
7.25,0.12870546007737932,0.10350759451008747,0.020454858594261393,-0.05748193750970061,0.0,-5.599417207801001e-05,0.20370466055726097,0.0,0.39045365688589134,0.07500000000000001,0.0,0.38999999999999996,1.5,129.88588767379602,0.014405733291367752,True,False,False
7.255,0.12880685679829035,0.10687982543243026,0.020456203283258024,-0.05748193750970061,0.0,-5.599417207801001e-05,0.2038060086848773,0.0,0.3904674237120508,0.07500000000000001,0.0,0.38999999999999996,1.5,129.88588754566842,0.014515368416214296,True,False,False
7.26,0.12890825198219466,0.11025530299075674,0.020454616304109646,-0.05748193750970061,0.0,-5.599417207801001e-05,0.20390735381614253,0.0,0.3904812080889191,0.07500000000000001,0.0,0.38999999999999996,1.5,129.88588740687712,0.014632621274642913,True,False,False
7.265000000000001,0.12900963105302665,0.11363361549696903,0.02045009645143354,-0.05748193750970061,0.0,-5.599417207801001e-05,0.20400868137911765,0.0,0.3904950083427205,0.07500000000000001,0.0,0.38999999999999996,1.5,129.88588725740073,0.014757298906984222,True,False,False
7.2700000000000005,0.12911097942899305,0.11701435070302348,0.020442642746040567,-0.05748193750970061,0.0,-5.599417207801001e-05,0.20410997679682816,0.0,0.39050882279465937,0.07500000000000001,0.0,0.38999999999999996,1.5,129.88588709719514,0.014889211109036158,True,False,False
7.275,0.1292122825243017,0.12039709503105345,0.020432254500796356,-0.05748193750970061,0.0,-5.599417207801001e-05,0.20421122548900528,0.0,0.3905226497578666,0.07500000000000001,0.0,0.38999999999999996,1.5,129.8858869261939,0.01502816997744882,True,False,False
7.28,0.12931352575101868,0.12378143306636928,0.02041893136861535,-0.05748193750970061,0.0,-5.599417207801001e-05,0.204312412873953,0.0,0.390536487535449,0.07500000000000001,0.0,0.38999999999999996,1.5,129.88588674430986,0.015173989614581789,True,False,False
7.285,0.12941469452102086,0.12716694728736033,0.02040267337699136,-0.05748193750970061,0.0,-5.599417207801001e-05,0.20441352437050764,0.0,0.390550334419401,0.07500000000000001,0.0,0.38999999999999996,1.5,129.88588655143596,0.015326485940798688,True,False,False
7.29,0.12951577424801525,0.13055321793336652,0.020383480952452033,-0.05748193750970061,0.0,-5.599417207801001e-05,0.2045145454000623,0.0,0.3905641886901118,0.07500000000000001,0.0,0.38999999999999996,1.5,129.88588634744667,0.01548547657890483,True,False,False
7.295,0.12961675034959827,0.1339398230131241,0.02036135493750602,-0.05748193750970061,0.0,-5.599417207801001e-05,0.20461546138862907,0.0,0.3905780486163771,0.07500000000000001,0.0,0.38999999999999996,1.5,129.88588613219827,0.01565078078693355,True,False,False
7.3,0.12971760824934572,0.1373263383709053,0.02033629660201369,-0.05672877665980631,0.0,-3.28136858063525e-05,0.2047162577689301,0.0,0.39059191245570146,0.07500000000000001,0.0,0.38999999999999996,1.5,129.88613244206263,0.017009682975186794,True,False,False
7.305,0.12981833338740442,0.1407123239016898,0.02030832101888559,-0.05672877665980631,0.0,-3.28136858063525e-05,0.2048169199901496,0.0,0.39060577863480084,0.07500000000000001,0.0,0.38999999999999996,1.5,129.88613211239132,0.01714446276412388,True,False,False
7.3100000000000005,0.12991891122479704,0.14409733801404398,0.020277420328658653,-0.05672877665980631,0.0,-3.28136858063525e-05,0.20491743352299613,0.0,0.39061964557174034,0.07500000000000001,0.0,0.38999999999999996,1.5,129.8861317718243,0.017286145255644175,True,False,False
7.315,0.13001932723167536,0.14748095467183558,0.020243597431782716,-0.05672877665980631,0.0,-3.28136858063525e-05,0.20501778384877417,0.0,0.39063351150812115,0.07500000000000001,0.0,0.38999999999999996,1.5,129.88613142018227,0.017434536073809542,True,False,False
7.32,0.13011956689214013,0.1508627492610965,0.020206855455012343,-0.05672877665980631,0.0,-3.28136858063525e-05,0.20511795646339914,0.0,0.3906473746883362,0.07500000000000001,0.0,0.38999999999999996,1.5,129.88613105727015,0.017589443695511433,True,False,False
7.325,0.13021961570590593,0.15424229788169033,0.020167197808185402,-0.05672877665980631,0.0,-3.28136858063525e-05,0.2052179368790706,0.0,0.39066123335684855,0.07500000000000001,0.0,0.38999999999999996,1.5,129.88613068287793,0.017750679044958736,True,False,False
7.33,0.13031945919007232,0.1576191768992388,0.02012462822526505,-0.05672877665980631,0.0,-3.28136858063525e-05,0.20531771062604803,0.0,0.39067508575643106,0.07500000000000001,0.0,0.38999999999999996,1.5,129.88613029678197,0.017918055229038315,True,False,False
7.335,0.1304190828809729,0.16099296268501684,0.020079150793534322,-0.05672877665980631,0.0,-3.28136858063525e-05,0.2054172632545016,0.0,0.3906889301271607,0.07500000000000001,0.0,0.38999999999999996,1.5,129.88612989874545,0.018091387367642153,True,False,False
7.34,0.13051847233607675,0.16436323149230694,0.020030769973936036,-0.05672877665980631,0.0,-3.28136858063525e-05,0.20551658033641285,0.0,0.39070276470594784,0.07500000000000001,0.0,0.38999999999999996,1.5,129.88612948851952,0.018270492487820787,True,False,False
7.345,0.13061761313592216,0.1677295594216893,0.019979490614828663,-0.05672877665980631,0.0,-3.28136858063525e-05,0.20561564746750557,0.0,0.3907165877264699,0.07500000000000001,0.0,0.38999999999999996,1.5,129.88612906584393,0.018455189460765235,True,False,False
7.3500000000000005,0.13071649088606807,0.171091522484271,0.019925317960864188,-0.0560764113896429,0.0,-1.0367781868793793e-05,0.20571445026919277,0.0,0.39073039741938537,0.07500000000000001,0.0,0.38999999999999996,1.5,129.88637272143234,0.0196738617714672,True,False,False
7.355,0.1308150912265337,0.17444868465083835,0.019868270955770477,-0.0560764113896429,0.0,-1.0367781868793793e-05,0.20581297439695329,0.0,0.3907441921985487,0.07500000000000001,0.0,0.38999999999999996,1.5,129.88637219280642,0.01983229346541042,True,False,False
7.36,0.13091339983553862,0.17780061033836478,0.01980834527532977,-0.0560764113896429,0.0,-1.0367781868793793e-05,0.2059112055450401,0.0,0.3907579704769097,0.07500000000000001,0.0,0.38999999999999996,1.5,129.8863716521041,0.019996756107193987,True,False,False
7.365,0.1310114024193302,0.18114687911857838,0.019745547653265468,-0.0560764113896429,0.0,-1.0367781868793793e-05,0.20600912943733618,0.0,0.39077173049115965,0.07500000000000001,0.0,0.38999999999999996,1.5,129.8863710990372,0.02016705843308251,True,False,False
7.37,0.1311090847166061,0.18448707347812643,0.01967988504065147,-0.0560764113896429,0.0,-1.0367781868793793e-05,0.20610673183075076,0.0,0.39078547048690493,0.07500000000000001,0.0,0.38999999999999996,1.5,129.88637053330856,0.020343012061422684,True,False,False
7.375,0.1312064325000713,0.1878207781898562,0.01961136465435567,-0.0560764113896429,0.0,-1.0367781868793793e-05,0.2062039985167816,0.0,0.39079918871622576,0.07500000000000001,0.0,0.38999999999999996,1.5,129.8863699546125,0.020524431138846295,True,False,False
7.38,0.13130343157808583,0.19114757989843484,0.01953999401184542,-0.0560764113896429,0.0,-1.0367781868793793e-05,0.20630091532316294,0.0,0.3908128834360869,0.07500000000000001,0.0,0.38999999999999996,1.5,129.88636936263572,0.020711132108622722,True,False,False
7.385,0.13140006779637448,0.19446706686255705,0.019465780955732984,-0.0560764113896429,0.0,-1.0367781868793793e-05,0.20639746811557333,0.0,0.3908265529073787,0.07500000000000001,0.0,0.38999999999999996,1.5,129.8863687570581,0.02090293356137418,True,False,False
7.390000000000001,0.1314963270397774,0.1977788288315287,0.019388733670661015,-0.0560764113896429,0.0,-1.0367781868793793e-05,0.20649364279938126,0.0,0.3908401953944292,0.07500000000000001,0.0,0.38999999999999996,1.5,129.8863681375534,0.021099656141162135,True,False,False
7.3950000000000005,0.13159219523402516,0.20108245698449892,0.019308860694501603,-0.0560764113896429,0.0,-1.0367781868793793e-05,0.20658942532141322,0.0,0.39085380916486595,0.07500000000000001,0.0,0.38999999999999996,1.5,129.8863675037896,0.021301122488741123,True,False,False
7.4,0.1316876583475254,0.20437754395915875,0.019226170925351997,-0.055517533029303866,0.0,1.070729927182819e-05,0.20668480167173198,0.0,0.3908673924897062,0.07500000000000001,0.0,0.38999999999999996,1.5,129.886599704545,0.022388335566299877,True,False,False
7.405,0.13178270239968162,0.20766367360685067,0.019140686426427207,-0.055517533029303866,0.0,1.070729927182819e-05,0.2067797578907257,0.0,0.39088094382612026,0.07500000000000001,0.0,0.38999999999999996,1.5,129.88659897073973,0.022567141954099368,True,False,False
7.41,0.13187731346408677,0.21094043163973197,0.01905240653830127,-0.055517533029303866,0.0,1.070729927182819e-05,0.20687428007343298,0.0,0.39089446163627045,0.07500000000000001,0.0,0.38999999999999996,1.5,129.88659822307676,0.02275100419869866,True,False,False
7.415,0.13197147765979028,0.2142074181925612,0.01896134149804951,-0.055517533029303866,0.0,1.070729927182819e-05,0.20696835436199595,0.0,0.3909079442137001,0.07500000000000001,0.0,0.38999999999999996,1.5,129.88659746120805,0.022939737903359084,True,False,False
7.42,0.13206518115530802,0.21746423731719444,0.018867501746350053,-0.055517533029303866,0.0,1.070729927182819e-05,0.2070619669484769,0.0,0.39092138986521885,0.07500000000000001,0.0,0.38999999999999996,1.5,129.88659668478238,0.023133161546706617,True,False,False
7.425,0.1321584101700505,0.220710496434587,0.018770897968640406,-0.055517533029303866,0.0,1.070729927182819e-05,0.20715510407628873,0.0,0.3909347969087462,0.07500000000000001,0.0,0.38999999999999996,1.5,129.88659589344536,0.023331096177810408,True,False,False
7.43,0.132251150975827,0.2239458059374445,0.01867154112457254,-0.055517533029303866,0.0,1.070729927182819e-05,0.20724775204169782,0.0,0.39094816367183965,0.07500000000000001,0.0,0.38999999999999996,1.5,129.88659508684088,0.02353336521592094,True,False,False
7.4350000000000005,0.13234338989839853,0.2271697789603083,0.018569442468668845,-0.055517533029303866,0.0,1.070729927182819e-05,0.20733989719537185,0.0,0.3909614884908027,0.07500000000000001,0.0,0.38999999999999996,1.5,129.88659426461123,0.023739794320770773,True,False,False
7.44,0.1324351133190643,0.2303820312245704,0.018464613564415224,-0.055517533029303866,0.0,1.070729927182819e-05,0.20743152594395917,0.0,0.3909747697101757,0.07500000000000001,0.0,0.38999999999999996,1.5,129.8865934263977,0.023950211310301908,True,False,False
7.445,0.13252630767626455,0.23358218098236255,0.01835706629348927,-0.055517533029303866,0.0,1.070729927182819e-05,0.20752262475168246,0.0,0.39098800568252273,0.07500000000000001,0.0,0.38999999999999996,1.5,129.88659257184133,0.02416444611021735,True,False,False
7.45,0.1326169594671917,0.23676984899764647,0.018246812861399904,-0.055038520089836986,0.0,2.987940761846084e-05,0.2076131801419393,0.0,0.3910011947684289,0.07500000000000001,0.0,0.38999999999999996,1.5,129.8868053340718,0.02513759318223981,True,False,False
7.455,0.13270705525509557,0.23994464976333935,0.018133877720362936,-0.055038520089836986,0.0,2.987940761846084e-05,0.207703178703293,0.0,0.39101433550705716,0.07500000000000001,0.0,0.38999999999999996,1.5,129.88680438329226,0.025331857447964436,True,False,False
7.46,0.13279658167199782,0.24310620057469395,0.018018263976937485,-0.055038520089836986,0.0,2.987940761846084e-05,0.20779260709340772,0.0,0.39102742644672484,0.07500000000000001,0.0,0.38999999999999996,1.5,129.886803416658,0.025530155191463323,True,False,False
7.465,0.1328855254111735,0.24625413226525733,0.01789998503310389,-0.055038520089836986,0.0,2.987940761846084e-05,0.20788145203279398,0.0,0.39104046598210074,0.07500000000000001,0.0,0.38999999999999996,1.5,129.88680243380713,0.025732311873464767,True,False,False
7.47,0.13297387323076096,0.24938808020702322,0.017779054478272167,-0.055038520089836986,0.0,2.987940761846084e-05,0.20796970030713846,0.0,0.3910534525239745,0.07500000000000001,0.0,0.38999999999999996,1.5,129.88680143437972,0.02593815580591488,True,False,False
7.4750000000000005,0.13306161195504887,0.25250768377485605,0.01765548612455128,-0.055038520089836986,0.0,2.987940761846084e-05,0.20805733876859187,0.0,0.3910663844973483,0.07500000000000001,0.0,0.38999999999999996,1.5,129.88680041801717,0.02614751788857285,True,False,False
7.48,0.13314872847582648,0.25561258601963766,0.017529294031972814,-0.055038520089836986,0.0,2.987940761846084e-05,0.20814435433711662,0.0,0.39107926034009466,0.07500000000000001,0.0,0.38999999999999996,1.5,129.88679938436448,0.026360231435255663,True,False,False
7.485,0.13323520975377467,0.2587024334265913,0.017400492526165573,-0.055038520089836986,0.0,2.987940761846084e-05,0.20823073400187203,0.0,0.3910920785021046,0.07500000000000001,0.0,0.38999999999999996,1.5,129.8867983330696,0.026576132060505783,True,False,False
7.49,0.1333210428198837,0.2617768757627061,0.01726909621040666,-0.055038520089836986,0.0,2.987940761846084e-05,0.2083164648226238,0.0,0.39110483744477226,0.07500000000000001,0.0,0.38999999999999996,1.5,129.8867972637843,0.02679505760685095,True,False,False
7.495,0.13340621477688053,0.2648355660059279,0.017135119973512206,-0.055038520089836986,0.0,2.987940761846084e-05,0.20840153393116162,0.0,0.39111753564073487,0.07500000000000001,0.0,0.38999999999999996,1.5,129.88679617616458,0.027016848099281343,True,False,False
7.5,0.13349071280066338,0.26787816030468153,0.016998578994669288,-0.054620321507284325,0.0,4.6747470029850766e-05,0.20848592853272205,0.0,0.39113017157379704,0.07500000000000001,0.0,0.38999999999999996,1.5,129.88698274028056,0.027900720819316802,True,False,False
7.505,0.1335745241467654,0.2709043102820114,0.0168594994571999,-0.054620321507284325,0.0,4.6747470029850766e-05,0.2085696359111535,0.0,0.3911427438893778,0.07500000000000001,0.0,0.38999999999999996,1.5,129.88698155847723,0.028104106934779105,True,False,False
7.51,0.1336576361526802,0.2739136709423881,0.01671788832048084,-0.054620321507284325,0.0,4.6747470029850766e-05,0.20865264343245682,0.0,0.3911552512448835,0.07500000000000001,0.0,0.38999999999999996,1.5,129.88698035901675,0.02831051383146803,True,False,False
7.515000000000001,0.13374003623126737,0.2769059100198738,0.016573761837838152,-0.054620321507284325,0.0,4.6747470029850766e-05,0.20873493853943556,0.0,0.39116769216581576,0.07500000000000001,0.0,0.38999999999999996,1.5,129.8869791415649,0.02851977898422215,True,False,False
7.5200000000000005,0.13382171187397898,0.27988070008399624,0.01642713643308611,-0.054620321507284325,0.0,4.6747470029850766e-05,0.2088165087536524,0.0,0.39118006519562165,0.07500000000000001,0.0,0.38999999999999996,1.5,129.88697790579354,0.028731742687811073,True,False,False
7.525,0.1339026506520001,0.2828377180761525,0.016278028731775997,-0.054620321507284325,0.0,4.6747470029850766e-05,0.20889734167657098,0.0,0.391192368893923,0.07500000000000001,0.0,0.38999999999999996,1.5,129.8869766513809,0.028946247824220214,True,False,False
7.53,0.1339828402174428,0.2857766449824814,0.016126455583681868,-0.054620321507284325,0.0,4.6747470029850766e-05,0.20897742499074706,0.0,0.39120460183527883,0.07500000000000001,0.0,0.38999999999999996,1.5,129.88697537801224,0.029163139708121538,True,False,False
7.535,0.13406226830457108,0.28869716560028286,0.015972434078713627,-0.054620321507284325,0.0,4.6747470029850766e-05,0.20905674646104783,0.0,0.39121676260837723,0.07500000000000001,0.0,0.38999999999999996,1.5,129.88697408538013,0.02938226598502576,True,False,False
7.54,0.13414092273105008,0.2915989683999456,0.015815981557950227,-0.054620321507284325,0.0,4.6747470029850766e-05,0.20913529393589325,0.0,0.39122884981550526,0.07500000000000001,0.0,0.38999999999999996,1.5,129.88697277318474,0.0296034765648108,True,False,False
7.545,0.1342187913992012,0.29448174542740313,0.01565711562108222,-0.054620321507284325,0.0,4.6747470029850766e-05,0.2092130553485015,0.0,0.39124086207225545,0.07500000000000001,0.0,0.38999999999999996,1.5,129.88697144113473,0.02982662357895461,True,False,False
7.55,0.1342958622972604,0.2973451922578213,0.015495854131237014,-0.05423957671396667,0.0,6.105953707001037e-05,0.2092900187181362,0.0,0.3912527980074059,0.07500000000000001,0.0,0.38999999999999996,1.5,129.8871265812625,0.03065187204943112,True,False,False
7.555,0.1343721235052173,0.30018900095398887,0.015332224455728783,-0.05423957671396667,0.0,6.105953707001037e-05,0.2093661721547693,0.0,0.3912646563866404,0.07500000000000001,0.0,0.38999999999999996,1.5,129.8871251554853,0.03085691382911486,True,False,False
7.5600000000000005,0.13444756319687587,0.3030128672571082,0.015166237500806585,-0.05423957671396667,0.0,6.105953707001037e-05,0.20944150386224805,0.0,0.39127643598941536,0.07500000000000001,0.0,0.38999999999999996,1.5,129.88712371086976,0.031064028633192187,True,False,False
7.565,0.13452216963380426,0.30581649909884945,0.014997912116870992,-0.05423957671396667,0.0,6.105953707001037e-05,0.20951600213336227,0.0,0.39128813549104463,0.07500000000000001,0.0,0.38999999999999996,1.5,129.88712224714436,0.031273067184995444,True,False,False
7.57,0.13459593116822166,0.30859960937438735,0.014827267310512735,-0.05423957671396667,0.0,6.105953707001037e-05,0.20958965535157795,0.0,0.3912997535859262,0.07500000000000001,0.0,0.38999999999999996,1.5,129.88712076404752,0.031483882995931786,True,False,False
7.575,0.1346688362439853,0.31136191550763825,0.014654322274388752,-0.05423957671396667,0.0,6.105953707001037e-05,0.2096624519920268,0.0,0.3913112889858499,0.07500000000000001,0.0,0.38999999999999996,1.5,129.88711926132746,0.03169633215020563,True,False,False
7.58,0.13474087339762,0.31410313912625387,0.01447909640921011,-0.05423957671396667,0.0,6.105953707001037e-05,0.209734380622534,0.0,0.3913227404188268,0.07500000000000001,0.0,0.38999999999999996,1.5,129.88711773874283,0.03191027316065406,True,False,False
7.585,0.13481203125938043,0.3168230058439144,0.014301609339857493,-0.05423957671396667,0.0,6.105953707001037e-05,0.20980542990467624,0.0,0.39133410662826834,0.07500000000000001,0.0,0.38999999999999996,1.5,129.88711619606292,0.032125566872497756,True,False,False
7.59,0.13488229855432993,0.3195212451044727,0.014121880927189022,-0.05423957671396667,0.0,6.105953707001037e-05,0.20987558859485364,0.0,0.3913453863724542,0.07500000000000001,0.0,0.38999999999999996,1.5,129.887114633068,0.03234207639926794,True,False,False
7.595,0.13495166410342627,0.3221975900864306,0.013939931276741771,-0.05423957671396667,0.0,6.105953707001037e-05,0.209944845545367,0.0,0.3913565784242125,0.07500000000000001,0.0,0.38999999999999996,1.5,129.88711304954984,0.032559667080293786,True,False,False
7.6000000000000005,0.1350201168246089,0.32485177763950535,0.013755780745242837,-0.053869924980668796,0.0,7.272091669111545e-05,0.21001318970549543,0.0,0.3913676815707411,0.07500000000000001,0.0,0.38999999999999996,1.5,129.8872332719188,0.03336100614467396,True,False,False
7.605,0.13508764573826432,0.32748354140247515,0.013569457500642887,-0.053869924980668796,0.0,7.272091669111545e-05,0.21008061012601228,0.0,0.39137869470553704,0.07500000000000001,0.0,0.38999999999999996,1.5,129.8872315937531,0.033559448998268376,True,False,False
7.61,0.1351542399691532,0.33009261881443114,0.01338097656492097,-0.053869924980668796,0.0,7.272091669111545e-05,0.21014709596200698,0.0,0.3913896167369195,0.07500000000000001,0.0,0.38999999999999996,1.5,129.88722989661915,0.033759132692431096,True,False,False
7.615,0.1352198887404755,0.3326787593744923,0.013190359264860745,-0.053869924980668796,0.0,7.272091669111545e-05,0.21021263646783422,0.0,0.3914004465016129,0.07500000000000001,0.0,0.38999999999999996,1.5,129.88722818033466,0.03395992145011942,True,False,False
7.62,0.1352845813764709,0.3352417175877655,0.012997627083553244,-0.053869924980668796,0.0,7.272091669111545e-05,0.21027722099878196,0.0,0.3914111828562183,0.07500000000000001,0.0,0.38999999999999996,1.5,129.88722644472946,0.03416168225582178,True,False,False
7.625,0.13534830730324063,0.3377812525316837,0.01280280169348092,-0.053869924980668796,0.0,7.272091669111545e-05,0.21034083901189832,0.0,0.39142182467551034,0.07500000000000001,0.0,0.38999999999999996,1.5,129.88722468964644,0.03436428464302428,True,False,False
7.63,0.1354110560496118,0.34029712752100494,0.012605904982343357,-0.053869924980668796,0.0,7.272091669111545e-05,0.21040348006685666,0.0,0.39143237085123317,0.07500000000000001,0.0,0.38999999999999996,1.5,129.88722291494113,0.03456760055068812,True,False,False
7.635,0.13547281724803004,0.34278910988188604,0.012406959073651757,-0.053869924980668796,0.0,7.272091669111545e-05,0.2104651338268458,0.0,0.39144282029126926,0.07500000000000001,0.0,0.38999999999999996,1.5,129.88722112048222,0.03477150422624737,True,False,False
7.640000000000001,0.13553358063547327,0.34525697079330153,0.012205986343695942,-0.053869924980668796,0.0,7.272091669111545e-05,0.21052579005947913,0.0,0.3914531719190528,0.07500000000000001,0.0,0.38999999999999996,1.5,129.8872193061519,0.03497587215986747,True,False,False
7.6450000000000005,0.13559333605436974,0.3477004851733925,0.012003009436147552,-0.053869924980668796,0.0,7.272091669111545e-05,0.2105854386377059,0.0,0.39146342467320305,0.07500000000000001,0.0,0.38999999999999996,1.5,129.88721747184596,0.03518058303967255,True,False,False
7.65,0.13565207345351782,0.350119431608432,0.011798051275301593,-0.05348343665648721,0.0,8.179237259546976e-05,0.21064406954072315,0.0,0.39147357750731393,0.07500000000000001,0.0,0.38999999999999996,1.5,129.8873011001575,0.03599483413280651,True,False,False
7.655,0.1357097828934501,0.35251358511284886,0.011591140768388465,-0.05348343665648721,0.0,8.179237259546976e-05,0.21070167285870975,0.0,0.39148362944668835,0.07500000000000001,0.0,0.38999999999999996,1.5,129.88729916929128,0.03617800888203847,True,False,False
7.66,0.1357664545483612,0.3548827244837974,0.01138229752784897,-0.05348343665648721,0.0,8.179237259546976e-05,0.21075823879534508,0.0,0.3914935795319593,0.07500000000000001,0.0,0.38999999999999996,1.5,129.88729722079285,0.036361751176145915,True,False,False
7.665,0.13582207869982568,0.3572266409648975,0.011171545611670225,-0.05348343665648721,0.0,8.179237259546976e-05,0.2108137576620823,0.0,0.391503426768028,0.07500000000000001,0.0,0.38999999999999996,1.5,129.88729525458274,0.03654593800020431,True,False,False
7.67,0.13587664573917527,0.35954513083073486,0.010958909294241629,-0.05348343665648721,0.0,8.179237259546976e-05,0.21086821987990687,0.0,0.3915131701803251,0.07500000000000001,0.0,0.38999999999999996,1.5,129.88729327059556,0.036730449086249534,True,False,False
7.675,0.13593014616814408,0.36183799490205276,0.010744413114535672,-0.05348343665648721,0.0,8.179237259546976e-05,0.2109216159799909,0.0,0.3915228088129845,0.07500000000000001,0.0,0.38999999999999996,1.5,129.88729126878036,0.036915166688247604,True,False,False
7.68,0.1359825705995614,0.3641050382013293,0.010528081918578461,-0.05348343665648721,0.0,8.179237259546976e-05,0.21097393660439026,0.0,0.3915323417275409,0.07500000000000001,0.0,0.38999999999999996,1.5,129.88728924910055,0.03709997542924327,True,False,False
7.6850000000000005,0.1360339097580772,0.3663460697003188,0.010309940898689172,-0.05348343665648721,0.0,8.179237259546976e-05,0.2110251725067707,0.0,0.3915417680019921,0.07500000000000001,0.0,0.38999999999999996,1.5,129.88728721153436,0.037284762197204724,True,False,False
7.69,0.13608415448090788,0.36856090214141274,0.010090015631601454,-0.05348343665648721,0.0,8.179237259546976e-05,0.21107531455315154,0.0,0.3915510867301579,0.07500000000000001,0.0,0.38999999999999996,1.5,129.88728515607465,0.03746941607363322,True,False,False
7.695,0.13613329571859062,0.37074935191275704,0.009868332117316244,-0.05348343665648721,0.0,8.179237259546976e-05,0.2111243537226559,0.0,0.3915602970212453,0.07500000000000001,0.0,0.38999999999999996,1.5,129.88728308272928,0.03765382828419041,True,False,False
7.7,0.13618132453574033,0.3729112389649728,0.009644916820373451,-0.053052089464271236,0.0,8.847910701007634e-05,0.2111722811082622,0.0,0.3915693979995706,0.07500000000000001,0.0,0.38999999999999996,1.5,129.8873302376236,0.03851790014985084,True,False,False
7.705,0.13622823211659435,0.37504637867947005,0.009419800313825517,-0.053052089464271236,0.0,8.847910701007634e-05,0.21121908792210964,0.0,0.3915783888244897,0.07500000000000001,0.0,0.38999999999999996,1.5,129.88732806553108,0.038677107171816744,True,False,False
7.71,0.13627400976706736,0.3771545901168052,0.00919300849218421,-0.053052089464271236,0.0,8.847910701007634e-05,0.21126476549776751,0.0,0.3915872686707661,0.07500000000000001,0.0,0.38999999999999996,1.5,129.88732587897942,0.03883640117570007,True,False,False
7.715,0.1363186489076531,0.3792357057224143,0.008964569776819375,-0.053052089464271236,0.0,8.847910701007634e-05,0.21130930528328762,0.0,0.3915960367149567,0.07500000000000001,0.0,0.38999999999999996,1.5,129.88732367798988,0.0389956702434694,True,False,False
7.72,0.1363621410756468,0.3812895629910877,0.008734513141704871,-0.053052089464271236,0.0,8.847910701007634e-05,0.211352698843195,0.0,0.39160469215476845,0.07500000000000001,0.0,0.38999999999999996,1.5,129.8873214625985,0.03915480520908873,True,False,False
7.7250000000000005,0.13640447792560553,0.3833160039275506,0.0085028682296956,-0.053052089464271236,0.0,8.847910701007634e-05,0.21139493785896304,0.0,0.39161323420699573,0.07500000000000001,0.0,0.38999999999999996,1.5,129.88731923285658,0.039313699406006444,True,False,False
7.73,0.1364456512298641,0.38531487464865494,0.008269665474447463,-0.053052089464271236,0.0,8.847910701007634e-05,0.21143601412953844,0.0,0.39162166210602045,0.07500000000000001,0.0,0.38999999999999996,1.5,129.88731698883026,0.039472248495272526,True,False,False
7.735,0.13648565287909248,0.38728602509787236,0.008034936233606016,-0.053052089464271236,0.0,8.847910701007634e-05,0.2114759195719034,0.0,0.3916299751027189,0.07500000000000001,0.0,0.38999999999999996,1.5,129.88731473060093,0.03963035034810644,True,False,False
7.74,0.13652447488287592,0.3892293088329812,0.007798712939258566,-0.053052089464271236,0.0,8.847910701007634e-05,0.211514646221657,0.0,0.39163817246370924,0.07500000000000001,0.0,0.38999999999999996,1.5,129.887312458265,0.03978790496515108,True,False,False
7.745,0.136562109370309,0.39114458288965515,0.007561029272364503,-0.053052089464271236,0.0,8.847910701007634e-05,0.21155218623360827,0.0,0.39164625347082493,0.07500000000000001,0.0,0.38999999999999996,1.5,129.88731017193422,0.03994481442043064,True,False,False
7.75,0.13659854859059428,0.393031707673622,0.007321920369034974,-0.05254921262932406,0.0,9.311178711983295e-05,0.21158853188237203,0.0,0.39165421742077194,0.07500000000000001,0.0,0.38999999999999996,1.5,129.8873226576338,0.04089372782418131,True,False,False
7.755,0.1366337849190484,0.39489053744303987,0.007081424119883459,-0.05254921262932406,0.0,9.311178711983295e-05,0.2116236755685735,0.0,0.39166206360827416,0.07500000000000001,0.0,0.38999999999999996,1.5,129.88732027124294,0.041020611164774436,True,False,False
7.76,0.1366678108593946,0.3967209299624668,0.006839580507814913,-0.05254921262932406,0.0,9.311178711983295e-05,0.2116576098209296,0.0,0.3916697913432009,0.07500000000000001,0.0,0.38999999999999996,1.5,129.8873178756954,0.0411473165873313,True,False,False
7.765000000000001,0.13670061903539657,0.3985227578495486,0.006596431111652337,-0.05254921262932406,0.0,9.311178711983295e-05,0.21169032728757922,0.0,0.3916773999746937,0.07500000000000001,0.0,0.38999999999999996,1.5,129.8873154710915,0.0412737408019333,True,False,False
7.7700000000000005,0.13673220219300072,0.40029589880945954,0.006352020181891907,-0.05254921262932406,0.0,9.311178711983295e-05,0.21172182073842855,0.0,0.3916848888736789,0.07500000000000001,0.0,0.38999999999999996,1.5,129.88731305754652,0.041399783303269,True,False,False
7.775,0.13676255320060435,0.40204023500957475,0.00610639526000645,-0.05254921262932406,0.0,9.311178711983295e-05,0.21175208306544102,0.0,0.3916922574304333,0.07500000000000001,0.0,0.38999999999999996,1.5,129.8873106351903,0.041525346076629915,True,False,False
7.78,0.1367916650493941,0.40375565260152624,0.005859607938552463,-0.05254921262932406,0.0,9.311178711983295e-05,0.21178110728299135,0.0,0.39169950505278506,0.07500000000000001,0.0,0.38999999999999996,1.5,129.88730820416745,0.041650333398005814,True,False,False
7.785,0.1368195308537338,0.4054420413917565,0.005611714813382916,-0.05254921262932406,0.0,9.311178711983295e-05,0.2118088865282627,0.0,0.39170663116482524,0.07500000000000001,0.0,0.38999999999999996,1.5,129.88730576463732,0.041774651697778026,True,False,False
7.79,0.13684614385158342,0.40709929458941196,0.00536277869717558,-0.05254921262932406,0.0,9.311178711983295e-05,0.21183541406167136,0.0,0.3917136352059913,0.07500000000000001,0.0,0.38999999999999996,1.5,129.88730331677382,0.0418982094673126,True,False,False
7.795,0.13687149740493815,0.408727308636096,0.005112870189721674,-0.05254921262932406,0.0,9.311178711983295e-05,0.2118606832673082,0.0,0.39172051663041557,0.07500000000000001,0.0,0.38999999999999996,1.5,129.88730086076555,0.042020917194489686,True,False,False
7.8,0.13689558500027596,0.410325983084704,0.0048620697392283375,-0.0519508281134897,0.0,9.612124001498912e-05,0.2118846876533863,0.0,0.3917272749065087,0.07500000000000001,0.0,0.38999999999999996,1.5,129.88728197536597,0.04308597095090877,True,False,False
7.805000000000001,0.13691840025528607,0.41189520924212497,0.004610467520829034,-0.0519508281134897,0.0,9.612124001498912e-05,0.2119074208596233,0.0,0.3917339094649674,0.07500000000000001,0.0,0.38999999999999996,1.5,129.88727942043587,0.043172864902811685,True,False,False
7.8100000000000005,0.13693993692149586,0.41343488168258086,0.004358177976234395,-0.0519508281134897,0.0,9.612124001498912e-05,0.2119288766592115,0.0,0.39174041975101204,0.07500000000000001,0.0,0.38999999999999996,1.5,129.88727686395495,0.0432595430202708,True,False,False
7.815,0.1369601888742216,0.41494491177455417,0.00410533235845151,-0.0519508281134897,0.0,9.612124001498912e-05,0.2119490489479896,0.0,0.3917468052849711,0.07500000000000001,0.0,0.38999999999999996,1.5,129.88727430605934,0.04334590754448041,True,False,False
7.82,0.13697915011471037,0.41642521603876054,0.0038520902196439804,-0.0519508281134897,0.0,9.612124001498912e-05,0.211967931747241,0.0,0.3917530656095817,0.07500000000000001,0.0,0.38999999999999996,1.5,129.887271746899,0.043431863568718976,True,False,False
7.825,0.13699681477021367,0.4178757153861082,0.00359864957256221,-0.0519508281134897,0.0,9.612124001498912e-05,0.21198551920379863,0.0,0.39175920028704897,0.07500000000000001,0.0,0.38999999999999996,1.5,129.88726918663772,0.04351731869044251,True,False,False
7.83,0.13701317709414604,0.4192963345607496,0.0033452615926913595,-0.0519508281134897,0.0,9.612124001498912e-05,0.21200180559022624,0.0,0.3917652088968972,0.07500000000000001,0.0,0.38999999999999996,1.5,129.88726662545312,0.04360218277545359,True,False,False
7.835,0.13702823146630838,0.4206870017355894,0.003092252391833596,-0.0519508281134897,0.0,9.612124001498912e-05,0.21201678530505683,0.0,0.3917710910344055,0.07500000000000001,0.0,0.38999999999999996,1.5,129.8872640635363,0.04368636779785832,True,False,False
7.84,0.1370419723931517,0.42204764822146107,0.002840056080068764,-0.0519508281134897,0.0,9.612124001498912e-05,0.21203045287306688,0.0,0.39177684630949117,0.07500000000000001,0.0,0.38999999999999996,1.5,129.88726150109198,0.0437697877311853,True,False,False
7.845,0.1370543945080687,0.42337820825245615,0.0025892663417321155,-0.0519508281134897,0.0,9.612124001498912e-05,0.2120428029455741,0.0,0.3917824743459249,0.07500000000000001,0.0,0.38999999999999996,1.5,129.88725893833836,0.04385235847405207,True,False,False
7.8500000000000005,0.13706549257169975,0.42467861884965113,0.002340719262279408,-0.05123682920129915,0.0,9.800866259506313e-05,0.21205383030074687,0.0,0.39178797478079613,0.07500000000000001,0.0,0.38999999999999996,1.5,129.8872132255749,0.045059519740184434,True,False,False
7.855,0.13707526147961624,0.4259488062409818,0.0020956167818694748,-0.05123682920129915,0.0,9.800866259506313e-05,0.2120635298523847,0.0,0.3917933471804453,0.07500000000000001,0.0,0.38999999999999996,1.5,129.8872105693839,0.045099753897361414,True,False,False
7.86,0.13708369626535535,0.4271886996276494,0.001855801256707825,-0.05123682920129915,0.0,9.800866259506313e-05,0.21207189665185974,0.0,0.3917985911247656,0.07500000000000001,0.0,0.38999999999999996,1.5,129.88720792156863,0.04513996100393672,True,False,False
7.865,0.13709079208833483,0.4283982473380385,0.001624125615120882,-0.05123682920129915,0.0,9.800866259506313e-05,0.2120789258747855,0.0,0.39180370630151157,0.07500000000000001,0.0,0.38999999999999996,1.5,129.88720528223456,0.045180045316913726,True,False,False
7.87,0.13709654423607337,0.4295774029182286,0.0014051926823329148,-0.05123682920129915,0.0,9.800866259506313e-05,0.21208461282433694,0.0,0.3918086924214089,0.07500000000000001,0.0,0.38999999999999996,1.5,129.88720265149996,0.045219914053278465,True,False,False
7.875,0.13710094812407195,0.4307261242187422,0.0012066042068388666,-0.05123682920129915,0.0,9.800866259506313e-05,0.21208895293117405,0.0,0.3918135492146104,0.07500000000000001,0.0,0.38999999999999996,1.5,129.8872000294958,0.04525947697792469,True,False,False
7.88,0.1371039992957948,0.4318443727389471,0.001040798801677242,-0.05123682920129915,0.0,9.800866259506313e-05,0.21209194175345322,0.0,0.3918182764281305,0.07500000000000001,0.0,0.38999999999999996,1.5,129.88719741636575,0.04529864612540137,True,False,False
7.885,0.13710569342273599,0.43293211313485264,0.0009263457469675592,-0.05123682920129915,0.0,9.800866259506313e-05,0.21209357497691564,0.0,0.3918228738239623,0.07500000000000001,0.0,0.38999999999999996,1.5,129.88719481226593,0.045337335612179425,True,False,False
7.890000000000001,0.1371060263045347,0.4339893128748003,0.0008842224030761525,-0.05123682920129915,0.0,9.800866259506313e-05,0.21209384841501805,0.0,0.39182734117772783,0.07500000000000001,0.0,0.38999999999999996,1.5,129.88719221736505,0.04537546151005044,True,False,False
7.8950000000000005,0.1371049938691331,0.4350159419921334,0.000925095071620675,-0.05123682920129915,0.0,9.800866259506313e-05,0.21209275800910093,0.0,0.39183167827773313,0.07500000000000001,0.0,0.38999999999999996,1.5,129.88718963184414,0.0454129417608291,True,False,False
7.9,0.1371025921729478,0.4360119729135702,0.0010398359961752055,-0.05039195003258994,0.0,9.931329291915046e-05,0.21209029982856664,0.0,0.39183588492432087,0.07500000000000001,0.0,0.38999999999999996,1.5,129.88712259206832,0.04678152548056101,True,False,False
7.905,0.1370988174097033,0.43697736438270285,0.001208046923650252,-0.05039195003258994,0.0,9.931329291915046e-05,0.21208647008121456,0.0,0.39183996081790645,0.07500000000000001,0.0,0.38999999999999996,1.5,129.88711992493674,0.046769677919941896,True,False,False
7.91,0.1370936659139231,0.4379120777647412,0.00141117348623432,-0.05039195003258994,0.0,9.931329291915046e-05,0.21208126511523825,0.0,0.39184390567115795,0.07500000000000001,0.0,0.38999999999999996,1.5,129.88711727825708,0.04675820751571724,True,False,False
7.915,0.13708713414653365,0.4388160961702527,0.0016366074154902238,-0.05039195003258994,0.0,9.931329291915046e-05,0.21207468140315308,0.0,0.3918477193330667,0.07500000000000001,0.0,0.38999999999999996,1.5,129.88711465201644,0.04674701683400055,True,False,False
7.92,0.13707921869724213,0.43968940798609957,0.0018766103098312426,-0.05039195003258994,0.0,9.931329291915046e-05,0.2120667155456798,0.0,0.39185140167603844,0.07500000000000001,0.0,0.38999999999999996,1.5,129.8871120462142,0.046736011552184945,True,False,False
7.925,0.13706991628422496,0.4405320058005539,0.002126492747599403,-0.05039195003258994,0.0,9.931329291915046e-05,0.2120573642714866,0.0,0.39185495259170466,0.07500000000000001,0.0,0.38999999999999996,1.5,129.88710946086206,0.04672509997502363,True,False,False
7.930000000000001,0.13705922375394503,0.441343885621602,0.0023833500064249277,-0.05039195003258994,0.0,9.931329291915046e-05,0.21204662443704592,0.0,0.3918583719878596,0.07500000000000001,0.0,0.38999999999999996,1.5,129.8871068959838,0.04671419270913476,True,False,False
7.9350000000000005,0.13704713808106486,0.4421250463074062,0.002645321565553694,-0.05039195003258994,0.0,9.931329291915046e-05,0.2120344930265761,0.0,0.39186165978624765,0.07500000000000001,0.0,0.38999999999999996,1.5,129.8871043516154,0.04670320244467775,True,False,False
7.94,0.13703365636843282,0.44287548915260183,0.00291117242532589,-0.05039195003258994,0.0,9.931329291915046e-05,0.21202096715204827,0.0,0.39186481592095307,0.07500000000000001,0.0,0.38999999999999996,1.5,129.88710182780486,0.04669204380941863,True,False,False
7.945,0.13701877584710961,0.443595217601538,0.0031800541147977515,-0.05039195003258994,0.0,9.931329291915046e-05,0.21200604405322743,0.0,0.3918678403372824,0.07500000000000001,0.0,0.38999999999999996,1.5,129.88709932461148,0.046680633271712874,True,False,False
7.95,0.1370024938764272,0.4442842370462877,0.003451364763856371,-0.04940649378565899,0.0,0.00010057948482477841,0.2119897210977411,0.0,0.3918707329909915,0.07500000000000001,0.0,0.38999999999999996,1.5,129.88701710169212,0.04822231617612889,True,False,False
7.955,0.13698480795410944,0.4449425360793449,0.0037246514668745024,-0.04940649378565899,0.0,0.00010057948482477841,0.2119719957930439,0.0,0.39187349371352265,0.07500000000000001,0.0,0.38999999999999996,1.5,129.88701453686497,0.048154407864406466,True,False,False
7.96,0.13696571572024632,0.44557010550531395,0.003999595326394545,-0.04940649378565899,0.0,0.00010057948482477841,0.21195286578855713,0.0,0.39187612234696734,0.07500000000000001,0.0,0.38999999999999996,1.5,129.88701200633884,0.04808739327997758,True,False,False
7.965,0.13694521484692865,0.4461668476298006,0.004275961082843407,-0.04940649378565899,0.0,0.00010057948482477841,0.2119323287691586,0.0,0.3918786184621971,0.07500000000000001,0.0,0.38999999999999996,1.5,129.88700951106668,0.048007111672265235,True,False,False
7.97,0.13692330289035506,0.4467322931787332,0.004553553640506239,-0.04940649378565899,0.0,0.00010057948482477841,0.2119103823231163,0.0,0.3918809802077752,0.07500000000000001,0.0,0.38999999999999996,1.5,129.88700705509672,0.04790743612892892,True,False,False
7.9750000000000005,0.13689997756663747,0.44726584650062723,0.004832204236792209,-0.04940649378565899,0.0,0.00010057948482477841,0.21188702420530023,0.0,0.3918832052366617,0.07500000000000001,0.0,0.38999999999999996,1.5,129.8870046422749,0.04779198758936894,True,False,False
7.98,0.1368752368175519,0.447766899524668,0.005111773637375872,-0.04940649378565899,0.0,0.00010057948482477841,0.21186225239687934,0.0,0.3918852911482879,0.07500000000000001,0.0,0.38999999999999996,1.5,129.88700227574463,0.047663415689742805,True,False,False
7.985,0.1368490788127672,0.4482348705633018,0.005392143579814173,-0.04940649378565899,0.0,0.00010057948482477841,0.2118360651054094,0.0,0.3918872356427158,0.07500000000000001,0.0,0.38999999999999996,1.5,129.88699995812829,0.04752369263673169,True,False,False
7.99,0.13682150194715867,0.44866922690931194,0.00567321123745291,-0.04940649378565899,0.0,0.00010057948482477841,0.2118084607608754,0.0,0.39188903661064617,0.07500000000000001,0.0,0.38999999999999996,1.5,129.88699769165163,0.04737430991528625,True,False,False
7.995,0.13679250483526162,0.4490694964000244,0.0059548855383348,-0.04940649378565899,0.0,0.00010057948482477841,0.2117794380094698,0.0,0.39189069217978156,0.07500000000000001,0.0,0.38999999999999996,1.5,129.88699547823379,0.04721641152988535,True,False,False
8.0,0.13676208630432987,0.44943527183138365,0.006237084642525282,-0.0482516053294864,0.0,0.0001027093797001657,0.2117489957063657,0.0,0.3918922007328373,0.07500000000000001,0.0,0.38999999999999996,1.5,129.8869072546944,0.04887140335499339,True,False,False
8.005,0.13673024548579749,0.44976629661331063,0.006519698903248506,-0.0482516053294864,0.0,0.0001027093797001657,0.21171713300355163,0.0,0.3918935611676464,0.07500000000000001,0.0,0.38999999999999996,1.5,129.8869050573707,0.048643984276039026,True,False,False
8.01,0.1366969817464718,0.4500624631282329,0.006802688684332898,-0.0482516053294864,0.0,0.0001027093797001657,0.21168384928004721,0.0,0.3918947729638622,0.07500000000000001,0.0,0.38999999999999996,1.5,129.8869029332956,0.04841345113028743,True,False,False
8.015,0.13666229454482381,0.4503236666777857,0.007085993508553436,-0.0482516053294864,0.0,0.0001027093797001657,0.2116491440049868,0.0,0.39189583568923125,0.07500000000000001,0.0,0.38999999999999996,1.5,129.8869008829215,0.048179842945592036,True,False,False
8.02,0.13662618350171857,0.4505498377950632,0.007369557232562531,-0.0482516053294864,0.0,0.0001027093797001657,0.21161301680761635,0.0,0.3918967490522511,0.07500000000000001,0.0,0.38999999999999996,1.5,129.88689890667195,0.047943185277180736,True,False,False
8.025,0.1365886483970405,0.45074093686346545,0.0076533274035298455,-0.0482516053294864,0.0,0.0001027093797001657,0.2115754674742006,0.0,0.39189751288109537,0.07500000000000001,0.0,0.38999999999999996,1.5,129.88689700494453,0.04770349103024492,True,False,False
8.03,0.136549689166753,0.4508969498183033,0.007937254722749974,-0.0482516053294864,0.0,0.0001027093797001657,0.21153649594530907,0.0,0.39189812710677346,0.07500000000000001,0.0,0.38999999999999996,1.5,129.8868951781136,0.04746076172707942,True,False,False
8.035,0.13650930590034335,0.451017884711947,0.008221292598692117,-0.0482516053294864,0.0,0.0001027093797001657,0.21149610231344138,0.0,0.39189859174970887,0.07500000000000001,0.0,0.38999999999999996,1.5,129.88689342653356,0.0472149889727493,True,False,False
8.040000000000001,0.13646749883857198,0.451103768949362,0.008505396774218958,-0.0482516053294864,0.0,0.0001027093797001657,0.21145428682092407,0.0,0.3918989069088916,0.07500000000000001,0.0,0.38999999999999996,1.5,129.88689175054049,0.04696615595834971,True,False,False
8.045,0.13642426837146446,0.4511546470061161,0.008789525015049761,-0.0482516053294864,0.0,0.0001027093797001657,0.21141104985802375,0.0,0.3918990727529822,0.07500000000000001,0.0,0.38999999999999996,1.5,129.88689015045472,0.0467142389089106,True,False,False
8.05,0.13637961503650198,0.45117057854906456,0.00907363684871767,-0.046937138307746734,0.0,0.00010613753595936848,0.2113663919612394,0.0,0.391899089512924,0.07500000000000001,0.0,0.38999999999999996,1.5,129.8868029949846,0.04853128738123314,True,False,False
8.055,0.1363335396296037,0.45115173446020274,0.009357647138789893,-0.046937138307746734,0.0,0.00010613753595936848,0.21132031392010117,0.0,0.3918989577830486,0.07500000000000001,0.0,0.38999999999999996,1.5,129.88680148140566,0.048210553363456095,True,False,False
8.06,0.13628604313363454,0.4510983967727381,0.009641553284916,-0.046937138307746734,0.0,0.00010613753595936848,0.21127281670467793,0.0,0.39189867859211364,0.07500000000000001,0.0,0.38999999999999996,1.5,129.88680006409277,0.04789035429090995,True,False,False
8.065,0.13623712656134274,0.4510107961077692,0.009925323289732451,-0.046937138307746734,0.0,0.00010613753595936848,0.21122390131629404,0.0,0.39189825284403984,0.07500000000000001,0.0,0.38999999999999996,1.5,129.8867987423088,0.04757019879212824,True,False,False
8.07,0.13618679104204764,0.4508891530997836,0.010208925899440117,-0.046937138307746734,0.0,0.00010613753595936848,0.21117356887299035,0.0,0.39189768140721837,0.07500000000000001,0.0,0.38999999999999996,1.5,129.88679751540917,0.047249680192688284,True,False,False
8.075,0.13613503782335268,0.45073367722883756,0.010492330467948747,-0.046937138307746734,0.0,0.00010613753595936848,0.2111218206113111,0.0,0.39189696510977645,0.07500000000000001,0.0,0.38999999999999996,1.5,129.8867963828225,0.04692845732191772,True,False,False
8.08,0.13608186827276705,0.4505445668710917,0.01077550685208992,-0.046937138307746734,0.0,0.00010613753595936848,0.21106865788793247,0.0,0.3918961047395977,0.07500000000000001,0.0,0.38999999999999996,1.5,129.88679534403624,0.04660624058454888,True,False,False
8.085,0.13602728387919608,0.4503220100862703,0.011058425332159975,-0.046937138307746734,0.0,0.00010613753595936848,0.21101408218111758,0.0,0.3918951010473298,0.07500000000000001,0.0,0.38999999999999996,1.5,129.88679439858515,0.046282781685751326,True,False,False
8.09,0.1359712862542523,0.4500661857978156,0.011341056552459315,-0.046937138307746734,0.0,0.00010613753595936848,0.21095809509197067,0.0,0.3918939547509079,0.07500000000000001,0.0,0.38999999999999996,1.5,129.88679354604173,0.04595786591456946,True,False,False
8.095,0.13591387713335923,0.4497772651419902,0.011623371477257333,-0.046937138307746734,0.0,0.00010613753595936848,0.21090069834547376,0.0,0.3918926665407341,0.07500000000000001,0.0,0.38999999999999996,1.5,129.88679278600887,0.04563130624633782,True,False,False
8.1,0.13585505837664683,0.449455412823308,0.01190534135845115,-0.04551276164350718,0.0,0.00011071450470549355,0.21084189379131363,0.0,0.3918912370849757,0.07500000000000001,0.0,0.38999999999999996,1.5,129.8867101687581,0.04754828197040016,True,False,False
8.105,0.135794832091764,0.44910089420094995,0.012186884093650362,-0.04551276164350718,0.0,0.00011071450470549355,0.21078168352186916,0.0,0.39188966737743675,0.07500000000000001,0.0,0.38999999999999996,1.5,129.8867095717557,0.04715017510022444,True,False,False
8.11,0.13573320055851232,0.44871407785616324,0.012468010730291402,-0.04551276164350718,0.0,0.00011071450470549355,0.21072006979577637,0.0,0.3918879588149436,0.07500000000000001,0.0,0.38999999999999996,1.5,129.88670908872768,0.04675401845323407,True,False,False
8.115,0.13567016606045829,0.44829526175776563,0.012748698717984829,-0.04551276164350718,0.0,0.00011071450470549355,0.21065705487798217,0.0,0.3918861125906113,0.07500000000000001,0.0,0.38999999999999996,1.5,129.8867087181148,0.04635920880828525,True,False,False
8.120000000000001,0.13560573098055867,0.44784472016581023,0.013028925271277754,-0.04551276164350718,0.0,0.00011071450470549355,0.2105926411337903,0.0,0.39188412980837467,0.07500000000000001,0.0,0.38999999999999996,1.5,129.88670845848884,0.04596524874692595,True,False,False
8.125,0.1355398978044356,0.44736270412906737,0.013308667330592655,-0.04551276164350718,0.0,0.00011071450470549355,0.21052683103211856,0.0,0.39188201148467233,0.07500000000000001,0.0,0.38999999999999996,1.5,129.88670830852723,0.045571723504279356,True,False,False
8.13,0.13547266912336883,0.4468494430447535,0.013587901555662548,-0.04551276164350718,0.0,0.00011071450470549355,0.21045962714841251,0.0,0.3918797585543988,0.07500000000000001,0.0,0.38999999999999996,1.5,129.8867082669925,0.04517828390193741,True,False,False
8.135,0.13540404763699088,0.446305146832634,0.01386660433932074,-0.04551276164350718,0.0,0.00011071450470549355,0.21039103216722832,0.0,0.39187737187926225,0.07500000000000001,0.0,0.38999999999999996,1.5,129.88670833271658,0.04478463355229827,True,False,False
8.14,0.1353340361556483,0.44573000834496695,0.014144751833280336,-0.04551276164350718,0.0,0.00011071450470549355,0.21032104888446684,0.0,0.39187485225712704,0.07500000000000001,0.0,0.38999999999999996,1.5,129.88670850458774,0.0443905190960252,True,False,False
8.145,0.13526263760242427,0.44512420580268763,0.014422319980244225,-0.04551276164350718,0.0,0.00011071450470549355,0.21024968020926796,0.0,0.39187220043144877,0.07500000000000001,0.0,0.38999999999999996,1.5,129.88670878154025,0.0439957226291634,True,False,False
8.15,0.1351898550148365,0.444487905118369,0.014699284548601515,-0.04401789237101183,0.0,0.00011647159200683326,0.2101769291655851,0.0,0.39186941710030104,0.07500000000000001,0.0,0.38999999999999996,1.5,129.8866357303609,0.04595652801142161,True,False,False
8.155,0.13511569167444948,0.44382137306153346,0.014975562614223331,-0.04401789237101183,0.0,0.00011647159200683326,0.21010279901657028,0.0,0.3918665032957689,0.07500000000000001,0.0,0.38999999999999996,1.5,129.8866362498857,0.04548868492176824,True,False,False
8.16,0.13504015102829453,0.44312498062122446,0.015251171861531793,-0.04401789237101183,0.0,0.00011647159200683326,0.21002729318501492,0.0,0.39186346045641535,0.07500000000000001,0.0,0.38999999999999996,1.5,129.88663689637158,0.04502389469884441,True,False,False
8.165000000000001,0.1349632365126093,0.44239902113993396,0.015526093863988797,-0.04401789237101183,0.0,0.00011647159200683326,0.20995041508601142,0.0,0.39186028978165666,0.07500000000000001,0.0,0.38999999999999996,1.5,129.88663766743636,0.044561518421957505,True,False,False
8.17,0.13488495165371486,0.441643760062127,0.015800309615474944,-0.04401789237101183,0.0,0.00011647159200683326,0.20987216822599272,0.0,0.3918569923652303,0.07500000000000001,0.0,0.38999999999999996,1.5,129.88663856085444,0.04410103042257667,True,False,False
8.175,0.13480530007186045,0.44085943589045484,0.0160737995133287,-0.04401789237101183,0.0,0.00011647159200683326,0.209792556206528,0.0,0.39185356919868986,0.07500000000000001,0.0,0.38999999999999996,1.5,129.88663957452707,0.04364199350891156,True,False,False
8.18,0.1347242854847274,0.44004626221405935,0.016346543380432132,-0.04401789237101183,0.0,0.00011647159200683326,0.20971158272771911,0.0,0.3918500211791274,0.07500000000000001,0.0,0.38999999999999996,1.5,129.8866407064595,0.04318404065051412,True,False,False
8.185,0.1346419117105833,0.4392044303156729,0.01661852050948233,-0.04401789237101183,0.0,0.00011647159200683326,0.20962925159121373,0.0,0.3918463491192573,0.07500000000000001,0.0,0.38999999999999996,1.5,129.88664195474263,0.04272686121078668,True,False,False
8.19,0.13455818267105274,0.43833411199877004,0.016889709718475997,-0.04401789237101183,0.0,0.00011647159200683326,0.20954556670282393,0.0,0.39184255375833704,0.07500000000000001,0.0,0.38999999999999996,1.5,129.88664331753816,0.04227019041779058,True,False,False
8.195,0.13447310239350418,0.4374354623919022,0.017160089410417242,-0.04401789237101183,0.0,0.00011647159200683326,0.20946053207476104,0.0,0.39183863577307215,0.07500000000000001,0.0,0.38999999999999996,1.5,129.8866447930669,0.041813801179745376,True,False,False
8.2,0.1343866750130714,0.4365086226121102,0.01742963762305271,-0.04249505900286655,0.0,0.000123366903225185,0.2093741518275139,0.0,0.3918345957879369,0.07500000000000001,0.0,0.38999999999999996,1.5,129.8865857575797,0.043758060857128314,True,False,False
8.205,0.13429890490504334,0.43555383536843173,0.01769827089067229,-0.04249505900286655,0.0,0.000123366903225185,0.20928643031679128,0.0,0.3918304347755205,0.07500000000000001,0.0,0.38999999999999996,1.5,129.88658755069648,0.043229199553381836,True,False,False
8.21,0.13420979662202956,0.43457146884535086,0.017965997621513248,-0.04249505900286655,0.0,0.000123366903225185,0.20919737206883604,0.0,0.3918261541952772,0.07500000000000001,0.0,0.38999999999999996,1.5,129.88658947748246,0.042707560905633046,True,False,False
8.215,0.13411935480441725,0.43356195891347954,0.01823277267600172,-0.04249505900286655,0.0,0.000123366903225185,0.20910698169343184,0.0,0.39182175580984335,0.07500000000000001,0.0,0.38999999999999996,1.5,129.88659153263956,0.04219927621188679,True,False,False
8.22,0.13402758422397903,0.4325258422195835,0.0184985780561518,-0.04249505900286655,0.0,0.000123366903225185,0.2090152639263666,0.0,0.39181724177315524,0.07500000000000001,0.0,0.38999999999999996,1.5,129.88659371023178,0.04170386334829261,True,False,False
8.225,0.13393448972520447,0.43146369052492306,0.01876339865590438,-0.04249505900286655,0.0,0.000123366903225185,0.20892222357420706,0.0,0.3918126143801163,0.07500000000000001,0.0,0.38999999999999996,1.5,129.88659600452252,0.041220862635133707,True,False,False
8.23,0.13384007621625493,0.4303760912738354,0.01902722137712432,-0.04249505900286655,0.0,0.000123366903225185,0.20882786550631582,0.0,0.3918078759903198,0.07500000000000001,0.0,0.38999999999999996,1.5,129.88659840996382,0.04074984367802735,True,False,False
8.235,0.13374434866285476,0.4292636331923108,0.019290034520892122,-0.04249505900286655,0.0,0.000123366903225185,0.2087321946495283,0.0,0.39180302897146224,0.07500000000000001,0.0,0.38999999999999996,1.5,129.88660092119014,0.0402903981336252,True,False,False
8.24,0.13364731208436284,0.4281268957840393,0.01955182733422634,-0.04249505900286655,0.0,0.000123366903225185,0.20863521598479481,0.0,0.39179807565811975,0.07500000000000001,0.0,0.38999999999999996,1.5,129.886603533013,0.039842134822537824,True,False,False
8.245000000000001,0.1335489715514245,0.42696644182021626,0.019812589672197227,-0.04249505900286655,0.0,0.000123366903225185,0.20853693454523847,0.0,0.39179301832224095,0.07500000000000001,0.0,0.38999999999999996,1.5,129.88660624041637,0.03940467642315641,True,False,False
8.25,0.13344933218477442,0.42578281207580654,0.020072311745640704,-0.0410091943580773,0.0,0.00013094925708779622,0.20843735541524022,0.0,0.3917878591524868,0.07500000000000001,0.0,0.38999999999999996,1.5,129.8865623113543,0.04131994603244924,True,False,False
8.255,0.1333483991703771,0.4245764937564742,0.020330978767282713,-0.0410091943580773,0.0,0.00013094925708779622,0.20833648374754932,0.0,0.39178260010707666,0.07500000000000001,0.0,0.38999999999999996,1.5,129.8865653473802,0.04081894953828569,True,False,False
8.26,0.13324617776519188,0.42334794691075894,0.02058857994488643,-0.0410091943580773,0.0,0.00013094925708779622,0.20823432476735118,0.0,0.39177724303940425,0.07500000000000001,0.0,0.38999999999999996,1.5,129.88656849427693,0.04032990298877723,True,False,False
8.265,0.13314267327190765,0.4220976367317711,0.02084510543489696,-0.0410091943580773,0.0,0.00013094925708779622,0.2081308837449954,0.0,0.39177178984828254,0.07500000000000001,0.0,0.38999999999999996,1.5,129.88657174638413,0.03985242878668352,True,False,False
8.27,0.1330378910441116,0.42082600398966064,0.021100545505116693,-0.0410091943580773,0.0,0.00013094925708779622,0.20802616600301788,0.0,0.3917662423396695,0.07500000000000001,0.0,0.38999999999999996,1.5,129.88657509822556,0.039386159703199974,True,False,False
8.275,0.13293183648667867,0.41953346298812216,0.021354890398682182,-0.0410091943580773,0.0,0.00013094925708779622,0.20792017691663217,0.0,0.39176060221864056,0.07500000000000001,0.0,0.38999999999999996,1.5,129.8865785445059,0.0389307377254442,True,False,False
8.28,0.13282451505658371,0.41822040037785957,0.021608130232633284,-0.0410091943580773,0.0,0.00013094925708779622,0.20781292191459663,0.0,0.391754871084693,0.07500000000000001,0.0,0.38999999999999996,1.5,129.88658208010796,0.03848581327994784,True,False,False
8.285,0.13271593226402997,0.4168871746062987,0.02186025492235825,-0.0410091943580773,0.0,0.00013094925708779622,0.20770440648036295,0.0,0.39174905042957586,0.07500000000000001,0.0,0.38999999999999996,1.5,129.88658570008965,0.03805104470925405,True,False,False
8.290000000000001,0.13260609367380924,0.4155341158484456,0.022111254125460344,-0.0410091943580773,0.0,0.00013094925708779622,0.2075946361534301,0.0,0.3917431416369758,0.07500000000000001,0.0,0.38999999999999996,1.5,129.886589399681,0.03762609791797335,True,False,False
8.295,0.1324950049068262,0.4141615262860218,0.02236111720027578,-0.0410091943580773,0.0,0.00013094925708779622,0.20748361653084346,0.0,0.39173714598359605,0.07500000000000001,0.0,0.38999999999999996,1.5,129.88659317428102,0.03721064613161451,True,False,False
8.3,0.132382671641742,0.41276968065022535,0.022609833175521458,-0.03961470845906491,0.0,0.00013881498237992067,0.20737135326879869,0.0,0.3917310646412512,0.07500000000000001,0.0,0.38999999999999996,1.5,129.8865646062298,0.03900261452533072,True,False,False
8.305,0.1322690996313109,0.41135880068640235,0.022857385803249912,-0.03961470845906491,0.0,0.00013881498237992067,0.20725785210042103,0.0,0.39172489856536874,0.07500000000000001,0.0,0.38999999999999996,1.5,129.88656870311695,0.03852630962227808,True,False,False
8.31,0.13215429470926282,0.409929082977476,0.023103762330783664,-0.03961470845906491,0.0,0.00013881498237992067,0.2071431188410644,0.0,0.3917186486141805,0.07500000000000001,0.0,0.38999999999999996,1.5,129.8865728893843,0.03806063864184258,True,False,False
8.315,0.13203826276767905,0.40848073151755826,0.023348950529457953,-0.03961470845906491,0.0,0.00013881498237992067,0.20702715936386307,0.0,0.3917123156881147,0.07500000000000001,0.0,0.38999999999999996,1.5,129.8865771598138,0.037605265784882796,True,False,False
8.32,0.13192100976276655,0.40701393166924676,0.023592938048927956,-0.03961470845906491,0.0,0.00013881498237992067,0.20690997960697313,0.0,0.39170590061723476,0.07500000000000001,0.0,0.38999999999999996,1.5,129.886581509368,0.037159864368981194,True,False,False
8.325,0.1318025417158662,0.40552884950587764,0.023835712341648715,-0.03961470845906491,0.0,0.00013881498237992067,0.20679158557460492,0.0,0.39169940415859256,0.07500000000000001,0.0,0.38999999999999996,1.5,129.88658593318797,0.036724115989140806,True,False,False
8.33,0.13168286471467633,0.40402563164426336,0.024077260609294857,-0.03961470845906491,0.0,0.00013881498237992067,0.20667198333824444,0.0,0.3916928269955412,0.07500000000000001,0.0,0.38999999999999996,1.5,129.88659042658838,0.036297709937547995,True,False,False
8.335,0.13156198491463955,0.40250440543204163,0.02431756976557109,-0.03961470845906491,0.0,0.00013881498237992067,0.20655117903801962,0.0,0.39168616973841835,0.07500000000000001,0.0,0.38999999999999996,1.5,129.88659498505424,0.03588034279699387,True,False,False
8.34,0.1314399085404344,0.400965279402901,0.02455662641127739,-0.03961470845906491,0.0,0.00013881498237992067,0.2064291788841575,0.0,0.39167943292628754,0.07500000000000001,0.0,0.38999999999999996,1.5,129.88659960423718,0.03547171815011193,True,False,False
8.345,0.13131664188753184,0.3994083439252605,0.024794416818559685,-0.03961470845906491,0.0,0.00013881498237992067,0.20630598915849627,0.0,0.391672617029432,0.07500000000000001,0.0,0.38999999999999996,1.5,129.88660427995157,0.035071546365526424,True,False,False
8.35,0.13119219132378365,0.39783367199357006,0.02503092692207369,-0.03833208102818305,0.0,0.00014701589766495505,0.2061816162160224,0.0,0.39166572245241044,0.07500000000000001,0.0,0.38999999999999996,1.5,129.8865937421656,0.036701462216367865,True,False,False
8.355,0.13106656330454533,0.39624129595938284,0.025266137591024435,-0.03833208102818305,0.0,0.00014701589766495505,0.20605606650110062,0.0,0.39165874944566176,0.07500000000000001,0.0,0.38999999999999996,1.5,129.8865987226188,0.03624479053154425,True,False,False
8.36,0.13093976437888083,0.3946312332607478,0.025500033288650126,-0.03833208102818305,0.0,0.00014701589766495505,0.20592934655242648,0.0,0.39165169820228746,0.07500000000000001,0.0,0.38999999999999996,1.5,129.88660377262056,0.035797652224388916,True,False,False
8.365,0.13081180116857902,0.3930035164656487,0.025732598775686354,-0.03833208102818305,0.0,0.00014701589766495505,0.20580146298057964,0.0,0.3916445689732887,0.07500000000000001,0.0,0.38999999999999996,1.5,129.88660888741424,0.03535974938407355,True,False,False
8.370000000000001,0.13068268037341274,0.39135816938068335,0.02596381872366552,-0.03833208102818305,0.0,0.00014701589766495505,0.20567242247442236,0.0,0.3916373619775842,0.07500000000000001,0.0,0.38999999999999996,1.5,129.88661406241675,0.03493079241452647,True,False,False
8.375,0.13055240877188698,0.3896952064720288,0.02619367765470984,-0.03833208102818305,0.0,0.00014701589766495505,0.20554223180186923,0.0,0.391630077399672,0.07500000000000001,0.0,0.38999999999999996,1.5,129.8866192932145,0.034510499229162675,True,False,False
8.38,0.13042099322215234,0.3880146326974608,0.026422159900783924,-0.03833208102818305,0.0,0.00014701589766495505,0.2054108978108015,0.0,0.391622715388909,0.07500000000000001,0.0,0.38999999999999996,1.5,129.88662457555867,0.034098594684713726,True,False,False
8.385,0.1302884406630324,0.38631644364077294,0.026649249577340668,-0.03833208102818305,0.0,0.00014701589766495505,0.20527842743007974,0.0,0.39161527605998697,0.07500000000000001,0.0,0.38999999999999996,1.5,129.8866299053619,0.03369481017626559,True,False,False
8.39,0.13015475811511876,0.38460062587164534,0.026874930567592405,-0.03833208102818305,0.0,0.00014701589766495505,0.2051448276706134,0.0,0.3916077594942701,0.07500000000000001,0.0,0.38999999999999996,1.5,129.88663527869417,0.033298883340737884,True,False,False
8.395,0.13001995268189426,0.38286715746017486,0.027099186514618696,-0.03833208102818305,0.0,0.00014701589766495505,0.20501010562645083,0.0,0.3916001657417663,0.07500000000000001,0.0,0.38999999999999996,1.5,129.88664069177875,0.032910557833292414,True,False,False
8.4,0.12988403155086112,0.38111600860930195,0.02732200081925427,-0.037177705636484475,0.0,0.00015554330416653464,0.20487426847586898,0.0,0.391592494823537,0.07500000000000001,0.0,0.38999999999999996,1.5,129.88664943553079,0.03434933173978399,True,False,False
8.405,0.12974700200691466,0.379347120623887,0.027543352127312667,-0.037177705636484475,0.0,0.00015554330416653464,0.20473732349552515,0.0,0.39158474666738174,0.07500000000000001,0.0,0.38999999999999996,1.5,129.8866551256222,0.03391015563096342,True,False,False
8.41,0.12960887143748692,0.3775604289464143,0.027763222914990743,-0.037177705636484475,0.0,0.00015554330416653464,0.20459927806471304,0.0,0.3915769211788194,0.07500000000000001,0.0,0.38999999999999996,1.5,129.88666086675346,0.033479565499683506,True,False,False
8.415000000000001,0.1294696473132037,0.37575589005513943,0.02798159573629623,-0.037177705636484475,0.0,0.00015554330416653464,0.2044601396449483,0.0,0.39156901832871366,0.07500000000000001,0.0,0.38999999999999996,1.5,129.88666665464274,0.033057296945006705,True,False,False
8.42,0.1293293371923202,0.3739334598439453,0.02819845314696462,-0.037177705636484475,0.0,0.00015554330416653464,0.2043199157852129,0.0,0.3915610380873953,0.07500000000000001,0.0,0.38999999999999996,1.5,129.88667248517078,0.03264309284991067,True,False,False
8.425,0.12918794872099112,0.37209309295618737,0.028413777653596987,-0.037177705636484475,0.0,0.00015554330416653464,0.2041786141222549,0.0,0.39155298042196257,0.07500000000000001,0.0,0.38999999999999996,1.5,129.88667835437673,0.03223670264227496,True,False,False
8.43,0.12904548963367193,0.37023474247700167,0.028627551680057366,-0.037177705636484475,0.0,0.00015554330416653464,0.20403624238100138,0.0,0.3915448452950369,0.07500000000000001,0.0,0.38999999999999996,1.5,129.88668425845364,0.03183788177329784,True,False,False
8.435,0.12890196775361146,0.3683583598922814,0.02883975754655388,-0.037177705636484475,0.0,0.00015554330416653464,0.20389280837505033,0.0,0.39153663266451283,0.07500000000000001,0.0,0.38999999999999996,1.5,129.88669019374507,0.03144639134311995,True,False,False
8.44,0.12875739099338807,0.3664638952401031,0.029050377458003446,-0.037177705636484475,0.0,0.00015554330416653464,0.20374832000719653,0.0,0.3915283424841091,0.07500000000000001,0.0,0.38999999999999996,1.5,129.88669615674087,0.031061997826048567,True,False,False
8.445,0.12861176735546392,0.36455129739863584,0.029259393499169433,-0.037177705636484475,0.0,0.00015554330416653464,0.2036027852699695,0.0,0.3915199747044262,0.07500000000000001,0.0,0.38999999999999996,1.5,129.88670214407318,0.03068447286330932,True,False,False
8.45,0.12846510493273228,0.3626205144635068,0.029466787634724476,-0.036165255971817925,0.0,0.00016430440677952412,0.20345621224616053,0.0,0.39151152927436705,0.07500000000000001,0.0,0.38999999999999996,1.5,129.88672984557758,0.03190961737385582,True,False,False
8.455,0.12831741191988644,0.3606714751557843,0.029672537438938346,-0.036165255971817925,0.0,0.00016430440677952412,0.20330860912065565,0.0,0.3915030061013253,0.07500000000000001,0.0,0.38999999999999996,1.5,129.88673607297756,0.03148788607367713,True,False,False
8.46,0.12816869661737595,0.35870410882340575,0.029876624567246237,-0.036165255971817925,0.0,0.00016430440677952412,0.20315998418386172,0.0,0.3914944050954402,0.07500000000000001,0.0,0.38999999999999996,1.5,129.88674233400644,0.03107387558503792,True,False,False
8.465,0.1280189674138835,0.35671836883177255,0.030079030522743223,-0.036165255971817925,0.0,0.00016430440677952412,0.20301034581349628,0.0,0.3914857262285043,0.07500000000000001,0.0,0.38999999999999996,1.5,129.88674862487767,0.03066734997848583,True,False,False
8.47,0.12786823278983658,0.35471421344181053,0.030279736909680235,-0.036165255971817925,0.0,0.00016430440677952412,0.20285970247858942,0.0,0.3914769694927246,0.07500000000000001,0.0,0.38999999999999996,1.5,129.88675494195445,0.030268079581366413,True,False,False
8.475,0.12771650131716789,0.3526916050373023,0.030478725389494813,-0.036165255971817925,0.0,0.00016430440677952412,0.20270806273928263,0.0,0.3914681348976167,0.07500000000000001,0.0,0.38999999999999996,1.5,129.88676128174595,0.029875840330736054,True,False,False
8.48,0.12756378165918725,0.35065050966581207,0.030675977651859462,-0.036165255971817925,0.0,0.00016430440677952412,0.20255543524672415,0.0,0.3914592224681543,0.07500000000000001,0.0,0.38999999999999996,1.5,129.88676764090297,0.029490413318227646,True,False,False
8.485,0.1274100825705284,0.34859089681018574,0.030871475396724486,-0.036165255971817925,0.0,0.00016430440677952412,0.2024018287430281,0.0,0.3914502322438206,0.07500000000000001,0.0,0.38999999999999996,1.5,129.88677401621456,0.029111584465155476,True,False,False
8.49,0.12725541289713432,0.346512739336694,0.031065200324367787,-0.036165255971817925,0.0,0.00016430440677952412,0.2022472520612647,0.0,0.39144116427832143,0.07500000000000001,0.0,0.38999999999999996,1.5,129.8867804046038,0.028739144285996242,True,False,False
8.495000000000001,0.12709978157625534,0.3444160135487914,0.03125713413124649,-0.036165255971817925,0.0,0.00016430440677952412,0.20209171412545826,0.0,0.3914320186397576,0.07500000000000001,0.0,0.38999999999999996,1.5,129.88678680312432,0.028372887712016476,True,False,False
8.5,0.12694319763644074,0.3423006993307791,0.0314472585100299,-0.035306159494929795,0.0,0.00017312804896446658,0.2019352239505747,0.0,0.39142279541112146,0.07500000000000001,0.0,0.38999999999999996,1.5,129.88683170850896,0.02936689931076873,True,False,False
8.505,0.12678567020680273,0.340166764207781,0.03163555116342578,-0.035306159494929795,0.0,0.00017312804896446658,0.20177779065196697,0.0,0.3914134946742679,0.07500000000000001,0.0,0.38999999999999996,1.5,129.88683830223215,0.028963809175364633,True,False,False
8.51,0.12662720851980583,0.3380141801210444,0.03182199407731274,-0.035306159494929795,0.0,0.00017312804896446658,0.20161942344795827,0.0,0.39140411652829205,0.07500000000000001,0.0,0.38999999999999996,1.5,129.88684491325114,0.028567592132432335,True,False,False
8.515,0.12646782189583305,0.33584294308138124,0.032006568841074376,-0.035306159494929795,0.0,0.00017312804896446658,0.20146013164407,0.0,0.39139466112035637,0.07500000000000001,0.0,0.38999999999999996,1.5,129.8868515383028,0.028178036850488614,True,False,False
8.52,0.1263075197457889,0.33365305679124074,0.03218925722891323,-0.035306159494929795,0.0,0.00017312804896446658,0.2012999246358264,0.0,0.39138512862847813,0.07500000000000001,0.0,0.38999999999999996,1.5,129.88685817425954,0.027794937360792894,True,False,False
8.525,0.1261463115704268,0.33144453180898636,0.032370041161855864,-0.035306159494929795,0.0,0.00017312804896446658,0.20113881190812555,0.0,0.39137551925821545,0.07500000000000001,0.0,0.38999999999999996,1.5,129.88686481812567,0.027418092515248044,True,False,False
8.53,0.12598420695977242,0.32921738499465586,0.032548902682478474,-0.035306159494929795,0.0,0.00017312804896446658,0.20097680303469406,0.0,0.39136583324043184,0.07500000000000001,0.0,0.38999999999999996,1.5,129.88687146703307,0.02704730560768319,True,False,False
8.535,0.1258212155926152,0.32697163915275546,0.032725823938928277,-0.035306159494929795,0.0,0.00017312804896446658,0.20081390767760096,0.0,0.39135607082980817,0.07500000000000001,0.0,0.38999999999999996,1.5,129.88687811823834,0.026682384106051508,True,False,False
8.540000000000001,0.12565734723603267,0.32470732280469866,0.03290078717569644,-0.035306159494929795,0.0,0.00017312804896446658,0.20065013558679778,0.0,0.39134623230395715,0.07500000000000001,0.0,0.38999999999999996,1.5,129.88688476911872,0.026323139459937406,True,False,False
8.545,0.1254926117449319,0.3224244700889566,0.033073774729265745,-0.035306159494929795,0.0,0.00017312804896446658,0.2004854965996718,0.0,0.3913363179629038,0.07500000000000001,0.0,0.38999999999999996,1.5,129.8868914171689,0.025969386959346648,True,False,False
8.55,0.12532701906158547,0.32012312071080196,0.033244769027253596,-0.0346093667917044,0.0,0.0001817881323897181,0.2003200006405901,0.0,0.39132632812889767,0.07500000000000001,0.0,0.38999999999999996,1.5,129.886950660557,0.026719381724654174,True,False,False
8.555,0.12516057922278462,0.31780330688851444,0.0334137489370827,-0.0346093667917044,0.0,0.0001817881323897181,0.20015365772799554,0.0,0.3913162631525221,0.07500000000000001,0.0,0.38999999999999996,1.5,129.88695745279128,0.026336653693303333,True,False,False
8.56,0.12499330236155598,0.3154650667863757,0.03358069772415006,-0.0346093667917044,0.0,0.0001817881323897181,0.1999864779761887,0.0,0.3913061234072829,0.07500000000000001,0.0,0.38999999999999996,1.5,129.88696424723193,0.025959923470159046,True,False,False
8.565,0.12482519869411388,0.31310846029949524,0.033745598005499866,-0.0346093667917044,0.0,0.0001817881323897181,0.19981847158223753,0.0,0.3912959092943458,0.07500000000000001,0.0,0.38999999999999996,1.5,129.88697104116645,0.025589002343953095,True,False,False
8.57,0.12465627852162105,0.3107335556452829,0.033908432640448634,-0.0346093667917044,0.0,0.0001817881323897181,0.1996496488276935,0.0,0.3912856212477429,0.07500000000000001,0.0,0.38999999999999996,1.5,129.88697783200178,0.02522370623726036,True,False,False
8.575000000000001,0.12448655222920844,0.3083404285541835,0.03406918469862246,-0.0346093667917044,0.0,0.0001817881323897181,0.19948002007765572,0.0,0.39127525973114263,0.07500000000000001,0.0,0.38999999999999996,1.5,129.886984617261,0.024863855273397763,True,False,False
8.58,0.12431603028507472,0.30592916168795664,0.03422783743835237,-0.0346093667917044,0.0,0.0001817881323897181,0.19930959577990437,0.0,0.39126482523551664,0.07500000000000001,0.0,0.38999999999999996,1.5,129.88699139457938,0.02450927347589941,True,False,False
8.585,0.12414472323964561,0.30349984422151155,0.03438437429263538,-0.0346093667917044,0.0,0.0001817881323897181,0.19913838646408738,0.0,0.3912543182774298,0.07500000000000001,0.0,0.38999999999999996,1.5,129.8869981617014,0.024159788557934044,True,False,False
8.59,0.12397264172476578,0.30105257153626974,0.03453877886058513,-0.0346093667917044,0.0,0.0001817881323897181,0.19896640274093408,0.0,0.3912437393978128,0.07500000000000001,0.0,0.38999999999999996,1.5,129.88700491647748,0.02381523177272273,True,False,False
8.595,0.12379979645290516,0.2985874450101533,0.03469103490284081,-0.0346093667917044,0.0,0.0001817881323897181,0.1987936553014796,0.0,0.3912330891610918,0.07500000000000001,0.0,0.38999999999999996,1.5,129.88701165685958,0.02347543780541865,True,False,False
8.6,0.12362619821637195,0.2961045718675602,0.03484112633980968,-0.03408091653804241,0.0,0.00019003082002707705,0.1986201549162939,0.0,0.3912223681545216,0.07500000000000001,0.0,0.38999999999999996,1.5,129.88708161899248,0.023973311352139877,True,False,False
8.605,0.12345185789238576,0.2936040551878065,0.034989033992335744,-0.03408091653804241,0.0,0.00019003082002707705,0.19844591244031026,0.0,0.39121157701408776,0.07500000000000001,0.0,0.38999999999999996,1.5,129.88708844860503,0.023612663541316848,True,False,False
8.61,0.12327678644385683,0.29108600395424306,0.035134743080603145,-0.03408091653804241,0.0,0.00019003082002707705,0.19827093881387958,0.0,0.3912007163982555,0.07500000000000001,0.0,0.38999999999999996,1.5,129.88709526684684,0.02325708947968235,True,False,False
8.615,0.12310099490897938,0.28855054490474297,0.03527823793165942,-0.03408091653804241,0.0,0.00019003082002707705,0.1980952450525519,0.0,0.39118978696948914,0.07500000000000001,0.0,0.38999999999999996,1.5,129.88710207157268,0.022906422910648986,True,False,False
8.620000000000001,0.12292449440223387,0.2859978122858369,0.03541950314452483,-0.03408091653804241,0.0,0.00019003082002707705,0.19791884224783995,0.0,0.39117878941947487,0.07500000000000001,0.0,0.38999999999999996,1.5,129.88710886073898,0.02256050162133729,True,False,False
8.625,0.12274729611322413,0.2834279471429258,0.03555852356489216,-0.03408091653804241,0.0,0.00019003082002707705,0.1977417415660962,0.0,0.39116772446629505,0.07500000000000001,0.0,0.38999999999999996,1.5,129.88711563240025,0.02221916711690677,True,False,False
8.63,0.12256941130558034,0.2808410967916458,0.03569528426775302,-0.03408091653804241,0.0,0.00019003082002707705,0.19756395424744827,0.0,0.3911565928522753,0.07500000000000001,0.0,0.38999999999999996,1.5,129.8871223847063,0.021882264395301144,True,False,False
8.635,0.12239085131590849,0.2782374143986923,0.035829770545814654,-0.03408091653804241,0.0,0.00019003082002707705,0.1973854916047754,0.0,0.39114539534234793,0.07500000000000001,0.0,0.38999999999999996,1.5,129.88712911589863,0.021549641790003567,True,False,False
8.64,0.12221162755276947,0.2756170586812332,0.03596196790212003,-0.03408091653804241,0.0,0.00019003082002707705,0.19720636502271058,0.0,0.39113413272277414,0.07500000000000001,0.0,0.38999999999999996,1.5,129.88713582430768,0.02122115085880247,True,False,False
8.645,0.12203175149567387,0.2729801936561705,0.03609186204569852,-0.03408091653804241,0.0,0.00019003082002707705,0.19702658595665568,0.0,0.39112280580014064,0.07500000000000001,0.0,0.38999999999999996,1.5,129.88714250835017,0.02089664630371366,True,False,False
8.65,0.12185123469408193,0.27032698845026343,0.03621943888938638,-0.0337236165514101,0.0,0.0001975966672324278,0.19684616593179954,0.0,0.39111141540056515,0.07500000000000001,0.0,0.38999999999999996,1.5,129.88721912737148,0.02113925596271421,True,False,False
8.655,0.12167008877046037,0.2676576104808677,0.03634468174411633,-0.0337236165514101,0.0,0.0001975966672324278,0.19666511654580052,0.0,0.3910999624123065,0.07500000000000001,0.0,0.38999999999999996,1.5,129.88722584420964,0.02080208619462871,True,False,False
8.66,0.12148832542024916,0.2649722321579458,0.0364675781893067,-0.0337236165514101,0.0,0.0001975966672324278,0.1964834494691716,0.0,0.3910884477422431,0.07500000000000001,0.0,0.38999999999999996,1.5,129.88723253789382,0.02046901735671195,True,False,False
8.665000000000001,0.12130595640428506,0.2622710387799657,0.03658811469358105,-0.0337236165514101,0.0,0.0001975966672324278,0.19630117643805448,0.0,0.3910768722776109,0.07500000000000001,0.0,0.38999999999999996,1.5,129.8872392068443,0.02013990677032814,True,False,False
8.67,0.12112299354911554,0.2595542215770107,0.036706278003373394,-0.0337236165514101,0.0,0.0001975966672324278,0.1961183092541578,0.0,0.3910652369282377,0.07500000000000001,0.0,0.38999999999999996,1.5,129.88724584956333,0.019814615297815336,True,False,False
8.675,0.12093944874576022,0.2568219771534415,0.036822055125149224,-0.0337236165514101,0.0,0.0001975966672324278,0.19593485978355057,0.0,0.3910535426243533,0.07500000000000001,0.0,0.38999999999999996,1.5,129.88725246463218,0.019493007119793574,True,False,False
8.68,0.12075533394851756,0.25407450707195683,0.03693543331305943,-0.0337236165514101,0.0,0.0001975966672324278,0.19575083995549605,0.0,0.39104179031488134,0.07500000000000001,0.0,0.38999999999999996,1.5,129.88725905070828,0.019174949580203018,True,False,False
8.685,0.12057066117380659,0.2513120175136564,0.03704640006056524,-0.0337236165514101,0.0,0.0001975966672324278,0.19556626176131697,0.0,0.3910299809660721,0.07500000000000001,0.0,0.38999999999999996,1.5,129.88726560652262,0.018860313077089217,True,False,False
8.69,0.1203854424990272,0.24853471900618032,0.03715494309494684,-0.0337236165514101,0.0,0.0001975966672324278,0.19538113725327666,0.0,0.3910181155604121,0.07500000000000001,0.0,0.38999999999999996,1.5,129.88727213087688,0.01854897098421165,True,False,False
8.695,0.12019969006143569,0.24574282621142074,0.03726105037389247,-0.0337236165514101,0.0,0.0001975966672324278,0.19519547854347338,0.0,0.39100619509571255,0.07500000000000001,0.0,0.38999999999999996,1.5,129.88727862264108,0.01824079959340003,True,False,False
8.700000000000001,0.12001341605702472,0.24293655773363754,0.03736471008357822,-0.03353698636823405,0.0,0.00020423480052423972,0.19500929780273765,0.0,0.39099422058435185,0.07500000000000001,0.0,0.38999999999999996,1.5,129.8873576275522,0.01822990787908946,True,False,False
8.705,0.1198266327416269,0.24011613252493513,0.03746590835066373,-0.03353698636823405,0.0,0.00020423480052423972,0.1948226072612887,0.0,0.39098219310917093,0.07500000000000001,0.0,0.38999999999999996,1.5,129.88736409662224,0.017917159206692148,True,False,False
8.71,0.1196393524301848,0.23728177327076616,0.03756463529418856,-0.03353698636823405,0.0,0.00020423480052423972,0.19463541920850205,0.0,0.3909701137664954,0.07500000000000001,0.0,0.38999999999999996,1.5,129.88737053276978,0.017607505161427364,True,False,False
8.715,0.11945158749209912,0.2344337104309098,0.03766087975329858,-0.03353698636823405,0.0,0.00020423480052423972,0.19444774598870357,0.0,0.3909579836119496,0.07500000000000001,0.0,0.38999999999999996,1.5,129.88737693495705,0.017300828392788518,True,False,False
8.72,0.11926335035091049,0.2315721785639257,0.03775463083342185,-0.03353698636823405,0.0,0.00020423480052423972,0.1942596000003959,0.0,0.3909458037162065,0.07500000000000001,0.0,0.38999999999999996,1.5,129.88738330220758,0.016997014623120966,True,False,False
8.725,0.11907465348305739,0.22869741599658755,0.03784587789681677,-0.03353698636823405,0.0,0.00020423480052423972,0.1940709936950393,0.0,0.39093357516360727,0.07500000000000001,0.0,0.38999999999999996,1.5,129.88738963360385,0.01669595252235119,True,False,False
8.73,0.11888550941665896,0.22580966453854381,0.03793461055602128,-0.03353698636823405,0.0,0.00020423480052423972,0.19388193957585423,0.0,0.39092129905104167,0.07500000000000001,0.0,0.38999999999999996,1.5,129.88739592828497,0.0163975336179829,True,False,False
8.735,0.11869593073031388,0.22290916926048934,0.03802081866942027,-0.03353698636823405,0.0,0.00020423480052423972,0.19369245019663855,0.0,0.39090897648701717,0.07500000000000001,0.0,0.38999999999999996,1.5,129.88740218544422,0.016101652228780183,True,False,False
8.74,0.11850593005191054,0.2199961783014892,0.03810449233834999,-0.03353698636823405,0.0,0.00020423480052423972,0.19350253816059418,0.0,0.39089660859087827,0.07500000000000001,0.0,0.38999999999999996,1.5,129.88740840432706,0.015808205414278603,True,False,False
8.745000000000001,0.11831552005744386,0.21707094271116226,0.03818562190530922,-0.03353698636823405,0.0,0.00020423480052423972,0.19331221611915955,0.0,0.3908841964921259,0.07500000000000001,0.0,0.38999999999999996,1.5,129.88741458422896,0.015517092934822115,True,False,False
8.75,0.11812471346983305,0.2141337163007768,0.03826419795296178,-0.033517480120752834,0.0,0.00020971009646827464,0.19312149677084195,0.0,0.3908717413298325,0.07500000000000001,0.0,0.38999999999999996,1.5,129.8874916592151,0.015258995328343156,True,False,False
8.755,0.11793352305814601,0.21118475522251146,0.03834020959837673,-0.033517480120752834,0.0,0.00020971009646827464,0.1929303928599755,0.0,0.39085924431804775,0.07500000000000001,0.0,0.38999999999999996,1.5,129.8874977640357,0.014971157179595285,True,False,False
8.76,0.11774196163625879,0.20822431816321266,0.038413649521562884,-0.033517480120752834,0.0,0.00020971009646827464,0.1927389171758995,0.0,0.3908467066793862,0.07500000000000001,0.0,0.38999999999999996,1.5,129.88750382829951,0.014685397588000988,True,False,False
8.765,0.11755004206114492,0.20525266659993288,0.03848450902144894,-0.033517480120752834,0.0,0.00020971009646827464,0.19254708255172695,0.0,0.39083412957892005,0.07500000000000001,0.0,0.38999999999999996,1.5,129.88750985146643,0.014401626307305432,True,False,False
8.77,0.11735777723195662,0.20227006440479406,0.038552779641235005,-0.033517480120752834,0.0,0.00020971009646827464,0.19235490186294602,0.0,0.39082151418969374,0.07500000000000001,0.0,0.38999999999999996,1.5,129.88751583303673,0.014119755689705919,True,False,False
8.775,0.11716518008882407,0.19927677771856017,0.03861845316783178,-0.033517480120752834,0.0,0.00020971009646827464,0.19216238802623242,0.0,0.3908088616922114,0.07500000000000001,0.0,0.38999999999999996,1.5,129.88752177254966,0.013839700652343068,True,False,False
8.78,0.11697226361165325,0.19627307484816406,0.03868152163166436,-0.033517480120752834,0.0,0.00020971009646827464,0.19196955399826013,0.0,0.3907961732739854,0.07500000000000001,0.0,0.38999999999999996,1.5,129.88752766958143,0.01356137864743654,True,False,False
8.785,0.11677904081892333,0.19325922616603233,0.038741977306733066,-0.033517480120752834,0.0,0.00020971009646827464,0.19177641277451096,0.0,0.39078345012910654,0.07500000000000001,0.0,0.38999999999999996,1.5,129.88753352374374,0.01328470963467615,True,False,False
8.790000000000001,0.11658552476648068,0.1902355040035207,0.03879981271085152,-0.033517480120752834,0.0,0.00020971009646827464,0.19158297738808058,0.0,0.3907706934578503,0.07500000000000001,0.0,0.38999999999999996,1.5,129.8875393346818,0.013009616054930638,True,False,False
8.795,0.11639172854633209,0.18720218258430005,0.03885502060600443,-0.033517480120752834,0.0,0.00020971009646827464,0.19138926090848346,0.0,0.39075790446629144,0.07500000000000001,0.0,0.38999999999999996,1.5,129.88754510207292,0.012736022804646124,True,False,False
8.8,0.11619766528543456,0.18415953791897166,0.03890759399878207,-0.03365893331966532,0.0,0.0002138058106186995,0.19119527644045398,0.0,0.390745084365939,0.07500000000000001,0.0,0.38999999999999996,1.5,129.88761600361104,0.012240900017340822,True,False,False
8.805,0.1160033481431147,0.1811078504614813,0.03895752507999371,-0.03365893331966532,0.0,0.0002138058106186995,0.19100103712092675,0.0,0.39073223444473093,0.07500000000000001,0.0,0.38999999999999996,1.5,129.88762164836498,0.011978093594155394,True,False,False
8.81,0.11580879030919168,0.17804740222512566,0.03900480901693176,-0.03365893331966532,0.0,0.0002138058106186995,0.19080655611765035,0.0,0.390719355995201,0.07500000000000001,0.0,0.38999999999999996,1.5,129.88762724707104,0.011716366006751262,True,False,False
8.815,0.11561400500514066,0.17497847344397546,0.03904943957741887,-0.03365893331966532,0.0,0.0002138058106186995,0.19061184663081118,0.0,0.39070645024062967,0.07500000000000001,0.0,0.38999999999999996,1.5,129.88763279962518,0.01145565547763738,True,False,False
8.82,0.11541900548260119,0.17190134530919404,0.03909141074685964,-0.03365893331966532,0.0,0.0002138058106186995,0.19041692189108508,0.0,0.3906935184063084,0.07500000000000001,0.0,0.38999999999999996,1.5,129.88763830594422,0.011195902323054025,True,False,False
8.825000000000001,0.1152238050222315,0.168816300069732,0.03913071673680227,-0.03365893331966532,0.0,0.0002138058106186995,0.19022179515849666,0.0,0.3906805617199491,0.07500000000000001,0.0,0.38999999999999996,1.5,129.88764376596473,0.01093704900588148,True,False,False
8.83,0.11502841693254294,0.16572362110283329,0.039167351991366756,-0.03365893331966532,0.0,0.0002138058106186995,0.19002647972126005,0.0,0.39066758141187896,0.07500000000000001,0.0,0.38999999999999996,1.5,129.88764917964193,0.010679040161891591,True,False,False
8.835,0.1148328545487091,0.1626235929346722,0.039201311192088924,-0.03365893331966532,0.0,0.0002138058106186995,0.1898309888945953,0.0,0.39065457871514114,0.07500000000000001,0.0,0.38999999999999996,1.5,129.88765454694854,0.010421822607768923,True,False,False
8.84,0.1146371312313625,0.1595165012500193,0.039232589261593086,-0.03365893331966532,0.0,0.0002138058106186995,0.18963533601953286,0.0,0.39064155486548,0.07500000000000001,0.0,0.38999999999999996,1.5,129.88765986787334,0.010165345336628048,True,False,False
8.845,0.11444126036537687,0.15640263287304018,0.03926118136639844,-0.03365893331966532,0.0,0.0002138058106186995,0.1894395344617041,0.0,0.3906285111012696,0.07500000000000001,0.0,0.38999999999999996,1.5,129.88766514242053,0.009909559504898881,True,False,False
8.85,0.11424525535864306,0.15328227574358277,0.03928708291908487,-0.03395314526386599,0.0,0.0002163241383661128,0.18924359761012566,0.0,0.3906154486633779,0.07500000000000001,0.0,0.38999999999999996,1.5,129.8877257905975,0.009190652044230665,True,False,False
8.855,0.11404912963776884,0.15015572448543169,0.03931028922334631,-0.03395314526386599,0.0,0.0002163241383661128,0.1890475388725235,0.0,0.3906023688677566,0.07500000000000001,0.0,0.38999999999999996,1.5,129.8877309010138,0.008952755045815317,True,False,False
8.86,0.11385289664572075,0.14702327459899628,0.0393307978162879,-0.03395314526386599,0.0,0.0002163241383661128,0.1888513716734001,0.0,0.3905892730322036,0.07500000000000001,0.0,0.38999999999999996,1.5,129.88773596194562,0.008714977566464232,True,False,False
8.865,0.11365656984574317,0.14388521571744206,0.039348604909181725,-0.03395314526386599,0.0,0.0002163241383661128,0.188655109458354,0.0,0.39057616239886483,0.07500000000000001,0.0,0.38999999999999996,1.5,129.8877409736525,0.008477287003389868,True,False,False
8.870000000000001,0.11346016271930903,0.14074183732612963,0.039363706903544675,-0.03395314526386599,0.0,0.0002163241383661128,0.18845876569163453,0.0,0.390563038207286,0.07500000000000001,0.0,0.38999999999999996,1.5,129.88774593639724,0.008239652304545323,True,False,False
8.875,0.11326368876503679,0.13759342906734792,0.03937610040872223,-0.03395314526386599,0.0,0.0002163241383661128,0.18826235385505743,0.0,0.39054990169564985,0.07500000000000001,0.0,0.38999999999999996,1.5,129.88775085044503,0.008002044102979753,True,False,False
8.88,0.11306716149755978,0.1344402809758837,0.03938578225491778,-0.03395314526386599,0.0,0.0002163241383661128,0.18806588744687613,0.0,0.390536754101621,0.07500000000000001,0.0,0.38999999999999996,1.5,129.88775571606308,0.007764434795899236,True,False,False
8.885,0.11287059444635314,0.1312826836118024,0.03939274950285029,-0.03395314526386599,0.0,0.0002163241383661128,0.18786937998061165,0.0,0.3905235966629267,0.07500000000000001,0.0,0.38999999999999996,1.5,129.88776053351995,0.00752679858617206,True,False,False
8.89,0.11267400115453446,0.1281209281837742,0.039396999450925015,-0.03395314526386599,0.0,0.0002163241383661128,0.18767284498385822,0.0,0.3905104306177049,0.07500000000000001,0.0,0.38999999999999996,1.5,129.8877653030848,0.007289111498327755,True,False,False
8.895,0.11247739517764048,0.12495530656507105,0.03939852964057379,-0.03395314526386599,0.0,0.0002163241383661128,0.1874762959970654,0.0,0.3904972572047103,0.07500000000000001,0.0,0.38999999999999996,1.5,129.8877700250272,0.007051351377189586,True,False,False
8.9,0.1122807900823891,0.1217861113592819,0.03939733786024783,-0.034390507423427384,0.0,0.000217086604565599,0.18727974657230628,0.0,0.39048407766340004,0.07500000000000001,0.0,0.38999999999999996,1.5,129.88781658493355,0.00612406761245788,True,False,False
8.905,0.11208419944076069,0.11861364414924667,0.039393422551395905,-0.034390507423427384,0.0,0.000217086604565599,0.1870832102670703,0.0,0.3904708933041814,0.07500000000000001,0.0,0.38999999999999996,1.5,129.88782110805894,0.005910844716010676,True,False,False
8.91,0.11188763682719956,0.11543820701573532,0.03938678349367782,-0.034390507423427384,0.0,0.000217086604565599,0.18688670064179938,0.0,0.3904577054376739,0.07500000000000001,0.0,0.38999999999999996,1.5,129.88782558015834,0.005696841727490097,True,False,False
8.915000000000001,0.11169111582513265,0.11226009255587108,0.03937741930993154,-0.034390507423427384,0.0,0.000217086604565599,0.1866902312667202,0.0,0.3904445152975486,0.07500000000000001,0.0,0.38999999999999996,1.5,129.88783000177744,0.005482055188616736,True,False,False
8.92,0.11149465002438295,0.1090795923852547,0.03936532878745503,-0.034390507423427384,0.0,0.000217086604565599,0.18649381571894702,0.0,0.39043132411145537,0.07500000000000001,0.0,0.38999999999999996,1.5,129.88783437344975,0.005266482614907413,True,False,False
8.925,0.11129825302014354,0.10589699766271414,0.03935051090423598,-0.034390507423427384,0.0,0.000217086604565599,0.1862974675814506,0.0,0.3904181331030231,0.07500000000000001,0.0,0.38999999999999996,1.5,129.88783869569642,0.005050122706772436,True,False,False
8.93,0.11110193841187871,0.10271259943794325,0.03933296484831966,-0.034390507423427384,0.0,0.000217086604565599,0.18610120044195805,0.0,0.3904049434932841,0.07500000000000001,0.0,0.38999999999999996,1.5,129.88784296902634,0.0048329754785598165,True,False,False
8.935,0.1109057198021667,0.09952668892542875,0.03931269003209771,-0.034390507423427384,0.0,0.000217086604565599,0.18590502789179625,0.0,0.3903917565016798,0.07500000000000001,0.0,0.38999999999999996,1.5,129.8878471939359,0.004615042332009753,True,False,False
8.94,0.11070961079550161,0.0963395576726041,0.03928968610285088,-0.034390507423427384,0.0,0.000217086604565599,0.18570896352469654,0.0,0.390378573346736,0.07500000000000001,0.0,0.38999999999999996,1.5,129.88785137090926,0.004396326092090362,True,False,False
8.945,0.11051362499706319,0.0931514976752114,0.039263952950534906,-0.034390507423427384,0.0,0.000217086604565599,0.18551302093556823,0.0,0.39036539524650554,0.07500000000000001,0.0,0.38999999999999996,1.5,129.88785550041803,0.00417683101734952,True,False,False
8.950000000000001,0.11031777601146532,0.08996280143083069,0.03923549071353853,-0.03496060433053441,0.0,0.00021593545766347407,0.18531721371925175,0.0,0.3903522234188292,0.07500000000000001,0.0,0.38999999999999996,1.5,129.88788446335252,0.003057885855048202,True,False,False
8.955,0.11012207743532693,0.08677377277208798,0.03920430099492851,-0.03496060433053441,0.0,0.00021593545766347407,0.18512155546289735,0.0,0.39033905914552736,0.07500000000000001,0.0,0.38999999999999996,1.5,129.8878883664949,0.0028691035726063734,True,False,False
8.96,0.10992654285407387,0.08358471578613212,0.039170385697571836,-0.03496060433053441,0.0,0.00021593545766347407,0.18492605974300078,0.0,0.3903259037078115,0.07500000000000001,0.0,0.38999999999999996,1.5,129.887892218765,0.0026787146879930397,True,False,False
8.965,0.10973118585087087,0.08039592191102582,0.03913374582971777,-0.03496060433053441,0.0,0.00021593545766347407,0.18473074013454857,0.0,0.3903127583132984,0.07500000000000001,0.0,0.38999999999999996,1.5,129.8878960209169,0.002486744168025523,True,False,False
8.97,0.10953602000353113,0.07720768099473097,0.03909438254054823,-0.03496060433053441,0.0,0.00021593545766347407,0.1845356102077132,0.0,0.39029962416105757,0.07500000000000001,0.0,0.38999999999999996,1.5,129.8878997736801,0.002293217354185334,True,False,False
8.975,0.10934105888353866,0.0740202819755965,0.039052297154485716,-0.03496060433053441,0.0,0.00021593545766347407,0.18434068352686883,0.0,0.390286502444297,0.07500000000000001,0.0,0.38999999999999996,1.5,129.88790347775966,0.002098160245873157,True,False,False
8.98,0.10914631605497799,0.07083401337986651,0.03900749119647266,-0.03496060433053441,0.0,0.00021593545766347407,0.18414597364951799,0.0,0.39027339435230524,0.07500000000000001,0.0,0.38999999999999996,1.5,129.887907133837,0.001901599676838353,True,False,False
8.985,0.10895180507338888,0.067649163683597,0.03895996641056556,-0.03496060433053441,0.0,0.00021593545766347407,0.18395149412514605,0.0,0.39026030107182696,0.07500000000000001,0.0,0.38999999999999996,1.5,129.88791074257006,0.0017035634193344092,True,False,False
8.99,0.10875753948456769,0.06446602153720989,0.0389097247735973,-0.03496060433053441,0.0,0.00021593545766347407,0.18375725849402394,0.0,0.39024722378801313,0.07500000000000001,0.0,0.38999999999999996,1.5,129.887914304594,0.0015040802394588812,True,False,False
8.995000000000001,0.1085635328233312,0.061284875927482,0.03885676850520896,-0.03496060433053441,0.0,0.00021593545766347407,0.18356328028597477,0.0,0.39023416368505276,0.07500000000000001,0.0,0.38999999999999996,1.5,129.88791782052144,0.0013031799195145702,True,False,False
9.0,0.10836979861225028,0.05810601630301199,0.03880110007520995,-0.035652736673454304,0.0,0.00021273658779479975,0.183369573019111,0.0,0.3902211219465722,0.07500000000000001,0.0,0.38999999999999996,1.5,129.88792608942038,9.834231981573072e-06,True,False,False
9.005,0.10817635035283224,0.05492974561982739,0.038742724271511396,-0.035652736673454304,0.0,0.00021273658779479975,0.18317615019091607,0.0,0.3902080998103772,0.07500000000000001,0.0,0.38999999999999996,1.5,129.88792935857788,0.0001546507418783219,True,False,False
9.01,0.10798320152195764,0.051756367051445734,0.03868164501414269,-0.035652736673454304,0.0,0.00021273658779479975,0.18298302527481722,0.0,0.39019509851333334,0.07500000000000001,0.0,0.38999999999999996,1.5,129.88793257849784,0.00032148824427702394,True,False,False
9.015,0.10779036558303272,0.04858616824101877,0.03861786567678662,-0.035652736673454304,0.0,0.00021273658779479975,0.1827902117314524,0.0,0.3901821192260735,0.07500000000000001,0.0,0.38999999999999996,1.5,129.8879357500693,0.0004906261705545645,True,False,False
9.02,0.10759785598243407,0.04541943480636376,0.038551389752497014,-0.035652736673454304,0.0,0.00021273658779479975,0.1825977230049933,0.0,0.3901691631087505,0.07500000000000001,0.0,0.38999999999999996,1.5,129.88793887414664,0.0006620126479122829,True,False,False
9.025,0.1074056861485751,0.042256451080739235,0.03848222089541289,-0.035652736673454304,0.0,0.00021273658779479975,0.18240557252220502,0.0,0.3901562313143385,0.07500000000000001,0.0,0.38999999999999996,1.5,129.88794195155162,0.0008355956845705961,True,False,False
9.03,0.10721386949086364,0.039097500803185685,0.038410362951433095,-0.035652736673454304,0.0,0.00021273658779479975,0.18221377369140074,0.0,0.3901433249910255,0.07500000000000001,0.0,0.38999999999999996,1.5,129.88794498307234,0.0010113229485183457,True,False,False
9.035,0.10702241939856999,0.035942867523335253,0.038335819980715925,-0.035652736673454304,0.0,0.00021273658779479975,0.18202233990130906,0.0,0.3901304452838693,0.07500000000000001,0.0,0.38999999999999996,1.5,129.8879479694674,0.0011891416338658256,True,False,False
9.040000000000001,0.10683134923962595,0.03279283482713402,0.03825859627414431,-0.035652736673454304,0.0,0.00021273658779479975,0.1818312845198739,0.0,0.39011759333604157,0.07500000000000001,0.0,0.38999999999999996,1.5,129.88795091146307,0.0013689983863021116,True,False,False
9.045,0.1066406723593881,0.029647686704135253,0.038178696365349575,-0.035652736673454304,0.0,0.00021273658779479975,0.18164062089301988,0.0,0.39010477028955576,0.07500000000000001,0.0,0.38999999999999996,1.5,129.8879538097568,0.0015508392684158434,True,False,False
9.05,0.10645040207935949,0.0265077074579313,0.03809612503946445,-0.03645633917183384,0.0,0.00020738395873490017,0.18145036234337675,0.0,0.3900919772857973,0.07500000000000001,0.0,0.38999999999999996,1.5,129.88793878888092,0.0030013975917036473,True,False,False
9.055,0.10626055168711539,0.02337319705519486,0.03801089028413674,-0.03645633917183384,0.0,0.00020738395873490017,0.18126052216017688,0.0,0.39007921550783475,0.07500000000000001,0.0,0.38999999999999996,1.5,129.88794142693737,0.003141579735837622,True,False,False
9.06,0.10607113443240264,0.020244455586608208,0.0379229979417962,-0.03645633917183384,0.0,0.00020738395873490017,0.18107111359540978,0.0,0.39006648613770734,0.07500000000000001,0.0,0.38999999999999996,1.5,129.88794401866417,0.00328477747828455,True,False,False
9.065,0.10588216354032158,0.01712176506822336,0.03783245373139349,-0.03645633917183384,0.0,0.00020738395873490017,0.18088214987703466,0.0,0.3900537903018793,0.07500000000000001,0.0,0.38999999999999996,1.5,129.88794656501778,0.003430913279374167,True,False,False
9.07,0.10569365220735319,0.014005405095228551,0.037739263470858486,-0.03645633917183384,0.0,0.00020738395873490017,0.18069364420496087,0.0,0.3900411291147561,0.07500000000000001,0.0,0.38999999999999996,1.5,129.88794906691348,0.003579910430714109,True,False,False
9.075000000000001,0.10550561360047478,0.010895653638339957,0.03764343312551494,-0.03645633917183384,0.0,0.00020738395873490017,0.18050560975015867,0.0,0.3900285036825006,0.07500000000000001,0.0,0.38999999999999996,1.5,129.88795152522746,0.003731692641359835,True,False,False
9.08,0.10531806085614409,0.007792787942365252,0.03754496884360918,-0.03645633917183384,0.0,0.00020738395873490017,0.18031805965364098,0.0,0.39001591510581396,0.07500000000000001,0.0,0.38999999999999996,1.5,129.88795394079784,0.0038861837743786494,True,False,False
9.085,0.1051310070791823,0.004697084969097713,0.0374438769822939,-0.03645633917183384,0.0,0.00020738395873490017,0.18013100702534596,0.0,0.3900033644819042,0.07500000000000001,0.0,0.38999999999999996,1.5,129.887956314426,0.004043307685031545,True,False,False
9.09,0.10494446534158641,0.0016088215273803864,0.037340164126567474,-0.03645633917183384,0.0,0.00020738395873490017,0.1799444649429502,0.0,0.3899908529058512,0.07500000000000001,0.0,0.38999999999999996,1.5,129.8879586468777,0.004202988127465713,True,False,False
9.095,0.10475844868243822,0.0014717247490915915,0.037233835487365106,-0.03645633917183384,0.0,0.00020738395873490017,0.17975844645177916,0.0,0.38997838147175057,0.07500000000000001,0.0,0.38999999999999996,1.5,129.88796093888453,0.004365148725967653,True,False,False
9.1,0.10457297015024691,0.004544274536622837,0.037124881499652304,-0.03736128435524672,0.0,0.00019980516795284117,0.17957296460715463,0.0,0.38996595128167455,0.07500000000000001,0.0,0.38999999999999996,1.5,129.88792062450128,0.0059562666842173165,True,False,False
9.105,0.10438804280807641,0.007608527526506054,0.037013309093978757,-0.03736128435524672,0.0,0.00019980516795284117,0.17938803247954252,0.0,0.3899535634759139,0.07500000000000001,0.0,0.38999999999999996,1.5,129.8879226494006,0.006071961967115794,True,False,False
9.11,0.10420367967230369,0.010664183215852689,0.03689912608704889,-0.03736128435524672,0.0,0.00019980516795284117,0.17920366309331406,0.0,0.3899412191938052,0.07500000000000001,0.0,0.38999999999999996,1.5,129.88792463196182,0.006191255716247053,True,False,False
9.115,0.10401989372291105,0.013710961974203269,0.03678234065647406,-0.03736128435524672,0.0,0.00019980516795284117,0.1790198694370106,0.0,0.3899289195316248,0.07500000000000001,0.0,0.38999999999999996,1.5,129.8879265731489,0.006314047131249145,True,False,False
9.120000000000001,0.10383669789914805,0.016748587135951433,0.03666296106104455,-0.03736128435524672,0.0,0.00019980516795284117,0.1788366644590048,0.0,0.3899166655714148,0.07500000000000001,0.0,0.38999999999999996,1.5,129.8879284738814,0.006440236807717818,True,False,False
9.125,0.1036541050986821,0.019776783998714183,0.0365409956952822,-0.03736128435524672,0.0,0.00019980516795284117,0.17865406106664852,0.0,0.3899044583853227,0.07500000000000001,0.0,0.38999999999999996,1.5,129.88793033503657,0.00656972626283228,True,False,False
9.13,0.10347212817660484,0.02279527902654713,0.036416453129374735,-0.03736128435524672,0.0,0.00019980516795284117,0.17847207212527777,0.0,0.3898922990387319,0.07500000000000001,0.0,0.38999999999999996,1.5,129.88793215745022,0.0067024176310494475,True,False,False
9.135,0.10329077994432709,0.025803799309785814,0.03628934213828225,-0.03736128435524672,0.0,0.00019980516795284117,0.1782907104571076,0.0,0.3898801885924956,0.07500000000000001,0.0,0.38999999999999996,1.5,129.88793394191907,0.006838213474702268,True,False,False
9.14,0.1031100731683932,0.02880207219044324,0.036159671722852865,-0.03736128435524672,0.0,0.00019980516795284117,0.1781099888400468,0.0,0.38986812810449145,0.07500000000000001,0.0,0.38999999999999996,1.5,129.8879356892017,0.00697701667205748,True,False,False
9.145,0.10293002056924155,0.03178982490644776,0.03602745112505533,-0.03736128435524672,0.0,0.00019980516795284117,0.177929920006459,0.0,0.3898561186306486,0.07500000000000001,0.0,0.38999999999999996,1.5,129.8879374000203,0.007118730357561278,True,False,False
9.15,0.10275063481992304,0.03476678459758501,0.035892689838882066,-0.03835806080897575,0.0,0.00018996776972289616,0.17775051664188157,0.0,0.389844161225617,0.07500000000000001,0.0,0.38999999999999996,1.5,129.88787046894294,0.008834584936683494,True,False,False
9.155,0.10257192853390718,0.037732659346923034,0.035755402369119935,-0.03835806080897575,0.0,0.00018996776972289616,0.1775717913728494,0.0,0.38983225695358326,0.07500000000000001,0.0,0.38999999999999996,1.5,129.88787191198554,0.008925437610587734,True,False,False
9.16,0.10239391426057251,0.04068715744518223,0.035615598303994495,-0.03835806080897575,0.0,0.00018996776972289616,0.17739375676237115,0.0,0.38982040687694586,0.07500000000000001,0.0,0.38999999999999996,1.5,129.88787331759946,0.00902039604566872,True,False,False
9.165000000000001,0.10221660450187083,0.04363000983384644,0.03547328811589736,-0.03835806080897575,0.0,0.00018996776972289616,0.17721642532654408,0.0,0.3898086120303753,0.07500000000000001,0.0,0.38999999999999996,1.5,129.88787468670438,0.009119337878717248,True,False,False
9.17,0.10204001170770041,0.046560950880518905,0.035328482337828905,-0.03835806080897575,0.0,0.00018996776972289616,0.17703980952993528,0.0,0.38979687343313046,0.07500000000000001,0.0,0.38999999999999996,1.5,129.88787602017487,0.009222142689992937,True,False,False
9.175,0.10186414827511661,0.04947971716975854,0.03518119162314691,-0.03835806080897575,0.0,0.00018996776972289616,0.17686392178479277,0.0,0.3897851920937967,0.07500000000000001,0.0,0.38999999999999996,1.5,129.88787731884224,0.009328691477621316,True,False,False
9.18,0.10168902654738349,0.05238604663218778,0.03503142678923204,-0.03835806080897575,0.0,0.00018996776972289616,0.1766887744500981,0.0,0.38977356901372706,0.07500000000000001,0.0,0.38999999999999996,1.5,129.88787858349608,0.009438866318535266,True,False,False
9.185,0.10151465881290674,0.05527967792881334,0.034879198849240636,-0.03835806080897575,0.0,0.00018996776972289616,0.17651437983050003,0.0,0.3897620051894797,0.07500000000000001,0.0,0.38999999999999996,1.5,129.88787981488647,0.009552550155412261,True,False,False
9.19,0.10134105730407938,0.05816035005474872,0.03472451903506639,-0.03835806080897575,0.0,0.00018996776972289616,0.17634075017516077,0.0,0.38975050161451796,0.07500000000000001,0.0,0.38999999999999996,1.5,129.88788101372492,0.009669626668512586,True,False,False
9.195,0.10116823419607095,0.06102780202785661,0.03456739881382976,-0.03835806080897575,0.0,0.00018996776972289616,0.17616789767654498,0.0,0.389739059280322,0.07500000000000001,0.0,0.38999999999999996,1.5,129.8878821806869,0.009789980204688416,True,False,False
9.200000000000001,0.10099620160557028,0.06388177273679796,0.034407849899604485,-0.039437865997775254,0.0,0.00017788371431955424,0.17599583446916228,0.0,0.38972767917712436,0.07500000000000001,0.0,0.38999999999999996,1.5,129.88778804630323,0.011615721483850353,True,False,False
9.205,0.1008249715777476,0.06672198060672645,0.03424588990419488,-0.039437865997775254,0.0,0.00017788371431955424,0.17582457261650725,0.0,0.3897163622869374,0.07500000000000001,0.0,0.38999999999999996,1.5,129.8877889506098,0.011681194491308515,True,False,False
9.21,0.10065455608147546,0.06954814431424713,0.03408153009547286,-0.039437865997775254,0.0,0.00017788371431955424,0.17565412410629255,0.0,0.3897051095899386,0.07500000000000001,0.0,0.38999999999999996,1.5,129.88778982316953,0.011751209484948049,True,False,False
9.215,0.1004849670274887,0.07236000714995462,0.03391478316787986,-0.039437865997775254,0.0,0.00017788371431955424,0.17548450086857714,0.0,0.38969392205500175,0.07500000000000001,0.0,0.38999999999999996,1.5,129.8877906648137,0.011825624689867201,True,False,False
9.22,0.10031621626354038,0.07515731620469945,0.033745661854517134,-0.039437865997775254,0.0,0.00017788371431955424,0.17531571477089652,0.0,0.3896828006343965,0.07500000000000001,0.0,0.38999999999999996,1.5,129.88779147633008,0.011904300797791988,True,False,False
9.225,0.10014831557367897,0.07793982104294175,0.03357417899170389,-0.039437865997775254,0.0,0.00017788371431955424,0.1751477776175449,0.0,0.3896717462689275,0.07500000000000001,0.0,0.38999999999999996,1.5,129.8877922584642,0.01198710039232653,True,False,False
9.23,0.09998127667736044,0.08070727279151278,0.033400347566080284,-0.039437865997775254,0.0,0.00017788371431955424,0.17498070114869058,0.0,0.38966075989163745,0.07500000000000001,0.0,0.38999999999999996,1.5,129.88779301192199,0.012073887576260735,True,False,False
9.235,0.09981511122842973,0.08345942346894844,0.03322418074878167,-0.039437865997775254,0.0,0.00017788371431955424,0.1748144970393594,0.0,0.3896498424304452,0.07500000000000001,0.0,0.38999999999999996,1.5,129.8877937373712,0.01216452773533557,True,False,False
9.24,0.09964983081403049,0.08619602556215213,0.033045691904962836,-0.039437865997775254,0.0,0.00017788371431955424,0.17464917689834483,0.0,0.3896389948098989,0.07500000000000001,0.0,0.38999999999999996,1.5,129.88779443544323,0.012258887413298138,True,False,False
9.245000000000001,0.09948544695382003,0.08891683206969003,0.032864894544264736,-0.039437865997775254,0.0,0.00017788371431955424,0.17448475226741716,0.0,0.38962821795097524,0.07500000000000001,0.0,0.38999999999999996,1.5,129.88779510673507,0.01235683430254354,True,False,False
9.25,0.0993219710987848,0.09162159626143647,0.03268180248041307,-0.04059267410944602,0.0,0.00016361487190609108,0.17432123462013738,0.0,0.38961751277215184,0.07500000000000001,0.0,0.38999999999999996,1.5,129.8876739868673,0.01427871073911774,True,False,False
9.255,0.099159414617128,0.09431004956608924,0.032496436290843006,-0.04059267410944602,0.0,0.00016361487190609108,0.17415863534764628,0.0,0.38960688016583434,0.07500000000000001,0.0,0.38999999999999996,1.5,129.88767440600716,0.014318104818371999,True,False,False
9.26,0.0989977887892193,0.09698192371052633,0.03230880881273015,-0.04059267410944602,0.0,0.00016361487190609108,0.1739969657536946,0.0,0.389596321022723,0.07500000000000001,0.0,0.38999999999999996,1.5,129.88767479972938,0.01436241467678179,True,False,False
9.265,0.09883710482708849,0.0996369767823747,0.03211893485042512,-0.04059267410944602,0.0,0.00016361487190609108,0.17383623707416312,0.0,0.3895858362392694,0.07500000000000001,0.0,0.38999999999999996,1.5,129.88767516873978,0.014411481230983982,True,False,False
9.27,0.09867737386942409,0.10227497097543543,0.03192682922519524,-0.04059267410944602,0.0,0.00016361487190609108,0.17367646047195986,0.0,0.38957542669438106,0.07500000000000001,0.0,0.38999999999999996,1.5,129.8876755137033,0.014465148348465977,True,False,False
9.275,0.0985186069809269,0.10489567121347576,0.03173250684380417,-0.04059267410944602,0.0,0.00016361487190609108,0.1735176470363832,0.0,0.3895650932548721,0.07500000000000001,0.0,0.38999999999999996,1.5,129.8876758352469,0.014523262229346691,True,False,False
9.28,0.09836081515148769,0.1074988441616622,0.03153598274847791,-0.04059267410944602,0.0,0.00016361487190609108,0.17335980778230586,0.0,0.3895548367793996,0.07500000000000001,0.0,0.38999999999999996,1.5,129.8876761339607,0.014585671003796723,True,False,False
9.285,0.09820400929522789,0.11008425751782115,0.03133727215308444,-0.04059267410944602,0.0,0.00016361487190609108,0.17320295364921912,0.0,0.3895446581212657,0.07500000000000001,0.0,0.38999999999999996,1.5,129.88767641040104,0.014652224475061194,True,False,False
9.290000000000001,0.09804820024944888,0.11265167955194319,0.03113639046914178,-0.04059267410944602,0.0,0.00016361487190609108,0.17304709550018296,0.0,0.3895345581303412,0.07500000000000001,0.0,0.38999999999999996,1.5,129.8876766650903,0.014722773960560017,True,False,False
9.295,0.09789339877351287,0.11520087877731768,0.03093335332433901,-0.04059267410944602,0.0,0.00016361487190609108,0.17289224412070586,0.0,0.3895245376543393,0.07500000000000001,0.0,0.38999999999999996,1.5,129.88767689852108,0.014797172199003391,True,False,False
9.3,0.09773961554767986,0.11773162375990806,0.030728176575550235,-0.04181518956293255,0.0,0.0001472772341322547,0.1727384102175789,0.0,0.3895145975396322,0.07500000000000001,0.0,0.38999999999999996,1.5,129.88752985886725,0.01680249510951861,True,False,False
9.305,0.09758686115874325,0.12024366015420167,0.030520883620647813,-0.04181518956293255,0.0,0.0001472772341322547,0.17258560440428775,0.0,0.3895047385885299,0.07500000000000001,0.0,0.38999999999999996,1.5,129.8875298556561,0.01681498939392975,True,False,False
9.31,0.09743514609476135,0.12273673409889774,0.030311488792910377,-0.04181518956293255,0.0,0.0001472772341322547,0.1724338371959314,0.0,0.38949496160123454,0.07500000000000001,0.0,0.38999999999999996,1.5,129.8875298338925,0.0168327195110392,True,False,False
9.315,0.09728448076576034,0.1252106198059599,0.030100008902122995,-0.04181518956293255,0.0,0.0001472772341322547,0.17228311903004564,0.0,0.38948526739993733,0.07500000000000001,0.0,0.38999999999999996,1.5,129.88752979412465,0.016855511179830734,True,False,False
9.32,0.09713487549864447,0.12766509599596984,0.02988646075001449,-0.04181518956293255,0.0,0.0001472772341322547,0.17213346026129847,0.0,0.3894756567880526,0.07500000000000001,0.0,0.38999999999999996,1.5,129.88752973686533,0.016883193523864862,True,False,False
9.325000000000001,0.09698634053664086,0.1300999444324936,0.029670861202863216,-0.04181518956293255,0.0,0.0001472772341322547,0.17198487116094985,0.0,0.38946613055601154,0.07500000000000001,0.0,0.38999999999999996,1.5,129.8875296625941,0.016915598410242882,True,False,False
9.33,0.09683888603855823,0.13251494888427906,0.02945322724431626,-0.04181518956293255,0.0,0.0001472772341322547,0.1718373619161202,0.0,0.3894566894854476,0.07500000000000001,0.0,0.38999999999999996,1.5,129.88752957175907,0.01695256001735989,True,False,False
9.335,0.09669252207790677,0.1349098943632455,0.02923357601355978,-0.04181518956293255,0.0,0.0001472772341322547,0.17169094262891527,0.0,0.389447334352156,0.07500000000000001,0.0,0.38999999999999996,1.5,129.8875294647789,0.016993914557159782,True,False,False
9.34,0.09654725864191606,0.13728456665491595,0.029011924832685856,-0.04181518956293255,0.0,0.0001472772341322547,0.1715456233154457,0.0,0.38943806592815106,0.07500000000000001,0.0,0.38999999999999996,1.5,129.88752934204447,0.01703950010147923,True,False,False
9.345,0.09640310563048768,0.1396387519322779,0.0287882912261115,-0.04181518956293255,0.0,0.0001472772341322547,0.17140141390477806,0.0,0.38942888498301226,0.07500000000000001,0.0,0.38999999999999996,1.5,129.8875292039207,0.01708915647846611,True,False,False
9.35,0.09626007285509988,0.14197223659869704,0.028562692934155073,-0.04309874162115075,0.0,0.00012904182375192538,0.17125832423783569,0.0,0.3894197922847517,0.07500000000000001,0.0,0.38999999999999996,1.5,129.88735815537274,0.019166179716112532,True,False,False
9.355,0.09611817002394335,0.14428478315153942,0.02833515594914854,-0.04309874162115075,0.0,0.00012904182375192538,0.171116364052163,0.0,0.3894107885407156,0.07500000000000001,0.0,0.38999999999999996,1.5,129.88735780077397,0.019150885076172387,True,False,False
9.36,0.09597740673643346,0.14657615476031852,0.028105696000081948,-0.04309874162115075,0.0,0.00012904182375192538,0.1709755429767616,0.0,0.389401874455843,0.07500000000000001,0.0,0.38999999999999996,1.5,129.8873574349171,0.019141102468531294,True,False,False
9.365,0.09583779250499784,0.14884614419657818,0.0278743317490539,-0.04309874162115075,0.0,0.00012904182375192538,0.1708358705541194,0.0,0.3893930507722276,0.07500000000000001,0.0,0.38999999999999996,1.5,129.8873570581659,0.019136644356531413,True,False,False
9.370000000000001,0.09569933674994628,0.15109454910091208,0.027641081824867852,-0.04309874162115075,0.0,0.00012904182375192538,0.17069735623472404,0.0,0.38938431821210717,0.07500000000000001,0.0,0.38999999999999996,1.5,129.8873566708553,0.019137327017089676,True,False,False
9.375,0.09556204879901584,0.15332117047610544,0.02740596489897773,-0.04309874162115075,0.0,0.00012904182375192538,0.17056000937662907,0.0,0.3893756774839466,0.07500000000000001,0.0,0.38999999999999996,1.5,129.88735627329322,0.019142969842127766,True,False,False
9.38,0.09542593788672245,0.1555258115667518,0.027168999740671298,-0.04309874162115075,0.0,0.00012904182375192538,0.17042383924481885,0.0,0.3893671292868346,0.07500000000000001,0.0,0.38999999999999996,1.5,129.8873558657626,0.019153394880272793,True,False,False
9.385,0.09529101315356621,0.1577082770813612,0.026930205256888187,-0.04309874162115075,0.0,0.00012904182375192538,0.1702888550104213,0.0,0.3893586743135967,0.07500000000000001,0.0,0.38999999999999996,1.5,129.88735544852315,0.0191684265408197,True,False,False
9.39,0.0951572836451354,0.1598683726644239,0.026689600520711048,-0.04309874162115075,0.0,0.00012904182375192538,0.17015506574981415,0.0,0.3893503132529434,0.07500000000000001,0.0,0.38999999999999996,1.5,129.88735502181297,0.019187891407014816,True,False,False
9.395,0.09502475831113816,0.1620059045324214,0.0264472047915275,-0.04309874162115075,0.0,0.00012904182375192538,0.17002248044365537,0.0,0.3893420467909074,0.07500000000000001,0.0,0.38999999999999996,1.5,129.88735458585032,0.01921161812294396,True,False,False
9.4,0.09489344600439553,0.1641206793330247,0.026203037535866145,-0.0444371193190696,0.0,0.00010913414284564967,0.16989110797586976,0.0,0.3893338756114972,0.07500000000000001,0.0,0.38999999999999996,1.5,129.88716226033884,0.02134933345538686,True,False,False
9.405,0.09476335546560011,0.16621247926188565,0.025957127075363687,-0.0444371193190696,0.0,0.00010913414284564967,0.16976095711786743,0.0,0.38932580032232683,0.07500000000000001,0.0,0.38999999999999996,1.5,129.88716163238593,0.021305356479071683,True,False,False
9.41,0.09463449531764422,0.16828108744743156,0.025709490428811616,-0.0444371193190696,0.0,0.00010913414284564967,0.16963203652335465,0.0,0.38931782152797295,0.07500000000000001,0.0,0.38999999999999996,1.5,129.88716100078784,0.02126713240556608,True,False,False
9.415000000000001,0.09450687408837771,0.1703263179699472,0.025460147925844,-0.0444371193190696,0.0,0.00010913414284564967,0.16950435475147219,0.0,0.38930993988350565,0.07500000000000001,0.0,0.38999999999999996,1.5,129.8871603657006,0.021234462160279476,True,False,False
9.42,0.09438050020548226,0.17234799012545973,0.025209119836903084,-0.0444371193190696,0.0,0.00010913414284564967,0.16937792026115622,0.0,0.3893021560232578,0.07500000000000001,0.0,0.38999999999999996,1.5,129.88715972725873,0.021207150854915837,True,False,False
9.425,0.09425538199612209,0.17434592681046115,0.024956426452254044,-0.0444371193190696,0.0,0.00010913414284564967,0.16925274141081706,0.0,0.38929447056719846,0.07500000000000001,0.0,0.38999999999999996,1.5,129.88715908557765,0.02118500705552659,True,False,False
9.43,0.09413152768639584,0.17631995336692247,0.024702088139341865,-0.0444371193190696,0.0,0.00010913414284564967,0.16912882645780877,0.0,0.3892868841255245,0.07500000000000001,0.0,0.38999999999999996,1.5,129.8871584407549,0.02116784230092527,True,False,False
9.435,0.09400894540063875,0.1782698967702653,0.024446125384131295,-0.0444371193190696,0.0,0.00010913414284564967,0.16900618355774152,0.0,0.3892793973019155,0.07500000000000001,0.0,0.38999999999999996,1.5,129.8871577928721,0.021155470790200834,True,False,False
9.44,0.0938876431606173,0.18019558506272393,0.024188558820648246,-0.0444371193190696,0.0,0.00010913414284564967,0.16888482076368022,0.0,0.38927201069578665,0.07500000000000001,0.0,0.38999999999999996,1.5,129.8871571419965,0.021147709184176345,True,False,False
9.445,0.09376762888465327,0.18209684698793907,0.02392940925185162,-0.0444371193190696,0.0,0.00010913414284564967,0.1687647460252677,0.0,0.38926472490378844,0.07500000000000001,0.0,0.38999999999999996,1.5,129.88715648818228,0.021144376483596274,True,False,False
9.450000000000001,0.09364891038669856,0.18397351176927412,0.023668697664141945,-0.04582438408329127,0.0,8.7831286608831e-05,0.168645967187795,0.0,0.38925754052075506,0.07500000000000001,0.0,0.38999999999999996,1.5,129.88694638365135,0.023332269387579187,True,False,False
9.455,0.0935314953607213,0.1858253830665287,0.0234064543845367,-0.04582438408329127,0.0,8.7831286608831e-05,0.1685284919758933,0.0,0.389250458054613,0.07500000000000001,0.0,0.38999999999999996,1.5,129.88694556629608,0.02325877278286074,True,False,False
9.46,0.09341539137485093,0.1876522655128158,0.023142697643307616,-0.04582438408329127,0.0,8.7831286608831e-05,0.16841232798831193,0.0,0.38924347801049175,0.07500000000000001,0.0,0.38999999999999996,1.5,129.88694475310453,0.023191241662654842,True,False,False
9.465,0.09330060589502157,0.18945399592162784,0.02287744925841279,-0.04582438408329127,0.0,8.7831286608831e-05,0.16829748272207484,0.0,0.3892366009547551,0.07500000000000001,0.0,0.38999999999999996,1.5,129.8869439440043,0.023129467130569216,True,False,False
9.47,0.09318714627987751,0.19123041661439585,0.022610730963417595,-0.04582438408329127,0.0,8.7831286608831e-05,0.16818396356671655,0.0,0.389229827432238,0.07500000000000001,0.0,0.38999999999999996,1.5,129.8869431389102,0.023073244811208864,True,False,False
9.475,0.09307501978053768,0.19298137377119992,0.022342564488901488,-0.04582438408329127,0.0,8.7831286608831e-05,0.16807177780408145,0.0,0.389223157972831,0.07500000000000001,0.0,0.38999999999999996,1.5,129.88694233772625,0.02302237408731296,True,False,False
9.48,0.0929642335401565,0.19470671620812274,0.022072971621527222,-0.04582438408329127,0.0,8.7831286608831e-05,0.16796093260790743,0.0,0.38921659309624235,0.07500000000000001,0.0,0.38999999999999996,1.5,129.8869415403469,0.022976657596662908,True,False,False
9.485,0.0928547945933302,0.19640629455472158,0.02180197424659915,-0.04582438408329127,0.0,8.7831286608831e-05,0.16785143504324554,0.0,0.38921013331536475,0.07500000000000001,0.0,0.38999999999999996,1.5,129.8869407466586,0.022935900904431726,True,False,False
9.49,0.09274670986539316,0.19807996065197794,0.021529594378466733,-0.04582438408329127,0.0,8.7831286608831e-05,0.1677432920657625,0.0,0.389203779138621,0.07500000000000001,0.0,0.38999999999999996,1.5,129.88693995654143,0.022899912293746078,True,False,False
9.495000000000001,0.09263998617164232,0.19972756718683038,0.021255854182003975,-0.04582438408329127,0.0,8.7831286608831e-05,0.16763651052096523,0.0,0.389197531071518,0.07500000000000001,0.0,0.38999999999999996,1.5,129.88693916986998,0.02286850263585096,True,False,False
9.5,0.09253463021651206,0.20134896743612846,0.02098077598754613,-0.04725467800212722,0.0,6.545576393031178e-05,0.16753109714337205,0.0,0.3891913896176321,0.07500000000000001,0.0,0.38999999999999996,1.5,129.886715452326,0.02509630439319415,True,False,False
9.505,0.09243064857768121,0.202943988444028,0.02070439180094917,-0.04725467800212722,0.0,6.545576393031178e-05,0.16742705853978343,0.0,0.3891853551852171,0.07500000000000001,0.0,0.38999999999999996,1.5,129.88671453413016,0.02499257256463741,True,False,False
9.51,0.09232804770008805,0.204512458357331,0.020426720985787503,-0.04725467800212722,0.0,6.545576393031178e-05,0.1673244011840706,0.0,0.38917942817954926,0.07500000000000001,0.0,0.38999999999999996,1.5,129.8867136279619,0.024894997409169988,True,False,False
9.515,0.09222683392036891,0.20605423858744873,0.020147786647054994,-0.04725467800212722,0.0,6.545576393031178e-05,0.16722313144224632,0.0,0.38917360907466814,0.07500000000000001,0.0,0.38999999999999996,1.5,129.88671273350252,0.02480336170071621,True,False,False
9.52,0.09212701346181378,0.207569196332852,0.019867611781155797,-0.04725467800212722,0.0,6.545576393031178e-05,0.1671232555666122,0.0,0.38916789832239423,0.07500000000000001,0.0,0.38999999999999996,1.5,129.88671185043003,0.024717453032194255,True,False,False
9.525,0.09202859243424957,0.209057202841129,0.019586219359489575,-0.04725467800212722,0.0,6.545576393031178e-05,0.1670247796956847,0.0,0.3891622963591355,0.07500000000000001,0.0,0.38999999999999996,1.5,129.88671097842047,0.024637063025719476,True,False,False
9.53,0.09193157683371447,0.21051813218475318,0.019303632389118405,-0.04725467800212722,0.0,6.545576393031178e-05,0.1669277098538977,0.0,0.3891568036108072,0.07500000000000001,0.0,0.38999999999999996,1.5,129.8867101171494,0.024561986810681377,True,False,False
9.535,0.09183597254197577,0.21195186037895136,0.01901987395651413,-0.04725467800212722,0.0,6.545576393031178e-05,0.16683205195113762,0.0,0.3891514204963059,0.07500000000000001,0.0,0.38999999999999996,1.5,129.88670926629294,0.024492022682739478,True,False,False
9.540000000000001,0.09174178532593388,0.21335826478168046,0.018734967258868224,-0.04725467800212722,0.0,6.545576393031178e-05,0.16673781178215635,0.0,0.3891461474299419,0.07500000000000001,0.0,0.38999999999999996,1.5,129.8867084255291,0.02442697188472894,True,False,False
9.545,0.09164902083695442,0.21473722368604103,0.018448935626287508,-0.04725467800212722,0.0,6.545576393031178e-05,0.1666449950259056,0.0,0.38914098482304166,0.07500000000000001,0.0,0.38999999999999996,1.5,129.8867075945391,0.02436663846966523,True,False,False
9.55,0.09155768461014754,0.21608861607995494,0.018161802537324245,-0.04872201547363706,0.0,4.23676326250378e-05,0.1665536072448138,0.0,0.3891359330849824,0.07500000000000001,0.0,0.38999999999999996,1.5,129.88647497732723,0.026624054390662573,True,False,False
9.555,0.09146778204824643,0.21741229410413754,0.017873601316741348,-0.04872201547363706,0.0,4.23676326250378e-05,0.16646365386772174,0.0,0.38913099252528954,0.07500000000000001,0.0,0.38999999999999996,1.5,129.88647404992716,0.026489559863594407,True,False,False
9.56,0.09137931841553713,0.2187081111093141,0.017584352402852704,-0.04872201547363706,0.0,4.23676326250378e-05,0.16637514018469549,0.0,0.38912616345042444,0.07500000000000001,0.0,0.38999999999999996,1.5,129.88647314231082,0.026361396448060445,True,False,False
9.565,0.09129229886301386,0.2199759546294241,0.017294079989420327,-0.04872201547363706,0.0,4.23676326250378e-05,0.1662880713729007,0.0,0.38912144623953193,0.07500000000000001,0.0,0.38999999999999996,1.5,129.8864722538976,0.026239339958688553,True,False,False
9.57,0.0912067284233877,0.2212157181923064,0.017002808141592093,-0.04872201547363706,0.0,4.23676326250378e-05,0.16620245249069887,0.0,0.38911684124903,0.07500000000000001,0.0,0.38999999999999996,1.5,129.88647138411392,0.026123171292997648,True,False,False
9.575000000000001,0.09112261201109098,0.22242729954164556,0.01671056088151731,-0.04872201547363706,0.0,4.23676326250378e-05,0.16611828847770232,0.0,0.3891123488196123,0.07500000000000001,0.0,0.38999999999999996,1.5,129.88647053239376,0.026012675618222215,True,False,False
9.58,0.0910399544220709,0.22361059937277866,0.016417362250651046,-0.04872201547363706,0.0,4.23676326250378e-05,0.16603558415460198,0.0,0.3891079692812862,0.07500000000000001,0.0,0.38999999999999996,1.5,129.88646969817984,0.025907641832989468,True,False,False
9.585,0.09095876033341865,0.22476552041980888,0.016123236354894925,-0.04872201547363706,0.0,4.23676326250378e-05,0.16595434422281846,0.0,0.3891037029569693,0.07500000000000001,0.0,0.38999999999999996,1.5,129.8864688809249,0.025807862214633243,True,False,False
9.59,0.09087903430288902,0.2258919668445975,0.015828207397166585,-0.04872201547363706,0.0,4.23676326250378e-05,0.16587457326403396,0.0,0.38909955016497055,0.07500000000000001,0.0,0.38999999999999996,1.5,129.88646808009221,0.02571313219160142,True,False,False
9.595,0.09080078076834057,0.22698984380907306,0.015532299700804495,-0.04872201547363706,0.0,4.23676326250378e-05,0.16579627573963754,0.0,0.38909551122065816,0.07500000000000001,0.0,0.38999999999999996,1.5,129.8864672951569,0.025623250200111712,True,False,False
9.6,0.09072400404712633,0.2280590572216609,0.015235537726321916,-0.05022008972491826,0.0,1.8954906893580098e-05,0.1657194559901155,0.0,0.38909158643752284,0.07500000000000001,0.0,0.38999999999999996,1.5,129.88623089594986,0.02789970444868066,True,False,False
9.605,0.09064870831978489,0.22909948563292812,0.014937955772755676,-0.05022008972491826,0.0,1.8954906893580098e-05,0.1656441182177418,0.0,0.38908777602887834,0.07500000000000001,0.0,0.38999999999999996,1.5,129.88623005224673,0.027734167276239834,True,False,False
9.61,0.09057489762393603,0.23011100884109875,0.014639575350117316,-0.05022008972491826,0.0,1.8954906893580098e-05,0.165570266481421,0.0,0.38908408020499563,0.07500000000000001,0.0,0.38999999999999996,1.5,129.88622923578953,0.027575121940363247,True,False,False
9.615,0.09050257588007694,0.23109354158764653,0.014340421586429541,-0.05022008972491826,0.0,1.8954906893580098e-05,0.16549790472324571,0.0,0.38908049924881527,0.07500000000000001,0.0,0.38999999999999996,1.5,129.88622844572393,0.027422338571814215,True,False,False
9.620000000000001,0.09043174688663604,0.23204700475844559,0.014040519473076205,-0.05022008972491826,0.0,1.8954906893580098e-05,0.16542703676258133,0.0,0.38907703342023037,0.07500000000000001,0.0,0.38999999999999996,1.5,129.8862276812125,0.02727559261503394,True,False,False
9.625,0.09036241432009989,0.23297132356618214,0.013739893953219735,-0.05022008972491826,0.0,1.8954906893580098e-05,0.16535766629625182,0.0,0.38907368296323885,0.07500000000000001,0.0,0.38999999999999996,1.5,129.88622694143564,0.027134663995294468,True,False,False
9.63,0.09029458173492519,0.2338664262532445,0.013438569986898305,-0.05022008972491826,0.0,1.8954906893580098e-05,0.16528979689849196,0.0,0.38907044811109964,0.07500000000000001,0.0,0.38999999999999996,1.5,129.88622622559225,0.026999336566498867,True,False,False
9.635,0.09022825256328505,0.23473224315876925,0.013136572599107206,-0.05022008972491826,0.0,1.8954906893580098e-05,0.16522343202072065,0.0,0.38906732909000197,0.07500000000000001,0.0,0.38999999999999996,1.5,129.88622553290048,0.026869397748535365,True,False,False
9.64,0.09016343011470172,0.23556870609412378,0.012833926915590448,-0.05022008972491826,0.0,1.8954906893580098e-05,0.16515857499118985,0.0,0.3890643261216115,0.07500000000000001,0.0,0.38999999999999996,1.5,129.88622486259862,0.02674463829236806,True,False,False
9.645,0.09010011757560066,0.23637574789986132,0.012530658189872129,-0.05022008972491826,0.0,1.8954906893580098e-05,0.16509522901454715,0.0,0.3890614394247758,0.07500000000000001,0.0,0.38999999999999996,1.5,129.88622421394552,0.026624852131158797,True,False,False
9.65,0.0900383180088127,0.23715330218298541,0.012226791824165468,-0.05174210147245294,0.0,-4.377731908800401e-06,0.16503339717134055,0.0,0.38905866921662113,0.07500000000000001,0.0,0.38999999999999996,1.5,129.88598938951594,0.02890926350534111,True,False,False
9.655,0.08997803433711571,0.23790127475405193,0.011922362869764098,-0.05174210147245294,0.0,-4.377731908800401e-06,0.16497308240056008,0.0,0.38905601561813663,0.07500000000000001,0.0,0.38999999999999996,1.5,129.8859887215736,0.028712705389512698,True,False,False
9.66,0.08991926933715862,0.23861957269214454,0.011617394087834252,-0.05174210147245294,0.0,-4.377731908800401e-06,0.1649142874945178,0.0,0.3890534787473723,0.07500000000000001,0.0,0.38999999999999996,1.5,129.88598808783948,0.028522787528745756,True,False,False
9.665000000000001,0.08986202566581285,0.23930813859016886,0.011311911573940304,-0.05174210147245294,0.0,-4.377731908800401e-06,0.16485701512594858,0.0,0.38905105879093843,0.07500000000000001,0.0,0.38999999999999996,1.5,129.88598748717664,0.028339275575856897,True,False,False
9.67,0.0898063058552595,0.2399669212618737,0.011005941322649988,-0.05174210147245294,0.0,-4.377731908800401e-06,0.16480126784212976,0.0,0.389048755912243,0.07500000000000001,0.0,0.38999999999999996,1.5,129.88598691847562,0.028161940695410812,True,False,False
9.675,0.08975211231323287,0.2405958739307776,0.010699509328159199,-0.05174210147245294,0.0,-4.377731908800401e-06,0.16474704806519075,0.0,0.38904657025874445,0.07500000000000001,0.0,0.38999999999999996,1.5,129.88598638065505,0.027990558676420606,True,False,False
9.68,0.08969944732303793,0.2411949529214141,0.0103926416581851,-0.05174210147245294,0.0,-4.377731908800401e-06,0.16469435809217586,0.0,0.38904450196704254,0.07500000000000001,0.0,0.38999999999999996,1.5,129.8859858726621,0.02782490937039814,True,False,False
9.685,0.08964831304342807,0.24176411669673697,0.010085364507599795,-0.05174210147245294,0.0,-4.377731908800401e-06,0.1646432000949548,0.0,0.389042551166708,0.07500000000000001,0.0,0.38999999999999996,1.5,129.88598539347296,0.0276647764147527,True,False,False
9.69,0.08959871150836246,0.24230332520284067,0.009777704254847999,-0.05174210147245294,0.0,-4.377731908800401e-06,0.1645935761200014,0.0,0.3890407179829247,0.07500000000000001,0.0,0.38999999999999996,1.5,129.88598494209327,0.027509946941081664,True,False,False
9.695,0.0895506446266746,0.2428125394089342,0.009469687507764188,-0.05174210147245294,0.0,-4.377731908800401e-06,0.16454548808807448,0.0,0.38903900253825635,0.07500000000000001,0.0,0.38999999999999996,1.5,129.88598451755843,0.027360211419829028,True,False,False
9.700000000000001,0.08950411418168758,0.24329172104268457,0.009161341147250675,-0.05328061495543722,0.0,-2.7221119216189156e-05,0.16449893779383942,0.0,0.38903740495376843,0.07500000000000001,0.0,0.38999999999999996,1.5,129.88575668655136,0.029640806060667817,True,False,False
9.705,0.08945912181464663,0.24374080368035184,0.00885270140032957,-0.05328061495543722,0.0,-2.7221119216189156e-05,0.16445392688836447,0.0,0.3890359252627872,0.07500000000000001,0.0,0.38999999999999996,1.5,129.8857562832158,0.02941359648820596,True,False,False
9.71,0.08941566901873753,0.24415972216597595,0.00854379329811656,-0.05328061495543722,0.0,-2.7221119216189156e-05,0.16441045687404207,0.0,0.38903456349588306,0.07500000000000001,0.0,0.38999999999999996,1.5,129.88575592032936,0.029193162916685552,True,False,False
9.715,0.0893737571658976,0.24454844719721586,0.008234644900882968,-0.05328061495543722,0.0,-2.7221119216189156e-05,0.1643685291320805,0.0,0.38903331974401323,0.07500000000000001,0.0,0.38999999999999996,1.5,129.88575559646844,0.028979267684082384,True,False,False
9.72,0.0893333875019196,0.24490695574285015,0.007925284448401652,-0.05328061495543722,0.0,-2.7221119216189156e-05,0.1643281449167036,0.0,0.3890321940749681,0.07500000000000001,0.0,0.38999999999999996,1.5,129.8857553102478,0.028771678806809513,True,False,False
9.725,0.08929456114681802,0.2452352291560217,0.007615740521433384,-0.05328061495543722,0.0,-2.7221119216189156e-05,0.16428930535559086,0.0,0.38903118654072194,0.07500000000000001,0.0,0.38999999999999996,1.5,129.88575506032063,0.028570169119522558,True,False,False
9.73,0.08925727909497518,0.24553325185309693,0.007306042198996886,-0.05328061495543722,0.0,-2.7221119216189156e-05,0.16425201145007595,0.0,0.38903029718273857,0.07500000000000001,0.0,0.38999999999999996,1.5,129.88575484537873,0.02837451570326638,True,False,False
9.735,0.08922154221511829,0.24580101033989635,0.006996219223788237,-0.05328061495543722,0.0,-2.7221119216189156e-05,0.16421626407516077,0.0,0.3890295260357364,0.07500000000000001,0.0,0.38999999999999996,1.5,129.88575466415284,0.028184499508374577,True,False,False
9.74,0.0891873512501793,0.2460384925573226,0.006686302188695118,-0.05328061495543722,0.0,-2.7221119216189156e-05,0.1641820639794003,0.0,0.3890288731303207,0.07500000000000001,0.0,0.38999999999999996,1.5,129.8857545154125,0.027999905108612715,True,False,False
9.745000000000001,0.08915470681707646,0.24624568744579062,0.0063763227592997015,-0.05328061495543722,0.0,-2.7221119216189156e-05,0.16414941178470016,0.0,0.38902833849472934,0.07500000000000001,0.0,0.38999999999999996,1.5,129.88575439796628,0.027820520543718388,True,False,False
9.75,0.08912360940644133,0.24642258465024425,0.006066313950982614,-0.05482744875315203,0.0,-4.917414675686938e-05,0.16411830798605323,0.0,0.3890279221559565,0.07500000000000001,0.0,0.38999999999999996,1.5,129.88553885862865,0.03008469413544871,True,False,False
9.755,0.08909405936757461,0.24656914364073326,0.005756315510626016,-0.05482744875315203,0.0,-4.917414675686938e-05,0.16408875293575867,0.0,0.3890276240725617,0.07500000000000001,0.0,0.38999999999999996,1.5,129.88553880293318,0.02982669909747272,True,False,False
9.76,0.08906605702600293,0.24668516016468808,0.005446308245142078,-0.05482744875315203,0.0,-4.917414675686938e-05,0.16406074696848122,0.0,0.3890274448214268,0.07500000000000001,0.0,0.38999999999999996,1.5,129.88553879436583,0.029559373689434898,True,False,False
9.765,0.08903960276041119,0.2467701342599804,0.0051363302258124665,-0.05482744875315203,0.0,-4.917414675686938e-05,0.16403429048580145,0.0,0.3890273862936649,0.07500000000000001,0.0,0.38999999999999996,1.5,129.88553883450874,0.029280656884443652,True,False,False
9.77,0.08901469676375041,0.24682348273141363,0.004826448266814434,-0.05482744875315203,0.0,-4.917414675686938e-05,0.1640093837066488,0.0,0.3890274507184704,0.07500000000000001,0.0,0.38999999999999996,1.5,129.88553892458827,0.028993215951681802,True,False,False
9.775,0.08899133901518459,0.24684461125405743,0.004516737490393664,-0.05482744875315203,0.0,-4.917414675686938e-05,0.1639860266361338,0.0,0.3890276403809252,0.07500000000000001,0.0,0.38999999999999996,1.5,129.88553906539676,0.028698968346826222,True,False,False
9.78,0.08896952927881316,0.2468329464066754,0.004207282140642755,-0.05482744875315203,0.0,-4.917414675686938e-05,0.16396421906283265,0.0,0.3890279574937705,0.07500000000000001,0.0,0.38999999999999996,1.5,129.88553925740862,0.02839931029158197,True,False,False
9.785,0.08894926710597736,0.24678795447434815,0.0038981780841518023,-0.05482744875315203,0.0,-4.917414675686938e-05,0.16394396056023075,0.0,0.38902840412175327,0.07500000000000001,0.0,0.38999999999999996,1.5,129.88553950086168,0.02809526944511874,True,False,False
9.790000000000001,0.08893055183950696,0.24670915144619984,0.0035895374278601014,-0.05482744875315203,0.0,-4.917414675686938e-05,0.16392525049049422,0.0,0.38902898214120696,0.07500000000000001,0.0,0.38999999999999996,1.5,129.88553979581542,0.027787608134063,True,False,False
9.795,0.08891338261888349,0.2465961071880711,0.0032814962275252053,-0.05482744875315203,0.0,-4.917414675686938e-05,0.16390808800941514,0.0,0.38902969322270486,0.07500000000000001,0.0,0.38999999999999996,1.5,129.8855401421935,0.027476894146042898,True,False,False
9.8,0.08889775838570456,0.24644844597490695,0.0029742272074571477,-0.05640350683742283,0.0,-7.013818658024444e-05,0.16389247207182223,0.0,0.3890305388283107,0.07500000000000001,0.0,0.38999999999999996,1.5,129.88533974388093,0.029648171915826742,True,False,False
9.805,0.08888367776046666,0.24626596209072116,0.002667997052078546,-0.05640350683742283,0.0,-7.013818658024444e-05,0.1638784013017504,0.0,0.3890315196070714,0.07500000000000001,0.0,0.38999999999999996,1.5,129.8853402374894,0.02925749721881512,True,False,False
9.81,0.08887113913101834,0.24604861814868087,0.0023630845978774586,-0.05640350683742283,0.0,-7.013818658024444e-05,0.16386587408267284,0.0,0.38903263555608114,0.07500000000000001,0.0,0.38999999999999996,1.5,129.88534079992095,0.028869191767651667,True,False,False
9.815,0.08886014083378035,0.245796347746974,0.0020599625351079265,-0.05640350683742283,0.0,-7.013818658024444e-05,0.1638548887487653,0.0,0.38903388694045615,0.07500000000000001,0.0,0.38999999999999996,1.5,129.8853414297835,0.028482874875663082,True,False,False
9.82,0.08885068105577319,0.24550910283260463,0.0017594031739113377,-0.05640350683742283,0.0,-7.013818658024444e-05,0.16384544348323588,0.0,0.38903527395501375,0.07500000000000001,0.0,0.38999999999999996,1.5,129.88534212574632,0.028098216946668007,True,False,False
9.825000000000001,0.08884275783504371,0.24518684959785933,0.0014627770050244459,-0.05640350683742283,0.0,-7.013818658024444e-05,0.16383753631892906,0.0,0.3890367967404628,0.07500000000000001,0.0,0.38999999999999996,1.5,129.88534288653102,0.027714926319829733,True,False,False
9.83,0.0888363690609696,0.24482956589702526,0.00117277825159741,-0.05640350683742283,0.0,-7.013818658024444e-05,0.16383116513874413,0.0,0.3890384553936663,0.07500000000000001,0.0,0.38999999999999996,1.5,129.88534371090512,0.027332740180181156,True,False,False
9.835,0.08883151247447996,0.24443723969463457,0.0008954410997496419,-0.05640350683742283,0.0,-7.013818658024444e-05,0.1638263276759251,0.0,0.38904024997375597,0.07500000000000001,0.0,0.38999999999999996,1.5,129.88534459767754,0.02695141821527298,True,False,False
9.84,0.08882818566826009,0.2440098682006183,0.0006466061855629521,-0.05640350683742283,0.0,-7.013818658024444e-05,0.16382302151430705,0.0,0.3890421805056093,0.07500000000000001,0.0,0.38999999999999996,1.5,129.8853455456941,0.026570738127847833,True,False,False
9.845,0.08882638608698305,0.24354745739902692,0.0004726050077151902,-0.05640350683742283,0.0,-7.013818658024444e-05,0.1638212440885723,0.0,0.38904424698167417,0.07500000000000001,0.0,0.38999999999999996,1.5,129.88534655383515,0.026190492414200548,True,False,False
9.85,0.0888261110275854,0.24305002183388502,0.0004654055692814339,-0.05798206088075417,0.0,-8.96040797873103e-05,0.1638209926845412,0.0,0.3890464493628492,0.07500000000000001,0.0,0.38999999999999996,1.5,129.8851673985026,0.028299033800155474,True,False,False
9.855,0.08882735751056232,0.24251770198160266,0.0006296748399129047,-0.05798206088075417,0.0,-8.96040797873103e-05,0.16382226430412952,0.0,0.3890487869867301,0.07500000000000001,0.0,0.38999999999999996,1.5,129.88516862016547,0.02784395123880258,True,False,False
9.86,0.08883012236393165,0.2419507655341859,0.000872892467006922,-0.05798206088075417,0.0,-8.96040797873103e-05,0.16382505575080297,0.0,0.3890512586981606,0.07500000000000001,0.0,0.38999999999999996,1.5,129.8851699181811,0.027393215305271282,True,False,False
9.865,0.08883440240065314,0.24134941334897816,0.0011453152578316998,-0.05798206088075417,0.0,-8.96040797873103e-05,0.16382936381655516,0.0,0.3890538637374822,0.07500000000000001,0.0,0.38999999999999996,1.5,129.88517129038195,0.02694611678238163,True,False,False
9.870000000000001,0.08884019431644836,0.24071383063838558,0.0014299121104454202,-0.05798206088075417,0.0,-8.96040797873103e-05,0.16383518517613554,0.0,0.389056601406608,0.07500000000000001,0.0,0.38999999999999996,1.5,129.8851727347375,0.026502057642282664,True,False,False
9.875,0.08884749468680202,0.24004418663795837,0.0017202711674991523,-0.05798206088075417,0.0,-8.96040797873103e-05,0.16384251638407435,0.0,0.3890594710707295,0.07500000000000001,0.0,0.38999999999999996,1.5,129.88517424933204,0.026060526529153725,True,False,False
9.88,0.08885629996426081,0.2393406355189678,0.002013561569400107,-0.05798206088075417,0.0,-8.96040797873103e-05,0.16385135387194902,0.0,0.38906247215487333,0.07500000000000001,0.0,0.38999999999999996,1.5,129.88517583234832,0.025621080810435494,True,False,False
9.885,0.08886660647603767,0.23860331813799326,0.00230835715702512,-0.05798206088075417,0.0,-8.96040797873103e-05,0.16386169394592262,0.0,0.38906560413735924,0.07500000000000001,0.0,0.38999999999999996,1.5,129.88517748205373,0.025183333217794854,True,False,False
9.89,0.0888784104219482,0.23783236406784897,0.0026038612265181444,-0.05798206088075417,0.0,-8.96040797873103e-05,0.1638735327846,0.0,0.3890688665418426,0.07500000000000001,0.0,0.38999999999999996,1.5,129.88517919678927,0.02474694172816814,True,False,False
9.895,0.08889170787268118,0.23702789378826608,0.002899590322532605,-0.05798206088075417,0.0,-8.96040797873103e-05,0.16388686643721428,0.0,0.3890722589289472,0.07500000000000001,0.0,0.38999999999999996,1.5,129.8851809749607,0.024311601768858035,True,False,False
9.9,0.08890649476838265,0.2361900207641942,0.003195230250687655,-0.05951629774428566,0.0,-0.00010704020011038592,0.16390169082213055,0.0,0.38907578088812106,0.07500000000000001,0.0,0.38999999999999996,1.5,129.8850283992702,0.026295713040536437,True,False,False
9.905,0.08892276679184544,0.23531896756482307,0.0034904579464026396,-0.05951629774428566,0.0,-0.00010704020011038592,0.163918001594195,0.0,0.3890794314736715,0.07500000000000001,0.0,0.38999999999999996,1.5,129.88503044621527,0.02578866066960387,True,False,False
9.91,0.08894051944901601,0.23441506888929436,0.0037851886038766233,-0.05951629774428566,0.0,-0.00010704020011038592,0.1639357942264155,0.0,0.3890832093055242,0.07500000000000001,0.0,0.38999999999999996,1.5,129.88503257181094,0.025286256114768934,True,False,False
9.915000000000001,0.08895974824070772,0.23347858451324288,0.004079314591925146,-0.05951629774428566,0.0,-0.00010704020011038592,0.16395506419040684,0.0,0.3890871134075356,0.07500000000000001,0.0,0.38999999999999996,1.5,129.8850347734264,0.024787767281817575,True,False,False
9.92,0.08898044856218325,0.2325097503438019,0.004372751769707571,-0.05951629774428566,0.0,-0.00010704020011038592,0.16397580685272603,0.0,0.38909114289696867,0.07500000000000001,0.0,0.38999999999999996,1.5,129.88503704858624,0.02429257963767402,True,False,False
9.925,0.08900261569946864,0.23150877923758453,0.004665431578506865,-0.05951629774428566,0.0,-0.00010704020011038592,0.16399801747115456,0.0,0.38909529698167156,0.07500000000000001,0.0,0.38999999999999996,1.5,129.88503939494603,0.02380017083777132,True,False,False
9.93,0.08902624482606848,0.23047586291414132,0.004957296075153174,-0.05951629774428566,0.0,-0.00010704020011038592,0.16402169119133575,0.0,0.3890995749528462,0.07500000000000001,0.0,0.38999999999999996,1.5,129.8850418102727,0.02331009197988932,True,False,False
9.935,0.08905133100007119,0.22941117446983209,0.005248294727015403,-0.05951629774428566,0.0,-0.00010704020011038592,0.1640468230437781,0.0,0.3891039761753657,0.07500000000000001,0.0,0.38999999999999996,1.5,129.88504429242903,0.022821953520981604,True,False,False
9.94,0.08907786916166084,0.22831487112104326,0.005538382294263997,-0.05951629774428566,0.0,-0.00010704020011038592,0.16407340794125658,0.0,0.3891085000771394,0.07500000000000001,0.0,0.38999999999999996,1.5,129.8850468393612,0.022335414512471924,True,False,False
9.945,0.08910585413102097,0.2271870969567671,0.005827517400995463,-0.05951629774428566,0.0,-0.00010704020011038592,0.1641014406766083,0.0,0.3891131461385111,0.07500000000000001,0.0,0.38999999999999996,1.5,129.8850494490878,0.021850174236803403,True,False,False
9.950000000000001,0.0891352806066073,0.22602798551581574,0.0061156615529077,-0.060969314396594906,0.0,-0.00012214269369774912,0.16413091592090484,0.0,0.3891179138821993,0.07500000000000001,0.0,0.38999999999999996,1.5,129.88492610660168,0.023656587315393197,True,False,False
9.955,0.08916614304442923,0.22483777021509146,0.006402691760979237,-0.060969314396594906,0.0,-0.00012214269369774912,0.16416182809763671,0.0,0.3891228023557396,0.07500000000000001,0.0,0.38999999999999996,1.5,129.88492902609468,0.02310401657246983,True,False,False
9.96,0.08919843573414053,0.22361678773128296,0.006688630870894221,-0.060969314396594906,0.0,-0.00012214269369774912,0.16419417145969625,0.0,0.3891278102064868,0.07500000000000001,0.0,0.38999999999999996,1.5,129.88493202191367,0.022556135553483157,True,False,False
9.965,0.08923215296180269,0.22236530124247728,0.006973454658726269,-0.060969314396594906,0.0,-0.00012214269369774912,0.16422794025981163,0.0,0.38913293645559277,0.07500000000000001,0.0,0.38999999999999996,1.5,129.8849350910489,0.022012250787498334,True,False,False
9.97,0.08926728891437669,0.22108354913494901,0.0072571392398705515,-0.060969314396594906,0.0,-0.00012214269369774912,0.16426312865226894,0.0,0.3891381802211109,0.07500000000000001,0.0,0.38999999999999996,1.5,129.88493823065082,0.021471781918045885,True,False,False
9.975,0.08930383767606723,0.2197717460532033,0.007539660727302976,-0.060969314396594906,0.0,-0.00012214269369774912,0.16429973068920803,0.0,0.3891435407141698,0.07500000000000001,0.0,0.38999999999999996,1.5,129.8849414380051,0.0209342373318755,True,False,False
9.98,0.08934179321758526,0.21843009604029626,0.007820981989124894,-0.060969314396594906,0.0,-0.00012214269369774912,0.16433774030940046,0.0,0.3891490171894274,0.07500000000000001,0.0,0.38999999999999996,1.5,129.88494471039243,0.020401615538342993,True,False,False
9.985,0.0893811492775247,0.21705895248964133,0.008101016320186278,-0.060969314396594906,0.0,-0.00012214269369774912,0.1643771512138907,0.0,0.3891546083390102,0.07500000000000001,0.0,0.38999999999999996,1.5,129.8849480436389,0.01988354914525186,True,False,False
9.99,0.08942189940884135,0.21565883904510705,0.008379730763449491,-0.060969314396594906,0.0,-0.00012214269369774912,0.1644179569118257,0.0,0.3891603122009782,0.07500000000000001,0.0,0.38999999999999996,1.5,129.88495143268042,0.019379912845075755,True,False,False
9.995000000000001,0.08946403707671291,0.21423034436198907,0.008657101745318052,-0.060969314396594906,0.0,-0.00012214269369774912,0.16446015082226806,0.0,0.3891661265560552,0.07500000000000001,0.0,0.38999999999999996,1.5,129.88495487266604,0.018890137465618295,True,False,False
10.0,0.0895075556710956,0.21277409438735861,0.00893311095926615,-0.06229684405327144,0.0,-0.00013462891808717388,0.1645037262878835,0.0,0.38917204903652935,0.07500000000000001,0.0,0.38999999999999996,1.5,129.88486248215384,0.020506482652296768,True,False,False
10.005,0.08955244850076154,0.2112907071328553,0.009207738259487112,-0.06229684405327144,0.0,-0.00013462891808717388,0.16454867656998468,0.0,0.38917807722636,0.07500000000000001,0.0,0.38999999999999996,1.5,129.884866230063,0.019967775785272698,True,False,False
10.01,0.08959870879492984,0.20978080318735287,0.009480971213973455,-0.06229684405327144,0.0,-0.00013462891808717388,0.16459499485055307,0.0,0.38918420869825104,0.07500000000000001,0.0,0.38999999999999996,1.5,129.884870035171,0.019443416826637337,True,False,False
10.015,0.08964632973114045,0.20824502471375264,0.009752798938788575,-0.06229684405327144,0.0,-0.00013462891808717388,0.16464267426017756,0.0,0.38919044101631983,0.07500000000000001,0.0,0.38999999999999996,1.5,129.88487389236693,0.018932919910153445,True,False,False
10.02,0.0896953044329709,0.2066840018867114,0.010023212043185183,-0.06229684405327144,0.0,-0.00013462891808717388,0.16469170787629256,0.0,0.38919677179012946,0.07500000000000001,0.0,0.38999999999999996,1.5,129.8848777967485,0.01843581714534121,True,False,False
10.025,0.08974562597186347,0.2050983457018209,0.010292202065453785,-0.06229684405327144,0.0,-0.00013462891808717388,0.16474208872527302,0.0,0.3892031987030358,0.07500000000000001,0.0,0.38999999999999996,1.5,129.88488174361632,0.017951655525622206,True,False,False
10.03,0.0897972873679727,0.20348864297044947,0.010559761062411152,-0.06229684405327144,0.0,-0.00013462891808717388,0.16479380978345903,0.0,0.3892097195319085,0.07500000000000001,0.0,0.38999999999999996,1.5,129.88488572846896,0.017479994834657835,True,False,False
10.035,0.08985028159028355,0.20185545293248128,0.010825881311614848,-0.06229684405327144,0.0,-0.00013462891808717388,0.16484686397738368,0.0,0.3892163321604394,0.07500000000000001,0.0,0.38999999999999996,1.5,129.884889746998,0.01702040622924571,True,False,False
10.040000000000001,0.08990460155619447,0.20019930512819675,0.011090555096025374,-0.06229684405327144,0.0,-0.00013462891808717388,0.16490124418341573,0.0,0.3892230345876767,0.07500000000000001,0.0,0.38999999999999996,1.5,129.8848937950834,0.016572471280641047,True,False,False
10.045,0.0899602401307149,0.19852069812634907,0.011353774548861089,-0.06229684405327144,0.0,-0.00013462891808717388,0.16495694322697968,0.0,0.38922982493299063,0.07500000000000001,0.0,0.38999999999999996,1.5,129.88489786878873,0.01613578132617379,True,False,False
10.05,0.09001719012537256,0.1968200989633996,0.01161553154237599,-0.06343295067574589,0.0,-0.00014409616080720506,0.16501395388145862,0.0,0.38923670143841804,0.07500000000000001,0.0,0.38999999999999996,1.5,129.8848380044047,0.017500942667170005,True,False,False
10.055,0.09007544428432894,0.1950979217029252,0.011875813568285586,-0.06343295067574589,0.0,-0.00014409616080720506,0.165072268854572,0.0,0.389243662503277,0.07500000000000001,0.0,0.38999999999999996,1.5,129.88484233591402,0.01702127732522032,True,False,False
10.06,0.09013499527946785,0.1933545496271356,0.012134610742144657,-0.06343295067574589,0.0,-0.00014409616080720506,0.16513188078311208,0.0,0.3892507066471899,0.07500000000000001,0.0,0.38999999999999996,1.5,129.88484669808506,0.016553377872330705,True,False,False
10.065,0.09019583572959285,0.19159036145236386,0.012391913356064627,-0.06343295067574589,0.0,-0.00014409616080720506,0.1651927822516681,0.0,0.38925783245632856,0.07500000000000001,0.0,0.38999999999999996,1.5,129.8848510867705,0.016096841326957795,True,False,False
10.07,0.09025795819484274,0.1898057100841222,0.012647711564629292,-0.06343295067574589,0.0,-0.00014409616080720506,0.16525496578730645,0.0,0.3892650386172563,0.07500000000000001,0.0,0.38999999999999996,1.5,129.88485549800768,0.015651275154619997,True,False,False
10.075000000000001,0.09032135517559187,0.18800092208066882,0.012901995277860413,-0.06343295067574589,0.0,-0.00014409616080720506,0.16531842385846118,0.0,0.38927232391906397,0.07500000000000001,0.0,0.38999999999999996,1.5,129.8848599280142,0.015216296547133926,True,False,False
10.08,0.09038601911114495,0.18617629760591264,0.01315475408516454,-0.06343295067574589,0.0,-0.00014409616080720506,0.165383148873602,0.0,0.3892796872536463,0.07500000000000001,0.0,0.38999999999999996,1.5,129.8848643731826,0.014791531925336023,True,False,False
10.085,0.0904519423782777,0.18433211072442915,0.013405977202463313,-0.06343295067574589,0.0,-0.00014409616080720506,0.1654491331797348,0.0,0.389287127614599,0.07500000000000001,0.0,0.38999999999999996,1.5,129.88486883007522,0.014376616590623968,True,False,False
10.09,0.09051911728967164,0.18246860996458555,0.013655653436618117,-0.06343295067574589,0.0,-0.00014409616080720506,0.1655163690607876,0.0,0.38929464409506304,0.07500000000000001,0.0,0.38999999999999996,1.5,129.88487329541982,0.013971194474711023,True,False,False
10.095,0.09058753609228129,0.18058601908259414,0.013903771162743765,-0.06343295067574589,0.0,-0.00014409616080720506,0.16558484873592222,0.0,0.3893022358848016,0.07500000000000001,0.0,0.38999999999999996,1.5,129.88487776610432,0.01357491795352389,True,False,False
10.1,0.09065719096566016,0.17868453795727085,0.014150318311139085,-0.06436226279763065,0.0,-0.00015058213660251358,0.16565456435780107,0.0,0.38930990226671935,0.07500000000000001,0.0,0.38999999999999996,1.5,129.88484839032057,0.014652441614068493,True,False,False
10.105,0.09072807400989864,0.176764326122978,0.014395279695253947,-0.06436226279763065,0.0,-0.00015058213660251358,0.16572550800080288,0.0,0.389317642658207,0.07500000000000001,0.0,0.38999999999999996,1.5,129.88485305860561,0.014220870257544899,True,False,False
10.11,0.09080017724117889,0.17482552177619223,0.014638640877288348,-0.06436226279763065,0.0,-0.00015058213660251358,0.16579767165614656,0.0,0.38932545656025536,0.07500000000000001,0.0,0.38999999999999996,1.5,129.88485773594732,0.013798834986137341,True,False,False
10.115,0.09087349260713062,0.17286826391456728,0.01488038813312503,-0.06436226279763065,0.0,-0.00015058213660251358,0.16587104724674862,0.0,0.38933334349368703,0.07500000000000001,0.0,0.38999999999999996,1.5,129.8848624191037,0.013385996028388934,True,False,False
10.120000000000001,0.09094801198186946,0.1708926754798546,0.01512050754759503,-0.06436226279763065,0.0,-0.00015058213660251358,0.16594562662256884,0.0,0.3893413030419318,0.07500000000000001,0.0,0.38999999999999996,1.5,129.88486710499035,0.012982023034740681,True,False,False
10.125,0.09102372716485242,0.16889886336426987,0.015358984953613845,-0.06436226279763065,0.0,-0.00015058213660251358,0.16602140155944325,0.0,0.38934933485103634,0.07500000000000001,0.0,0.38999999999999996,1.5,129.88487179067528,0.012586594464082005,True,False,False
10.13,0.09110062987962858,0.16688691871328212,0.015595805891556121,-0.06436226279763065,0.0,-0.00015058213660251358,0.16609836375780257,0.0,0.3893574386284854,0.07500000000000001,0.0,0.38999999999999996,1.5,129.88487647337394,0.01219939714109913,True,False,False
10.135,0.09117871177252115,0.1648569174822191,0.01583095558377625,-0.06436226279763065,0.0,-0.00015058213660251358,0.16617650484131616,0.0,0.38936561414112514,0.07500000000000001,0.0,0.38999999999999996,1.5,129.8848811504443,0.011820125927896476,True,False,False
10.14,0.09125796441127662,0.16280892112230796,0.016064418920400222,-0.06436226279763065,0.0,-0.00015058213660251358,0.16625581635549894,0.0,0.3893738612124411,0.07500000000000001,0.0,0.38999999999999996,1.5,129.88488581938216,0.01144848347166635,True,False,False
10.145,0.0913383792837047,0.16074297740028973,0.016296180453473284,-0.06436226279763065,0.0,-0.00015058213660251358,0.16633628976630682,0.0,0.38938217971938976,0.07500000000000001,0.0,0.38999999999999996,1.5,129.88489047781624,0.011084180002746035,True,False,False
10.15,0.09141994779633185,0.15865912130369514,0.01652622439728864,-0.06508479179228314,0.0,-0.00015414427700191277,0.16641791645874493,0.0,0.3893905695888989,0.07500000000000001,0.0,0.38999999999999996,1.5,129.88488993767135,0.011865933097442646,True,False,False
10.155,0.09150266126495568,0.15655736243946256,0.01675453326033916,-0.06508479179228314,0.0,-0.00015414427700191277,0.1665006877277353,0.0,0.3893990308488007,0.07500000000000001,0.0,0.38999999999999996,1.5,129.88489473028676,0.011474591115314417,True,False,False
10.16,0.09158651091132931,0.15443770019224434,0.016981088741784302,-0.06508479179228314,0.0,-0.00015414427700191277,0.16658459477436138,0.0,0.3894075635670699,0.07500000000000001,0.0,0.38999999999999996,1.5,129.88489951484635,0.011090838809566288,True,False,False
10.165000000000001,0.09167148787524036,0.15230014088501595,0.017205873873689544,-0.06508479179228314,0.0,-0.00015414427700191277,0.16666962871749094,0.0,0.3894161677829172,0.07500000000000001,0.0,0.38999999999999996,1.5,129.88490428892055,0.01071439598647684,True,False,False
10.17,0.09175758321068962,0.15014468464151717,0.017428871573984223,-0.06508479179228314,0.0,-0.00015414427700191277,0.1667557805903031,0.0,0.3894248435597266,0.07500000000000001,0.0,0.38999999999999996,1.5,129.8849090502075,0.010344990533133789,True,False,False
10.175,0.09184478788514212,0.14797132544849714,0.017650064608088076,-0.06508479179228314,0.0,-0.00015414427700191277,0.16684304133952804,0.0,0.38943359098480357,0.07500000000000001,0.0,0.38999999999999996,1.5,129.88491379652842,0.009982357895107461,True,False,False
10.18,0.09193309277873365,0.1457800514546645,0.01786943556525912,-0.06508479179228314,0.0,-0.00015414427700191277,0.1669314018246364,0.0,0.3894424101682294,0.07500000000000001,0.0,0.38999999999999996,1.5,129.88491852582334,0.009626240688909136,True,False,False
10.185,0.09202248868344984,0.143570845432989,0.018086966845874308,-0.06508479179228314,0.0,-0.00015414427700191277,0.16702085281699824,0.0,0.38945130124111593,0.07500000000000001,0.0,0.38999999999999996,1.5,129.88492323614636,0.009276388405432365,True,False,False
10.19,0.09211296630231167,0.14134368531169333,0.018302640656770817,-0.06508479179228314,0.0,-0.00015414427700191277,0.16711138499904665,0.0,0.38946026435340114,0.07500000000000001,0.0,0.38999999999999996,1.5,129.88492792566194,0.008932557174726866,True,False,False
10.195,0.09220451624858095,0.13909854484057002,0.018516439012492083,-0.06508479179228314,0.0,-0.00015414427700191277,0.16720298896346053,0.0,0.3894692996713711,0.07500000000000001,0.0,0.38999999999999996,1.5,129.88493259264007,0.008594509572175071,True,False,False
10.200000000000001,0.0922971290450013,0.1368353942525788,0.018728343740833955,-0.0656055853817933,0.0,-0.00015480518148053743,0.16729565521238338,0.0,0.38947840737497963,0.07500000000000001,0.0,0.38999999999999996,1.5,129.8849599026707,0.009082977141909924,True,False,False
10.205,0.09239079511715503,0.13455419114094275,0.01893833641745711,-0.0656055853817933,0.0,-0.00015480518148053743,0.16738937415111524,0.0,0.38948758771935077,0.07500000000000001,0.0,0.38999999999999996,1.5,129.88496464111418,0.00872634670453774,True,False,False
10.21,0.09248550479138937,0.1322548912716635,0.019146396288915873,-0.0656055853817933,0.0,-0.00015480518148053743,0.1674841360856305,0.0,0.38949684096680537,0.07500000000000001,0.0,0.38999999999999996,1.5,129.88496935829562,0.008375600315468506,True,False,False
10.215,0.09258124830386723,0.12993746110718024,0.019352504530854568,-0.0656055853817933,0.0,-0.00015480518148053743,0.16757993123122567,0.0,0.3895061673118907,0.07500000000000001,0.0,0.38999999999999996,1.5,129.884974052492,0.008030511000929188,True,False,False
10.22,0.09267801579805335,0.12760186837994567,0.019556642308472035,-0.0656055853817933,0.0,-0.00015480518148053743,0.16767674971036978,0.0,0.38951556694404255,0.07500000000000001,0.0,0.38999999999999996,1.5,129.88497872207893,0.007690858400114235,True,False,False
10.225,0.09277579732451462,0.1252480821195228,0.019758790754587634,-0.0656055853817933,0.0,-0.00015480518148053743,0.16777458155250755,0.0,0.38952504004743543,0.07500000000000001,0.0,0.38999999999999996,1.5,129.8849833655274,0.007356428357210652,True,False,False
10.23,0.09287458284070424,0.1228760728427586,0.019958930957692984,-0.0656055853817933,0.0,-0.00015480518148053743,0.16787341669384387,0.0,0.3895345868002724,0.07500000000000001,0.0,0.38999999999999996,1.5,129.88498798139952,0.007027012612775749,True,False,False
10.235,0.09297436221075155,0.12048581281483108,0.020157043957370963,-0.0656055853817933,0.0,-0.00015480518148053743,0.16797324497713204,0.0,0.38954420737366524,0.07500000000000001,0.0,0.38999999999999996,1.5,129.88499256834524,0.0067024085626746464,True,False,False
10.24,0.0930751252052736,0.1180772764289575,0.020353110745096218,-0.0656055853817933,0.0,-0.00015480518148053743,0.16807405615148352,0.0,0.3895539019302306,0.07500000000000001,0.0,0.38999999999999996,1.5,129.8849971250984,0.0063824190630436504,True,False,False
10.245000000000001,0.09317686150121902,0.11565044057495837,0.02054711226892749,-0.0656055853817933,0.0,-0.00015480518148053743,0.16817583987221,0.0,0.38956367062253733,0.07500000000000001,0.0,0.38999999999999996,1.5,129.8850016504738,0.0060668522667905005,True,False,False
10.25,0.09327956068175727,0.11320528508000192,0.020739029440982926,-0.06593273314702734,0.0,-0.00015258583623101974,0.1682785857007113,0.0,0.38957351359142817,0.07500000000000001,0.0,0.38999999999999996,1.5,129.88505601710216,0.006271198948346043,True,False,False
10.255,0.09338321223240859,0.11074178689865477,0.02092884435011312,-0.06593273314702734,0.0,-0.00015258583623101974,0.16838228310093498,0.0,0.38958343103824244,0.07500000000000001,0.0,0.38999999999999996,1.5,129.88506055449292,0.005945415983511525,True,False,False
10.26,0.09348780554023813,0.10825992694719107,0.021116535212328195,-0.06593273314702734,0.0,-0.00015258583623101974,0.16848692143820598,0.0,0.3895934231486141,0.07500000000000001,0.0,0.38999999999999996,1.5,129.88506506076723,0.005623997795122369,True,False,False
10.265,0.093593329900036,0.10575969795836777,0.021302082800719335,-0.06593273314702734,0.0,-0.00015258583623101974,0.168592489985075,0.0,0.38960349001196615,0.07500000000000001,0.0,0.38999999999999996,1.5,129.8850695348046,0.005306763747035027,True,False,False
10.27,0.09369977451309883,0.10324109849297902,0.021485467977293504,-0.06593273314702734,0.0,-0.00015258583623101974,0.16869897792045596,0.0,0.3896136316945266,0.07500000000000001,0.0,0.38999999999999996,1.5,129.88507397555696,0.004993538444496834,True,False,False
10.275,0.09380712848756553,0.10070413291516395,0.021666671683315795,-0.06593273314702734,0.0,-0.00015258583623101974,0.16880637432997625,0.0,0.3896238482393974,0.07500000000000001,0.0,0.38999999999999996,1.5,129.88507838204595,0.004684151451799446,True,False,False
10.28,0.09391538083876193,0.0981488114359184,0.02184567493563374,-0.06593273314702734,0.0,-0.00015258583623101974,0.16891466820633458,0.0,0.3896341396662922,0.07500000000000001,0.0,0.38999999999999996,1.5,129.8850827533594,0.00437843707378845,True,False,False
10.285,0.09402452048956564,0.0955751502642513,0.022022458827367614,-0.06593273314702734,0.0,-0.00015258583623101974,0.16902384844967855,0.0,0.3896445059710354,0.07500000000000001,0.0,0.38999999999999996,1.5,129.88508708864882,0.004076234181124884,True,False,False
10.290000000000001,0.09413453627079786,0.09298317173428064,0.022197004531742292,-0.06593273314702734,0.0,-0.00015258583623101974,0.16913390386800906,0.0,0.3896549471249322,0.07500000000000001,0.0,0.38999999999999996,1.5,129.88509138712635,0.0037773860656650157,True,False,False
10.295,0.0942454169216531,0.09037290448466856,0.02236929330814383,-0.06593273314702734,0.0,-0.00015258583623101974,0.16924482317762282,0.0,0.38966546307404565,0.07500000000000001,0.0,0.38999999999999996,1.5,129.88509564806222,0.003481740316773181,True,False,False
10.3,0.09435715109016853,0.08774438366033571,0.02253930650971857,-0.0660764378989202,0.0,-0.00014753461542888835,0.16935659500359534,0.0,0.3896760537384381,0.07500000000000001,0.0,0.38999999999999996,1.5,129.88517608646845,0.0034156247094114522,True,False,False
10.305,0.09446972733198737,0.08509764830675944,0.022707028072025532,-0.0660764378989202,0.0,-0.00014753461542888835,0.1694692078788358,0.0,0.38968671909513486,0.07500000000000001,0.0,0.38999999999999996,1.5,129.885180305001,0.0031178156265603274,True,False,False
10.31,0.09458313411106947,0.08243274481062399,0.02287243653843295,-0.0660764378989202,0.0,-0.00014753461542888835,0.16958265024448982,0.0,0.3896974590919133,0.07500000000000001,0.0,0.38999999999999996,1.5,129.88518448545355,0.0028229905123648147,True,False,False
10.315,0.09469735980305773,0.07974973020724538,0.023035513586833454,-0.0660764378989202,0.0,-0.00014753461542888835,0.16969691045305885,0.0,0.38970827356113996,0.07500000000000001,0.0,0.38999999999999996,1.5,129.88518862720971,0.0025310093274920342,True,False,False
10.32,0.09481239269494433,0.07704866920844126,0.02319624105144756,-0.0660764378989202,0.0,-0.00014753461542888835,0.16981197676838677,0.0,0.38971916230448306,0.07500000000000001,0.0,0.38999999999999996,1.5,129.88519272970174,0.0022417360789677085,True,False,False
10.325000000000001,0.09492822098582507,0.07432963412725559,0.023354600931107507,-0.0660764378989202,0.0,-0.00014753461542888835,0.1699278373664345,0.0,0.38973012509304533,0.07500000000000001,0.0,0.38999999999999996,1.5,129.88519679240878,0.001955038678324316,True,False,False
10.33,0.09504483278770089,0.0715927048901425,0.02351057539252991,-0.0660764378989202,0.0,-0.00014753461542888835,0.17004448033610128,0.0,0.3897411616672877,0.07500000000000001,0.0,0.38999999999999996,1.5,129.88520081485385,0.0016707888156689728,True,False,False
10.335,0.09516221612629676,0.06883796905452692,0.023664146775178606,-0.0660764378989202,0.0,-0.00014753461542888835,0.1701618936800635,0.0,0.38975227173695853,0.07500000000000001,0.0,0.38999999999999996,1.5,129.88520479660272,0.001388861853391956,True,False,False
10.34,0.09528035894192169,0.06606552184410118,0.02381529759721854,-0.0660764378989202,0.0,-0.00014753461542888835,0.1702800653156546,0.0,0.3897634549809583,0.07500000000000001,0.0,0.38999999999999996,1.5,129.88520873726,0.0011091367336256534,True,False,False
10.345,0.09539924909035725,0.06327546612642662,0.02396401056218659,-0.0660764378989202,0.0,-0.00014753461542888835,0.1703989830757738,0.0,0.38977471104719585,0.07500000000000001,0.0,0.38999999999999996,1.5,129.88521263646933,0.0008314958954883482,True,False,False
10.35,0.09551887434378387,0.06046791248867733,0.024110268566099886,-0.0660486765635128,0.0,-0.00013974862810296653,0.1705186347098328,0.0,0.389786039552489,0.07500000000000001,0.0,0.38999999999999996,1.5,129.88531770924988,0.0005119808707920552,True,False,False
10.355,0.09563922239187718,0.05764297964057967,0.02425405839251386,-0.0660486765635128,0.0,-0.00013974862810296653,0.1706390078850713,0.0,0.38979744017621176,0.07500000000000001,0.0,0.38999999999999996,1.5,129.88532151792117,0.00023974338028203215,True,False,False
10.36,0.09576028084309166,0.054800793986358266,0.024395359776149914,-0.0660486765635128,0.0,-0.00013974862810296653,0.17076009018761706,0.0,0.38980891256651784,0.07500000000000001,0.0,0.38999999999999996,1.5,129.88532528405514,3.0783676007246213e-05,True,False,False
10.365,0.09588203722534205,0.05194148910017174,0.024534156243172425,-0.0660486765635128,0.0,-0.00013974862810296653,0.17088186912301326,0.0,0.389820456247006,0.07500000000000001,0.0,0.38999999999999996,1.5,129.8853290074443,0.00029970384327528826,True,False,False
10.370000000000001,0.0960044789869798,0.04906520613867491,0.02467043153489493,-0.0660486765635128,0.0,-0.00013974862810296653,0.17100433211743707,0.0,0.3898320707104488,0.07500000000000001,0.0,0.38999999999999996,1.5,129.88533268790928,0.000567117551708466,True,False,False
10.375,0.09612759349787615,0.04617209384456525,0.024804169616766625,-0.0660486765635128,0.0,-0.00013974862810296653,0.1711274665188038,0.0,0.3898437554187285,0.07500000000000001,0.0,0.38999999999999996,1.5,129.88533632529706,0.0008331221594124368,True,False,False
10.38,0.0962513680505434,0.04326230854078337,0.024935354686674318,-0.0660486765635128,0.0,-0.00013974862810296653,0.17125125959790913,0.0,0.3898555098028348,0.07500000000000001,0.0,0.38999999999999996,1.5,129.88533991947966,0.0010978119986115344,True,False,False
10.385,0.09637578986128797,0.04033601406449461,0.025063971182654177,-0.0660486765635128,0.0,-0.00013974862810296653,0.1713756985496034,0.0,0.389867333262984,0.07500000000000001,0.0,0.38999999999999996,1.5,129.88534347035218,0.0013612784236774651,True,False,False
10.39,0.09650084607139932,0.03739338178195824,0.025190003790088445,-0.0660486765635128,0.0,-0.00013974862810296653,0.17150077049400198,0.0,0.38987922516873824,0.07500000000000001,0.0,0.38999999999999996,1.5,129.8853469778318,0.0016236098600200255,True,False,False
10.395,0.09662652374836668,0.03443459043466324,0.025313437448443495,-0.0660486765635128,0.0,-0.00013974862810296653,0.171626462477723,0.0,0.3898911848592337,0.07500000000000001,0.0,0.38999999999999996,1.5,129.88535044185588,0.0018848918532000623,True,False,False
10.4,0.0967528098871264,0.031459826167175124,0.02543425735759414,-0.06586301738871866,0.0,-0.00012938900627691347,0.17175276147515614,0.0,0.38990321164342984,0.07500000000000001,0.0,0.38999999999999996,1.5,129.8854780776042,0.0024379812432951675,True,False,False
10.405,0.09687969141325178,0.0284692856961104,0.025552453827632583,-0.06586301738871866,0.0,-0.00012938900627691347,0.1718796543917635,0.0,0.38991530490362125,0.07500000000000001,0.0,0.38999999999999996,1.5,129.88548141005876,0.0026869021995540067,True,False,False
10.41,0.09700715518499486,0.025463172862072486,0.025668008569132955,-0.06586301738871866,0.0,-0.00012938900627691347,0.17200712806600013,0.0,0.3899274639928837,0.07500000000000001,0.0,0.38999999999999996,1.5,129.885484697675,0.0029352901412697877,True,False,False
10.415000000000001,0.09713518799135212,0.02244169435709841,0.025780907650446883,-0.06586301738871866,0.0,-0.00012938900627691347,0.1721351692673373,0.0,0.389939688135072,0.07500000000000001,0.0,0.38999999999999996,1.5,129.88548794056155,0.003183214646687693,True,False,False
10.42,0.0972637765538955,0.019405063111334758,0.025891137376962275,-0.06586301738871866,0.0,-0.00012938900627691347,0.17226376469822796,0.0,0.38995197652805835,0.07500000000000001,0.0,0.38999999999999996,1.5,129.8854911388369,0.003430742958680663,True,False,False
10.425,0.09739290752803974,0.016353498420275184,0.025998684308109952,-0.06586301738871866,0.0,-0.00012938900627691347,0.1723929009953919,0.0,0.38996432834325423,0.07500000000000001,0.0,0.38999999999999996,1.5,129.8854942926291,0.003677939925753014,True,False,False
10.43,0.09752256750435713,0.013287225935714292,0.026103535270874282,-0.06586301738871866,0.0,-0.00012938900627691347,0.17252256473114863,0.0,0.38997674272543276,0.07500000000000001,0.0,0.38999999999999996,1.5,129.8854974020742,0.003924867976513747,True,False,False
10.435,0.09765274300993468,0.010206477695784482,0.02620567737063605,-0.06586301738871866,0.0,-0.00012938900627691347,0.17265274241479303,0.0,0.3899892187927254,0.07500000000000001,0.0,0.38999999999999996,1.5,129.88550046731572,0.004171587116567947,True,False,False
10.44,0.09778342050976671,0.007111492100690004,0.026305097999977118,-0.06586301738871866,0.0,-0.00012938900627691347,0.17278342049400608,0.0,0.3900017556367893,0.07500000000000001,0.0,0.38999999999999996,1.5,129.88550348850373,0.004418154940337961,True,False,False
10.445,0.09791458640817444,0.0040025136192455586,0.026401784845920716,-0.06586301738871866,0.0,-0.00012938900627691347,0.17291458535629245,0.0,0.3900143523231044,0.07500000000000001,0.0,0.38999999999999996,1.5,129.88550646579372,0.0046646266527711824,True,False,False
10.450000000000001,0.09804622705025319,0.0008797929260549659,0.02649572589596243,-0.06553432916516322,0.0,-0.00011668953179756865,0.17304622333044556,0.0,0.3900270078913431,0.07500000000000001,0.0,0.38999999999999996,1.5,129.88565384947705,0.005429317430933972,True,False,False
10.455,0.09817832873123898,0.002256406968089404,0.026586919417072863,-0.06553432916516322,0.0,-0.00011668953179756865,0.17317832069588576,0.0,0.39003972146822186,0.07500000000000001,0.0,0.38999999999999996,1.5,129.88565666164297,0.0056571532185323604,True,False,False
10.46,0.09831087775220944,0.005405821278278307,0.0266753652444895,-0.06553432916516322,0.0,-0.00011668953179756865,0.17331086373835933,0.0,0.39005249216717197,0.07500000000000001,0.0,0.38999999999999996,1.5,129.88565942847984,0.005885533747001879,True,False,False
10.465,0.09844386040049996,0.008568187924328908,0.02676105394223793,-0.06553432916516322,0.0,-0.00011668953179756865,0.1734438387304361,0.0,0.3900653189790112,0.07500000000000001,0.0,0.38999999999999996,1.5,129.88566215032188,0.006114496021757225,True,False,False
10.47,0.09857726291120883,0.011743240679029775,0.026843974768475942,-0.06553432916516322,0.0,-0.00011668953179756865,0.17357723189301213,0.0,0.39007820087531797,0.07500000000000001,0.0,0.38999999999999996,1.5,129.88566482749837,0.006344075390594159,True,False,False
10.475,0.09871107146743154,0.014930708790781158,0.026924117241113064,-0.06553432916516322,0.0,-0.00011668953179756865,0.17371102939555813,0.0,0.3900911368072489,0.07500000000000001,0.0,0.38999999999999996,1.5,129.8856674603342,0.006574305387395941,True,False,False
10.48,0.09884527220166042,0.018130316466855624,0.027001471156245863,-0.06553432916516322,0.0,-0.00011668953179756865,0.17384521735753283,0.0,0.39010412570496805,0.07500000000000001,0.0,0.38999999999999996,1.5,129.88567004914782,0.006805217648861633,True,False,False
10.485,0.09897985119723092,0.021341783049759786,0.02707602660212164,-0.06553432916516322,0.0,-0.00011668953179756865,0.17397978184984317,0.0,0.3901171664774316,0.07500000000000001,0.0,0.38999999999999996,1.5,129.88567259425287,0.0070368418714236505,True,False,False
10.49,0.09911479448980592,0.024564823090259102,0.027147773969746256,-0.06553432916516322,0.0,-0.00011668953179756865,0.17411470889634223,0.0,0.3901302580124252,0.07500000000000001,0.0,0.38999999999999996,1.5,129.8856750959566,0.007269205795198332,True,False,False
10.495000000000001,0.09925008806889199,0.027799146240612225,0.02721670396097387,-0.06553432916516322,0.0,-0.00011668953179756865,0.1742499844753586,0.0,0.3901433991767538,0.07500000000000001,0.0,0.38999999999999996,1.5,129.88567755455992,0.007502335206101496,True,False,False
10.5,0.0993857178793767,0.03104445748489297,0.02728280759470217,-0.06507829207486984,0.0,-0.00010195643338602779,0.17438559452124627,0.0,0.39015658881659676,0.07500000000000001,0.0,0.38999999999999996,1.5,129.88584111079047,0.00845528299112595,True,False,False
10.505,0.09952166982810903,0.03430044873677794,0.02734608302561013,-0.06507829207486984,0.0,-0.00010195643338602779,0.17452152493077555,0.0,0.3901698258760367,0.07500000000000001,0.0,0.38999999999999996,1.5,129.88584337812046,0.008664208048039853,True,False,False
10.51,0.09965792978693203,0.03756680773067931,0.02740651711361977,-0.06507829207486984,0.0,-0.00010195643338602779,0.17465776156631535,0.0,0.39018310928024985,0.07500000000000001,0.0,0.38999999999999996,1.5,129.88584560109098,0.00887464367928741,True,False,False
10.515,0.0997944835859743,0.04084322821980021,0.0274641019841036,-0.06507829207486984,0.0,-0.00010195643338602779,0.17479429024935372,0.0,0.3901964378248725,0.07500000000000001,0.0,0.38999999999999996,1.5,129.88584778017642,0.00908659595209735,True,False,False
10.52,0.09993131701676813,0.04412940153670143,0.027518829981836506,-0.06507829207486984,0.0,-0.00010195643338602779,0.1749310967634523,0.0,0.3902098102937097,0.07500000000000001,0.0,0.38999999999999996,1.5,129.8858499158353,0.009300069860616246,True,False,False
10.525,0.10006841583359126,0.04742501618368721,0.0275706937030749,-0.06507829207486984,0.0,-0.00010195643338602779,0.17506816685559812,0.0,0.3902232254571384,0.07500000000000001,0.0,0.38999999999999996,1.5,129.88585200851,0.009515069104292381,True,False,False
10.53,0.10020576575488722,0.05072975755697555,0.02761968601934583,-0.06507829207486984,0.0,-0.00010195643338602779,0.17520548623763352,0.0,0.3902366820710757,0.07500000000000001,0.0,0.38999999999999996,1.5,129.8858540586271,0.009731595951353785,True,False,False
10.535,0.10034335246474524,0.05404330777512435,0.02766580009502347,-0.06507829207486984,0.0,-0.00010195643338602779,0.17534304058774527,0.0,0.39025017887641056,0.07500000000000001,0.0,0.38999999999999996,1.5,129.88585606659757,0.009949651159825075,True,False,False
10.540000000000001,0.10048116161442518,0.057365345709540064,0.02770902940027142,-0.06507829207486984,0.0,-0.00010195643338602779,0.17548081555199793,0.0,0.390263714598769,0.07500000000000001,0.0,0.38999999999999996,1.5,129.8858580328169,0.010169233937384342,True,False,False
10.545,0.10061917882391348,0.06069554694121182,0.027749367720536145,-0.06507829207486984,0.0,-0.00010195643338602779,0.17561879674589775,0.0,0.39027728794852873,0.07500000000000001,0.0,0.38999999999999996,1.5,129.88585995766505,0.010390341927445593,True,False,False
10.55,0.10075738968350526,0.06403358380084889,0.02778680916347537,-0.0645107517574114,0.0,-8.556015030931263e-05,0.17575696975598176,0.0,0.3902908976210071,0.07500000000000001,0.0,0.38999999999999996,1.5,129.88603541770343,0.011507783944844339,True,False,False
10.555,0.10089577976173457,0.06737911498543381,0.02782135572486105,-0.0645107517574114,0.0,-8.556015030931263e-05,0.17589532014738612,0.0,0.39030454241889884,0.07500000000000001,0.0,0.38999999999999996,1.5,129.8860371320766,0.011699815649860116,True,False,False
10.56,0.10103433460871772,0.0707317964153899,0.02785299710798128,-0.0645107517574114,0.0,-8.556015030931263e-05,0.17603383346749632,0.0,0.3903182211315401,0.07500000000000001,0.0,0.38999999999999996,1.5,129.88603880418165,0.011894201543605343,True,False,False
10.565,0.10117303974738716,0.07409129408113463,0.027881728575963778,-0.0645107517574114,0.0,-8.556015030931263e-05,0.17617249523755815,0.0,0.39033193242181985,0.07500000000000001,0.0,0.38999999999999996,1.5,129.88604043455723,0.012090918076103086,True,False,False
10.57,0.10131188067710005,0.07745727332368414,0.027907545588343498,-0.0645107517574114,0.0,-8.556015030931263e-05,0.1763112909559519,0.0,0.39034567494762495,0.07500000000000001,0.0,0.38999999999999996,1.5,129.8860420237178,0.012289941173268606,True,False,False
10.575000000000001,0.10145084287494759,0.08082939827092213,0.027930443840081066,-0.0645107517574114,0.0,-8.556015030931263e-05,0.1764502060995096,0.0,0.39035944735961065,0.07500000000000001,0.0,0.38999999999999996,1.5,129.88604357215428,0.01249124595230766,True,False,False
10.58,0.10158991179715583,0.0842073314748815,0.027950419290283177,-0.0645107517574114,0.0,-8.556015030931263e-05,0.17658922612492264,0.0,0.3903732482997139,0.07500000000000001,0.0,0.38999999999999996,1.5,129.8860450803343,0.012694806543402366,True,False,False
10.585,0.10172907288055807,0.08759073366305101,0.02796746818322246,-0.0645107517574114,0.0,-8.556015030931263e-05,0.17672833647022002,0.0,0.39038707640021303,0.07500000000000001,0.0,0.38999999999999996,1.5,129.88604654870304,0.01290059598329913,True,False,False
10.59,0.10186831154411785,0.09097926360629902,0.027981587063629805,-0.0645107517574114,0.0,-8.556015030931263e-05,0.17686752255629595,0.0,0.39040093028320644,0.07500000000000001,0.0,0.38999999999999996,1.5,129.88604797768375,0.013108586157460312,True,False,False
10.595,0.1020076131904889,0.09437257808957702,0.027992772787740726,-0.0645107517574114,0.0,-8.556015030931263e-05,0.1770067697884735,0.0,0.39041480856039523,0.07500000000000001,0.0,0.38999999999999996,1.5,129.88604936767786,0.013318747775031007,True,False,False
10.6,0.10214696320760096,0.0977703318894756,0.02800102253119949,-0.06384706581003526,0.0,-6.792420736132552e-05,0.1771460635580931,0.0,0.3904287098330933,0.07500000000000001,0.0,0.38999999999999996,1.5,129.88623186309653,0.014577432613291185,True,False,False
10.605,0.10228634697773364,0.10117216552298551,0.02800634190617572,-0.06384706581003526,0.0,-6.792420736132552e-05,0.1772853892510562,0.0,0.3904426328153675,0.07500000000000001,0.0,0.38999999999999996,1.5,129.8862330296364,0.014754291688570419,True,False,False
10.61,0.10242574988108749,0.10457771793895448,0.028008723552000923,-0.06384706581003526,0.0,-6.792420736132552e-05,0.17742473225186045,0.0,0.3904565762124715,0.07500000000000001,0.0,0.38999999999999996,1.5,129.88623415681542,0.014934215844301844,True,False,False
10.615,0.10256515728520788,0.10798664148595437,0.028008165823048978,-0.06384706581003526,0.0,-6.792420736132552e-05,0.17756407793354165,0.0,0.390470538608221,0.07500000000000001,0.0,0.38999999999999996,1.5,129.8862352451721,0.015117153553390253,True,False,False
10.620000000000001,0.10270455454900064,0.11139858932219042,0.028004667244126463,-0.06384706581003526,0.0,-6.792420736132552e-05,0.17770341166118825,0.0,0.39048451858700556,0.07500000000000001,0.0,0.38999999999999996,1.5,129.8862362952157,0.015303053299603216,True,False,False
10.625,0.1028439270239861,0.11481321469354025,0.02799822655584682,-0.06384706581003526,0.0,-6.792420736132552e-05,0.17784271879320368,0.0,0.39049851473098757,0.07500000000000001,0.0,0.38999999999999996,1.5,129.88623730742745,0.015491863240088763,True,False,False
10.63,0.10298326005565842,0.11823017044962855,0.027988842747950334,-0.06384706581003526,0.0,-6.792420736132552e-05,0.17798198468267196,0.0,0.39051252561818217,0.07500000000000001,0.0,0.38999999999999996,1.5,129.88623828226102,0.015683530992304164,True,False,False
10.635,0.10312253898492763,0.12164910872447189,0.02797651508361869,-0.06384706581003526,0.0,-6.792420736132552e-05,0.17812119467880377,0.0,0.3905265498211674,0.07500000000000001,0.0,0.38999999999999996,1.5,129.88623922014364,0.01587800350508825,True,False,False
10.64,0.10326174914961855,0.12506968071244523,0.02796124311709912,-0.06384706581003526,0.0,-6.792420736132552e-05,0.17826033412843803,0.0,0.3905405859062947,0.07500000000000001,0.0,0.38999999999999996,1.5,129.88624012147702,0.016075226986545035,True,False,False
10.645,0.10340087588601234,0.12849153658139664,0.027943026706376634,-0.06384706581003526,0.0,-6.792420736132552e-05,0.17839938837758432,0.0,0.3905546324332477,0.07500000000000001,0.0,0.38999999999999996,1.5,129.88624098663794,0.01627514687029247,True,False,False
10.65,0.10353990453041553,0.13191432541784343,0.027921866022189133,-0.06310143484425404,0.0,-4.9506620863480477e-05,0.17853834277299177,0.0,0.3905686879548804,0.07500000000000001,0.0,0.38999999999999996,1.5,129.8864252312196,0.01765326900741958,True,False,False
10.655,0.10367882042919213,0.13533768137529742,0.0278977700018678,-0.06310143484425404,0.0,-4.9506620863480477e-05,0.17867718267150495,0.0,0.39058275113733365,0.07500000000000001,0.0,0.38999999999999996,1.5,129.88642586529517,0.017816226156418445,True,False,False
10.66,0.10381760894250444,0.13876123792244227,0.027870734292817046,-0.06310143484425404,0.0,-4.9506620863480477e-05,0.17881589344440876,0.0,0.39059682064135365,0.07500000000000001,0.0,0.38999999999999996,1.5,129.88642646348265,0.017982821926283865,True,False,False
10.665000000000001,0.10395625543218166,0.14218464463293368,0.02784076025380844,-0.06310143484425404,0.0,-4.9506620863480477e-05,0.17895446046593347,0.0,0.39061089501362956,0.07500000000000001,0.0,0.38999999999999996,1.5,129.88642702626964,0.018152978916115517,True,False,False
10.67,0.10409474526606571,0.14560755297279404,0.027807849388358577,-0.06310143484425404,0.0,-4.9506620863480477e-05,0.17909286911695366,0.0,0.39062497280570174,0.07500000000000001,0.0,0.38999999999999996,1.5,129.88642755411246,0.018326620265409363,True,False,False
10.675,0.1042330638192022,0.1490296154543131,0.02777200339576814,-0.06310143484425404,0.0,-4.9506620863480477e-05,0.17923110478619037,0.0,0.3906390525706742,0.07500000000000001,0.0,0.38999999999999996,1.5,129.8864280474374,0.018503669271681022,True,False,False
10.68,0.10437119647514878,0.15245048505859857,0.02773322420858332,-0.06310143484425404,0.0,-4.9506620863480477e-05,0.17936915287152677,0.0,0.3906531328608991,0.07500000000000001,0.0,0.38999999999999996,1.5,129.8864285066422,0.01868404914784699,True,False,False
10.685,0.10450912862737612,0.15586981482002404,0.02769151401991557,-0.06310143484425404,0.0,-4.9506620863480477e-05,0.17950699878141357,0.0,0.3906672122264086,0.07500000000000001,0.0,0.38999999999999996,1.5,129.88642893209672,0.018867682874085093,True,False,False
10.69,0.10464684568073275,0.1592872575642125,0.027646875303229432,-0.06310143484425404,0.0,-4.9506620863480477e-05,0.1796446279363358,0.0,0.39068128921387957,0.07500000000000001,0.0,0.38999999999999996,1.5,129.88642932414442,0.0190544931134408,True,False,False
10.695,0.10478433305295574,0.16270246575227107,0.027599310826557897,-0.06310143484425404,0.0,-4.9506620863480477e-05,0.1797820257703232,0.0,0.3906953623660227,0.07500000000000001,0.0,0.38999999999999996,1.5,129.88642968310333,0.01924440217043684,True,False,False
10.700000000000001,0.10492157617621295,0.16611509139616856,0.02754882366260509,-0.06228631716806616,0.0,-3.0777720274607366e-05,0.1799191777324909,0.0,0.3907094302212682,0.07500000000000001,0.0,0.38999999999999996,1.5,129.88661020130937,0.020722428144163803,True,False,False
10.705,0.10505856050792586,0.16952477084596126,0.02749542575614057,-0.06228631716806616,0.0,-3.0777720274607366e-05,0.18005606929708007,0.0,0.39072349142678686,0.07500000000000001,0.0,0.38999999999999996,1.5,129.88661032600916,0.020872180670226146,True,False,False
10.71,0.1051952715346506,0.1729311403849463,0.02743911583507737,-0.06228631716806616,0.0,-3.0777720274607366e-05,0.18019268596804805,0.0,0.3907375446267848,0.07500000000000001,0.0,0.38999999999999996,1.5,129.88661041868218,0.02102601078271325,True,False,False
10.715,0.10533169475862557,0.1763338545401644,0.027379898162343787,-0.06228631716806616,0.0,-3.0777720274607366e-05,0.18032901326633005,0.0,0.3907515883617644,0.07500000000000001,0.0,0.38999999999999996,1.5,129.88661047972812,0.021183817741297878,True,False,False
10.72,0.10546781570237829,0.1797325705118269,0.027317777121600502,-0.06228631716806616,0.0,-3.0777720274607366e-05,0.18046503673369269,0.0,0.3907656211802756,0.07500000000000001,0.0,0.38999999999999996,1.5,129.88661050951617,0.021345501867968027,True,False,False
10.725,0.10560361990985141,0.1831269472264168,0.027252757273211376,-0.06228631716806616,0.0,-3.0777720274607366e-05,0.1806007419338757,0.0,0.3907796416352091,0.07500000000000001,0.0,0.38999999999999996,1.5,129.8866105083866,0.021510964125899985,True,False,False
10.73,0.10573909294765557,0.1865166446674227,0.02718484339532128,-0.06228631716806616,0.0,-3.0777720274607366e-05,0.18073611445385496,0.0,0.3907936482811889,0.07500000000000001,0.0,0.38999999999999996,1.5,129.88661047665178,0.021680105851037204,True,False,False
10.735,0.10587422040642434,0.18990132339881033,0.027114040513808616,-0.06228631716806616,0.0,-3.0777720274607366e-05,0.18087113990520326,0.0,0.39080763967275134,0.07500000000000001,0.0,0.38999999999999996,1.5,129.88661041459753,0.021852828586850746,True,False,False
10.74,0.10600898790223762,0.19328064425547303,0.02704035392397426,-0.06228631716806616,0.0,-3.0777720274607366e-05,0.18100580392551643,0.0,0.3908216143631469,0.07500000000000001,0.0,0.38999999999999996,1.5,129.88661032248478,0.02202903398866666,True,False,False
10.745000000000001,0.10614338107809754,0.19665426815258436,0.026963789206116733,-0.06228631716806616,0.0,-3.0777720274607366e-05,0.181140092179889,0.0,0.39083557090357673,0.07500000000000001,0.0,0.38999999999999996,1.5,129.88661020055002,0.022208623774874342,True,False,False
10.75,0.10627738560543508,0.20002185595776853,0.026884352236594668,-0.06141199977910229,0.0,-1.2196681432795516e-05,0.1812739903624184,0.0,0.3908495078427796,0.07500000000000001,0.0,0.38999999999999996,1.5,129.8867815809838,0.02376990997606341,True,False,False
10.755,0.10641098719557673,0.20338305215080055,0.026802057647093962,-0.06141199977910229,0.0,-1.2196681432795516e-05,0.18140748420684133,0.0,0.3908634238287243,0.07500000000000001,0.0,0.38999999999999996,1.5,129.88678122527946,0.023906505509174728,True,False,False
10.76,0.10654417160375151,0.2067375015263879,0.026716907322722472,-0.06141199977910229,0.0,-1.2196681432795516e-05,0.1815405594913014,0.0,0.3908773175081577,0.07500000000000001,0.0,0.38999999999999996,1.5,129.88678084170215,0.024047493080386378,True,False,False
10.765,0.10667692461452716,0.21008486886466785,0.0266289083279208,-0.06141199977910229,0.0,-1.2196681432795516e-05,0.18167320202451975,0.0,0.3908911874379207,0.07500000000000001,0.0,0.38999999999999996,1.5,129.88678043054037,0.02419275144276625,True,False,False
10.77,0.10680923204660905,0.21342482217147768,0.02653806782546992,-0.06141199977910229,0.0,-1.2196681432795516e-05,0.1818053976497906,0.0,0.3909050321853327,0.07500000000000001,0.0,0.38999999999999996,1.5,129.88677999205484,0.024342160918260733,True,False,False
10.775,0.10694107975389829,0.21675703164906515,0.026444393136708516,-0.06141199977910229,0.0,-1.2196681432795516e-05,0.18193713224606045,0.0,0.39091885032416257,0.07500000000000001,0.0,0.38999999999999996,1.5,129.88677952648007,0.02449560294236753,True,False,False
10.78,0.10707245362668638,0.22008116896044239,0.026347891785717566,-0.06141199977910229,0.0,-1.2196681432795516e-05,0.18206839172913697,0.0,0.3909326404317748,0.07500000000000001,0.0,0.38999999999999996,1.5,129.88677903402575,0.02465295977251364,True,False,False
10.785,0.10720333959295895,0.22339690671054688,0.026248571531525117,-0.06141199977910229,0.0,-1.2196681432795516e-05,0.182199162053001,0.0,0.39094640108712664,0.07500000000000001,0.0,0.38999999999999996,1.5,129.8867785148783,0.02481411430700097,True,False,False
10.790000000000001,0.10733372361977414,0.22670391810229612,0.026146440391410154,-0.06141199977910229,0.0,-1.2196681432795516e-05,0.18232942921118894,0.0,0.39096013086943593,0.07500000000000001,0.0,0.38999999999999996,1.5,129.88677796920197,0.024978949978453624,True,False,False
10.795,0.10746359171469315,0.23000187669574784,0.026041506657619774,-0.06141199977910229,0.0,-1.2196681432795516e-05,0.1824591792382239,0.0,0.39097382835732636,0.07500000000000001,0.0,0.38999999999999996,1.5,129.88677739714026,0.02514735069742745,True,False,False
10.8,0.10759292992725009,0.23329045629119405,0.025933778909223215,-0.06048635805566901,0.0,5.811285981446521e-06,0.18258839821108333,0.0,0.3909874921283278,0.07500000000000001,0.0,0.38999999999999996,1.5,129.8869345512307,0.026778506506821422,True,False,False
10.805,0.10772172436092799,0.23656931356570915,0.025823274152519664,-0.06048635805566901,0.0,5.811285981446521e-06,0.18271707226036746,0.0,0.3910011208451153,0.07500000000000001,0.0,0.38999999999999996,1.5,129.88693374893236,0.026901319403089458,True,False,False
10.81,0.10784996117729699,0.2398381057881992,0.025709997503070372,-0.06048635805566901,0.0,5.811285981446521e-06,0.18284518757518167,0.0,0.3910147131704819,0.07500000000000001,0.0,0.38999999999999996,1.5,129.88693292319087,0.027028730441888138,True,False,False
10.815,0.10797762658050765,0.24309651164618024,0.02559395872187001,-0.06048635805566901,0.0,5.811285981446521e-06,0.18297273038831313,0.0,0.391028267694813,0.07500000000000001,0.0,0.38999999999999996,1.5,129.8869320741704,0.027160600822137858,True,False,False
10.82,0.10810470682221543,0.24634421346879964,0.02547516764658511,-0.06048635805566901,0.0,5.811285981446521e-06,0.183099686980372,0.0,0.39104178302095427,0.07500000000000001,0.0,0.38999999999999996,1.5,129.88693120201194,0.027296793793684777,True,False,False
10.825000000000001,0.10823118820256385,0.2495808961378977,0.025353634255458595,-0.06048635805566901,0.0,5.811285981446521e-06,0.18322604368080214,0.0,0.39105525775993455,0.07500000000000001,0.0,0.38999999999999996,1.5,129.88693030683467,0.027437174170971575,True,False,False
10.83,0.10835705707131724,0.2528062462912779,0.0252293687141782,-0.06048635805566901,0.0,5.811285981446521e-06,0.18335178686903256,0.0,0.3910686905279108,0.07500000000000001,0.0,0.38999999999999996,1.5,129.8869293887375,0.027581608019946906,True,False,False
10.835,0.10848229982910536,0.2560199517688497,0.025102381410010567,-0.06048635805566901,0.0,5.811285981446521e-06,0.18347690297573316,0.0,0.39108207994403743,0.07500000000000001,0.0,0.38999999999999996,1.5,129.88692844780053,0.027729962461946193,True,False,False
10.84,0.10860690292874846,0.25922170123920674,0.02497268297647143,-0.06048635805566901,0.0,5.811285981446521e-06,0.18360137848414596,0.0,0.391095424629025,0.07500000000000001,0.0,0.38999999999999996,1.5,129.886927484086,0.02788210555635526,True,False,False
10.845,0.10873085287663896,0.26241118394776325,0.024840284310990526,-0.06048635805566901,0.0,5.811285981446521e-06,0.1837251999314683,0.0,0.39110872320420975,0.07500000000000001,0.0,0.38999999999999996,1.5,129.88692649764008,0.02803790623628724,True,False,False
10.85,0.10885413623415856,0.26558808957320185,0.024705196587402306,-0.05951480996323123,0.0,2.287549441868144e-05,0.1838483539102683,0.0,0.39112197429103074,0.07500000000000001,0.0,0.38999999999999996,1.5,129.88706490584477,0.02972889122736154,True,False,False
10.855,0.10897673963005955,0.2687520899850166,0.02456743888568197,-0.05951480996323123,0.0,2.287549441868144e-05,0.18397082708016244,0.0,0.39113517657795127,0.07500000000000001,0.0,0.38999999999999996,1.5,129.88706369533537,0.029836649269949417,True,False,False
10.86,0.10909864976474519,0.27190285784512963,0.024427019608747824,-0.05951480996323123,0.0,2.287549441868144e-05,0.18409260617274487,0.0,0.3911483287547242,0.07500000000000001,0.0,0.38999999999999996,1.5,129.8870624661382,0.029949123733773113,True,False,False
10.865,0.10921985339394971,0.2750400884928459,0.024283951101573435,-0.05951480996323123,0.0,2.287549441868144e-05,0.1842136779758181,0.0,0.3911614294598348,0.07500000000000001,0.0,0.38999999999999996,1.5,129.8870612182874,0.03006616115401607,True,False,False
10.870000000000001,0.1093403373337189,0.2781634812657933,0.024138245763667857,-0.05951480996323123,0.0,2.287549441868144e-05,0.18433402933769144,0.0,0.39117447734600197,0.07500000000000001,0.0,0.38999999999999996,1.5,129.88705995180032,0.030187610566586545,True,False,False
10.875,0.1094600884613108,0.28127273833763083,0.023989916116288954,-0.05951480996323123,0.0,2.287549441868144e-05,0.1844536471681155,0.0,0.39118747107572,0.07500000000000001,0.0,0.38999999999999996,1.5,129.8870586666777,0.03031332299284533,True,False,False
10.88,0.10957909371625882,0.2843675638839233,0.023838974851709736,-0.05951480996323123,0.0,2.287549441868144e-05,0.18457251843936892,0.0,0.39120040931802247,0.07500000000000001,0.0,0.38999999999999996,1.5,129.88705736290555,0.030443151106117484,True,False,False
10.885,0.1096973401015466,0.28744766350481715,0.02368543486906412,-0.05951480996323123,0.0,2.287549441868144e-05,0.18469063018744789,0.0,0.39121329074624833,0.07500000000000001,0.0,0.38999999999999996,1.5,129.8870560404564,0.030576949020922665,True,False,False
10.89,0.1098148146848716,0.29051274382076453,0.023529309300216926,-0.05951480996323123,0.0,2.287549441868144e-05,0.18480796951333792,0.0,0.3912261140365173,0.07500000000000001,0.0,0.38999999999999996,1.5,129.88705469929064,0.03071457216484058,True,False,False
10.895,0.10993150459996298,0.2935625122095261,0.023370611528247327,-0.05951480996323123,0.0,2.287549441868144e-05,0.1849245235843346,0.0,0.3912388778667614,0.07500000000000001,0.0,0.38999999999999996,1.5,129.8870533393577,0.0308558772059637,True,False,False
10.9,0.11004739704793999,0.29659667665550565,0.023209355200476747,-0.05850045037863627,0.0,3.8696836748723786e-05,0.18504027963540118,0.0,0.3912515809161482,0.07500000000000001,0.0,0.38999999999999996,1.5,129.88716926969636,0.032599849032550185,True,False,False
10.905,0.11016247931000774,0.2996149266706718,0.023045561180434736,-0.05850045037863627,0.0,3.8696836748723786e-05,0.18515522498134895,0.0,0.3912642219094289,0.07500000000000001,0.0,0.38999999999999996,1.5,129.88716769433455,0.032690703318333666,True,False,False
10.91,0.11027673875189986,0.30261695274360106,0.02287924118623556,-0.05850045037863627,0.0,3.8696836748723786e-05,0.1852693470217499,0.0,0.39127679957380523,0.07500000000000001,0.0,0.38999999999999996,1.5,129.88716610546214,0.03278632742609955,True,False,False
10.915000000000001,0.11039016280683486,0.3056024692187443,0.022710410020604272,-0.05850045037863627,0.0,3.8696836748723786e-05,0.18538263322422766,0.0,0.39128931260954897,0.07500000000000001,0.0,0.38999999999999996,1.5,129.88716450298296,0.032886555900405456,True,False,False
10.92,0.11050273898048055,0.30857119474656514,0.022539082517141706,-0.05850045037863627,0.0,3.8696836748723786e-05,0.18549507112892344,0.0,0.39130175973296416,0.07500000000000001,0.0,0.38999999999999996,1.5,129.88716288678947,0.03299122619927107,True,False,False
10.925,0.11061445485177118,0.3115228510961779,0.022365273610681465,-0.05850045037863627,0.0,3.8696836748723786e-05,0.18560664834935509,0.0,0.3913141396716605,0.07500000000000001,0.0,0.38999999999999996,1.5,129.88716125676416,0.03310017815106842,True,False,False
10.93,0.11072529807388114,0.3144571622579671,0.022188998388836097,-0.05850045037863627,0.0,3.8696836748723786e-05,0.18571735257341904,0.0,0.3913264511612002,0.07500000000000001,0.0,0.38999999999999996,1.5,129.88715961278092,0.033213253601192434,True,False,False
10.935,0.11083525637532578,0.3173738538553276,0.022010272129473863,-0.05850045037863627,0.0,3.8696836748723786e-05,0.18582717156450934,0.0,0.3913386929427642,0.07500000000000001,0.0,0.38999999999999996,1.5,129.88715795470628,0.0333302961868415,True,False,False
10.94,0.1109443175611432,0.32027265271524974,0.02182911032773437,-0.05850045037863627,0.0,3.8696836748723786e-05,0.18593609316271004,0.0,0.3913508637615655,0.07500000000000001,0.0,0.38999999999999996,1.5,129.88715628240047,0.033451151198056306,True,False,False
10.945,0.11105246951414256,0.3231532866007446,0.02164552871529844,-0.05850045037863627,0.0,3.8696836748723786e-05,0.18604410528604792,0.0,0.39136296236583,0.07500000000000001,0.0,0.38999999999999996,1.5,129.887154595719,0.03357566549677994,True,False,False
10.950000000000001,0.11115970019618716,0.32601548403656816,0.021459543273937332,-0.057444337912663,0.0,5.306045231442472e-05,0.18615119593177587,0.0,0.3913749875061928,0.07500000000000001,0.0,0.38999999999999996,1.5,129.8872452821872,0.03536861422740496,True,False,False
10.955,0.11126599766114136,0.32885895443070684,0.021271176370213425,-0.057444337912663,0.0,5.306045231442472e-05,0.18625735318907422,0.0,0.3913869379548898,0.07500000000000001,0.0,0.38999999999999996,1.5,129.88724339120122,0.03544024293965711,True,False,False
10.96,0.11137135005950015,0.33168340835278515,0.02108044302821314,-0.057444337912663,0.0,5.306045231442472e-05,0.18636256524389033,0.0,0.3913988124877895,0.07500000000000001,0.0,0.38999999999999996,1.5,129.8872414924255,0.03551665353850731,True,False,False
10.965,0.11147574562066358,0.33448858136721876,0.020887360365407535,-0.057444337912663,0.0,5.306045231442472e-05,0.18646682036124976,0.0,0.3914106098807867,0.07500000000000001,0.0,0.38999999999999996,1.5,129.88723958563216,0.03559767092046315,True,False,False
10.97,0.11157917265783585,0.3372742136674113,0.020691945504386296,-0.057444337912663,0.0,5.306045231442472e-05,0.1865701068899235,0.0,0.3914223289275651,0.07500000000000001,0.0,0.38999999999999996,1.5,129.8872376705889,0.0356831232696388,True,False,False
10.975,0.11168161956873691,0.3400400488147492,0.02049421564642548,-0.057444337912663,0.0,5.306045231442472e-05,0.1866724132631885,0.0,0.3914339684347026,0.07500000000000001,0.0,0.38999999999999996,1.5,129.88723574706,0.03577284148713067,True,False,False
10.98,0.11178307483648105,0.34278583283793584,0.02029418812539146,-0.057444337912663,0.0,5.306045231442472e-05,0.18677372799973985,0.0,0.3914455272181796,0.07500000000000001,0.0,0.38999999999999996,1.5,129.8872338148076,0.03586665881800141,True,False,False
10.985,0.11188352703058367,0.34551131358483206,0.02009188044693369,-0.057444337912663,0.0,5.306045231442472e-05,0.18687403970471983,0.0,0.39145700410092776,0.07500000000000001,0.0,0.38999999999999996,1.5,129.88723187359287,0.03596441061166227,True,False,False
10.99,0.11198296480805733,0.3482162402911094,0.019887310316738658,-0.057444337912663,0.0,5.306045231442472e-05,0.18697333707082703,0.0,0.39146839791118254,0.07500000000000001,0.0,0.38999999999999996,1.5,129.88722992317713,0.03606593417207998,True,False,False
10.995000000000001,0.11208137691456938,0.35090036330350666,0.019680495660686335,-0.057444337912663,0.0,5.306045231442472e-05,0.18707160887948032,0.0,0.3914797074814144,0.07500000000000001,0.0,0.38999999999999996,1.5,129.88722796332289,0.03617106866840944,True,False,False
11.0,0.11217875218563887,0.35356343389234723,0.019471454639029696,-0.05634589967890978,0.0,6.584343285869958e-05,0.18716884400201703,0.0,0.3914909316477121,0.07500000000000001,0.0,0.38999999999999996,1.5,129.88729173470725,0.03801128407233777,True,False,False
11.005,0.1122750795597945,0.3562051835443102,0.019260210850875262,-0.05634589967890978,0.0,6.584343285869958e-05,0.18726503141294715,0.0,0.3915020692421385,0.07500000000000001,0.0,0.38999999999999996,1.5,129.88728958436374,0.038061020419444265,True,False,False
11.01,0.11237034808341283,0.35882534508905867,0.019046782581246736,-0.05634589967890978,0.0,6.584343285869958e-05,0.1873601601946695,0.0,0.39151311910158165,0.07500000000000001,0.0,0.38999999999999996,1.5,129.88728743261572,0.038115531941131445,True,False,False
11.015,0.11246454689232362,0.3614236775064538,0.018831189105955486,-0.05634589967890978,0.0,6.584343285869958e-05,0.18745421951874508,0.0,0.39152408009158063,0.07500000000000001,0.0,0.38999999999999996,1.5,129.88728527910058,0.03817463583122406,True,False,False
11.02,0.11255766521659509,0.36399994471993746,0.01861344967841941,-0.05634589967890978,0.0,6.584343285869958e-05,0.18754719865078884,0.0,0.3915349510972593,0.07500000000000001,0.0,0.38999999999999996,1.5,129.88728312345802,0.03823815290804482,True,False,False
11.025,0.11264969238112908,0.3665539142787198,0.018393583606794127,-0.05634589967890978,0.0,6.584343285869958e-05,0.18763908695112158,0.0,0.39154573101822027,0.07500000000000001,0.0,0.38999999999999996,1.5,129.88728096533134,0.03830590701599163,True,False,False
11.03,0.11274061780642937,0.36908535641808426,0.018171610310569488,-0.05634589967890978,0.0,6.584343285869958e-05,0.18772987387557755,0.0,0.39155641876490926,0.07500000000000001,0.0,0.38999999999999996,1.5,129.8872788043684,0.03837772463268228,True,False,False
11.035,0.1128304310095037,0.37159404339008173,0.01794754936180376,-0.05634589967890978,0.0,6.584343285869958e-05,0.18781954897643277,0.0,0.39156701325605825,0.07500000000000001,0.0,0.38999999999999996,1.5,129.8872766402226,0.038453434614883535,True,False,False
11.040000000000001,0.11291912160485795,0.3740797490148524,0.017721420514940654,-0.05634589967890978,0.0,6.584343285869958e-05,0.18790810190341528,0.0,0.3915775134169604,0.07500000000000001,0.0,0.38999999999999996,1.5,129.8872744725538,0.03853286803790426,True,False,False
11.045,0.11300667930555314,0.37654224837487954,0.017493243728184203,-0.05634589967890978,0.0,6.584343285869958e-05,0.18799552240477055,0.0,0.39158791817834926,0.07500000000000001,0.0,0.38999999999999996,1.5,129.88727230102938,0.03861585809787679,True,False,False
11.05,0.11309309392430364,0.37898131763269277,0.017263039178655164,-0.05520341736578285,0.0,7.701731016328911e-05,0.18808180032836225,0.0,0.39159822647574727,0.07500000000000001,0.0,0.38999999999999996,1.5,129.887308653851,0.04050328033231422,True,False,False
11.055,0.11317835538682404,0.3813967124668169,0.017030831443335222,-0.05520341736578285,0.0,7.701731016328911e-05,0.18816692563551318,0.0,0.3916084372143398,0.07500000000000001,0.0,0.38999999999999996,1.5,129.88730630866738,0.040528255533129005,True,False,False
11.06,0.11326245373690019,0.3837881900558271,0.01679664200591909,-0.05520341736578285,0.0,7.701731016328911e-05,0.18825088840556548,0.0,0.39161854930527756,0.07500000000000001,0.0,0.38999999999999996,1.5,129.88730396922622,0.04055800074457805,True,False,False
11.065,0.11334537911730531,0.386155534916582,0.016560492147632336,-0.05520341736578285,0.0,7.701731016328911e-05,0.18833367881604096,0.0,0.3916285617176337,0.07500000000000001,0.0,0.38999999999999996,1.5,129.88730163502177,0.04059232698288404,True,False,False
11.07,0.11342712177443968,0.38849853681200924,0.016322403100469174,-0.05520341736578285,0.0,7.701731016328911e-05,0.18841528714778277,0.0,0.3916384734418205,0.07500000000000001,0.0,0.38999999999999996,1.5,129.887299305558,0.04063104919178704,True,False,False
11.075000000000001,0.11350767205879714,0.39081698938099185,0.016082396128732267,-0.05520341736578285,0.0,7.701731016328911e-05,0.18849570378548658,0.0,0.39164828348427244,0.07500000000000001,0.0,0.38999999999999996,1.5,129.88729698034936,0.04067398561562512,True,False,False
11.08,0.1135870204256108,0.393110689150983,0.015840492589159816,-0.05520341736578285,0.0,7.701731016328911e-05,0.18857491921839167,0.0,0.3916579908636453,0.07500000000000001,0.0,0.38999999999999996,1.5,129.88729465892158,0.04072095738627992,True,False,False
11.085,0.11366515743563844,0.39537943484896465,0.015596713975053876,-0.05520341736578285,0.0,7.701731016328911e-05,0.18865292404109693,0.0,0.39166759460814876,0.07500000000000001,0.0,0.38999999999999996,1.5,129.8872923408125,0.04077178825452597,True,False,False
11.09,0.11374207375604323,0.39762302692164325,0.015351081948550142,-0.05520341736578285,0.0,7.701731016328911e-05,0.18872970895446095,0.0,0.3916770937537251,0.07500000000000001,0.0,0.38999999999999996,1.5,129.887290025573,0.04082630441864682,True,False,False
11.095,0.11381776016133921,0.3998412672185191,0.01510361836415964,-0.05520341736578285,0.0,7.701731016328911e-05,0.18880526476655835,0.0,0.3916864873428785,0.07500000000000001,0.0,0.38999999999999996,1.5,129.8872877127676,0.04088433441851681,True,False,False
11.1,0.11389220753438171,0.4020339588038114,0.014854345285931663,-0.054014559128026385,0.0,8.66453615598502e-05,0.18887958239367453,0.0,0.39169577442396436,0.07500000000000001,0.0,0.38999999999999996,1.5,129.88729732542404,0.04281983771242467,True,False,False
11.105,0.11396540687990023,0.40420088347936617,0.014603288054331988,-0.054014559128026385,0.0,8.66453615598502e-05,0.18895265287476487,0.0,0.39170495398898453,0.07500000000000001,0.0,0.38999999999999996,1.5,129.88729485919544,0.04281713096021075,True,False,False
11.11,0.11403734932981636,0.4063418246881628,0.014350471332230932,-0.054014559128026385,0.0,8.66453615598502e-05,0.18902446737583703,0.0,0.39171402503693736,0.07500000000000001,0.0,0.38999999999999996,1.5,129.8872924066695,0.04281920777086959,True,False,False
11.115,0.1141080261234377,0.4084565944257649,0.014095918310691086,-0.054014559128026385,0.0,8.66453615598502e-05,0.18909501716893223,0.0,0.39172298665351835,0.07500000000000001,0.0,0.38999999999999996,1.5,129.88728996718316,0.04282587410120651,True,False,False
11.120000000000001,0.11417742861193053,0.4105450102134189,0.013839652114465828,-0.054014559128026385,0.0,8.66453615598502e-05,0.18916429363753076,0.0,0.39173183794742694,0.07500000000000001,0.0,0.38999999999999996,1.5,129.8872875400902,0.04283694010916224,True,False,False
11.125,0.11424554825864697,0.41260689367432285,0.013581695890243503,-0.054014559128026385,0.0,8.66453615598502e-05,0.18923228827695232,0.0,0.3917405780448164,0.07500000000000001,0.0,0.38999999999999996,1.5,129.88728512476192,0.042852219497496194,True,False,False
11.13,0.1143123766396386,0.4146420695008764,0.013322072872772425,-0.054014559128026385,0.0,8.66453615598502e-05,0.18929899269492145,0.0,0.3917492060853105,0.07500000000000001,0.0,0.38999999999999996,1.5,129.88728272058765,0.042871529080078526,True,False,False
11.135,0.11437790544431657,0.4166503647305196,0.013060806434588105,-0.054014559128026385,0.0,8.66453615598502e-05,0.18936439861226295,0.0,0.39175772121920754,0.07500000000000001,0.0,0.38999999999999996,1.5,129.88728032697568,0.04289468849850914,True,False,False
11.14,0.11444212647620888,0.4186316082454624,0.012797920123750266,-0.054014559128026385,0.0,8.66453615598502e-05,0.18942849786368218,0.0,0.3917661226055613,0.07500000000000001,0.0,0.38999999999999996,1.5,129.88727794335384,0.04292152004001404,True,False,False
11.145,0.11450503165378575,0.4205856304386894,0.012533437692958381,-0.054014559128026385,0.0,8.66453615598502e-05,0.18949128239860363,0.0,0.39177440941095165,0.07500000000000001,0.0,0.38999999999999996,1.5,129.88727556916945,0.04295184852352626,True,False,False
11.15,0.11456661301133376,0.42251226300923084,0.012267383122614623,-0.05277692485575412,0.0,9.487504289123561e-05,0.1895527442820519,0.0,0.39178258080869777,0.07500000000000001,0.0,0.38999999999999996,1.5,129.88726025765752,0.044936503646269596,True,False,False
11.155,0.11462686271268965,0.42441131554280404,0.01199978244893164,-0.05277692485575412,0.0,9.487504289123561e-05,0.18961287570975435,0.0,0.3917906358910185,0.07500000000000001,0.0,0.38999999999999996,1.5,129.88725775408437,0.04490329212023101,True,False,False
11.16,0.11468577305681162,0.42628259936934537,0.01173066373616612,-0.05277692485575412,0.0,9.487504289123561e-05,0.18967166901233995,0.0,0.391798573757969,0.07500000000000001,0.0,0.38999999999999996,1.5,129.88725527297646,0.04487490981865817,True,False,False
11.165000000000001,0.11474333645720118,0.4281259555952278,0.011460052241721242,-0.05277692485575412,0.0,9.487504289123561e-05,0.18972911663308276,0.0,0.3918063936234858,0.07500000000000001,0.0,0.38999999999999996,1.5,129.88725281349193,0.044851158391422855,True,False,False
11.17,0.11479954544620763,0.42994123110634463,0.011187973187971881,-0.05277692485575412,0.0,9.487504289123561e-05,0.18978521113358174,0.0,0.39181409472601536,0.07500000000000001,0.0,0.38999999999999996,1.5,129.8872503748129,0.04483184393842858,True,False,False
11.175,0.11485439267520631,0.4317282770782704,0.010914451866361386,-0.05277692485575412,0.0,9.487504289123561e-05,0.18983994519402114,0.0,0.39182167632270526,0.07500000000000001,0.0,0.38999999999999996,1.5,129.88724795614635,0.04481677632302408,True,False,False
11.18,0.11490787091497426,0.4334869478977251,0.010639513720153154,-0.05277692485575412,0.0,9.487504289123561e-05,0.18989331161360454,0.0,0.39182913768523675,0.07500000000000001,0.0,0.38999999999999996,1.5,129.88724555672414,0.044805768717222264,True,False,False
11.185,0.11495997305621501,0.43521710040487316,0.010363184412240654,-0.05277692485575412,0.0,9.487504289123561e-05,0.18994530331111992,0.0,0.3918364780968822,0.07500000000000001,0.0,0.38999999999999996,1.5,129.88724317580397,0.04479863730347599,True,False,False
11.19,0.11501069211018936,0.43691859336452316,0.010085489883155043,-0.05277692485575412,0.0,9.487504289123561e-05,0.18999591332559726,0.0,0.39184369685048676,0.07500000000000001,0.0,0.38999999999999996,1.5,129.88724081266926,0.044795201081948115,True,False,False
11.195,0.11506002120941475,0.43859128711506873,0.009806456403454716,-0.05277692485575412,0.0,9.487504289123561e-05,0.19004513481702434,0.0,0.39185079324714217,0.07500000000000001,0.0,0.38999999999999996,1.5,129.88723846663015,0.04479528174882523,True,False,False
11.200000000000001,0.11510795360841464,0.44023504335339414,0.009526110624009472,-0.051488576310389944,0.0,0.00010192610482443072,0.1900929610671047,0.0,0.3918577665953674,0.07500000000000001,0.0,0.38999999999999996,1.5,129.88720108534278,0.04682963770887415,True,False,False
11.205,0.11515448269768015,0.44184970072145335,0.009244479924097503,-0.051488576310389944,0.0,0.00010192610482443072,0.1901393854950159,0.0,0.39186461610001555,0.07500000000000001,0.0,0.38999999999999996,1.5,129.88719863807287,0.04676334074259208,True,False,False
11.21,0.11519960200948796,0.44343509967130834,0.00896159710728892,-0.051488576310389944,0.0,0.00010192610482443072,0.19018440166143158,0.0,0.39187134097438747,0.07500000000000001,0.0,0.38999999999999996,1.5,129.88719622274624,0.046701960034557774,True,False,False
11.215,0.11524330519650268,0.4449911116470875,0.008677490859949693,-0.051488576310389944,0.0,0.00010192610482443072,0.1902280032449969,0.0,0.3918779405702123,0.07500000000000001,0.0,0.38999999999999996,1.5,129.8871938383136,0.04664529337501147,True,False,False
11.22,0.11528558603592191,0.4465176140854698,0.00839219014119781,-0.051488576310389944,0.0,0.00010192610482443072,0.19027018404827756,0.0,0.39188441426501025,0.07500000000000001,0.0,0.38999999999999996,1.5,129.8871914837577,0.04659314323259403,True,False,False
11.225,0.11532643842950067,0.4480144888554137,0.00810572436383639,-0.051488576310389944,0.0,0.00010192610482443072,0.19031093799787505,0.0,0.3918907614560359,0.07500000000000001,0.0,0.38999999999999996,1.5,129.88718915809318,0.04654531603688469,True,False,False
11.23,0.11536585640378469,0.4494816211362139,0.007818123569863564,-0.051488576310389944,0.0,0.00010192610482443072,0.19035025914472534,0.0,0.39189698155588804,0.07500000000000001,0.0,0.38999999999999996,1.5,129.88718686036708,0.04650162170230282,True,False,False
11.235,0.11540383411049673,0.45091889861772333,0.007529418612254072,-0.051488576310389944,0.0,0.00010192610482443072,0.1903881416645306,0.0,0.39190307398943625,0.07500000000000001,0.0,0.38999999999999996,1.5,129.88718458965906,0.04646187331504009,True,False,False
11.24,0.11544036582703597,0.45232621094732256,0.0072396413550987184,-0.051488576310389944,0.0,0.00010192610482443072,0.19042457985828937,0.0,0.39190903819167616,0.07500000000000001,0.0,0.38999999999999996,1.5,129.8871823450816,0.046425886929867016,True,False,False
11.245000000000001,0.11547544595704864,0.4537034493602762,0.006948824905563631,-0.051488576310389944,0.0,0.00010192610482443072,0.19045956815288653,0.0,0.39191487360632915,0.07500000000000001,0.0,0.38999999999999996,1.5,129.88718012578036,0.0463934814409501,True,False,False
11.25,0.11550906903105061,0.45505050644727496,0.006657003893780175,-0.050148527832338266,0.0,0.00010807515809390209,0.19049310110172712,0.0,0.391920579684953,0.07500000000000001,0.0,0.38999999999999996,1.5,129.88712441961718,0.048476900908256994,True,False,False
11.255,0.11554122972064411,0.4563672507481123,0.00636421287227859,-0.050148527832338266,0.0,0.00010807515809390209,0.19052517340113617,0.0,0.39192615575592277,0.07500000000000001,0.0,0.38999999999999996,1.5,129.88712213155105,0.048375313318474694,True,False,False
11.26,0.11557192284456458,0.4576535526169357,0.006070498129592395,-0.050148527832338266,0.0,0.00010807515809390209,0.19055577989422506,0.0,0.3919316011563992,0.07500000000000001,0.0,0.38999999999999996,1.5,129.88711988545077,0.04827877539219236,True,False,False
11.265,0.11560114334642412,0.45890931458727763,0.005775902067729244,-0.050148527832338266,0.0,0.00010807515809390209,0.19058491554610288,0.0,0.39193691538296455,0.07500000000000001,0.0,0.38999999999999996,1.5,129.8871176800262,0.048187081274593216,True,False,False
11.27,0.11562888629871675,0.46013444535000586,0.00548047037554026,-0.050148527832338266,0.0,0.00010807515809390209,0.19061257545007426,0.0,0.3919420979590262,0.07500000000000001,0.0,0.38999999999999996,1.5,129.88711551402707,0.048100030000335706,True,False,False
11.275,0.11565514690268848,0.4613288581253003,0.005184253160604369,-0.050148527832338266,0.0,0.00010807515809390209,0.19063875482760925,0.0,0.3919471484284804,0.07500000000000001,0.0,0.38999999999999996,1.5,129.88711338624304,0.04801742474510944,True,False,False
11.28,0.1156799204884239,0.4624924694907028,0.004887306435631555,-0.050148527832338266,0.0,0.00010807515809390209,0.1906634490285019,0.0,0.3919520663511317,0.07500000000000001,0.0,0.38999999999999996,1.5,129.88711129550367,0.04793907232829566,True,False,False
11.285,0.11570320251509691,0.4636251985412137,0.004589694140763033,-0.050148527832338266,0.0,0.00010807515809390209,0.19068665353117178,0.0,0.3919568512994478,0.07500000000000001,0.0,0.38999999999999996,1.5,129.88710924067857,0.04786478288525211,True,False,False
11.290000000000001,0.11572498857133356,0.46472696631392524,0.00429149097939491,-0.050148527832338266,0.0,0.00010807515809390209,0.1907083639430613,0.0,0.3919615028563219,0.07500000000000001,0.0,0.38999999999999996,1.5,129.8871072206773,0.04779436965393043,True,False,False
11.295,0.11574527437565678,0.46579769539822863,0.003992786507402589,-0.050148527832338266,0.0,0.00010807515809390209,0.1907285760011032,0.0,0.39196602061356206,0.07500000000000001,0.0,0.38999999999999996,1.5,129.8871052344497,0.04772764883852256,True,False,False
11.3,0.11576405577698,0.4668373096818504,0.003693691196650116,-0.04875717752956112,0.0,0.00011363761618021109,0.1907472855722276,0.0,0.3919704041709591,0.07500000000000001,0.0,0.38999999999999996,1.5,129.88703565073024,0.04985772572793927,True,False,False
11.305,0.11578132876910516,0.46784570796804154,0.0033943385398332937,-0.04875717752956112,0.0,0.00011363761618021109,0.190764488670366,0.0,0.39197465298934336,0.07500000000000001,0.0,0.38999999999999996,1.5,129.88703363248408,0.04971913608392092,True,False,False
11.31,0.11579708949696885,0.4688227908298914,0.003094925565446447,-0.04875717752956112,0.0,0.00011363761618021109,0.19078018146019454,0.0,0.39197876653838704,0.07500000000000001,0.0,0.38999999999999996,1.5,129.8870316665163,0.04958577666981582,True,False,False
11.315,0.11581133423350189,0.4697684921440636,0.0027957071618335467,-0.04875717752956112,0.0,0.00011363761618021109,0.1907943602311219,0.0,0.39198274446388476,0.07500000000000001,0.0,0.38999999999999996,1.5,129.88702975125867,0.049457438045981045,True,False,False
11.32,0.11582405938352362,0.47068275205838045,0.0024970474608540386,-0.04875717752956112,0.0,0.00011363761618021109,0.19080702140370223,0.0,0.3919865864392118,0.07500000000000001,0.0,0.38999999999999996,1.5,129.8870278851914,0.04933391585803204,True,False,False
11.325000000000001,0.11583526148345989,0.4715655152961537,0.0021994936701007395,-0.04875717752956112,0.0,0.00011363761618021109,0.1908181615294618,0.0,0.39199029215871023,0.07500000000000001,0.0,0.38999999999999996,1.5,129.88702606684328,0.0492150100580294,True,False,False
11.33,0.11584493720128433,0.4724167299340508,0.0019039171596609435,-0.04875717752956112,0.0,0.00011363761618021109,0.19082777729091854,0.0,0.3919938613329134,0.07500000000000001,0.0,0.38999999999999996,1.5,129.88702429479096,0.049100524386430366,True,False,False
11.335,0.11585308333663195,0.47323634653141955,0.00161180355642521,-0.04875717752956112,0.0,0.00011363761618021109,0.1908358655017515,0.0,0.3919972936851468,0.07500000000000001,0.0,0.38999999999999996,1.5,129.88702256765916,0.048990266030202664,True,False,False
11.34,0.11585969682103188,0.47402431752070756,0.0013259036304534059,-0.04875717752956112,0.0,0.00011363761618021109,0.19084242310707195,0.0,0.3920005889491724,0.07500000000000001,0.0,0.38999999999999996,1.5,129.88702088412032,0.04888404539968829,True,False,False
11.345,0.11586477471822286,0.47478059680265855,0.0010518480990646581,-0.04875717752956112,0.0,0.00011363761618021109,0.19084744718376445,0.0,0.39200374686760653,0.07500000000000001,0.0,0.38999999999999996,1.5,129.88701924289467,0.048781675985483615,True,False,False
11.35,0.11586831422452236,0.4755051394819344,0.0008025547330868935,-0.04731666295906456,0.0,0.00011894805342868806,0.19085093494087185,0.0,0.3920067671909143,0.07500000000000001,0.0,0.38999999999999996,1.5,129.8869407132468,0.050953757683557074,True,False,False
11.355,0.11587031268362308,0.47619787453523105,0.0006100078646225041,-0.04731666295906456,0.0,0.00011894805342868806,0.19085288373713843,0.0,0.3920096495191129,0.07500000000000001,0.0,0.38999999999999996,1.5,129.88693908072543,0.05077704801683559,True,False,False
11.36,0.11587076759299446,0.4768587326213616,0.0005398713740743048,-0.04731666295906456,0.0,0.00011894805342868806,0.19085329108466637,0.0,0.3920123934608575,0.07500000000000001,0.0,0.38999999999999996,1.5,129.88693751075138,0.0506057931008585,True,False,False
11.365,0.11586967657985928,0.47748767872893094,0.0006348552503541878,-0.04731666295906456,0.0,0.00011894805342868806,0.1908521546217665,0.0,0.39201499881277846,0.07500000000000001,0.0,0.38999999999999996,1.5,129.88693600144094,0.05043977989664675,True,False,False
11.370000000000001,0.11586703740501184,0.47808468417830374,0.0008412342970121556,-0.04731666295906456,0.0,0.00011894805342868806,0.19084947211953987,0.0,0.39201746539954657,0.07500000000000001,0.0,0.38999999999999996,1.5,129.88693455096822,0.05027880063165033,True,False,False
11.375,0.11586284796238601,0.478649724866651,0.0010982357351841897,-0.04731666295906456,0.0,0.00011894805342868806,0.1908452414815622,0.0,0.3920197930670041,0.07500000000000001,0.0,0.38999999999999996,1.5,129.8869331575649,0.05012265199208148,True,False,False
11.38,0.11585710627885625,0.4791827799927115,0.0013780688000255461,-0.04731666295906456,0.0,0.00011894805342868806,0.19083946074376934,0.0,0.39202198167719593,0.07500000000000001,0.0,0.38999999999999996,1.5,129.88693181951948,0.04997113458526835,True,False,False
11.385,0.1158498105142172,0.4796838311588207,0.0016694782184502278,-0.04731666295906456,0.0,0.00011894805342868806,0.19083212807449712,0.0,0.39202403110483186,0.07500000000000001,0.0,0.38999999999999996,1.5,129.8869305351771,0.04982405258443061,True,False,False
11.39,0.11584095896128946,0.48015286173122573,0.0019674689797047895,-0.04731666295906456,0.0,0.00011894805342868806,0.19082324177462928,0.0,0.39202594123481466,0.07500000000000001,0.0,0.38999999999999996,1.5,129.8869293029391,0.04968121349643263,True,False,False
11.395,0.11583055004610962,0.48058985642166574,0.0022695590401123626,-0.04731666295906456,0.0,0.00011894805342868806,0.1908128002778156,0.0,0.39202771196058556,0.07500000000000001,0.0,0.38999999999999996,1.5,129.88692812126294,0.049542428012408504,True,False,False
11.4,0.11581858232817832,0.48099480100769787,0.002574388852156137,-0.04583112932669971,0.0,0.00012434006586416971,0.19080080215073802,0.0,0.39202934318306387,0.07500000000000001,0.0,0.38999999999999996,1.5,129.88684582472308,0.05174925891565268,True,False,False
11.405,0.11580505451555739,0.4813676541439722,0.002881137073694914,-0.04583112932669971,0.0,0.00012434006586416971,0.19078724611109954,0.0,0.39203083464587496,0.07500000000000001,0.0,0.38999999999999996,1.5,129.8868446958192,0.05153398309087381,True,False,False
11.41,0.11578996547137373,0.481708376039005,0.0031893031212605607,-0.04583112932669971,0.0,0.00012434006586416971,0.1907721310312351,0.0,0.3920321861008408,0.07500000000000001,0.0,0.38999999999999996,1.5,129.88684363928922,0.0513244236386427,True,False,False
11.415000000000001,0.11577331418894397,0.4820169621197398,0.0034985435961954834,-0.04583112932669971,0.0,0.00012434006586416971,0.1907554559099553,0.0,0.392033397494425,0.07500000000000001,0.0,0.38999999999999996,1.5,129.88684265289956,0.0511203639085469,True,False,False
11.42,0.1157550997910017,0.4822934091681559,0.0038086211906058136,-0.04583112932669971,0.0,0.00012434006586416971,0.190737219875019,0.0,0.3920344687823295,0.07500000000000001,0.0,0.38999999999999996,1.5,129.88684173455962,0.0509197431176165,True,False,False
11.425,0.11573532135571839,0.4825374975024183,0.004119402894802663,-0.04583112932669971,0.0,0.00012434006586416971,0.19071742202375727,0.0,0.3920353990977355,0.07500000000000001,0.0,0.38999999999999996,1.5,129.8868408851266,0.05070458881385615,True,False,False
11.43,0.11571397789805514,0.482748651458961,0.0044307562554907415,-0.04583112932669971,0.0,0.00012434006586416971,0.19069606141405981,0.0,0.39203618620604697,0.07500000000000001,0.0,0.38999999999999996,1.5,129.88684010865916,0.05047418484884012,True,False,False
11.435,0.11569106863999616,0.4829262141367021,0.004742563918499251,-0.04583112932669971,0.0,0.00012434006586416971,0.1906731373162937,0.0,0.3920368275504239,0.07500000000000001,0.0,0.38999999999999996,1.5,129.8868394083853,0.050231735396465985,True,False,False
11.44,0.11566659303856598,0.4830695221160971,0.005054726576522014,-0.04583112932669971,0.0,0.00012434006586416971,0.1906486492361515,0.0,0.39203732054494167,0.07500000000000001,0.0,0.38999999999999996,1.5,129.886838786703,0.04997956814640977,True,False,False
11.445,0.11564055078841594,0.48317794132564446,0.005367157503846143,-0.04583112932669971,0.0,0.00012434006586416971,0.19062259691470354,0.0,0.39203766271698615,0.07500000000000001,0.0,0.38999999999999996,1.5,129.88683824539754,0.049719399093368005,True,False,False
11.450000000000001,0.11561294181950207,0.48325088772673913,0.005679779188602822,-0.044288353170330086,0.0,0.0001304117497699977,0.19059498032459354,0.0,0.3920378517896067,0.07500000000000001,0.0,0.38999999999999996,1.5,129.88675933355935,0.05188449698921017,True,False,False
11.455,0.1155837664255579,0.4832879524513669,0.005992467595439671,-0.044288353170330086,0.0,0.0001304117497699977,0.1905657997909953,0.0,0.3920378861071016,0.07500000000000001,0.0,0.38999999999999996,1.5,129.8867589487389,0.051538432937283496,True,False,False
11.46,0.11555302517566822,0.48328890726471585,0.006305197702758297,-0.044288353170330086,0.0,0.0001304117497699977,0.19053505590166647,0.0,0.39203776471836654,0.07500000000000001,0.0,0.38999999999999996,1.5,129.88675867297616,0.05119171730252596,True,False,False
11.465,0.11552071872246793,0.4832535149524244,0.006617913831279912,-0.044288353170330086,0.0,0.0001304117497699977,0.1905027493269787,0.0,0.39203748670294514,0.07500000000000001,0.0,0.38999999999999996,1.5,129.8867585053211,0.050844382055789075,True,False,False
11.47,0.11548684789908668,0.4831815765142614,0.00693056399608863,-0.044288353170330086,0.0,0.0001304117497699977,0.19046888091471223,0.0,0.39203705129311717,0.07500000000000001,0.0,0.38999999999999996,1.5,129.88675844480463,0.05049642795559051,True,False,False
11.475,0.11545141371602989,0.48307292686484243,0.007243099244725429,-0.044288353170330086,0.0,0.0001304117497699977,0.19043345168722225,0.0,0.3920364578570704,0.07500000000000001,0.0,0.38999999999999996,1.5,129.8867584904474,0.05014783106478308,True,False,False
11.48,0.1154144173583369,0.4829274311820837,0.007555473139691906,-0.044288353170330086,0.0,0.0001304117497699977,0.1903964628388389,0.0,0.3920357058846632,0.07500000000000001,0.0,0.38999999999999996,1.5,129.88675864126688,0.04979854778988436,True,False,False
11.485,0.1153758601830395,0.4827449818684434,0.007867641349976624,-0.044288353170330086,0.0,0.0001304117497699977,0.19035791573352848,0.0,0.39203479497552546,0.07500000000000001,0.0,0.38999999999999996,1.5,129.88675889628323,0.04944851887902602,True,False,False
11.49,0.11533574371686647,0.48252549598160377,0.008179561325752533,-0.044288353170330086,0.0,0.0001304117497699977,0.19031781190276909,0.0,0.39203372482904564,0.07500000000000001,0.0,0.38999999999999996,1.5,129.8867592545238,0.049097672649980224,True,False,False
11.495000000000001,0.11529406965416246,0.482268913049291,0.008491192037169814,-0.044288353170330086,0.0,0.0001304117497699977,0.1902761530436167,0.0,0.39203249523579453,0.07500000000000001,0.0,0.38999999999999996,1.5,129.88675971502713,0.04874592763327064,True,False,False
11.5,0.11525083985497765,0.4819751931842027,0.008802493763024883,-0.04268784276379348,0.0,0.00013764997251731505,0.19023294101692192,0.0,0.3920311060701741,0.07500000000000001,0.0,0.38999999999999996,1.5,129.88669137219694,0.05091619811236613,True,False,False
11.505,0.11520605648192245,0.48164443433811677,0.009113365956134985,-0.04268784276379348,0.0,0.00013764997251731505,0.1901881779771059,0.0,0.39202955769331127,0.07500000000000001,0.0,0.38999999999999996,1.5,129.88669207972956,0.05048621280749619,True,False,False
11.51,0.1151597219133135,0.4812768724032804,0.009423815451177079,-0.04268784276379348,0.0,0.00013764997251731505,0.19014186628438712,0.0,0.392027851005379,0.07500000000000001,0.0,0.38999999999999996,1.5,129.886692915023,0.05005957436865173,True,False,False
11.515,0.11511183854969019,0.4808726834022461,0.009733811663157326,-0.04268784276379348,0.0,0.00013764997251731505,0.1900940083238886,0.0,0.3920259867301161,0.07500000000000001,0.0,0.38999999999999996,1.5,129.88669387549533,0.04963563058826102,True,False,False
11.52,0.11506240892017716,0.48043203406221757,0.010043324355121898,-0.04268784276379348,0.0,0.00013764997251731505,0.19004460660947986,0.0,0.3920239655590172,0.07500000000000001,0.0,0.38999999999999996,1.5,129.88669495875607,0.04921383242625514,True,False,False
11.525,0.11501143568469982,0.4799550804752299,0.010352323492294377,-0.04268784276379348,0.0,0.00013764997251731505,0.18999366378609325,0.0,0.3920217881458724,0.07500000000000001,0.0,0.38999999999999996,1.5,129.88669616257454,0.04879371070099578,True,False,False
11.53,0.11495892163609156,0.4794419682034685,0.010660779150194002,-0.04268784276379348,0.0,0.00013764997251731505,0.189941182631831,0.0,0.3920194551069818,0.07500000000000001,0.0,0.38999999999999996,1.5,129.8866974848568,0.04837485917385544,True,False,False
11.535,0.11490486970203487,0.47889283326927806,0.010968661460877457,-0.04268784276379348,0.0,0.00013764997251731505,0.18988716605984313,0.0,0.3920169670249265,0.07500000000000001,0.0,0.38999999999999996,1.5,129.88669892362662,0.047956922072706236,True,False,False
11.540000000000001,0.11484928294677481,0.47830780361480774,0.0112759405854837,-0.04268784276379348,0.0,0.00013764997251731505,0.18983161711994548,0.0,0.3920143244541499,0.07500000000000001,0.0,0.38999999999999996,1.5,129.88670047701035,0.047539584725612094,True,False,False
11.545,0.11479216457256886,0.47768700073431863,0.011582586704455776,-0.04268784276379348,0.0,0.00013764997251731505,0.18977453899996072,0.0,0.3920115279272806,0.07500000000000001,0.0,0.38999999999999996,1.5,129.8867021432243,0.04712256640705816,True,False,False
11.55,0.11473351792087454,0.47703054132962874,0.011888570019259859,-0.04108447591099236,0.0,0.00014567710175902366,0.18971593502679607,0.0,0.39200857796153016,0.07500000000000001,0.0,0.38999999999999996,1.5,129.8866457684233,0.049233124783776006,True,False,False
11.555,0.11467334661221633,0.4763386579787576,0.012193795448932846,-0.04108447591099236,0.0,0.00014567710175902366,0.1896558087988837,0.0,0.39200547548460063,0.07500000000000001,0.0,0.38999999999999996,1.5,129.88664775883802,0.04873970579139579,True,False,False
11.56,0.1146116544614213,0.4756117020915585,0.01249827929971808,-0.04108447591099236,0.0,0.00014567710175902366,0.18959416410050836,0.0,0.3920022218883018,0.07500000000000001,0.0,0.38999999999999996,1.5,129.88664988669854,0.04825045410824074,True,False,False
11.565,0.11454844528575549,0.47484994826178756,0.012801998638172994,-0.04108447591099236,0.0,0.00014567710175902366,0.18953100472247514,0.0,0.39199881831192757,0.07500000000000001,0.0,0.38999999999999996,1.5,129.8866521486703,0.047764628479258386,True,False,False
11.57,0.11448372301330381,0.47405364716326076,0.013104930069995689,-0.04108447591099236,0.0,0.00014567710175902366,0.1894663345676507,0.0,0.3919952658052326,0.07500000000000001,0.0,0.38999999999999996,1.5,129.88665454165294,0.04728160824961258,True,False,False
11.575000000000001,0.11441749168670283,0.4732230261371822,0.01340704968651094,-0.04108447591099236,0.0,0.00014567710175902366,0.1894001576546607,0.0,0.3919915653304605,0.07500000000000001,0.0,0.38999999999999996,1.5,129.88665706274367,0.04680086718904773,True,False,False
11.58,0.11434975546654855,0.47235829098375626,0.013708333063100727,-0.04108447591099236,0.0,0.00014567710175902366,0.18933247812117818,0.0,0.3919877177691428,0.07500000000000001,0.0,0.38999999999999996,1.5,129.8866597092063,0.04632195418694859,True,False,False
11.585,0.11428051863446247,0.471459628409563,0.014008755288864666,-0.04108447591099236,0.0,0.00014567710175902366,0.18926330022682322,0.0,0.39198372393154546,0.07500000000000001,0.0,0.38999999999999996,1.5,129.8866624784479,0.04584447877509057,True,False,False
11.59,0.11420978559577025,0.4705272087485733,0.01430829101371456,-0.04108447591099236,0.0,0.00014567710175902366,0.18919262835565698,0.0,0.39197958456717963,0.07500000000000001,0.0,0.38999999999999996,1.5,129.88666536799914,0.045368100080311204,True,False,False
11.595,0.1141375608817869,0.46956118868995106,0.01460691450388205,-0.04108447591099236,0.0,0.00014567710175902366,0.18912046701828142,0.0,0.3919753003753753,0.07500000000000001,0.0,0.38999999999999996,1.5,129.88666837549857,0.0448925182546173,True,False,False
11.6,0.11406384915172124,0.4685617138708282,0.014904599700082934,-0.039518685645423504,0.0,0.00015434986674852107,0.1890468208535674,0.0,0.39197087201535996,0.07500000000000001,0.0,0.38999999999999996,1.5,129.8866269115517,0.0468857465975186,True,False,False
11.605,0.11398865532996372,0.46752903758326175,0.01520125458343656,-0.039518685645423504,0.0,0.00015434986674852107,0.18897169475854095,0.0,0.39196630053634673,0.07500000000000001,0.0,0.38999999999999996,1.5,129.88663030863754,0.046336473169667686,True,False,False
11.61,0.11391198452375295,0.4664635243834983,0.015496898512316871,-0.039518685645423504,0.0,0.00015434986674852107,0.1888950938053367,0.0,0.3919615874217807,0.07500000000000001,0.0,0.38999999999999996,1.5,129.88663384677318,0.045791712609353497,True,False,False
11.615,0.1138338418362497,0.4653654596550557,0.01579151165860795,-0.039518685645423504,0.0,0.00015434986674852107,0.18881702306649112,0.0,0.3919567338812784,0.07500000000000001,0.0,0.38999999999999996,1.5,129.88663752202524,0.045250735528747095,True,False,False
11.620000000000001,0.1137542324728694,0.46423510183249,0.016085073513561997,-0.039518685645423504,0.0,0.00015434986674852107,0.18873748771830473,0.0,0.39195174102280456,0.07500000000000001,0.0,0.38999999999999996,1.5,129.88664133070827,0.04471293335554701,True,False,False
11.625,0.11367316174528024,0.4630726834482215,0.01637756285563619,-0.039518685645423504,0.0,0.00015434986674852107,0.18865649304476675,0.0,0.3919466098565277,0.07500000000000001,0.0,0.38999999999999996,1.5,129.8866452693445,0.04417779220760188,True,False,False
11.63,0.11359063507503679,0.4618784132928622,0.016668957772105246,-0.039518685645423504,0.0,0.00015434986674852107,0.1885740444410398,0.0,0.3919413413030418,0.07500000000000001,0.0,0.38999999999999996,1.5,129.8866493346326,0.04364487356445597,True,False,False
11.635,0.11350665799683789,0.46065247916505636,0.01695923562550118,-0.039518685645423504,0.0,0.00015434986674852107,0.18849014741652786,0.0,0.3919359362039841,0.07500000000000001,0.0,0.38999999999999996,1.5,129.8866535234228,0.043113820415822714,True,False,False
11.64,0.11342123622286066,0.45939512461362453,0.01724833571206112,-0.039518685645423504,0.0,0.00015434986674852107,0.18840480765424256,0.0,0.3919303956139112,0.07500000000000001,0.0,0.38999999999999996,1.5,129.8866578315337,0.042592946608906536,True,False,False
11.645,0.11333437573161877,0.45810680448975594,0.01753621144723244,-0.039518685645423504,0.0,0.00015434986674852107,0.18831803108956732,0.0,0.39192472139791557,0.07500000000000001,0.0,0.38999999999999996,1.5,129.88666225217057,0.04208642745718423,True,False,False
11.65,0.11324608263541443,0.45678808217876776,0.017822839892312835,-0.038034359407341664,0.0,0.0001634455577717213,0.1882298237843769,0.0,0.3919189158465321,0.07500000000000001,0.0,0.38999999999999996,1.5,129.88663775119426,0.04393353355571156,True,False,False
11.655,0.11315636315232423,0.45543954621627347,0.01810819728392245,-0.038034359407341664,0.0,0.0001634455577717213,0.18814019190466988,0.0,0.39191298134731045,0.07500000000000001,0.0,0.38999999999999996,1.5,129.88664258658577,0.04337002108276201,True,False,False
11.66,0.11306522359962773,0.4540618146298609,0.018392266069076613,-0.038034359407341664,0.0,0.0001634455577717213,0.18804914171368198,0.0,0.3919069204056976,0.07500000000000001,0.0,0.38999999999999996,1.5,129.88664754710152,0.042821435335693936,True,False,False
11.665000000000001,0.11297267035964646,0.45265555027584037,0.018675032040330497,-0.038034359407341664,0.0,0.0001634455577717213,0.18795667953666023,0.0,0.3919007357106107,0.07500000000000001,0.0,0.38999999999999996,1.5,129.8866526250376,0.04228726208010408,True,False,False
11.67,0.11287870987792069,0.4512214185516014,0.018956482706104734,-0.038034359407341664,0.0,0.0001634455577717213,0.18786281176195435,0.0,0.39189442996425106,0.07500000000000001,0.0,0.38999999999999996,1.5,129.88665781297883,0.04176701153397717,True,False,False
11.675,0.11278334865867135,0.4497600757756916,0.019236606741417868,-0.038034359407341664,0.0,0.0001634455577717213,0.18776754483726613,0.0,0.3918880058364842,0.07500000000000001,0.0,0.38999999999999996,1.5,129.88666310378943,0.04126021313758104,True,False,False
11.68,0.11268659326201053,0.4482721608689713,0.01951539357872578,-0.038034359407341664,0.0,0.0001634455577717213,0.18767088526741915,0.0,0.3918814659321572,0.07500000000000001,0.0,0.38999999999999996,1.5,129.8866684906055,0.04076641201401712,True,False,False
11.685,0.11258845030243929,0.4467582895010239,0.019792833102928765,-0.038034359407341664,0.0,0.0001634455577717213,0.18757283961324472,0.0,0.39187481276812464,0.07500000000000001,0.0,0.38999999999999996,1.5,129.88667396682825,0.04028516657365157,True,False,False
11.69,0.11248892644828352,0.44521905010610446,0.02006891542373487,-0.038034359407341664,0.0,0.0001634455577717213,0.18747341449127705,0.0,0.39186804875758996,0.07500000000000001,0.0,0.38999999999999996,1.5,129.88667952611726,0.03981604689358442,True,False,False
11.695,0.11238802842181883,0.4436550012755838,0.02034363070546722,-0.038034359407341664,0.0,0.0001634455577717213,0.18737261657404222,0.0,0.39186117619983996,0.07500000000000001,0.0,0.38999999999999996,1.5,129.88668516238468,0.039358633622693956,True,False,False
11.700000000000001,0.11228576299989793,0.4420666701779285,0.02061696903958031,-0.036703004896293544,0.0,0.0001722211480895429,0.18727045259077818,0.0,0.39185419727404547,0.07500000000000001,0.0,0.38999999999999996,1.5,129.88667496992596,0.04101124183012409,True,False,False
11.705,0.11218213702870934,0.44045452667094964,0.020888915872729733,-0.036703004896293544,0.0,0.0001722211480895429,0.18716692934377718,0.0,0.3918471139424031,0.07500000000000001,0.0,0.38999999999999996,1.5,129.8866809729552,0.04050070263886697,True,False,False
11.71,0.1120771574301217,0.4388190087591721,0.021159459616353377,-0.036703004896293544,0.0,0.0001722211480895429,0.18706205371314863,0.0,0.39183992804415707,0.07500000000000001,0.0,0.38999999999999996,1.5,129.88668706465103,0.04000265170366804,True,False,False
11.715,0.11197083118007865,0.4371605529038376,0.021428589441017814,-0.036703004896293544,0.0,0.0001722211480895429,0.18695583263331966,0.0,0.39183264141003993,0.07500000000000001,0.0,0.38999999999999996,1.5,129.88669323849,0.03951667125143471,True,False,False
11.72,0.111863165313796,0.43547956863169335,0.021696294453232408,-0.036703004896293544,0.0,0.0001722211480895429,0.18684827309977675,0.0,0.3918252557682177,0.07500000000000001,0.0,0.38999999999999996,1.5,129.88669948820652,0.03904235431936541,True,False,False
11.725,0.1117541669266816,0.43377643755763823,0.021962563590804802,-0.036703004896293544,0.0,0.0001722211480895429,0.18673938217003364,0.0,0.3918177727404123,0.07500000000000001,0.0,0.38999999999999996,1.5,129.88670580778648,0.03857930389521007,True,False,False
11.73,0.11164384317555813,0.4320515129961464,0.022227385545785062,-0.036703004896293544,0.0,0.0001722211480895429,0.18662916696486173,0.0,0.39181019384035054,0.07500000000000001,0.0,0.38999999999999996,1.5,129.88671219146104,0.03812713233209601,True,False,False
11.735,0.11153220128011021,0.43030512002385657,0.022490748708195143,-0.036703004896293544,0.0,0.0001722211480895429,0.1865176346697145,0.0,0.391802520473978,0.07500000000000001,0.0,0.38999999999999996,1.5,129.8867186337003,0.037685460946735916,True,False,False
11.74,0.11141924852449404,0.42853755587408005,0.022752641125454002,-0.036703004896293544,0.0,0.0001722211480895429,0.1864047925362928,0.0,0.39179475394094276,0.07500000000000001,0.0,0.38999999999999996,1.5,129.88672512920792,0.03725391973912982,True,False,False
11.745000000000001,0.11130499225905335,0.4267490905781272,0.023013050473705183,-0.036703004896293544,0.0,0.0001722211480895429,0.18629064788419883,0.0,0.3917868954371201,0.07500000000000001,0.0,0.38999999999999996,1.5,129.8867316729134,0.03683214719201504,True,False,False
11.75,0.11118943990211295,0.4249399677915716,0.023271964038228524,-0.03555246894164334,0.0,0.0001805302214005023,0.1861752081026572,0.0,0.39177894605777003,0.07500000000000001,0.0,0.38999999999999996,1.5,129.88673613663858,0.0382334782920652,True,False,False
11.755,0.11107259895380757,0.42311038410068896,0.02352936459663785,-0.03555246894164334,0.0,0.0001805302214005023,0.1860584806653829,0.0,0.3917709067310691,0.07500000000000001,0.0,0.38999999999999996,1.5,129.88674298874727,0.03776510177550979,True,False,False
11.76,0.11095447700221894,0.42126051228972206,0.023785237752507807,-0.03555246894164334,0.0,0.0001805302214005023,0.18594047313547735,0.0,0.3917627782935936,0.07500000000000001,0.0,0.38999999999999996,1.5,129.88674989900892,0.03730717236621664,True,False,False
11.765,0.11083508170519647,0.4193905285003888,0.02403956937431834,-0.03555246894164334,0.0,0.0001805302214005023,0.18582119314576578,0.0,0.3917545615824056,0.07500000000000001,0.0,0.38999999999999996,1.5,129.88675686200307,0.03685933069518196,True,False,False
11.77,0.11071442079540718,0.41750059107951726,0.024292345152476736,-0.03555246894164334,0.0,0.0001805302214005023,0.1857006484049171,0.0,0.3917462573674627,0.07500000000000001,0.0,0.38999999999999996,1.5,129.88676387253778,0.03642122724506795,True,False,False
11.775,0.1105925020814833,0.4155908403182078,0.024543550537074108,-0.03555246894164334,0.0,0.0001805302214005023,0.18557884669859065,0.0,0.39173786635058006,0.07500000000000001,0.0,0.38999999999999996,1.5,129.88677092564348,0.03599252162431771,True,False,False
11.78,0.11046933344933303,0.4136613986028849,0.024793170695080646,-0.03555246894164334,0.0,0.0001805302214005023,0.18545579589072142,0.0,0.3917293891659257,0.07500000000000001,0.0,0.38999999999999996,1.5,129.88677801656578,0.035572882053165215,True,False,False
11.785,0.1103449228635715,0.41171237083160744,0.025041190482098193,-0.03555246894164334,0.0,0.0001805302214005023,0.18533150392490763,0.0,0.39172082638160843,0.07500000000000001,0.0,0.38999999999999996,1.5,129.88678514076003,0.03516198499148198,True,False,False
11.790000000000001,0.11021927836901627,0.40974384504797023,0.025287594425005024,-0.03555246894164334,0.0,0.0001805302214005023,0.1852059788258494,0.0,0.39171217850212303,0.07500000000000001,0.0,0.38999999999999996,1.5,129.88679229388464,0.03475951486105787,True,False,False
11.795,0.11009240809222007,0.407755893233562,0.025532366712757097,-0.03555246894164334,0.0,0.0001805302214005023,0.18507922870081614,0.0,0.3917034459713594,0.07500000000000001,0.0,0.38999999999999996,1.5,129.88679947179514,0.03436516383046962,True,False,False
11.8,0.10996432024300928,0.4057485721933763,0.025775491193312097,-0.03458921962341822,0.0,0.0001884839495122791,0.18495126174111334,0.0,0.39169462917604064,0.07500000000000001,0.0,0.38999999999999996,1.5,129.88681998646504,0.03549708847028953,True,False,False
11.805,0.10983502312617303,0.4037219064053205,0.02601694760897426,-0.03458921962341822,0.0,0.0001884839495122791,0.18482208623438648,0.0,0.3916857284045619,0.07500000000000001,0.0,0.38999999999999996,1.5,129.88682740940976,0.03506358777246408,True,False,False
11.81,0.10970452514642122,0.4016759076137399,0.026256718738314706,-0.03458921962341822,0.0,0.0001884839495122791,0.18469171056878764,0.0,0.3916767438966906,0.07500000000000001,0.0,0.38999999999999996,1.5,129.88683486513017,0.03463876206627746,True,False,False
11.815,0.10957283479294157,0.39961059764744844,0.026494787269109504,-0.03458921962341822,0.0,0.0001884839495122791,0.1845601432165451,0.0,0.39166767590718216,0.07500000000000001,0.0,0.38999999999999996,1.5,129.8868423492173,0.03422230740669812,True,False,False
11.82,0.10943996064361342,0.3975259907940505,0.02673113576897987,-0.03458921962341822,0.0,0.0001884839495122791,0.18442739273882383,0.0,0.3916585246633258,0.07500000000000001,0.0,0.38999999999999996,1.5,129.88684985745815,0.033813928499615155,True,False,False
11.825000000000001,0.1093059113657919,0.395422093624724,0.02696574664174947,-0.03458921962341822,0.0,0.0001884839495122791,0.18429346778650957,0.0,0.39164929036423274,0.07500000000000001,0.0,0.38999999999999996,1.5,129.8868573858294,0.03341333805023963,True,False,False
11.83,0.10917069571719663,0.3932989051413863,0.02719860209950215,-0.03458921962341822,0.0,0.0001884839495122791,0.18415837710107907,0.0,0.39163997318129135,0.07500000000000001,0.0,0.38999999999999996,1.5,129.88686493049127,0.0330202562912331,True,False,False
11.835,0.1090343225468634,0.3911564171233156,0.027429684146277576,-0.03458921962341822,0.0,0.0001884839495122791,0.18402212951552016,0.0,0.3916305732594997,0.07500000000000001,0.0,0.38999999999999996,1.5,129.8868724877819,0.03263441063203282,True,False,False
11.84,0.10889680079612286,0.3889946146446011,0.027658974570362396,-0.03458921962341822,0.0,0.0001884839495122791,0.1838847339552702,0.0,0.391621090719391,0.07500000000000001,0.0,0.38999999999999996,1.5,129.88688005421136,0.03225553538974746,True,False,False
11.845,0.10875813949957698,0.38681347669508576,0.027886454942912208,-0.03458921962341822,0.0,0.0001884839495122791,0.18374619943914594,0.0,0.39161152565941176,0.07500000000000001,0.0,0.38999999999999996,1.5,129.88688762645629,0.031883371574976116,True,False,False
11.85,0.10861834778605683,0.38461297687157814,0.028112106621227123,-0.033814704825184276,0.0,0.0001961497371048939,0.18360653508025174,0.0,0.39160187815855246,0.07500000000000001,0.0,0.38999999999999996,1.5,129.8869243753322,0.03273861048545645,True,False,False
11.855,0.10847743488784815,0.3823930695715019,0.028335907315837693,-0.033814704825184276,0.0,0.0001961497371048939,0.1834657500954334,0.0,0.39159214826015915,0.07500000000000001,0.0,0.38999999999999996,1.5,129.88693212715663,0.03233530126984489,True,False,False
11.86,0.10833541014420432,0.3801537056741417,0.02855783807301384,-0.033814704825184276,0.0,0.0001961497371048939,0.18332385380844424,0.0,0.3915823359945892,0.07500000000000001,0.0,0.38999999999999996,1.5,129.88693989069318,0.03193911846266527,True,False,False
11.865,0.10819228298843836,0.3778948508150544,0.028777879527616335,-0.033814704825184276,0.0,0.0001961497371048939,0.18318085563653486,0.0,0.39157244141306924,0.07500000000000001,0.0,0.38999999999999996,1.5,129.88694766244515,0.031549807716623315,True,False,False
11.870000000000001,0.10804806295106975,0.37561647115535474,0.028996012298346308,-0.033814704825184276,0.0,0.0001961497371048939,0.1830367650938546,0.0,0.3915624645703534,0.07500000000000001,0.0,0.38999999999999996,1.5,129.8869554390784,0.031167121948399552,True,False,False
11.875,0.1079027596600597,0.37331853316319397,0.02921221695684985,-0.033814704825184276,0.0,0.0001961497371048939,0.18289159179169803,0.0,0.3915524055237626,0.07500000000000001,0.0,0.38999999999999996,1.5,129.88696321741716,0.030790820791211614,True,False,False
11.88,0.10775638284110646,0.37100100362910066,0.029426474009147743,-0.033814704825184276,0.0,0.0001961497371048939,0.18274534543879675,0.0,0.39154226433320116,0.07500000000000001,0.0,0.38999999999999996,1.5,129.88697099443763,0.030420670194030434,True,False,False
11.885,0.10760894231797644,0.36866384984919487,0.029638763886129904,-0.033814704825184276,0.0,0.0001961497371048939,0.18259803584163894,0.0,0.3915320410617745,0.07500000000000001,0.0,0.38999999999999996,1.5,129.88697876726357,0.030056442120264152,True,False,False
11.89,0.10746044801283804,0.36630703992515207,0.02984906694067469,-0.033814704825184276,0.0,0.0001961497371048939,0.18244967290478448,0.0,0.39152173577689825,0.07500000000000001,0.0,0.38999999999999996,1.5,129.88698653316087,0.029697914313935096,True,False,False
11.895,0.10731090994657884,0.36393054313839035,0.030057363449581386,-0.033814704825184276,0.0,0.0001961497371048939,0.18230026663115984,0.0,0.3915113485517122,0.07500000000000001,0.0,0.38999999999999996,1.5,129.88699428953268,0.029344870111822203,True,False,False
11.9,0.1071603382390932,0.36153433038412514,0.03026363361897668,-0.033227297837234285,0.0,0.00020352175561640096,0.18214982712232136,0.0,0.3915008794666822,0.07500000000000001,0.0,0.38999999999999996,1.5,129.88704611012153,0.029923093451242076,True,False,False
11.905,0.10700874311597398,0.35911836361025756,0.03046785447943255,-0.033227297837234285,0.0,0.00020352175561640096,0.18199836458503957,0.0,0.3914903286172729,0.07500000000000001,0.0,0.38999999999999996,1.5,129.8870539806123,0.029547156138316037,True,False,False
11.91,0.10685613491055444,0.35668260758804826,0.03067000669591352,-0.033227297837234285,0.0,0.00020352175561640096,0.18184588933339368,0.0,0.39147969611028877,0.07500000000000001,0.0,0.38999999999999996,1.5,129.88706184538364,0.02917695932436618,True,False,False
11.915000000000001,0.10670252405349133,0.35422704363719815,0.03087007021518347,-0.033227297837234285,0.0,0.00020352175561640096,0.18169241177828702,0.0,0.3914689820687606,0.07500000000000001,0.0,0.38999999999999996,1.5,129.88706970175946,0.0288122917374843,True,False,False
11.92,0.10654792107481255,0.35175165873055814,0.031068025074093713,-0.033227297837234285,0.0,0.00020352175561640096,0.18153794242940552,0.0,0.39145818663865783,0.07500000000000001,0.0,0.38999999999999996,1.5,129.88707754719624,0.028452948044427794,True,False,False
11.925,0.1063923366035902,0.349256445213781,0.03126385137829552,-0.033227297837234285,0.0,0.00020352175561640096,0.1813824918949125,0.0,0.391447309987707,0.07500000000000001,0.0,0.38999999999999996,1.5,129.88708537927806,0.02809872842361503,True,False,False
11.93,0.10623578136765459,0.34674140068579645,0.03145752929012852,-0.033227297837234285,0.0,0.00020352175561640096,0.181226070881175,0.0,0.39143635230486445,0.07500000000000001,0.0,0.38999999999999996,1.5,129.88709319571134,0.027749438250686237,True,False,False
11.935,0.10607826619332161,0.34420652800041457,0.03164903902321217,-0.033227297837234285,0.0,0.00020352175561640096,0.18106869019249744,0.0,0.3914253138002546,0.07500000000000001,0.0,0.38999999999999996,1.5,129.88710099432205,0.027404887860721577,True,False,False
11.94,0.10591980200511412,0.341651835370719,0.03183836084189171,-0.033227297837234285,0.0,0.00020352175561640096,0.18091036073084438,0.0,0.391414194705477,0.07500000000000001,0.0,0.38999999999999996,1.5,129.88710877305004,0.027064892362759697,True,False,False
11.945,0.10576039982546548,0.33907733650324606,0.03202547506416801,-0.033227297837234285,0.0,0.00020352175561640096,0.1807510934955433,0.0,0.39140299527411215,0.07500000000000001,0.0,0.38999999999999996,1.5,129.88711652994567,0.026729271490200705,True,False,False
11.950000000000001,0.10560007077439153,0.33648305079076135,0.03221036206709862,-0.032823161191836585,0.0,0.0002105207811840774,0.18059089958295466,0.0,0.39139171578236687,0.07500000000000001,0.0,0.38999999999999996,1.5,129.88718104642976,0.027034945001569798,True,False,False
11.955,0.10543882607372032,0.3338689959615064,0.032392999518699554,-0.032823161191836585,0.0,0.0002105207811840774,0.1804297901903217,0.0,0.3913803565586442,0.07500000000000001,0.0,0.38999999999999996,1.5,129.88718885371813,0.026684686673876197,True,False,False
11.96,0.10527667704778407,0.33123519602947327,0.0325733689637842,-0.032823161191836585,0.0,0.0002105207811840774,0.1802677766168437,0.0,0.39136891795580314,0.07500000000000001,0.0,0.38999999999999996,1.5,129.8871966410155,0.026338890604320347,True,False,False
11.965,0.10511363511554268,0.3285816906033847,0.032751450932015855,-0.032823161191836585,0.0,0.0002105207811840774,0.18010487025608934,0.0,0.3913574003293337,0.07500000000000001,0.0,0.38999999999999996,1.5,129.88720440638596,0.02599738319158444,True,False,False
11.97,0.10494971179159972,0.32590852730443515,0.032927226129697944,-0.032823161191836585,0.0,0.0002105207811840774,0.1799410825966413,0.0,0.3913458040662583,0.07500000000000001,0.0,0.38999999999999996,1.5,129.88721214799685,0.025659995629842065,True,False,False
11.975,0.10478491868541469,0.32321576144647524,0.033100675426466164,-0.032823161191836585,0.0,0.0002105207811840774,0.1797764252213377,0.0,0.39133412958381164,0.07500000000000001,0.0,0.38999999999999996,1.5,129.88721986411494,0.025326563605685252,True,False,False
11.98,0.10461926750053334,0.32050345584143053,0.03327177984819885,-0.032823161191836585,0.0,0.0002105207811840774,0.17961090980652514,0.0,0.391322377328608,0.07500000000000001,0.0,0.38999999999999996,1.5,129.8872275531027,0.024996927073318312,True,False,False
11.985,0.10445277003382299,0.31777168068083056,0.033440520574438484,-0.032823161191836585,0.0,0.0002105207811840774,0.17944454812131283,0.0,0.3913105477761156,0.07500000000000001,0.0,0.38999999999999996,1.5,129.8872352134145,0.024670930083194816,True,False,False
11.99,0.10428543817469939,0.3150205134734977,0.033606878939048505,-0.032823161191836585,0.0,0.0002105207811840774,0.17927735202681558,0.0,0.39129864143035376,0.07500000000000001,0.0,0.38999999999999996,1.5,129.88724284359333,0.024348420647250728,True,False,False
11.995000000000001,0.10411728390433492,0.3122500390298339,0.03377083643315977,-0.032823161191836585,0.0,0.0002105207811840774,0.17910933347537647,0.0,0.39128665882375135,0.07500000000000001,0.0,0.38999999999999996,1.5,129.88725044226732,0.02402925062936211,True,False,False
12.0,0.10394831929484108,0.30946034945898676,0.03393237470970998,-0.032596435620739155,0.0,0.00021701125140620784,0.178940504509763,0.0,0.39127460051708995,0.07500000000000001,0.0,0.38999999999999996,1.5,129.88732435404506,0.02407070727038345,True,False,False
