time_s,position_error_3d_m,orientation_error_deg,tip_speed_m_s,cutter_angular_speed_rad_s,ax_cmd_m_s2,ay_cmd_m_s2,az_cmd_m_s2,tip_x_m,tip_y_m,tip_z_m,target_x_m,target_y_m,target_z_m,wind_x_m_s,thrust_N,max_abs_torque_Nm,safe,task_success,anchor_active
0.0,0.0,0.0,0.0,0.0,0.0,0.0,0.0,0.225,0.0,0.38999999999999996,0.225,0.0,0.38999999999999996,0.0,129.8844,0.0,True,True,False
0.005,0.0,0.0,1.0733273954080062e-17,0.0,0.0,0.0,0.0,0.225,0.0,0.38999999999999996,0.225,0.0,0.38999999999999996,0.0,129.8844,0.0,True,True,False
0.01,0.0,0.0,2.1466547908160123e-17,0.0,0.0,0.0,0.0,0.225,0.0,0.38999999999999996,0.225,0.0,0.38999999999999996,0.0,129.8844,0.0,True,True,False
0.015,0.0,0.0,3.219982186224018e-17,0.0,0.0,0.0,0.0,0.225,0.0,0.38999999999999996,0.225,0.0,0.38999999999999996,0.0,129.8844,0.0,True,True,False
0.02,0.0,0.0,4.293309581632023e-17,0.0,0.0,0.0,0.0,0.225,0.0,0.38999999999999996,0.225,0.0,0.38999999999999996,0.0,129.8844,0.0,True,True,False
0.025,0.0,0.0,5.3666369770400276e-17,0.0,0.0,0.0,0.0,0.225,0.0,0.38999999999999996,0.225,0.0,0.38999999999999996,0.0,129.8844,0.0,True,True,False
0.03,0.0,0.0,6.439964372448032e-17,0.0,0.0,0.0,0.0,0.225,0.0,0.38999999999999996,0.225,0.0,0.38999999999999996,0.0,129.8844,0.0,True,True,False
0.035,0.0,0.0,7.513291767856037e-17,0.0,0.0,0.0,0.0,0.225,0.0,0.38999999999999996,0.225,0.0,0.38999999999999996,0.0,129.8844,0.0,True,True,False
0.04,0.0,0.0,8.586619163264042e-17,0.0,0.0,0.0,0.0,0.225,0.0,0.38999999999999996,0.225,0.0,0.38999999999999996,0.0,129.8844,0.0,True,True,False
0.045,0.0,0.0,9.659946558672047e-17,0.0,0.0,0.0,0.0,0.225,0.0,0.38999999999999996,0.225,0.0,0.38999999999999996,0.0,129.8844,0.0,True,True,False
0.05,0.0,0.0,1.0733273954080052e-16,0.0,3.445689754392254e-32,0.0,3.756645883928018e-16,0.225,0.0,0.38999999999999996,0.225,0.0,0.38999999999999996,0.0,129.8844,5.431798910205758e-32,True,True,False
0.055,1.9666152328529454e-36,0.0,1.1806601349488058e-16,1.1663762849313431e-37,3.445689754392254e-32,0.0,3.756645883928018e-16,0.225,1.9666152328529454e-36,0.38999999999999996,0.225,0.0,0.38999999999999996,0.0,129.8844,5.237014613349808e-32,True,True,False
0.06,7.79295643888307e-36,0.0,1.2879928744896062e-16,1.938099311211415e-38,3.445689754392254e-32,0.0,3.756645883928018e-16,0.225,7.79295643888307e-36,0.38999999999999996,0.225,0.0,0.38999999999999996,0.0,129.8844,5.04944065502098e-32,True,True,False
0.065,1.7335021476333097e-35,0.0,1.3953256140304067e-16,2.057592018739562e-37,3.445689754392254e-32,0.0,3.756645883928018e-16,0.225,1.7335021476333097e-35,0.38999999999999996,0.225,0.0,0.38999999999999996,0.0,129.8844,4.868871203375124e-32,True,True,False
0.07,3.0452639321194456e-35,0.0,1.5026583535712072e-16,4.56958753808554e-37,3.445689754392254e-32,0.0,3.756645883928018e-16,0.225,3.0452639321194456e-35,0.38999999999999996,0.225,0.0,0.38999999999999996,0.0,129.8844,4.695101958473997e-32,True,True,False
0.075,4.700944573700791e-35,0.0,1.6099910931120077e-16,6.322395084199158e-37,3.445689754392254e-32,0.0,3.756645883928018e-16,0.225,4.700944573700791e-35,0.38999999999999996,0.225,0.0,0.38999999999999996,0.0,129.8844,4.527930455360239e-32,True,True,False
0.08,6.687285560497045e-35,0.0,1.7173238326528081e-16,6.42889235727626e-37,3.445689754392254e-32,0.0,3.756645883928018e-16,0.225,6.687285560497045e-35,0.38999999999999996,0.225,0.0,0.38999999999999996,0.0,129.8844,4.367156443793204e-32,True,True,False
0.085,8.99140198955447e-35,0.0,1.8246565721936086e-16,4.373600499927067e-37,3.445689754392254e-32,0.0,3.756645883928018e-16,0.225,8.99140198955447e-35,0.38999999999999996,0.225,0.0,0.38999999999999996,0.0,129.8844,4.2125825398754293e-32,True,True,False
0.09,1.1600777839492616e-34,0.0,1.931989311734409e-16,2.9861654089488463e-37,3.445689754392254e-32,0.0,3.756645883928018e-16,0.225,1.1600777839492616e-34,0.38999999999999996,0.225,0.0,0.38999999999999996,0.0,129.8844,4.0640143589006825e-32,True,True,False
0.095,1.4503260412930227e-34,0.0,2.0393220512752096e-16,9.905927340140528e-37,3.445689754392254e-32,0.0,3.756645883928018e-16,0.225,1.4503260412930227e-34,0.38999999999999996,0.225,0.0,0.38999999999999996,0.0,129.8844,3.921261042443554e-32,True,True,False
0.1,1.7687053835835215e-34,0.0,2.14665479081601e-16,2.0174486224582236e-36,6.193855342095066e-32,-1.1781553819522408e-35,7.513291767856035e-16,0.225,1.7687053835835215e-34,0.38999999999999996,0.225,0.0,0.38999999999999996,0.0,129.8844,8.116354695144943e-32,True,True,False
0.105,2.1145900918586225e-34,0.0,2.253987530356811e-16,3.15409153164777e-36,6.193855342095066e-32,-1.1781553819522408e-35,7.513291767856035e-16,0.225,2.1145900918586225e-34,0.38999999999999996,0.225,0.0,0.38999999999999996,0.0,129.8844,7.979489454104193e-32,True,True,False
0.11,2.4879576644556762e-34,0.0,2.3613202698976125e-16,4.294672935880016e-36,6.193855342095066e-32,-1.1781553819522408e-35,7.513291767856035e-16,0.225,2.4879576644556762e-34,0.38999999999999996,0.225,0.0,0.38999999999999996,0.0,129.8844,7.842624213063443e-32,True,True,False
0.115,2.8888081913243355e-34,0.0,2.468653009438414e-16,5.4367146010034376e-36,6.193855342095066e-32,-1.1781553819522408e-35,7.513291767856035e-16,0.225,2.8888081913243355e-34,0.38999999999999996,0.225,0.0,0.38999999999999996,0.0,129.8844,7.705758972022693e-32,True,True,False
0.12,3.317141672853469e-34,0.0,2.575985748979216e-16,6.579456168238074e-36,6.193855342095066e-32,-1.1781553819522408e-35,7.513291767856035e-16,0.225,3.317141672853469e-34,0.38999999999999996,0.225,0.0,0.38999999999999996,0.0,129.8844,7.568893730981942e-32,True,True,False
0.125,3.7729581093613135e-34,0.0,2.6833184885200176e-16,7.722586942029372e-36,6.193855342095066e-32,-1.1781553819522408e-35,7.513291767856035e-16,0.225,3.7729581093613135e-34,0.38999999999999996,0.225,0.0,0.38999999999999996,0.0,129.8844,7.432028489941194e-32,True,True,False
0.13,4.256257501111612e-34,0.0,2.7906512280608193e-16,8.865956376785768e-36,6.193855342095066e-32,-1.1781553819522408e-35,7.513291767856035e-16,0.225,4.256257501111612e-34,0.38999999999999996,0.225,0.0,0.38999999999999996,0.0,129.8844,7.295163248900444e-32,True,True,False
0.135,4.767039848325384e-34,0.0,2.897983967601621e-16,1.000948268709972e-35,6.193855342095066e-32,-1.1781553819522408e-35,7.513291767856035e-16,0.225,4.767039848325384e-34,0.38999999999999996,0.225,0.0,0.38999999999999996,0.0,129.8844,7.158298007859695e-32,True,True,False
0.14,5.305305151189675e-34,0.0,3.005316707142423e-16,1.115311761984313e-35,6.193855342095066e-32,-1.1781553819522408e-35,7.513291767856035e-16,0.225,5.305305151189675e-34,0.38999999999999996,0.225,0.0,0.38999999999999996,0.0,129.8844,7.021432766818947e-32,True,True,False
0.145,5.8710534098641964e-34,0.0,3.1126494466832245e-16,1.2296830868609187e-35,6.193855342095066e-32,-1.1781553819522408e-35,7.513291767856035e-16,0.225,5.8710534098641964e-34,0.38999999999999996,0.225,0.0,0.38999999999999996,0.0,129.8844,6.884567525778197e-32,True,True,False
0.15,6.464284624486393e-34,0.0,3.219982186224026e-16,1.3440602440766205e-35,8.93299484622327e-32,-4.163352701349335e-35,1.126993765178409e-15,0.225,6.464284624486393e-34,0.38999999999999996,0.225,0.0,0.38999999999999996,0.0,129.88440000000003,1.1065692595519023e-31,True,True,False
0.155,7.1099668713127765e-34,0.0,3.219982186224026e-16,1.4656781152145153e-35,8.93299484622327e-32,-4.163352701349335e-35,1.126993765178409e-15,0.225,7.1099668713127765e-34,0.38999999999999996,0.225,0.0,0.38999999999999996,0.0,129.88440000000003,1.0679624049912469e-31,True,True,False
0.16,7.831485632293536e-34,0.0,3.219982186224026e-16,1.363049017014882e-35,8.93299484622327e-32,-4.163352701349335e-35,1.126993765178409e-15,0.225,7.831485632293536e-34,0.38999999999999996,0.225,0.0,0.38999999999999996,0.0,129.88440000000003,1.0308523331805802e-31,True,True,False
0.165,8.625803144915702e-34,0.0,3.219982186224026e-16,1.0388930539155904e-35,8.93299484622327e-32,-4.163352701349335e-35,1.126993765178409e-15,0.225,8.625803144915702e-34,0.38999999999999996,0.225,0.0,0.38999999999999996,0.0,129.88440000000003,9.951940383140847e-32,True,True,False
0.17,9.489966047987478e-34,0.0,3.219982186224026e-16,6.124257279580802e-36,8.93299484622327e-32,-4.163352701349335e-35,1.126993765178409e-15,0.225,9.489966047987478e-34,0.38999999999999996,0.225,0.0,0.38999999999999996,0.0,129.88440000000003,9.609429922305568e-32,True,True,False
0.17500000000000002,1.0421104446451603e-33,0.0,3.219982186224026e-16,8.13782700390508e-36,8.93299484622327e-32,-4.163352701349335e-35,1.126993765178409e-15,0.225,1.0421104446451603e-33,0.38999999999999996,0.225,0.0,0.38999999999999996,0.0,129.88440000000003,9.280551890107634e-32,True,True,False
0.18,1.1416431042312515e-33,0.0,3.219982186224026e-16,1.7462155128461215e-35,8.93299484622327e-32,-4.163352701349335e-35,1.126993765178409e-15,0.225,1.1416431042312515e-33,0.38999999999999996,0.225,0.0,0.38999999999999996,0.0,129.88440000000003,8.96487233187024e-32,True,True,False
0.185,1.2473239974689853e-33,0.0,3.219982186224026e-16,2.9349357032699057e-35,8.93299484622327e-32,-4.163352701349335e-35,1.126993765178409e-15,0.225,1.2473239974689853e-33,0.38999999999999996,0.225,0.0,0.38999999999999996,0.0,129.88440000000003,8.661964324978541e-32,True,True,False
0.19,1.3588905592966732e-33,0.0,3.219982186224026e-16,4.26281151327596e-35,8.93299484622327e-32,-4.163352701349335e-35,1.126993765178409e-15,0.225,1.3588905592966732e-33,0.38999999999999996,0.225,0.0,0.38999999999999996,0.0,129.88440000000003,8.371408597813024e-32,True,True,False
0.195,1.4760881017283535e-33,0.0,3.219982186224026e-16,5.663974217381349e-35,8.93299484622327e-32,-4.163352701349335e-35,1.126993765178409e-15,0.225,1.4760881017283535e-33,0.38999999999999996,0.225,0.0,0.38999999999999996,0.0,129.88440000000003,8.092794562066234e-32,True,True,False
0.2,1.598669650645007e-33,0.0,3.219982186224026e-16,7.079308662550365e-35,7.27656169673299e-32,-3.174524346801044e-35,1.126993765178409e-15,0.225,1.598669650645007e-33,0.38999999999999996,0.225,0.0,0.38999999999999996,0.0,129.88440000000003,5.214513398257161e-32,True,True,False
0.20500000000000002,1.7254503673845693e-33,0.0,3.219982186224026e-16,8.457523837764888e-35,7.27656169673299e-32,-3.174524346801044e-35,1.126993765178409e-15,0.225,1.7254503673845693e-33,0.38999999999999996,0.225,0.0,0.38999999999999996,0.0,129.88440000000003,5.052227772483858e-32,True,True,False
0.21,1.855288089840475e-33,0.0,3.219982186224026e-16,9.728569401844526e-35,7.27656169673299e-32,-3.174524346801044e-35,1.126993765178409e-15,0.225,1.855288089840475e-33,0.38999999999999996,0.225,0.0,0.38999999999999996,0.0,129.88440000000003,4.897245716868048e-32,True,True,False
0.215,1.9880279371075848e-33,0.0,3.219982186224026e-16,1.0868604651806064e-34,7.27656169673299e-32,-3.174524346801044e-35,1.126993765178409e-15,0.225,1.9880279371075848e-33,0.38999999999999996,0.225,0.0,0.38999999999999996,0.0,129.88440000000003,4.7491162102671e-32,True,True,False
0.22,2.123529502866252e-33,0.0,3.219982186224026e-16,1.1894952298575075e-34,7.27656169673299e-32,-3.174524346801044e-35,1.126993765178409e-15,0.225,2.123529502866252e-33,0.38999999999999996,0.225,0.0,0.38999999999999996,0.0,129.88440000000003,4.6072165598132306e-32,True,True,False
0.225,2.2616563214011903e-33,0.0,3.219982186224026e-16,1.2701873558714795e-34,7.27656169673299e-32,-3.174524346801044e-35,1.126993765178409e-15,0.225,2.2616563214011903e-33,0.38999999999999996,0.225,0.0,0.38999999999999996,0.0,129.88440000000003,4.471868606560249e-32,True,True,False
0.23,2.4022669228323026e-33,0.0,3.219982186224026e-16,1.325467015381792e-34,7.27656169673299e-32,-3.174524346801044e-35,1.126993765178409e-15,0.225,2.4022669228323026e-33,0.38999999999999996,0.225,0.0,0.38999999999999996,0.0,129.88440000000003,4.342831941760083e-32,True,True,False
0.23500000000000001,2.5452243543548558e-33,0.0,3.219982186224026e-16,1.352415827189689e-34,7.27656169673299e-32,-3.174524346801044e-35,1.126993765178409e-15,0.225,2.5452243543548558e-33,0.38999999999999996,0.225,0.0,0.38999999999999996,0.0,129.88440000000003,4.219876838577982e-32,True,True,False
0.24,2.690395979322869e-33,0.0,3.219982186224026e-16,1.348620336901557e-34,7.27656169673299e-32,-3.174524346801044e-35,1.126993765178409e-15,0.225,2.690395979322869e-33,0.38999999999999996,0.225,0.0,0.38999999999999996,0.0,129.88440000000003,4.1027838573560024e-32,True,True,False
0.245,2.8376532853704127e-33,0.0,3.219982186224026e-16,1.3121497755998751e-34,7.27656169673299e-32,-3.174524346801044e-35,1.126993765178409e-15,0.225,2.8376532853704127e-33,0.38999999999999996,0.225,0.0,0.38999999999999996,0.0,129.88440000000003,3.9913433068199863e-32,True,True,False
0.25,2.986871704068811e-33,0.0,3.219982186224026e-16,1.2416264132192236e-34,6.143071115167142e-32,4.948068461840556e-35,1.126993765178409e-15,0.225,2.986871704068811e-33,0.38999999999999996,0.225,0.0,0.38999999999999996,0.0,129.88440000000003,2.098515583105722e-32,True,True,False
0.255,3.137283349976484e-33,0.0,3.219982186224026e-16,1.137369955659583e-34,6.143071115167142e-32,4.948068461840556e-35,1.126993765178409e-15,0.225,3.137283349976484e-33,0.38999999999999996,0.225,0.0,0.38999999999999996,0.0,129.88440000000003,2.0618926648369082e-32,True,True,False
0.26,3.288181663784412e-33,0.0,3.219982186224026e-16,1.0375451225799618e-34,6.143071115167142e-32,4.948068461840556e-35,1.126993765178409e-15,0.225,3.288181663784412e-33,0.38999999999999996,0.225,0.0,0.38999999999999996,0.0,129.88440000000003,2.0252697465680944e-32,True,True,False
0.265,3.439566656686276e-33,0.0,3.219982186224026e-16,9.435595084894203e-35,6.143071115167142e-32,4.948068461840556e-35,1.126993765178409e-15,0.225,3.439566656686276e-33,0.38999999999999996,0.225,0.0,0.38999999999999996,0.0,129.88440000000003,1.9886468282992806e-32,True,True,False
0.27,3.5914383397162856e-33,0.0,3.219982186224026e-16,8.573356460867952e-35,6.143071115167142e-32,4.948068461840556e-35,1.126993765178409e-15,0.225,3.5914383397162856e-33,0.38999999999999996,0.225,0.0,0.38999999999999996,0.0,129.88440000000003,1.9520239100304668e-32,True,True,False
0.275,3.743796723752193e-33,0.0,3.219982186224026e-16,7.814470381032029e-35,6.143071115167142e-32,4.948068461840556e-35,1.126993765178409e-15,0.225,3.743796723752193e-33,0.38999999999999996,0.225,0.0,0.38999999999999996,0.0,129.88440000000003,1.915400991761653e-32,True,True,False
0.28,3.896641819518229e-33,0.0,3.219982186224026e-16,7.191729527647796e-35,6.143071115167142e-32,4.948068461840556e-35,1.126993765178409e-15,0.225,3.896641819518229e-33,0.38999999999999996,0.225,0.0,0.38999999999999996,0.0,129.88440000000003,1.8787780734928381e-32,True,True,False
0.28500000000000003,4.049973637587982e-33,0.0,3.219982186224026e-16,6.742960758713451e-35,6.143071115167142e-32,4.948068461840556e-35,1.126993765178409e-15,0.225,4.049973637587982e-33,0.38999999999999996,0.225,0.0,0.38999999999999996,0.0,129.88440000000003,1.8421551552240243e-32,True,True,False
0.29,4.2037921883872046e-33,0.0,3.219982186224026e-16,6.504274434566178e-35,6.143071115167142e-32,4.948068461840556e-35,1.126993765178409e-15,0.225,4.2037921883872046e-33,0.38999999999999996,0.225,0.0,0.38999999999999996,0.0,129.88440000000003,1.8055322369552105e-32,True,True,False
0.295,4.3580974821965504e-33,0.0,3.219982186224026e-16,6.498859282877776e-35,6.143071115167142e-32,4.948068461840556e-35,1.126993765178409e-15,0.225,4.3580974821965504e-33,0.38999999999999996,0.225,0.0,0.38999999999999996,0.0,129.88440000000003,1.7689093186863968e-32,True,True,False
0.3,4.5128895291542535e-33,0.0,3.219982186224026e-16,6.727278645116144e-35,5.34995449053367e-32,1.9404371757578674e-34,1.126993765178409e-15,0.225,4.5128895291542535e-33,0.38999999999999996,0.225,0.0,0.38999999999999996,0.0,129.88440000000003,1.7000502550052498e-32,True,True,False
0.305,4.668168339258748e-33,0.0,3.219982186224026e-16,7.167210328385686e-35,5.34995449053367e-32,1.9404371757578674e-34,1.126993765178409e-15,0.225,4.668168339258748e-33,0.38999999999999996,0.225,0.0,0.38999999999999996,0.0,129.88440000000003,1.7586511912241365e-32,True,True,False
0.31,4.82393392237122e-33,0.0,3.219982186224026e-16,7.782868991926753e-35,5.34995449053367e-32,1.9404371757578674e-34,1.126993765178409e-15,0.225,4.82393392237122e-33,0.38999999999999996,0.225,0.0,0.38999999999999996,0.0,129.88440000000003,1.8175283341969127e-32,True,True,False
0.315,4.980186288218114e-33,0.0,3.219982186224026e-16,8.536317445571314e-35,5.34995449053367e-32,1.9404371757578674e-34,1.126993765178409e-15,0.225,4.980186288218114e-33,0.38999999999999996,0.225,0.0,0.38999999999999996,0.0,129.88440000000003,1.8766816875556697e-32,True,True,False
0.32,5.136925446393564e-33,0.0,3.219982186224026e-16,9.394461200597355e-35,5.34995449053367e-32,1.9404371757578674e-34,1.126993765178409e-15,0.225,5.136925446393564e-33,0.38999999999999996,0.225,0.0,0.38999999999999996,0.0,129.88440000000003,1.9361112548830917e-32,True,True,False
0.325,5.294151406361789e-33,0.0,3.219982186224026e-16,1.033124420868013e-34,5.34995449053367e-32,1.9404371757578674e-34,1.126993765178409e-15,0.225,5.294151406361789e-33,0.38999999999999996,0.225,0.0,0.38999999999999996,0.0,129.88440000000003,1.9958170397133503e-32,True,True,False
0.33,5.451864177459428e-33,0.0,3.219982186224026e-16,1.1327172307382728e-34,5.34995449053367e-32,1.9404371757578674e-34,1.126993765178409e-15,0.225,5.451864177459428e-33,0.38999999999999996,0.225,0.0,0.38999999999999996,0.0,129.88440000000003,2.0557990455329725e-32,True,True,False
0.335,5.6100637688978076e-33,0.0,3.219982186224026e-16,1.2367965798577517e-34,5.34995449053367e-32,1.9404371757578674e-34,1.126993765178409e-15,0.225,5.6100637688978076e-33,0.38999999999999996,0.225,0.0,0.38999999999999996,0.0,129.88440000000003,2.116057275781695e-32,True,True,False
0.34,5.7687501897651975e-33,0.0,3.219982186224026e-16,1.3443208078443257e-34,5.34995449053367e-32,1.9404371757578674e-34,1.126993765178409e-15,0.225,5.7687501897651975e-33,0.38999999999999996,0.225,0.0,0.38999999999999996,0.0,129.88440000000003,2.176591733853298e-32,True,True,False
0.34500000000000003,5.92792344902896e-33,0.0,3.219982186224026e-16,1.4545261387055127e-34,5.34995449053367e-32,1.9404371757578674e-34,1.126993765178409e-15,0.225,5.92792344902896e-33,0.38999999999999996,0.225,0.0,0.38999999999999996,0.0,129.88440000000003,2.2374024230964152e-32,True,True,False
0.35000000000000003,6.087583555537711e-33,0.0,3.219982186224026e-16,1.566846942515725e-34,4.636899796838801e-32,3.3373913040336642e-34,1.126993765178409e-15,0.225,6.087583555537711e-33,0.38999999999999996,0.225,0.0,0.38999999999999996,0.0,129.88440000000003,2.313431809925367e-32,True,True,False
0.355,6.247730518023395e-33,0.0,3.219982186224026e-16,1.6808591831807712e-34,4.636899796838801e-32,3.3373913040336642e-34,1.126993765178409e-15,0.225,6.247730518023395e-33,0.38999999999999996,0.225,0.0,0.38999999999999996,0.0,129.88440000000003,2.3747949713808113e-32,True,True,False
0.36,6.408364345103322e-33,0.0,3.219982186224026e-16,1.796240809416802e-34,4.636899796838801e-32,3.3373913040336642e-34,1.126993765178409e-15,0.225,6.408364345103322e-33,0.38999999999999996,0.225,0.0,0.38999999999999996,0.0,129.88440000000003,2.4364343737906937e-32,True,True,False
0.365,6.56948504528217e-33,0.0,3.219982186224026e-16,1.9127440227234988e-34,4.636899796838801e-32,3.3373913040336642e-34,1.126993765178409e-15,0.225,6.56948504528217e-33,0.38999999999999996,0.225,0.0,0.38999999999999996,0.0,129.88440000000003,2.49835002033087e-32,True,True,False
0.37,6.731092626953937e-33,0.0,3.219982186224026e-16,2.0301757428443443e-34,4.636899796838801e-32,3.3373913040336642e-34,1.126993765178409e-15,0.225,6.731092626953937e-33,0.38999999999999996,0.225,0.0,0.38999999999999996,0.0,129.88440000000003,2.5605419141358635e-32,True,True,False
0.375,6.893187098403851e-33,0.0,3.219982186224026e-16,2.148383717244576e-34,4.636899796838801e-32,3.3373913040336642e-34,1.126993765178409e-15,0.225,6.893187098403851e-33,0.38999999999999996,0.225,0.0,0.38999999999999996,0.0,129.88440000000003,2.6230100582995805e-32,True,True,False
0.38,7.055768467810243e-33,0.0,3.219982186224026e-16,2.267246533910374e-34,4.636899796838801e-32,3.3373913040336642e-34,1.126993765178409e-15,0.225,7.055768467810243e-33,0.38999999999999996,0.225,0.0,0.38999999999999996,0.0,129.88440000000003,2.685754455876009e-32,True,True,False
0.385,7.218836743246365e-33,0.0,3.219982186224026e-16,2.386666355788869e-34,4.636899796838801e-32,3.3373913040336642e-34,1.126993765178409e-15,0.225,7.218836743246365e-33,0.38999999999999996,0.225,0.0,0.38999999999999996,0.0,129.88440000000003,2.748775109879901e-32,True,True,False
0.39,7.382391932682204e-33,0.0,3.219982186224026e-16,2.5065635722039228e-34,4.636899796838801e-32,3.3373913040336642e-34,1.126993765178409e-15,0.225,7.382391932682204e-33,0.38999999999999996,0.225,0.0,0.38999999999999996,0.0,129.88440000000003,2.8120720232874416e-32,True,True,False
0.395,7.54643404398621e-33,0.0,3.219982186224026e-16,2.62687281543356e-34,4.636899796838801e-32,3.3373913040336642e-34,1.126993765178409e-15,0.225,7.54643404398621e-33,0.38999999999999996,0.225,0.0,0.38999999999999996,0.0,129.88440000000003,2.8756451990369036e-32,True,True,False
0.4,7.710963084927031e-33,0.0,3.219982186224026e-16,2.7475399605368495e-34,4.003907034082551e-32,4.685659929303568e-34,1.126993765178409e-15,0.225,7.710963084927031e-33,0.38999999999999996,0.225,0.0,0.38999999999999996,0.0,129.88440000000003,2.953916340633286e-32,True,True,False
0.405,7.875979063175181e-33,0.0,3.219982186224026e-16,2.868519841372676e-34,4.003907034082551e-32,4.685659929303568e-34,1.126993765178409e-15,0.225,7.875979063175181e-33,0.38999999999999996,0.225,0.0,0.38999999999999996,0.0,129.88440000000003,3.0180420497329544e-32,True,True,False
0.41000000000000003,8.041481986304693e-33,0.0,3.219982186224026e-16,2.9897744940496177e-34,4.003907034082551e-32,4.685659929303568e-34,1.126993765178409e-15,0.225,8.041481986304693e-33,0.38999999999999996,0.225,0.0,0.38999999999999996,0.0,129.88440000000003,3.082444029768233e-32,True,True,False
0.41500000000000004,8.207471861794719e-33,0.0,3.219982186224026e-16,3.111271792934448e-34,4.003907034082551e-32,4.685659929303568e-34,1.126993765178409e-15,0.225,8.207471861794719e-33,0.38999999999999996,0.225,0.0,0.38999999999999996,0.0,129.88440000000003,3.1471222835320213e-32,True,True,False
0.42,8.373948697031125e-33,0.0,3.219982186224026e-16,3.2329843818163286e-34,4.003907034082551e-32,4.685659929303568e-34,1.126993765178409e-15,0.225,8.373948697031125e-33,0.38999999999999996,0.225,0.0,0.38999999999999996,0.0,129.88440000000003,3.21207681378238e-32,True,True,False
0.425,8.54091249930801e-33,0.0,3.219982186224026e-16,3.3548888291485963e-34,4.003907034082551e-32,4.685659929303568e-34,1.126993765178409e-15,0.225,8.54091249930801e-33,0.38999999999999996,0.225,0.0,0.38999999999999996,0.0,129.88440000000003,3.277307623243107e-32,True,True,False
0.43,8.708363275829246e-33,0.0,3.219982186224026e-16,3.4769649549776622e-34,4.003907034082551e-32,4.685659929303568e-34,1.126993765178409e-15,0.225,8.708363275829246e-33,0.38999999999999996,0.225,0.0,0.38999999999999996,0.0,129.88440000000003,3.3428147146043015e-32,True,True,False
0.435,8.876301033709938e-33,0.0,3.219982186224026e-16,3.5991952905696238e-34,4.003907034082551e-32,4.685659929303568e-34,1.126993765178409e-15,0.225,8.876301033709938e-33,0.38999999999999996,0.225,0.0,0.38999999999999996,0.0,129.88440000000003,3.408598090522918e-32,True,True,False
0.44,9.044725779977886e-33,0.0,3.219982186224026e-16,3.721564641450285e-34,4.003907034082551e-32,4.685659929303568e-34,1.126993765178409e-15,0.225,9.044725779977886e-33,0.38999999999999996,0.225,0.0,0.38999999999999996,0.0,129.88440000000003,3.474657753623309e-32,True,True,False
0.445,9.213637521575006e-33,0.0,3.219982186224026e-16,3.8440597316699392e-34,4.003907034082551e-32,4.685659929303568e-34,1.126993765178409e-15,0.225,9.213637521575006e-33,0.38999999999999996,0.225,0.0,0.38999999999999996,0.0,129.88440000000003,3.540993706497756e-32,True,True,False
0.45,9.383036265358717e-33,0.0,3.219982186224026e-16,3.966668912339255e-34,3.450976202264923e-32,5.985234903531106e-34,1.126993765178409e-15,0.225,9.383036265358717e-33,0.38999999999999996,0.225,0.0,0.38999999999999996,0.0,129.88440000000003,3.621506802649805e-32,True,True,False
0.455,9.550199927371937e-33,0.0,3.219982186224026e-16,7.981382219637007e-34,3.450976202264923e-32,5.985234903531106e-34,1.126993765178409e-15,0.225,9.550199927371937e-33,0.38999999999999996,0.225,0.0,0.38999999999999996,0.0,129.88440000000003,3.684133411099379e-32,True,True,False
0.46,9.712406566668422e-33,0.0,3.219982186224026e-16,1.2103880274513704e-33,3.450976202264923e-32,5.985234903531106e-34,1.126993765178409e-15,0.225,9.712406566668422e-33,0.38999999999999996,0.225,0.0,0.38999999999999996,0.0,129.88440000000003,3.745213798146981e-32,True,True,False
0.465,9.869656415468691e-33,0.0,3.219982186224026e-16,1.625234841343211e-33,3.450976202264923e-32,5.985234903531106e-34,1.126993765178409e-15,0.225,9.869656415468691e-33,0.38999999999999996,0.225,0.0,0.38999999999999996,0.0,129.88440000000003,3.804748050509424e-32,True,True,False
0.47000000000000003,1.0021970080953623e-32,0.0,3.219982186224026e-16,2.071175272360639e-33,3.450976202264923e-32,5.985234903531106e-34,1.126993765178409e-15,0.225,1.0021970080953623e-32,0.38999999999999996,0.225,0.0,0.38999999999999996,0.0,129.88440000000003,3.862655482818967e-32,True,True,False
0.47500000000000003,1.0169601914398725e-32,0.0,3.219982186224026e-16,2.5794319272749654e-33,3.450976202264923e-32,5.985234903531106e-34,1.126993765178409e-15,0.225,1.0169601914398725e-32,0.38999999999999996,0.225,0.0,0.38999999999999996,0.0,129.88440000000003,3.918923213782172e-32,True,True,False
0.48,1.0312715056804619e-32,0.0,3.219982186224026e-16,3.099698280937544e-33,3.450976202264923e-32,5.985234903531106e-34,1.126993765178409e-15,0.225,1.0312715056804619e-32,0.38999999999999996,0.225,0.0,0.38999999999999996,0.0,129.88440000000003,3.973754831593404e-32,True,True,False
0.485,1.0451395717384686e-32,0.0,3.219982186224026e-16,3.626525200513041e-33,3.450976202264923e-32,5.985234903531106e-34,1.126993765178409e-15,0.225,1.0451395717384686e-32,0.38999999999999996,0.225,0.0,0.38999999999999996,0.0,129.88440000000003,4.0271947166642627e-32,True,True,False
0.49,1.0585722295271625e-32,0.0,3.219982186224026e-16,4.1541009990529e-33,3.450976202264923e-32,5.985234903531106e-34,1.126993765178409e-15,0.225,1.0585722295271625e-32,0.38999999999999996,0.225,0.0,0.38999999999999996,0.0,129.88440000000003,4.079278958020927e-32,True,True,False
0.495,1.0715768122775841e-32,0.0,3.219982186224026e-16,4.67610414639218e-33,3.450976202264923e-32,5.985234903531106e-34,1.126993765178409e-15,0.225,1.0715768122775841e-32,0.38999999999999996,0.225,0.0,0.38999999999999996,0.0,129.88440000000003,4.130041595125103e-32,True,True,False
0.5,1.0841602078210571e-32,0.0,3.219982186224026e-16,5.1858013599555e-33,3.204797189238159e-32,1.4835278411826119e-33,1.126993765178409e-15,0.225,1.0841602078210571e-32,0.38999999999999996,0.225,0.0,0.38999999999999996,0.0,129.88440000000003,4.2741789845737913e-32,True,True,False
0.505,1.0963166444185595e-32,0.0,3.219982186224026e-16,5.675889309315628e-33,3.204797189238159e-32,1.4835278411826119e-33,1.126993765178409e-15,0.225,1.0963166444185595e-32,0.38999999999999996,0.225,0.0,0.38999999999999996,0.0,129.88440000000003,4.322210040364424e-32,True,True,False
0.51,1.1080370784442249e-32,0.0,3.219982186224026e-16,6.13970856742777e-33,3.204797189238159e-32,1.4835278411826119e-33,1.126993765178409e-15,0.225,1.1080370784442249e-32,0.38999999999999996,0.225,0.0,0.38999999999999996,0.0,129.88440000000003,4.368919869694429e-32,True,True,False
0.515,1.1193296453994807e-32,0.0,3.219982186224026e-16,6.569281007192414e-33,3.204797189238159e-32,1.4835278411826119e-33,1.126993765178409e-15,0.225,1.1193296453994807e-32,0.38999999999999996,0.225,0.0,0.38999999999999996,0.0,129.88440000000003,4.4143257573455953e-32,True,True,False
0.52,1.1302011567258429e-32,0.0,3.219982186224026e-16,6.957795200330262e-33,3.204797189238159e-32,1.4835278411826119e-33,1.126993765178409e-15,0.225,1.1302011567258429e-32,0.38999999999999996,0.225,0.0,0.38999999999999996,0.0,129.88440000000003,4.4584677583925367e-32,True,True,False
0.525,1.1406580494987467e-32,0.0,3.219982186224026e-16,7.298295267105109e-33,3.204797189238159e-32,1.4835278411826119e-33,1.126993765178409e-15,0.225,1.1406580494987467e-32,0.38999999999999996,0.225,0.0,0.38999999999999996,0.0,129.88440000000003,4.5013758160705327e-32,True,True,False
0.53,1.1507066194273146e-32,0.0,3.219982186224026e-16,7.584159957631876e-33,3.204797189238159e-32,1.4835278411826119e-33,1.126993765178409e-15,0.225,1.1507066194273146e-32,0.38999999999999996,0.225,0.0,0.38999999999999996,0.0,129.88440000000003,4.5430792069595714e-32,True,True,False
0.535,1.1603530599754127e-32,0.0,3.219982186224026e-16,7.809218414040087e-33,3.204797189238159e-32,1.4835278411826119e-33,1.126993765178409e-15,0.225,1.1603530599754127e-32,0.38999999999999996,0.225,0.0,0.38999999999999996,0.0,129.88440000000003,4.5836066906949015e-32,True,True,False
0.54,1.1696034956934143e-32,0.0,3.219982186224026e-16,7.967857710463862e-33,3.204797189238159e-32,1.4835278411826119e-33,1.126993765178409e-15,0.225,1.1696034956934143e-32,0.38999999999999996,0.225,0.0,0.38999999999999996,0.0,129.88440000000003,4.6229866374050986e-32,True,True,False
0.545,1.1784640096354391e-32,0.0,3.219982186224026e-16,8.05512613678624e-33,3.204797189238159e-32,1.4835278411826119e-33,1.126993765178409e-15,0.225,1.1784640096354391e-32,0.38999999999999996,0.225,0.0,0.38999999999999996,0.0,129.88440000000003,4.661247132881722e-32,True,True,False
0.55,1.1869406646417343e-32,0.0,3.219982186224026e-16,8.066807374054655e-33,2.558968090149541e-32,2.5684195358836245e-33,1.126993765178409e-15,0.225,1.1869406646417343e-32,0.38999999999999996,0.225,0.0,0.38999999999999996,0.0,129.88440000000003,4.8144610604095864e-32,True,True,False
0.555,1.1950031024461885e-32,0.0,3.219982186224026e-16,7.999496553497533e-33,2.558968090149541e-32,2.5684195358836245e-33,1.126993765178409e-15,0.225,1.1950031024461885e-32,0.38999999999999996,0.225,0.0,0.38999999999999996,0.0,129.88440000000003,4.85027326670328e-32,True,True,False
0.56,1.2026216096985822e-32,0.0,3.219982186224026e-16,7.850721603909723e-33,2.558968090149541e-32,2.5684195358836245e-33,1.126993765178409e-15,0.225,1.2026216096985822e-32,0.38999999999999996,0.225,0.0,0.38999999999999996,0.0,129.88440000000003,4.884781325676027e-32,True,True,False
0.5650000000000001,1.2098049893292467e-32,0.0,3.219982186224026e-16,7.618887051009909e-33,2.558968090149541e-32,2.5684195358836245e-33,1.126993765178409e-15,0.225,1.2098049893292467e-32,0.38999999999999996,0.225,0.0,0.38999999999999996,0.0,129.88440000000003,4.918021656941535e-32,True,True,False
0.5700000000000001,1.2165619988591938e-32,0.0,3.219982186224026e-16,7.303362854312481e-33,2.558968090149541e-32,2.5684195358836245e-33,1.126993765178409e-15,0.225,1.2165619988591938e-32,0.38999999999999996,0.225,0.0,0.38999999999999996,0.0,129.88440000000003,4.95003201439471e-32,True,True,False
0.5750000000000001,1.222901341600718e-32,0.0,3.219982186224026e-16,6.904515681717184e-33,2.558968090149541e-32,2.5684195358836245e-33,1.126993765178409e-15,0.225,1.222901341600718e-32,0.38999999999999996,0.225,0.0,0.38999999999999996,0.0,129.88440000000003,4.980849799836957e-32,True,True,False
0.58,1.2288316631596554e-32,0.0,3.219982186224026e-16,6.423732563377825e-33,2.558968090149541e-32,2.5684195358836245e-33,1.126993765178409e-15,0.225,1.2288316631596554e-32,0.38999999999999996,0.225,0.0,0.38999999999999996,0.0,129.88440000000003,5.010512053353878e-32,True,True,False
0.585,1.234361546053616e-32,0.0,3.219982186224026e-16,5.863440733451103e-33,2.558968090149541e-32,2.5684195358836245e-33,1.126993765178409e-15,0.225,1.234361546053616e-32,0.38999999999999996,0.225,0.0,0.38999999999999996,0.0,129.88440000000003,5.03905543667546e-32,True,True,False
0.59,1.2394995030268901e-32,0.0,3.219982186224026e-16,5.227143352421709e-33,2.558968090149541e-32,2.5684195358836245e-33,1.126993765178409e-15,0.225,1.2394995030268901e-32,0.38999999999999996,0.225,0.0,0.38999999999999996,0.0,129.88440000000003,5.066516211656535e-32,True,True,False
0.595,1.2442539696491936e-32,0.0,3.219982186224026e-16,4.519512000609879e-33,2.558968090149541e-32,2.5684195358836245e-33,1.126993765178409e-15,0.225,1.2442539696491936e-32,0.38999999999999996,0.225,0.0,0.38999999999999996,0.0,129.88440000000003,5.09293021608213e-32,True,True,False
0.6,1.248633296732607e-32,0.0,3.219982186224026e-16,3.7466579581812066e-33,1.915845279998399e-32,3.809087735510275e-33,1.126993765178409e-15,0.225,1.248633296732607e-32,0.38999999999999996,0.225,0.0,0.38999999999999996,0.0,129.88440000000003,5.251040408996705e-32,True,True,False
0.605,1.2526095893614985e-32,0.0,3.219982186224026e-16,2.9170623309511733e-33,1.915845279998399e-32,3.809087735510275e-33,1.126993765178409e-15,0.225,1.2526095893614985e-32,0.38999999999999996,0.225,0.0,0.38999999999999996,0.0,129.88440000000003,5.275152885237615e-32,True,True,False
0.61,1.2561555643797728e-32,0.0,3.219982186224026e-16,2.045014237081157e-33,1.915845279998399e-32,3.809087735510275e-33,1.126993765178409e-15,0.225,1.2561555643797728e-32,0.38999999999999996,0.225,0.0,0.38999999999999996,0.0,129.88440000000003,5.298057029984724e-32,True,True,False
0.615,1.2592820457480146e-32,0.0,3.219982186224026e-16,1.1712963337106744e-33,1.915845279998399e-32,3.809087735510275e-33,1.126993765178409e-15,0.225,1.2592820457480146e-32,0.38999999999999996,0.225,0.0,0.38999999999999996,0.0,129.88440000000003,5.31979628367745e-32,True,True,False
0.62,1.2619996950833523e-32,0.0,3.219982186224026e-16,5.980235717518322e-34,1.915845279998399e-32,3.809087735510275e-33,1.126993765178409e-15,0.225,1.2619996950833523e-32,0.38999999999999996,0.225,0.0,0.38999999999999996,0.0,129.88440000000003,5.340414457175412e-32,True,True,False
0.625,1.2643193479525874e-32,0.0,3.219982186224026e-16,1.1702384022092388e-33,1.915845279998399e-32,3.809087735510275e-33,1.126993765178409e-15,0.225,1.2643193479525874e-32,0.38999999999999996,0.225,0.0,0.38999999999999996,0.0,129.88440000000003,5.359954940368625e-32,True,True,False
0.63,1.2662513007412908e-32,0.0,3.219982186224026e-16,2.1400144023553677e-33,1.915845279998399e-32,3.809087735510275e-33,1.126993765178409e-15,0.225,1.2662513007412908e-32,0.38999999999999996,0.225,0.0,0.38999999999999996,0.0,129.88440000000003,5.378460850882633e-32,True,True,False
0.635,1.2678056718863984e-32,0.0,3.219982186224026e-16,3.177307940085247e-33,1.915845279998399e-32,3.809087735510275e-33,1.126993765178409e-15,0.225,1.2678056718863984e-32,0.38999999999999996,0.225,0.0,0.38999999999999996,0.0,129.88440000000003,5.395973531586095e-32,True,True,False
0.64,1.268992410359282e-32,0.0,3.219982186224026e-16,4.237162776526254e-33,1.915845279998399e-32,3.809087735510275e-33,1.126993765178409e-15,0.225,1.268992410359282e-32,0.38999999999999996,0.225,0.0,0.38999999999999996,0.0,129.88440000000003,5.41253355619408e-32,True,True,False
0.645,1.2698212988608546e-32,0.0,3.219982186224026e-16,5.302824746660021e-33,1.915845279998399e-32,3.809087735510275e-33,1.126993765178409e-15,0.225,1.2698212988608546e-32,0.38999999999999996,0.225,0.0,0.38999999999999996,0.0,129.88440000000003,5.428180745333318e-32,True,True,False
0.65,1.2703019566738698e-32,0.0,3.219982186224026e-16,6.363161972460782e-33,1.4462528082572308e-32,5.1754363042004824e-33,1.126993765178409e-15,0.225,1.2703019566738698e-32,0.38999999999999996,0.225,0.0,0.38999999999999996,0.0,129.88440000000003,5.589105101565888e-32,True,True,False
0.655,1.2704396599616488e-32,0.0,3.219982186224026e-16,7.41831291609219e-33,1.4462528082572308e-32,5.1754363042004824e-33,1.126993765178409e-15,0.225,1.2704396599616488e-32,0.38999999999999996,0.225,0.0,0.38999999999999996,0.0,129.88440000000003,5.603046977660015e-32,True,True,False
0.66,1.270218739478586e-32,0.0,3.219982186224026e-16,8.441602814893707e-33,1.4462528082572308e-32,5.1754363042004824e-33,1.126993765178409e-15,0.225,1.270218739478586e-32,0.38999999999999996,0.225,0.0,0.38999999999999996,0.0,129.88440000000003,5.615874131925523e-32,True,True,False
0.665,1.2696265454415088e-32,0.0,3.219982186224026e-16,9.433541057602024e-33,1.4462528082572308e-32,5.1754363042004824e-33,1.126993765178409e-15,0.225,1.2696265454415088e-32,0.38999999999999996,0.225,0.0,0.38999999999999996,0.0,129.88440000000003,5.627742365657886e-32,True,True,False
0.67,1.2686742747910753e-32,0.0,3.219982186224026e-16,1.0387865266100943e-32,1.4462528082572308e-32,5.1754363042004824e-33,1.126993765178409e-15,0.225,1.2686742747910753e-32,0.38999999999999996,0.225,0.0,0.38999999999999996,0.0,129.88440000000003,5.638704210600892e-32,True,True,False
0.675,1.2673729851934441e-32,0.0,3.219982186224026e-16,1.1298301105492146e-32,1.4462528082572308e-32,5.1754363042004824e-33,1.126993765178409e-15,0.225,1.2673729851934441e-32,0.38999999999999996,0.225,0.0,0.38999999999999996,0.0,129.88440000000003,5.648803744348653e-32,True,True,False
0.68,1.2657335783116016e-32,0.0,3.219982186224026e-16,1.2159262258634056e-32,1.4462528082572308e-32,5.1754363042004824e-33,1.126993765178409e-15,0.225,1.2657335783116016e-32,0.38999999999999996,0.225,0.0,0.38999999999999996,0.0,129.88440000000003,5.65808433206618e-32,True,True,False
0.685,1.2637668029020784e-32,0.0,3.219982186224026e-16,1.296587786569213e-32,1.4462528082572308e-32,5.1754363042004824e-33,1.126993765178409e-15,0.225,1.2637668029020784e-32,0.38999999999999996,0.225,0.0,0.38999999999999996,0.0,129.88440000000003,5.666588642540988e-32,True,True,False
0.6900000000000001,1.2614832559841808e-32,0.0,3.219982186224026e-16,1.371401501867067e-32,1.4462528082572308e-32,5.1754363042004824e-33,1.126993765178409e-15,0.225,1.2614832559841808e-32,0.38999999999999996,0.225,0.0,0.38999999999999996,0.0,129.88440000000003,5.674358656962164e-32,True,True,False
0.6950000000000001,1.2588933817415678e-32,0.0,3.219982186224026e-16,1.440029304436173e-32,1.4462528082572308e-32,5.1754363042004824e-33,1.126993765178409e-15,0.225,1.2588933817415678e-32,0.38999999999999996,0.225,0.0,0.38999999999999996,0.0,129.88440000000003,5.681435669166966e-32,True,True,False
0.7000000000000001,1.2560074678493418e-32,0.0,3.219982186224026e-16,1.5022088219927083e-32,1.1396957651987884e-32,6.636692621093677e-33,1.126993765178409e-15,0.225,1.2560074678493418e-32,0.38999999999999996,0.225,0.0,0.38999999999999996,0.0,129.88440000000003,5.844162964816522e-32,True,True,False
0.705,1.2528247625612493e-32,0.0,3.219982186224026e-16,1.5579298217026082e-32,1.1396957651987884e-32,6.636692621093677e-33,1.126993765178409e-15,0.225,1.2528247625612493e-32,0.38999999999999996,0.225,0.0,0.38999999999999996,0.0,129.88440000000003,5.849776145949363e-32,True,True,False
0.71,1.249335086374291e-32,0.0,3.219982186224026e-16,1.6067208502207e-32,1.1396957651987884e-32,6.636692621093677e-33,1.126993765178409e-15,0.225,1.249335086374291e-32,0.38999999999999996,0.225,0.0,0.38999999999999996,0.0,129.88440000000003,5.854649151107817e-32,True,True,False
0.715,1.245549293839676e-32,0.0,3.219982186224026e-16,1.6487177849723668e-32,1.1396957651987884e-32,6.636692621093677e-33,1.126993765178409e-15,0.225,1.245549293839676e-32,0.38999999999999996,0.225,0.0,0.38999999999999996,0.0,129.88440000000003,5.858875314973236e-32,True,True,False
0.72,1.2414789074927608e-32,0.0,3.219982186224026e-16,1.6839473232877982e-32,1.1396957651987884e-32,6.636692621093677e-33,1.126993765178409e-15,0.225,1.2414789074927608e-32,0.38999999999999996,0.225,0.0,0.38999999999999996,0.0,129.88440000000003,5.862499566260534e-32,True,True,False
0.725,1.2371352890692777e-32,0.0,3.219982186224026e-16,1.7125006243511023e-32,1.1396957651987884e-32,6.636692621093677e-33,1.126993765178409e-15,0.225,1.2371352890692777e-32,0.38999999999999996,0.225,0.0,0.38999999999999996,0.0,129.88440000000003,5.865566123326114e-32,True,True,False
0.73,1.2325296194338154e-32,0.0,3.219982186224026e-16,1.734528441786894e-32,1.1396957651987884e-32,6.636692621093677e-33,1.126993765178409e-15,0.225,1.2325296194338154e-32,0.38999999999999996,0.225,0.0,0.38999999999999996,0.0,129.88440000000003,5.868118423617768e-32,True,True,False
0.735,1.2276728725251733e-32,0.0,3.219982186224026e-16,1.750235919843716e-32,1.1396957651987884e-32,6.636692621093677e-33,1.126993765178409e-15,0.225,1.2276728725251733e-32,0.38999999999999996,0.225,0.0,0.38999999999999996,0.0,129.88440000000003,5.870199031124189e-32,True,True,False
0.74,1.2225757840078278e-32,0.0,3.219982186224026e-16,1.7598771672856073e-32,1.1396957651987884e-32,6.636692621093677e-33,1.126993765178409e-15,0.225,1.2225757840078278e-32,0.38999999999999996,0.225,0.0,0.38999999999999996,0.0,129.88440000000003,5.871849523986781e-32,True,True,False
0.745,1.2172488148302342e-32,0.0,3.219982186224026e-16,1.7637495685674827e-32,1.1396957651987884e-32,6.636692621093677e-33,1.126993765178409e-15,0.225,1.2172488148302342e-32,0.38999999999999996,0.225,0.0,0.38999999999999996,0.0,129.88440000000003,5.873110363164626e-32,True,True,False
0.75,1.2117021105423277e-32,0.0,3.219982186224026e-16,1.762187988349635e-32,8.960204036930076e-33,8.167795585340466e-33,1.126993765178409e-15,0.225,1.2117021105423277e-32,0.38999999999999996,0.225,0.0,0.38999999999999996,0.0,129.88440000000003,6.037794552218602e-32,True,True,False
0.755,1.2059386074716528e-32,0.0,3.219982186224026e-16,1.755695039170418e-32,8.960204036930076e-33,8.167795585340466e-33,1.126993765178409e-15,0.225,1.2059386074716528e-32,0.38999999999999996,0.225,0.0,0.38999999999999996,0.0,129.88440000000003,6.038199012252977e-32,True,True,False
0.76,1.199955555624385e-32,0.0,3.219982186224026e-16,1.7443907935409444e-32,8.960204036930076e-33,8.167795585340466e-33,1.126993765178409e-15,0.225,1.199955555624385e-32,0.38999999999999996,0.225,0.0,0.38999999999999996,0.0,129.88440000000003,6.038204461868339e-32,True,True,False
0.765,1.1937639546384536e-32,0.0,3.219982186224026e-16,1.7288228779325052e-32,8.960204036930076e-33,8.167795585340466e-33,1.126993765178409e-15,0.225,1.1937639546384536e-32,0.38999999999999996,0.225,0.0,0.38999999999999996,0.0,129.88440000000003,6.037904544074746e-32,True,True,False
0.77,1.1873749073553741e-32,0.0,3.219982186224026e-16,1.7094202188359335e-32,8.960204036930076e-33,8.167795585340466e-33,1.126993765178409e-15,0.225,1.1873749073553741e-32,0.38999999999999996,0.225,0.0,0.38999999999999996,0.0,129.88440000000003,6.03734180635858e-32,True,True,False
0.775,1.1807990047325557e-32,0.0,3.219982186224026e-16,1.6866219681484598e-32,8.960204036930076e-33,8.167795585340466e-33,1.126993765178409e-15,0.225,1.1807990047325557e-32,0.38999999999999996,0.225,0.0,0.38999999999999996,0.0,129.88440000000003,6.036556805835715e-32,True,True,False
0.78,1.1740462531535364e-32,0.0,3.219982186224026e-16,1.6608727690578243e-32,8.960204036930076e-33,8.167795585340466e-33,1.126993765178409e-15,0.225,1.1740462531535364e-32,0.38999999999999996,0.225,0.0,0.38999999999999996,0.0,129.88440000000003,6.035587843835585e-32,True,True,False
0.785,1.167126010391095e-32,0.0,3.219982186224026e-16,1.632618399013809e-32,8.960204036930076e-33,8.167795585340466e-33,1.126993765178409e-15,0.225,1.167126010391095e-32,0.38999999999999996,0.225,0.0,0.38999999999999996,0.0,129.88440000000003,6.034470732967104e-32,True,True,False
0.79,1.1600469350931978e-32,0.0,3.219982186224026e-16,1.602301809818896e-32,8.960204036930076e-33,8.167795585340466e-33,1.126993765178409e-15,0.225,1.1600469350931978e-32,0.38999999999999996,0.225,0.0,0.38999999999999996,0.0,129.88440000000003,6.033238614789052e-32,True,True,False
0.795,1.152816953436043e-32,0.0,3.219982186224026e-16,1.570359572053633e-32,8.960204036930076e-33,8.167795585340466e-33,1.126993765178409e-15,0.225,1.152816953436043e-32,0.38999999999999996,0.225,0.0,0.38999999999999996,0.0,129.88440000000003,6.031921841610497e-32,True,True,False
0.8,1.1454432448512048e-32,0.0,3.219982186224026e-16,1.5372187195300516e-32,5.324110112291502e-33,9.746777722027707e-33,1.126993765178409e-15,0.225,1.1454432448512048e-32,0.38999999999999996,0.225,0.0,0.38999999999999996,0.0,129.88440000000003,6.199443112554588e-32,True,True,False
0.805,1.137931666689493e-32,0.0,3.219982186224026e-16,1.50362557909867e-32,5.324110112291502e-33,9.746777722027707e-33,1.126993765178409e-15,0.225,1.137931666689493e-32,0.38999999999999996,0.225,0.0,0.38999999999999996,0.0,129.88440000000003,6.198032663489685e-32,True,True,False
0.81,1.1302870079168453e-32,0.0,3.219982186224026e-16,1.4700453484966718e-32,5.324110112291502e-33,9.746777722027707e-33,1.126993765178409e-15,0.225,1.1302870079168453e-32,0.38999999999999996,0.225,0.0,0.38999999999999996,0.0,129.88440000000003,6.196603658543333e-32,True,True,False
0.8150000000000001,1.122514020297245e-32,0.0,3.219982186224026e-16,1.4364789330944897e-32,5.324110112291502e-33,9.746777722027707e-33,1.126993765178409e-15,0.225,1.122514020297245e-32,0.38999999999999996,0.225,0.0,0.38999999999999996,0.0,129.88440000000003,6.195173841575215e-32,True,True,False
0.8200000000000001,1.11461719996509e-32,0.0,3.219982186224026e-16,1.4029618966211207e-32,5.324110112291502e-33,9.746777722027707e-33,1.126993765178409e-15,0.225,1.11461719996509e-32,0.38999999999999996,0.225,0.0,0.38999999999999996,0.0,129.88440000000003,6.193680131447953e-32,True,True,False
0.8250000000000001,1.1065994966807662e-32,0.0,3.219982186224026e-16,1.3700932268908703e-32,5.324110112291502e-33,9.746777722027707e-33,1.126993765178409e-15,0.225,1.1065994966807662e-32,0.38999999999999996,0.225,0.0,0.38999999999999996,0.0,129.88440000000003,6.192078740389359e-32,True,True,False
0.8300000000000001,1.0984672549816085e-32,0.0,3.219982186224026e-16,1.338311852756856e-32,5.324110112291502e-33,9.746777722027707e-33,1.126993765178409e-15,0.225,1.0984672549816085e-32,0.38999999999999996,0.225,0.0,0.38999999999999996,0.0,129.88440000000003,6.190532527788211e-32,True,True,False
0.835,1.0902268115306063e-32,0.0,3.219982186224026e-16,1.3079066079156143e-32,5.324110112291502e-33,9.746777722027707e-33,1.126993765178409e-15,0.225,1.0902268115306063e-32,0.38999999999999996,0.225,0.0,0.38999999999999996,0.0,129.88440000000003,6.189065674827204e-32,True,True,False
0.84,1.0818835543524912e-32,0.0,3.219982186224026e-16,1.2791426169656493e-32,5.324110112291502e-33,9.746777722027707e-33,1.126993765178409e-15,0.225,1.0818835543524912e-32,0.38999999999999996,0.225,0.0,0.38999999999999996,0.0,129.88440000000003,6.187698794812754e-32,True,True,False
0.845,1.0734420070267956e-32,0.0,3.219982186224026e-16,1.2522609818668723e-32,5.324110112291502e-33,9.746777722027707e-33,1.126993765178409e-15,0.225,1.0734420070267956e-32,0.38999999999999996,0.225,0.0,0.38999999999999996,0.0,129.88440000000003,6.186449253689161e-32,True,True,False
0.85,1.0649059182314577e-32,0.0,3.219982186224026e-16,1.2274778196441e-32,-3.1953298651257385e-34,1.1358116698976431e-32,1.126993765178409e-15,0.225,1.0649059182314577e-32,0.38999999999999996,0.225,0.0,0.38999999999999996,0.0,129.88440000000003,6.357687729633792e-32,True,True,False
0.855,1.056279026672159e-32,0.0,3.219982186224026e-16,1.2043088120534315e-32,-3.1953298651257385e-34,1.1358116698976431e-32,1.126993765178409e-15,0.225,1.056279026672159e-32,0.38999999999999996,0.225,0.0,0.38999999999999996,0.0,129.88440000000003,6.356661209402209e-32,True,True,False
0.86,1.047574712767618e-32,0.0,3.219982186224026e-16,1.1842941325947875e-32,-3.1953298651257385e-34,1.1358116698976431e-32,1.126993765178409e-15,0.225,1.047574712767618e-32,0.38999999999999996,0.225,0.0,0.38999999999999996,0.0,129.88440000000003,6.355655464900029e-32,True,True,False
0.865,1.0388038942120448e-32,0.0,3.219982186224026e-16,1.16687765316914e-32,-3.1953298651257385e-34,1.1358116698976431e-32,1.126993765178409e-15,0.225,1.0388038942120448e-32,0.38999999999999996,0.225,0.0,0.38999999999999996,0.0,129.88440000000003,6.354887228791773e-32,True,True,False
0.87,1.0299724624631188e-32,0.0,3.219982186224026e-16,1.1521745122106692e-32,-3.1953298651257385e-34,1.1358116698976431e-32,1.126993765178409e-15,0.225,1.0299724624631188e-32,0.38999999999999996,0.225,0.0,0.38999999999999996,0.0,129.88440000000003,6.354378861163396e-32,True,True,False
0.875,1.0210848014893347e-32,0.0,3.219982186224026e-16,1.1402740514827277e-32,-3.1953298651257385e-34,1.1358116698976431e-32,1.126993765178409e-15,0.225,1.0210848014893347e-32,0.38999999999999996,0.225,0.0,0.38999999999999996,0.0,129.88440000000003,6.354147084597479e-32,True,True,False
0.88,1.0121440084470013e-32,0.0,3.219982186224026e-16,1.1312395482619795e-32,-3.1953298651257385e-34,1.1358116698976431e-32,1.126993765178409e-15,0.225,1.0121440084470013e-32,0.38999999999999996,0.225,0.0,0.38999999999999996,0.0,129.88440000000003,6.354203817196875e-32,True,True,False
0.885,1.0031520917035518e-32,0.0,3.219982186224026e-16,1.1251080135857824e-32,-3.1953298651257385e-34,1.1358116698976431e-32,1.126993765178409e-15,0.225,1.0031520917035518e-32,0.38999999999999996,0.225,0.0,0.38999999999999996,0.0,129.88440000000003,6.354556919500668e-32,True,True,False
0.89,9.941101417933774e-33,0.0,3.219982186224026e-16,1.1218900673988798e-32,-3.1953298651257385e-34,1.1358116698976431e-32,1.126993765178409e-15,0.225,9.941101417933774e-33,0.38999999999999996,0.225,0.0,0.38999999999999996,0.0,129.88440000000003,6.355210838987177e-32,True,True,False
0.895,9.850184752519412e-33,0.0,3.219982186224026e-16,1.1215699156872289e-32,-3.1953298651257385e-34,1.1358116698976431e-32,1.126993765178409e-15,0.225,9.850184752519412e-33,0.38999999999999996,0.225,0.0,0.38999999999999996,0.0,129.88440000000003,6.356167152151656e-32,True,True,False
0.9,9.758767536314316e-33,0.0,3.219982186224026e-16,1.1241054196458238e-32,-5.83225908616586e-33,1.3002711823095356e-32,1.126993765178409e-15,0.225,9.758767536314316e-33,0.38999999999999996,0.225,0.0,0.38999999999999996,0.0,129.88440000000003,6.533338462607981e-32,True,True,False
0.905,9.6668534063072e-33,0.0,3.219982186224026e-16,1.128048929025666e-32,-5.83225908616586e-33,1.3002711823095356e-32,1.126993765178409e-15,0.225,9.6668534063072e-33,0.38999999999999996,0.225,0.0,0.38999999999999996,0.0,129.88440000000003,6.534901210565049e-32,True,True,False
0.91,9.574459299594172e-33,0.0,3.219982186224026e-16,1.1319938609982815e-32,-5.83225908616586e-33,1.3002711823095356e-32,1.126993765178409e-15,0.225,9.574459299594172e-33,0.38999999999999996,0.225,0.0,0.38999999999999996,0.0,129.88440000000003,6.536775314505731e-32,True,True,False
0.915,9.481601812559113e-33,0.0,3.219982186224026e-16,1.1359402007423839e-32,-5.83225908616586e-33,1.3002711823095356e-32,1.126993765178409e-15,0.225,9.481601812559113e-33,0.38999999999999996,0.225,0.0,0.38999999999999996,0.0,129.88440000000003,6.538966971354488e-32,True,True,False
0.92,9.388296100559732e-33,0.0,3.219982186224026e-16,1.1398879336366818e-32,-5.83225908616586e-33,1.3002711823095356e-32,1.126993765178409e-15,0.225,9.388296100559732e-33,0.38999999999999996,0.225,0.0,0.38999999999999996,0.0,129.88440000000003,6.541481840492233e-32,True,True,False
0.925,9.294556022483448e-33,0.0,3.219982186224026e-16,1.1438370452566077e-32,-5.83225908616586e-33,1.3002711823095356e-32,1.126993765178409e-15,0.225,9.294556022483448e-33,0.38999999999999996,0.225,0.0,0.38999999999999996,0.0,129.88440000000003,6.544325097166193e-32,True,True,False
0.93,9.200394267043955e-33,0.0,3.219982186224026e-16,1.1477875213711099e-32,-5.83225908616586e-33,1.3002711823095356e-32,1.126993765178409e-15,0.225,9.200394267043955e-33,0.38999999999999996,0.225,0.0,0.38999999999999996,0.0,129.88440000000003,6.547501479652128e-32,True,True,False
0.935,9.105822466663604e-33,0.0,3.219982186224026e-16,1.1517393479395028e-32,-5.83225908616586e-33,1.3002711823095356e-32,1.126993765178409e-15,0.225,9.105822466663604e-33,0.38999999999999996,0.225,0.0,0.38999999999999996,0.0,129.88440000000003,6.551015331780801e-32,True,True,False
0.9400000000000001,9.010851299899236e-33,0.0,3.219982186224026e-16,1.1556925111083801e-32,-5.83225908616586e-33,1.3002711823095356e-32,1.126993765178409e-15,0.225,9.010851299899236e-33,0.38999999999999996,0.225,0.0,0.38999999999999996,0.0,129.88440000000003,6.554870641186283e-32,True,True,False
0.9450000000000001,8.915490583398338e-33,0.0,3.219982186224026e-16,1.159646997208582e-32,-5.83225908616586e-33,1.3002711823095356e-32,1.126993765178409e-15,0.225,8.915490583398338e-33,0.38999999999999996,0.225,0.0,0.38999999999999996,0.0,129.88440000000003,6.55907107364463e-32,True,True,False
0.9500000000000001,8.819749354358376e-33,0.0,3.219982186224026e-16,1.1636027927522238e-32,-1.0047767659872192e-32,1.4663069393421853e-32,1.126993765178409e-15,0.225,8.819749354358376e-33,0.38999999999999996,0.225,0.0,0.38999999999999996,0.0,129.88440000000003,6.741219477190993e-32,True,True,False
0.9550000000000001,8.723635944419869e-33,0.0,3.219982186224026e-16,1.1675598844297774e-32,-1.0047767659872192e-32,1.4663069393421853e-32,1.126993765178409e-15,0.225,8.723635944419869e-33,0.38999999999999996,0.225,0.0,0.38999999999999996,0.0,129.88440000000003,6.74612001641398e-32,True,True,False
0.96,8.627158045865195e-33,0.0,3.219982186224026e-16,1.171518259107207e-32,-1.0047767659872192e-32,1.4663069393421853e-32,1.126993765178409e-15,0.225,8.627158045865195e-33,0.38999999999999996,0.225,0.0,0.38999999999999996,0.0,129.88440000000003,6.751375037124585e-32,True,True,False
0.965,8.530322770927961e-33,0.0,3.219982186224026e-16,1.1754779038231615e-32,-1.0047767659872192e-32,1.4663069393421853e-32,1.126993765178409e-15,0.225,8.530322770927961e-33,0.38999999999999996,0.225,0.0,0.38999999999999996,0.0,129.88440000000003,6.756987195204632e-32,True,True,False
0.97,8.433136704947517e-33,0.0,3.219982186224026e-16,1.1794388057862146e-32,-1.0047767659872192e-32,1.4663069393421853e-32,1.126993765178409e-15,0.225,8.433136704947517e-33,0.38999999999999996,0.225,0.0,0.38999999999999996,0.0,129.88440000000003,6.762958949780759e-32,True,True,False
0.975,8.335605954033641e-33,0.0,3.219982186224026e-16,1.1834009523721608e-32,-1.0047767659872192e-32,1.4663069393421853e-32,1.126993765178409e-15,0.225,8.335605954033641e-33,0.38999999999999996,0.225,0.0,0.38999999999999996,0.0,129.88440000000003,6.769292581023568e-32,True,True,False
0.98,8.237736187839469e-33,0.0,3.219982186224026e-16,1.1873643311213571e-32,-1.0047767659872192e-32,1.4663069393421853e-32,1.126993765178409e-15,0.225,8.237736187839469e-33,0.38999999999999996,0.225,0.0,0.38999999999999996,0.0,129.88440000000003,6.775990206120087e-32,True,True,False
0.985,8.139532677978162e-33,0.0,3.219982186224026e-16,1.191328929736118e-32,-1.0047767659872192e-32,1.4663069393421853e-32,1.126993765178409e-15,0.225,8.139532677978162e-33,0.38999999999999996,0.225,0.0,0.38999999999999996,0.0,129.88440000000003,6.78305379361949e-32,True,True,False
0.99,8.041000332560968e-33,0.0,3.219982186224026e-16,1.1952947360781555e-32,-1.0047767659872192e-32,1.4663069393421853e-32,1.126993765178409e-15,0.225,8.041000332560968e-33,0.38999999999999996,0.225,0.0,0.38999999999999996,0.0,129.88440000000003,6.790485176330458e-32,True,True,False
0.995,7.942143727281702e-33,0.0,3.219982186224026e-16,1.1992617381660673e-32,-1.0047767659872192e-32,1.4663069393421853e-32,1.126993765178409e-15,0.225,7.942143727281702e-33,0.38999999999999996,0.225,0.0,0.38999999999999996,0.0,129.88440000000003,6.798286062928869e-32,True,True,False
1.0,0.15,0.0,3.219982186224026e-16,1.203229924172871e-32,4.990584179692143e-16,1.632720336764609e-32,-0.24999999999999886,0.225,7.84296713342503e-33,0.38999999999999996,0.225,0.0,0.23999999999999996,0.0,126.57440000000001,8.072908176441823e-16,True,True,False
1.0050000000000001,0.1499968749999999,0.0,0.0012500000000003283,1.8604697657884509e-19,4.990584179692143e-16,1.632720336764609e-32,-0.24999999999999886,0.225,2.5168985102996014e-20,0.38999687499999985,0.225,0.0,0.23999999999999996,0.0,126.57440000000001,7.823581694904411e-16,True,True,False
1.01,0.14998749999999958,0.0,0.0025000000000003344,3.720939531576994e-19,4.990584179692143e-16,1.632720336764609e-32,-0.24999999999999886,0.225,1.0067594041196092e-19,0.38998749999999954,0.225,0.0,0.23999999999999996,0.0,126.57440000000001,7.574255213366998e-16,True,True,False
1.0150000000000001,0.14997187499999995,0.0,0.00375000000000034,5.581409297365584e-19,4.990584179692143e-16,1.632720336764609e-32,-0.24999999999999886,0.225,2.2652086592690246e-19,0.3899718749999999,0.225,0.0,0.23999999999999996,0.0,126.57440000000001,7.324928731829587e-16,True,True,False
1.02,0.1499500000000001,0.0,0.005000000000000345,7.441879063154158e-19,4.990584179692143e-16,1.632720336764609e-32,-0.24999999999999886,0.225,4.027037616478207e-19,0.3899500000000001,0.225,0.0,0.23999999999999996,0.0,126.57440000000001,7.075602250292175e-16,True,True,False
1.025,0.14992187500000007,0.0,0.006250000000000351,9.302348828942701e-19,4.990584179692143e-16,1.632720336764609e-32,-0.24999999999999886,0.225,6.292246275747156e-19,0.38992187500000003,0.225,0.0,0.23999999999999996,0.0,126.57440000000001,6.826275768754763e-16,True,True,False
1.03,0.1498874999999998,0.0,0.007500000000000356,1.116281859473123e-18,4.990584179692143e-16,1.632720336764609e-32,-0.24999999999999886,0.225,9.060834637075871e-19,0.3898874999999998,0.225,0.0,0.23999999999999996,0.0,126.57440000000001,6.576949287217351e-16,True,True,False
1.035,0.14984687499999935,0.0,0.008750000000000365,2.171929167015678e-18,4.990584179692143e-16,1.632720336764609e-32,-0.24999999999999886,0.225,1.2282665828619913e-18,0.3898468749999993,0.225,0.0,0.23999999999999996,0.0,126.57440000000001,6.405995376766705e-16,True,True,False
1.04,0.14979999999999957,0.0,0.010000000000000373,3.731029407167683e-18,4.990584179692143e-16,1.632720336764609e-32,-0.24999999999999886,0.225,1.5773904655842769e-18,0.38979999999999954,0.225,0.0,0.23999999999999996,0.0,126.57440000000001,6.280415060103135e-16,True,True,False
1.045,0.14974687499999959,0.0,0.011250000000000385,5.290129677319603e-18,4.990584179692143e-16,1.632720336764609e-32,-0.24999999999999886,0.225,1.9517838832409147e-18,0.38974687499999955,0.225,0.0,0.23999999999999996,0.0,126.57440000000001,6.154834743439565e-16,True,True,False
1.05,0.1496874999999994,0.0,0.012500000000000394,6.849229956984666e-18,4.1202455514416473e-16,-1.9951758173823437e-19,-0.4999999999999989,0.225,2.3514468361879488e-18,0.38968749999999935,0.225,0.0,0.23999999999999996,0.0,123.26440000000001,4.8003452538276005e-16,True,True,False
1.055,0.14961874999999977,0.0,0.015000000000000397,8.79062075854421e-18,4.1202455514416473e-16,-1.9951758173823437e-19,-0.4999999999999989,0.225,2.7719292198217326e-18,0.38961874999999974,0.225,0.0,0.23999999999999996,0.0,123.26440000000001,4.718340756557967e-16,True,True,False
1.06,0.14953749999999974,0.0,0.017500000000000394,1.0732011708763955e-17,4.1202455514416473e-16,-1.9951758173823437e-19,-0.4999999999999989,0.225,3.208780930857362e-18,0.3895374999999997,0.225,0.0,0.23999999999999996,0.0,123.26440000000001,4.636336259288335e-16,True,True,False
1.065,0.14944375000000018,0.0,0.0200000000000004,1.2673402739325808e-17,4.1202455514416473e-16,-1.9951758173823437e-19,-0.4999999999999989,0.225,3.662001971381509e-18,0.38944375000000014,0.225,0.0,0.23999999999999996,0.0,123.26440000000001,4.554331762018702e-16,True,True,False
1.07,0.1493375000000002,0.0,0.0225000000000004,1.461479381821247e-17,4.1202455514416473e-16,-1.9951758173823437e-19,-0.4999999999999989,0.225,4.131592343260497e-18,0.38933750000000017,0.225,0.0,0.23999999999999996,0.0,123.26440000000001,4.472327264749069e-16,True,True,False
1.075,0.14921874999999982,0.0,0.025000000000000404,1.6556184928424118e-17,4.1202455514416473e-16,-1.9951758173823437e-19,-0.4999999999999989,0.225,4.617552048170266e-18,0.3892187499999998,0.225,0.0,0.23999999999999996,0.0,123.26440000000001,4.3903227674794354e-16,True,True,False
1.08,0.1490874999999999,0.0,0.027500000000000403,1.7437419493492016e-17,4.1202455514416473e-16,-1.9951758173823437e-19,-0.4999999999999989,0.225,5.1184933001538635e-18,0.38908749999999986,0.225,0.0,0.23999999999999996,0.0,123.26440000000001,4.324063424337969e-16,True,True,False
1.085,0.14894375000000046,0.0,0.0300000000000004,1.8106623597482915e-17,4.1202455514416473e-16,-1.9951758173823437e-19,-0.4999999999999989,0.225,5.631854034754736e-18,0.3889437500000004,0.225,0.0,0.23999999999999996,0.0,123.26440000000001,4.2609531120221363e-16,True,True,False
1.09,0.1487874999999997,0.0,0.03250000000000041,1.8775828535788075e-17,4.1202455514416473e-16,-1.9951758173823437e-19,-0.4999999999999989,0.225,6.1575808824219726e-18,0.3887874999999997,0.225,0.0,0.23999999999999996,0.0,123.26440000000001,4.1978427997063037e-16,True,True,False
1.095,0.14861874999999944,0.0,0.03500000000000041,1.944069215665553e-17,4.1202455514416473e-16,-1.9951758173823437e-19,-0.4999999999999989,0.225,6.695664133430421e-18,0.3886187499999994,0.225,0.0,0.23999999999999996,0.0,123.26440000000001,4.1350057332969857e-16,True,True,False
1.1,0.14843749999999964,0.0,0.037500000000000415,2.0083846551870862e-17,3.7528469981859813e-16,-3.3991156776001807e-19,-0.7499999999999989,0.225,7.24580259440068e-18,0.3884374999999996,0.225,0.0,0.23999999999999996,0.0,119.95440000000002,3.635274024052537e-16,True,True,False
1.105,0.1482406250000002,0.0,0.04125000000000042,2.0612518837667607e-17,3.7528469981859813e-16,-3.3991156776001807e-19,-0.7499999999999989,0.225,7.806139029357864e-18,0.3882406250000002,0.225,0.0,0.23999999999999996,0.0,119.95440000000002,3.590284810247483e-16,True,True,False
1.11,0.14802500000000016,0.0,0.04500000000000042,2.114119302639963e-17,3.7528469981859813e-16,-3.3991156776001807e-19,-0.7499999999999989,0.225,8.374997574250745e-18,0.3880250000000001,0.225,0.0,0.23999999999999996,0.0,119.95440000000002,3.5452955964424286e-16,True,True,False
1.115,0.14779062500000037,0.0,0.048750000000000425,2.1669868978790658e-17,3.7528469981859813e-16,-3.3991156776001807e-19,-0.7499999999999989,0.225,8.952378244444489e-18,0.38779062500000033,0.225,0.0,0.23999999999999996,0.0,119.95440000000002,3.500306382637375e-16,True,True,False
1.12,0.14753749999999996,0.0,0.05250000000000043,2.2198546568831902e-17,3.7528469981859813e-16,-3.3991156776001807e-19,-0.7499999999999989,0.225,9.538281054595912e-18,0.3875374999999999,0.225,0.0,0.23999999999999996,0.0,119.95440000000002,3.4553171688323206e-16,True,True,False
1.125,0.14726562499999982,0.0,0.05625000000000043,2.2727225682238985e-17,3.7528469981859813e-16,-3.3991156776001807e-19,-0.7499999999999989,0.225,1.0132706018696378e-17,0.3872656249999998,0.225,0.0,0.23999999999999996,0.0,119.95440000000002,3.4103279550272664e-16,True,True,False
1.1300000000000001,0.14697499999999994,0.0,0.060000000000000435,2.3255906215119355e-17,3.7528469981859813e-16,-3.3991156776001807e-19,-0.7499999999999989,0.225,1.0735653150111455e-17,0.3869749999999999,0.225,0.0,0.23999999999999996,0.0,119.95440000000002,3.365338741222212e-16,True,True,False
1.135,0.14666562500000033,0.0,0.06375000000000045,2.3360726917548896e-17,3.7528469981859813e-16,-3.3991156776001807e-19,-0.7499999999999989,0.225,1.1345336973708714e-17,0.3866656250000003,0.225,0.0,0.23999999999999996,0.0,119.95440000000002,3.340445389621816e-16,True,True,False
1.1400000000000001,0.1463375000000001,0.0,0.06750000000000045,2.338078031479627e-17,3.7528469981859813e-16,-3.3991156776001807e-19,-0.7499999999999989,0.225,1.1958461229454678e-17,0.38633750000000006,0.225,0.0,0.23999999999999996,0.0,119.95440000000002,3.3195712104623516e-16,True,True,False
1.145,0.14599062500000012,0.0,0.07125000000000045,2.3397046711169528e-17,3.7528469981859813e-16,-3.3991156776001807e-19,-0.7499999999999989,0.225,1.2574957279498576e-17,0.3859906250000001,0.225,0.0,0.23999999999999996,0.0,119.95440000000002,3.298636871111726e-16,True,True,False
1.1500000000000001,0.14562500000000042,0.0,0.07500000000000046,2.330334424698071e-17,3.52820676493643e-16,-1.245534914139515e-19,-0.6112500000000008,0.225,1.319494691680763e-17,0.3856250000000004,0.225,0.0,0.23999999999999996,0.0,121.79145,2.8016814742453856e-16,True,True,False
1.155,0.14524235937500016,0.0,0.0780562500000005,2.316802410390746e-17,3.52820676493643e-16,-1.245534914139515e-19,-0.6112500000000008,0.225,1.3816671660036827e-17,0.3852423593750001,0.225,0.0,0.23999999999999996,0.0,121.79145,2.7971675678997384e-16,True,True,False
1.16,0.14484443750000028,0.0,0.08111250000000053,2.303271323477296e-17,3.52820676493643e-16,-1.245534914139515e-19,-0.6112500000000008,0.22500000000000003,1.4438266502064544e-17,0.38484443750000025,0.225,0.0,0.23999999999999996,0.0,121.79145,2.7926536615540907e-16,True,True,False
1.165,0.1444312343749999,0.0,0.08416875000000057,2.2897411803988526e-17,3.52820676493643e-16,-1.245534914139515e-19,-0.6112500000000008,0.22500000000000003,1.505973150046298e-17,0.3844312343749999,0.225,0.0,0.23999999999999996,0.0,121.79145,2.788139755208443e-16,True,True,False
1.17,0.14400274999999993,0.0,0.08722500000000061,2.276211997986305e-17,3.52820676493643e-16,-1.245534914139515e-19,-0.6112500000000008,0.22500000000000003,1.568106671255631e-17,0.3840027499999999,0.225,0.0,0.23999999999999996,0.0,121.79145,2.783625848862795e-16,True,True,False
1.175,0.14355898437500034,0.0,0.09028125000000065,2.2626837934718753e-17,3.52820676493643e-16,-1.245534914139515e-19,-0.6112500000000008,0.22500000000000003,1.6302272195422088e-17,0.3835589843750003,0.225,0.0,0.23999999999999996,0.0,121.79145,2.7791119425171474e-16,True,True,False
1.18,0.14309993750000025,0.0,0.09333750000000068,2.2491565845011206e-17,3.52820676493643e-16,-1.245534914139515e-19,-0.6112500000000008,0.22500000000000003,1.6923348005892632e-17,0.3830999375000002,0.225,0.0,0.23999999999999996,0.0,121.79145,2.7745980361715e-16,True,True,False
1.185,0.14262560937500054,0.0,0.09639375000000072,2.2356303891453565e-17,3.52820676493643e-16,-1.245534914139515e-19,-0.6112500000000008,0.22500000000000003,1.754429420055643e-17,0.3826256093750005,0.225,0.0,0.23999999999999996,0.0,121.79145,2.7700841298258524e-16,True,True,False
1.19,0.14213600000000035,0.0,0.09945000000000076,2.2221052259145345e-17,3.52820676493643e-16,-1.245534914139515e-19,-0.6112500000000008,0.22500000000000003,1.8165110835759506e-17,0.3821360000000003,0.225,0.0,0.23999999999999996,0.0,121.79145,2.7655702234802047e-16,True,True,False
1.195,0.14163110937500054,0.0,0.1025062500000008,2.2085811137705922e-17,3.52820676493643e-16,-1.245534914139515e-19,-0.6112500000000008,0.22500000000000003,1.878579796760679e-17,0.3816311093750005,0.225,0.0,0.23999999999999996,0.0,121.79145,2.761056317134557e-16,True,True,False
1.2,0.14111093750000023,0.0,0.10556250000000084,2.1950580721412843e-17,3.3303666139335377e-16,4.90184430627752e-19,-0.4771968749999984,0.22500000000000003,1.9406355651963482e-17,0.3811109375000002,0.225,0.0,0.23999999999999996,0.0,123.56631337500001,2.3435223966297155e-16,True,True,False
1.205,0.14057716003906293,0.0,0.10794848437500085,2.1299389493848667e-17,3.3303666139335377e-16,4.90184430627752e-19,-0.4771968749999984,0.22500000000000003,2.0024257554769316e-17,0.3805771600390629,0.225,0.0,0.23999999999999996,0.0,123.56631337500001,2.36144987720517e-16,True,True,False
1.21,0.14003145265625036,0.0,0.11033446875000086,2.0648238933327706e-17,3.3303666139335377e-16,4.90184430627752e-19,-0.4771968749999984,0.22500000000000003,2.0636977406413714e-17,0.3800314526562503,0.225,0.0,0.23999999999999996,0.0,123.56631337500001,2.3793773577806243e-16,True,True,False
1.215,0.13947381535156253,0.0,0.11272045312500087,1.999713301247505e-17,3.3303666139335377e-16,4.90184430627752e-19,-0.4771968749999984,0.22500000000000003,2.1244515360741943e-17,0.3794738153515625,0.225,0.0,0.23999999999999996,0.0,123.56631337500001,2.397304838356079e-16,True,True,False
1.22,0.13890424812500032,0.0,0.11510643750000088,1.9193336702214225e-17,3.3303666139335377e-16,4.90184430627752e-19,-0.4771968749999984,0.22500000000000003,2.1846902726706375e-17,0.3789042481250003,0.225,0.0,0.23999999999999996,0.0,123.56631337500001,2.414201602164422e-16,True,True,False
1.225,0.13832275097656285,0.0,0.11749242187500089,1.830118722083343e-17,3.3303666139335377e-16,4.90184430627752e-19,-0.4771968749999984,0.22500000000000003,2.2444253900756557e-17,0.3783227509765628,0.225,0.0,0.23999999999999996,0.0,123.56631337500001,2.430501635212859e-16,True,True,False
1.23,0.13772932390625012,0.0,0.1198784062500009,1.7409128857728015e-17,3.3303666139335377e-16,4.90184430627752e-19,-0.4771968749999984,0.22500000000000003,2.3036579454427283e-17,0.3777293239062501,0.225,0.0,0.23999999999999996,0.0,123.56631337500001,2.4468016682612966e-16,True,True,False
1.235,0.13712396691406212,0.0,0.12226439062500093,1.6517176376230537e-17,3.3303666139335377e-16,4.90184430627752e-19,-0.4771968749999984,0.22500000000000003,2.3623879578650264e-17,0.3771239669140621,0.225,0.0,0.23999999999999996,0.0,123.56631337500001,2.4631017013097337e-16,True,True,False
1.24,0.13650667999999974,0.0,0.12465037500000094,1.5629884098966205e-17,3.3303666139335377e-16,4.90184430627752e-19,-0.4771968749999984,0.22500000000000003,2.420615446741834e-17,0.3765066799999997,0.225,0.0,0.23999999999999996,0.0,123.56631337500001,2.479574953067653e-16,True,True,False
1.245,0.1358774631640621,0.0,0.12703635937500093,1.487428275122748e-17,3.3303666139335377e-16,4.90184430627752e-19,-0.4771968749999984,0.22500000000000003,2.4782722774171725e-17,0.37587746316406206,0.225,0.0,0.23999999999999996,0.0,123.56631337500001,2.5010715474005486e-16,True,True,False
1.25,0.13523631640625008,0.0,0.12942234375000095,1.4118841836073656e-17,3.1057595513032233e-16,1.935236713998967e-18,-0.35843969531249714,0.22500000000000003,2.535298838824061e-17,0.37523631640625005,0.225,0.0,0.23999999999999996,0.0,125.13865843406252,2.0857306830285076e-16,True,True,False
1.2550000000000001,0.1345847241913077,0.0,0.1312145422265634,1.3220024590951506e-17,3.1057595513032233e-16,1.935236713998967e-18,-0.35843969531249714,0.22500000000000003,2.591570607270182e-17,0.37458472419130767,0.225,0.0,0.23999999999999996,0.0,125.13865843406252,2.1189680748273098e-16,True,True,False
1.26,0.13392417098398432,0.0,0.13300674070312585,1.2321506092398992e-17,3.1057595513032233e-16,1.935236713998967e-18,-0.35843969531249714,0.22500000000000003,2.64696306559957e-17,0.3739241709839843,0.225,0.0,0.23999999999999996,0.0,125.13865843406252,2.152205466626112e-16,True,True,False
1.2650000000000001,0.13325465678427725,0.0,0.1347989391796883,1.1423356835495087e-17,3.1057595513032233e-16,1.935236713998967e-18,-0.35843969531249714,0.22500000000000003,2.7014762506348718e-17,0.3732546567842772,0.225,0.0,0.23999999999999996,0.0,125.13865843406252,2.1854428584249148e-16,True,True,False
1.27,0.1325761815921874,0.0,0.13659113765625075,1.0525671342173072e-17,3.1057595513032233e-16,1.935236713998967e-18,-0.35843969531249714,0.22500000000000003,2.7551102004726876e-17,0.37257618159218736,0.225,0.0,0.23999999999999996,0.0,125.13865843406252,2.218680250223717e-16,True,True,False
1.2750000000000001,0.13188874540771475,0.0,0.1383833361328132,9.628579325227507e-18,3.1057595513032233e-16,1.935236713998967e-18,-0.35843969531249714,0.22500000000000003,2.8078649545429505e-17,0.3718887454077147,0.225,0.0,0.23999999999999996,0.0,125.13865843406252,2.2519176420225193e-16,True,True,False
1.28,0.13119234823085932,0.0,0.14017553460937565,8.732263695475408e-18,3.1057595513032233e-16,1.935236713998967e-18,-0.35843969531249714,0.22500000000000003,2.8597405536717945e-17,0.3711923482308593,0.225,0.0,0.23999999999999996,0.0,125.13865843406252,2.285155033821322e-16,True,True,False
1.285,0.1304869900616211,0.0,0.1419677330859381,7.836990843353147e-18,3.1057595513032233e-16,1.935236713998967e-18,-0.35843969531249714,0.22500000000000003,2.910737040148171e-17,0.37048699006162106,0.225,0.0,0.23999999999999996,0.0,125.13865843406252,2.3183924256201243e-16,True,True,False
1.29,0.12977267090000008,0.0,0.14375993156250055,6.943164157403203e-18,3.1057595513032233e-16,1.935236713998967e-18,-0.35843969531249714,0.22500000000000003,2.9608544577944796e-17,0.36977267090000004,0.225,0.0,0.23999999999999996,0.0,125.13865843406252,2.351629817418927e-16,True,True,False
1.295,0.1290493907459954,0.0,0.145552130039063,6.0514244902221165e-18,3.1057595513032233e-16,1.935236713998967e-18,-0.35843969531249714,0.22500000000000003,3.0100928520415084e-17,0.36904939074599535,0.225,0.0,0.23999999999999996,0.0,125.13865843406252,2.3848672092177293e-16,True,True,False
1.3,0.1283171495996088,0.0,0.14734432851562546,5.162853378843484e-18,2.8434021697554457e-16,3.8832597354038584e-18,-0.25419774779296367,0.22500000000000003,3.0584522700079995e-17,0.36831714959960876,0.225,0.0,0.23999999999999996,0.0,126.51882181922116,1.9380875521275526e-16,True,True,False
1.305,0.12757725048518295,0.0,0.14861531725459035,4.09283019390333e-18,2.8434021697554457e-16,3.8832597354038584e-18,-0.25419774779296367,0.22500000000000003,3.105842813622159e-17,0.3675772504851829,0.225,0.0,0.23999999999999996,0.0,126.51882181922116,1.9778206745612563e-16,True,True,False
1.31,0.12683099642706316,0.0,0.14988630599355524,3.0386626027932553e-18,2.8434021697554457e-16,3.8832597354038584e-18,-0.25419774779296367,0.22500000000000003,3.1521746037973514e-17,0.3668309964270631,0.225,0.0,0.23999999999999996,0.0,126.51882181922116,2.0175537969949595e-16,True,True,False
1.315,0.12607838742524766,0.0,0.15115729473252013,2.0252627641613066e-18,2.8434021697554457e-16,3.8832597354038584e-18,-0.25419774779296367,0.22500000000000003,3.19744771999886e-17,0.3660783874252476,0.225,0.0,0.23999999999999996,0.0,126.51882181922116,2.0572869194286633e-16,True,True,False
1.32,0.12531942347973732,0.0,0.15242828347148502,1.1644378673758103e-18,2.8434021697554457e-16,3.8832597354038584e-18,-0.25419774779296367,0.22500000000000003,3.241662245437465e-17,0.3653194234797373,0.225,0.0,0.23999999999999996,0.0,126.51882181922116,2.0970200418623665e-16,True,True,False
1.325,0.12455410459053304,0.0,0.1536992722104499,9.98072774328391e-19,2.8434021697554457e-16,3.8832597354038584e-18,-0.25419774779296367,0.22500000000000003,3.2848182673081685e-17,0.364554104590533,0.225,0.0,0.23999999999999996,0.0,126.51882181922116,2.1367531642960702e-16,True,True,False
1.33,0.12378243075763304,0.0,0.1549702609494148,1.7385023472888497e-18,2.8434021697554457e-16,3.8832597354038584e-18,-0.25419774779296367,0.22500000000000003,3.3269158770482015e-17,0.363782430757633,0.225,0.0,0.23999999999999996,0.0,126.51882181922116,2.1764862867297734e-16,True,True,False
1.335,0.1230044019810391,0.0,0.15624124968837969,2.726653442041825e-18,2.8434021697554457e-16,3.8832597354038584e-18,-0.25419774779296367,0.22500000000000003,3.3679551706162276e-17,0.36300440198103906,0.225,0.0,0.23999999999999996,0.0,126.51882181922116,2.2162194091634772e-16,True,True,False
1.34,0.12222001826074944,0.0,0.15751223842734458,3.7726509257105434e-18,2.8434021697554457e-16,3.8832597354038584e-18,-0.25419774779296367,0.22500000000000003,3.4079362487948475e-17,0.3622200182607494,0.225,0.0,0.23999999999999996,0.0,126.51882181922116,2.2559525315971804e-16,True,True,False
1.345,0.12142927959676494,0.0,0.15878322716630947,4.8391278609194846e-18,2.8434021697554457e-16,3.8832597354038584e-18,-0.25419774779296367,0.22500000000000003,3.446859217518787e-17,0.3614292795967649,0.225,0.0,0.23999999999999996,0.0,126.51882181922116,2.295685654030884e-16,True,True,False
1.35,0.12063218598908651,0.0,0.16005421590527436,5.91501727251799e-18,2.517550946774592e-16,6.5058631615904155e-18,-0.1636033602660587,0.22500000000000003,3.484724188231418e-17,0.3606321859890865,0.225,0.0,0.23999999999999996,0.0,127.71829151007738,1.7698177752496054e-16,True,True,False
1.355,0.11982986986755736,0.0,0.1608722327066046,6.989486021864645e-18,2.517550946774592e-16,6.5058631615904155e-18,-0.1636033602660587,0.22500000000000003,3.521471620934632e-17,0.35982986986755733,0.225,0.0,0.23999999999999996,0.0,127.71829151007738,1.8133236611826807e-16,True,True,False
1.36,0.11902346366202074,0.0,0.16169024950793487,8.066756796116762e-18,2.517550946774592e-16,6.5058631615904155e-18,-0.1636033602660587,0.22500000000000003,3.5570420076532114e-17,0.3590234636620207,0.225,0.0,0.23999999999999996,0.0,127.71829151007738,1.8568295471157554e-16,True,True,False
1.365,0.11821296737247841,0.0,0.16250826630926513,9.145839513557532e-18,2.517550946774592e-16,6.5058631615904155e-18,-0.1636033602660587,0.22500000000000003,3.5914355194508595e-17,0.3582129673724784,0.225,0.0,0.23999999999999996,0.0,127.71829151007738,1.9003354330488302e-16,True,True,False
1.37,0.1173983809989286,0.0,0.16332628311059538,1.0236722387119549e-17,2.517550946774592e-16,6.5058631615904155e-18,-0.1636033602660587,0.22500000000000003,3.624660759172776e-17,0.35739838099892857,0.225,0.0,0.23999999999999996,0.0,127.71829151007738,1.9416199214583357e-16,True,True,False
1.375,0.1165797045413722,0.0,0.16414429991192564,1.1342320244429009e-17,2.517550946774592e-16,6.5058631615904155e-18,-0.1636033602660587,0.22500000000000003,3.6567852859492426e-17,0.35657970454137217,0.225,0.0,0.23999999999999996,0.0,127.71829151007738,1.979999505413942e-16,True,True,False
1.3800000000000001,0.11575693799980921,0.0,0.1649623167132559,1.2448588984819689e-17,2.517550946774592e-16,6.5058631615904155e-18,-0.1636033602660587,0.22500000000000003,3.6878237297262036e-17,0.3557569379998092,0.225,0.0,0.23999999999999996,0.0,127.71829151007738,2.018379089369548e-16,True,True,False
1.385,0.11493008137423963,0.0,0.16578033351458615,1.3555364354687207e-17,2.517550946774592e-16,6.5058631615904155e-18,-0.1636033602660587,0.22500000000000003,3.717776294534112e-17,0.3549300813742396,0.225,0.0,0.23999999999999996,0.0,127.71829151007738,2.0567586733251544e-16,True,True,False
1.3900000000000001,0.11409913466466345,0.0,0.1665983503159164,1.4639588203854788e-17,2.517550946774592e-16,6.5058631615904155e-18,-0.1636033602660587,0.22500000000000003,3.7466471724701193e-17,0.3540991346646634,0.225,0.0,0.23999999999999996,0.0,127.71829151007738,2.0932487626420167e-16,True,True,False
1.395,0.11326409787108069,0.0,0.16741636711724667,1.5648682929391004e-17,2.517550946774592e-16,6.5058631615904155e-18,-0.1636033602660587,0.22500000000000003,3.774537976309268e-17,0.35326409787108065,0.225,0.0,0.23999999999999996,0.0,127.71829151007738,2.1235305124315792e-16,True,True,False
1.4000000000000001,0.11242497099349044,0.0,0.16823438391857692,1.6657955151854076e-17,2.1044625896303867e-16,9.884751471407123e-18,-0.08572948224592336,0.22500000000000003,3.801492657222901e-17,0.3524249709934904,0.225,0.0,0.23999999999999996,0.0,128.74934165506397,1.556562848671932e-16,True,True,False
1.405,0.11158272745536965,0.0,0.1686630313298065,1.7702780164316212e-17,2.1044625896303867e-16,9.884751471407123e-18,-0.08572948224592336,0.22500000000000003,3.82732040497977e-17,0.3515827274553696,0.225,0.0,0.23999999999999996,0.0,128.74934165506397,1.5685123518197934e-16,True,True,False
1.41,0.11073834068019259,0.0,0.1690916787410361,1.8747733300319626e-17,2.1044625896303867e-16,9.884751471407123e-18,-0.08572948224592336,0.22500000000000003,3.8518305162540215e-17,0.35073834068019255,0.225,0.0,0.23999999999999996,0.0,128.74934165506397,1.5800961126135706e-16,True,True,False
1.415,0.10989181066795925,0.0,0.16952032615226567,1.9792794267172072e-17,2.1044625896303867e-16,9.884751471407123e-18,-0.08572948224592336,0.22500000000000003,3.8750233926683176e-17,0.3498918106679592,0.225,0.0,0.23999999999999996,0.0,128.74934165506397,1.6108829655424837e-16,True,True,False
1.42,0.10904313741866964,0.0,0.16994897356349525,2.0837946841139748e-17,2.1044625896303867e-16,9.884751471407123e-18,-0.08572948224592336,0.22500000000000003,3.896899469914319e-17,0.3490431374186696,0.225,0.0,0.23999999999999996,0.0,128.74934165506397,1.6596585456271265e-16,True,True,False
1.425,0.10819232093232375,0.0,0.17037762097472484,2.1883177896608444e-17,2.1044625896303867e-16,9.884751471407123e-18,-0.08572948224592336,0.22500000000000003,3.9174592217004645e-17,0.3481923209323237,0.225,0.0,0.23999999999999996,0.0,128.74934165506397,1.7084341257117696e-16,True,True,False
1.43,0.10733936120892248,0.0,0.17080626838595442,2.2928476700468768e-17,2.1044625896303867e-16,9.884751471407123e-18,-0.08572948224592336,0.22500000000000003,3.936703164285808e-17,0.34733936120892245,0.225,0.0,0.23999999999999996,0.0,128.74934165506397,1.7572097057964123e-16,True,True,False
1.435,0.10648425824846494,0.0,0.171234915797184,2.3973834390896793e-17,2.1044625896303867e-16,9.884751471407123e-18,-0.08572948224592336,0.22500000000000003,3.9546318617069246e-17,0.3464842582484649,0.225,0.0,0.23999999999999996,0.0,128.74934165506397,1.8059852858810554e-16,True,True,False
1.44,0.10562701205095024,0.0,0.17166356320841358,2.5019243586672092e-17,2.1044625896303867e-16,9.884751471407123e-18,-0.08572948224592336,0.22500000000000003,3.971245931828353e-17,0.3456270120509502,0.225,0.0,0.23999999999999996,0.0,128.74934165506397,1.8547608659656982e-16,True,True,False
1.445,0.10476762261638015,0.0,0.17209221061964317,2.606469809042874e-17,2.1044625896303867e-16,9.884751471407123e-18,-0.08572948224592336,0.22500000000000003,3.9865460533763255e-17,0.3447676226163801,0.225,0.0,0.23999999999999996,0.0,128.74934165506397,1.903536446050341e-16,True,True,False
1.45,0.10390608994475378,0.0,0.17252085803087275,2.7110192660511424e-17,1.6836043148221322e-16,1.3686620565385666e-17,-0.019613536560468048,0.22500000000000003,4.000532974152803e-17,0.34390608994475375,0.225,0.0,0.23999999999999996,0.0,129.6247167759394,1.6996482553746116e-16,True,True,False
1.455,0.10304324048539168,0.0,0.17261892571367507,2.809617064782397e-17,1.6836043148221322e-16,1.3686620565385666e-17,-0.019613536560468048,0.22500000000000003,4.0132795530980236e-17,0.34304324048539164,0.225,0.0,0.23999999999999996,0.0,129.6247167759394,1.7077903022142814e-16,True,True,False
1.46,0.10217990068761615,0.0,0.1727169933964774,2.908216573549423e-17,1.6836043148221322e-16,1.3686620565385666e-17,-0.019613536560468048,0.22500000000000003,4.024858644775976e-17,0.3421799006876161,0.225,0.0,0.23999999999999996,0.0,129.6247167759394,1.7156338727422979e-16,True,True,False
1.465,0.10131607055142719,0.0,0.1728150610792797,3.006817624125839e-17,1.6836043148221322e-16,1.3686620565385666e-17,-0.019613536560468048,0.22500000000000003,4.0352711032115266e-17,0.34131607055142715,0.225,0.0,0.23999999999999996,0.0,129.6247167759394,1.7231792858724154e-16,True,True,False
1.47,0.1004517500768248,0.0,0.17291312876208204,3.1054200696483977e-17,1.6836043148221322e-16,1.3686620565385666e-17,-0.019613536560468048,0.22500000000000003,4.044517862706902e-17,0.34045175007682477,0.225,0.0,0.23999999999999996,0.0,129.6247167759394,1.7304268904959165e-16,True,True,False
1.475,0.09958693926380721,0.0,0.17301119644488436,3.204023781330514e-17,1.6836043148221322e-16,1.3686620565385666e-17,-0.019613536560468048,0.22500000000000003,4.052599948115879e-17,0.3395869392638072,0.225,0.0,0.23999999999999996,0.0,129.6247167759394,1.7373770693182452e-16,True,True,False
1.48,0.09872163811237619,0.0,0.17310926412768668,3.305828744558402e-17,1.6836043148221322e-16,1.3686620565385666e-17,-0.019613536560468048,0.22500000000000003,4.0595318092533734e-17,0.33872163811237616,0.225,0.0,0.23999999999999996,0.0,129.6247167759394,1.744017047411885e-16,True,True,False
1.485,0.09785584662252997,0.0,0.173207331810489,3.4131626099193463e-17,1.6836043148221322e-16,1.3686620565385666e-17,-0.019613536560468048,0.22500000000000003,4.065461115430476e-17,0.33785584662252993,0.225,0.0,0.23999999999999996,0.0,129.6247167759394,1.7503919676933886e-16,True,True,False
1.49,0.09698956479427032,0.0,0.17330539949329132,3.520497984799198e-17,1.6836043148221322e-16,1.3686620565385666e-17,-0.019613536560468048,0.22500000000000003,4.070428819493467e-17,0.3369895647942703,0.225,0.0,0.23999999999999996,0.0,129.6247167759394,1.7565499883068313e-16,True,True,False
1.495,0.09612279262759546,0.0,0.17340346717609365,3.6125414732010504e-17,1.6836043148221322e-16,1.3686620565385666e-17,-0.019613536560468048,0.22500000000000003,4.0744602602787e-17,0.3361227926275954,0.225,0.0,0.23999999999999996,0.0,129.6247167759394,1.762486378729931e-16,True,True,False
1.5,0.09525553012250895,0.0,0.17350153485889597,3.692890422435952e-17,1.1806796757543205e-16,1.8038241499964314e-17,0.035722191271082226,0.22500000000000003,4.077669826480432e-17,0.3352555301225089,0.225,0.0,0.23999999999999996,0.0,130.35736181242913,1.8138023882976972e-16,True,True,False
1.5050000000000001,0.09438846897560502,0.0,0.17332292390254062,3.7759526822649374e-17,1.1806796757543205e-16,1.8038241499964314e-17,0.035722191271082226,0.22500000000000003,4.079846076744798e-17,0.334388468975605,0.225,0.0,0.23999999999999996,0.0,130.35736181242913,1.819247501881615e-16,True,True,False
1.51,0.0935223008834832,0.0,0.17314431294618526,3.859014970926464e-17,1.1806796757543205e-16,1.8038241499964314e-17,0.035722191271082226,0.22500000000000003,4.080764364368428e-17,0.33352230088348317,0.225,0.0,0.23999999999999996,0.0,130.35736181242913,1.8243687964453504e-16,True,True,False
1.5150000000000001,0.09265702584614352,0.0,0.1729657019898299,3.942077286597966e-17,1.1806796757543205e-16,1.8038241499964314e-17,0.035722191271082226,0.22500000000000003,4.0804272384395916e-17,0.3326570258461435,0.225,0.0,0.23999999999999996,0.0,130.35736181242913,1.8291672238807528e-16,True,True,False
1.52,0.09179264386358507,0.0,0.17278709103347456,4.025139627607322e-17,1.1806796757543205e-16,1.8038241499964314e-17,0.035722191271082226,0.22500000000000003,4.078837606095703e-17,0.33179264386358504,0.225,0.0,0.23999999999999996,0.0,130.35736181242913,1.833643869783974e-16,True,True,False
1.5250000000000001,0.09092915493580875,0.0,0.1726084800771192,4.1082019924176366e-17,1.1806796757543205e-16,1.8038241499964314e-17,0.035722191271082226,0.22500000000000003,4.07599880129077e-17,0.3309291549358087,0.225,0.0,0.23999999999999996,0.0,130.35736181242913,1.83779997913491e-16,True,True,False
1.53,0.09006655906281366,0.0,0.17242986912076386,4.191264379613852e-17,1.1806796757543205e-16,1.8038241499964314e-17,0.035722191271082226,0.22500000000000003,4.0719146704474957e-17,0.3300665590628136,0.225,0.0,0.23999999999999996,0.0,130.35736181242913,1.841636988281792e-16,True,True,False
1.5350000000000001,0.08920485624460159,0.0,0.1722512581644085,4.2743267878908994e-17,1.1806796757543205e-16,1.8038241499964314e-17,0.035722191271082226,0.22500000000000003,4.0665896800583746e-17,0.32920485624460155,0.225,0.0,0.23999999999999996,0.0,130.35736181242913,1.8451565651220625e-16,True,True,False
1.54,0.08834404648116986,0.0,0.17207264720805315,4.3573892160432266e-17,1.1806796757543205e-16,1.8038241499964314e-17,0.035722191271082226,0.22500000000000003,4.0600290530898305e-17,0.3283440464811698,0.225,0.0,0.23999999999999996,0.0,130.35736181242913,1.848360660039016e-16,True,True,False
1.545,0.08748412977252026,0.0,0.1718940362516978,4.4404516629554796e-17,1.1806796757543205e-16,1.8038241499964314e-17,0.035722191271082226,0.22500000000000003,4.05223894355269e-17,0.3274841297725202,0.225,0.0,0.23999999999999996,0.0,130.35736181242913,1.8512515710906772e-16,True,True,False
1.55,0.08662510611865279,0.0,0.17171542529534245,4.523514127594228e-17,7.027031079830968e-17,2.2701795892152628e-17,0.08125335182178195,0.22500000000000003,4.043226662146321e-17,0.32662510611865275,0.225,0.0,0.23999999999999996,0.0,130.9601943781204,1.9024208335044948e-16,True,True,False
1.555,0.08576754465907363,0.0,0.1713091585362336,4.602910280559746e-17,7.027031079830968e-17,2.2701795892152628e-17,0.08125335182178195,0.22500000000000003,4.033108072933041e-17,0.3257675446590736,0.225,0.0,0.23999999999999996,0.0,130.9601943781204,1.9046187269731768e-16,True,True,False
1.56,0.08491201453329075,0.0,0.17090289177712475,4.68230644323641e-17,7.027031079830968e-17,2.2701795892152628e-17,0.08125335182178195,0.22500000000000003,4.0219978855410036e-17,0.3249120145332907,0.225,0.0,0.23999999999999996,0.0,130.9601943781204,1.9065983259716169e-16,True,True,False
1.565,0.08405851574130238,0.0,0.1704966250180159,4.7617026151384514e-17,7.027031079830968e-17,2.2701795892152628e-17,0.08125335182178195,0.22500000000000003,4.009903489887843e-17,0.32405851574130234,0.225,0.0,0.23999999999999996,0.0,130.9601943781204,1.908362390075644e-16,True,True,False
1.57,0.08320704828311029,0.0,0.17009035825890706,4.84109879581197e-17,7.027031079830968e-17,2.2701795892152628e-17,0.08125335182178195,0.22500000000000003,3.996833443919039e-17,0.32320704828311025,0.225,0.0,0.23999999999999996,0.0,130.9601943781204,1.909914115031227e-16,True,True,False
1.575,0.0823576121587136,0.0,0.1696840914997982,4.9204949848323593e-17,7.027031079830968e-17,2.2701795892152628e-17,0.08125335182178195,0.22500000000000003,3.982797709758347e-17,0.32235761215871356,0.225,0.0,0.23999999999999996,0.0,130.9601943781204,1.9112572209388156e-16,True,True,False
1.58,0.08151020736811318,0.0,0.16927782474068936,4.9998911818019866e-17,7.027031079830968e-17,2.2701795892152628e-17,0.08125335182178195,0.22500000000000003,3.967807944617459e-17,0.32151020736811314,0.225,0.0,0.23999999999999996,0.0,130.9601943781204,1.9123960608861175e-16,True,True,False
1.585,0.08066483391130727,0.0,0.16887155798158052,5.079287386348079e-17,7.027031079830968e-17,2.2701795892152628e-17,0.08125335182178195,0.22500000000000003,3.951877858930824e-17,0.32066483391130723,0.225,0.0,0.23999999999999996,0.0,130.9601943781204,1.9133357546843918e-16,True,True,False
1.59,0.07982149178829764,0.0,0.16846529122247167,5.1586835981208127e-17,7.027031079830968e-17,2.2701795892152628e-17,0.08125335182178195,0.22500000000000003,3.9350236556783244e-17,0.3198214917882976,0.225,0.0,0.23999999999999996,0.0,130.9601943781204,1.9140823529222705e-16,True,True,False
1.595,0.07898018099908341,0.0,0.16805902446336282,5.238079816791575e-17,7.027031079830968e-17,2.2701795892152628e-17,0.08125335182178195,0.22500000000000003,3.917264565056208e-17,0.3189801809990834,0.225,0.0,0.23999999999999996,0.0,130.9601943781204,1.914643036624953e-16,True,True,False
1.6,0.07814090154366457,0.0,0.16765275770425397,5.312386496835441e-17,1.9473508949843177e-17,2.7675094329736683e-17,0.11793924270290151,0.22500000000000003,3.898633550683853e-17,0.31814090154366453,0.225,0.0,0.23999999999999996,0.0,131.4459155733864,1.9667011906027707e-16,True,True,False
1.605,0.07730411199567708,0.0,0.1670630614907395,5.370931626283829e-17,1.9473508949843177e-17,2.7675094329736683e-17,0.11793924270290151,0.22500000000000003,3.8792289537927533e-17,0.31730411199567704,0.225,0.0,0.23999999999999996,0.0,131.4459155733864,1.966868124114432e-16,True,True,False
1.61,0.07647027092875777,0.0,0.166473365277225,5.429477301090847e-17,1.9473508949843177e-17,2.7675094329736683e-17,0.11793924270290151,0.22500000000000003,3.8590068381808487e-17,0.31647027092875774,0.225,0.0,0.23999999999999996,0.0,131.4459155733864,1.9668854968696625e-16,True,True,False
1.615,0.07563937834290577,0.0,0.16588366906371052,5.4859157145383946e-17,1.9473508949843177e-17,2.7675094329736683e-17,0.11793924270290151,0.22500000000000003,3.838005053644098e-17,0.31563937834290573,0.225,0.0,0.23999999999999996,0.0,131.4459155733864,1.9667674029946232e-16,True,True,False
1.62,0.07481143423812106,0.0,0.16529397285019604,5.5354293116511215e-17,1.9473508949843177e-17,2.7675094329736683e-17,0.11793924270290151,0.22500000000000003,3.816337825109161e-17,0.314811434238121,0.225,0.0,0.23999999999999996,0.0,131.4459155733864,1.966556812982895e-16,True,True,False
1.625,0.07398643861440365,0.0,0.16470427663668155,5.58494382817513e-17,1.9473508949843177e-17,2.7675094329736683e-17,0.11793924270290151,0.22500000000000003,3.794065065682252e-17,0.3139864386144036,0.225,0.0,0.23999999999999996,0.0,131.4459155733864,1.966276481666584e-16,True,True,False
1.6300000000000001,0.07316439147175355,0.0,0.16411458042316707,5.634459239871607e-17,1.9473508949843177e-17,2.7675094329736683e-17,0.11793924270290151,0.22500000000000003,3.77121294107194e-17,0.3131643914717535,0.225,0.0,0.23999999999999996,0.0,131.4459155733864,1.9659361799606692e-16,True,True,False
1.635,0.07234529281017163,0.0,0.16352488420965258,5.683975523345922e-17,1.9473508949843177e-17,2.7675094329736683e-17,0.11793924270290151,0.22500000000000003,3.747809717948421e-17,0.3123452928101716,0.225,0.0,0.23999999999999996,0.0,131.4459155733864,1.9655464633305412e-16,True,True,False
1.6400000000000001,0.07152914262965701,0.0,0.1629351879961381,5.733492656011213e-17,1.9473508949843177e-17,2.7675094329736683e-17,0.11793924270290151,0.22500000000000003,3.723885565181838e-17,0.311529142629657,0.225,0.0,0.23999999999999996,0.0,131.4459155733864,1.965118597569534e-16,True,True,False
1.645,0.07071594093020969,0.0,0.1623454917826236,5.783010616053845e-17,1.9473508949843177e-17,2.7675094329736683e-17,0.11793924270290151,0.22500000000000003,3.6994722376382327e-17,0.31071594093020966,0.225,0.0,0.23999999999999996,0.0,131.4459155733864,1.964664440720607e-16,True,True,False
1.6500000000000001,0.06990568771183056,0.0,0.16175579556910913,5.823305534783411e-17,-3.139225233474719e-17,3.286542332006285e-17,0.14671115822089859,0.22500000000000003,3.674609608757336e-17,0.3099056877118305,0.225,0.0,0.23999999999999996,0.0,131.82685573484468,2.0180551223683614e-16,True,True,False
1.655,0.06909874262346313,0.0,0.16102223977800462,5.853796783885427e-17,-3.139225233474719e-17,3.286542332006285e-17,0.14671115822089859,0.22500000000000003,3.6493335203127436e-17,0.3090987426234631,0.225,0.0,0.23999999999999996,0.0,131.82685573484468,2.0175246450782155e-16,True,True,False
1.6600000000000001,0.06829546531405092,0.0,0.1602886839869001,5.884290228737765e-17,-3.139225233474719e-17,3.286542332006285e-17,0.14671115822089859,0.22500000000000003,3.623648874898768e-17,0.3082954653140509,0.225,0.0,0.23999999999999996,0.0,131.82685573484468,2.016999725757001e-16,True,True,False
1.665,0.06749585578359393,0.0,0.1595551281957956,5.914785835380113e-17,-3.139225233474719e-17,3.286542332006285e-17,0.14671115822089859,0.22500000000000003,3.597604474353712e-17,0.3074958557835939,0.225,0.0,0.23999999999999996,0.0,131.82685573484468,2.0164985882036884e-16,True,True,False
1.67,0.06669991403209305,0.0,0.15882157240469108,5.948255551822022e-17,-3.139225233474719e-17,3.286542332006285e-17,0.14671115822089859,0.22500000000000003,3.5712427479737133e-17,0.306699914032093,0.225,0.0,0.23999999999999996,0.0,131.82685573484468,2.0160384177369235e-16,True,True,False
1.675,0.06590764005954738,0.0,0.15808801661358657,5.983999720271193e-17,-3.139225233474719e-17,3.286542332006285e-17,0.14671115822089859,0.22500000000000003,3.544573518758414e-17,0.30590764005954735,0.225,0.0,0.23999999999999996,0.0,131.82685573484468,2.0156231244200644e-16,True,True,False
1.68,0.06511903386595783,0.0,0.15735446082248206,6.0197455263513e-17,-3.139225233474719e-17,3.286542332006285e-17,0.14671115822089859,0.22500000000000003,3.517607844113918e-17,0.3051190338659578,0.225,0.0,0.23999999999999996,0.0,131.82685573484468,2.015255965057599e-16,True,True,False
1.685,0.06433409545132349,0.0,0.15662090503137754,6.055492941061349e-17,-3.139225233474719e-17,3.286542332006285e-17,0.14671115822089859,0.22500000000000003,3.490357874216061e-17,0.30433409545132345,0.225,0.0,0.23999999999999996,0.0,131.82685573484468,2.0149414768220928e-16,True,True,False
1.69,0.06355282481564437,0.0,0.15588734924027303,6.08023052654037e-17,-3.139225233474719e-17,3.286542332006285e-17,0.14671115822089859,0.22500000000000003,3.462825387401988e-17,0.30355282481564433,0.225,0.0,0.23999999999999996,0.0,131.82685573484468,2.0146815667341223e-16,True,True,False
1.695,0.06277522195892046,0.0,0.15515379344916852,6.098595918590012e-17,-3.139225233474719e-17,3.286542332006285e-17,0.14671115822089859,0.22500000000000003,3.43498196358784e-17,0.3027752219589204,0.225,0.0,0.23999999999999996,0.0,131.82685573484468,2.0144656578966961e-16,True,True,False
1.7,0.06200128688115178,0.0,0.154420237658064,6.116964403244972e-17,-7.939974111306027e-17,3.81866719248031e-17,0.1684631105163134,0.22500000000000003,3.40682618474335e-17,0.30200128688115174,0.225,0.0,0.23999999999999996,0.0,132.11485158323597,2.0694951741818487e-16,True,True,False
1.705,0.06123129148174353,0.0,0.15357792210548252,6.135699482121863e-17,-7.939974111306027e-17,3.81866719248031e-17,0.1684631105163134,0.22500000000000003,3.378415321913868e-17,0.3012312914817435,0.225,0.0,0.23999999999999996,0.0,132.11485158323597,2.069314187196908e-16,True,True,False
1.71,0.06046550766009737,0.0,0.15273560655290103,6.154437778327602e-17,-7.939974111306027e-17,3.81866719248031e-17,0.1684631105163134,0.22500000000000003,3.349821868526074e-17,0.30046550766009733,0.225,0.0,0.23999999999999996,0.0,132.11485158323597,2.0692253832492524e-16,True,True,False
1.715,0.05970393541621419,0.0,0.15189329100031954,6.173179262564194e-17,-7.939974111306027e-17,3.81866719248031e-17,0.1684631105163134,0.22500000000000003,3.3210682186130915e-17,0.29970393541621415,0.225,0.0,0.23999999999999996,0.0,132.11485158323597,2.0692371248180834e-16,True,True,False
1.72,0.05894657475009399,0.0,0.15105097544773805,6.191923905883401e-17,-7.939974111306027e-17,3.81866719248031e-17,0.1684631105163134,0.22500000000000003,3.292174426189276e-17,0.29894657475009395,0.225,0.0,0.23999999999999996,0.0,132.11485158323597,2.0693569005624122e-16,True,True,False
1.725,0.05819342566173677,0.0,0.15020865989515655,6.210671679681613e-17,-7.939974111306027e-17,3.81866719248031e-17,0.1684631105163134,0.22500000000000003,3.263158379435078e-17,0.29819342566173673,0.225,0.0,0.23999999999999996,0.0,132.11485158323597,2.069591390365944e-16,True,True,False
1.73,0.05744448815114253,0.0,0.14936634434257506,6.229422555694804e-17,-7.939974111306027e-17,3.81866719248031e-17,0.1684631105163134,0.22500000000000003,3.2340359941947475e-17,0.2974444881511425,0.225,0.0,0.23999999999999996,0.0,132.11485158323597,2.069946537593849e-16,True,True,False
1.735,0.05669976221831127,0.0,0.14852402878999357,6.248176505993594e-17,-7.939974111306027e-17,3.81866719248031e-17,0.1684631105163134,0.22500000000000003,3.204821411919158e-17,0.29669976221831124,0.225,0.0,0.23999999999999996,0.0,132.11485158323597,2.0704276230094523e-16,True,True,False
1.74,0.055959247863242106,0.0,0.14768171323741208,6.266933502978354e-17,-7.939974111306027e-17,3.81866719248031e-17,0.1684631105163134,0.22500000000000003,3.175527191985392e-17,0.29595924786324207,0.225,0.0,0.23999999999999996,0.0,132.11485158323597,2.0710393365910632e-16,True,True,False
1.745,0.05522294508593681,0.0,0.1468393976848306,6.285693519374444e-17,-7.939974111306027e-17,3.81866719248031e-17,0.1684631105163134,0.22500000000000003,3.1461644921971836e-17,0.29522294508593677,0.225,0.0,0.23999999999999996,0.0,132.11485158323597,2.0717858449352554e-16,True,True,False
1.75,0.05449085388639449,0.0,0.1459970821322491,6.3044565282275e-17,-1.2008549431898646e-16,4.359399185957597e-17,0.18404466414450488,0.22500000000000003,3.116743234153698e-17,0.29449085388639445,0.225,0.0,0.23999999999999996,0.0,132.32115135327322,2.1288188221351994e-16,True,True,False
1.7550000000000001,0.0537631690340353,0.0,0.14507685881152654,6.31027889467334e-17,-1.2008549431898646e-16,4.359399185957597e-17,0.18404466414450488,0.22500000000000003,3.0871632385418045e-17,0.29376316903403527,0.225,0.0,0.23999999999999996,0.0,132.32115135327322,2.1297270572728782e-16,True,True,False
1.76,0.05304008529827939,0.0,0.14415663549080399,6.316106156257958e-17,-1.2008549431898646e-16,4.359399185957597e-17,0.18404466414450488,0.22500000000000003,3.057318479314513e-17,0.29304008529827935,0.225,0.0,0.23999999999999996,0.0,132.32115135327322,2.1306995908006787e-16,True,True,False
1.7650000000000001,0.05232160267912675,0.0,0.14323641217008143,6.321938299445038e-17,-1.2008549431898646e-16,4.359399185957597e-17,0.18404466414450488,0.22500000000000003,3.027209298387225e-17,0.2923216026791267,0.225,0.0,0.23999999999999996,0.0,132.32115135327322,2.1317365503981672e-16,True,True,False
1.77,0.051607721176578275,0.0,0.14231618884935887,6.327775310736845e-17,-1.2008549431898646e-16,4.359399185957597e-17,0.18404466414450488,0.22500000000000003,2.9968360209262213e-17,0.29160772117657824,0.225,0.0,0.23999999999999996,0.0,132.32115135327322,2.132838057490378e-16,True,True,False
1.7750000000000001,0.050898440790633964,0.0,0.1413959655286363,6.333617176674162e-17,-1.2008549431898646e-16,4.359399185957597e-17,0.18404466414450488,0.22500000000000003,2.966198956396445e-17,0.2908984407906339,0.225,0.0,0.23999999999999996,0.0,132.32115135327322,2.134004227639084e-16,True,True,False
1.78,0.05019376152129204,0.0,0.14047574220791376,6.339463883836207e-17,-1.2008549431898646e-16,4.359399185957597e-17,0.18404466414450488,0.22500000000000003,2.935298399530883e-17,0.290193761521292,0.225,0.0,0.23999999999999996,0.0,132.32115135327322,2.1352351709047847e-16,True,True,False
1.7850000000000001,0.04949368336855428,0.0,0.1395555188871912,6.34531541884056e-17,-1.2008549431898646e-16,4.359399185957597e-17,0.18404466414450488,0.22500000000000003,2.904134631228257e-17,0.28949368336855424,0.225,0.0,0.23999999999999996,0.0,132.32115135327322,2.136530992181927e-16,True,True,False
1.79,0.048798206332420685,0.0,0.13863529556646864,6.351171768343089e-17,-1.2008549431898646e-16,4.359399185957597e-17,0.18404466414450488,0.22500000000000003,2.8727079193851093e-17,0.28879820633242065,0.225,0.0,0.23999999999999996,0.0,132.32115135327322,2.1378917915096256e-16,True,True,False
1.795,0.048107330412889476,0.0,0.13771507224574608,6.357032919037878e-17,-1.2008549431898646e-16,4.359399185957597e-17,0.18404466414450488,0.22500000000000003,2.841018519667805e-17,0.28810733041288944,0.225,0.0,0.23999999999999996,0.0,132.32115135327322,2.139317664359949e-16,True,True,False
1.8,0.04742105560996243,0.0,0.13679484892502353,6.362898857657149e-17,-1.5902064977145511e-16,4.9117492619803916e-17,0.19425563757780778,0.22500000000000003,2.809066676229436e-17,0.2874210556099624,0.225,0.0,0.23999999999999996,0.0,132.45634464153017,2.1982762205068997e-16,True,True,False
1.805,0.04673950956080705,0.0,0.13582357073713452,6.386637795398245e-17,-1.5902064977145511e-16,4.9117492619803916e-17,0.19425563757780778,0.22500000000000003,2.7768736291182717e-17,0.286739509560807,0.225,0.0,0.23999999999999996,0.0,132.45634464153017,2.1997493191753168e-16,True,True,False
1.81,0.04606281990259084,0.0,0.13485229254924552,6.41037931281449e-17,-1.5902064977145511e-16,4.9117492619803916e-17,0.19425563757780778,0.22500000000000003,2.744460982938309e-17,0.2860628199025908,0.225,0.0,0.23999999999999996,0.0,132.45634464153017,2.2013071186961663e-16,True,True,False
1.815,0.045390986635314684,0.0,0.13388101436135652,6.434123381349358e-17,-1.5902064977145511e-16,4.9117492619803916e-17,0.19425563757780778,0.22500000000000003,2.7118294850721952e-17,0.28539098663531465,0.225,0.0,0.23999999999999996,0.0,132.45634464153017,2.202949898160391e-16,True,True,False
1.82,0.04472400975897681,0.0,0.13290973617346752,6.457869972863263e-17,-1.5902064977145511e-16,4.9117492619803916e-17,0.19425563757780778,0.22500000000000003,2.6789798420565248e-17,0.28472400975897677,0.225,0.0,0.23999999999999996,0.0,132.45634464153017,2.204677921406022e-16,True,True,False
1.825,0.044061889273578986,0.0,0.13193845798557852,6.45045368195161e-17,-1.5902064977145511e-16,4.9117492619803916e-17,0.19425563757780778,0.22500000000000003,2.6458932729188598e-17,0.28406188927357895,0.225,0.0,0.23999999999999996,0.0,132.45634464153017,2.20648116481757e-16,True,True,False
1.83,0.04340462517912033,0.0,0.13096717979768951,6.38922265586693e-17,-1.5902064977145511e-16,4.9117492619803916e-17,0.19425563757780778,0.22500000000000003,2.612356996076786e-17,0.2834046251791203,0.225,0.0,0.23999999999999996,0.0,132.45634464153017,2.208279274813599e-16,True,True,False
1.835,0.042752217475601734,0.0,0.1299959016098005,6.328014961296985e-17,-1.5902064977145511e-16,4.9117492619803916e-17,0.19425563757780778,0.225,2.5783148545455757e-17,0.2827522174756017,0.225,0.0,0.23999999999999996,0.0,132.45634464153017,2.2100570759694953e-16,True,True,False
1.84,0.042104666163021415,0.0,0.1290246234219115,6.278720493999424e-17,-1.5902064977145511e-16,4.9117492619803916e-17,0.19425563757780778,0.225,2.543769528020191e-17,0.2821046661630214,0.225,0.0,0.23999999999999996,0.0,132.45634464153017,2.2118139262405022e-16,True,True,False
1.845,0.04146197124138115,0.0,0.1280533452340225,6.268505207478689e-17,-1.5902064977145511e-16,4.9117492619803916e-17,0.19425563757780778,0.225,2.5087322808416815e-17,0.2814619712413811,0.225,0.0,0.23999999999999996,0.0,132.45634464153017,2.2135510736583952e-16,True,True,False
1.85,0.04082413271068183,0.0,0.1270820670461335,6.258298485685558e-17,-1.9192871257357457e-16,5.482818739837564e-17,0.1998424383973763,0.225,2.4732089947210608e-17,0.2808241327106818,0.225,0.0,0.23999999999999996,0.0,132.53031388438126,2.5356790546762765e-16,True,True,False
1.855,0.040191220405931455,0.0,0.1260828548541466,6.227567150168442e-17,-1.9192871257357457e-16,5.482818739837564e-17,0.1998424383973763,0.225,2.4372801297918662e-17,0.2801912204059314,0.225,0.0,0.23999999999999996,0.0,132.53031388438126,2.5310030364645235e-16,True,True,False
1.86,0.03956330416214068,0.0,0.1250836426621597,6.196850890701764e-17,-1.9192871257357457e-16,5.482818739837564e-17,0.1998424383973763,0.225,2.401024832915945e-17,0.27956330416214065,0.225,0.0,0.23999999999999996,0.0,132.53031388438126,2.52632701825277e-16,True,True,False
1.865,0.03894038397930952,0.0,0.12408443047017283,6.166149932586513e-17,-1.9192871257357457e-16,5.482818739837564e-17,0.1998424383973763,0.225,2.3644431063158822e-17,0.2789403839793095,0.225,0.0,0.23999999999999996,0.0,132.53031388438126,2.5216510000410164e-16,True,True,False
1.87,0.038322459857438845,0.0,0.12308521827818593,6.135464505519798e-17,-1.9192871257357457e-16,5.482818739837564e-17,0.1998424383973763,0.225,2.327534952147115e-17,0.2783224598574388,0.225,0.0,0.23999999999999996,0.0,132.53031388438126,2.5169749818292634e-16,True,True,False
1.875,0.03770953179652778,0.0,0.12208600608619903,6.104794843699594e-17,-1.9192871257357457e-16,5.482818739837564e-17,0.1998424383973763,0.225,2.2903003725005964e-17,0.27770953179652774,0.225,0.0,0.23999999999999996,0.0,132.53031388438126,2.51229896361751e-16,True,True,False
1.8800000000000001,0.03710159979657632,0.0,0.12108679389421213,6.0741411859324e-17,-1.9192871257357457e-16,5.482818739837564e-17,0.1998424383973763,0.225,2.2527393694053535e-17,0.2771015997965763,0.225,0.0,0.23999999999999996,0.0,132.53031388438126,2.5076229454057563e-16,True,True,False
1.885,0.03649866385758535,0.0,0.12008758170222524,6.043503775743885e-17,-1.9192871257357457e-16,5.482818739837564e-17,0.1998424383973763,0.225,2.214851944830904e-17,0.2764986638575853,0.225,0.0,0.23999999999999996,0.0,132.53031388438126,2.5029469271940033e-16,True,True,False
1.8900000000000001,0.03590072397955399,0.0,0.11908836951023834,6.012882861492662e-17,-1.9192871257357457e-16,5.482818739837564e-17,0.1998424383973763,0.225,2.176638100689556e-17,0.27590072397955395,0.225,0.0,0.23999999999999996,0.0,132.53031388438126,2.4982709089822497e-16,True,True,False
1.895,0.03530778016248312,0.0,0.11808915731825144,5.982278696487233e-17,-1.9192871257357457e-16,5.482818739837564e-17,0.1998424383973763,0.225,2.1380978388386082e-17,0.2753077801624831,0.225,0.0,0.23999999999999996,0.0,132.53031388438126,2.493594890770496e-16,True,True,False
1.9000000000000001,0.03471983240637186,0.0,0.11708994512626454,5.951691539106259e-17,-2.1687726929174693e-16,6.067713692758852e-17,0.20149581350369472,0.225,2.099231161082435e-17,0.2747198324063718,0.225,0.0,0.23999999999999996,0.0,132.5522045707889,2.873803683617393e-16,True,True,False
1.905,0.03413690137840905,0.0,0.11608246605874609,5.91888710641295e-17,-2.1687726929174693e-16,6.067713692758852e-17,0.20149581350369472,0.225,2.0599658403841352e-17,0.274136901378409,0.225,0.0,0.23999999999999996,0.0,132.5522045707889,2.8788177180614825e-16,True,True,False
1.9100000000000001,0.033559007745784436,0.0,0.11507498699122763,5.886101990957486e-17,-2.1687726929174693e-16,6.067713692758852e-17,0.20149581350369472,0.225,2.0202305701370627e-17,0.2735590077457844,0.225,0.0,0.23999999999999996,0.0,132.5522045707889,2.883831752505572e-16,True,True,False
1.915,0.032986151508497125,0.0,0.11406750792370918,5.853336517333135e-17,-2.1687726929174693e-16,6.067713692758852e-17,0.20149581350369472,0.225,1.980026726230594e-17,0.2729861515084971,0.225,0.0,0.23999999999999996,0.0,132.5522045707889,2.888845786949661e-16,True,True,False
1.92,0.03241833266654712,0.0,0.11306002885619071,5.820591017245352e-17,-2.1687726929174693e-16,6.067713692758852e-17,0.20149581350369472,0.225,1.9393556846844784e-17,0.2724183326665471,0.225,0.0,0.23999999999999996,0.0,132.5522045707889,2.8938598213937504e-16,True,True,False
1.925,0.0318555512199353,0.0,0.11205254978867225,5.787865829701713e-17,-2.1687726929174693e-16,6.067713692758852e-17,0.20149581350369472,0.225,1.8982188212378082e-17,0.27185555121993527,0.225,0.0,0.23999999999999996,0.0,132.5522045707889,2.8988738558378393e-16,True,True,False
1.93,0.03129780716866079,0.0,0.1110450707211538,5.7551613012078e-17,-2.1687726929174693e-16,6.067713692758852e-17,0.20149581350369472,0.225,1.8566175109384064e-17,0.27129780716866075,0.225,0.0,0.23999999999999996,0.0,132.5522045707889,2.903887890281929e-16,True,True,False
1.935,0.030745100512723583,0.0,0.11003759165363534,5.712015545638194e-17,-2.1687726929174693e-16,6.067713692758852e-17,0.20149581350369472,0.225,1.814511592925545e-17,0.27074510051272355,0.225,0.0,0.23999999999999996,0.0,132.5522045707889,2.9149894653665755e-16,True,True,False
1.94,0.030197431252124568,0.0,0.1090301125861169,5.668536463459344e-17,-2.1687726929174693e-16,6.067713692758852e-17,0.20149581350369472,0.225,1.77185669153816e-17,0.27019743125212453,0.225,0.0,0.23999999999999996,0.0,132.5522045707889,2.926300955645724e-16,True,True,False
1.945,0.02965479938686197,0.0,0.10802263351859845,5.624476185324958e-17,-2.1687726929174693e-16,6.067713692758852e-17,0.20149581350369472,0.225,1.7286563299833923e-17,0.26965479938686193,0.225,0.0,0.23999999999999996,0.0,132.5522045707889,2.937940543968868e-16,True,True,False
1.95,0.02911720491693845,0.0,0.10701515445108,5.57739927900018e-17,-2.363867998032608e-16,6.674441153424069e-17,0.19984981107714928,0.225,1.684897804392337e-17,0.2691172049169384,0.225,0.0,0.23999999999999996,0.0,132.53041149866144,3.2531801942696576e-16,True,True,False
1.955,0.028584627267321666,0.0,0.10601590539569423,5.527122797711648e-17,-2.363867998032608e-16,6.674441153424069e-17,0.19984981107714928,0.225,1.6406294449117e-17,0.26858462726732163,0.225,0.0,0.23999999999999996,0.0,132.53041149866144,3.2576229430528597e-16,True,True,False
1.96,0.02805704586298105,0.0,0.10501665634030846,5.476882471344058e-17,-2.363867998032608e-16,6.674441153424069e-17,0.19984981107714928,0.225,1.5959072484731383e-17,0.268057045862981,0.225,0.0,0.23999999999999996,0.0,132.53041149866144,3.2620656918360623e-16,True,True,False
1.965,0.02753446070391838,0.0,0.1040174072849227,5.4266793040668633e-17,-2.363867998032608e-16,6.674441153424069e-17,0.19984981107714928,0.225,1.550732450119696e-17,0.26753446070391834,0.225,0.0,0.23999999999999996,0.0,132.53041149866144,3.266508440619265e-16,True,True,False
1.97,0.027016871790131874,0.0,0.10301815822953694,5.376514336798453e-17,-2.363867998032608e-16,6.674441153424069e-17,0.19984981107714928,0.225,1.5051062775611276e-17,0.26701687179013184,0.225,0.0,0.23999999999999996,0.0,132.53041149866144,3.2709511894024675e-16,True,True,False
1.975,0.026504279121623314,0.0,0.10201890917415118,5.326388648864338e-17,-2.363867998032608e-16,6.674441153424069e-17,0.19984981107714928,0.225,1.459029950901794e-17,0.2665042791216233,0.225,0.0,0.23999999999999996,0.0,132.53041149866144,3.2753939381856696e-16,True,True,False
1.98,0.02599668269839092,0.0,0.10101966011876543,5.276303359743664e-17,-2.363867998032608e-16,6.674441153424069e-17,0.19984981107714928,0.225,1.4125046823781593e-17,0.2659966826983909,0.225,0.0,0.23999999999999996,0.0,132.53041149866144,3.279836686968872e-16,True,True,False
1.985,0.025494082520435585,0.0,0.10002041106337967,5.226259630909429e-17,-2.363867998032608e-16,6.674441153424069e-17,0.19984981107714928,0.225,1.3655316761060852e-17,0.26549408252043555,0.225,0.0,0.23999999999999996,0.0,132.53041149866144,3.2842794357520747e-16,True,True,False
1.99,0.024996478587756416,0.0,0.09902116200799391,5.17625866776813e-17,-2.363867998032608e-16,6.674441153424069e-17,0.19984981107714928,0.225,1.3181121278380783e-17,0.2649964785877564,0.225,0.0,0.23999999999999996,0.0,132.53041149866144,3.2887221845352773e-16,True,True,False
1.995,0.02450387090035519,0.0,0.09802191295260815,5.1263017217050057e-17,-2.363867998032608e-16,6.674441153424069e-17,0.19984981107714928,0.225,1.2702472247306234e-17,0.26450387090035515,0.225,0.0,0.23999999999999996,0.0,132.53041149866144,3.2931649333184794e-16,True,True,False
2.0,0.02401625945823102,0.0,0.09702266389722239,5.0763900922413915e-17,-2.481276857916137e-16,7.297231197745953e-17,0.19548176689089225,0.225,1.2219381451217135e-17,0.264016259458231,0.225,0.0,0.23999999999999996,0.0,132.4725785936354,3.4806697441580463e-16,True,True,False
2.005,0.023533589660830495,0.0,0.09604525506276791,5.015669681914406e-17,-2.481276857916137e-16,7.297231197745953e-17,0.19548176689089225,0.225,1.1731474703778274e-17,0.26353358966083046,0.225,0.0,0.23999999999999996,0.0,132.4725785936354,3.491803678537724e-16,True,True,False
2.0100000000000002,0.023055806907602866,0.0,0.09506784622831344,4.955011538276042e-17,-2.481276857916137e-16,7.297231197745953e-17,0.19548176689089225,0.225,1.1238399005852343e-17,0.26305580690760283,0.225,0.0,0.23999999999999996,0.0,132.4725785936354,3.502937612917401e-16,True,True,False
2.015,0.022582911198547245,0.0,0.09409043739385896,4.894417976401953e-17,-2.481276857916137e-16,7.297231197745953e-17,0.19548176689089225,0.225,1.0740197875902274e-17,0.2625829111985472,0.225,0.0,0.23999999999999996,0.0,132.4725785936354,3.514071547297078e-16,True,True,False
2.02,0.02211490253366452,0.0,0.0931130285594045,4.8338914249193706e-17,-2.481276857916137e-16,7.297231197745953e-17,0.19548176689089225,0.225,1.023691503945244e-17,0.2621149025336645,0.225,0.0,0.23999999999999996,0.0,132.4725785936354,3.5252054816767556e-16,True,True,False
2.025,0.021651780912952917,0.0,0.09213561972495,4.779398368611191e-17,-2.481276857916137e-16,7.297231197745953e-17,0.19548176689089225,0.225,9.728583955474806e-18,0.2616517809129529,0.225,0.0,0.23999999999999996,0.0,132.4725785936354,3.5364231835168267e-16,True,True,False
2.0300000000000002,0.021193546336415098,0.0,0.09115821089049553,4.729526723620314e-17,-2.481276857916137e-16,7.297231197745953e-17,0.19548176689089225,0.225,9.215200372143413e-18,0.26119354633641506,0.225,0.0,0.23999999999999996,0.0,132.4725785936354,3.547704942826611e-16,True,True,False
2.035,0.0207401988040484,0.0,0.09018080205604105,4.679714636394118e-17,-2.481276857916137e-16,7.297231197745953e-17,0.19548176689089225,0.225,8.696803292395946e-18,0.26074019880404836,0.225,0.0,0.23999999999999996,0.0,132.4725785936354,3.5589867021363957e-16,True,True,False
2.04,0.020291738315854596,0.0,0.08920339322158657,4.625135393254348e-17,-2.481276857916137e-16,7.297231197745953e-17,0.19548176689089225,0.225,8.173431796383247e-18,0.26029173831585456,0.225,0.0,0.23999999999999996,0.0,132.4725785936354,3.570831257797226e-16,True,True,False
2.045,0.019848164871832802,0.0,0.0882259843871321,4.554775689637322e-17,-2.481276857916137e-16,7.297231197745953e-17,0.19548176689089225,0.225,7.644980404791083e-18,0.25984816487183277,0.225,0.0,0.23999999999999996,0.0,132.4725785936354,3.584525001468635e-16,True,True,False
2.05,0.019409478471983016,0.0,0.08724857555267762,4.484518443758718e-17,-2.5326899718366077e-16,7.943457607767444e-17,0.18891314360247358,0.225,7.111443524188864e-18,0.259409478471983,0.225,0.0,0.23999999999999996,0.0,132.38561002129674,3.6802547034177435e-16,True,True,False
2.055,0.018975597008515338,0.0,0.08630400983466524,4.42083868114815e-17,-2.5326899718366077e-16,7.943457607767444e-17,0.18891314360247358,0.225,6.573004743278956e-18,0.2589755970085153,0.225,0.0,0.23999999999999996,0.0,132.38561002129674,3.6905689697865173e-16,True,True,False
2.06,0.018546438373636315,0.0,0.08535944411665286,4.3572596727186405e-17,-2.5326899718366077e-16,7.943457607767444e-17,0.18891314360247358,0.225,6.029831401205934e-18,0.2585464383736363,0.225,0.0,0.23999999999999996,0.0,132.38561002129674,3.7008832361552906e-16,True,True,False
2.065,0.01812200256734861,0.0,0.08441487839864048,4.293785894138809e-17,-2.5326899718366077e-16,7.943457607767444e-17,0.18891314360247358,0.225,5.481962206233149e-18,0.2581220025673486,0.225,0.0,0.23999999999999996,0.0,132.38561002129674,3.7111975025240645e-16,True,True,False
2.07,0.01770228958965045,0.0,0.0834703126806281,4.2304220820565296e-17,-2.5326899718366077e-16,7.943457607767444e-17,0.18891314360247358,0.225,4.929435595415315e-18,0.2577022895896504,0.225,0.0,0.23999999999999996,0.0,132.38561002129674,3.7215117688928383e-16,True,True,False
2.075,0.01728729944054183,0.0,0.08252574696261572,4.167173252750408e-17,-2.5326899718366077e-16,7.943457607767444e-17,0.18891314360247358,0.225,4.372289705276269e-18,0.2572872994405418,0.225,0.0,0.23999999999999996,0.0,132.38561002129674,3.731826035261612e-16,True,True,False
2.08,0.016877032120023644,0.0,0.08158118124460334,4.104044722339921e-17,-2.5326899718366077e-16,7.943457607767444e-17,0.18891314360247358,0.225,3.810562343695539e-18,0.2568770321200236,0.225,0.0,0.23999999999999996,0.0,132.38561002129674,3.742140301630386e-16,True,True,False
2.085,0.016471487628095888,0.0,0.08063661552659096,4.041042128700803e-17,-2.5326899718366077e-16,7.943457607767444e-17,0.18891314360247358,0.225,3.244290963091725e-18,0.25647148762809585,0.225,0.0,0.23999999999999996,0.0,132.38561002129674,3.75245456799916e-16,True,True,False
2.09,0.016070665964757674,0.0,0.07969204980857858,3.9781714552472616e-17,-2.5326899718366077e-16,7.943457607767444e-17,0.18891314360247358,0.225,2.6735126349801323e-18,0.25607066596475764,0.225,0.0,0.23999999999999996,0.0,132.38561002129674,3.7627688343679337e-16,True,True,False
2.095,0.015674567130009892,0.0,0.0787474840905662,3.9154390567590663e-17,-2.5326899718366077e-16,7.943457607767444e-17,0.18891314360247358,0.225,2.0982640259696828e-18,0.25567456713000986,0.225,0.0,0.23999999999999996,0.0,132.38561002129674,3.7730831007367075e-16,True,True,False
2.1,0.01528319112385254,0.0,0.07780291837255382,3.8528516874498774e-17,-2.520911959362811e-16,8.60492554615665e-17,0.18061106756082312,0.225,1.5185813752529308e-18,0.2552831911238525,0.225,0.0,0.23999999999999996,0.0,132.2756905345053,3.768421186393464e-16,True,True,False
2.105,0.014896434170334233,0.0,0.07689986303474974,3.780667178869441e-17,-2.520911959362811e-16,8.60492554615665e-17,0.18061106756082312,0.225,9.34394357212447e-19,0.2548964341703342,0.225,0.0,0.23999999999999996,0.0,132.2756905345053,3.7824762321512274e-16,True,True,False
2.11,0.014514192493505357,0.0,0.07599680769694567,3.708683882876151e-17,-2.520911959362811e-16,8.60492554615665e-17,0.18061106756082312,0.225,3.4565060573277386e-19,0.2545141924935053,0.225,0.0,0.23999999999999996,0.0,132.2756905345053,3.7965312779089906e-16,True,True,False
2.115,0.014136466093365024,0.0,0.07509375235914159,3.636913746937022e-17,-2.520911959362811e-16,8.60492554615665e-17,0.18061106756082312,0.225,-2.475877504999995e-19,0.254136466093365,0.225,0.0,0.23999999999999996,0.0,132.2756905345053,3.810586323666754e-16,True,True,False
2.12,0.013763254969913236,0.0,0.07419069702133751,3.565369643675551e-17,-2.520911959362811e-16,8.60492554615665e-17,0.18061106756082312,0.225,-8.452594072240145e-19,0.2537632549699132,0.225,0.0,0.23999999999999996,0.0,132.2756905345053,3.824641369424517e-16,True,True,False
2.125,0.013394559123150879,0.0,0.07328764168353344,3.494065457780695e-17,-2.520911959362811e-16,8.60492554615665e-17,0.18061106756082312,0.225,-1.4473039475278025e-18,0.25339455912315084,0.225,0.0,0.23999999999999996,0.0,132.2756905345053,3.83869641518228e-16,True,True,False
2.13,0.013030378553077954,0.0,0.07238458634572936,3.4230161823016235e-17,-2.520911959362811e-16,8.60492554615665e-17,0.18061106756082312,0.225,-2.0536618995484085e-18,0.2530303785530779,0.225,0.0,0.23999999999999996,0.0,132.2756905345053,3.8527514609400434e-16,True,True,False
2.1350000000000002,0.012670713259693572,0.0,0.07148153100792529,3.3622375840447277e-17,-2.520911959362811e-16,8.60492554615665e-17,0.18061106756082312,0.225,-2.6642799299704716e-18,0.25267071325969354,0.225,0.0,0.23999999999999996,0.0,132.2756905345053,3.8644220964753864e-16,True,True,False
2.14,0.012315563242998623,0.0,0.07057847567012121,3.3093165797572465e-17,-2.520911959362811e-16,8.60492554615665e-17,0.18061106756082312,0.225,-3.2791363657923696e-18,0.2523155632429986,0.225,0.0,0.23999999999999996,0.0,132.2756905345053,3.8742693594877023e-16,True,True,False
2.145,0.011964928502993105,0.0,0.06967542033231713,3.2565955419149335e-17,-2.520911959362811e-16,8.60492554615665e-17,0.18061106756082312,0.225,-3.898205175879385e-18,0.25196492850299307,0.225,0.0,0.23999999999999996,0.0,132.2756905345053,3.8841166225000187e-16,True,True,False
2.15,0.011618809039676131,0.0,0.06877236499451306,3.186966582439974e-17,-2.444366700167186e-16,9.288824834243485e-17,0.17099042324273891,0.225,-4.521471412401636e-18,0.2516188090396761,0.225,0.0,0.23999999999999996,0.0,132.14831320373384,3.780246874401747e-16,True,True,False
2.1550000000000002,0.01127708459499352,0.0,0.06791741287829942,3.116595257698004e-17,-2.444366700167186e-16,9.288824834243485e-17,0.17099042324273891,0.225,-5.148910944659928e-18,0.2512770845949935,0.225,0.0,0.23999999999999996,0.0,132.14831320373384,3.7943158945598293e-16,True,True,False
2.16,0.010939634910892865,0.0,0.06706246076208577,3.0465973244917775e-17,-2.444366700167186e-16,9.288824834243485e-17,0.17099042324273891,0.225,-5.780460989401555e-18,0.25093963491089283,0.225,0.0,0.23999999999999996,0.0,132.14831320373384,3.8083849147179117e-16,True,True,False
2.165,0.01060645998737239,0.0,0.06620750864587213,2.9769991215103545e-17,-2.444366700167186e-16,9.288824834243485e-17,0.17099042324273891,0.225,-6.416068977779182e-18,0.25060645998737235,0.225,0.0,0.23999999999999996,0.0,132.14831320373384,3.822453934875994e-16,True,True,False
2.17,0.010277559824433874,0.0,0.06535255652965849,2.90782935123858e-17,-2.444366700167186e-16,9.288824834243485e-17,0.17099042324273891,0.225,-7.055683559378112e-18,0.25027755982443384,0.225,0.0,0.23999999999999996,0.0,132.14831320373384,3.836522955034076e-16,True,True,False
2.1750000000000003,0.009952934422075538,0.0,0.06449760441344485,2.8391193277060315e-17,-2.444366700167186e-16,9.288824834243485e-17,0.17099042324273891,0.225,-7.699254615147347e-18,0.2499529344220755,0.225,0.0,0.23999999999999996,0.0,132.14831320373384,3.8505919751921585e-16,True,True,False
2.18,0.009632583780299159,0.0,0.0636426522972312,2.7709032521113967e-17,-2.444366700167186e-16,9.288824834243485e-17,0.17099042324273891,0.22499999999999998,-8.346733265820291e-18,0.24963258378029912,0.225,0.0,0.23999999999999996,0.0,132.14831320373384,3.864660995350241e-16,True,True,False
2.185,0.00931650789910296,0.0,0.06278770018101756,2.7032185192372588e-17,-2.444366700167186e-16,9.288824834243485e-17,0.17099042324273891,0.22499999999999998,-8.998071876098663e-18,0.24931650789910292,0.225,0.0,0.23999999999999996,0.0,132.14831320373384,3.8787300155083233e-16,True,True,False
2.19,0.00900470677848872,0.0,0.0619327480648039,2.636106057713013e-17,-2.444366700167186e-16,9.288824834243485e-17,0.17099042324273891,0.22499999999999998,-9.65322405488681e-18,0.24900470677848868,0.225,0.0,0.23999999999999996,0.0,132.14831320373384,3.892799035666406e-16,True,True,False
2.195,0.008697180418454659,0.0,0.061077795948590224,2.5696107072576982e-17,-2.444366700167186e-16,9.288824834243485e-17,0.17099042324273891,0.22499999999999998,-1.031214465187221e-17,0.24869718041845462,0.225,0.0,0.23999999999999996,0.0,132.14831320373384,3.906868055824488e-16,True,True,False
2.2,0.008393928819002555,0.0,0.06022284383237655,2.5037816360005865e-17,-2.3243299536938463e-16,9.988614901201279e-17,0.1604163804993026,0.22499999999999998,-1.0974789750752386e-17,0.24839392881900252,0.225,0.0,0.23999999999999996,0.0,132.00831287781077,3.7387717692904786e-16,True,True,False
2.205,0.008094819804597003,0.0,0.05942076192988004,2.4502031965612876e-17,-2.3243299536938463e-16,9.988614901201279e-17,0.1604163804993026,0.22499999999999998,-1.1641190215917092e-17,0.24809481980459697,0.225,0.0,0.23999999999999996,0.0,132.00831287781077,3.751121142098587e-16,True,True,False
2.21,0.007799721199703485,0.0,0.058618680027383525,2.397201932273881e-17,-2.3243299536938463e-16,9.988614901201279e-17,0.1604163804993026,0.22499999999999998,-1.2311384977929755e-17,0.24779972119970345,0.225,0.0,0.23999999999999996,0.0,132.00831287781077,3.763470514906695e-16,True,True,False
2.215,0.00750863300432289,0.0,0.05781659812488701,2.3415815786794606e-17,-2.3243299536938463e-16,9.988614901201279e-17,0.1604163804993026,0.22499999999999998,-1.2985345334816081e-17,0.24750863300432285,0.225,0.0,0.23999999999999996,0.0,132.00831287781077,3.7757024602022656e-16,True,True,False
2.22,0.007221555218454329,0.0,0.057014516222390496,2.2761788458251495e-17,-2.3243299536938463e-16,9.988614901201279e-17,0.1604163804993026,0.22499999999999998,-1.3663083018240618e-17,0.2472215552184543,0.225,0.0,0.23999999999999996,0.0,132.00831287781077,3.7875485722423543e-16,True,True,False
2.225,0.0069384878420986895,0.0,0.056212434319893985,2.2118177687412734e-17,-2.3243299536938463e-16,9.988614901201279e-17,0.1604163804993026,0.22499999999999998,-1.4344589195864528e-17,0.24693848784209865,0.225,0.0,0.23999999999999996,0.0,132.00831287781077,3.799394684282443e-16,True,True,False
2.23,0.006659430875255973,0.0,0.055410352417397474,2.1485919578701164e-17,-2.3243299536938463e-16,9.988614901201279e-17,0.1604163804993026,0.22499999999999998,-1.502983855653013e-17,0.24665943087525594,0.225,0.0,0.23999999999999996,0.0,132.00831287781077,3.8112407963225314e-16,True,True,False
2.235,0.00638438431792529,0.0,0.05460827051490097,2.0866046142226976e-17,-2.3243299536938463e-16,9.988614901201279e-17,0.1604163804993026,0.22499999999999998,-1.5718806518587816e-17,0.24638438431792525,0.225,0.0,0.23999999999999996,0.0,132.00831287781077,3.82308690836262e-16,True,True,False
2.24,0.006113348170106642,0.0,0.05380618861240446,2.0259694188544813e-17,-2.3243299536938463e-16,9.988614901201279e-17,0.1604163804993026,0.22499999999999998,-1.6411469212287958e-17,0.2461133481701066,0.225,0.0,0.23999999999999996,0.0,132.00831287781077,3.834933020402709e-16,True,True,False
2.245,0.0058463224318009155,0.0,0.05300410670990795,1.9668114326336617e-17,-2.3243299536938463e-16,9.988614901201279e-17,0.1604163804993026,0.22499999999999998,-1.7107803462038862e-17,0.24584632243180088,0.225,0.0,0.23999999999999996,0.0,132.00831287781077,3.8467791324427976e-16,True,True,False
2.25,0.0055833071030072234,0.0,0.05220202480741143,1.922280208846462e-17,-2.141290996787703e-16,1.0712420445222743e-16,0.14920724420789666,0.22499999999999998,-1.780799289376091e-17,0.2455833071030072,0.225,0.0,0.23999999999999996,0.0,131.85990391331254,3.5724042069921484e-16,True,True,False
2.255,0.005324162069522659,0.0,0.05145598858637195,1.875421411611928e-17,-2.141290996787703e-16,1.0712420445222743e-16,0.14920724420789666,0.22499999999999998,-1.851200535284729e-17,0.24532416206952262,0.225,0.0,0.23999999999999996,0.0,131.85990391331254,3.586439662684026e-16,True,True,False
2.2600000000000002,0.005068747217143427,0.0,0.050709952365332475,1.8299769775267445e-17,-2.141290996787703e-16,1.0712420445222743e-16,0.14920724420789666,0.22499999999999998,-1.921956109461743e-17,0.2450687472171434,0.225,0.0,0.23999999999999996,0.0,131.85990391331254,3.6004751183759035e-16,True,True,False
2.265,0.004817062545869527,0.0,0.049963916144293,1.7860548711501356e-17,-2.141290996787703e-16,1.0712420445222743e-16,0.14920724420789666,0.22499999999999998,-1.993062973551144e-17,0.2448170625458695,0.225,0.0,0.23999999999999996,0.0,131.85990391331254,3.614510574067781e-16,True,True,False
2.27,0.00456910805570096,0.0,0.04921787992325352,1.7437701295113695e-17,-2.141290996787703e-16,1.0712420445222743e-16,0.14920724420789666,0.22499999999999998,-2.0645181867323257e-17,0.24456910805570092,0.225,0.0,0.23999999999999996,0.0,131.85990391331254,3.628546029759658e-16,True,True,False
2.275,0.004324883746636837,0.0,0.048471843702214044,1.703244704594391e-17,-2.141290996787703e-16,1.0712420445222743e-16,0.14920724420789666,0.22499999999999998,-2.1363189029400225e-17,0.2443248837466368,0.225,0.0,0.23999999999999996,0.0,131.85990391331254,3.642581485451536e-16,True,True,False
2.2800000000000002,0.004084389618678935,0.0,0.04772580748117457,1.660541992781848e-17,-2.141290996787703e-16,1.0712420445222743e-16,0.14920724420789666,0.22499999999999998,-2.208466835559666e-17,0.2440843896186789,0.225,0.0,0.23999999999999996,0.0,131.85990391331254,3.654186134974389e-16,True,True,False
2.285,0.0038476256718254775,0.0,0.04697977126013509,1.6151912408739583e-17,-2.141290996787703e-16,1.0712420445222743e-16,0.14920724420789666,0.22499999999999998,-2.2809957147967243e-17,0.24384762567182544,0.225,0.0,0.23999999999999996,0.0,131.85990391331254,3.6626120379685187e-16,True,True,False
2.29,0.0036145919060773524,0.0,0.046233735039095614,1.5729943865496767e-17,-2.141290996787703e-16,1.0712420445222743e-16,0.14920724420789666,0.22499999999999998,-2.3539123809682643e-17,0.24361459190607732,0.225,0.0,0.23999999999999996,0.0,131.85990391331254,3.671037940962648e-16,True,True,False
2.295,0.0033852883214345597,0.0,0.04548769881805613,1.538042034958775e-17,-2.141290996787703e-16,1.0712420445222743e-16,0.14920724420789666,0.22499999999999998,-2.4272189748852318e-17,0.24338528832143452,0.225,0.0,0.23999999999999996,0.0,131.85990391331254,3.6779429766096423e-16,True,True,False
2.3000000000000003,0.0031597149178970996,0.0,0.04474166259701665,1.5108560138622685e-17,-1.9187797010795423e-16,1.1458555724078925e-16,0.13763752958217568,0.22499999999999998,-2.500937734312542e-17,0.24315971491789706,0.225,0.0,0.23999999999999996,0.0,131.706720891668,3.340811937054961e-16,True,True,False
2.305,0.0029377270740319206,0.0,0.04405347494910579,1.4847760472400324e-17,-1.9187797010795423e-16,1.1458555724078925e-16,0.13763752958217568,0.22499999999999998,-2.575036579538523e-17,0.24293772707403188,0.225,0.0,0.23999999999999996,0.0,131.706720891668,3.355284382947572e-16,True,True,False
2.31,0.0027191801684059713,0.0,0.043365287301194926,1.4616712540617155e-17,-1.9187797010795423e-16,1.1458555724078925e-16,0.13763752958217568,0.22499999999999998,-2.6494769672521708e-17,0.24271918016840593,0.225,0.0,0.23999999999999996,0.0,131.706720891668,3.3697568288401827e-16,True,True,False
2.315,0.002504074201019252,0.0,0.04267709965328406,1.4416846840074366e-17,-1.9187797010795423e-16,1.1458555724078925e-16,0.13763752958217568,0.22499999999999998,-2.7242564185532168e-17,0.24250407420101922,0.225,0.0,0.23999999999999996,0.0,131.706720891668,3.3842292747327936e-16,True,True,False
2.32,0.0022924091718726503,0.0,0.0419889120053732,1.424947553389794e-17,-1.9187797010795423e-16,1.1458555724078925e-16,0.13763752958217568,0.22499999999999998,-2.799372536459724e-17,0.2422924091718726,0.225,0.0,0.23999999999999996,0.0,131.706720891668,3.3987017206254045e-16,True,True,False
2.325,0.0020841850809661666,0.0,0.041300724357462335,1.4115754533074585e-17,-1.9187797010795423e-16,1.1458555724078925e-16,0.13763752958217568,0.22499999999999998,-2.874823003149634e-17,0.24208418508096613,0.225,0.0,0.23999999999999996,0.0,131.706720891668,3.4131741665180153e-16,True,True,False
2.33,0.0018794019282980245,0.0,0.04061253670955147,1.4016646958197305e-17,-1.9187797010795423e-16,1.1458555724078925e-16,0.13763752958217568,0.22499999999999998,-2.950605577263596e-17,0.241879401928298,0.225,0.0,0.23999999999999996,0.0,131.706720891668,3.4276466124106257e-16,True,True,False
2.335,0.0016780597138700004,0.0,0.03992434906164061,1.3952890407701695e-17,-1.9187797010795423e-16,1.1458555724078925e-16,0.13763752958217568,0.22499999999999998,-3.026718091272374e-17,0.24167805971386996,0.225,0.0,0.23999999999999996,0.0,131.706720891668,3.4421190583032366e-16,True,True,False
2.34,0.0014801584376820942,0.0,0.039236161413729743,1.3924970462223333e-17,-1.9187797010795423e-16,1.1458555724078925e-16,0.13763752958217568,0.22499999999999998,-3.1031584489113833e-17,0.24148015843768206,0.225,0.0,0.23999999999999996,0.0,131.706720891668,3.4565915041958475e-16,True,True,False
2.345,0.0012856980997334178,0.0,0.03854797376581888,1.3933102557726217e-17,-1.9187797010795423e-16,1.1458555724078925e-16,0.13763752958217568,0.22499999999999998,-3.179924622684312e-17,0.24128569809973338,0.225,0.0,0.23999999999999996,0.0,131.706720891668,3.4710639500884583e-16,True,True,False
2.35,0.001094678700023971,0.0,0.037859786117908016,1.3977223767984382e-17,-1.6834266590691365e-16,1.2222681478383076e-16,0.12594117921253423,0.22499999999999998,-3.2570146514371365e-17,0.24109467870002393,0.225,0.0,0.23999999999999996,0.0,131.55186121277393,3.214083982907718e-16,True,True,False
2.355,0.000906954034173596,0.0,0.03723008022184536,1.4061108099477803e-17,-1.6834266590691365e-16,1.2222681478383076e-16,0.12594117921253423,0.22499999999999998,-3.334453250734481e-17,0.24090695403417356,0.225,0.0,0.23999999999999996,0.0,131.55186121277393,3.2180785481625294e-16,True,True,False
2.36,0.000722377897804799,0.0,0.036600374325782704,1.418492010503722e-17,-1.6834266590691365e-16,1.2222681478383076e-16,0.12594117921253423,0.22499999999999998,-3.4122659692851986e-17,0.24072237789780476,0.225,0.0,0.23999999999999996,0.0,131.55186121277393,3.222150804164101e-16,True,True,False
2.365,0.0005409502909158037,0.0,0.03597066842972005,1.4347626161270516e-17,-1.6834266590691365e-16,1.2222681478383076e-16,0.12594117921253423,0.22499999999999998,-3.490452151926961e-17,0.24054095029091577,0.225,0.0,0.23999999999999996,0.0,131.55186121277393,3.226300995566053e-16,True,True,False
2.37,0.0003626712135074983,0.0,0.03534096253365739,1.4547921336639652e-17,-1.6834266590691365e-16,1.2222681478383076e-16,0.12594117921253423,0.22499999999999998,-3.569011161470882e-17,0.24036267121350746,0.225,0.0,0.23999999999999996,0.0,131.55186121277393,3.2305293603102874e-16,True,True,False
2.375,0.0001875406655798828,0.0,0.03471125663759474,1.4784277954865854e-17,-1.6834266590691365e-16,1.2222681478383076e-16,0.12594117921253423,0.22499999999999998,-3.647942378102014e-17,0.24018754066557985,0.225,0.0,0.23999999999999996,0.0,131.55186121277393,3.2348361298508514e-16,True,True,False
2.38,1.5558647132069003e-05,0.0,0.03408155074153208,1.502549233555785e-17,-1.6834266590691365e-16,1.2222681478383076e-16,0.12594117921253423,0.22499999999999998,-3.7272688841408915e-17,0.24001555864713203,0.225,0.0,0.23999999999999996,0.0,131.55186121277393,3.239191675280459e-16,True,True,False
2.3850000000000002,0.0001532748418350549,0.0,0.033451844845469425,1.527988590539404e-17,-1.6834266590691365e-16,1.2222681478383076e-16,0.12594117921253423,0.22499999999999998,-3.807045301333076e-17,0.2398467251581649,0.225,0.0,0.23999999999999996,0.0,131.55186121277393,3.243593807761621e-16,True,True,False
2.39,0.0003189598013232653,0.0,0.03282213894940677,1.5554751972779925e-17,-1.6834266590691365e-16,1.2222681478383076e-16,0.12594117921253423,0.22499999999999998,-3.887273772981384e-17,0.2396810401986767,0.225,0.0,0.23999999999999996,0.0,131.55186121277393,3.2480482719652885e-16,True,True,False
2.395,0.0004814962313298976,0.0,0.03219243305334411,1.5872994037410402e-17,-1.6834266590691365e-16,1.2222681478383076e-16,0.12594117921253423,0.22499999999999998,-3.9679653685910955e-17,0.23951850376867007,0.225,0.0,0.23999999999999996,0.0,131.55186121277393,3.252542885760827e-16,True,True,False
2.4,0.0006408841318567282,0.0,0.03156272715728146,1.6213370768866076e-17,-1.4010914812347558e-16,1.3018437657205062e-16,0.11431484984162547,0.22499999999999998,-4.0491297290026945e-17,0.23935911586814324,0.225,0.0,0.23999999999999996,0.0,131.3979286119031,3.3427336370977775e-16,True,True,False
2.4050000000000002,0.0007972688320196097,0.0,0.03099115290807335,1.6552394848951693e-17,-1.4010914812347558e-16,1.3018437657205062e-16,0.11431484984162547,0.22499999999999998,-4.130713084421555e-17,0.23920273116798035,0.225,0.0,0.23999999999999996,0.0,131.3979286119031,3.3472088519029103e-16,True,True,False
2.41,0.0009507956609370594,0.0,0.030419578658865243,1.690746987775749e-17,-1.4010914812347558e-16,1.3018437657205062e-16,0.11431484984162547,0.22499999999999998,-4.2126610674409736e-17,0.2390492043390629,0.225,0.0,0.23999999999999996,0.0,131.3979286119031,3.3517721999163764e-16,True,True,False
2.415,0.001101464618608189,0.0,0.029848004409657135,1.727760628628122e-17,-1.4010914812347558e-16,1.3018437657205062e-16,0.11431484984162547,0.22499999999999998,-4.294972738636208e-17,0.23889853538139177,0.225,0.0,0.23999999999999996,0.0,131.3979286119031,3.3564240319423283e-16,True,True,False
2.42,0.0012492757050338865,0.0,0.029276430160449028,1.7661857183914854e-17,-1.4010914812347558e-16,1.3018437657205062e-16,0.11431484984162547,0.22499999999999998,-4.3776471856681966e-17,0.23875072429496608,0.225,0.0,0.23999999999999996,0.0,131.3979286119031,3.361164688670465e-16,True,True,False
2.4250000000000003,0.001394228920213264,0.0,0.02870485591124092,1.8059321644819835e-17,-1.4010914812347558e-16,1.3018437657205062e-16,0.11431484984162547,0.22499999999999998,-4.460683522350628e-17,0.2386057710797867,0.225,0.0,0.23999999999999996,0.0,131.3979286119031,3.365994501024413e-16,True,True,False
2.43,0.0015363242641463215,0.0,0.028133281662032814,1.8469146602967462e-17,-1.4010914812347558e-16,1.3018437657205062e-16,0.11431484984162547,0.22499999999999998,-4.5440808877518275e-17,0.23846367573585364,0.225,0.0,0.23999999999999996,0.0,131.3979286119031,3.3709137904970963e-16,True,True,False
2.435,0.0016755617368330589,0.0,0.027561707412824703,1.889052760241344e-17,-1.4010914812347558e-16,1.3018437657205062e-16,0.11431484984162547,0.22499999999999998,-4.627838445330189e-17,0.2383244382631669,0.225,0.0,0.23999999999999996,0.0,131.3979286119031,3.375922869473595e-16,True,True,False
2.44,0.0018119413382743643,0.0,0.026990133163616595,1.932270863098588e-17,-1.4010914812347558e-16,1.3018437657205062e-16,0.11431484984162547,0.22499999999999998,-4.711955382101955e-17,0.2381880586617256,0.225,0.0,0.23999999999999996,0.0,131.3979286119031,3.3810220415419094e-16,True,True,False
2.445,0.0019454630684693497,0.0,0.026418558914408488,1.976498124115481e-17,-1.4010914812347558e-16,1.3018437657205062e-16,0.11431484984162547,0.22499999999999998,-4.796430907840171e-17,0.2380545369315306,0.225,0.0,0.23999999999999996,0.0,131.3979286119031,3.386211601792094e-16,True,True,False
2.45,0.002076126927418903,0.0,0.02584698466520038,2.0216683134807742e-17,-1.1291257706406863e-16,1.3835185412292402e-16,0.10292120789271475,0.22499999999999998,-4.881264254303696e-17,0.23792387307258106,0.225,0.0,0.23999999999999996,0.0,131.24707679249954,3.4795299586043827e-16,True,True,False
2.455,0.0022040753356463993,0.0,0.02533237862573682,2.0646666790359757e-17,-1.1291257706406863e-16,1.3835185412292402e-16,0.10292120789271475,0.22499999999999998,-4.966497699543245e-17,0.23779592466435356,0.225,0.0,0.23999999999999996,0.0,131.24707679249954,3.4847060565833214e-16,True,True,False
2.46,0.002329450713676101,0.0,0.024817772586273257,2.1083302048970835e-17,-1.1291257706406863e-16,1.3835185412292402e-16,0.10292120789271475,0.22499999999999998,-5.052174011565746e-17,0.23767054928632386,0.225,0.0,0.23999999999999996,0.0,131.24707679249954,3.489948575124749e-16,True,True,False
2.465,0.0024522530615088967,0.0,0.024303166546809696,2.1526184152821876e-17,-1.1291257706406863e-16,1.3835185412292402e-16,0.10292120789271475,0.22499999999999998,-5.138293169841324e-17,0.23754774693849107,0.225,0.0,0.23999999999999996,0.0,131.24707679249954,3.4952575218950223e-16,True,True,False
2.47,0.0025724823791438978,0.0,0.023788560507346134,2.1974935409036593e-17,-1.1291257706406863e-16,1.3835185412292402e-16,0.10292120789271475,0.22499999999999998,-5.224855154248241e-17,0.23742751762085607,0.225,0.0,0.23999999999999996,0.0,131.24707679249954,3.500632904408091e-16,True,True,False
2.475,0.0026901386665819926,0.0,0.023273954467882572,2.2429203539995114e-17,-1.1291257706406863e-16,1.3835185412292402e-16,0.10292120789271475,0.22499999999999998,-5.311859945062191e-17,0.23730986133341797,0.225,0.0,0.23999999999999996,0.0,131.24707679249954,3.5060747300294907e-16,True,True,False
2.48,0.0028052219238231813,0.0,0.02275934842841901,2.288866007006083e-17,-1.1291257706406863e-16,1.3835185412292402e-16,0.10292120789271475,0.22499999999999998,-5.399307522945945e-17,0.23719477807617678,0.225,0.0,0.23999999999999996,0.0,131.24707679249954,3.511583005980216e-16,True,True,False
2.485,0.0029177321508665754,0.0,0.02224474238895545,2.3352998765129362e-17,-1.1291257706406863e-16,1.3835185412292402e-16,0.10292120789271475,0.22499999999999998,-5.487197868939337e-17,0.2370822678491334,0.225,0.0,0.23999999999999996,0.0,131.24707679249954,3.517157739340457e-16,True,True,False
2.49,0.0030276693477130634,0.0,0.021730136349491887,2.385030956507469e-17,-1.1291257706406863e-16,1.3835185412292402e-16,0.10292120789271475,0.22499999999999998,-5.575538515589226e-17,0.2369723306522869,0.225,0.0,0.23999999999999996,0.0,131.24707679249954,3.5227781293502043e-16,True,True,False
2.495,0.003135033514361757,0.0,0.021215530310028322,2.4402432067714703e-17,-1.1291257706406863e-16,1.3835185412292402e-16,0.10292120789271475,0.22499999999999998,-5.664412316643809e-17,0.2368649664856382,0.225,0.0,0.23999999999999996,0.0,131.24707679249954,3.52840473961412e-16,True,True,False
2.5,0.003239824650812656,0.0,0.020700924270564764,2.4960643370222778e-17,-8.281044369783894e-17,1.4686107790715156e-16,0.0918921828518526,0.22499999999999998,-5.75384134805151e-17,0.2367601753491873,0.225,0.0,0.23999999999999996,0.0,131.10105250095853,3.625867612233324e-16,True,True,False
2.505,0.0033421806198802584,0.0,0.020241463356305504,2.5354486781847222e-17,-8.281044369783894e-17,1.4686107790715156e-16,0.0918921828518526,0.22499999999999998,-5.843768933130543e-17,0.2366578193801197,0.225,0.0,0.23999999999999996,0.0,131.10105250095853,3.631433173839413e-16,True,True,False
2.5100000000000002,0.003442239284375509,0.0,0.019782002442046247,2.5750168481001633e-17,-8.281044369783894e-17,1.4686107790715156e-16,0.0918921828518526,0.22499999999999998,-5.934138746597415e-17,0.23655776071562445,0.225,0.0,0.23999999999999996,0.0,131.10105250095853,3.637073536273279e-16,True,True,False
2.515,0.003540000644300184,0.0,0.01932254152778699,2.614760501351433e-17,-8.281044369783894e-17,1.4686107790715156e-16,0.0918921828518526,0.22499999999999998,-6.024950702441961e-17,0.23645999935569978,0.225,0.0,0.23999999999999996,0.0,131.10105250095853,3.642788731653223e-16,True,True,False
2.52,0.0036354646996533957,0.0,0.018863080613527733,2.654671756355642e-17,-8.281044369783894e-17,1.4686107790715156e-16,0.0918921828518526,0.22499999999999998,-6.116204716469709e-17,0.23636453530034657,0.225,0.0,0.23999999999999996,0.0,131.10105250095853,3.648578791419514e-16,True,True,False
2.525,0.003728631450436032,0.0,0.018403619699268476,2.6947431661837367e-17,-8.281044369783894e-17,1.4686107790715156e-16,0.0918921828518526,0.225,-6.207900706251915e-17,0.23627136854956393,0.225,0.0,0.23999999999999996,0.0,131.10105250095853,3.6544437463530643e-16,True,True,False
2.5300000000000002,0.003819500896646316,0.0,0.01794415878500922,2.7349676913141785e-17,-8.281044369783894e-17,1.4686107790715156e-16,0.0918921828518526,0.225,-6.300038591077145e-17,0.23618049910335365,0.225,0.0,0.23999999999999996,0.0,131.10105250095853,3.6603836265934875e-16,True,True,False
2.535,0.003908073038286025,0.0,0.017484697870749962,2.7753386741995498e-17,-8.281044369783894e-17,1.4686107790715156e-16,0.0918921828518526,0.225,-6.392618291904659e-17,0.23609192696171394,0.225,0.0,0.23999999999999996,0.0,131.10105250095853,3.666398461656536e-16,True,True,False
2.54,0.0039943478753542705,0.0,0.01702523695649071,2.8158498155299183e-17,-8.281044369783894e-17,1.4686107790715156e-16,0.0918921828518526,0.225,-6.485639731319163e-17,0.2360056521246457,0.225,0.0,0.23999999999999996,0.0,131.10105250095853,3.672488280450968e-16,True,True,False
2.545,0.004078325407851052,0.0,0.016565776042231452,2.856495152082161e-17,-8.281044369783894e-17,1.4686107790715156e-16,0.0918921828518526,0.225,-6.579102833487195e-17,0.2359216745921489,0.225,0.0,0.23999999999999996,0.0,131.10105250095853,3.67865311129485e-16,True,True,False
2.5500000000000003,0.00416000563577637,0.0,0.016106315127972195,2.897269036050114e-17,-5.441023299035134e-17,1.5564712707567263e-16,0.0813321367625609,0.225,-6.673007524114873e-17,0.2358399943642236,0.225,0.0,0.23999999999999996,0.0,130.9612374907363,3.779761378025399e-16,True,True,False
2.555,0.004239520559706028,0.0,0.015699654444159394,2.946268209184801e-17,-5.441023299035134e-17,1.5564712707567263e-16,0.0813321367625609,0.225,-6.767391555093095e-17,0.23576047944029394,0.225,0.0,0.23999999999999996,0.0,130.9612374907363,3.7858609029153885e-16,True,True,False
2.56,0.004317002180217605,0.0,0.015292993760346605,2.995466648960651e-17,-5.441023299035134e-17,1.5564712707567263e-16,0.0813321367625609,0.225,-6.862292678798632e-17,0.23568299781978236,0.225,0.0,0.23999999999999996,0.0,130.9612374907363,3.792015938146378e-16,True,True,False
2.565,0.004392450497309325,0.0,0.014886333076533816,3.0400351401453236e-17,-5.441023299035134e-17,1.5564712707567263e-16,0.0813321367625609,0.225,-6.95771436569463e-17,0.23560754950269064,0.225,0.0,0.23999999999999996,0.0,130.9612374907363,3.798219358696577e-16,True,True,False
2.57,0.004465865510982964,0.0,0.014479672392721027,3.076379083144795e-17,-5.441023299035134e-17,1.5564712707567263e-16,0.0813321367625609,0.225,-7.053695380673823e-17,0.235534134489017,0.225,0.0,0.23999999999999996,0.0,130.9612374907363,3.804454242944465e-16,True,True,False
2.575,0.004537247221236745,0.0,0.014073011708908238,3.1127823571665097e-17,-5.441023299035134e-17,1.5564712707567263e-16,0.0813321367625609,0.225,-7.150245906136196e-17,0.23546275277876322,0.225,0.0,0.23999999999999996,0.0,130.9612374907363,3.810727682227716e-16,True,True,False
2.58,0.004606595628071558,0.0,0.013666351025095448,3.149242904722855e-17,-5.441023299035134e-17,1.5564712707567263e-16,0.0813321367625609,0.225,-7.247365477152005e-17,0.2353934043719284,0.225,0.0,0.23999999999999996,0.0,130.9612374907363,3.817039850162466e-16,True,True,False
2.585,0.004673910731487402,0.0,0.01325969034128266,3.185758759352513e-17,-5.441023299035134e-17,1.5564712707567263e-16,0.0813321367625609,0.225,-7.345053633522587e-17,0.23532608926851256,0.225,0.0,0.23999999999999996,0.0,130.9612374907363,3.82339091859813e-16,True,True,False
2.59,0.0047391925314842764,0.0,0.01285302965746987,3.2223280408144594e-17,-5.441023299035134e-17,1.5564712707567263e-16,0.0813321367625609,0.225,-7.443309919737031e-17,0.2352608074685157,0.225,0.0,0.23999999999999996,0.0,130.9612374907363,3.8297810576336246e-16,True,True,False
2.595,0.004802441028062182,0.0,0.012446368973657081,3.2589489505714735e-17,-5.441023299035134e-17,1.5564712707567263e-16,0.0813321367625609,0.225,-7.542133884928715e-17,0.23519755897193778,0.225,0.0,0.23999999999999996,0.0,130.9612374907363,3.8362104356335563e-16,True,True,False
2.6,0.004863656221221119,0.0,0.012039708289844292,3.2971709568627724e-17,-2.5099167908741455e-17,1.6483965128075793e-16,0.07132091634178173,0.225,-7.641533855372198e-17,0.23513634377877884,0.225,0.0,0.23999999999999996,0.0,130.82868893236517,3.9419416364417085e-16,True,True,False
2.605,0.004922963251216578,0.0,0.011683103708135401,3.335581395286274e-17,-2.5099167908741455e-17,1.6483965128075793e-16,0.07132091634178173,0.225,-7.741507315220937e-17,0.23507703674878339,0.225,0.0,0.23999999999999996,0.0,130.82868893236517,3.948250103463014e-16,True,True,False
2.61,0.004980487258303162,0.0,0.01132649912642651,3.374043355197726e-17,-2.5099167908741455e-17,1.6483965128075793e-16,0.07132091634178173,0.225,-7.841997004083424e-17,0.2350195127416968,0.225,0.0,0.23999999999999996,0.0,130.82868893236517,3.9546235690583114e-16,True,True,False
2.615,0.005036228242480872,0.0,0.010969894544717619,3.4125550945444654e-17,-2.5099167908741455e-17,1.6483965128075793e-16,0.07132091634178173,0.225,-7.943002915879763e-17,0.2349637717575191,0.225,0.0,0.23999999999999996,0.0,130.82868893236517,3.9610620354979833e-16,True,True,False
2.62,0.005090186203749708,0.0,0.010613289963008728,3.4421372041004487e-17,-2.5099167908741455e-17,1.6483965128075793e-16,0.07132091634178173,0.225,-8.044538761012888e-17,0.23490981379625026,0.225,0.0,0.23999999999999996,0.0,130.82868893236517,3.9675464697057187e-16,True,True,False
2.625,0.0051423611421105575,0.0,0.010256685381299837,3.464865059632222e-17,-2.5099167908741455e-17,1.6483965128075793e-16,0.07132091634178173,0.225,-8.146668274637514e-17,0.2348576388578894,0.225,0.0,0.23999999999999996,0.0,130.82868893236517,3.974059107217187e-16,True,True,False
2.63,0.0051927530575625325,0.0,0.009900080799590946,3.487593947110056e-17,-2.5099167908741455e-17,1.6483965128075793e-16,0.07132091634178173,0.225,-8.249398824825873e-17,0.23480724694243743,0.225,0.0,0.23999999999999996,0.0,130.82868893236517,3.9806085957529193e-16,True,True,False
2.6350000000000002,0.005241361950106521,0.0,0.009543476217882055,3.510323846488804e-17,-2.5099167908741455e-17,1.6483965128075793e-16,0.07132091634178173,0.225,-8.352729764907132e-17,0.23475863804989344,0.225,0.0,0.23999999999999996,0.0,130.82868893236517,3.9871951767956056e-16,True,True,False
2.64,0.005288187819741635,0.0,0.009186871636173164,3.5359430414284566e-17,-2.5099167908741455e-17,1.6483965128075793e-16,0.07132091634178173,0.225,-8.456661922815043e-17,0.23471181218025833,0.225,0.0,0.23999999999999996,0.0,130.82868893236517,3.993810510921432e-16,True,True,False
2.645,0.005333230666467875,0.0,0.008830267054464273,3.5710704949508916e-17,-2.5099167908741455e-17,1.6483965128075793e-16,0.07132091634178173,0.225,-8.56123187987927e-17,0.2346667693335321,0.225,0.0,0.23999999999999996,0.0,130.82868893236517,4.0004253004689426e-16,True,True,False
2.65,0.005376490490286129,0.0,0.008473662472755382,3.606226095595537e-17,2.0836981040336374e-18,1.744301176473217e-16,0.06191676159636061,0.225,-8.666454351991651e-17,0.23462350950971383,0.225,0.0,0.23999999999999996,0.0,130.7041779235358,4.110670264998235e-16,True,True,False
2.6550000000000002,0.005418084843129917,0.0,0.008164078664773594,3.629113725601149e-17,2.0836981040336374e-18,1.744301176473217e-16,0.06191676159636061,0.225,-8.77227841643438e-17,0.23458191515687005,0.225,0.0,0.23999999999999996,0.0,130.7041779235358,4.117183939689568e-16,True,True,False
2.66,0.005458131276933648,0.0,0.007854494856791806,3.65200181689198e-17,2.0836981040336374e-18,1.744301176473217e-16,0.06191676159636061,0.225,-8.878654132173203e-17,0.23454186872306632,0.225,0.0,0.23999999999999996,0.0,130.7041779235358,4.123758920900545e-16,True,True,False
2.665,0.00549662979169821,0.0,0.007544911048810014,3.674890360849049e-17,2.0836981040336374e-18,1.744301176473217e-16,0.06191676159636061,0.225,-8.98558144939362e-17,0.23450337020830175,0.225,0.0,0.23999999999999996,0.0,130.7041779235358,4.130395227233117e-16,True,True,False
2.67,0.005533580387421827,0.0,0.007235327240828222,3.697779349066603e-17,2.0836981040336374e-18,1.744301176473217e-16,0.06191676159636061,0.225,-9.093060319032967e-17,0.23446641961257814,0.225,0.0,0.23999999999999996,0.0,130.7041779235358,4.1370928770084833e-16,True,True,False
2.6750000000000003,0.005568983064106275,0.0,0.0069257434328464295,3.720668773345574e-17,2.0836981040336374e-18,1.744301176473217e-16,0.06191676159636061,0.225,-9.20109069276556e-17,0.2344310169358937,0.225,0.0,0.23999999999999996,0.0,130.7041779235358,4.143851888272638e-16,True,True,False
2.68,0.005602837821750667,0.0,0.006616159624864637,3.7435586256872683e-17,2.0836981040336374e-18,1.744301176473217e-16,0.06191676159636061,0.225,-9.309672522988204e-17,0.2343971621782493,0.225,0.0,0.23999999999999996,0.0,130.7041779235358,4.1506722788017703e-16,True,True,False
2.685,0.0056351446603550015,0.0,0.006306575816882845,3.766448898287283e-17,2.0836981040336374e-18,1.744301176473217e-16,0.06191676159636061,0.225,-9.418805762806117e-17,0.23436485533964496,0.225,0.0,0.23999999999999996,0.0,130.7041779235358,4.157554066107542e-16,True,True,False
2.69,0.005665903579919279,0.0,0.005996992008901053,3.789339583529652e-17,2.0836981040336374e-18,1.744301176473217e-16,0.06191676159636061,0.225,-9.528490366019092e-17,0.23433409642008068,0.225,0.0,0.23999999999999996,0.0,130.7041779235358,4.16449726744224e-16,True,True,False
2.695,0.005695114580444388,0.0,0.005687408200919261,3.8122306739811965e-17,2.0836981040336374e-18,1.744301176473217e-16,0.06191676159636061,0.225,-9.638726287108048e-17,0.23430488541955558,0.225,0.0,0.23999999999999996,0.0,130.7041779235358,4.171501899803799e-16,True,True,False
2.7,0.005722777661928552,0.0,0.005377824392937469,3.8351221623860743e-17,2.5762866901529294e-17,1.8430565974565902e-16,0.05315905134685245,0.225,-9.749513481221899e-17,0.2342772223380714,0.225,0.0,0.23999999999999996,0.0,130.58822583983232,4.285278267014192e-16,True,True,False
2.705,0.005749002295751288,0.0,0.0051120291362032185,3.863346421731065e-17,2.5762866901529294e-17,1.8430565974565902e-16,0.05315905134685245,0.225,-9.860893939179144e-17,0.23425099770424868,0.225,0.0,0.23999999999999996,0.0,130.58822583983232,4.292161784284317e-16,True,True,False
2.71,0.005773897953290336,0.0,0.004846233879468968,3.8915751091917384e-17,2.5762866901529294e-17,1.8430565974565902e-16,0.05315905134685245,0.225,-9.9729091634347e-17,0.23422610204670963,0.225,0.0,0.23999999999999996,0.0,130.58822583983232,4.299085505729477e-16,True,True,False
2.715,0.005797464634545696,0.0,0.004580438622734718,3.919808129100228e-17,2.5762866901529294e-17,1.8430565974565902e-16,0.05315905134685245,0.225,-1.0085558386278822e-16,0.23420253536545427,0.225,0.0,0.23999999999999996,0.0,130.58822583983232,4.3060497180312494e-16,True,True,False
2.72,0.005819702339517369,0.0,0.004314643366000467,3.94804538851073e-17,2.5762866901529294e-17,1.8430565974565902e-16,0.05315905134685245,0.225,-1.0198840847327016e-16,0.2341802976604826,0.225,0.0,0.23999999999999996,0.0,130.58822583983232,4.3130547051357806e-16,True,True,False
2.725,0.005840611068206242,0.0,0.004048848109266217,3.9762867971038664e-17,2.5762866901529294e-17,1.8430565974565902e-16,0.05315905134685245,0.225,-1.0312755793477588e-16,0.23415938893179372,0.225,0.0,0.23999999999999996,0.0,130.58822583983232,4.320100748269654e-16,True,True,False
2.73,0.005860190820609651,0.0,0.003783052852531968,3.9890088664887285e-17,2.5762866901529294e-17,1.8430565974565902e-16,0.05315905134685245,0.225,-1.0427331297671378e-16,0.2341398091793903,0.225,0.0,0.23999999999999996,0.0,130.58822583983232,4.32713498361126e-16,True,True,False
2.735,0.005878441596731149,0.0,0.00351725759579772,4.001206486676602e-17,2.5762866901529294e-17,1.8430565974565902e-16,0.05315905134685245,0.225,-1.054259879146523e-16,0.23412155840326881,0.225,0.0,0.23999999999999996,0.0,130.58822583983232,4.334192065417662e-16,True,True,False
2.74,0.005895363396568071,0.0,0.0032514623390634714,4.013414963965774e-17,2.5762866901529294e-17,1.8430565974565902e-16,0.05315905134685245,0.225,-1.0658556364079478e-16,0.2341046366034319,0.225,0.0,0.23999999999999996,0.0,130.58822583983232,4.3412742581238956e-16,True,True,False
2.745,0.005910956220122193,0.0,0.0029856670823292233,4.030704116447541e-17,2.5762866901529294e-17,1.8430565974565902e-16,0.05315905134685245,0.225,-1.0775211553268878e-16,0.23408904377987777,0.225,0.0,0.23999999999999996,0.0,130.58822583983232,4.3483563568874443e-16,True,True,False
2.75,0.00592522006739174,0.0,0.002719871825594975,4.049009673985219e-17,4.864911957461981e-17,1.9467585057795278e-16,0.04507087179393285,0.225,-1.089257952734358e-16,0.23407477993260822,0.225,0.0,0.23999999999999996,0.0,130.48113834255165,4.467480020334414e-16,True,True,False
2.755,0.005938256040622397,0.0,0.002494517466625332,4.060599855289927e-17,4.864911957461981e-17,1.9467585057795278e-16,0.04507087179393285,0.225,-1.1010618040257301e-16,0.23406174395937757,0.225,0.0,0.23999999999999996,0.0,130.48113834255165,4.474445289055427e-16,True,True,False
2.7600000000000002,0.005950165242058075,0.0,0.002269163107655689,4.0722037350091427e-17,4.864911957461981e-17,1.9467585057795278e-16,0.04507087179393285,0.225,-1.1129285895864506e-16,0.2340498347579419,0.225,0.0,0.23999999999999996,0.0,130.48113834255165,4.481463126756595e-16,True,True,False
2.765,0.005960947671699662,0.0,0.0020438087486860457,4.083821196373737e-17,4.864911957461981e-17,1.9467585057795278e-16,0.04507087179393285,0.225,-1.1248582680767604e-16,0.2340390523283003,0.225,0.0,0.23999999999999996,0.0,130.48113834255165,4.488533687810679e-16,True,True,False
2.77,0.005970603329545382,0.0,0.001818454389716402,4.0954521238036195e-17,4.864911957461981e-17,1.9467585057795278e-16,0.04507087179393285,0.225,-1.1368507986563231e-16,0.23402939667045458,0.225,0.0,0.23999999999999996,0.0,130.48113834255165,4.49565712472547e-16,True,True,False
2.775,0.005979132215596122,0.0,0.0015931000307467576,4.107096402894738e-17,4.864911957461981e-17,1.9467585057795278e-16,0.04507087179393285,0.225,-1.148906140977625e-16,0.23402086778440384,0.225,0.0,0.23999999999999996,0.0,130.48113834255165,4.502833588168444e-16,True,True,False
2.7800000000000002,0.005986534329852772,0.0,0.0013677456717771136,4.118753920406191e-17,4.864911957461981e-17,1.9467585057795278e-16,0.04507087179393285,0.225,-1.161024255179446e-16,0.2340134656701472,0.225,0.0,0.23999999999999996,0.0,130.48113834255165,4.510063226991137e-16,True,True,False
2.785,0.005992809672314442,0.0,0.0011423913128074694,4.1304245642474816e-17,4.864911957461981e-17,1.9467585057795278e-16,0.04507087179393285,0.225,-1.1732051018804132e-16,0.23400719032768552,0.225,0.0,0.23999999999999996,0.0,130.48113834255165,4.517346188253231e-16,True,True,False
2.79,0.005997958242981133,0.0,0.0009170369538378249,4.142108223465895e-17,4.864911957461981e-17,1.9467585057795278e-16,0.04507087179393285,0.225,-1.1854486421726148e-16,0.23400204175701883,0.225,0.0,0.23999999999999996,0.0,130.48113834255165,4.524682617246361e-16,True,True,False
2.795,0.006001980041852845,0.0,0.0006916825948681808,4.1538047882340043e-17,4.864911957461981e-17,1.9467585057795278e-16,0.04507087179393285,0.225,-1.1977548376153132e-16,0.23399801995814712,0.225,0.0,0.23999999999999996,0.0,130.48113834255165,4.53207265751764e-16,True,True,False
2.8000000000000003,0.006004875068929577,0.0,0.00046632823589853656,4.16551414983731e-17,6.737949412539572e-17,2.0536177309258386e-16,0.03766139923922234,0.225,-1.2101236502287106e-16,0.2339951249310704,0.225,0.0,0.23999999999999996,0.0,130.3830369259273,4.654940460755024e-16,True,True,False
2.805,0.006006735942618496,0.0,0.0002780212397024314,4.174319968176711e-17,6.737949412539572e-17,2.0536177309258386e-16,0.03766139923922234,0.225,-1.2225582890712744e-16,0.23399326405738147,0.225,0.0,0.23999999999999996,0.0,130.3830369259273,4.662180891943054e-16,True,True,False
2.81,0.00600765528132588,0.0,8.971424350632639e-05,4.183149326526895e-17,6.737949412539572e-17,2.0536177309258386e-16,0.03766139923922234,0.225,-1.2350618954123546e-16,0.23399234471867408,0.225,0.0,0.23999999999999996,0.0,130.3830369259273,4.669462038971864e-16,True,True,False
2.815,0.006007633085053504,0.0,9.859275268977864e-05,4.192002076145197e-17,6.737949412539572e-17,2.0536177309258386e-16,0.03766139923922234,0.225,-1.2476343313840285e-16,0.23399236691494646,0.225,0.0,0.23999999999999996,0.0,130.3830369259273,4.676784416673976e-16,True,True,False
2.82,0.006006669353799593,0.0,0.0002868997488858836,4.2008780691503644e-17,6.737949412539572e-17,2.0536177309258386e-16,0.03766139923922234,0.225,-1.2602754603737736e-16,0.23399333064620037,0.225,0.0,0.23999999999999996,0.0,130.3830369259273,4.6841485351939285e-16,True,True,False
2.825,0.006004764087564146,0.0,0.00047520674508198877,4.209777158521692e-17,6.737949412539572e-17,2.0536177309258386e-16,0.03766139923922234,0.225,-1.2729851470245272e-16,0.23399523591243582,0.225,0.0,0.23999999999999996,0.0,130.3830369259273,4.69155489998807e-16,True,True,False
2.83,0.006001917286348052,0.0,0.0006635137412780939,4.218699198098044e-17,6.737949412539572e-17,2.0536177309258386e-16,0.03766139923922234,0.225,-1.2857632572342746e-16,0.2339980827136519,0.225,0.0,0.23999999999999996,0.0,130.3830369259273,4.699004011826097e-16,True,True,False
2.835,0.00599812895015131,0.0,0.0008518207374741991,4.227644042576764e-17,6.737949412539572e-17,2.0536177309258386e-16,0.03766139923922234,0.225,-1.2986096581551797e-16,0.23400187104984865,0.225,0.0,0.23999999999999996,0.0,130.3830369259273,4.706496366794281e-16,True,True,False
2.84,0.005993399078973921,0.0,0.0010401277336703043,4.236611547512488e-17,6.737949412539572e-17,2.0536177309258386e-16,0.03766139923922234,0.225,-1.3115242181922875e-16,0.23400660092102604,0.225,0.0,0.23999999999999996,0.0,130.3830369259273,4.714032456300358e-16,True,True,False
2.845,0.005987727672814996,0.0,0.0012284347298664087,4.245601569315841e-17,6.737949412539572e-17,2.0536177309258386e-16,0.03766139923922234,0.225,-1.3245068070017782e-16,0.23401227232718497,0.225,0.0,0.23999999999999996,0.0,130.3830369259273,4.721612767079994e-16,True,True,False
2.85,0.005981114731674536,0.0,0.0014167417260625133,4.254613965252046e-17,8.429868807917613e-17,2.164738071383936e-16,0.030928092348828422,0.225,-1.3375572954888248e-16,0.23401888526832543,0.225,0.0,0.23999999999999996,0.0,130.2938879426985,4.849220878372116e-16,True,True,False
2.855,0.005973644421890439,0.0,0.0015713821878066457,4.264906451665877e-17,8.429868807917613e-17,2.164738071383936e-16,0.030928092348828422,0.225,-1.3506760695319703e-16,0.23402635557810952,0.225,0.0,0.23999999999999996,0.0,130.2938879426985,4.856635110199607e-16,True,True,False
2.86,0.005965400909797053,0.0,0.0017260226495507778,4.275219959310342e-17,8.429868807917613e-17,2.164738071383936e-16,0.030928092348828422,0.225,-1.3638635400590465e-16,0.2340345990902029,0.225,0.0,0.23999999999999996,0.0,130.2938879426985,4.864102145373496e-16,True,True,False
2.865,0.005956384195394376,0.0,0.00188066311129491,4.2855543364179437e-17,8.429868807917613e-17,2.164738071383936e-16,0.030928092348828422,0.225,-1.377119617077113e-16,0.2340436158046056,0.225,0.0,0.23999999999999996,0.0,130.2938879426985,4.871622319949417e-16,True,True,False
2.87,0.005946594278683298,0.0,0.002035303573039043,4.295909432375942e-17,8.429868807917613e-17,2.164738071383936e-16,0.030928092348828422,0.225,-1.3904442116141228e-16,0.23405340572131667,0.225,0.0,0.23999999999999996,0.0,130.2938879426985,4.879195966170726e-16,True,True,False
2.875,0.005936031159663818,0.0,0.0021899440347831747,4.3062850977197664e-17,8.429868807917613e-17,2.164738071383936e-16,0.030928092348828422,0.225,-1.4038372357097861e-16,0.23406396884033615,0.225,0.0,0.23999999999999996,0.0,130.2938879426985,4.886823412502648e-16,True,True,False
2.88,0.005924694838335937,0.0,0.002344584496527307,4.3166811841264026e-17,8.429868807917613e-17,2.164738071383936e-16,0.030928092348828422,0.225,-1.417298602406357e-16,0.23407530516166403,0.225,0.0,0.23999999999999996,0.0,130.2938879426985,4.894504983666651e-16,True,True,False
2.8850000000000002,0.005912585314698765,0.0,0.0024992249582714396,4.3270975444077194e-17,8.429868807917613e-17,2.164738071383936e-16,0.030928092348828422,0.225,-1.4308282257393748e-16,0.2340874146853012,0.225,0.0,0.23999999999999996,0.0,130.2938879426985,4.902241000675045e-16,True,True,False
2.89,0.005899702588753192,0.0,0.0026538654200155714,4.336242571947453e-17,8.429868807917613e-17,2.164738071383936e-16,0.030928092348828422,0.225,-1.4444260207283447e-16,0.23410029741124677,0.225,0.0,0.23999999999999996,0.0,130.2938879426985,4.91002941948669e-16,True,True,False
2.895,0.005886046660498329,0.0,0.002808505881759703,4.3081243601527595e-17,8.429868807917613e-17,2.164738071383936e-16,0.030928092348828422,0.225,-1.4580969232924177e-16,0.23411395333950163,0.225,0.0,0.23999999999999996,0.0,130.2938879426985,4.917790853373779e-16,True,True,False
2.9,0.005871617529935064,0.0,0.002963146343503836,4.2803580657059766e-17,9.722040537884889e-17,2.2808521776416595e-16,0.024858692977346955,0.225,-1.4718449878613028e-16,0.2341283824700649,0.225,0.0,0.23999999999999996,0.0,130.21352909502005,5.050894689638415e-16,True,True,False
2.9050000000000002,0.0058564910645552415,0.0,0.003087439808390551,4.275038314129163e-17,9.722040537884889e-17,2.2808521776416595e-16,0.024858692977346955,0.225,-1.4856672703789525e-16,0.23414350893544472,0.225,0.0,0.23999999999999996,0.0,130.21352909502005,5.05853114170273e-16,True,True,False
2.91,0.0058407431318515945,0.0,0.0032117332732772663,4.269835713167667e-17,9.722040537884889e-17,2.2808521776416595e-16,0.024858692977346955,0.225,-1.4995610318364026e-16,0.23415925686814837,0.225,0.0,0.23999999999999996,0.0,130.21352909502005,5.066221483943125e-16,True,True,False
2.915,0.005824373731823235,0.0,0.003336026738163981,4.264750691560221e-17,9.722040537884889e-17,2.2808521776416595e-16,0.024858692977346955,0.225,-1.513526129568124e-16,0.23417562626817673,0.225,0.0,0.23999999999999996,0.0,130.21352909502005,5.07396624910755e-16,True,True,False
2.92,0.005807382864470162,0.0,0.003460320203050696,4.259783670380029e-17,9.722040537884889e-17,2.2808521776416595e-16,0.024858692977346955,0.225,-1.5275624225096399e-16,0.2341926171355298,0.225,0.0,0.23999999999999996,0.0,130.21352909502005,5.081765963965232e-16,True,True,False
2.9250000000000003,0.005789770529792376,0.0,0.0035846136679374115,4.2549350628723987e-17,9.722040537884889e-17,2.2808521776416595e-16,0.024858692977346955,0.225,-1.5416697711888106e-16,0.2342102294702076,0.225,0.0,0.23999999999999996,0.0,130.21352909502005,5.089621149339222e-16,True,True,False
2.93,0.005771536727790766,0.0,0.0037089071328241267,4.250205274294072e-17,9.722040537884889e-17,2.2808521776416595e-16,0.024858692977346955,0.225,-1.555848037716716e-16,0.2342284632722092,0.225,0.0,0.23999999999999996,0.0,130.21352909502005,5.097532320140443e-16,True,True,False
2.935,0.0057526814584644426,0.0,0.003833200597710842,4.245594701754394e-17,9.722040537884889e-17,2.2808521776416595e-16,0.024858692977346955,0.225,-1.5700970857781453e-16,0.23424731854153552,0.225,0.0,0.23999999999999996,0.0,130.21352909502005,5.105499985403211e-16,True,True,False
2.94,0.005733204721813406,0.0,0.003957494062597557,4.2411037340584393e-17,9.722040537884889e-17,2.2808521776416595e-16,0.024858692977346955,0.225,-1.5844167806217234e-16,0.23426679527818656,0.225,0.0,0.23999999999999996,0.0,130.21352909502005,5.11352464832208e-16,True,True,False
2.945,0.005713106517838545,0.0,0.004081787527484272,4.2367327515522514e-17,9.722040537884889e-17,2.2808521776416595e-16,0.024858692977346955,0.225,-1.598806989049696e-16,0.23428689348216142,0.225,0.0,0.23999999999999996,0.0,130.21352909502005,5.121606806290008e-16,True,True,False
2.95,0.0056923868465389715,0.0,0.0042060809923709875,4.232482125970316e-17,1.0715441350799257e-16,2.4009849824158863e-16,0.01943303760593537,0.225,-1.6132675794073907e-16,0.234307613153461,0.225,0.0,0.23999999999999996,0.0,130.1416934179026,5.259335736205169e-16,True,True,False
2.955,0.005671113528606858,0.0,0.004303246180400655,4.2334375182718e-17,1.0715441350799257e-16,2.4009849824158863e-16,0.01943303760593537,0.225,-1.6277998615623238e-16,0.2343288864713931,0.225,0.0,0.23999999999999996,0.0,130.1416934179026,5.267256424758825e-16,True,True,False
2.96,0.005649354384735267,0.0,0.004400411368430321,4.234477615550288e-17,1.0715441350799257e-16,2.4009849824158863e-16,0.01943303760593537,0.225,-1.6424051264511058e-16,0.2343506456152647,0.225,0.0,0.23999999999999996,0.0,130.1416934179026,5.275237290630043e-16,True,True,False
2.965,0.005627109414922421,0.0,0.004497576556459986,4.2356023554051543e-17,1.0715441350799257e-16,2.4009849824158863e-16,0.01943303760593537,0.225,-1.6570832167565344e-16,0.23437289058507754,0.225,0.0,0.23999999999999996,0.0,130.1416934179026,5.283278921279679e-16,True,True,False
2.97,0.005604378619170097,0.0,0.0045947417444896525,4.236811670426597e-17,1.0715441350799257e-16,2.4009849824158863e-16,0.01943303760593537,0.225,-1.6718339770568317e-16,0.23439562138082987,0.225,0.0,0.23999999999999996,0.0,130.1416934179026,5.291381897090646e-16,True,True,False
2.975,0.0055811619974782956,0.0,0.004691906932519319,4.2381054882157436e-17,1.0715441350799257e-16,2.4009849824158863e-16,0.01943303760593537,0.225,-1.686657253812974e-16,0.23441883800252167,0.225,0.0,0.23999999999999996,0.0,130.1416934179026,5.299546791415167e-16,True,True,False
2.98,0.0055574595498452395,0.0,0.004789072120548985,4.239483731406204e-17,1.0715441350799257e-16,2.4009849824158863e-16,0.01943303760593537,0.225,-1.7015528953555913e-16,0.23444254045015472,0.225,0.0,0.23999999999999996,0.0,130.1416934179026,5.307774170623743e-16,True,True,False
2.985,0.005533271276272705,0.0,0.004886237308578651,4.240946317687058e-17,1.0715441350799257e-16,2.4009849824158863e-16,0.01943303760593537,0.225,-1.7165207518714101e-16,0.23446672872372726,0.225,0.0,0.23999999999999996,0.0,130.1416934179026,5.316064594155734e-16,True,True,False
2.99,0.005508597176759805,0.0,0.0049834024966083175,4.2424931598272544e-17,1.0715441350799257e-16,2.4009849824158863e-16,0.01943303760593537,0.22500000000000003,-1.7315606753893184e-16,0.23449140282324016,0.225,0.0,0.23999999999999996,0.0,130.1416934179026,5.324418614571437e-16,True,True,False
2.995,0.005483437251306539,0.0,0.005080567684637983,4.244124165701416e-17,1.0715441350799257e-16,2.4009849824158863e-16,0.01943303760593537,0.22500000000000003,-1.746672519766032e-16,0.23451656274869342,0.225,0.0,0.23999999999999996,0.0,130.1416934179026,5.332836777605591e-16,True,True,False
3.0,0.005457791499912906,0.0,0.00517773287266765,4.2356314404924764e-17,1.137502463772607e-16,2.5260085117165866e-16,0.014624683945140663,0.22500000000000003,-1.7618565824479122e-16,0.23454220850008706,0.225,0.0,0.23999999999999996,0.0,130.07803081543364,5.476062868832095e-16,True,True,False
3.005,0.0054317200270007915,0.0,0.005250856292393332,4.2164838408944667e-17,1.137502463772607e-16,2.5260085117165866e-16,0.014624683945140663,0.22500000000000003,-1.777115371674773e-16,0.23456827997299917,0.225,0.0,0.23999999999999996,0.0,130.07803081543364,5.484319781562272e-16,True,True,False
3.0100000000000002,0.005405282936989414,0.0,0.005323979712119012,4.197718404331613e-17,1.137502463772607e-16,2.5260085117165866e-16,0.014624683945140663,0.22500000000000003,-1.7924485998303399e-16,0.23459471706301055,0.225,0.0,0.23999999999999996,0.0,130.07803081543364,5.492643834156105e-16,True,True,False
3.015,0.005378480229879662,0.0,0.005397103131844693,4.17934027859768e-17,1.137502463772607e-16,2.5260085117165866e-16,0.014624683945140663,0.22500000000000003,-1.807856081423145e-16,0.2346215197701203,0.225,0.0,0.23999999999999996,0.0,130.07803081543364,5.501035719284063e-16,True,True,False
3.02,0.005351311905670647,0.0,0.0054702265515703735,4.1706369256363206e-17,1.137502463772607e-16,2.5260085117165866e-16,0.014624683945140663,0.22500000000000003,-1.8233379108568873e-16,0.23464868809432932,0.225,0.0,0.23999999999999996,0.0,130.07803081543364,5.509470802574289e-16,True,True,False
3.025,0.005323777964363258,0.0,0.005543349971296054,4.164973876041278e-17,1.137502463772607e-16,2.5260085117165866e-16,0.014624683945140663,0.22500000000000003,-1.8388945581691972e-16,0.2346762220356367,0.225,0.0,0.23999999999999996,0.0,130.07803081543364,5.517968136552978e-16,True,True,False
3.0300000000000002,0.005295878405957494,0.0,0.005616473391021734,4.159503111591571e-17,1.137502463772607e-16,2.5260085117165866e-16,0.014624683945140663,0.22500000000000003,-1.8545258842434586e-16,0.23470412159404247,0.225,0.0,0.23999999999999996,0.0,130.07803081543364,5.526536144421836e-16,True,True,False
3.035,0.005267613230453355,0.0,0.005689596810747416,4.154225391957223e-17,1.137502463772607e-16,2.5260085117165866e-16,0.014624683945140663,0.22500000000000003,-1.8702317270346845e-16,0.2347323867695466,0.225,0.0,0.23999999999999996,0.0,130.07803081543364,5.53517543129643e-16,True,True,False
3.04,0.005238982437849954,0.0,0.005762720230473096,4.1491414537989487e-17,1.137502463772607e-16,2.5260085117165866e-16,0.014624683945140663,0.22500000000000003,-1.8860119266553285e-16,0.23476101756215,0.225,0.0,0.23999999999999996,0.0,130.07803081543364,5.543886594235937e-16,True,True,False
3.045,0.005209986028148178,0.0,0.005835843650198777,4.141223913669401e-17,1.137502463772607e-16,2.5260085117165866e-16,0.014624683945140663,0.22500000000000003,-1.9018668701581864e-16,0.23479001397185179,0.225,0.0,0.23999999999999996,0.0,130.07803081543364,5.552626293912178e-16,True,True,False
3.0500000000000003,0.005180624001348028,0.0,0.005908967069924458,4.1326396609727956e-17,1.1658191258891134e-16,2.657014243723936e-16,0.010402359263352562,0.22500000000000003,-1.9177976509425051e-16,0.23481937599865194,0.225,0.0,0.23999999999999996,0.0,130.02212723664678,5.702566915674153e-16,True,True,False
3.055,0.00515094913650796,0.0,0.005960978866241206,4.1235549683129044e-17,1.1658191258891134e-16,2.657014243723936e-16,0.010402359263352562,0.22500000000000003,-1.9338039349718463e-16,0.234849050863492,0.225,0.0,0.23999999999999996,0.0,130.02212723664678,5.711229493698918e-16,True,True,False
3.06,0.005121014212685543,0.0,0.006012990662557954,4.1147618424031394e-17,1.1658191258891134e-16,2.657014243723936e-16,0.010402359263352562,0.22500000000000003,-1.9498853636391517e-16,0.23487898578731442,0.225,0.0,0.23999999999999996,0.0,130.02212723664678,5.7199695296922e-16,True,True,False
3.065,0.005090819229881666,0.0,0.006065002458874702,4.106262156321959e-17,1.1658191258891134e-16,2.657014243723936e-16,0.010402359263352562,0.22500000000000003,-1.9660417955618305e-16,0.2349091807701183,0.225,0.0,0.23999999999999996,0.0,130.02212723664678,5.728787551611138e-16,True,True,False
3.0700000000000003,0.005060364188096328,0.0,0.00611701425519145,4.098057735919906e-17,1.1658191258891134e-16,2.657014243723936e-16,0.010402359263352562,0.22500000000000003,-1.9822730913600624e-16,0.23493963581190364,0.225,0.0,0.23999999999999996,0.0,130.02212723664678,5.737684079934044e-16,True,True,False
3.075,0.005029649087330418,0.0,0.006169026051508199,4.090150358015002e-17,1.1658191258891134e-16,2.657014243723936e-16,0.010402359263352562,0.22500000000000003,-1.9985791136321346e-16,0.23497035091266955,0.225,0.0,0.23999999999999996,0.0,130.02212723664678,5.746659627752478e-16,True,True,False
3.08,0.004998673927582159,0.0,0.006221037847824947,4.082541748611232e-17,1.1658191258891134e-16,2.657014243723936e-16,0.010402359263352562,0.22500000000000003,-2.0149597269297644e-16,0.2350013260724178,0.225,0.0,0.23999999999999996,0.0,130.02212723664678,5.755714700863441e-16,True,True,False
3.085,0.0049674387088515515,0.0,0.006273049644141695,4.075233581143934e-17,1.1658191258891134e-16,2.657014243723936e-16,0.010402359263352562,0.22500000000000003,-2.0314147977333856e-16,0.2350325612911484,0.225,0.0,0.23999999999999996,0.0,130.02212723664678,5.764849797861614e-16,True,True,False
3.09,0.004935943431140372,0.0,0.006325061440458442,4.068227474755916e-17,1.1658191258891134e-16,2.657014243723936e-16,0.010402359263352562,0.22500000000000003,-2.0479441944274596e-16,0.2350640565688596,0.225,0.0,0.23999999999999996,0.0,130.02212723664678,5.774065410231579e-16,True,True,False
3.095,0.004904188094447731,0.0,0.00637707323677519,4.0615249926081625e-17,1.1658191258891134e-16,2.657014243723936e-16,0.010402359263352562,0.22500000000000003,-2.0645477872758103e-16,0.23509581190555223,0.225,0.0,0.23999999999999996,0.0,130.02212723664678,5.783362022439923e-16,True,True,False
3.1,0.004872172698772742,0.0,0.006429085033091937,4.055127640228936e-17,1.1676365749501297e-16,2.791915306711061e-16,0.006731238576814673,0.22500000000000003,-2.081225448396999e-16,0.23512782730122722,0.225,0.0,0.23999999999999996,0.0,129.97352159875703,5.937999252443326e-16,True,True,False
3.105,0.0048399431331253295,0.0,0.006462741225976003,4.053109603829627e-17,1.1676365749501297e-16,2.791915306711061e-16,0.006731238576814673,0.22500000000000003,-2.0979784069359264e-16,0.23516005686687463,0.225,0.0,0.23999999999999996,0.0,129.97352159875703,5.947146457560413e-16,True,True,False
3.11,0.004807545286512754,0.0,0.006496397418860068,4.0513271297775845e-17,1.1676365749501297e-16,2.791915306711061e-16,0.006731238576814673,0.22500000000000003,-2.1148078918923937e-16,0.2351924547134872,0.225,0.0,0.23999999999999996,0.0,129.97352159875703,5.956379549726461e-16,True,True,False
3.115,0.004774979158936793,0.0,0.006530053611744135,4.049780529114692e-17,1.1676365749501297e-16,2.791915306711061e-16,0.006731238576814673,0.22500000000000003,-2.1317137779790348e-16,0.23522502084106317,0.225,0.0,0.23999999999999996,0.0,129.97352159875703,5.965698996795118e-16,True,True,False
3.12,0.004742244750395669,0.0,0.0065637098046282,4.0484700721667365e-17,1.1676365749501297e-16,2.791915306711061e-16,0.006731238576814673,0.22500000000000003,-2.1486959417802935e-16,0.2352577552496043,0.225,0.0,0.23999999999999996,0.0,129.97352159875703,5.97510525963023e-16,True,True,False
3.125,0.00470934206089027,0.0,0.0065973659975122655,4.047395988307998e-17,1.1676365749501297e-16,2.791915306711061e-16,0.006731238576814673,0.22500000000000003,-2.1657542617250203e-16,0.2352906579391097,0.225,0.0,0.23999999999999996,0.0,129.97352159875703,5.984598792208179e-16,True,True,False
3.13,0.004676271090420597,0.0,0.006631022190396331,4.0465584657610326e-17,1.1676365749501297e-16,2.791915306711061e-16,0.006731238576814673,0.22500000000000003,-2.182888618059256e-16,0.23532372890957937,0.225,0.0,0.23999999999999996,0.0,129.97352159875703,5.994180041719503e-16,True,True,False
3.1350000000000002,0.00464303183898665,0.0,0.0066646783832803955,4.045957651432051e-17,1.1676365749501297e-16,2.791915306711061e-16,0.006731238576814673,0.22500000000000003,-2.2000988928192442e-16,0.2353569681610133,0.225,0.0,0.23999999999999996,0.0,129.97352159875703,6.003849448669708e-16,True,True,False
3.14,0.00460962430658754,0.0,0.006698334576164461,4.045593650782231e-17,1.1676365749501297e-16,2.791915306711061e-16,0.006731238576814673,0.22500000000000003,-2.2173849698046376e-16,0.23539037569341242,0.225,0.0,0.23999999999999996,0.0,129.97352159875703,6.013607446979279e-16,True,True,False
3.145,0.004576048493225043,0.0,0.0067319907690485264,4.043768722053468e-17,1.1676365749501297e-16,2.791915306711061e-16,0.006731238576814673,0.22500000000000003,-2.2347467998673807e-16,0.23542395150677492,0.225,0.0,0.23999999999999996,0.0,129.97352159875703,6.023437648956183e-16,True,True,False
3.15,0.004542304398897384,0.0,0.006765646961932591,4.033874443475486e-17,1.1380565432490086e-16,2.9325948660326616e-16,0.0035740620266202366,0.22500000000000003,-2.252186296345208e-16,0.23545769560110258,0.225,0.0,0.23999999999999996,0.0,129.93172058123244,6.184656415211029e-16,True,True,False
3.1550000000000002,0.004508431488312509,0.0,0.006783517272065678,4.0270749553064007e-17,1.1380565432490086e-16,2.9325948660326616e-16,0.0035740620266202366,0.22500000000000003,-2.2697043309862857e-16,0.23549156851168745,0.225,0.0,0.23999999999999996,0.0,129.93172058123244,6.194356276492612e-16,True,True,False
3.16,0.004474469226177474,0.0,0.006801387582198766,4.020758893635146e-17,1.1380565432490086e-16,2.9325948660326616e-16,0.0035740620266202366,0.22500000000000003,-2.287300550706433e-16,0.2355255307738225,0.225,0.0,0.23999999999999996,0.0,129.93172058123244,6.204150122558431e-16,True,True,False
3.165,0.004440417612491393,0.0,0.006819257892331854,4.014928539961191e-17,1.1380565432490086e-16,2.9325948660326616e-16,0.0035740620266202366,0.22500000000000003,-2.3049748415858356e-16,0.23555958238750857,0.225,0.0,0.23999999999999996,0.0,129.93172058123244,6.214038378812931e-16,True,True,False
3.17,0.004406276647254265,0.0,0.00683712820246494,4.009586013094416e-17,1.1380565432490086e-16,2.9325948660326616e-16,0.0035740620266202366,0.22500000000000003,-2.322727091472986e-16,0.2355937233527457,0.225,0.0,0.23999999999999996,0.0,129.93172058123244,6.224021464057238e-16,True,True,False
3.1750000000000003,0.0043720463304660895,0.0,0.0068549985125980276,4.0047332653959054e-17,1.1380565432490086e-16,2.9325948660326616e-16,0.0035740620266202366,0.22500000000000003,-2.340557189955883e-16,0.23562795366953387,0.225,0.0,0.23999999999999996,0.0,129.93172058123244,6.234099790596737e-16,True,True,False
3.18,0.0043377266621277555,0.0,0.006872868822731115,4.0003720792813035e-17,1.1380565432490086e-16,2.9325948660326616e-16,0.0035740620266202366,0.22500000000000003,-2.358465028333585e-16,0.2356622733378722,0.225,0.0,0.23999999999999996,0.0,129.93172058123244,6.244273764347321e-16,True,True,False
3.185,0.004303317642239263,0.0,0.006890739132864201,4.0024315113358315e-17,1.1380565432490086e-16,2.9325948660326616e-16,0.0035740620266202366,0.22500000000000003,-2.376451415464584e-16,0.2356966823577607,0.225,0.0,0.23999999999999996,0.0,129.93172058123244,6.254477331633699e-16,True,True,False
3.19,0.004268819270799723,0.0,0.00690860944299729,4.005942627889513e-17,1.1380565432490086e-16,2.9325948660326616e-16,0.0035740620266202366,0.22500000000000003,-2.394517962723385e-16,0.23573118072920024,0.225,0.0,0.23999999999999996,0.0,129.93172058123244,6.264763758060975e-16,True,True,False
3.1950000000000003,0.004234231547809136,0.0,0.006926479753130378,4.0096986408871404e-17,1.1380565432490086e-16,2.9325948660326616e-16,0.0035740620266202366,0.22500000000000003,-2.4126646469089385e-16,0.23576576845219083,0.225,0.0,0.23999999999999996,0.0,129.93172058123244,6.275146535005341e-16,True,True,False
3.2,0.004199554473268391,0.0,0.006944350063263465,4.010408291508084e-17,1.0773969522360672e-16,3.079619751353084e-16,0.0008921016181882187,0.22500000000000003,-2.4308919444318137e-16,0.23580044552673157,0.225,0.0,0.23999999999999996,0.0,129.8962114254248,6.443693625534919e-16,True,True,False
3.205,0.004164821571681548,0.0,0.006948810571354393,4.011495463245013e-17,1.0773969522360672e-16,3.079619751353084e-16,0.0008921016181882187,0.22500000000000003,-2.4492000055971155e-16,0.23583517842831841,0.225,0.0,0.23999999999999996,0.0,129.8962114254248,6.454005700086797e-16,True,True,False
3.21,0.004130066367554447,0.0,0.006953271079445322,4.0129636008436384e-17,1.0773969522360672e-16,3.079619751353084e-16,0.0008921016181882187,0.22500000000000003,-2.467588345480274e-16,0.23586993363244552,0.225,0.0,0.23999999999999996,0.0,129.8962114254248,6.464419002536298e-16,True,True,False
3.215,0.004095288860887086,0.0,0.006957731587536251,4.0148122863688964e-17,1.0773969522360672e-16,3.079619751353084e-16,0.0008921016181882187,0.22500000000000003,-2.4860568724340736e-16,0.23590471113911288,0.225,0.0,0.23999999999999996,0.0,129.8962114254248,6.474933875116533e-16,True,True,False
3.22,0.0040604890516785785,0.0,0.0069621920956271805,4.0170409944240595e-17,1.0773969522360672e-16,3.079619751353084e-16,0.0008921016181882187,0.22500000000000003,-2.504605496263778e-16,0.23593951094832138,0.225,0.0,0.23999999999999996,0.0,129.8962114254248,6.485550654636682e-16,True,True,False
3.225,0.0040256669399307,0.0,0.00696665260371811,4.0196490928948405e-17,1.0773969522360672e-16,3.079619751353084e-16,0.0008921016181882187,0.22500000000000003,-2.523234128201273e-16,0.23597433306006926,0.225,0.0,0.23999999999999996,0.0,129.8962114254248,6.496269672578583e-16,True,True,False
3.23,0.003990822525641674,0.0,0.006971113111809039,4.0226358438416076e-17,1.0773969522360672e-16,3.079619751353084e-16,0.0008921016181882187,0.22500000000000003,-2.541942680879622e-16,0.2360091774743583,0.225,0.0,0.23999999999999996,0.0,129.8962114254248,6.50709125519171e-16,True,True,False
3.235,0.003955955808812389,0.0,0.006975573619899968,4.026000404536782e-17,1.0773969522360672e-16,3.079619751353084e-16,0.0008921016181882187,0.22500000000000003,-2.5607310683080793e-16,0.23604404419118757,0.225,0.0,0.23999999999999996,0.0,129.8962114254248,6.518015723586538e-16,True,True,False
3.24,0.003921066789442845,0.0,0.006980034127990896,4.0297418286440476e-17,1.0773969522360672e-16,3.079619751353084e-16,0.0008921016181882187,0.22500000000000003,-2.5795992058474953e-16,0.23607893321055712,0.225,0.0,0.23999999999999996,0.0,129.8962114254248,6.529043393826324e-16,True,True,False
3.245,0.003886155467532154,0.0,0.006984494636081825,4.03385906753554e-17,1.0773969522360672e-16,3.079619751353084e-16,0.0008921016181882187,0.22500000000000003,-2.5985470101861755e-16,0.2361138445324678,0.225,0.0,0.23999999999999996,0.0,129.8962114254248,6.540174577017296e-16,True,True,False
3.25,0.003851221843082092,0.0,0.006988955144172754,4.038350971742799e-17,1.0022822405833615e-16,3.231292163843334e-16,-0.0013540119461120867,0.22500000000000003,-2.617574399316136e-16,0.23614877815691787,0.225,0.0,0.23999999999999996,0.0,129.86647288183346,6.7144220136724e-16,True,True,False
3.255,0.0038162939925102946,0.0,0.006982185084442177,4.042846327953227e-17,1.0022822405833615e-16,3.231292163843334e-16,-0.0013540119461120867,0.22500000000000003,-2.636683021199172e-16,0.23618370600748967,0.225,0.0,0.23999999999999996,0.0,129.86647288183346,6.725400903281615e-16,True,True,False
3.2600000000000002,0.003781399992237061,0.0,0.0069754150247116,4.0477776729308644e-17,1.0022822405833615e-16,3.231292163843334e-16,-0.0013540119461120867,0.22500000000000003,-2.6558745379286676e-16,0.2362186000077629,0.225,0.0,0.23999999999999996,0.0,129.86647288183346,6.736487147903846e-16,True,True,False
3.265,0.00374653984226328,0.0,0.006968644964981023,4.0531434153104117e-17,1.0022822405833615e-16,3.231292163843334e-16,-0.0013540119461120867,0.22500000000000003,-2.6751488902788196e-16,0.23625346015773668,0.225,0.0,0.23999999999999996,0.0,129.86647288183346,6.74768096870272e-16,True,True,False
3.27,0.003711713542588063,0.0,0.006961874905250446,4.060230175946418e-17,1.0022822405833615e-16,3.231292163843334e-16,-0.0013540119461120867,0.22500000000000003,-2.694506404461761e-16,0.2362882864574119,0.225,0.0,0.23999999999999996,0.0,129.86647288183346,6.758954172339746e-16,True,True,False
3.275,0.0036769210932105223,0.0,0.0069551048455198695,4.0684033936447716e-17,1.0022822405833615e-16,3.231292163843334e-16,-0.0013540119461120867,0.22500000000000003,-2.713948443726377e-16,0.23632307890678944,0.225,0.0,0.23999999999999996,0.0,129.86647288183346,6.770317804239852e-16,True,True,False
3.2800000000000002,0.0036421624941324338,0.0,0.006948334785789292,4.0768949977623097e-17,1.0022822405833615e-16,3.231292163843334e-16,-0.0013540119461120867,0.22500000000000003,-2.733475103135809e-16,0.23635783750586753,0.225,0.0,0.23999999999999996,0.0,129.86647288183346,6.781788192995023e-16,True,True,False
3.285,0.0036074377453529094,0.0,0.006941564726058715,4.0857030031248036e-17,1.0022822405833615e-16,3.231292163843334e-16,-0.0013540119461120867,0.22500000000000003,-2.7530863506129363e-16,0.23639256225464705,0.225,0.0,0.23999999999999996,0.0,129.86647288183346,6.793365458389075e-16,True,True,False
3.29,0.003572746846871949,0.0,0.006934794666328138,4.094426405214123e-17,1.0022822405833615e-16,3.231292163843334e-16,-0.0013540119461120867,0.22500000000000003,-2.7727821989249173e-16,0.23642725315312801,0.225,0.0,0.23999999999999996,0.0,129.86647288183346,6.805039537318528e-16,True,True,False
3.295,0.003538089798689553,0.0,0.006928024606597561,4.101564113196714e-17,1.0022822405833615e-16,3.231292163843334e-16,-0.0013540119461120867,0.22500000000000003,-2.792563994105517e-16,0.2364619102013104,0.225,0.0,0.23999999999999996,0.0,129.86647288183346,6.816769605412976e-16,True,True,False
3.3000000000000003,0.0035034666008057214,0.0,0.006921254546866984,4.109177712090413e-17,8.963327786096691e-17,3.390738750630373e-16,-0.0032035913092001156,0.22500000000000003,-2.812432527251959e-16,0.23649653339919424,0.225,0.0,0.23999999999999996,0.0,129.8419844510662,6.999865540255801e-16,True,True,False
3.305,0.0034689003729621304,0.0,0.0069052365903209765,4.1199743517176405e-17,8.963327786096691e-17,3.390738750630373e-16,-0.0032035913092001156,0.22500000000000003,-2.832387316794849e-16,0.23653109962703783,0.225,0.0,0.23999999999999996,0.0,129.8419844510662,7.011536555370882e-16,True,True,False
3.31,0.0034344142349022333,0.0,0.006889218633774969,4.131086251147925e-17,8.963327786096691e-17,3.390738750630373e-16,-0.0032035913092001156,0.22500000000000003,-2.852427874125208e-16,0.23656558576509773,0.225,0.0,0.23999999999999996,0.0,129.8419844510662,7.023320971561058e-16,True,True,False
3.315,0.0034000081866242537,0.0,0.006873200677228962,4.142510873416903e-17,8.963327786096691e-17,3.390738750630373e-16,-0.0032035913092001156,0.22500000000000003,-2.8725541466635507e-16,0.2365999918133757,0.225,0.0,0.23999999999999996,0.0,129.8419844510662,7.035218985170987e-16,True,True,False
3.3200000000000003,0.003365682228129968,0.0,0.006857182720682954,4.1542456384610616e-17,8.963327786096691e-17,3.390738750630373e-16,-0.0032035913092001156,0.22500000000000003,-2.892766082669106e-16,0.23663431777187,0.225,0.0,0.23999999999999996,0.0,129.8419844510662,7.0472307894133405e-16,True,True,False
3.325,0.0033314363594176,0.0,0.006841164764136948,4.1662879256371443e-17,8.963327786096691e-17,3.390738750630373e-16,-0.0032035913092001156,0.22500000000000003,-2.913063631223459e-16,0.23666856364058236,0.225,0.0,0.23999999999999996,0.0,129.8419844510662,7.059356574429924e-16,True,True,False
3.33,0.0032972705804889257,0.0,0.00682514680759094,4.1786350762286715e-17,8.963327786096691e-17,3.390738750630373e-16,-0.0032035913092001156,0.22500000000000003,-2.933446742214551e-16,0.23670272941951104,0.225,0.0,0.23999999999999996,0.0,129.8419844510662,7.071596527351412e-16,True,True,False
3.335,0.003263184891342169,0.0,0.006809128851044932,4.191284395935089e-17,8.963327786096691e-17,3.390738750630373e-16,-0.0032035913092001156,0.22500000000000003,-2.9539153663210176e-16,0.2367368151086578,0.225,0.0,0.23999999999999996,0.0,129.8419844510662,7.083950832355831e-16,True,True,False
3.34,0.003229179291978218,0.0,0.006793110894498924,4.2042331573392734e-17,8.963327786096691e-17,3.390738750630373e-16,-0.0032035913092001156,0.22500000000000003,-2.974469454996884e-16,0.23677082070802175,0.225,0.0,0.23999999999999996,0.0,129.8419844510662,7.096419670725713e-16,True,True,False
3.345,0.003195253782397073,0.0,0.006777092937952917,4.217478602349344e-17,8.963327786096691e-17,3.390738750630373e-16,-0.0032035913092001156,0.22500000000000003,-2.9951089604565845e-16,0.2368047462176029,0.225,0.0,0.23999999999999996,0.0,129.8419844510662,7.109003220904045e-16,True,True,False
3.35,0.0031614083625987333,0.0,0.0067610749814069095,4.231017944610945e-17,7.874086775557041e-17,3.55504310359246e-16,-0.004695312259331785,0.22500000000000003,-3.015833835660308e-16,0.23683859163740123,0.225,0.0,0.23999999999999996,0.0,129.82223406568644,7.298085253768062e-16,True,True,False
3.355,0.0031276616790942013,0.0,0.006737598420110239,4.244371108654234e-17,7.874086775557041e-17,3.55504310359246e-16,-0.004695312259331785,0.22500000000000003,-3.036646172788313e-16,0.23687233832090576,0.225,0.0,0.23999999999999996,0.0,129.82223406568644,7.310501160379006e-16,True,True,False
3.36,0.0030940323783971435,0.0,0.006714121858813571,4.2581518708242065e-17,7.874086775557041e-17,3.55504310359246e-16,-0.004695312259331785,0.22500000000000003,-3.057548079268095e-16,0.23690596762160282,0.225,0.0,0.23999999999999996,0.0,129.82223406568644,7.323033976582938e-16,True,True,False
3.365,0.0030605204605066716,0.0,0.006690645297516903,4.2723560933862464e-17,7.874086775557041e-17,3.55504310359246e-16,-0.004695312259331785,0.22500000000000003,-3.0785395316502985e-16,0.2369394795394933,0.225,0.0,0.23999999999999996,0.0,129.82223406568644,7.33568378994546e-16,True,True,False
3.37,0.0030271259254218974,0.0,0.006667168736220234,4.2869795671371543e-17,7.874086775557041e-17,3.55504310359246e-16,-0.004695312259331785,0.22500000000000003,-3.0996205068510843e-16,0.23697287407457807,0.225,0.0,0.23999999999999996,0.0,129.82223406568644,7.34845068666728e-16,True,True,False
3.375,0.0029938487731445973,0.0,0.006643692174923566,4.302018016707312e-17,7.874086775557041e-17,3.55504310359246e-16,-0.004695312259331785,0.22500000000000003,-3.120790982144824e-16,0.23700615122685537,0.225,0.0,0.23999999999999996,0.0,129.82223406568644,7.361334751611435e-16,True,True,False
3.38,0.002960689003672995,0.0,0.006620215613626896,4.317467105811362e-17,7.874086775557041e-17,3.55504310359246e-16,-0.004695312259331785,0.22500000000000003,-3.142050935156985e-16,0.23703931099632697,0.225,0.0,0.23999999999999996,0.0,129.82223406568644,7.374336068329903e-16,True,True,False
3.3850000000000002,0.0029276466170079785,0.0,0.006596739052330229,4.335639286788335e-17,7.874086775557041e-17,3.55504310359246e-16,-0.004695312259331785,0.22500000000000003,-3.163402456728553e-16,0.23707235338299198,0.225,0.0,0.23999999999999996,0.0,129.82223406568644,7.387353796725392e-16,True,True,False
3.39,0.002894721613149548,0.0,0.006573262491033559,4.3540171355295984e-17,7.874086775557041e-17,3.55504310359246e-16,-0.004695312259331785,0.22500000000000003,-3.1848479535750523e-16,0.23710527838685042,0.225,0.0,0.23999999999999996,0.0,129.82223406568644,7.400480282036876e-16,True,True,False
3.395,0.0028619139920977033,0.0,0.006549785929736891,4.3722668670272865e-17,7.874086775557041e-17,3.55504310359246e-16,-0.004695312259331785,0.22500000000000003,-3.206387454441285e-16,0.23713808600790226,0.225,0.0,0.23999999999999996,0.0,129.82223406568644,7.413713103986956e-16,True,True,False
3.4,0.0028292237538524445,0.0,0.006526309368440222,4.3895131592955045e-17,6.551646300422838e-17,3.7277001777740214e-16,-0.005866740266426109,0.22500000000000003,-3.2280218639219276e-16,0.23717077624614752,0.225,0.0,0.23999999999999996,0.0,129.8067243588725,7.612276049293677e-16,True,True,False
3.4050000000000002,0.002796665541263371,0.0,0.006496975667108068,4.408037361946362e-17,6.551646300422838e-17,3.7277001777740214e-16,-0.005866740266426109,0.22500000000000003,-3.2497505390504796e-16,0.2372033344587366,0.225,0.0,0.23999999999999996,0.0,129.8067243588725,7.625426334500913e-16,True,True,False
3.41,0.002764253997180971,0.0,0.006467641965775914,4.426809173684673e-17,6.551646300422838e-17,3.7277001777740214e-16,-0.005866740266426109,0.22500000000000003,-3.271572276677166e-16,0.237235746002819,0.225,0.0,0.23999999999999996,0.0,129.8067243588725,7.638699152043116e-16,True,True,False
3.415,0.002731989121605244,0.0,0.00643830826444376,4.445825458038092e-17,6.551646300422838e-17,3.7277001777740214e-16,-0.005866740266426109,0.22500000000000003,-3.2934870540664345e-16,0.23726801087839472,0.225,0.0,0.23999999999999996,0.0,129.8067243588725,7.65209458682039e-16,True,True,False
3.42,0.002699870914537078,0.0,0.0064089745631116055,4.465083091463983e-17,6.551646300422838e-17,3.7277001777740214e-16,-0.005866740266426109,0.22500000000000003,-3.315494848835788e-16,0.23730012908546289,0.225,0.0,0.23999999999999996,0.0,129.8067243588725,7.665612722414458e-16,True,True,False
3.4250000000000003,0.002667899375974697,0.0,0.006379640861779451,4.4845789647672173e-17,6.551646300422838e-17,3.7277001777740214e-16,-0.005866740266426109,0.22500000000000003,-3.337595638948732e-16,0.23733210062402527,0.225,0.0,0.23999999999999996,0.0,129.8067243588725,7.679253641114966e-16,True,True,False
3.43,0.0026360745059189894,0.0,0.006350307160447297,4.5043099844487564e-17,6.551646300422838e-17,3.7277001777740214e-16,-0.005866740266426109,0.22500000000000003,-3.3597894027079153e-16,0.23736392549408097,0.225,0.0,0.23999999999999996,0.0,129.8067243588725,7.69301742394514e-16,True,True,False
3.435,0.0026043963043699547,0.0,0.006320973459115143,4.52427307398592e-17,6.551646300422838e-17,3.7277001777740214e-16,-0.005866740266426109,0.22500000000000003,-3.382076118748415e-16,0.23739560369563,0.225,0.0,0.23999999999999996,0.0,129.8067243588725,7.706904150686816e-16,True,True,False
3.44,0.002572864771327593,0.0,0.006291639757782988,4.5444651750453937e-17,6.551646300422838e-17,3.7277001777740214e-16,-0.005866740266426109,0.22500000000000003,-3.4044557660311923e-16,0.23742713522867237,0.225,0.0,0.23999999999999996,0.0,129.8067243588725,7.720913899904897e-16,True,True,False
3.4450000000000003,0.0025414799067919047,0.0,0.006262306056450834,4.564883248630114e-17,6.551646300422838e-17,3.7277001777740214e-16,-0.005866740266426109,0.22500000000000003,-3.426928323836705e-16,0.23745852009320806,0.225,0.0,0.23999999999999996,0.0,129.8067243588725,7.735046748971225e-16,True,True,False
3.45,0.0025102417107628894,0.0,0.00623297235511868,4.585524276161275e-17,5.2816345414909725e-17,3.9059862675655197e-16,-0.006753952978338043,0.22500000000000003,-3.44949377175866e-16,0.23748975828923707,0.225,0.0,0.23999999999999996,0.0,129.7949776625668,7.940498227105089e-16,True,True,False
3.455,0.0024791612733995605,0.0,0.006199202590226974,4.607516223719171e-17,5.2816345414909725e-17,3.9059862675655197e-16,-0.006753952978338043,0.22500000000000003,-3.4721548537694567e-16,0.2375208387266004,0.225,0.0,0.23999999999999996,0.0,129.7949776625668,7.954438467541684e-16,True,True,False
3.46,0.0024482496848600432,0.0,0.006165432825335268,4.629605521945703e-17,5.2816345414909725e-17,3.9059862675655197e-16,-0.006753952978338043,0.22500000000000003,-3.4949143263465567e-16,0.23755175031513992,0.225,0.0,0.23999999999999996,0.0,129.7949776625668,7.968501005863048e-16,True,True,False
3.465,0.002417506945146114,0.0,0.006131663060443562,4.651790784015196e-17,5.2816345414909725e-17,3.9059862675655197e-16,-0.006753952978338043,0.22500000000000003,-3.517772187997167e-16,0.23758249305485385,0.225,0.0,0.23999999999999996,0.0,129.7949776625668,7.98268584764362e-16,True,True,False
3.47,0.0023869330542559963,0.0,0.006097893295551856,4.6740706434639044e-17,5.2816345414909725e-17,3.9059862675655197e-16,-0.006753952978338043,0.22500000000000003,-3.540728437250488e-16,0.23761306694574397,0.225,0.0,0.23999999999999996,0.0,129.7949776625668,7.996992998375744e-16,True,True,False
3.475,0.0023565280121896903,0.0,0.006064123530660151,4.6965536353198535e-17,5.2816345414909725e-17,3.9059862675655197e-16,-0.006753952978338043,0.22500000000000003,-3.5637839016314766e-16,0.23764347198781027,0.225,0.0,0.23999999999999996,0.0,129.7949776625668,8.011364163467166e-16,True,True,False
3.48,0.0023262918189498605,0.0,0.006030353765768445,4.719352055053156e-17,5.2816345414909725e-17,3.9059862675655197e-16,-0.006753952978338043,0.22500000000000003,-3.5869405021679764e-16,0.2376737081810501,0.225,0.0,0.23999999999999996,0.0,129.7949776625668,8.025838609088208e-16,True,True,False
3.485,0.002296224474532954,0.0,0.005996584000876738,4.742453374055784e-17,5.2816345414909725e-17,3.9059862675655197e-16,-0.006753952978338043,0.22500000000000003,-3.6101983142076204e-16,0.237703775525467,0.225,0.0,0.23999999999999996,0.0,129.7949776625668,8.040433909207115e-16,True,True,False
3.49,0.0022663259789407475,0.0,0.005962814235985032,4.765708237963251e-17,5.2816345414909725e-17,3.9059862675655197e-16,-0.006753952978338043,0.22500000000000003,-3.633557539597199e-16,0.23773367402105922,0.225,0.0,0.23999999999999996,0.0,129.7949776625668,8.055128516613484e-16,True,True,False
3.495,0.0022365963321732407,0.0,0.005929044471093326,4.78884062701307e-17,5.2816345414909725e-17,3.9059862675655197e-16,-0.006753952978338043,0.22500000000000003,-3.657020396702904e-16,0.23776340366782672,0.225,0.0,0.23999999999999996,0.0,129.7949776625668,8.069904045541015e-16,True,True,False
3.5,0.0022070355342304337,0.0,0.005895274706201621,4.8120223875569365e-17,3.8192238863383355e-17,4.093843556787478e-16,-0.007391248266323071,0.22500000000000003,-3.6805874853158763e-16,0.23779296446576953,0.225,0.0,0.23999999999999996,0.0,129.78653987295388,8.286160592424081e-16,True,True,False
3.505,0.0021776515513027006,0.0,0.005858318464869997,4.836255983860343e-17,3.8192238863383355e-17,4.093843556787478e-16,-0.007391248266323071,0.22500000000000003,-3.704257646397805e-16,0.23782234844869726,0.225,0.0,0.23999999999999996,0.0,129.78653987295388,8.300848073516273e-16,True,True,False
3.5100000000000002,0.0021484523495821917,0.0,0.005821362223538372,4.8606130485841284e-17,3.8192238863383355e-17,4.093843556787478e-16,-0.007391248266323071,0.22500000000000003,-3.7280297210799704e-16,0.23785154765041777,0.225,0.0,0.23999999999999996,0.0,129.78653987295388,8.315665375727385e-16,True,True,False
3.515,0.0021194379290671306,0.0,0.005784405982206748,4.8850917348882134e-17,3.8192238863383355e-17,4.093843556787478e-16,-0.007391248266323071,0.22500000000000003,-3.7519037035921424e-16,0.23788056207093283,0.225,0.0,0.23999999999999996,0.0,129.78653987295388,8.330612520604889e-16,True,True,False
3.52,0.002090608289760182,0.0,0.005747449740875123,4.909690223633817e-17,3.8192238863383355e-17,4.093843556787478e-16,-0.007391248266323071,0.22500000000000003,-3.7758795882500397e-16,0.23790939171023978,0.225,0.0,0.23999999999999996,0.0,129.78653987295388,8.345689529375274e-16,True,True,False
3.525,0.002061963431658681,0.0,0.0057104934995435,4.9344067231414296e-17,3.8192238863383355e-17,4.093843556787478e-16,-0.007391248266323071,0.22500000000000003,-3.799957369453659e-16,0.23793803656834128,0.225,0.0,0.23999999999999996,0.0,129.78653987295388,8.360896422950321e-16,True,True,False
3.5300000000000002,0.0020335033547644044,0.0,0.005673537258211876,4.9592394689394365e-17,3.8192238863383355e-17,4.093843556787478e-16,-0.007391248266323071,0.22500000000000003,-3.8241370416856256e-16,0.23796649664523556,0.225,0.0,0.23999999999999996,0.0,129.78653987295388,8.376233221933254e-16,True,True,False
3.535,0.0020052280590764637,0.0,0.005636581016880251,4.9841867235042055e-17,3.8192238863383355e-17,4.093843556787478e-16,-0.007391248266323071,0.22500000000000003,-3.8484185995095856e-16,0.2379947719409235,0.225,0.0,0.23999999999999996,0.0,129.78653987295388,8.391699946624735e-16,True,True,False
3.54,0.0019771375445957473,0.0,0.005599624775548627,5.0092467759923724e-17,3.8192238863383355e-17,4.093843556787478e-16,-0.007391248266323071,0.22500000000000003,-3.8728020375686503e-16,0.23802286245540422,0.225,0.0,0.23999999999999996,0.0,129.78653987295388,8.407296617028715e-16,True,True,False
3.545,0.001949231811321367,0.0,0.005562668534217003,5.03441794196607e-17,3.8192238863383355e-17,4.093843556787478e-16,-0.007391248266323071,0.22500000000000003,-3.8972873505838523e-16,0.2380507681886786,0.225,0.0,0.23999999999999996,0.0,129.78653987295388,8.423023252858133e-16,True,True,False
3.5500000000000003,0.0019215108592533225,0.0,0.005525712292885378,5.0596985631117683e-17,2.5110974603913987e-17,4.287593224213115e-16,-0.007810927869578887,0.22500000000000003,-3.921874533352668e-16,0.23807848914074664,0.225,0.0,0.23999999999999996,0.0,129.78098331500675,8.646476187906114e-16,True,True,False
3.555,0.001893979934387252,0.0,0.0054866576535374635,5.085146699661799e-17,2.5110974603913987e-17,4.287593224213115e-16,-0.007810927869578887,0.22500000000000003,-3.9465667046141095e-16,0.2381060200656127,0.225,0.0,0.23999999999999996,0.0,129.78098331500675,8.66198058463843e-16,True,True,False
3.56,0.0018666442827179053,0.0,0.00544760301418955,5.110620600880946e-17,2.5110974603913987e-17,4.287593224213115e-16,-0.007810927869578887,0.22500000000000003,-3.971366985520486e-16,0.23813335571728206,0.225,0.0,0.23999999999999996,0.0,129.78098331500675,8.677613391065049e-16,True,True,False
3.565,0.001839503904245282,0.0,0.005408548374841636,5.1361198834098123e-17,2.5110974603913987e-17,4.287593224213115e-16,-0.007810927869578887,0.22500000000000003,-3.9962753745443095e-16,0.23816049609575468,0.225,0.0,0.23999999999999996,0.0,129.78098331500675,8.693374612889965e-16,True,True,False
3.5700000000000003,0.0018125587989693825,0.0,0.005369493735493721,5.1616441710861835e-17,2.5110974603913987e-17,4.287593224213115e-16,-0.007810927869578887,0.22500000000000003,-4.021291870179539e-16,0.23818744120103058,0.225,0.0,0.23999999999999996,0.0,129.78098331500675,8.709264255737098e-16,True,True,False
3.575,0.0017858089668902066,0.0,0.005330439096145808,5.188723754059991e-17,2.5110974603913987e-17,4.287593224213115e-16,-0.007810927869578887,0.22500000000000003,-4.046417469631822e-16,0.23821419103310976,0.225,0.0,0.23999999999999996,0.0,129.78098331500675,8.725212073056385e-16,True,True,False
3.58,0.0017592544080077543,0.0,0.005291384456797893,5.2162648647526467e-17,2.5110974603913987e-17,4.287593224213115e-16,-0.007810927869578887,0.22500000000000003,-4.0716540133514024e-16,0.2382407455919922,0.225,0.0,0.23999999999999996,0.0,129.78098331500675,8.741273374754992e-16,True,True,False
3.585,0.0017328951223220257,0.0,0.005252329817449978,5.2439707813987155e-17,2.5110974603913987e-17,4.287593224213115e-16,-0.007810927869578887,0.22500000000000003,-4.097001535112712e-16,0.23826710487767794,0.225,0.0,0.23999999999999996,0.0,129.78098331500675,8.757462147097954e-16,True,True,False
3.59,0.0017067311098330207,0.0,0.005213275178102063,5.270963683704874e-17,2.5110974603913987e-17,4.287593224213115e-16,-0.007810927869578887,0.22500000000000003,-4.1224602519952113e-16,0.23829326889016694,0.225,0.0,0.23999999999999996,0.0,129.78098331500675,8.773754520613463e-16,True,True,False
3.595,0.0016807623705407393,0.0,0.00517422053875415,5.2964999565358196e-17,2.5110974603913987e-17,4.287593224213115e-16,-0.007810927869578887,0.22500000000000003,-4.1480325926995495e-16,0.23831923762945922,0.225,0.0,0.23999999999999996,0.0,129.78098331500675,8.790130345514625e-16,True,True,False
3.6,0.0016549889044460697,0.0,0.005135165899406237,5.322042298962972e-17,1.0864229575258056e-17,4.491893228577203e-16,-0.008043147221245411,0.22500000000000003,-4.1737192028141678e-16,0.2383450110955539,0.225,0.0,0.23999999999999996,0.0,129.7779087307907,9.025446384322094e-16,True,True,False
3.605,0.0016294136142892823,0.0,0.005094950163299995,5.349408992199261e-17,1.0864229575258056e-17,4.491893228577203e-16,-0.008043147221245411,0.22500000000000003,-4.1995189318567046e-16,0.23837058638571068,0.225,0.0,0.23999999999999996,0.0,129.7779087307907,9.041717779142336e-16,True,True,False
3.61,0.001604039402813312,0.0,0.0050547344271937526,5.376817997541815e-17,1.0864229575258056e-17,4.491893228577203e-16,-0.008043147221245411,0.22500000000000003,-4.225430642890181e-16,0.23839596059718665,0.225,0.0,0.23999999999999996,0.0,129.7779087307907,9.058125919422853e-16,True,True,False
3.615,0.0015788662700172706,0.0,0.00501451869108751,5.4042686712036124e-17,1.0864229575258056e-17,4.491893228577203e-16,-0.008043147221245411,0.22500000000000003,-4.251454335889194e-16,0.2384211337299827,0.225,0.0,0.23999999999999996,0.0,129.7779087307907,9.074670805258538e-16,True,True,False
3.62,0.0015538942159020463,0.0,0.004974302954981268,5.431760381442849e-17,1.0864229575258056e-17,4.491893228577203e-16,-0.008043147221245411,0.22500000000000003,-4.277590010828693e-16,0.23844610578409792,0.225,0.0,0.23999999999999996,0.0,129.7779087307907,9.091352436742937e-16,True,True,False
3.625,0.0015291232404676391,0.0,0.004934087218875027,5.4592925083079675e-17,1.0864229575258056e-17,4.491893228577203e-16,-0.008043147221245411,0.22500000000000003,-4.3038376676839794e-16,0.23847087675953232,0.225,0.0,0.23999999999999996,0.0,129.7779087307907,9.108170813968256e-16,True,True,False
3.63,0.0015045533437131609,0.0,0.004893871482768785,5.4868644433883045e-17,1.0864229575258056e-17,4.491893228577203e-16,-0.008043147221245411,0.22500000000000003,-4.3301973064307116e-16,0.2384954466562868,0.225,0.0,0.23999999999999996,0.0,129.7779087307907,9.125125937025402e-16,True,True,False
3.6350000000000002,0.0014801845256394996,0.0,0.0048536557466625435,5.514475589570256e-17,1.0864229575258056e-17,4.491893228577203e-16,-0.008043147221245411,0.22500000000000003,-4.3566689270448878e-16,0.23851981547436046,0.225,0.0,0.23999999999999996,0.0,129.7779087307907,9.142217806004008e-16,True,True,False
3.64,0.0014560167862466555,0.0,0.004813440010556302,5.542125360798835e-17,1.0864229575258056e-17,4.491893228577203e-16,-0.008043147221245411,0.22500000000000003,-4.3832525295028415e-16,0.2385439832137533,0.225,0.0,0.23999999999999996,0.0,129.7779087307907,9.15944642099244e-16,True,True,False
3.645,0.0014320501255346285,0.0,0.00477322427445006,5.569813181844527e-17,1.0864229575258056e-17,4.491893228577203e-16,-0.008043147221245411,0.22500000000000003,-4.409948113781241e-16,0.23856794987446533,0.225,0.0,0.23999999999999996,0.0,129.7779087307907,9.176811782077849e-16,True,True,False
3.65,0.0014082845435025304,0.0,0.004733008538343819,5.597538488075316e-17,-1.38163631213517e-18,4.702679604572595e-16,-0.008115822623188183,0.22500000000000003,-4.43675567985707e-16,0.23859171545649743,0.225,0.0,0.23999999999999996,0.0,129.776946508469,9.42000301749101e-16,True,True,False
3.6550000000000002,0.0013847209485934597,0.0,0.004692429425227871,5.624707474015092e-17,-1.38163631213517e-18,4.702679604572595e-16,-0.008115822623188183,0.22500000000000003,-4.463678525223096e-16,0.2386152790514065,0.225,0.0,0.23999999999999996,0.0,129.776946508469,9.43711433004402e-16,True,True,False
3.66,0.0013613602492496268,0.0,0.004651850312111923,5.651877122390808e-17,-1.38163631213517e-18,4.702679604572595e-16,-0.008115822623188183,0.22500000000000003,-4.490719940734964e-16,0.23863863975075034,0.225,0.0,0.23999999999999996,0.0,129.776946508469,9.454361683660637e-16,True,True,False
3.665,0.00133820244547192,0.0,0.004611271198995975,5.679047423694804e-17,-1.38163631213517e-18,4.702679604572595e-16,-0.008115822623188183,0.22500000000000003,-4.517879916565606e-16,0.23866179755452804,0.225,0.0,0.23999999999999996,0.0,129.776946508469,9.471745115037479e-16,True,True,False
3.67,0.001315247537260339,0.0,0.004570692085880028,5.706218368600276e-17,-1.38163631213517e-18,4.702679604572595e-16,-0.008115822623188183,0.22500000000000003,-4.5451584430212335e-16,0.23868475246273962,0.225,0.0,0.23999999999999996,0.0,129.776946508469,9.489264660373545e-16,True,True,False
3.6750000000000003,0.0012924955246131076,0.0,0.0045301129727640796,5.736032599500953e-17,-1.38163631213517e-18,4.702679604572595e-16,-0.008115822623188183,0.22500000000000003,-4.572556851327526e-16,0.23870750447538686,0.225,0.0,0.23999999999999996,0.0,129.776946508469,9.506830747977833e-16,True,True,False
3.68,0.0012699464075328903,0.0,0.004489533859648132,5.766005871952938e-17,-1.38163631213517e-18,4.702679604572595e-16,-0.008115822623188183,0.22500000000000003,-4.600076661479512e-16,0.23873005359246707,0.225,0.0,0.23999999999999996,0.0,129.776946508469,9.524529677870826e-16,True,True,False
3.685,0.0012476001860170227,0.0,0.004448954746532184,5.79604714100153e-17,-1.38163631213517e-18,4.702679604572595e-16,-0.008115822623188183,0.22500000000000003,-4.627717859734488e-16,0.23875239981398294,0.225,0.0,0.23999999999999996,0.0,129.776946508469,9.54236458697145e-16,True,True,False
3.69,0.001225456860067281,0.0,0.004408375633416236,5.824898748273378e-17,-1.38163631213517e-18,4.702679604572595e-16,-0.008115822623188183,0.22500000000000003,-4.655480663407046e-16,0.23877454313993268,0.225,0.0,0.23999999999999996,0.0,129.776946508469,9.560309296911666e-16,True,True,False
3.6950000000000003,0.0012035164296827772,0.0,0.004367796520300288,5.851602747575367e-17,-1.38163631213517e-18,4.702679604572595e-16,-0.008115822623188183,0.22500000000000003,-4.683367591993973e-16,0.2387964835703172,0.225,0.0,0.23999999999999996,0.0,129.776946508469,9.578342364690488e-16,True,True,False
3.7,0.0011817788948643992,0.0,0.0043272174071843405,5.878309460132061e-17,-1.40047485217413e-17,4.925072137631214e-16,-0.008054587555958797,0.22500000000000003,-4.711379305157998e-16,0.23881822110513556,0.225,0.0,0.23999999999999996,0.0,129.7777572607591,9.834553388160082e-16,True,True,False
3.705,0.0011602434901728798,0.0,0.004286944469404536,5.907371130453059e-17,-1.40047485217413e-17,4.925072137631214e-16,-0.008054587555958797,0.22500000000000003,-4.739514836337824e-16,0.23883975650982708,0.225,0.0,0.23999999999999996,0.0,129.7777572607591,9.852467551458519e-16,True,True,False
3.71,0.0011389094501698394,0.0,0.004246671531624732,5.936439205342157e-17,-1.40047485217413e-17,4.925072137631214e-16,-0.008054587555958797,0.22500000000000003,-4.767773239774641e-16,0.23886109054983012,0.225,0.0,0.23999999999999996,0.0,129.7777572607591,9.870526717016708e-16,True,True,False
3.715,0.0011177767748561662,0.0,0.004206398593844927,5.965513591177006e-17,-1.40047485217413e-17,4.925072137631214e-16,-0.008054587555958797,0.22500000000000003,-4.796154512551891e-16,0.2388822232251438,0.225,0.0,0.23999999999999996,0.0,129.7777572607591,9.88873089572579e-16,True,True,False
3.72,0.0010968454642318604,0.0,0.004166125656065123,5.99459419613144e-17,-1.40047485217413e-17,4.925072137631214e-16,-0.008054587555958797,0.22500000000000003,-4.8246586517933055e-16,0.2389031545357681,0.225,0.0,0.23999999999999996,0.0,129.7777572607591,9.907080098326462e-16,True,True,False
3.725,0.0010761155182960336,0.0,0.0041258527182853185,6.023680930133078e-17,-1.40047485217413e-17,4.925072137631214e-16,-0.008054587555958797,0.22500000000000003,-4.853285654662174e-16,0.23892388448170393,0.225,0.0,0.23999999999999996,0.0,129.7777572607591,9.92557433541168e-16,True,True,False
3.73,0.001055586937048686,0.0,0.004085579780505514,6.052773704822119e-17,-1.40047485217413e-17,4.925072137631214e-16,-0.008054587555958797,0.22500000000000003,-4.882035518360631e-16,0.23894441306295128,0.225,0.0,0.23999999999999996,0.0,129.7777572607591,9.944213617429385e-16,True,True,False
3.735,0.0010352597204907055,0.0,0.00404530684272571,6.081872433511264e-17,-1.40047485217413e-17,4.925072137631214e-16,-0.008054587555958797,0.22500000000000003,-4.910908240128937e-16,0.23896474027950926,0.225,0.0,0.23999999999999996,0.0,129.7777572607591,9.962997954685103e-16,True,True,False
3.74,0.0010151338686220923,0.0,0.004005033904945905,6.11097703114677e-17,-1.40047485217413e-17,4.925072137631214e-16,-0.008054587555958797,0.22500000000000003,-4.939903817244803e-16,0.23898486613137787,0.225,0.0,0.23999999999999996,0.0,129.7777572607591,9.981927357344516e-16,True,True,False
3.745,0.00099520938144107,0.0,0.003964760967166101,6.140087414270546e-17,-1.40047485217413e-17,4.925072137631214e-16,-0.008054587555958797,0.22500000000000003,-4.969022247022721e-16,0.2390047906185589,0.225,0.0,0.23999999999999996,0.0,129.7777572607591,1.0001001835435985e-15,True,True,False
3.75,0.0009754862589494151,0.0,0.003924488029386297,6.169203500983309e-17,-2.440591414126825e-17,5.154561330582997e-16,-0.007882790549155548,0.22500000000000003,-4.9982635268133e-16,0.23902451374105055,0.225,0.0,0.23999999999999996,0.0,129.78003185312917,1.0265798582138357e-15,True,True,False
3.755,0.0009559623536844752,0.0,0.0038850740766405057,6.197476138030617e-17,-2.440591414126825e-17,5.154561330582997e-16,-0.007882790549155548,0.22500000000000003,-5.027631029952401e-16,0.2390440376463155,0.225,0.0,0.23999999999999996,0.0,129.78003185312917,1.02845875360344e-15,True,True,False
3.7600000000000002,0.0009366355181835984,0.0,0.0038456601238947147,6.22575704086853e-17,-2.440591414126825e-17,5.154561330582997e-16,-0.007882790549155548,0.22500000000000003,-5.057128117879708e-16,0.23906336448181637,0.225,0.0,0.23999999999999996,0.0,129.78003185312917,1.030352262269274e-15,True,True,False
3.765,0.0009175057524458963,0.0,0.0038062461711489246,6.254046097362911e-17,-2.440591414126825e-17,5.154561330582997e-16,-0.007882790549155548,0.22500000000000003,-5.086754770422459e-16,0.23908249424755407,0.225,0.0,0.23999999999999996,0.0,129.78003185312917,1.032260391744341e-15,True,True,False
3.77,0.0008985730564722572,0.0,0.0037668322184031336,6.282834974791456e-17,-2.440591414126825e-17,5.154561330582997e-16,-0.007882790549155548,0.22500000000000003,-5.116511024771356e-16,0.2391014269435277,0.225,0.0,0.23999999999999996,0.0,129.78003185312917,1.0341818853905181e-15,True,True,False
3.775,0.0008798374302617928,0.0,0.0037274182656573435,6.314097063866183e-17,-2.440591414126825e-17,5.154561330582997e-16,-0.007882790549155548,0.22500000000000003,-5.146398630534244e-16,0.23912016256973817,0.225,0.0,0.23999999999999996,0.0,129.78003185312917,1.0361117091443562e-15,True,True,False
3.7800000000000002,0.0008612988738153915,0.0,0.003688004312911553,6.345377810049455e-17,-2.440591414126825e-17,5.154561330582997e-16,-0.007882790549155548,0.22500000000000003,-5.176418612501697e-16,0.23913870112618457,0.225,0.0,0.23999999999999996,0.0,129.78003185312917,1.0380562041967631e-15,True,True,False
3.785,0.0008429573871330531,0.0,0.0036485903601657624,6.376676938774317e-17,-2.440591414126825e-17,5.154561330582997e-16,-0.007882790549155548,0.22500000000000003,-5.206570929675583e-16,0.2391570426128669,0.225,0.0,0.23999999999999996,0.0,129.78003185312917,1.04001537856999e-15,True,True,False
3.79,0.0008248129702138896,0.0,0.003609176407419972,6.406698989054609e-17,-2.440591414126825e-17,5.154561330582997e-16,-0.007882790549155548,0.22500000000000003,-5.236855792378103e-16,0.23917518702978607,0.225,0.0,0.23999999999999996,0.0,129.78003185312917,1.0419854257735624e-15,True,True,False
3.795,0.000806865623058789,0.0,0.0035697624546741813,6.434506206216641e-17,-2.440591414126825e-17,5.154561330582997e-16,-0.007882790549155548,0.22500000000000003,-5.26727572452728e-16,0.23919313437694117,0.225,0.0,0.23999999999999996,0.0,129.78003185312917,1.0439634295068178e-15,True,True,False
3.8000000000000003,0.0007891153456668631,0.0,0.0035303485019283908,6.462337506399776e-17,-3.449574255501227e-17,5.396748397311409e-16,-0.007621527682748189,0.22500000000000003,-5.297831381401251e-16,0.2392108846543331,0.225,0.0,0.23999999999999996,0.0,129.7834909734804,1.0718667997123312e-15,True,True,False
3.805,0.0007715588722531364,0.0,0.003492240863514638,6.492795968287077e-17,-3.449574255501227e-17,5.396748397311409e-16,-0.007621527682748189,0.22500000000000003,-5.328522082066246e-16,0.23922844112774683,0.225,0.0,0.23999999999999996,0.0,129.7834909734804,1.0738317652595473e-15,True,True,False
3.81,0.0007541929370317446,0.0,0.0034541332251008853,6.523254794373158e-17,-3.449574255501227e-17,5.396748397311409e-16,-0.007621527682748189,0.22500000000000003,-5.359347167015333e-16,0.23924580706296822,0.225,0.0,0.23999999999999996,0.0,129.7834909734804,1.0758122919341996e-15,True,True,False
3.815,0.0007370175400026879,0.0,0.0034160255866871325,6.55371397958011e-17,-3.449574255501227e-17,5.396748397311409e-16,-0.007621527682748189,0.22500000000000003,-5.390306626655181e-16,0.23926298245999728,0.225,0.0,0.23999999999999996,0.0,129.7834909734804,1.0778083833186715e-15,True,True,False
3.8200000000000003,0.0007200326811650781,0.0,0.0033779179482733798,6.584173518923917e-17,-3.449574255501227e-17,5.396748397311409e-16,-0.007621527682748189,0.22500000000000003,-5.421400451522544e-16,0.23927996731883489,0.225,0.0,0.23999999999999996,0.0,129.7834909734804,1.0798200429467746e-15,True,True,False
3.825,0.0007032383605198034,0.0,0.003339810309859627,6.61463340751232e-17,-3.449574255501227e-17,5.396748397311409e-16,-0.007621527682748189,0.22500000000000003,-5.452628632281927e-16,0.23929676163948016,0.225,0.0,0.23999999999999996,0.0,129.7834909734804,1.0818472743046086e-15,True,True,False
3.83,0.0006866345780668637,0.0,0.0033017026714458743,6.645093640542698e-17,-3.449574255501227e-17,5.396748397311409e-16,-0.007621527682748189,0.22500000000000003,-5.483991159723334e-16,0.2393133654219331,0.225,0.0,0.23999999999999996,0.0,129.7834909734804,1.0838900808314088e-15,True,True,False
3.835,0.0006702213338053709,0.0,0.003263595033032121,6.675554213300031e-17,-3.449574255501227e-17,5.396748397311409e-16,-0.007621527682748189,0.22500000000000003,-5.515488024760072e-16,0.2393297786661946,0.225,0.0,0.23999999999999996,0.0,129.7834909734804,1.0859484659203716e-15,True,True,False
3.84,0.0006539986277362131,0.0,0.0032254873946183683,6.706015121154923e-17,-3.449574255501227e-17,5.396748397311409e-16,-0.007621527682748189,0.22500000000000003,-5.547119218426567e-16,0.23934600137226375,0.225,0.0,0.23999999999999996,0.0,129.7834909734804,1.0880224329194618e-15,True,True,False
3.845,0.0006379664598593904,0.0,0.0031873797562046156,6.736476359561652e-17,-3.449574255501227e-17,5.396748397311409e-16,-0.007621527682748189,0.22500000000000003,-5.578884731876239e-16,0.23936203354014057,0.225,0.0,0.23999999999999996,0.0,129.7834909734804,1.0901119851322045e-15,True,True,False
3.85,0.0006221248301749027,0.0,0.003149272117790863,6.766937924056301e-17,-4.235223523147452e-17,5.646712392132446e-16,-0.007289703431218604,0.22500000000000003,-5.610784556379462e-16,0.23937787516982506,0.225,0.0,0.23999999999999996,0.0,129.78788432657066,1.1189547503686376e-15,True,True,False
3.855,0.000606469590878872,0.0,0.0031128236006347583,6.796670220214586e-17,-4.235223523147452e-17,5.646712392132446e-16,-0.007289703431218604,0.22500000000000003,-5.642822105554868e-16,0.2393935304091211,0.225,0.0,0.23999999999999996,0.0,129.78788432657066,1.121012722622773e-15,True,True,False
3.86,0.0005909965941683082,0.0,0.003076375083478653,6.826435428004907e-17,-4.235223523147452e-17,5.646712392132446e-16,-0.007289703431218604,0.22500000000000003,-5.675000780017205e-16,0.23940900340583166,0.225,0.0,0.23999999999999996,0.0,129.78788432657066,1.123086604924156e-15,True,True,False
3.865,0.0005757058400432113,0.0,0.0030399265663225484,6.856233118785972e-17,-4.235223523147452e-17,5.646712392132446e-16,-0.007289703431218604,0.22500000000000003,-5.707320551996447e-16,0.23942429415995675,0.225,0.0,0.23999999999999996,0.0,129.78788432657066,1.1251764076427934e-15,True,True,False
3.87,0.0005605973285044696,0.0,0.0030034780491664434,6.886731334654007e-17,-4.235223523147452e-17,5.646712392132446e-16,-0.007289703431218604,0.22500000000000003,-5.739781470026972e-16,0.2394394026714955,0.225,0.0,0.23999999999999996,0.0,129.78788432657066,1.1272802040124694e-15,True,True,False
3.875,0.0005456710595520831,0.0,0.0029670295320103385,6.919439298580936e-17,-4.235223523147452e-17,5.646712392132446e-16,-0.007289703431218604,0.22500000000000003,-5.772385443558548e-16,0.23945432894044788,0.225,0.0,0.23999999999999996,0.0,129.78788432657066,1.1293936388034845e-15,True,True,False
3.88,0.0005309270331851634,0.0,0.0029305810148542335,6.952149141498588e-17,-4.235223523147452e-17,5.646712392132446e-16,-0.007289703431218604,0.22500000000000003,-5.805133281620447e-16,0.2394690729668148,0.225,0.0,0.23999999999999996,0.0,129.78788432657066,1.1315231244909855e-15,True,True,False
3.8850000000000002,0.0005163652494037108,0.0,0.0028941324976981286,6.984860837009232e-17,-4.235223523147452e-17,5.646712392132446e-16,-0.007289703431218604,0.22500000000000003,-5.838024958334578e-16,0.23948363475059625,0.225,0.0,0.23999999999999996,0.0,129.78788432657066,1.1336686707384874e-15,True,True,False
3.89,0.000501985708207725,0.0,0.0028576839805420236,7.016442447849278e-17,-4.235223523147452e-17,5.646712392132446e-16,-0.007289703431218604,0.22500000000000003,-5.871060682278707e-16,0.23949801429179224,0.225,0.0,0.23999999999999996,0.0,129.78788432657066,1.1358261197435161e-15,True,True,False
3.895,0.00048778840959809444,0.0,0.0028212354633859187,7.046104337031464e-17,-4.235223523147452e-17,5.646712392132446e-16,-0.007289703431218604,0.22500000000000003,-5.904242998055314e-16,0.23951221159040187,0.225,0.0,0.23999999999999996,0.0,129.78788432657066,1.1379923814775122e-15,True,True,False
3.9,0.0004737733535739308,0.0,0.0027847869462298137,7.075816682312385e-17,-4.9355924261553244e-17,5.910549621065232e-16,-0.006904114190360763,0.22500000000000003,-5.937572567118036e-16,0.23952622664642603,0.225,0.0,0.23999999999999996,0.0,129.79298952811962,1.1683919795187391e-15,True,True,False
3.9050000000000002,0.0004599357202698384,0.0,0.002750266375277998,7.108130967984111e-17,-4.9355924261553244e-17,5.910549621065232e-16,-0.006904114190360763,0.225,-5.971049016140817e-16,0.23954006427973012,0.225,0.0,0.23999999999999996,0.0,129.79298952811962,1.1705442855167196e-15,True,True,False
3.91,0.0004462706898204216,0.0,0.002715745804326182,7.140453362497807e-17,-4.9355924261553244e-17,5.910549621065232e-16,-0.006904114190360763,0.225,-6.004671988905054e-16,0.23955372931017954,0.225,0.0,0.23999999999999996,0.0,129.79298952811962,1.1727134820316123e-15,True,True,False
3.915,0.0004327782622256804,0.0,0.002681225233374366,7.17278375623194e-17,-4.9355924261553244e-17,5.910549621065232e-16,-0.006904114190360763,0.225,-6.038441469515459e-16,0.23956722173777428,0.225,0.0,0.23999999999999996,0.0,129.79298952811962,1.1748995749991057e-15,True,True,False
3.92,0.0004194584374873911,0.0,0.0026467046624225497,7.205122041505636e-17,-4.9355924261553244e-17,5.910549621065232e-16,-0.006904114190360763,0.225,-6.072357442290788e-16,0.23958054156251257,0.225,0.0,0.23999999999999996,0.0,129.79298952811962,1.1771025702749571e-15,True,True,False
3.9250000000000003,0.0004063112156028892,0.0,0.002612184091470734,7.237468112536522e-17,-4.9355924261553244e-17,5.910549621065232e-16,-0.006904114190360763,0.225,-6.106419891760118e-16,0.23959368878439707,0.225,0.0,0.23999999999999996,0.0,129.79298952811962,1.1793224736363916e-15,True,True,False
3.93,0.0003933365965721747,0.0,0.0025776635205189183,7.269821865399635e-17,-4.9355924261553244e-17,5.910549621065232e-16,-0.006904114190360763,0.225,-6.140628802659134e-16,0.2396066634034278,0.225,0.0,0.23999999999999996,0.0,129.79298952811962,1.1815592907834737e-15,True,True,False
3.935,0.00038053458039613575,0.0,0.0025431429495671024,7.302183197987387e-17,-4.9355924261553244e-17,5.910549621065232e-16,-0.006904114190360763,0.225,-6.174984159926567e-16,0.23961946541960383,0.225,0.0,0.23999999999999996,0.0,129.79298952811962,1.1838130273404515e-15,True,True,False
3.94,0.00036790516707654874,0.0,0.0025086223786152865,7.33455200997055e-17,-4.9355924261553244e-17,5.910549621065232e-16,-0.006904114190360763,0.225,-6.209485948700647e-16,0.23963209483292341,0.225,0.0,0.23999999999999996,0.0,129.79298952811962,1.1860836888570706e-15,True,True,False
3.9450000000000003,0.0003554483566116373,0.0,0.0024741018076634706,7.366928202760211e-17,-4.9355924261553244e-17,5.910549621065232e-16,-0.006904114190360763,0.225,-6.244134154315688e-16,0.23964455164338833,0.225,0.0,0.23999999999999996,0.0,129.79298952811962,1.1883712808098596e-15,True,True,False
3.95,0.0003431641490005133,0.0,0.0024395812367116547,7.399311679470706e-17,-5.431572407182045e-17,6.182890811328524e-16,-0.0064795494344877125,0.225,-6.278928762298685e-16,0.23965683585099945,0.225,0.0,0.23999999999999996,0.0,129.79861076548738,1.2197985281686778e-15,True,True,False
3.955,0.0003310472371843842,0.0,0.0024071834895392054,7.431415651663339e-17,-5.431572407182045e-17,6.182890811328524e-16,-0.0064795494344877125,0.225,-6.313873249214084e-16,0.23966895276281558,0.225,0.0,0.23999999999999996,0.0,129.79861076548738,1.2220515750302608e-15,True,True,False
3.96,0.0003190923141044577,0.0,0.002374785742366756,7.463577619029749e-17,-5.431572407182045e-17,6.182890811328524e-16,-0.0064795494344877125,0.225,-6.348971080866795e-16,0.2396809076858955,0.225,0.0,0.23999999999999996,0.0,129.79861076548738,1.2243220990849322e-15,True,True,False
3.9650000000000003,0.00030729937976073374,0.0,0.0023423879951943068,7.495796835056055e-17,-5.431572407182045e-17,6.182890811328524e-16,-0.0064795494344877125,0.225,-6.384222227174584e-16,0.23969270062023923,0.225,0.0,0.23999999999999996,0.0,129.79861076548738,1.2266101115661338e-15,True,True,False
3.97,0.0002956684341532123,0.0,0.0023099902480218574,7.528950895678845e-17,-5.431572407182045e-17,6.182890811328524e-16,-0.0064795494344877125,0.225,-6.419626852984282e-16,0.23970433156584675,0.225,0.0,0.23999999999999996,0.0,129.79861076548738,1.228912296343617e-15,True,True,False
3.975,0.00028419947728100525,0.0,0.002277592500849408,7.563640301415828e-17,-5.431572407182045e-17,6.182890811328524e-16,-0.0064795494344877125,0.225,-6.455187069985992e-16,0.23971580052271896,0.225,0.0,0.23999999999999996,0.0,129.79861076548738,1.231226345407991e-15,True,True,False
3.98,0.00027289250914411256,0.0,0.002245194753676959,7.598330369315232e-17,-5.431572407182045e-17,6.182890811328524e-16,-0.0064795494344877125,0.225,-6.490903436290549e-16,0.23972710749085585,0.225,0.0,0.23999999999999996,0.0,129.79861076548738,1.2335580618853687e-15,True,True,False
3.985,0.0002617475297443106,0.0,0.00221279700650451,7.633021090348995e-17,-5.431572407182045e-17,6.182890811328524e-16,-0.0064795494344877125,0.225,-6.52677592699738e-16,0.23973825247025565,0.225,0.0,0.23999999999999996,0.0,129.79861076548738,1.235907455074237e-15,True,True,False
3.99,0.000250764539079823,0.0,0.0021803992593320606,7.666866305407882e-17,-5.431572407182045e-17,6.182890811328524e-16,-0.0064795494344877125,0.225,-6.562804758855302e-16,0.23974923546092014,0.225,0.0,0.23999999999999996,0.0,129.79861076548738,1.238269979486962e-15,True,True,False
3.995,0.00023994353715064975,0.0,0.002148001512159611,7.699300358615536e-17,-5.431572407182045e-17,6.182890811328524e-16,-0.0064795494344877125,0.225,-6.598992558364066e-16,0.2397600564628493,0.225,0.0,0.23999999999999996,0.0,129.79861076548738,1.2406423352901607e-15,True,True,False
4.0,0.00022928452395767907,0.0,0.002115603764987162,7.73180709910191e-17,-5.803869078878693e-17,6.47040176733619e-16,-0.006028906033708993,0.225,-6.635340014506559e-16,0.23977071547604228,0.225,0.0,0.23999999999999996,0.0,129.8045772841137,1.2737743887538287e-15,True,True,False
4.005,0.000218781866458434,0.0,0.0020854592348186064,7.766771679583614e-17,-5.803869078878693e-17,6.47040176733619e-16,-0.006028906033708993,0.225,-6.67184701286955e-16,0.23978121813354153,0.225,0.0,0.23999999999999996,0.0,129.8045772841137,1.2761319594035028e-15,True,True,False
4.01,0.00020842993160954948,0.0,0.002055314704650051,7.801753686298445e-17,-5.803869078878693e-17,6.47040176733619e-16,-0.006028906033708993,0.225,-6.70851344979794e-16,0.23979157006839041,0.225,0.0,0.23999999999999996,0.0,129.8045772841137,1.2785080076350225e-15,True,True,False
4.015,0.00019822871941191367,0.0,0.0020251701744814954,7.836752885882684e-17,-5.803869078878693e-17,6.47040176733619e-16,-0.006028906033708993,0.225,-6.74533930615765e-16,0.23980177128058805,0.225,0.0,0.23999999999999996,0.0,129.8045772841137,1.2809025405935134e-15,True,True,False
4.0200000000000005,0.0001881782298646384,0.0,0.00199502564431294,7.871769049009232e-17,-5.803869078878693e-17,6.47040176733619e-16,-0.006028906033708993,0.225,-6.78232456307249e-16,0.23981182177013532,0.225,0.0,0.23999999999999996,0.0,129.8045772841137,1.2833155653278105e-15,True,True,False
4.025,0.0001782784629695,0.0,0.001964881114144385,7.90680195030322e-17,-5.803869078878693e-17,6.47040176733619e-16,-0.006028906033708993,0.225,-6.819469201919596e-16,0.23982172153703046,0.225,0.0,0.23999999999999996,0.0,129.8045772841137,1.2857470887921455e-15,True,True,False
4.03,0.00016852941872383398,0.0,0.0019347365839758278,7.941851368259654e-17,-5.803869078878693e-17,6.47040176733619e-16,-0.006028906033708993,0.225,-6.856773204325028e-16,0.23983147058127613,0.225,0.0,0.23999999999999996,0.0,129.8045772841137,1.288197117847797e-15,True,True,False
4.035,0.0001589310971285285,0.0,0.0019045920538072712,7.976917085163082e-17,-5.803869078878693e-17,6.47040176733619e-16,-0.006028906033708993,0.225,-6.894236552159427e-16,0.23984106890287143,0.225,0.0,0.23999999999999996,0.0,129.8045772841137,1.2906656592647066e-15,True,True,False
4.04,0.0001494834981853599,0.0,0.0018744475236387146,8.011998887009126e-17,-5.803869078878693e-17,6.47040176733619e-16,-0.006028906033708993,0.225,-6.931859227533821e-16,0.2398505165018146,0.225,0.0,0.23999999999999996,0.0,129.8045772841137,1.2931527197230594e-15,True,True,False
4.045,0.00014018662189255182,0.0,0.0018443029934701583,8.04709656342797e-17,-5.803869078878693e-17,6.47040176733619e-16,-0.006028906033708993,0.225,-6.969641212795424e-16,0.2398598133781074,0.225,0.0,0.23999999999999996,0.0,129.8045772841137,1.2956583058148335e-15,True,True,False
4.05,0.00013104046825099247,0.0,0.0018141584633016017,8.082209907609608e-17,-6.006263843123272e-17,6.767186006056884e-16,-0.005563311812049651,0.225,-7.007582490523615e-16,0.23986895953174897,0.225,0.0,0.23999999999999996,0.0,129.81074175160845,1.329912955942033e-15,True,True,False
4.055,0.00012203921733214274,0.0,0.0017863419042413364,8.117628348262129e-17,-6.006263843123272e-17,6.767186006056884e-16,-0.005563311812049651,0.225,-7.045686675183833e-16,0.23987796078266782,0.225,0.0,0.23999999999999996,0.0,129.81074175160845,1.3323809619765206e-15,True,True,False
4.0600000000000005,0.00011317704920923988,0.0,0.0017585253451810714,8.153122168813647e-17,-6.006263843123272e-17,6.767186006056884e-16,-0.005563311812049651,0.225,-7.083957374216046e-16,0.23988682295079072,0.225,0.0,0.23999999999999996,0.0,129.81074175160845,1.3348682300953499e-15,True,True,False
4.065,0.00010445396388139572,0.0,0.001730708786120806,8.188690389063303e-17,-6.006263843123272e-17,6.767186006056884e-16,-0.005563311812049651,0.225,-7.122394560168423e-16,0.23989554603611857,0.225,0.0,0.23999999999999996,0.0,129.81074175160845,1.3373747705497067e-15,True,True,False
4.07,9.586996134861026e-05,0.0,0.0017028922270605408,8.225112875747684e-17,-6.006263843123272e-17,6.767186006056884e-16,-0.005563311812049651,0.225,-7.160998491591603e-16,0.23990413003865135,0.225,0.0,0.23999999999999996,0.0,129.81074175160845,1.339896289282536e-15,True,True,False
4.075,8.742504161088349e-05,0.0,0.0016750756680002756,8.262580233640195e-17,-6.006263843123272e-17,6.767186006056884e-16,-0.005563311812049651,0.225,-7.199771428904808e-16,0.23991257495838908,0.225,0.0,0.23999999999999996,0.0,129.81074175160845,1.342431595126158e-15,True,True,False
4.08,7.91192046691036e-05,0.0,0.00164725910894001,8.300051894704969e-17,-6.006263843123272e-17,6.767186006056884e-16,-0.005563311812049651,0.225,-7.238713841029764e-16,0.23992088079533086,0.225,0.0,0.23999999999999996,0.0,129.81074175160845,1.3449863730639646e-15,True,True,False
4.085,7.095245052238242e-05,0.0,0.0016194425498797448,8.337527800922283e-17,-6.006263843123272e-17,6.767186006056884e-16,-0.005563311812049651,0.225,-7.277825707813464e-16,0.23992904754947758,0.225,0.0,0.23999999999999996,0.0,129.81074175160845,1.3475606306215834e-15,True,True,False
4.09,6.292477917071992e-05,0.0,0.0015916259908194796,8.374675131541313e-17,-6.006263843123272e-17,6.767186006056884e-16,-0.005563311812049651,0.225,-7.317107114605075e-16,0.23993707522082924,0.225,0.0,0.23999999999999996,0.0,129.81074175160845,1.3501512018959643e-15,True,True,False
4.095,5.503619061411613e-05,0.0,0.0015638094317592143,8.410781909699415e-17,-6.006263843123272e-17,6.767186006056884e-16,-0.005563311812049651,0.225,-7.356560723441402e-16,0.23994496380938585,0.225,0.0,0.23999999999999996,0.0,129.81074175160845,1.3527508934380262e-15,True,True,False
4.1,4.7286684853459215e-05,0.0,0.0015359928726989495,8.446970956345577e-17,-6.06562936068657e-17,7.080494075306657e-16,-0.005092254945325568,0.225,-7.396187666315148e-16,0.2399527133151465,0.225,0.0,0.23999999999999996,0.0,129.8169785445239,1.3888656533487495e-15,True,True,False
4.105,3.967037367705317e-05,0.0,0.0015105315979723115,8.485280473981265e-17,-6.06562936068657e-17,7.080494075306657e-16,-0.005092254945325568,0.225,-7.435987964401832e-16,0.2399603296263229,0.225,0.0,0.23999999999999996,0.0,129.8169785445239,1.3914496801396663e-15,True,True,False
4.11,3.2181368873202e-05,0.0,0.0014850703232456735,8.523614708930438e-17,-6.06562936068657e-17,7.080494075306657e-16,-0.005092254945325568,0.225,-7.475961643462769e-16,0.23996781863112676,0.225,0.0,0.23999999999999996,0.0,129.8169785445239,1.3940539876709597e-15,True,True,False
4.115,2.481967044368205e-05,0.0,0.0014596090485190357,8.561973329195117e-17,-6.06562936068657e-17,7.080494075306657e-16,-0.005092254945325568,0.225,-7.516108684578662e-16,0.23997518032955628,0.225,0.0,0.23999999999999996,0.0,129.8169785445239,1.3966785830075566e-15,True,True,False
4.12,1.758527838849333e-05,0.0,0.0014341477737923975,8.600356008491002e-17,-6.06562936068657e-17,7.080494075306657e-16,-0.005092254945325568,0.225,-7.556429069086071e-16,0.23998241472161147,0.225,0.0,0.23999999999999996,0.0,129.8169785445239,1.3993234731188426e-15,True,True,False
4.125,1.047819270585948e-05,0.0,0.0014086864990657596,8.638762426129777e-17,-6.06562936068657e-17,7.080494075306657e-16,-0.005092254945325568,0.225,-7.596922778572898e-16,0.2399895218072941,0.225,0.0,0.23999999999999996,0.0,129.8169785445239,1.4019886648803428e-15,True,True,False
4.13,3.4984133975568543e-06,0.0,0.0013832252243391218,8.677192266904173e-17,-6.06562936068657e-17,7.080494075306657e-16,-0.005092254945325568,0.225,-7.637589794874003e-16,0.2399965015866024,0.225,0.0,0.23999999999999996,0.0,129.8169785445239,1.404674165075369e-15,True,True,False
4.135,3.3540595373027227e-06,0.0,0.0013577639496124838,8.715645220975731e-17,-6.06562936068657e-17,7.080494075306657e-16,-0.005092254945325568,0.225,-7.678430100066842e-16,0.24000335405953727,0.225,0.0,0.23999999999999996,0.0,129.8169785445239,1.4073799803966334e-15,True,True,False
4.14,1.0079226098719252e-05,0.0,0.0013323026748858456,8.7541209837652e-17,-6.06562936068657e-17,7.080494075306657e-16,-0.005092254945325568,0.225,-7.719443676467285e-16,0.24001007922609868,0.225,0.0,0.23999999999999996,0.0,129.8169785445239,1.4101061174478226e-15,True,True,False
4.1450000000000005,1.6677086286692733e-05,0.0,0.0013068414001592074,8.79261925584549e-17,-6.06562936068657e-17,7.080494075306657e-16,-0.005092254945325568,0.225,-7.760630506625461e-16,0.24001667708628666,0.225,0.0,0.23999999999999996,0.0,129.8169785445239,1.4128525827451444e-15,True,True,False
4.15,2.3147640100334987e-05,0.0,0.0012813801254325696,8.831139742837114e-17,-6.002447718880588e-17,7.403981027104811e-16,-0.004623716279616004,0.225,-7.80199057332173e-16,0.2400231476401003,0.225,0.0,0.23999999999999996,0.0,129.8231819964579,1.4502011410647784e-15,True,True,False
4.155,2.9496744274298825e-05,0.0,0.0012582615440344812,8.870883334144729e-17,-6.002447718880588e-17,7.403981027104811e-16,-0.004623716279616004,0.225,-7.843527703272034e-16,0.24002949674427426,0.225,0.0,0.23999999999999996,0.0,129.8231819964579,1.4529067693213552e-15,True,True,False
4.16,3.57302555414607e-05,0.0,0.001235142962636393,8.910686785144035e-17,-6.002447718880588e-17,7.403981027104811e-16,-0.004623716279616004,0.225,-7.885245720798506e-16,0.24003573025554142,0.225,0.0,0.23999999999999996,0.0,129.8231819964579,1.4556336237964121e-15,True,True,False
4.165,4.184817390093243e-05,0.0,0.0012120243812383045,8.950549297239732e-17,-6.002447718880588e-17,7.403981027104811e-16,-0.004623716279616004,0.225,-7.927144605490931e-16,0.2400418481739009,0.225,0.0,0.23999999999999996,0.0,129.8231819964579,1.45838171211162e-15,True,True,False
4.17,4.7850499353602194e-05,0.0,0.001188905799840216,8.990470084825439e-17,-6.002447718880588e-17,7.403981027104811e-16,-0.004623716279616004,0.225,-7.969224337215328e-16,0.24004785049935357,0.225,0.0,0.23999999999999996,0.0,129.8231819964579,1.4611510417855018e-15,True,True,False
4.175,5.3737231898581816e-05,0.0,0.0011657872184421278,9.030448375048047e-17,-6.002447718880588e-17,7.403981027104811e-16,-0.004623716279616004,0.225,-8.011484896109061e-16,0.24005373723189855,0.225,0.0,0.23999999999999996,0.0,129.8231819964579,1.4639416202352507e-15,True,True,False
4.18,5.950837153764765e-05,0.0,0.0011426686370440392,9.071199135144099e-17,-6.002447718880588e-17,7.403981027104811e-16,-0.004623716279616004,0.225,-8.053927091908352e-16,0.2400595083715376,0.225,0.0,0.23999999999999996,0.0,129.8231819964579,1.4667430943256628e-15,True,True,False
4.1850000000000005,6.516391826902335e-05,0.0,0.001119550055645951,9.112510430943865e-17,-6.002447718880588e-17,7.403981027104811e-16,-0.004623716279616004,0.225,-8.096554778573124e-16,0.240065163918269,0.225,0.0,0.23999999999999996,0.0,129.8231819964579,1.4695581184634383e-15,True,True,False
4.19,7.070387209448525e-05,0.0,0.0010964314742478625,9.153822986515404e-17,-6.002447718880588e-17,7.403981027104811e-16,-0.004623716279616004,0.225,-8.139368427970659e-16,0.24007070387209445,0.225,0.0,0.23999999999999996,0.0,129.8231819964579,1.4723946777053661e-15,True,True,False
4.195,7.612823301225702e-05,0.0,0.001073312892849774,9.194733534173423e-17,-6.002447718880588e-17,7.403981027104811e-16,-0.004623716279616004,0.225,-8.182368609908775e-16,0.24007612823301222,0.225,0.0,0.23999999999999996,0.0,129.8231819964579,1.4752456423507744e-15,True,True,False
4.2,8.143700102322682e-05,0.0,0.0010501943114516854,9.235457966175196e-17,-5.79639790285603e-17,7.745237528817572e-16,-0.004164302096220259,0.225,-8.225557443054309e-16,0.2400814370010232,0.225,0.0,0.23999999999999996,0.0,129.82926464024604,1.5145948418740242e-15,True,True,False
4.205,8.663591880395116e-05,0.0,0.001029372800970571,9.277661455289624e-17,-5.79639790285603e-17,7.745237528817572e-16,-0.004164302096220259,0.225,-8.268935004910872e-16,0.24008663591880391,0.225,0.0,0.23999999999999996,0.0,129.82926464024604,1.5174288644640202e-15,True,True,False
4.21,9.173072903276291e-05,0.0,0.0010085512904894566,9.319896301134577e-17,-5.79639790285603e-17,7.745237528817572e-16,-0.004164302096220259,0.225,-8.312501177972307e-16,0.24009173072903273,0.225,0.0,0.23999999999999996,0.0,129.82926464024604,1.5202851491536329e-15,True,True,False
4.215,9.67214317087739e-05,0.0,0.0009877297800083423,9.362162079338e-17,-5.79639790285603e-17,7.745237528817572e-16,-0.004164302096220259,0.225,-8.356255946030234e-16,0.24009672143170874,0.225,0.0,0.23999999999999996,0.0,129.82926464024604,1.5231637019954615e-15,True,True,False
4.22,0.00010160802683287229,0.0,0.0009669082695272281,9.404458372848709e-17,-5.79639790285603e-17,7.745237528817572e-16,-0.004164302096220259,0.225,-8.400199293096188e-16,0.24010160802683284,0.225,0.0,0.23999999999999996,0.0,129.82926464024604,1.5260645289599975e-15,True,True,False
4.225,0.00010639051440416991,0.0,0.0009460867590461141,9.446784771786178e-17,-5.79639790285603e-17,7.745237528817572e-16,-0.004164302096220259,0.225,-8.444331203397654e-16,0.24010639051440413,0.225,0.0,0.23999999999999996,0.0,129.82926464024604,1.5289876359370796e-15,True,True,False
4.23,0.00011106889442355494,0.0,0.0009252652485650003,9.489140873293829e-17,-5.79639790285603e-17,7.745237528817572e-16,-0.004164302096220259,0.225,-8.488651661374276e-16,0.24011106889442352,0.225,0.0,0.23999999999999996,0.0,129.82926464024604,1.5319330287373233e-15,True,True,False
4.235,0.0001156431668901392,0.0,0.0009044437380838864,9.531526281395714e-17,-5.79639790285603e-17,7.745237528817572e-16,-0.004164302096220259,0.225,-8.533160651674147e-16,0.2401156431668901,0.225,0.0,0.23999999999999996,0.0,129.82926464024604,1.5349007130935102e-15,True,True,False
4.24,0.00012011333180481087,0.0,0.0008836222276027724,9.573940606856516e-17,-5.79639790285603e-17,7.745237528817572e-16,-0.004164302096220259,0.225,-8.577858159150107e-16,0.24012011333180477,0.225,0.0,0.23999999999999996,0.0,129.82926464024604,1.5378906946619558e-15,True,True,False
4.245,0.0001244793891657936,0.0,0.0008628007171216585,9.616383467044787e-17,-5.79639790285603e-17,7.745237528817572e-16,-0.004164302096220259,0.225,-8.622744168856216e-16,0.24012447938916576,0.225,0.0,0.23999999999999996,0.0,129.82926464024604,1.5409029790238433e-15,True,True,False
4.25,0.0001287413389757519,0.0,0.0008419792066405446,9.658854485799328e-17,-5.5205324615094407e-17,8.09790493048072e-16,-0.0037193752570964175,0.225,-8.667818666044211e-16,0.24012874133897572,0.225,0.0,0.23999999999999996,0.0,129.83515547159604,1.58163720002946e-15,True,True,False
4.255,0.00013290474281787978,0.0,0.0008233823303550505,9.703341322952836e-17,-5.5205324615094407e-17,8.09790493048072e-16,-0.0037193752570964175,0.225,-8.713085768652199e-16,0.24013290474281784,0.225,0.0,0.23999999999999996,0.0,129.83515547159604,1.5846050375539163e-15,True,True,False
4.26,0.00013697516227892392,0.0,0.0008047854540695563,9.747843508885905e-17,-5.5205324615094407e-17,8.09790493048072e-16,-0.0037193752570964175,0.225,-8.758549596792418e-16,0.2401369751622789,0.225,0.0,0.23999999999999996,0.0,129.83515547159604,1.5875962092789929e-15,True,True,False
4.265,0.00014095259735799615,0.0,0.0007861885777840622,9.792360834337182e-17,-5.5205324615094407e-17,8.09790493048072e-16,-0.0037193752570964175,0.225,-8.804210139225332e-16,0.24014095259735796,0.225,0.0,0.23999999999999996,0.0,129.83515547159604,1.5906107194018059e-15,True,True,False
4.2700000000000005,0.0001448370480568728,0.0,0.000767591701498568,9.836893093762848e-17,-5.5205324615094407e-17,8.09790493048072e-16,-0.0037193752570964175,0.225,-8.850067384864177e-16,0.24014483704805684,0.225,0.0,0.23999999999999996,0.0,129.83515547159604,1.5936485720624228e-15,True,True,False
4.275,0.00014862851437377755,0.0,0.0007489948252130736,9.881440085256014e-17,-5.5205324615094407e-17,8.09790493048072e-16,-0.0037193752570964175,0.225,-8.896121322772236e-16,0.24014862851437374,0.225,0.0,0.23999999999999996,0.0,129.83515547159604,1.5967097713448817e-15,True,True,False
4.28,0.00015232699630959856,0.0,0.0007303979489275796,9.926001610468146e-17,-5.5205324615094407e-17,8.09790493048072e-16,-0.0037193752570964175,0.225,-8.942371942160155e-16,0.24015232699630956,0.225,0.0,0.23999999999999996,0.0,129.83515547159604,1.59979432127819e-15,True,True,False
4.285,0.00015593249386344765,0.0,0.0007118010726420854,9.970577474532498e-17,-5.5205324615094407e-17,8.09790493048072e-16,-0.0037193752570964175,0.225,-8.98881923238335e-16,0.2401559324938634,0.225,0.0,0.23999999999999996,0.0,129.83515547159604,1.602902225837297e-15,True,True,False
4.29,0.000159445007036213,0.0,0.0006932041963565911,1.0015167485989445e-16,-5.5205324615094407e-17,8.09790493048072e-16,-0.0037193752570964175,0.225,-9.035463182939437e-16,0.24015944500703618,0.225,0.0,0.23999999999999996,0.0,129.83515547159604,1.6060334889440473e-15,True,True,False
4.295,0.00016286453582700644,0.0,0.0006746073200710969,1.0059771456713724e-16,-5.5205324615094407e-17,8.09790493048072e-16,-0.0037193752570964175,0.225,-9.08230378346574e-16,0.24016286453582697,0.225,0.0,0.23999999999999996,0.0,129.83515547159604,1.6091881144681174e-15,True,True,False
4.3,0.00016619108023582796,0.0,0.0006560104437856027,1.0104644667003334e-16,-5.1170752873102083e-17,8.46668938913336e-16,-0.0032931830346645775,0.225,-9.129341977564891e-16,0.2401661910802358,0.225,0.0,0.23999999999999996,0.0,129.84079825662104,1.6517726630338178e-15,True,True,False
4.305,0.00016942996766786123,0.0,0.0006395445286122701,1.0151145875086365e-16,-5.1170752873102083e-17,8.46668938913336e-16,-0.0032931830346645775,0.225,-9.176584643519846e-16,0.24016942996766782,0.225,0.0,0.23999999999999996,0.0,129.84079825662104,1.6548810160536223e-15,True,True,False
4.3100000000000005,0.00017258652552296083,0.0,0.0006230786134389373,1.0197712585682048e-16,-5.1170752873102083e-17,8.46668938913336e-16,-0.0032931830346645775,0.225,-9.22403266258143e-16,0.24017258652552292,0.225,0.0,0.23999999999999996,0.0,129.84079825662104,1.6580137724946784e-15,True,True,False
4.315,0.00017566075380112678,0.0,0.0006066126982656047,1.0244343905545354e-16,-5.1170752873102083e-17,8.46668938913336e-16,-0.0032931830346645775,0.225,-9.271686022772161e-16,0.2401756607538011,0.225,0.0,0.23999999999999996,0.0,129.84079825662104,1.6611709368296707e-15,True,True,False
4.32,0.0001786526525050236,0.0,0.000590146783092272,1.0291279197660718e-16,-5.1170752873102083e-17,8.46668938913336e-16,-0.0032931830346645775,0.225,-9.319545906386177e-16,0.240178652652505,0.225,0.0,0.23999999999999996,0.0,129.84079825662104,1.6643421091757821e-15,True,True,False
4.325,0.00018156222163287494,0.0,0.0005736808679189393,1.0338272286846456e-16,-5.1170752873102083e-17,8.46668938913336e-16,-0.0032931830346645775,0.225,-9.367614509576075e-16,0.24018156222163284,0.225,0.0,0.23999999999999996,0.0,129.84079825662104,1.6675357750574007e-15,True,True,False
4.33,0.0001843894611846808,0.0,0.0005572149527456066,1.0385270185682126e-16,-5.1170752873102083e-17,8.46668938913336e-16,-0.0032931830346645775,0.225,-9.415891872553e-16,0.24018438946118464,0.225,0.0,0.23999999999999996,0.0,129.84079825662104,1.6707540317936329e-15,True,True,False
4.335,0.000187134371159553,0.0,0.0005407490375722738,1.0432272829164607e-16,-5.1170752873102083e-17,8.46668938913336e-16,-0.0032931830346645775,0.225,-9.464377989701912e-16,0.24018713437115952,0.225,0.0,0.23999999999999996,0.0,129.84079825662104,1.673996881481273e-15,True,True,False
4.34,0.00018979695156015608,0.0,0.0005242831223989412,1.0479280153450498e-16,-5.1170752873102083e-17,8.46668938913336e-16,-0.0032931830346645775,0.225,-9.51307285548326e-16,0.24018979695156012,0.225,0.0,0.23999999999999996,0.0,129.84079825662104,1.6772643261889224e-15,True,True,False
4.345,0.00019237720238471367,0.0,0.0005078172072256083,1.0526771623088885e-16,-5.1170752873102083e-17,8.46668938913336e-16,-0.0032931830346645775,0.225,-9.561979003281372e-16,0.24019237720238468,0.225,0.0,0.23999999999999996,0.0,129.84079825662104,1.6805356940025505e-15,True,True,False
4.3500000000000005,0.0001948751236323376,0.0,0.0004913512920522757,1.0574338141715791e-16,-4.615008462348347e-17,8.855484610106559e-16,-0.0028889802639769906,0.225,-9.611099329355806e-16,0.2401948751236323,0.225,0.0,0.23999999999999996,0.0,129.84614990130493,1.7253934193165234e-15,True,True,False
4.355,0.0001972957678391951,0.0,0.0004769063907323733,1.0623237935289475e-16,-4.615008462348347e-17,8.855484610106559e-16,-0.0028889802639769906,0.225,-9.660433912269753e-16,0.24019729576783916,0.225,0.0,0.23999999999999996,0.0,129.84614990130493,1.728649791359008e-15,True,True,False
4.36,0.00019964418753967705,0.0,0.00046246148941247084,1.067215302821985e-16,-4.615008462348347e-17,8.855484610106559e-16,-0.0028889802639769906,0.225,-9.709982828122445e-16,0.24019964418753964,0.225,0.0,0.23999999999999996,0.0,129.84614990130493,1.731931701751318e-15,True,True,False
4.365,0.00020192038273289525,0.0,0.00044801658809256843,1.0721083211096329e-16,-4.615008462348347e-17,8.855484610106559e-16,-0.0028889802639769906,0.225,-9.759746068157355e-16,0.24020192038273286,0.225,0.0,0.23999999999999996,0.0,129.84614990130493,1.735239153763352e-15,True,True,False
4.37,0.00020412435342062607,0.0,0.00043357168677266597,1.0770028278249865e-16,-4.615008462348347e-17,8.855484610106559e-16,-0.0028889802639769906,0.225,-9.809723623736979e-16,0.2402041243534206,0.225,0.0,0.23999999999999996,0.0,129.84614990130493,1.7385721506205696e-15,True,True,False
4.375,0.00020625609960109315,0.0,0.00041912678545276356,1.0818988027671193e-16,-4.615008462348347e-17,8.855484610106559e-16,-0.0028889802639769906,0.225,-9.85991548634066e-16,0.24020625609960106,0.225,0.0,0.23999999999999996,0.0,129.84614990130493,1.7419306955047897e-15,True,True,False
4.38,0.00020831562127518466,0.0,0.00040468188413286116,1.0867962260931172e-16,-4.615008462348347e-17,8.855484610106559e-16,-0.0028889802639769906,0.225,-9.910321647562545e-16,0.24020831562127515,0.225,0.0,0.23999999999999996,0.0,129.84614990130493,1.7453147915549656e-15,True,True,False
4.385,0.00021030291844201243,0.0,0.00039023698281295875,1.0916950783103149e-16,-4.615008462348347e-17,8.855484610106559e-16,-0.0028889802639769906,0.225,-9.960942099109512e-16,0.24021030291844198,0.225,0.0,0.23999999999999996,0.0,129.84614990130493,1.7487244418679502e-15,True,True,False
4.39,0.00021221799110335282,0.0,0.00037579208149305624,1.0965953402687312e-16,-4.615008462348347e-17,8.855484610106559e-16,-0.0028889802639769906,0.225,-1.0011776832799198e-15,0.24021221799110332,0.225,0.0,0.23999999999999996,0.0,129.84614990130493,1.7521596494992391e-15,True,True,False
4.3950000000000005,0.00021406083925742947,0.0,0.00036134718017315383,1.101496993153695e-16,-4.615008462348347e-17,8.855484610106559e-16,-0.0028889802639769906,0.225,-1.0062825840558039e-15,0.2402140608392574,0.225,0.0,0.23999999999999996,0.0,129.84614990130493,1.7556204174636973e-15,True,True,False
4.4,0.00021583146290424238,0.0,0.0003469022788532514,1.1064000184786582e-16,-4.113006001739742e-17,9.257100606745457e-16,-0.002509146753411834,0.225,-1.011408911441936e-15,0.2402158314629042,0.225,0.0,0.23999999999999996,0.0,129.85117889698483,1.8020397355446738e-15,True,True,False
4.405,0.0002175346099640707,0.0,0.0003343565450861842,1.1115250347479163e-16,-4.113006001739742e-17,9.257100606745457e-16,-0.002509146753411834,0.225,-1.01655713975066e-15,0.24021753460996403,0.225,0.0,0.23999999999999996,0.0,129.85117889698483,1.8054497986100912e-15,True,True,False
4.41,0.00021917502835541725,0.0,0.00032181081131911704,1.1166518706520613e-16,-4.113006001739742e-17,9.257100606745457e-16,-0.002509146753411834,0.225,-1.0217277435094769e-15,0.24021917502835538,0.225,0.0,0.23999999999999996,0.0,129.85117889698483,1.8088865788659276e-15,True,True,False
4.415,0.00022075271807739383,0.0,0.0003092650775520499,1.121780501242443e-16,-4.113006001739742e-17,9.257100606745457e-16,-0.002509146753411834,0.225,-1.0269207222556064e-15,0.24022075271807736,0.225,0.0,0.23999999999999996,0.0,129.85117889698483,1.812350078040319e-15,True,True,False
4.42,0.00022226767913088863,0.0,0.0002967193437849827,1.1269109020159283e-16,-4.113006001739742e-17,9.257100606745457e-16,-0.002509146753411834,0.225,-1.032136075532557e-15,0.24022226767913085,0.225,0.0,0.23999999999999996,0.0,129.85117889698483,1.8158402978379144e-15,True,True,False
4.425,0.00022371991151501347,0.0,0.0002841736100179155,1.132043048905194e-16,-4.113006001739742e-17,9.257100606745457e-16,-0.002509146753411834,0.225,-1.0373738028900144e-15,0.24022371991151498,0.225,0.0,0.23999999999999996,0.0,129.85117889698483,1.8193572399402984e-15,True,True,False
4.43,0.00022510941523065653,0.0,0.0002716278762508483,1.1371769182692684e-16,-4.113006001739742e-17,9.257100606745457e-16,-0.002509146753411834,0.225,-1.0426339038837309e-15,0.24022510941523062,0.225,0.0,0.23999999999999996,0.0,129.85117889698483,1.8229009060064046e-15,True,True,False
4.4350000000000005,0.0002264361902778178,0.0,0.0002590821424837811,1.1423124868843116e-16,-4.113006001739742e-17,9.257100606745457e-16,-0.002509146753411834,0.225,-1.047916378075414e-15,0.24022643619027778,0.225,0.0,0.23999999999999996,0.0,129.85117889698483,1.8264712976729195e-15,True,True,False
4.44,0.00022770023665560912,0.0,0.000246536408716714,1.147449731934632e-16,-4.113006001739742e-17,9.257100606745457e-16,-0.002509146753411834,0.225,-1.0532212250326249e-15,0.24022770023665557,0.225,0.0,0.23999999999999996,0.0,129.85117889698483,1.830068416554674e-15,True,True,False
4.445,0.00022890155436491866,0.0,0.00023399067494964677,1.1525886310039267e-16,-4.113006001739742e-17,9.257100606745457e-16,-0.002509146753411834,0.225,-1.0585484443286747e-15,0.24022890155436488,0.225,0.0,0.23999999999999996,0.0,129.85117889698483,1.8336922642450345e-15,True,True,False
4.45,0.0002300401434057464,0.0,0.00022144494118257957,1.1577291620667418e-16,-3.5495493407761566e-17,9.676532288645904e-16,-0.0021552981545735067,0.225,-1.0638980355425197e-15,0.2402300401434057,0.225,0.0,0.23999999999999996,0.0,129.85586385243343,1.882181307866003e-15,True,True,False
4.455,0.00023112042688352985,0.0,0.0002106684504096951,1.1630718154263195e-16,-3.5495493407761566e-17,9.676532288645904e-16,-0.0021552981545735067,0.225,-1.0692704965003228e-15,0.2402311204268835,0.225,0.0,0.23999999999999996,0.0,129.85586385243343,1.8857521350405466e-15,True,True,False
4.46,0.00023214682790814734,0.0,0.00019989195963681066,1.168414674740394e-16,-3.5495493407761566e-17,9.676532288645904e-16,-0.0021552981545735067,0.225,-1.0746663250951597e-15,0.2402321468279081,0.225,0.0,0.23999999999999996,0.0,129.85586385243343,1.8893508876870074e-15,True,True,False
4.465,0.00023311934647959887,0.0,0.00018911546886392618,1.1737577371964956e-16,-3.5495493407761566e-17,9.676532288645904e-16,-0.0021552981545735067,0.225,-1.0800855210133106e-15,0.24023311934647956,0.225,0.0,0.23999999999999996,0.0,129.85586385243343,1.8929775669768845e-15,True,True,False
4.47,0.00023403798259788444,0.0,0.00017833897809104172,1.179101000033027e-16,-3.5495493407761566e-17,9.676532288645904e-16,-0.0021552981545735067,0.225,-1.0855280839453183e-15,0.24023403798259785,0.225,0.0,0.23999999999999996,0.0,129.85586385243343,1.8966321740657704e-15,True,True,False
4.4750000000000005,0.00023490273626211589,0.0,0.00016756248731815724,1.184444460538122e-16,-3.5495493407761566e-17,9.676532288645904e-16,-0.0021552981545735067,0.225,-1.09099401358591e-15,0.24023490273626208,0.225,0.0,0.23999999999999996,0.0,129.85586385243343,1.900314710093632e-15,True,True,False
4.48,0.0002357136074722932,0.0,0.00015678599654527276,1.1897881160485308e-16,-3.5495493407761566e-17,9.676532288645904e-16,-0.0021552981545735067,0.225,-1.0964833096339189e-15,0.24023571360747226,0.225,0.0,0.23999999999999996,0.0,129.85586385243343,1.9040251761850963e-15,True,True,False
4.485,0.00023647059622841637,0.0,0.00014600950577238833,1.1951743907120719e-16,-3.5495493407761566e-17,9.676532288645904e-16,-0.0021552981545735067,0.225,-1.1019960289177468e-15,0.24023647059622838,0.225,0.0,0.23999999999999996,0.0,129.85586385243343,1.9077528939100563e-15,True,True,False
4.49,0.00023717370253048542,0.0,0.0001352330149995039,1.20063659713189e-16,-3.5495493407761566e-17,9.676532288645904e-16,-0.0021552981545735067,0.225,-1.1075327996000948e-15,0.24023717370253045,0.225,0.0,0.23999999999999996,0.0,129.85586385243343,1.9114903233862053e-15,True,True,False
4.495,0.00023782292637850033,0.0,0.00012445652422661947,1.2061025512657843e-16,-3.5495493407761566e-17,9.676532288645904e-16,-0.0021552981545735067,0.225,-1.1130937929880598e-15,0.24023782292637846,0.225,0.0,0.23999999999999996,0.0,129.85586385243343,1.9152560154615643e-15,True,True,False
4.5,0.0002384182677724611,0.0,0.00011368003345373504,1.2115465611992693e-16,-2.925634852438308e-17,1.0118347995192806e-15,-0.0018283897237228394,0.225,-1.118679077333462e-15,0.24023841826777242,0.225,0.0,0.23999999999999996,0.0,129.8601921200579,1.966273442164766e-15,True,True,False
4.505,0.00023896381306762193,0.0,0.00010453808483510242,1.2171290236272544e-16,-2.925634852438308e-17,1.0118347995192806e-15,-0.0018283897237228394,0.225,-1.1242888245301463e-15,0.24023896381306759,0.225,0.0,0.23999999999999996,0.0,129.8601921200579,1.970013056139867e-15,True,True,False
4.51,0.00023946364862012515,0.0,9.539613621646982e-05,1.2227116164542582e-16,-2.925634852438308e-17,1.0118347995192806e-15,-0.0018283897237228394,0.225,-1.1299229786482173e-15,0.2402394636486201,0.225,0.0,0.23999999999999996,0.0,129.8601921200579,1.9737818532258975e-15,True,True,False
4.515,0.00023991777442997075,0.0,8.62541875978372e-05,1.228294337902292e-16,-2.925634852438308e-17,1.0118347995192806e-15,-0.0018283897237228394,0.225,-1.1355815394400974e-15,0.24023991777442993,0.225,0.0,0.23999999999999996,0.0,129.8601921200579,1.977579834347374e-15,True,True,False
4.5200000000000005,0.00024032619049627058,0.0,7.711223897920457e-05,1.2338771862255036e-16,-2.925634852438308e-17,1.0118347995192806e-15,-0.0018283897237228394,0.225,-1.1412645066615672e-15,0.24024032619049623,0.225,0.0,0.23999999999999996,0.0,129.8601921200579,1.9814070004162745e-15,True,True,False
4.525,0.0002406888968199128,0.0,6.797029036057196e-05,1.2394601597094583e-16,-2.925634852438308e-17,1.0118347995192806e-15,-0.0018283897237228394,0.225,-1.1469718800717045e-15,0.24024068889681988,0.225,0.0,0.23999999999999996,0.0,129.8601921200579,1.9852633523322598e-15,True,True,False
4.53,0.00024100589340000922,0.0,5.882834174193933e-05,1.2450432566704334e-16,-2.925634852438308e-17,1.0118347995192806e-15,-0.0018283897237228394,0.225,-1.1527036594328273e-15,0.24024100589339997,0.225,0.0,0.23999999999999996,0.0,129.8601921200579,1.9891488909828952e-15,True,True,False
4.535,0.00024127718023744804,0.0,4.968639312330671e-05,1.2506264754547354e-16,-2.925634852438308e-17,1.0118347995192806e-15,-0.0018283897237228394,0.225,-1.158459844510432e-15,0.2402412771802374,0.225,0.0,0.23999999999999996,0.0,129.8601921200579,1.993063617243868e-15,True,True,False
4.54,0.00024150275733134108,0.0,4.05444445046741e-05,1.2562098144380346e-16,-2.925634852438308e-17,1.0118347995192806e-15,-0.0018283897237228394,0.225,-1.1642404350731419e-15,0.2402415027573313,0.225,0.0,0.23999999999999996,0.0,129.8601921200579,1.9970075319791957e-15,True,True,False
4.545,0.00024168262468168833,0.0,3.140249588604147e-05,1.2617932720247173e-16,-2.925634852438308e-17,1.0118347995192806e-15,-0.0018283897237228394,0.225,-1.1700454308926523e-15,0.24024168262468165,0.225,0.0,0.23999999999999996,0.0,129.8601921200579,2.0009806360414324e-15,True,True,False
4.55,0.00024181678229026615,0.0,2.2260547267408844e-05,1.267405770314621e-16,-2.3301435882254158e-17,1.057620205466137e-15,-0.001528812609177528,0.225,-1.175874858411178e-15,0.24024181678229023,0.225,0.0,0.23999999999999996,0.0,129.8641585210545,2.0539239560607226e-15,True,True,False
4.555,0.00024190897486828233,0.0,1.4616484221511585e-05,1.2733093824605418e-16,-2.3301435882254158e-17,1.057620205466137e-15,-0.001528812609177528,0.225,-1.1817294231197978e-15,0.24024190897486825,0.225,0.0,0.23999999999999996,0.0,129.8641585210545,2.0578390624118622e-15,True,True,False
4.5600000000000005,0.00024196294713227373,0.0,6.972421175614334e-06,1.279216459412751e-16,-2.3301435882254158e-17,1.057620205466137e-15,-0.001528812609177528,0.225,-1.1876094927780473e-15,0.24024196294713224,0.225,0.0,0.23999999999999996,0.0,129.8641585210545,2.0617846647887017e-15,True,True,False
4.565,0.000241978699080464,0.0,6.716418702829385e-07,1.2851019372143323e-16,-2.3301435882254158e-17,1.057620205466137e-15,-0.001528812609177528,0.225,-1.1935150839430445e-15,0.24024197869908043,0.225,0.0,0.23999999999999996,0.0,129.8641585210545,2.0657569169096796e-15,True,True,False
4.57,0.00024195623071374128,0.0,8.31570491618024e-06,1.290945282351593e-16,-2.3301435882254158e-17,1.057620205466137e-15,-0.001528812609177528,0.225,-1.1994464778481449e-15,0.2402419562307137,0.225,0.0,0.23999999999999996,0.0,129.8641585210545,2.069753103327318e-15,True,True,False
4.575,0.00024189554203032926,0.0,1.5959767962077537e-05,1.2967886320943072e-16,-2.3301435882254158e-17,1.057620205466137e-15,-0.001528812609177528,0.225,-1.2054037511953654e-15,0.2402418955420303,0.225,0.0,0.23999999999999996,0.0,129.8641585210545,2.073779899119455e-15,True,True,False
4.58,0.00024179663303378063,0.0,2.3603831007974843e-05,1.302631986380498e-16,-2.3301435882254158e-17,1.057620205466137e-15,-0.001528812609177528,0.225,-1.2113869039688757e-15,0.24024179663303374,0.225,0.0,0.23999999999999996,0.0,129.8641585210545,2.0778373043451996e-15,True,True,False
4.585,0.00024165950372143086,0.0,3.124789405387215e-05,1.3084753451492948e-16,-2.3301435882254158e-17,1.057620205466137e-15,-0.001528812609177528,0.225,-1.2173959361530618e-15,0.2402416595037214,0.225,0.0,0.23999999999999996,0.0,129.8641585210545,2.081925319062869e-15,True,True,False
4.59,0.00024148415409327995,0.0,3.889195709976943e-05,1.3143187083409097e-16,-2.3301435882254158e-17,1.057620205466137e-15,-0.001528812609177528,0.225,-1.2234308477325127e-15,0.24024148415409324,0.225,0.0,0.23999999999999996,0.0,129.8641585210545,2.0860439433300003e-15,True,True,False
4.595,0.0002412705841493279,0.0,4.653602014566673e-05,1.3201620758966128e-16,-2.3301435882254158e-17,1.057620205466137e-15,-0.001528812609177528,0.225,-1.2294916386920273e-15,0.2402412705841493,0.225,0.0,0.23999999999999996,0.0,129.8641585210545,2.090193177203365e-15,True,True,False
4.6000000000000005,0.00024101879389223924,0.0,5.418008319156399e-05,1.326098370179335e-16,-1.7086865987792053e-17,1.1058127667005053e-15,-0.0012564824721829615,0.225,-1.2355784605236164e-15,0.2402410187938922,0.225,0.0,0.23999999999999996,0.0,129.8677641720683,2.145875745958694e-15,True,True,False
4.605,0.00024073218744433134,0.0,6.0462495552491604e-05,1.3322438077634045e-16,-1.7086865987792053e-17,1.1058127667005053e-15,-0.0012564824721829615,0.225,-1.241691924935034e-15,0.2402407321874443,0.225,0.0,0.23999999999999996,0.0,129.8677641720683,2.1499747066546894e-15,True,True,False
4.61,0.00024041416893502698,0.0,6.674490791341925e-05,1.3383907894633726e-16,-1.7086865987792053e-17,1.1058127667005053e-15,-0.0012564824721829615,0.225,-1.2478320249021308e-15,0.240240414168935,0.225,0.0,0.23999999999999996,0.0,129.8677641720683,2.154105527488969e-15,True,True,False
4.615,0.00024006473836432618,0.0,7.30273202743469e-05,1.3445392941010136e-16,-1.7086865987792053e-17,1.1058127667005053e-15,-0.0012564824721829615,0.225,-1.2539987602968189e-15,0.2402400647383643,0.225,0.0,0.23999999999999996,0.0,129.8677641720683,2.158268208939841e-15,True,True,False
4.62,0.00023968389573134075,0.0,7.930973263527456e-05,1.35067733457004e-16,-1.7086865987792053e-17,1.1058127667005053e-15,-0.0012564824721829615,0.225,-1.260192142586399e-15,0.2402396838957313,0.225,0.0,0.23999999999999996,0.0,129.8677641720683,2.1624599954332582e-15,True,True,False
4.625,0.00023927164103607068,0.0,8.559214499620226e-05,1.356756384676434e-16,-1.7086865987792053e-17,1.1058127667005053e-15,-0.0012564824721829615,0.225,-1.2664125310806228e-15,0.24023927164103603,0.225,0.0,0.23999999999999996,0.0,129.8677641720683,2.1666699602081293e-15,True,True,False
4.63,0.00023882797427940416,0.0,9.187455735712995e-05,1.362835809157527e-16,-1.7086865987792053e-17,1.1058127667005053e-15,-0.0012564824721829615,0.225,-1.2726601383171915e-15,0.24023882797427937,0.225,0.0,0.23999999999999996,0.0,129.8677641720683,2.1709119674313735e-15,True,True,False
4.635,0.0002383528954613412,0.0,9.815696971805766e-05,1.3689156030254673e-16,-1.7086865987792053e-17,1.1058127667005053e-15,-0.0012564824721829615,0.225,-1.2789349604315558e-15,0.2402383528954613,0.225,0.0,0.23999999999999996,0.0,129.8677641720683,2.17518601590455e-15,True,True,False
4.64,0.0002378464045809936,0.0,0.00010443938207898533,1.3750584912376575e-16,-1.7086865987792053e-17,1.1058127667005053e-15,-0.0012564824721829615,0.225,-1.2852370472875188e-15,0.24023784640458096,0.225,0.0,0.23999999999999996,0.0,129.8677641720683,2.1794823338627494e-15,True,True,False
4.6450000000000005,0.00023730850163836137,0.0,0.000110721794439913,1.3812843923631044e-16,-1.7086865987792053e-17,1.1058127667005053e-15,-0.0012564824721829615,0.225,-1.2915667977954057e-15,0.24023730850163832,0.225,0.0,0.23999999999999996,0.0,129.8677641720683,2.183798094721892e-15,True,True,False
4.65,0.0002367391866343327,0.0,0.00011700420680084065,1.3875115066174692e-16,-1.1273704935429825e-17,1.1563261543499357e-15,-0.001010920396003054,0.225,-1.2979242974352438e-15,0.2402367391866343,0.225,0.0,0.23999999999999996,0.0,129.8710154139569,2.2421535410326147e-15,True,True,False
4.655,0.00023614152909576247,0.0,0.00012205880878086954,1.3938599786708103e-16,-1.1273704935429825e-17,1.1563261543499357e-15,-0.001010920396003054,0.225,-1.3043095855243195e-15,0.24023614152909573,0.225,0.0,0.23999999999999996,0.0,129.8710154139569,2.246444907861393e-15,True,True,False
4.66,0.0002355185985468411,0.0,0.00012711341076089848,1.400208455164613e-16,-1.1273704935429825e-17,1.1563261543499357e-15,-0.001010920396003054,0.225,-1.3107227013503011e-15,0.2402355185985468,0.225,0.0,0.23999999999999996,0.0,129.8710154139569,2.2507695639853176e-15,True,True,False
4.665,0.00023487039498845674,0.0,0.00013216801274092748,1.406556936038751e-16,-1.1273704935429825e-17,1.1563261543499357e-15,-0.001010920396003054,0.225,-1.3171636448685748e-15,0.24023487039498842,0.225,0.0,0.23999999999999996,0.0,129.8710154139569,2.2551275095709785e-15,True,True,False
4.67,0.00023419691841972123,0.0,0.00013722261472095642,1.412905421234179e-16,-1.1273704935429825e-17,1.1563261543499357e-15,-0.001010920396003054,0.225,-1.3236324160351332e-15,0.24023419691841968,0.225,0.0,0.23999999999999996,0.0,129.8710154139569,2.259518744782714e-15,True,True,False
4.675,0.00023349816884063457,0.0,0.0001422772167009854,1.4192539106929084e-16,-1.1273704935429825e-17,1.1563261543499357e-15,-0.001010920396003054,0.225,-1.3301290148065618e-15,0.2402334981688406,0.225,0.0,0.23999999999999996,0.0,129.8710154139569,2.2639432697826476e-15,True,True,False
4.68,0.00023277414625208492,0.0,0.00014733181868101437,1.425602404357983e-16,-1.1273704935429825e-17,1.1563261543499357e-15,-0.001010920396003054,0.225,-1.336653441140024e-15,0.24023277414625205,0.225,0.0,0.23999999999999996,0.0,129.8710154139569,2.2684010847307323e-15,True,True,False
4.6850000000000005,0.0002320248506540723,0.0,0.00015238642066104334,1.4319509021734569e-16,-1.1273704935429825e-17,1.1563261543499357e-15,-0.001010920396003054,0.225,-1.3432056949932601e-15,0.24023202485065404,0.225,0.0,0.23999999999999996,0.0,129.8710154139569,2.2728921897847886e-15,True,True,False
4.69,0.00023125028204570852,0.0,0.00015744102264107228,1.4382994040843717e-16,-1.1273704935429825e-17,1.1563261543499357e-15,-0.001010920396003054,0.225,-1.3497857763245668e-15,0.24023125028204567,0.225,0.0,0.23999999999999996,0.0,129.8710154139569,2.2774165851005396e-15,True,True,False
4.695,0.00023045044042788176,0.0,0.00016249562462110126,1.4446479100367356e-16,-1.1273704935429825e-17,1.1563261543499357e-15,-0.001010920396003054,0.225,-1.3563936850927932e-15,0.24023045044042785,0.225,0.0,0.23999999999999996,0.0,129.8710154139569,2.2819742708316486e-15,True,True,False
4.7,0.00022962532579970385,0.0,0.00016755022660113023,1.4509964199775008e-16,-6.09344074433086e-18,1.208492874684842e-15,-0.0007913261616942673,0.225,-1.3630294212573327e-15,0.24022962532579967,0.225,0.0,0.23999999999999996,0.0,129.87392284161916,2.3423419773329585e-15,True,True,False
4.705,0.00022877768308990354,0.0,0.0001715068574096141,1.457695649472871e-16,-6.09344074433086e-18,1.208492874684842e-15,-0.0007913261616942673,0.225,-1.3696936099019753e-15,0.24022877768308987,0.225,0.0,0.23999999999999996,0.0,129.87392284161916,2.346833122521793e-15,True,True,False
4.71,0.00022791025722543323,0.0,0.000175463488218098,1.4643959479802584e-16,-6.09344074433086e-18,1.208492874684842e-15,-0.0007913261616942673,0.225,-1.3763868761359031e-15,0.2402279102572254,0.225,0.0,0.23999999999999996,0.0,129.87392284161916,2.351359042853375e-15,True,True,False
4.715,0.0002270230482071811,0.0,0.00017942011902658193,1.471097300892812e-16,-6.09344074433086e-18,1.208492874684842e-15,-0.0007913261616942673,0.225,-1.3831092199568365e-15,0.24022702304820714,0.225,0.0,0.23999999999999996,0.0,129.87392284161916,2.355919738336226e-15,True,True,False
4.72,0.00022611605603514717,0.0,0.00018337674983506582,1.4777688303366524e-16,-6.09344074433086e-18,1.208492874684842e-15,-0.0007913261616942673,0.225,-1.3898606954883532e-15,0.2402261160560351,0.225,0.0,0.23999999999999996,0.0,129.87392284161916,2.3605073660049672e-15,True,True,False
4.7250000000000005,0.00022518928070933142,0.0,0.00018733338064354972,1.4844006295653436e-16,-6.09344074433086e-18,1.208492874684842e-15,-0.0007913261616942673,0.225,-1.3966417357233253e-15,0.2402251892807093,0.225,0.0,0.23999999999999996,0.0,129.87392284161916,2.365119653955102e-15,True,True,False
4.73,0.00022424272222884567,0.0,0.00019129001145203368,1.491032894212109e-16,-6.09344074433086e-18,1.208492874684842e-15,-0.0007913261616942673,0.225,-1.4034524334152994e-15,0.2402242427222288,0.225,0.0,0.23999999999999996,0.0,129.87392284161916,2.3697669140062092e-15,True,True,False
4.735,0.0002232763805945781,0.0,0.00019524664226051763,1.497665618093775e-16,-6.09344074433086e-18,1.208492874684842e-15,-0.0007913261616942673,0.225,-1.410292788529429e-15,0.24022327638059454,0.225,0.0,0.23999999999999996,0.0,129.87392284161916,2.3744491462884062e-15,True,True,False
4.74,0.00022229025580564055,0.0,0.00019920327306900153,1.504332563534733e-16,-6.09344074433086e-18,1.208492874684842e-15,-0.0007913261616942673,0.225,-1.4171628190396636e-15,0.2402222902558056,0.225,0.0,0.23999999999999996,0.0,129.87392284161916,2.379160581500079e-15,True,True,False
4.745,0.00022128434786380935,0.0,0.00020315990387748546,1.511111043650177e-16,-6.09344074433086e-18,1.208492874684842e-15,-0.0007913261616942673,0.225,-1.4240629841239116e-15,0.24022128434786377,0.225,0.0,0.23999999999999996,0.0,129.87392284161916,2.383888202736349e-15,True,True,False
4.75,0.00022025865676730816,0.0,0.00020711653468596936,1.517890180404846e-16,-1.0035891543207703e-18,1.2636169716111726e-15,-0.0005966440692029562,0.225,-1.4309934818385823e-15,0.24022025865676727,0.225,0.0,0.23999999999999996,0.0,129.87650043252376,2.44759226759147e-15,True,True,False
4.755,0.00021921561604240636,0.0,0.00021009975503199357,1.524807098744967e-16,-1.0035891543207703e-18,1.2636169716111726e-15,-0.0005966440692029562,0.225,-1.4379543368977312e-15,0.24021921561604237,0.225,0.0,0.23999999999999996,0.0,129.87650043252376,2.452293200666174e-15,True,True,False
4.76,0.00021815765921537333,0.0,0.00021308297537801785,1.5317240965284284e-16,-1.0035891543207703e-18,1.2636169716111726e-15,-0.0005966440692029562,0.225,-1.4449455740384037e-15,0.24021815765921534,0.225,0.0,0.23999999999999996,0.0,129.87650043252376,2.457030470810039e-15,True,True,False
4.765,0.00021708478628709726,0.0,0.0002160661957240421,1.5386411726838122e-16,-1.0035891543207703e-18,1.2636169716111726e-15,-0.0005966440692029562,0.225,-1.4519671932599088e-15,0.24021708478628706,0.225,0.0,0.23999999999999996,0.0,129.87650043252376,2.4618040780256424e-15,True,True,False
4.7700000000000005,0.00021599699725757815,0.0,0.00021904941607006634,1.5455583261588682e-16,-1.0035891543207703e-18,1.2636169716111726e-15,-0.0005966440692029562,0.225,-1.4590191945615652e-15,0.24021599699725754,0.225,0.0,0.23999999999999996,0.0,129.87650043252376,2.466614022315529e-15,True,True,False
4.775,0.0002148942921259278,0.0,0.00022203263641609055,1.5524755559200886e-16,-1.0035891543207703e-18,1.2636169716111726e-15,-0.0005966440692029562,0.225,-1.4661015779427015e-15,0.2402148942921259,0.225,0.0,0.23999999999999996,0.0,129.87650043252376,2.471460303682205e-15,True,True,False
4.78,0.00021377667089214625,0.0,0.00022501585676211483,1.5593928609522914e-16,-1.0035891543207703e-18,1.2636169716111726e-15,-0.0005966440692029562,0.225,-1.4732143434026546e-15,0.2402137766708921,0.225,0.0,0.23999999999999996,0.0,129.87650043252376,2.476342922128149e-15,True,True,False
4.785,0.00021264413355712164,0.0,0.00022799907710813907,1.566310240258218e-16,-1.0035891543207703e-18,1.2636169716111726e-15,-0.0005966440692029562,0.225,-1.4803574909407706e-15,0.24021264413355709,0.225,0.0,0.23999999999999996,0.0,129.87650043252376,2.481261877655801e-15,True,True,False
4.79,0.00021149668012085399,0.0,0.00023098229745416332,1.573227692858138e-16,-1.0035891543207703e-18,1.2636169716111726e-15,-0.0005966440692029562,0.225,-1.487531020556404e-15,0.24021149668012082,0.225,0.0,0.23999999999999996,0.0,129.87650043252376,2.4862171702675734e-15,True,True,False
4.795,0.0002103343105824551,0.0,0.0002339655178001875,1.5801452177894672e-16,-1.0035891543207703e-18,1.2636169716111726e-15,-0.0005966440692029562,0.225,-1.4947349322489176e-15,0.24021033431058242,0.225,0.0,0.23999999999999996,0.0,129.87650043252376,2.491208799965844e-15,True,True,False
4.8,0.000209157024941925,0.0,0.00023694873814621178,1.5870628141063937e-16,3.2544729018079532e-18,1.3205580064989776e-15,-0.0004256215661398088,0.225,-1.5019692260176828e-15,0.2402091570249419,0.225,0.0,0.23999999999999996,0.0,129.8787647704643,2.557122590204965e-15,True,True,False
4.805,0.00020796696098165923,0.0,0.00023907684597692448,1.5943324362190594e-16,3.2544729018079532e-18,1.3205580064989776e-15,-0.0004256215661398088,0.225,-1.5092345855726734e-15,0.24020796696098162,0.225,0.0,0.23999999999999996,0.0,129.8787647704643,2.5620413600696267e-15,True,True,False
4.8100000000000005,0.00020676625648227698,0.0,0.00024120495380763722,1.601602213758208e-16,3.2544729018079532e-18,1.3205580064989776e-15,-0.0004256215661398088,0.225,-1.5165316946169135e-15,0.24020676625648224,0.225,0.0,0.23999999999999996,0.0,129.8787647704643,2.566998090856272e-15,True,True,False
4.815,0.00020555491144377824,0.0,0.00024333306163834995,1.6088721446169293e-16,3.2544729018079532e-18,1.3205580064989776e-15,-0.0004256215661398088,0.225,-1.52386055313953e-15,0.24020555491144374,0.225,0.0,0.23999999999999996,0.0,129.8787647704643,2.5719927826055106e-15,True,True,False
4.82,0.00020433292586616303,0.0,0.00024546116946906263,1.61614222672618e-16,3.2544729018079532e-18,1.3205580064989776e-15,-0.0004256215661398088,0.225,-1.5312211611297934e-15,0.24020433292586613,0.225,0.0,0.23999999999999996,0.0,129.8787647704643,2.57702543535741e-15,True,True,False
4.825,0.00020310029974854316,0.0,0.00024758927729977536,1.6234124580539382e-16,3.2544729018079532e-18,1.3205580064989776e-15,-0.0004256215661398088,0.225,-1.5386135185771193e-15,0.2402031002997485,0.225,0.0,0.23999999999999996,0.0,129.8787647704643,2.582096049151495e-15,True,True,False
4.83,0.00020185703309269498,0.0,0.0002497173851304881,1.630662117534114e-16,3.2544729018079532e-18,1.3205580064989776e-15,-0.0004256215661398088,0.225,-1.54603777929921e-15,0.24020185703309266,0.225,0.0,0.23999999999999996,0.0,129.8787647704643,2.5871857744365984e-15,True,True,False
4.835,0.00020060312589773033,0.0,0.0002518454929612009,1.6378971901366426e-16,3.2544729018079532e-18,1.3205580064989776e-15,-0.0004256215661398088,0.225,-1.5534946611049217e-15,0.2402006031258977,0.225,0.0,0.23999999999999996,0.0,129.8787647704643,2.5922993344373703e-15,True,True,False
4.84,0.00019933857816276102,0.0,0.00025397360079191356,1.6451338094506463e-16,3.2544729018079532e-18,1.3205580064989776e-15,-0.0004256215661398088,0.225,-1.5609842536111597e-15,0.24019933857816272,0.225,0.0,0.23999999999999996,0.0,129.8787647704643,2.597451223130226e-15,True,True,False
4.845,0.0001980633898895634,0.0,0.0002561017086226263,1.6524558477684632e-16,3.2544729018079532e-18,1.3205580064989776e-15,-0.0004256215661398088,0.225,-1.5685066579789963e-15,0.24019806338988953,0.225,0.0,0.23999999999999996,0.0,129.8787647704643,2.6026284929590245e-15,True,True,False
4.8500000000000005,0.0001967775610772493,0.0,0.00025822981645333903,1.6598267656729603e-16,7.116437101917244e-18,1.3806804266343444e-15,-0.0002768610088768092,0.225,-1.5760622454637092e-15,0.2401967775610772,0.225,0.0,0.23999999999999996,0.0,129.88073436024249,2.672126879185709e-15,True,True,False
4.855,0.00019548295123214543,0.0,0.0002596141214977284,1.6673773188563112e-16,7.116437101917244e-18,1.3806804266343444e-15,-0.0002768610088768092,0.225,-1.5836510294852598e-15,0.2401954829512321,0.225,0.0,0.23999999999999996,0.0,129.88073436024249,2.6772745070192443e-15,True,True,False
4.86,0.00019418141986235482,0.0,0.0002609984265421177,1.6749279672554017e-16,7.116437101917244e-18,1.3806804266343444e-15,-0.0002768610088768092,0.225,-1.5912729897529467e-15,0.24019418141986232,0.225,0.0,0.23999999999999996,0.0,129.88073436024249,2.6824618038403436e-15,True,True,False
4.865,0.0001928729669669893,0.0,0.00026238273158650706,1.6824787095883007e-16,7.116437101917244e-18,1.3806804266343444e-15,-0.0002768610088768092,0.225,-1.5989281262577844e-15,0.24019287296696695,0.225,0.0,0.23999999999999996,0.0,129.88073436024249,2.6876887696825607e-15,True,True,False
4.87,0.00019155759254693705,0.0,0.0002637670366308964,1.6900295445959712e-16,7.116437101917244e-18,1.3806804266343444e-15,-0.0002768610088768092,0.225,-1.6066164389909088e-15,0.2401915575925469,0.225,0.0,0.23999999999999996,0.0,129.88073436024249,2.692955404578999e-15,True,True,False
4.875,0.0001902352966013099,0.0,0.0002651513416752857,1.6975804710417613e-16,7.116437101917244e-18,1.3806804266343444e-15,-0.0002768610088768092,0.225,-1.6143379279435722e-15,0.24019023529660127,0.225,0.0,0.23999999999999996,0.0,129.88073436024249,2.698261708562317e-15,True,True,False
4.88,0.00018890607913010782,0.0,0.000266535646719675,1.70513148771091e-16,7.116437101917244e-18,1.3806804266343444e-15,-0.0002768610088768092,0.225,-1.6220925931071476e-15,0.24018890607913007,0.225,0.0,0.23999999999999996,0.0,129.88073436024249,2.7036076816647377e-15,True,True,False
4.885,0.00018756994013333084,0.0,0.0002679199517640643,1.7126825934100644e-16,7.116437101917244e-18,1.3806804266343444e-15,-0.0002768610088768092,0.225,-1.6298804344731197e-15,0.2401875699401333,0.225,0.0,0.23999999999999996,0.0,129.88073436024249,2.7089933239180545e-15,True,True,False
4.89,0.00018622687961186712,0.0,0.0002693042568084536,1.7202337869668118e-16,7.116437101917244e-18,1.3806804266343444e-15,-0.0002768610088768092,0.225,-1.6377014520330861e-15,0.24018622687961183,0.225,0.0,0.23999999999999996,0.0,129.88073436024249,2.714418635353644e-15,True,True,False
4.8950000000000005,0.00018487689756571668,0.0,0.000270688561852843,1.7277850672292208e-16,7.116437101917244e-18,1.3806804266343444e-15,-0.0002768610088768092,0.225,-1.6455556457787578e-15,0.24018487689756568,0.225,0.0,0.23999999999999996,0.0,129.88073436024249,2.7198836160024636e-15,True,True,False
4.9,0.00018351999399399133,0.0,0.00027207286689723227,1.7353364330653976e-16,1.0120441617325854e-17,1.4428410454808484e-15,-0.00014886492982363504,0.225,-1.6534430157019505e-15,0.24018351999399395,0.225,0.0,0.23999999999999996,0.0,129.88242902832914,2.7918598585171285e-15,True,True,False
4.905,0.00018215776884797363,0.0,0.00027281719154635854,1.7432021168701008e-16,1.0120441617325854e-17,1.4428410454808484e-15,-0.00014886492982363504,0.225,-1.6613643093948765e-15,0.24018215776884794,0.225,0.0,0.23999999999999996,0.0,129.88242902832914,2.7972450879966088e-15,True,True,False
4.91,0.00018079182207894617,0.0,0.0002735615161954848,1.7510682840235423e-16,1.0120441617325854e-17,1.4428410454808484e-15,-0.00014886492982363504,0.225,-1.6693202744123702e-15,0.2401807918220789,0.225,0.0,0.23999999999999996,0.0,129.88242902832914,2.802671763371309e-15,True,True,False
4.915,0.00017942215368690895,0.0,0.000274305840844611,1.758934928040942e-16,1.0120441617325854e-17,1.4428410454808484e-15,-0.00014886492982363504,0.225,-1.6773109106911862e-15,0.24017942215368687,0.225,0.0,0.23999999999999996,0.0,129.88242902832914,2.808139884877388e-15,True,True,False
4.92,0.00017804876367186195,0.0,0.0002750501654937372,1.7668020425526238e-16,1.0120441617325854e-17,1.4428410454808484e-15,-0.00014886492982363504,0.225,-1.6853362181689363e-15,0.24017804876367183,0.225,0.0,0.23999999999999996,0.0,129.88242902832914,2.813649452747829e-15,True,True,False
4.925,0.00017667165203291701,0.0,0.0002757944901428634,1.7746696213014812e-16,1.0120441617325854e-17,1.4428410454808484e-15,-0.00014886492982363504,0.225,-1.6933961967840655e-15,0.24017667165203288,0.225,0.0,0.23999999999999996,0.0,129.88242902832914,2.8192004672124902e-15,True,True,False
4.93,0.00017529081877007413,0.0,0.00027653881479198963,1.782537658140509e-16,1.0120441617325854e-17,1.4428410454808484e-15,-0.00014886492982363504,0.225,-1.7014908464758404e-15,0.24017529081877004,0.225,0.0,0.23999999999999996,0.0,129.88242902832914,2.824792928498165e-15,True,True,False
4.9350000000000005,0.0001739062638833333,0.0,0.0002772831394411159,1.7904310829270421e-16,1.0120441617325854e-17,1.4428410454808484e-15,-0.00014886492982363504,0.225,-1.709620193761146e-15,0.2401739062638833,0.225,0.0,0.23999999999999996,0.0,129.88242902832914,2.830419512838112e-15,True,True,False
4.94,0.00017251798737447088,0.0,0.0002780274640902421,1.798449429635064e-16,1.0120441617325854e-17,1.4428410454808484e-15,-0.00014886492982363504,0.225,-1.7177850624596328e-15,0.24017251798737443,0.225,0.0,0.23999999999999996,0.0,129.88242902832914,2.8360511885086003e-15,True,True,False
4.945,0.00017112598924171052,0.0,0.00027877178873936834,1.8064678707448687e-16,1.0120441617325854e-17,1.4428410454808484e-15,-0.00014886492982363504,0.225,-1.7259859397455332e-15,0.24017112598924167,0.225,0.0,0.23999999999999996,0.0,129.88242902832914,2.8417248038692127e-15,True,True,False
4.95,0.00016973026948682857,0.0,0.0002795161133884945,1.8144864050049368e-16,1.2698867498275762e-17,1.5082922153150907e-15,-4.007522006124059e-05,0.225,-1.7342228166923905e-15,0.2401697302694868,0.225,0.0,0.23999999999999996,0.0,129.88386940408637,2.917433104615615e-15,True,True,False
4.955,0.00016833218797937533,0.0,0.0002797164894888191,1.8226887051754581e-16,1.2698867498275762e-17,1.5082922153150907e-15,-4.007522006124059e-05,0.225,-1.742495809417514e-15,0.24016833218797934,0.225,0.0,0.23999999999999996,0.0,129.88386940408637,2.9230675025978815e-15,True,True,False
4.96,0.00016693310459156563,0.0,0.0002799168655891436,1.830892070715569e-16,1.2698867498275762e-17,1.5082922153150907e-15,-4.007522006124059e-05,0.225,-1.7508050340478002e-15,0.24016693310459153,0.225,0.0,0.23999999999999996,0.0,129.88386940408637,2.9287452129634232e-15,True,True,False
4.965,0.00016553301932339948,0.0,0.0002801172416894682,1.8390964873688953e-16,1.2698867498275762e-17,1.5082922153150907e-15,-4.007522006124059e-05,0.225,-1.759150490531242e-15,0.24016553301932336,0.225,0.0,0.23999999999999996,0.0,129.88386940408637,2.934466235906433e-15,True,True,False
4.97,0.00016413193217487687,0.0,0.00028031761778979277,1.8473019411305187e-16,1.2698867498275762e-17,1.5082922153150907e-15,-4.007522006124059e-05,0.225,-1.76753217881654e-15,0.24016413193217484,0.225,0.0,0.23999999999999996,0.0,129.88386940408637,2.940230571618487e-15,True,True,False
4.9750000000000005,0.0001627298431459978,0.0,0.0002805179938901174,1.855508418241497e-16,1.2698867498275762e-17,1.5082922153150907e-15,-4.007522006124059e-05,0.225,-1.7759500988530765e-15,0.24016272984314596,0.225,0.0,0.23999999999999996,0.0,129.88386940408637,2.9460382202885996e-15,True,True,False
4.98,0.00016132675223587412,0.0,0.00028071836999044193,1.8637728911729113e-16,1.2698867498275762e-17,1.5082922153150907e-15,-4.007522006124059e-05,0.225,-1.7844043268398185e-15,0.24016132675223584,0.225,0.0,0.23999999999999996,0.0,129.88386940408637,2.9518751964367352e-15,True,True,False
4.985,0.00015992265944628214,0.0,0.0002809187460907665,1.8721362104787676e-16,1.2698867498275762e-17,1.5082922153150907e-15,-4.007522006124059e-05,0.225,-1.7928957014658716e-15,0.24015992265944625,0.225,0.0,0.23999999999999996,0.0,129.88386940408637,2.9577316196692174e-15,True,True,False
4.99,0.00015851756477544554,0.0,0.00028111912219109104,1.8804996724906123e-16,1.2698867498275762e-17,1.5082922153150907e-15,-4.007522006124059e-05,0.225,-1.801424451430503e-15,0.2401585175647754,0.225,0.0,0.23999999999999996,0.0,129.88386940408637,2.9636317810512184e-15,True,True,False
4.995,0.00015711146822425248,0.0,0.00028131949829141554,1.888855107689434e-16,1.2698867498275762e-17,1.5082922153150907e-15,-4.007522006124059e-05,0.225,-1.809990593368517e-15,0.24015711146822422,0.225,0.0,0.23999999999999996,0.0,129.88386940408637,2.969570202759128e-15,True,True,False
5.0,0.0001557043697918148,0.0,0.0002815198743917402,1.8971845799761066e-16,1.4482135275357163e-17,1.5768516948836878e-15,5.1093341620202064e-05,0.225,-1.8185945525917376e-15,0.24015570436979178,0.225,0.0,0.23999999999999996,0.0,129.88507647584305,3.0488535200455323e-15,True,True,False
5.005,0.0001542974090865401,0.0,0.0002812644076836501,1.9057762988540015e-16,1.4482135275357163e-17,1.5768516948836878e-15,5.1093341620202064e-05,0.225,-1.8272364438799733e-15,0.2401542974090865,0.225,0.0,0.23999999999999996,0.0,129.88507647584305,3.054748610512021e-15,True,True,False
5.01,0.00015289172571417153,0.0,0.0002810089409755601,1.9143686175216524e-16,1.4482135275357163e-17,1.5768516948836878e-15,5.1093341620202064e-05,0.225,-1.8359161985628827e-15,0.24015289172571413,0.225,0.0,0.23999999999999996,0.0,129.88507647584305,3.0606889664106867e-15,True,True,False
5.015,0.00015148731967648543,0.0,0.0002807534742674701,1.9229615279389853e-16,1.4482135275357163e-17,1.5768516948836878e-15,5.1093341620202064e-05,0.225,-1.844633816593934e-15,0.24015148731967645,0.225,0.0,0.23999999999999996,0.0,129.88507647584305,3.0666745879152905e-15,True,True,False
5.0200000000000005,0.00015008419097170544,0.0,0.00028049800755938005,1.9315550222084474e-16,1.4482135275357163e-17,1.5768516948836878e-15,5.1093341620202064e-05,0.225,-1.8533892979272187e-15,0.24015008419097167,0.225,0.0,0.23999999999999996,0.0,129.88507647584305,3.072705475197262e-15,True,True,False
5.025,0.00014868233960160793,0.0,0.00028024254085129007,1.9401490925718784e-16,1.4482135275357163e-17,1.5768516948836878e-15,5.1093341620202064e-05,0.225,-1.862182642517447e-15,0.24014868233960157,0.225,0.0,0.23999999999999996,0.0,129.88507647584305,3.0787816284257346e-15,True,True,False
5.03,0.00014728176556441652,0.0,0.00027998707414320003,1.948743731407456e-16,1.4482135275357163e-17,1.5768516948836878e-15,5.1093341620202064e-05,0.225,-1.871013850319927e-15,0.24014728176556438,0.225,0.0,0.23999999999999996,0.0,129.88507647584305,3.084903047767591e-15,True,True,False
5.035,0.0001458824688619076,0.0,0.00027973160743511,1.957338931226729e-16,1.4482135275357163e-17,1.5768516948836878e-15,5.1093341620202064e-05,0.225,-1.8798829212905602e-15,0.24014588246886187,0.225,0.0,0.23999999999999996,0.0,129.88507647584305,3.0910697333874997e-15,True,True,False
5.04,0.0001444844494905284,0.0,0.00027947614072702,1.965934684671721e-16,1.4482135275357163e-17,1.5768516948836878e-15,5.1093341620202064e-05,0.225,-1.888789855385837e-15,0.2401444844494905,0.225,0.0,0.23999999999999996,0.0,129.88507647584305,3.097281685447954e-15,True,True,False
5.045,0.00014308770745294352,0.0,0.00027922067401892997,1.974530984512112e-16,1.4482135275357163e-17,1.5768516948836878e-15,5.1093341620202064e-05,0.225,-1.89773465256281e-15,0.2401430877074529,0.225,0.0,0.23999999999999996,0.0,129.88507647584305,3.103538904109313e-15,True,True,False
5.05,0.00014169224274915293,0.0,0.0002789652073108399,1.983291713164843e-16,1.5634761625583228e-17,1.647966042153922e-15,0.000126224769093022,0.225,-1.906717976996664e-15,0.24014169224274912,0.225,0.0,0.23999999999999996,0.0,129.8860712159428,3.1858340593143623e-15,True,True,False
5.055,0.00014029899452214223,0.0,0.0002783340834653851,1.9923029320156532e-16,1.5634761625583228e-17,1.647966042153922e-15,0.000126224769093022,0.225,-1.915740951244411e-15,0.2401402989945221,0.225,0.0,0.23999999999999996,0.0,129.8860712159428,3.192000483098393e-15,True,True,False
5.0600000000000005,0.00013890890191400884,0.0,0.0002777029596199303,2.0013141831388394e-16,1.5634761625583228e-17,1.647966042153922e-15,0.000126224769093022,0.225,-1.9248034971672685e-15,0.24013890890191397,0.225,0.0,0.23999999999999996,0.0,129.8860712159428,3.1982142076465404e-15,True,True,False
5.065,0.00013752196492564095,0.0,0.00027707183577447555,2.0103254661004203e-16,1.5634761625583228e-17,1.647966042153922e-15,0.000126224769093022,0.225,-1.9339056147233377e-15,0.2401375219649256,0.225,0.0,0.23999999999999996,0.0,129.8860712159428,3.2044752331152622e-15,True,True,False
5.07,0.00013613818355615037,0.0,0.00027644071192902076,2.0193367804741596e-16,1.5634761625583228e-17,1.647966042153922e-15,0.000126224769093022,0.225,-1.9430473038712804e-15,0.2401361381835561,0.225,0.0,0.23999999999999996,0.0,129.8860712159428,3.2107835596589204e-15,True,True,False
5.075,0.0001347575578064253,0.0,0.00027580958808356596,2.028348125841394e-16,1.5634761625583228e-17,1.647966042153922e-15,0.000126224769093022,0.225,-1.952228564570315e-15,0.2401347575578064,0.225,0.0,0.23999999999999996,0.0,129.8860712159428,3.2171391874298066e-15,True,True,False
5.08,0.00013338008767557752,0.0,0.00027517846423811117,2.0373595017908666e-16,1.5634761625583228e-17,1.647966042153922e-15,0.000126224769093022,0.225,-1.9614493967802024e-15,0.24013338008767554,0.225,0.0,0.23999999999999996,0.0,129.8860712159428,3.2235421165781887e-15,True,True,False
5.085,0.00013200577316449524,0.0,0.00027454734039265643,2.0463890059968467e-16,1.5634761625583228e-17,1.647966042153922e-15,0.000126224769093022,0.225,-1.97070993516216e-15,0.24013200577316446,0.225,0.0,0.23999999999999996,0.0,129.8860712159428,3.229970567339788e-15,True,True,False
5.09,0.0001306346142714021,0.0,0.00027391621654720164,2.055443859346665e-16,1.5634761625583228e-17,1.647966042153922e-15,0.000126224769093022,0.225,-1.980011257262484e-15,0.24013063461427137,0.225,0.0,0.23999999999999996,0.0,129.8860712159428,3.2364182425841574e-15,True,True,False
5.095,0.00012926661099896264,0.0,0.00027328509270174684,2.0645010234902882e-16,1.5634761625583228e-17,1.647966042153922e-15,0.000126224769093022,0.225,-1.9893535938987703e-15,0.24012926661099893,0.225,0.0,0.23999999999999996,0.0,129.8860712159428,3.2429137828767428e-15,True,True,False
5.1000000000000005,0.0001279017633445123,0.0,0.0002726539688562921,2.0736321856838326e-16,1.6011190697664405e-17,1.7227191044097686e-15,0.00018687831092994848,0.225,-1.99873706728332e-15,0.24012790176334448,0.225,0.0,0.23999999999999996,0.0,129.8868742688367,3.3293877409506254e-15,True,True,False
5.105,0.00012654082947935463,0.0,0.0002717195773016605,2.0830427037340193e-16,1.6011190697664405e-17,1.7227191044097686e-15,0.00018687831092994848,0.225,-2.0081619909640262e-15,0.24012654082947932,0.225,0.0,0.23999999999999996,0.0,129.8868742688367,3.3358385538498854e-15,True,True,False
5.11,0.0001251845675721286,0.0,0.00027078518574702887,2.0924533326584544e-16,1.6011190697664405e-17,1.7227191044097686e-15,0.00018687831092994848,0.225,-2.017628270813794e-15,0.2401251845675721,0.225,0.0,0.23999999999999996,0.0,129.8868742688367,3.342338800552624e-15,True,True,False
5.115,0.000123832977621946,0.0,0.00026985079419239726,2.101864070967893e-16,1.6011190697664405e-17,1.7227191044097686e-15,0.00018687831092994848,0.225,-2.0271359067950277e-15,0.2401238329776219,0.225,0.0,0.23999999999999996,0.0,129.8868742688367,3.3488884811992312e-15,True,True,False
5.12,0.00012248605962969505,0.0,0.00026891640263776564,2.1112749171996263e-16,1.6011190697664405e-17,1.7227191044097686e-15,0.00018687831092994848,0.225,-2.0366848988706337e-15,0.24012248605962966,0.225,0.0,0.23999999999999996,0.0,129.8868742688367,3.3554875959282168e-15,True,True,False
5.125,0.00012114381359537574,0.0,0.000267982011083134,2.1206858699168924e-16,1.6011190697664405e-17,1.7227191044097686e-15,0.00018687831092994848,0.225,-2.0462752470040197e-15,0.24012114381359534,0.225,0.0,0.23999999999999996,0.0,129.8868742688367,3.3621361448762346e-15,True,True,False
5.13,0.00011980623951898806,0.0,0.0002670476195285024,2.1300969277083043e-16,1.6011190697664405e-17,1.7227191044097686e-15,0.00018687831092994848,0.225,-2.0559069511590754e-15,0.24011980623951895,0.225,0.0,0.23999999999999996,0.0,129.8868742688367,3.3688341281781226e-15,True,True,False
5.135,0.00011847333740053201,0.0,0.0002661132279738708,2.1395080891872927e-16,1.6011190697664405e-17,1.7227191044097686e-15,0.00018687831092994848,0.225,-2.06558001130017e-15,0.2401184733374005,0.225,0.0,0.23999999999999996,0.0,129.8868742688367,3.3755815459669345e-15,True,True,False
5.14,0.00011714510723911942,0.0,0.00026517883641923924,2.148919352991563e-16,1.6011190697664405e-17,1.7227191044097686e-15,0.00018687831092994848,0.225,-2.0752944273921432e-15,0.24011714510723908,0.225,0.0,0.23999999999999996,0.0,129.8868742688367,3.3823783983739654e-15,True,True,False
5.1450000000000005,0.00011582154903563846,0.0,0.00026424444486460757,2.158330717782566e-16,1.6011190697664405e-17,1.7227191044097686e-15,0.00018687831092994848,0.225,-2.0850501994002987e-15,0.2401158215490356,0.225,0.0,0.23999999999999996,0.0,129.8868742688367,3.3892246855287903e-15,True,True,False
5.15,0.00011450266279097732,0.0,0.00026331005330997606,2.1678294611369608e-16,1.5755796211265828e-17,1.800359706631054e-15,0.00023456920983905229,0.225,-2.094847949232592e-15,0.24011450266279094,0.225,0.0,0.23999999999999996,0.0,129.88750569633825,3.4790963861252966e-15,True,True,False
5.155,0.00011318904463894497,0.0,0.0002621372072607977,2.177628000138368e-16,1.5755796211265828e-17,1.800359706631054e-15,0.00023456920983905229,0.225,-2.1046889922173583e-15,0.2401131890446389,0.225,0.0,0.23999999999999996,0.0,129.88750569633825,3.4858433113499217e-15,True,True,False
5.16,0.00011188129071779129,0.0,0.00026096436121161935,2.1874280498508707e-16,1.5755796211265828e-17,1.800359706631054e-15,0.00023456920983905229,0.225,-2.1145732584336234e-15,0.24011188129071775,0.225,0.0,0.23999999999999996,0.0,129.88750569633825,3.492641897718149e-15,True,True,False
5.165,0.00011057940102662811,0.0,0.0002597915151624409,2.197229590060319e-16,1.5755796211265828e-17,1.800359706631054e-15,0.00023456920983905229,0.225,-2.1245007478101888e-15,0.2401105794010266,0.225,0.0,0.23999999999999996,0.0,129.88750569633825,3.4994921454958488e-15,True,True,False
5.17,0.0001092833755663436,0.0,0.00025861866911326264,2.2070326009086013e-16,1.5755796211265828e-17,1.800359706631054e-15,0.00023456920983905229,0.225,-2.1344714602768128e-15,0.2401092833755663,0.225,0.0,0.23999999999999996,0.0,129.88750569633825,3.5063940549453215e-15,True,True,False
5.175,0.0001079932143351614,0.0,0.0002574458230640842,2.2169406457834878e-16,1.5755796211265828e-17,1.800359706631054e-15,0.00023456920983905229,0.225,-2.144485740622435e-15,0.24010799321433512,0.225,0.0,0.23999999999999996,0.0,129.88750569633825,3.513317370823629e-15,True,True,False
5.18,0.00010670891733574606,0.0,0.00025627297701490587,2.226869540300383e-16,1.5755796211265828e-17,1.800359706631054e-15,0.00023456920983905229,0.225,-2.1545442254676495e-15,0.2401067089173357,0.225,0.0,0.23999999999999996,0.0,129.88750569633825,3.52028666467078e-15,True,True,False
5.1850000000000005,0.00010543048456543302,0.0,0.0002551001309657275,2.2367984485636164e-16,1.5755796211265828e-17,1.800359706631054e-15,0.00023456920983905229,0.225,-2.164646928057146e-15,0.2401054304845654,0.225,0.0,0.23999999999999996,0.0,129.88750569633825,3.5273080207298475e-15,True,True,False
5.19,0.00010415791602599866,0.0,0.00025392728491654916,2.246731367089853e-16,1.5755796211265828e-17,1.800359706631054e-15,0.00023456920983905229,0.225,-2.1747939051711186e-15,0.24010415791602596,0.225,0.0,0.23999999999999996,0.0,129.88750569633825,3.5343712140568766e-15,True,True,False
5.195,0.00010289121171566662,0.0,0.0002527544388673707,2.2566721804155033e-16,1.5755796211265828e-17,1.800359706631054e-15,0.00023456920983905229,0.225,-2.184985781567267e-15,0.24010289121171563,0.225,0.0,0.23999999999999996,0.0,129.88750569633825,3.5414690239059427e-15,True,True,False
5.2,0.00010163037163710142,0.0,0.0002515815928181924,2.266614423350482e-16,1.5002762411504855e-17,1.8822336360405067e-15,0.0002707533450410648,0.225,-2.195222727591606e-15,0.24010163037163706,0.225,0.0,0.23999999999999996,0.0,129.88798477428836,3.636185807419824e-15,True,True,False
5.205,0.00010037584808983424,0.0,0.00025022782609299306,2.276890999748375e-16,1.5002762411504855e-17,1.8822336360405067e-15,0.0002707533450410648,0.225,-2.2055047955374576e-15,0.2401003758480898,0.225,0.0,0.23999999999999996,0.0,129.88798477428836,3.6432437052689934e-15,True,True,False
5.21,9.912809337606077e-05,0.0,0.00024887405936779383,2.2871677698968937e-16,1.5002762411504855e-17,1.8822336360405067e-15,0.0002707533450410648,0.225,-2.21583203770952e-15,0.24009912809337602,0.225,0.0,0.23999999999999996,0.0,129.88798477428836,3.650355595348525e-15,True,True,False
5.215,9.7887107495781e-05,0.0,0.00024752029264259455,2.2974447311960226e-16,1.5002762411504855e-17,1.8822336360405067e-15,0.0002707533450410648,0.225,-2.2262044540729355e-15,0.24009788710749574,0.225,0.0,0.23999999999999996,0.0,129.88798477428836,3.657521477788566e-15,True,True,False
5.22,9.665289044988312e-05,0.0,0.0002461665259173953,2.3077218810920124e-16,1.5002762411504855e-17,1.8822336360405067e-15,0.0002707533450410648,0.225,-2.236622044593325e-15,0.24009665289044985,0.225,0.0,0.23999999999999996,0.0,129.88798477428836,3.664741352717515e-15,True,True,False
5.2250000000000005,9.542544223659077e-05,0.0,0.00024481275919219605,2.317999217076358e-16,1.5002762411504855e-17,1.8822336360405067e-15,0.0002707533450410648,0.225,-2.2470848092367606e-15,0.24009542544223655,0.225,0.0,0.23999999999999996,0.0,129.88798477428836,3.672015220262056e-15,True,True,False
5.23,9.420476285768031e-05,0.0,0.00024345899246699674,2.3282767366847996e-16,1.5002762411504855e-17,1.8822336360405067e-15,0.0002707533450410648,0.225,-2.2575927479697694e-15,0.24009420476285764,0.225,0.0,0.23999999999999996,0.0,129.88798477428836,3.679343080547193e-15,True,True,False
5.235,9.299085231226356e-05,0.0,0.0002421052257417975,2.338554437496354e-16,1.5002762411504855e-17,1.8822336360405067e-15,0.0002707533450410648,0.225,-2.2681458607593164e-15,0.24009299085231223,0.225,0.0,0.23999999999999996,0.0,129.88798477428836,3.686724933696274e-15,True,True,False
5.24,9.178371060034052e-05,0.0,0.00024075145901659824,2.3488323171323696e-16,1.5002762411504855e-17,1.8822336360405067e-15,0.0002707533450410648,0.225,-2.2787441475728107e-15,0.2400917837106003,0.225,0.0,0.23999999999999996,0.0,129.88798477428836,3.694160779831018e-15,True,True,False
5.245,9.058333772279936e-05,0.0,0.00023939769229139896,2.3591103732556055e-16,1.5002762411504855e-17,1.8822336360405067e-15,0.0002707533450410648,0.225,-2.2893876083780806e-15,0.24009058333772276,0.225,0.0,0.23999999999999996,0.0,129.88798477428836,3.7016506190715505e-15,True,True,False
5.25,8.938973367786374e-05,0.0,0.00023804392556619968,2.369388603569336e-16,1.3813875718523763e-17,1.9668078541574955e-15,0.00029681533741451644,0.225,-2.30007624314338e-15,0.24008938973367783,0.225,0.0,0.23999999999999996,0.0,129.88832983506737,3.799650835047222e-15,True,True,False
5.255,8.820322424227256e-05,0.0,0.00023655984887913808,2.380106300905162e-16,1.3813875718523763e-17,1.9668078541574955e-15,0.00029681533741451644,0.225,-2.310811073282975e-15,0.24008820322424224,0.225,0.0,0.23999999999999996,0.0,129.88832983506737,3.807031466160413e-15,True,True,False
5.26,8.702413518921204e-05,0.0,0.00023507577219207643,2.390825420311222e-16,1.3813875718523763e-17,1.9668078541574955e-15,0.00029681533741451644,0.225,-2.321593120200346e-15,0.24008702413518918,0.225,0.0,0.23999999999999996,0.0,129.88832983506737,3.814468519948413e-15,True,True,False
5.265,8.585246652045853e-05,0.0,0.0002335916955050148,2.4015459427456063e-16,1.3813875718523763e-17,1.9668078541574955e-15,0.00029681533741451644,0.225,-2.3324223838484324e-15,0.24008585246652042,0.225,0.0,0.23999999999999996,0.0,129.88832983506737,3.821961996586957e-15,True,True,False
5.2700000000000005,8.468821823423567e-05,0.0,0.0002321076188179532,2.412267849502435e-16,1.3813875718523763e-17,1.9668078541574955e-15,0.00029681533741451644,0.225,-2.3432988641808053e-15,0.2400846882182342,0.225,0.0,0.23999999999999996,0.0,129.88832983506737,3.829511896249426e-15,True,True,False
5.275,8.353139033231982e-05,0.0,0.00023062354213089156,2.4231045833657837e-16,1.3813875718523763e-17,1.9668078541574955e-15,0.00029681533741451644,0.225,-2.354223055144481e-15,0.24008353139033228,0.225,0.0,0.23999999999999996,0.0,129.88832983506737,3.837079853906895e-15,True,True,False
5.28,8.238198281293463e-05,0.0,0.0002291394654438299,2.4339452667992626e-16,1.3813875718523763e-17,1.9668078541574955e-15,0.00029681533741451644,0.225,-2.3651955212838383e-15,0.2400823819828129,0.225,0.0,0.23999999999999996,0.0,129.88832983506737,3.8447033396760335e-15,True,True,False
5.285,8.123999567785645e-05,0.0,0.00022765538875676826,2.4447859647394577e-16,1.3813875718523763e-17,1.9668078541574955e-15,0.00029681533741451644,0.225,-2.3762162625945663e-15,0.24008123999567782,0.225,0.0,0.23999999999999996,0.0,129.88832983506737,3.852383683507349e-15,True,True,False
5.29,8.010542892530892e-05,0.0,0.0002261713120697066,2.455638070912365e-16,1.3813875718523763e-17,1.9668078541574955e-15,0.00029681533741451644,0.225,-2.387285343130255e-15,0.24008010542892527,0.225,0.0,0.23999999999999996,0.0,129.88832983506737,3.860109703223957e-15,True,True,False
5.295,7.89782825570684e-05,0.0,0.000224687235382645,2.466510765455908e-16,1.3813875718523763e-17,1.9668078541574955e-15,0.00029681533741451644,0.225,-2.3984034675175942e-15,0.24007897828255703,0.225,0.0,0.23999999999999996,0.0,129.88832983506737,3.867873502216658e-15,True,True,False
5.3,7.785855657135854e-05,0.0,0.0002232031586955834,2.477384768412292e-16,1.210175265958027e-17,2.056232113737926e-15,0.0003140597160063907,0.225,-2.4095708279100705e-15,0.24007785855657132,0.225,0.0,0.23999999999999996,0.0,129.8885581506399,3.971340039924891e-15,True,True,False
5.305,7.67464665246409e-05,0.0,0.00022163286011556778,2.488614530176279e-16,1.210175265958027e-17,2.056232113737926e-15,0.0003140597160063907,0.225,-2.4207874813294327e-15,0.2400767464665246,0.225,0.0,0.23999999999999996,0.0,129.8885581506399,3.979060186969625e-15,True,True,False
5.3100000000000005,7.564222797071252e-05,0.0,0.00022006256153555217,2.499844427513659e-16,1.210175265958027e-17,2.056232113737926e-15,0.0003140597160063907,0.225,-2.4320534847975786e-15,0.24007564222797068,0.225,0.0,0.23999999999999996,0.0,129.8885581506399,3.986839302864053e-15,True,True,False
5.315,7.454584090957339e-05,0.0,0.00021849226295553656,2.511074458605519e-16,1.210175265958027e-17,2.056232113737926e-15,0.0003140597160063907,0.225,-2.443368838294005e-15,0.24007454584090954,0.225,0.0,0.23999999999999996,0.0,129.8885581506399,3.994677387684746e-15,True,True,False
5.32,7.345730534122352e-05,0.0,0.00021692196437552097,2.5223046216653176e-16,1.210175265958027e-17,2.056232113737926e-15,0.0003140597160063907,0.225,-2.4547335417984787e-15,0.2400734573053412,0.225,0.0,0.23999999999999996,0.0,129.8885581506399,4.002574441507262e-15,True,True,False
5.325,7.237662126566291e-05,0.0,0.00021535166579550536,2.53353491493817e-16,1.210175265958027e-17,2.056232113737926e-15,0.0003140597160063907,0.225,-2.4661475952910334e-15,0.24007237662126563,0.225,0.0,0.23999999999999996,0.0,129.8885581506399,4.010530464406142e-15,True,True,False
5.33,7.130378868289156e-05,0.0,0.0002137813672154898,2.544765336700147e-16,1.210175265958027e-17,2.056232113737926e-15,0.0003140597160063907,0.225,-2.4776109987519785e-15,0.24007130378868285,0.225,0.0,0.23999999999999996,0.0,129.8885581506399,4.01854545645494e-15,True,True,False
5.335,7.023880759290946e-05,0.0,0.00021221106863547414,2.5559958852575995e-16,1.210175265958027e-17,2.056232113737926e-15,0.0003140597160063907,0.225,-2.4891237521618735e-15,0.24007023880759287,0.225,0.0,0.23999999999999996,0.0,129.8885581506399,4.0266194177262355e-15,True,True,False
5.34,6.91816779966048e-05,0.0,0.00021064077005545856,2.5672265589464954e-16,1.210175265958027e-17,2.056232113737926e-15,0.0003140597160063907,0.225,-2.5006858555015396e-15,0.24006918167799657,0.225,0.0,0.23999999999999996,0.0,129.8885581506399,4.034752348291655e-15,True,True,False
5.345,6.813239989220121e-05,0.0,0.00020907047147544294,2.578457356131775e-16,1.210175265958027e-17,2.056232113737926e-15,0.0003140597160063907,0.225,-2.5122973087520437e-15,0.24006813239989216,0.225,0.0,0.23999999999999996,0.0,129.8885581506399,4.042944248221887e-15,True,True,False
5.3500000000000005,6.709097328147506e-05,0.0,0.00020750017289542736,2.5897694480192445e-16,1.0144306777267373e-17,2.1487393226336863e-15,0.0003237047654451454,0.225,-2.5239583574788424e-15,0.24006709097328144,0.225,0.0,0.23999999999999996,0.0,129.8886858510945,4.1500982915474434e-15,True,True,False
5.355,6.605751872665322e-05,0.0,0.00020588164906821233,2.6014943062543116e-16,1.0144306777267373e-17,2.1487393226336863e-15,0.0003237047654451454,0.225,-2.5356707673431886e-15,0.24006605751872662,0.225,0.0,0.23999999999999996,0.0,129.8886858510945,4.158171073191475e-15,True,True,False
5.36,6.503215678996255e-05,0.0,0.00020426312524099728,2.6132200609471027e-16,1.0144306777267373e-17,2.1487393226336863e-15,0.0003237047654451454,0.225,-2.547434760332639e-15,0.24006503215678993,0.225,0.0,0.23999999999999996,0.0,129.8886858510945,4.1663054787744585e-15,True,True,False
5.365,6.40148874731794e-05,0.0,0.00020264460141378225,2.6249467000840664e-16,1.0144306777267373e-17,2.1487393226336863e-15,0.0003237047654451454,0.225,-2.5592503364273936e-15,0.24006401488747314,0.225,0.0,0.23999999999999996,0.0,129.8886858510945,4.174501508370332e-15,True,True,False
5.37,6.300571077541561e-05,0.0,0.00020102607758656717,2.636674211864475e-16,1.0144306777267373e-17,2.1487393226336863e-15,0.0003237047654451454,0.225,-2.5711174956079214e-15,0.24006300571077538,0.225,0.0,0.23999999999999996,0.0,129.8886858510945,4.182759162052041e-15,True,True,False
5.375,6.200462669667117e-05,0.0,0.00019940755375935212,2.648402584695753e-16,1.0144306777267373e-17,2.1487393226336863e-15,0.0003237047654451454,0.225,-2.583036237854943e-15,0.24006200462669663,0.225,0.0,0.23999999999999996,0.0,129.8886858510945,4.191078439891564e-15,True,True,False
5.38,6.101163523783426e-05,0.0,0.00019778902993213704,2.660235395417185e-16,1.0144306777267373e-17,2.1487393226336863e-15,0.0003237047654451454,0.225,-2.59500700498924e-15,0.2400610116352378,0.225,0.0,0.23999999999999996,0.0,129.8886858510945,4.199417538533115e-15,True,True,False
5.385,6.002673639712852e-05,0.0,0.00019617050610492193,2.6720999096970535e-16,1.0144306777267373e-17,2.1487393226336863e-15,0.0003237047654451454,0.225,-2.6070308212663875e-15,0.2400600267363971,0.225,0.0,0.23999999999999996,0.0,129.8886858510945,4.2078060661316635e-15,True,True,False
5.39,5.904993017633031e-05,0.0,0.00019455198227770685,2.683964511333068e-16,1.0144306777267373e-17,2.1487393226336863e-15,0.0003237047654451454,0.225,-2.619107726852689e-15,0.2400590499301763,0.225,0.0,0.23999999999999996,0.0,129.8886858510945,4.216256814649897e-15,True,True,False
5.3950000000000005,5.808121657455145e-05,0.0,0.00019293345845049177,2.6958686353865986e-16,1.0144306777267373e-17,2.1487393226336863e-15,0.0003237047654451454,0.225,-2.6312379733687553e-15,0.24005808121657451,0.225,0.0,0.23999999999999996,0.0,129.8886858510945,4.224744103479832e-15,True,True,False
5.4,5.7120595591791945e-05,0.0,0.0001913149346232767,2.707785467052723e-16,7.834576385368258e-18,2.246329238440386e-15,0.0003268786976307168,0.225,-2.6434221441174385e-15,0.24005712059559176,0.225,0.0,0.23999999999999996,0.0,129.88872787395664,4.3376685677594035e-15,True,True,False
5.405,5.616810690209362e-05,0.0,0.00018968054113513032,2.7200531514161834e-16,7.834576385368258e-18,2.246329238440386e-15,0.0003268786976307168,0.225,-2.6556602460195327e-15,0.24005616810690206,0.225,0.0,0.23999999999999996,0.0,129.88872787395664,4.346111878769629e-15,True,True,False
5.41,5.522379018038648e-05,0.0,0.00018804614764698384,2.732321027696267e-16,7.834576385368258e-18,2.246329238440386e-15,0.0003268786976307168,0.225,-2.6679522631155548e-15,0.24005522379018035,0.225,0.0,0.23999999999999996,0.0,129.88872787395664,4.354619596349853e-15,True,True,False
5.415,5.428764542578235e-05,0.0,0.00018641175415883742,2.744589093319464e-16,7.834576385368258e-18,2.246329238440386e-15,0.0003268786976307168,0.225,-2.6802981953954537e-15,0.24005428764542575,0.225,0.0,0.23999999999999996,0.0,129.88872787395664,4.363191720537595e-15,True,True,False
5.42,5.335967263916941e-05,0.0,0.000184777360670691,2.7568573457580334e-16,7.834576385368258e-18,2.246329238440386e-15,0.0003268786976307168,0.225,-2.6926980428493184e-15,0.24005335967263913,0.225,0.0,0.23999999999999996,0.0,129.88872787395664,4.3718282513698745e-15,True,True,False
5.425,5.243987181965948e-05,0.0,0.00018314296718254457,2.769125782528991e-16,7.834576385368258e-18,2.246329238440386e-15,0.0003268786976307168,0.225,-2.705151805467366e-15,0.24005243987181962,0.225,0.0,0.23999999999999996,0.0,129.88872787395664,4.380529188883219e-15,True,True,False
5.43,5.152824296725256e-05,0.0,0.00018150857369439815,2.7813944011931247e-16,7.834576385368258e-18,2.246329238440386e-15,0.0003268786976307168,0.225,-2.7176594832399438e-15,0.24005152824296722,0.225,0.0,0.23999999999999996,0.0,129.88872787395664,4.389294533113666e-15,True,True,False
5.4350000000000005,5.062478608194865e-05,0.0,0.00017987418020625167,2.7936631993540345e-16,7.834576385368258e-18,2.246329238440386e-15,0.0003268786976307168,0.225,-2.730221076157533e-15,0.2400506247860819,0.225,0.0,0.23999999999999996,0.0,129.88872787395664,4.3981242840967824e-15,True,True,False
5.44,4.9729501164635925e-05,0.0,0.00017823978671810522,2.8059321746571995e-16,7.834576385368258e-18,2.246329238440386e-15,0.0003268786976307168,0.225,-2.7428365842107293e-15,0.2400497295011646,0.225,0.0,0.23999999999999996,0.0,129.88872787395664,4.4070184418676635e-15,True,True,False
5.445,4.884238821531439e-05,0.0,0.0001766053932299588,2.818286759325028e-16,7.834576385368258e-18,2.246329238440386e-15,0.0003268786976307168,0.225,-2.755506247785713e-15,0.24004884238821528,0.225,0.0,0.23999999999999996,0.0,129.88872787395664,4.4159369488290546e-15,True,True,False
5.45,4.796344723309587e-05,0.0,0.00017497099974181238,2.8307531969958457e-16,5.4624071394479105e-18,2.3476655013589992e-15,0.00032461781569776815,0.225,-2.7682319900388885e-15,0.24004796344723306,0.225,0.0,0.23999999999999996,0.0,129.88869793987985,4.533259099538395e-15,True,True,False
5.455,4.709264995703122e-05,0.0,0.0001733479106633307,2.84357653108991e-16,5.4624071394479105e-18,2.3476655013589992e-15,0.00032461781569776815,0.225,-2.7810141558488777e-15,0.240047092649957,0.225,0.0,0.23999999999999996,0.0,129.88869793987985,4.542088053956297e-15,True,True,False
5.46,4.6229968127059484e-05,0.0,0.000171724821584849,2.85640000364283e-16,5.4624071394479105e-18,2.3476655013589992e-15,0.00032461781569776815,0.225,-2.7938526779888793e-15,0.24004622996812702,0.225,0.0,0.23999999999999996,0.0,129.88869793987985,4.55098431540237e-15,True,True,False
5.465,4.537540174140431e-05,0.0,0.00017010173250636733,2.8692236127981555e-16,5.4624071394479105e-18,2.3476655013589992e-15,0.00032461781569776815,0.225,-2.8067475564566594e-15,0.24004537540174137,0.225,0.0,0.23999999999999996,0.0,129.88869793987985,4.559947883884972e-15,True,True,False
5.47,4.452895080184205e-05,0.0,0.00016847864342788563,2.8820473567324586e-16,5.4624071394479105e-18,2.3476655013589992e-15,0.00032461781569776815,0.225,-2.8196987912500044e-15,0.2400445289508018,0.225,0.0,0.23999999999999996,0.0,129.88869793987985,4.568978759412353e-15,True,True,False
5.4750000000000005,4.3690615307484526e-05,0.0,0.00016685555434940393,2.8948712336546006e-16,5.4624071394479105e-18,2.3476655013589992e-15,0.00032461781569776815,0.225,-2.8327063823667366e-15,0.24004369061530745,0.225,0.0,0.23999999999999996,0.0,129.88869793987985,4.578076941992653e-15,True,True,False
5.48,4.286039525833174e-05,0.0,0.00016523246527092226,2.9076952418050243e-16,5.4624071394479105e-18,2.3476655013589992e-15,0.00032461781569776815,0.225,-2.845770329804705e-15,0.2400428603952583,0.225,0.0,0.23999999999999996,0.0,129.88869793987985,4.5872424316339e-15,True,True,False
5.485,4.203829065527187e-05,0.0,0.00016360937619244056,2.920519379455057e-16,5.4624071394479105e-18,2.3476655013589992e-15,0.00032461781569776815,0.225,-2.8588906335617887e-15,0.24004203829065524,0.225,0.0,0.23999999999999996,0.0,129.88869793987985,4.596475228344022e-15,True,True,False
5.49,4.122430149652856e-05,0.0,0.0001619862871139589,2.9333436449062416e-16,5.4624071394479105e-18,2.3476655013589992e-15,0.00032461781569776815,0.225,-2.8720672936358917e-15,0.2400412243014965,0.225,0.0,0.23999999999999996,0.0,129.88869793987985,4.605775332130837e-15,True,True,False
5.495,4.0418427783878164e-05,0.0,0.0001603631980354772,2.946256848085389e-16,5.4624071394479105e-18,2.3476655013589992e-15,0.00032461781569776815,0.225,-2.8853005612816032e-15,0.24004041842778384,0.225,0.0,0.23999999999999996,0.0,129.88869793987985,4.6151008566264626e-15,True,True,False
5.5,3.9620669516432505e-05,0.0,0.00015874010895699549,2.9592863290535066e-16,2.915188984210162e-18,2.453572615916131e-15,0.0003178663642508892,0.225,-2.8985924465484034e-15,0.2400396206695164,0.225,0.0,0.23999999999999996,0.0,129.88860855066267,4.737720852044842e-15,True,True,False
5.505,3.88309423012545e-05,0.0,0.00015715077713575708,2.972689656016658e-16,2.915188984210162e-18,2.453572615916131e-15,0.0003178663642508892,0.225,-2.9119433099610626e-15,0.24003883094230122,0.225,0.0,0.23999999999999996,0.0,129.88860855066267,4.746952736562835e-15,True,True,False
5.51,3.804916174451889e-05,0.0,0.00015556144531451874,2.986093093428473e-16,2.915188984210162e-18,2.453572615916131e-15,0.0003178663642508892,0.225,-2.9253530813227682e-15,0.24003804916174448,0.225,0.0,0.23999999999999996,0.0,129.88860855066267,4.756254961788145e-15,True,True,False
5.515,3.727532784800203e-05,0.0,0.00015397211349328033,2.999496639808312e-16,2.915188984210162e-18,2.453572615916131e-15,0.0003178663642508892,0.225,-2.938821760633084e-15,0.24003727532784797,0.225,0.0,0.23999999999999996,0.0,129.88860855066267,4.7656275277224005e-15,True,True,False
5.5200000000000005,3.650944060992756e-05,0.0,0.00015238278167204193,3.012900293701871e-16,2.915188984210162e-18,2.453572615916131e-15,0.0003178663642508892,0.225,-2.95234934789158e-15,0.2400365094406099,0.225,0.0,0.23999999999999996,0.0,129.88860855066267,4.77507043436721e-15,True,True,False
5.525,3.575150003118366e-05,0.0,0.00015079344985080353,3.0263040536805984e-16,2.915188984210162e-18,2.453572615916131e-15,0.0003178663642508892,0.225,-2.965935843097831e-15,0.24003575150003115,0.225,0.0,0.23999999999999996,0.0,129.88860855066267,4.784583681724158e-15,True,True,False
5.53,3.500150611088215e-05,0.0,0.00014920411802956518,3.03970791834113e-16,2.915188984210162e-18,2.453572615916131e-15,0.0003178663642508892,0.225,-2.979581246251419e-15,0.24003500150611085,0.225,0.0,0.23999999999999996,0.0,129.88860855066267,4.794167269794811e-15,True,True,False
5.535,3.4259458850799396e-05,0.0,0.00014761478620832678,3.0531118863047323e-16,2.915188984210162e-18,2.453572615916131e-15,0.0003178663642508892,0.225,-2.993285557351929e-15,0.24003425945885076,0.225,0.0,0.23999999999999996,0.0,129.88860855066267,4.803821198580713e-15,True,True,False
5.54,3.352535824915903e-05,0.0,0.00014602545438708835,3.0665222061496796e-16,2.915188984210162e-18,2.453572615916131e-15,0.0003178663642508892,0.225,-3.007048776398952e-15,0.24003352535824912,0.225,0.0,0.23999999999999996,0.0,129.88860855066267,4.813542524144986e-15,True,True,False
5.545,3.279920430684924e-05,0.0,0.00014443612256584998,3.0801138515297073e-16,2.915188984210162e-18,2.453572615916131e-15,0.0003178663642508892,0.225,-3.020872309177001e-15,0.2400327992043068,0.225,0.0,0.23999999999999996,0.0,129.88860855066267,4.8232493338223e-15,True,True,False
5.55,3.208099702387002e-05,0.0,0.0001428467907446116,3.093705551826279e-16,3.160577215190564e-19,2.5644111674290096e-15,0.0003074777854629205,0.225,-3.0347573857387873e-15,0.24003208099702383,0.225,0.0,0.23999999999999996,0.0,129.88847100587952,4.951584524515713e-15,True,True,False
5.555,3.137060654231916e-05,0.0,0.00014130940181730957,3.107715255497302e-16,3.160577215190564e-19,2.5644111674290096e-15,0.0003074777854629205,0.225,-3.0487040216580027e-15,0.24003137060654228,0.225,0.0,0.23999999999999996,0.0,129.88847100587952,4.961237628019473e-15,True,True,False
5.5600000000000005,3.066790300518263e-05,0.0,0.00013977201289000759,3.121725028832437e-16,3.160577215190564e-19,2.5644111674290096e-15,0.0003074777854629205,0.225,-3.062712232516925e-15,0.24003066790300515,0.225,0.0,0.23999999999999996,0.0,129.88847100587952,4.970964245112259e-15,True,True,False
5.565,2.997288641334861e-05,0.0,0.00013823462396270558,3.1357348708979543e-16,3.160577215190564e-19,2.5644111674290096e-15,0.0003074777854629205,0.225,-3.076782018315506e-15,0.2400299728864133,0.225,0.0,0.23999999999999996,0.0,129.88847100587952,4.980764375794259e-15,True,True,False
5.57,2.9285556765928922e-05,0.0,0.00013669723503540357,3.149744780776729e-16,3.160577215190564e-19,2.5644111674290096e-15,0.0003074777854629205,0.225,-3.090913379053695e-15,0.2400292855567659,0.225,0.0,0.23999999999999996,0.0,129.88847100587952,4.9906380200656606e-15,True,True,False
5.575,2.8605914062923565e-05,0.0,0.0001351598461081016,3.163754757567878e-16,3.160577215190564e-19,2.5644111674290096e-15,0.0003074777854629205,0.225,-3.1051063147314413e-15,0.2400286059140629,0.225,0.0,0.23999999999999996,0.0,129.88847100587952,5.000585177926649e-15,True,True,False
5.58,2.793395830522072e-05,0.0,0.00013362245718079958,3.177764800386401e-16,3.160577215190564e-19,2.5644111674290096e-15,0.0003074777854629205,0.225,-3.1193608253486987e-15,0.24002793395830518,0.225,0.0,0.23999999999999996,0.0,129.88847100587952,5.0106058493774045e-15,True,True,False
5.585,2.7269689491044025e-05,0.0,0.0001320850682534976,3.191774908362833e-16,3.160577215190564e-19,2.5644111674290096e-15,0.0003074777854629205,0.225,-3.1336769109054177e-15,0.240027269689491,0.225,0.0,0.23999999999999996,0.0,129.88847100587952,5.02070003441811e-15,True,True,False
5.59,2.661310762216984e-05,0.0,0.0001305476793261956,3.205856836814118e-16,3.160577215190564e-19,2.5644111674290096e-15,0.0003074777854629205,0.225,-3.1480547472281584e-15,0.24002661310762213,0.225,0.0,0.23999999999999996,0.0,129.88847100587952,5.030833940275252e-15,True,True,False
5.595,2.5964212697709987e-05,0.0,0.0001290102903988936,3.220062758546907e-16,3.160577215190564e-19,2.5644111674290096e-15,0.0003074777854629205,0.225,-3.162496268403824e-15,0.24002596421269767,0.225,0.0,0.23999999999999996,0.0,129.88847100587952,5.040983685995336e-15,True,True,False
5.6000000000000005,2.5323004718552644e-05,0.0,0.0001274729014715916,3.2342687245754477e-16,-2.260216477037364e-18,2.6803359332296096e-15,0.00029421712683925475,0.225,-3.1770020018953596e-15,0.24002532300471852,0.225,0.0,0.23999999999999996,0.0,129.88829543475936,5.175206404941319e-15,True,True,False
5.605,2.468931792484752e-05,0.0,0.00012600181583740397,3.2489119271960716e-16,-2.260216477037364e-18,2.6803359332296096e-15,0.00029421712683925475,0.225,-3.191572022933206e-15,0.2400246893179248,0.225,0.0,0.23999999999999996,0.0,129.88829543475936,5.185299921023452e-15,True,True,False
5.61,2.406298656029704e-05,0.0,0.00012453073020321634,3.263555172707099e-16,-2.260216477037364e-18,2.6803359332296096e-15,0.00029421712683925475,0.225,-3.2062064067590943e-15,0.24002406298656026,0.225,0.0,0.23999999999999996,0.0,129.88829543475936,5.19547026855812e-15,True,True,False
5.615,2.3444010623124845e-05,0.0,0.00012305964456902873,3.278198460533774e-16,-2.260216477037364e-18,2.6803359332296096e-15,0.00029421712683925475,0.225,-3.220905153372002e-15,0.2400234440106231,0.225,0.0,0.23999999999999996,0.0,129.88829543475936,5.205717447549134e-15,True,True,False
5.62,2.2832390114219114e-05,0.0,0.00012158855893484108,3.292841790111564e-16,-2.260216477037364e-18,2.6803359332296096e-15,0.00029421712683925475,0.225,-3.2356682627709263e-15,0.24002283239011418,0.225,0.0,0.23999999999999996,0.0,129.88829543475936,5.2160414580002494e-15,True,True,False
5.625,2.222812503357985e-05,0.0,0.00012011747330065338,3.307485160885929e-16,-2.260216477037364e-18,2.6803359332296096e-15,0.00029421712683925475,0.225,-3.250495734954874e-15,0.24002222812503354,0.225,0.0,0.23999999999999996,0.0,129.88829543475936,5.226442299915172e-15,True,True,False
5.63,2.1631215381207047e-05,0.0,0.00011864638766646568,3.322128572312109e-16,-2.260216477037364e-18,2.6803359332296096e-15,0.00029421712683925475,0.225,-3.265387569922863e-15,0.24002163121538117,0.225,0.0,0.23999999999999996,0.0,129.88829543475936,5.236919973297557e-15,True,True,False
5.635,2.104166115710071e-05,0.0,0.00011717530203227796,3.3367720238549013e-16,-2.260216477037364e-18,2.6803359332296096e-15,0.00029421712683925475,0.225,-3.280343767673931e-15,0.24002104166115706,0.225,0.0,0.23999999999999996,0.0,129.88829543475936,5.2474744781510166e-15,True,True,False
5.64,2.045946236126084e-05,0.0,0.00011570421639809027,3.351585958180799e-16,-2.260216477037364e-18,2.6803359332296096e-15,0.00029421712683925475,0.225,-3.2953652128283107e-15,0.24002045946236122,0.225,0.0,0.23999999999999996,0.0,129.88829543475936,5.258025717291069e-15,True,True,False
5.6450000000000005,1.9884618992799252e-05,0.0,0.00011423313076390258,3.36643400905087e-16,-2.260216477037364e-18,2.6803359332296096e-15,0.00029421712683925475,0.225,-3.310453538520056e-15,0.24001988461899276,0.225,0.0,0.23999999999999996,0.0,129.88829543475936,5.268638743985208e-15,True,True,False
5.65,1.931713105349231e-05,0.0,0.0001127620451297149,3.381282086448572e-16,-4.7437652653404755e-18,2.8015937965755772e-15,0.00027876437163304826,0.225,-3.3256087787514176e-15,0.24001931713105346,0.225,0.0,0.23999999999999996,0.0,129.8880908402804,5.409033477103606e-15,True,True,False
5.655,1.8756805382297292e-05,0.0,0.000111368223271569,3.396587341004957e-16,-4.7437652653404755e-18,2.8015937965755772e-15,0.00027876437163304826,0.225,-3.340831114732556e-15,0.24001875680538226,0.225,0.0,0.23999999999999996,0.0,129.8880908402804,5.419587634236245e-15,True,True,False
5.66,1.820344882083602e-05,0.0,0.00010997440141342309,3.4118926197926e-16,-4.7437652653404755e-18,2.8015937965755772e-15,0.00027876437163304826,0.225,-3.3561207276861614e-15,0.2400182034488208,0.225,0.0,0.23999999999999996,0.0,129.8880908402804,5.430222092451679e-15,True,True,False
5.665,1.7657061368220317e-05,0.0,0.00010858057955527716,3.4271979224868633e-16,-4.7437652653404755e-18,2.8015937965755772e-15,0.00027876437163304826,0.225,-3.3714776176094475e-15,0.24001765706136818,0.225,0.0,0.23999999999999996,0.0,129.8880908402804,5.440936851760301e-15,True,True,False
5.67,1.7117643025338358e-05,0.0,0.00010718675769713126,3.4425032487688816e-16,-4.7437652653404755e-18,2.8015937965755772e-15,0.00027876437163304826,0.225,-3.386901784499668e-15,0.2400171176430253,0.225,0.0,0.23999999999999996,0.0,129.8880908402804,5.451731912172373e-15,True,True,False
5.675,1.6585193791301966e-05,0.0,0.00010579293583898535,3.457808598325435e-16,-4.7437652653404755e-18,2.8015937965755772e-15,0.00027876437163304826,0.225,-3.4023932283541146e-15,0.24001658519379127,0.225,0.0,0.23999999999999996,0.0,129.8880908402804,5.46260727369801e-15,True,True,False
5.68,1.605971366699932e-05,0.0,0.00010439911398083943,3.4731139708488237e-16,-4.7437652653404755e-18,2.8015937965755772e-15,0.00027876437163304826,0.225,-3.41795194917011e-15,0.24001605971366696,0.225,0.0,0.23999999999999996,0.0,129.8880908402804,5.473562936347205e-15,True,True,False
5.6850000000000005,1.554120265154224e-05,0.0,0.00010300529212269354,3.4884863150639107e-16,-4.7437652653404755e-18,2.8015937965755772e-15,0.00027876437163304826,0.225,-3.4335781141014677e-15,0.2400155412026515,0.225,0.0,0.23999999999999996,0.0,129.8880908402804,5.484567349707967e-15,True,True,False
5.69,1.5029660744930728e-05,0.0,0.00010161147026454761,3.5039743145529583e-16,-4.7437652653404755e-18,2.8015937965755772e-15,0.00027876437163304826,0.225,-3.4492735618595845e-15,0.2400150296607449,0.225,0.0,0.23999999999999996,0.0,129.8880908402804,5.495598218367232e-15,True,True,False
5.695,1.452508794894114e-05,0.0,0.00010021764840640171,3.519462326959187e-16,-4.7437652653404755e-18,2.8015937965755772e-15,0.00027876437163304826,0.225,-3.465038793890892e-15,0.2400145250879489,0.225,0.0,0.23999999999999996,0.0,129.8880908402804,5.506710337852679e-15,True,True,False
5.7,1.402748426090894e-05,0.0,9.88238265482558e-05,3.534950352112812e-16,-7.071653131550148e-18,2.92842143256852e-15,0.00026171848735344165,0.225,-3.4808738101713858e-15,0.24001402748426087,0.225,0.0,0.23999999999999996,0.0,129.88786515277255,5.653565961763767e-15,True,True,False
5.705,1.3536636609495778e-05,0.0,9.751523411150345e-05,3.550947725427249e-16,-7.071653131550148e-18,2.92842143256852e-15,0.00026171848735344165,0.225,-3.496778880131946e-15,0.24001353663660946,0.225,0.0,0.23999999999999996,0.0,129.88786515277255,5.664601416520831e-15,True,True,False
5.71,1.305233191981059e-05,0.0,9.620664167475111e-05,3.5669451109376123e-16,-7.071653131550148e-18,2.92842143256852e-15,0.00026171848735344165,0.225,-3.5127542732159928e-15,0.24001305233191977,0.225,0.0,0.23999999999999996,0.0,129.88786515277255,5.675720801166796e-15,True,True,False
5.715,1.2574570192741552e-05,0.0,9.489804923799877e-05,3.5829425084805404e-16,-7.071653131550148e-18,2.92842143256852e-15,0.00026171848735344165,0.225,-3.528799989418541e-15,0.2400125745701927,0.225,0.0,0.23999999999999996,0.0,129.88786515277255,5.686924115720288e-15,True,True,False
5.72,1.2103351428288667e-05,0.0,9.358945680124643e-05,3.5989399178955797e-16,-7.071653131550148e-18,2.92842143256852e-15,0.00026171848735344165,0.225,-3.54491602873467e-15,0.24001210335142825,0.225,0.0,0.23999999999999996,0.0,129.88786515277255,5.6982113601996896e-15,True,True,False
5.7250000000000005,1.1638675624675576e-05,0.0,9.228086436449409e-05,3.614937339025114e-16,-7.071653131550148e-18,2.92842143256852e-15,0.00026171848735344165,0.225,-3.561102391159522e-15,0.24001163867562464,0.225,0.0,0.23999999999999996,0.0,129.88786515277255,5.709582534623135e-15,True,True,False
5.73,1.1180542784566816e-05,0.0,9.097227192774174e-05,3.6309347717143057e-16,-7.071653131550148e-18,2.92842143256852e-15,0.00026171848735344165,0.225,-3.5773590766883016e-15,0.24001118054278453,0.225,0.0,0.23999999999999996,0.0,129.88786515277255,5.721037639008518e-15,True,True,False
5.735,1.072895290529785e-05,0.0,8.96636794909894e-05,3.6471167232097034e-16,-7.071653131550148e-18,2.92842143256852e-15,0.00026171848735344165,0.225,-3.593687183467923e-15,0.24001072895290526,0.225,0.0,0.23999999999999996,0.0,129.88786515277255,5.7324899920170016e-15,True,True,False
5.74,1.0283905989533215e-05,0.0,8.835508705423706e-05,3.6633050415665093e-16,-7.071653131550148e-18,2.92842143256852e-15,0.00026171848735344165,0.225,-3.610087966510213e-15,0.2400102839059895,0.225,0.0,0.23999999999999996,0.0,129.88786515277255,5.744024264447726e-15,True,True,False
5.745,9.845402035496553e-06,0.0,8.704649461748471e-05,3.6794933642873534e-16,-7.071653131550148e-18,2.92842143256852e-15,0.00026171848735344165,0.225,-3.626561425789243e-15,0.24000984540203546,0.225,0.0,0.23999999999999996,0.0,129.88786515277255,5.7556434614114464e-15,True,True,False
5.75,9.413441043187865e-06,0.0,8.573790218073237e-05,3.6956816913148884e-16,-9.19724820475577e-18,3.0610653545395134e-15,0.0002436020113734361,0.225,-3.643107561279418e-15,0.24000941344104315,0.225,0.0,0.23999999999999996,0.0,129.88762529063058,5.9092318767819836e-15,True,True,False
5.755,8.987796556420014e-06,0.0,8.451989212387702e-05,3.71240254714352e-16,-9.19724820475577e-18,3.0610653545395134e-15,0.0002436020113734361,0.225,-3.659726788617167e-15,0.24000898779655638,0.225,0.0,0.23999999999999996,0.0,129.88762529063058,5.920770872340183e-15,True,True,False
5.76,8.568242120782221e-06,0.0,8.330188206702169e-05,3.7291234081357503e-16,-9.19724820475577e-18,3.0610653545395134e-15,0.0002436020113734361,0.225,-3.6764195234510274e-15,0.24000856824212075,0.225,0.0,0.23999999999999996,0.0,129.88762529063058,5.932397592220708e-15,True,True,False
5.765,8.154777736274488e-06,0.0,8.208387201016634e-05,3.745844274222432e-16,-9.19724820475577e-18,3.0610653545395134e-15,0.0002436020113734361,0.225,-3.693185765773813e-15,0.24000815477773624,0.225,0.0,0.23999999999999996,0.0,129.88762529063058,5.944112036450378e-15,True,True,False
5.7700000000000005,7.747403402008635e-06,0.0,8.086586195331099e-05,3.762565145335646e-16,-9.19724820475577e-18,3.0610653545395134e-15,0.0002436020113734361,0.225,-3.71002551557844e-15,0.24000774740340197,0.225,0.0,0.23999999999999996,0.0,129.88762529063058,5.955914205055655e-15,True,True,False
5.775,7.3461191170964835e-06,0.0,7.964785189645566e-05,3.7792860214086744e-16,-9.19724820475577e-18,3.0610653545395134e-15,0.0002436020113734361,0.225,-3.726938772857915e-15,0.24000734611911706,0.225,0.0,0.23999999999999996,0.0,129.88762529063058,5.9678040980626425e-15,True,True,False
5.78,6.950924882426213e-06,0.0,7.842984183960031e-05,3.796078683655458e-16,-9.19724820475577e-18,3.0610653545395134e-15,0.0002436020113734361,0.225,-3.743925750937002e-15,0.2400069509248824,0.225,0.0,0.23999999999999996,0.0,129.88762529063058,5.979747883541697e-15,True,True,False
5.785,6.561820697997822e-06,0.0,7.721183178274497e-05,3.8129652154583047e-16,-9.19724820475577e-18,3.0610653545395134e-15,0.0002436020113734361,0.225,-3.76098815645481e-15,0.24000656182069796,0.225,0.0,0.23999999999999996,0.0,129.88762529063058,5.991735771420568e-15,True,True,False
5.79,6.178806563811312e-06,0.0,7.599382172588962e-05,3.8298517477469434e-16,-9.19724820475577e-18,3.0610653545395134e-15,0.0002436020113734361,0.225,-3.778126355096145e-15,0.24000617880656377,0.225,0.0,0.23999999999999996,0.0,129.88762529063058,6.003812247042963e-15,True,True,False
5.795,5.801882480754861e-06,0.0,7.477581166903427e-05,3.846738280514976e-16,-9.19724820475577e-18,3.0610653545395134e-15,0.0002436020113734361,0.225,-3.795340346833655e-15,0.24000580188248072,0.225,0.0,0.23999999999999996,0.0,129.88762529063058,6.0159773105109855e-15,True,True,False
5.8,5.431048448828468e-06,0.0,7.355780161217893e-05,3.863624813756116e-16,-1.1079450458087207e-17,3.1997286474470677e-15,0.00022486601494965544,0.225,-3.812630131640364e-15,0.2400054310484488,0.225,0.0,0.23999999999999996,0.0,129.88737722603793,6.176554443560836e-15,True,True,False
5.805,5.066070266041001e-06,0.0,7.243347153744367e-05,3.8811020633926407e-16,-1.1079450458087207e-17,3.1997286474470677e-15,0.00022486601494965544,0.225,-3.8299962311521694e-15,0.240005066070266,0.225,0.0,0.23999999999999996,0.0,129.88737722603793,6.1886193190232215e-15,True,True,False
5.8100000000000005,4.706713733065859e-06,0.0,7.13091414627084e-05,3.8985793146165233e-16,-1.1079450458087207e-17,3.1997286474470677e-15,0.00022486601494965544,0.225,-3.847439167016678e-15,0.24000470671373303,0.225,0.0,0.23999999999999996,0.0,129.88737722603793,6.200775886606718e-15,True,True,False
5.815,4.352978850791223e-06,0.0,7.018481138797313e-05,3.916056567406512e-16,-1.1079450458087207e-17,3.1997286474470677e-15,0.00022486601494965544,0.225,-3.864958939224749e-15,0.24000435297885075,0.225,0.0,0.23999999999999996,0.0,129.88737722603793,6.213024146345488e-15,True,True,False
5.82,4.004865619217091e-06,0.0,6.906048131323787e-05,3.9335338217417304e-16,-1.1079450458087207e-17,3.1997286474470677e-15,0.00022486601494965544,0.225,-3.8825555477673514e-15,0.24000400486561918,0.225,0.0,0.23999999999999996,0.0,129.88737722603793,6.225364098273239e-15,True,True,False
5.825,3.662374037455285e-06,0.0,6.793615123850259e-05,3.9510156775490104e-16,-1.1079450458087207e-17,3.1997286474470677e-15,0.00022486601494965544,0.225,-3.900228992635577e-15,0.24000366237403742,0.225,0.0,0.23999999999999996,0.0,129.88737722603793,6.2377935685675044e-15,True,True,False
5.83,3.325504106393984e-06,0.0,6.681182116376732e-05,3.968630932661495e-16,-1.1079450458087207e-17,3.1997286474470677e-15,0.00022486601494965544,0.225,-3.917980425212742e-15,0.24000332550410636,0.225,0.0,0.23999999999999996,0.0,129.88737722603793,6.2502520727625504e-15,True,True,False
5.835,2.9942558260331875e-06,0.0,6.568749108903205e-05,3.9862461879694133e-16,-1.1079450458087207e-17,3.1997286474470677e-15,0.00022486601494965544,0.225,-3.935810852944092e-15,0.240002994255826,0.225,0.0,0.23999999999999996,0.0,129.88737722603793,6.2628029882888836e-15,True,True,False
5.84,2.6686291954847174e-06,0.0,6.456316101429678e-05,4.003861443470186e-16,-1.1079450458087207e-17,3.1997286474470677e-15,0.00022486601494965544,0.225,-3.953720275800781e-15,0.24000266862919545,0.225,0.0,0.23999999999999996,0.0,129.88737722603793,6.275446315254202e-15,True,True,False
5.845,2.348624215636752e-06,0.0,6.343883093956151e-05,4.0214766991612783e-16,-1.1079450458087207e-17,3.1997286474470677e-15,0.00022486601494965544,0.225,-3.971708693754353e-15,0.2400023486242156,0.225,0.0,0.23999999999999996,0.0,129.88737722603793,6.2881820537647905e-15,True,True,False
5.8500000000000005,2.034240885601113e-06,0.0,6.231450086482626e-05,4.0391215878837453e-16,-1.2698061537972231e-17,3.344713833038001e-15,0.00020589530771328524,0.225,-3.989776148640566e-15,0.24000203424088556,0.225,0.0,0.23999999999999996,0.0,129.8871260538741,6.4560824123631844e-15,True,True,False
5.855,1.7252420723978812e-06,0.0,6.128502432627463e-05,4.0573897315738806e-16,-1.2698061537972231e-17,3.344713833038001e-15,0.00020589530771328524,0.225,-4.007923552118753e-15,0.24000172524207236,0.225,0.0,0.23999999999999996,0.0,129.8871260538741,6.468696570434022e-15,True,True,False
5.86,1.4213906421589595e-06,0.0,6.025554778772299e-05,4.0756578753427014e-16,-1.2698061537972231e-17,3.344713833038001e-15,0.00020589530771328524,0.225,-4.026151285584393e-15,0.24000142139064212,0.225,0.0,0.23999999999999996,0.0,129.8871260538741,6.481406576247618e-15,True,True,False
5.865,1.1226865939961694e-06,0.0,5.922607124917134e-05,4.093926019189155e-16,-1.2698061537972231e-17,3.344713833038001e-15,0.00020589530771328524,0.225,-4.044459335072476e-15,0.24000112268659396,0.225,0.0,0.23999999999999996,0.0,129.8871260538741,6.494212423626032e-15,True,True,False
5.87,8.29129927909511e-07,0.0,5.8196594710619695e-05,4.112194163112206e-16,-1.2698061537972231e-17,3.344713833038001e-15,0.00020589530771328524,0.225,-4.062847700572743e-15,0.24000082912992787,0.225,0.0,0.23999999999999996,0.0,129.8871260538741,6.507114112607569e-15,True,True,False
5.875,5.407206447871626e-07,0.0,5.716711817206805e-05,4.1305729350809e-16,-1.2698061537972231e-17,3.344713833038001e-15,0.00020589530771328524,0.225,-4.0813169401732555e-15,0.24000054072064475,0.225,0.0,0.23999999999999996,0.0,129.8871260538741,6.5200595891415124e-15,True,True,False
5.88,2.5745874551730275e-07,0.0,5.61376416335164e-05,4.1489853777546097e-16,-1.2698061537972231e-17,3.344713833038001e-15,0.00020589530771328524,0.225,-4.099868347626838e-15,0.24000025745874548,0.225,0.0,0.23999999999999996,0.0,129.8871260538741,6.533085730204028e-15,True,True,False
5.885,2.0655770788247507e-08,0.0,5.510816509496476e-05,4.167397821897744e-16,-1.2698061537972231e-17,3.344713833038001e-15,0.00020589530771328524,0.225,-4.118501973640575e-15,0.23999997934422918,0.225,0.0,0.23999999999999996,0.0,129.8871260538741,6.54620846571292e-15,True,True,False
5.89,2.936229041294869e-07,0.0,5.40786885564131e-05,4.1858102674909115e-16,-1.2698061537972231e-17,3.344713833038001e-15,0.00020589530771328524,0.225,-4.137217818185573e-15,0.23999970637709583,0.225,0.0,0.23999999999999996,0.0,129.8871260538741,6.55942779577608e-15,True,True,False
5.8950000000000005,5.614426545064166e-07,0.0,5.304921201786145e-05,4.204277002743451e-16,-1.2698061537972231e-17,3.344713833038001e-15,0.00020589530771328524,0.225,-4.1560160137602175e-15,0.23999943855734546,0.225,0.0,0.23999999999999996,0.0,129.8871260538741,6.572718143244101e-15,True,True,False
5.9,8.241150228072147e-07,0.0,5.201973547930981e-05,4.2228375093396e-16,-1.4023866599135e-17,3.4965332702637803e-15,0.00018701376431442762,0.225,-4.17489801813318e-15,0.23999917588497716,0.225,0.0,0.23999999999999996,0.0,129.8868760622395,6.748458273487487e-15,True,True,False
5.905,1.0818760282360618e-06,0.0,5.108466665775359e-05,4.241932869418242e-16,-1.4023866599135e-17,3.4965332702637803e-15,0.00018701376431442762,0.225,-4.193864102324911e-15,0.23999891812397173,0.225,0.0,0.23999999999999996,0.0,129.8868760622395,6.7616477778246365e-15,True,True,False
5.91,1.3349616899971384e-06,0.0,5.01495978361974e-05,4.261028230735313e-16,-1.4023866599135e-17,3.4965332702637803e-15,0.00018701376431442762,0.225,-4.212914139782105e-15,0.23999866503830997,0.225,0.0,0.23999999999999996,0.0,129.8868760622395,6.774937463078438e-15,True,True,False
5.915,1.5833720072022661e-06,0.0,4.921452901464119e-05,4.280123593274238e-16,-1.4023866599135e-17,3.4965332702637803e-15,0.00018701376431442762,0.225,-4.2320481304902204e-15,0.23999841662799276,0.225,0.0,0.23999999999999996,0.0,129.8868760622395,6.7883273293031756e-15,True,True,False
5.92,1.827106979851445e-06,0.0,4.827946019308498e-05,4.299237754146796e-16,-1.4023866599135e-17,3.4965332702637803e-15,0.00018701376431442762,0.225,-4.251266111302075e-15,0.2399981728930201,0.225,0.0,0.23999999999999996,0.0,129.8868760622395,6.801808510012661e-15,True,True,False
5.925,2.0661666088328534e-06,0.0,4.734439137152878e-05,4.3184459026656176e-16,-1.4023866599135e-17,3.4965332702637803e-15,0.00018701376431442762,0.225,-4.270569225082578e-15,0.23999793383339113,0.225,0.0,0.23999999999999996,0.0,129.8868760622395,6.815345857256895e-15,True,True,False
5.93,2.300550893258313e-06,0.0,4.640932254997257e-05,4.3376540537443276e-16,-1.4023866599135e-17,3.4965332702637803e-15,0.00018701376431442762,0.225,-4.2899581477052876e-15,0.2399976994491067,0.225,0.0,0.23999999999999996,0.0,129.8868760622395,6.8289839787662445e-15,True,True,False
5.9350000000000005,2.530259834016002e-06,0.0,4.547425372841636e-05,4.3568622073490684e-16,-1.4023866599135e-17,3.4965332702637803e-15,0.00018701376431442762,0.225,-4.3094328668559205e-15,0.23999746974016595,0.225,0.0,0.23999999999999996,0.0,129.8868760622395,6.8427228707072015e-15,True,True,False
5.94,2.7552934311059207e-06,0.0,4.4539184906860157e-05,4.37612679756238e-16,-1.4023866599135e-17,3.4965332702637803e-15,0.00018701376431442762,0.225,-4.328993499436634e-15,0.23999724470656886,0.225,0.0,0.23999999999999996,0.0,129.8868760622395,6.856535937976271e-15,True,True,False
5.945,2.975651682751712e-06,0.0,4.360411608530395e-05,4.395488867608804e-16,-1.4023866599135e-17,3.4965332702637803e-15,0.00018701376431442762,0.225,-4.34864133161972e-15,0.2399970243483172,0.225,0.0,0.23999999999999996,0.0,129.8868760622395,6.870404391450095e-15,True,True,False
5.95,3.1913345916179114e-06,0.0,4.266904726374774e-05,4.4148509404652044e-16,-1.504444387726304e-17,3.6553402958297924e-15,0.00016848967297282457,0.225,-4.3683767141599436e-15,0.23999680866540835,0.225,0.0,0.23999999999999996,0.0,129.88663080327015,7.054245857372173e-15,True,True,False
5.955,3.402573706706713e-06,0.0,4.1826598898897566e-05,4.434811523866883e-16,-1.504444387726304e-17,3.6553402958297924e-15,0.00016848967297282457,0.225,-4.388199749458852e-15,0.23999659742629326,0.225,0.0,0.23999999999999996,0.0,129.88663080327015,7.06803641696258e-15,True,True,False
5.96,3.6096005796848463e-06,0.0,4.098415053404739e-05,4.454772111318372e-16,-1.504444387726304e-17,3.6553402958297924e-15,0.00016848967297282457,0.225,-4.408110539923515e-15,0.23999639039942028,0.225,0.0,0.23999999999999996,0.0,129.88663080327015,7.0819316964947226e-15,True,True,False
5.965,3.8124152114404897e-06,0.0,4.0141702169197204e-05,4.474732702765475e-16,-1.504444387726304e-17,3.6553402958297924e-15,0.00016848967297282457,0.225,-4.4281090855360936e-15,0.23999618758478852,0.225,0.0,0.23999999999999996,0.0,129.88663080327015,7.09593169603521e-15,True,True,False
5.97,4.011017601973643e-06,0.0,3.929925380434703e-05,4.494760135482785e-16,-1.504444387726304e-17,3.6553402958297924e-15,0.00016848967297282457,0.225,-4.4481956593217815e-15,0.239995988982398,0.225,0.0,0.23999999999999996,0.0,129.88663080327015,7.110004952626654e-15,True,True,False
5.9750000000000005,4.2054077503961285e-06,0.0,3.845680543949686e-05,4.514838683436424e-16,-1.504444387726304e-17,3.6553402958297924e-15,0.00016848967297282457,0.225,-4.468371535460585e-15,0.23999579459224957,0.225,0.0,0.23999999999999996,0.0,129.88663080327015,7.124159353850739e-15,True,True,False
5.98,4.3955856567079454e-06,0.0,3.761435707464668e-05,4.534917235794562e-16,-1.504444387726304e-17,3.6553402958297924e-15,0.00016848967297282457,0.225,-4.488636873204992e-15,0.23999560441434326,0.225,0.0,0.23999999999999996,0.0,129.88663080327015,7.138419092972332e-15,True,True,False
5.985,4.5815513217972725e-06,0.0,3.67719087097965e-05,4.555023842382828e-16,-1.504444387726304e-17,3.6553402958297924e-15,0.00016848967297282457,0.225,-4.5089917157573905e-15,0.23999541844867817,0.225,0.0,0.23999999999999996,0.0,129.88663080327015,7.152770940922877e-15,True,True,False
5.99,4.76330474566411e-06,0.0,3.592946034494633e-05,4.575222617793427e-16,-1.504444387726304e-17,3.6553402958297924e-15,0.00016848967297282457,0.225,-4.529437165325148e-15,0.2399952366952543,0.225,0.0,0.23999999999999996,0.0,129.88663080327015,7.167185049706209e-15,True,True,False
5.995,4.940845927420279e-06,0.0,3.5087011980096146e-05,4.5954213984468e-16,-1.504444387726304e-17,3.6553402958297924e-15,0.00016848967297282457,0.225,-4.549973697354757e-15,0.23999505915407254,0.225,0.0,0.23999999999999996,0.0,129.88663080327015,7.1817051266183e-15,True,True,False
6.0,5.114174866177601e-06,0.0,3.424456361524597e-05,4.615624266730877e-16,-1.5764236169724517e-17,3.821383567926288e-15,0.0001505410218504265,0.225,-4.5706013118206834e-15,0.23999488582513379,0.225,0.0,0.23999999999999996,0.0,129.8863931631293,7.373941183690927e-15,True,True,False
6.005,5.283515922022142e-06,0.0,3.3491858506004786e-05,4.636489483863724e-16,-1.5764236169724517e-17,3.821383567926288e-15,0.0001505410218504265,0.225,-4.5913203852781916e-15,0.23999471648407794,0.225,0.0,0.23999999999999996,0.0,129.8863931631293,7.388360281096385e-15,True,True,False
6.01,5.4490934514872524e-06,0.0,3.27391533967636e-05,4.657354707180905e-16,-1.5764236169724517e-17,3.821383567926288e-15,0.0001505410218504265,0.225,-4.612131188473156e-15,0.23999455090654848,0.225,0.0,0.23999999999999996,0.0,129.8863931631293,7.40288884466111e-15,True,True,False
6.015000000000001,5.610907455461112e-06,0.0,3.198644828752242e-05,4.678222666826147e-16,-1.5764236169724517e-17,3.821383567926288e-15,0.0001505410218504265,0.225,-4.633033721386942e-15,0.2399943890925445,0.225,0.0,0.23999999999999996,0.0,129.8863931631293,7.417525585200782e-15,True,True,False
6.0200000000000005,5.768957933943719e-06,0.0,3.1233743178281235e-05,4.69916980946293e-16,-1.5764236169724517e-17,3.821383567926288e-15,0.0001505410218504265,0.225,-4.654028820448831e-15,0.23999423104206602,0.225,0.0,0.23999999999999996,0.0,129.8863931631293,7.43223463243991e-15,True,True,False
6.025,5.923244886935075e-06,0.0,3.0481038069040055e-05,4.720116958813624e-16,-1.5764236169724517e-17,3.821383567926288e-15,0.0001505410218504265,0.225,-4.675117217529575e-15,0.23999407675511303,0.225,0.0,0.23999999999999996,0.0,129.8863931631293,7.447053574990274e-15,True,True,False
6.03,6.0737683144351795e-06,0.0,2.9728332959798856e-05,4.741084942562046e-16,-1.5764236169724517e-17,3.821383567926288e-15,0.0001505410218504265,0.225,-4.696298941783497e-15,0.23999392623168553,0.225,0.0,0.23999999999999996,0.0,129.8863931631293,7.461972591125374e-15,True,True,False
6.035,6.220528216444032e-06,0.0,2.8975627850557653e-05,4.762157072083095e-16,-1.5764236169724517e-17,3.821383567926288e-15,0.0001505410218504265,0.225,-4.717574897652361e-15,0.23999377947178352,0.225,0.0,0.23999999999999996,0.0,129.8863931631293,7.476952747547554e-15,True,True,False
6.04,6.3635245929616335e-06,0.0,2.822292274131645e-05,4.783229208685444e-16,-1.5764236169724517e-17,3.821383567926288e-15,0.0001505410218504265,0.225,-4.73894562001098e-15,0.239993636475407,0.225,0.0,0.23999999999999996,0.0,129.8863931631293,7.492043459184507e-15,True,True,False
6.045,6.502757443987983e-06,0.0,2.747021763207525e-05,4.804348029643688e-16,-1.5764236169724517e-17,3.821383567926288e-15,0.0001505410218504265,0.225,-4.7604111936159595e-15,0.23999349724255598,0.225,0.0,0.23999999999999996,0.0,129.8863931631293,7.507222725201835e-15,True,True,False
6.05,6.638226769523081e-06,0.0,2.671751252283405e-05,4.825547482800552e-16,-1.6185920621603232e-17,3.9951418312673486e-15,0.00013334065444705766,0.225,-4.781972658000526e-15,0.23999336177323044,0.225,0.0,0.23999999999999996,0.0,129.88616543026487,7.70833946671484e-15,True,True,False
6.055,6.770147574469698e-06,0.0,2.6050809250613663e-05,4.847358974455266e-16,-1.6185920621603232e-17,3.9951418312673486e-15,0.00013334065444705766,0.225,-4.803630151619785e-15,0.2399932298524255,0.225,0.0,0.23999999999999996,0.0,129.88616543026487,7.72341557375821e-15,True,True,False
6.0600000000000005,6.898734861954248e-06,0.0,2.5384105978393277e-05,4.86917047423994e-16,-1.6185920621603232e-17,3.9951418312673486e-15,0.00013334065444705766,0.225,-4.82538352941648e-15,0.239993101265138,0.225,0.0,0.23999999999999996,0.0,129.88616543026487,7.73860611157252e-15,True,True,False
6.065,7.0239886337530866e-06,0.0,2.4717402706172897e-05,4.891019096517279e-16,-1.6185920621603232e-17,3.9951418312673486e-15,0.00013334065444705766,0.225,-4.8472329219741204e-15,0.2399929760113662,0.225,0.0,0.23999999999999996,0.0,129.88616543026487,7.753893598334831e-15,True,True,False
6.07,7.1459088889780364e-06,0.0,2.405069943395251e-05,4.912916255899619e-16,-1.6185920621603232e-17,3.9951418312673486e-15,0.00013334065444705766,0.225,-4.86917937444966e-15,0.23999285409111099,0.225,0.0,0.23999999999999996,0.0,129.88616543026487,7.769272977440805e-15,True,True,False
6.075,7.264495627629097e-06,0.0,2.3383996161732126e-05,4.934813422873368e-16,-1.6185920621603232e-17,3.9951418312673486e-15,0.00013334065444705766,0.225,-4.8912231108652124e-15,0.23999273550437233,0.225,0.0,0.23999999999999996,0.0,129.88616543026487,7.784767236502383e-15,True,True,False
6.08,7.3797488505944475e-06,0.0,2.2717292889511743e-05,4.956836874304385e-16,-1.6185920621603232e-17,3.9951418312673486e-15,0.00013334065444705766,0.225,-4.91336472817298e-15,0.23999262025114937,0.225,0.0,0.23999999999999996,0.0,129.88616543026487,7.800317075110176e-15,True,True,False
6.085,7.491668556985909e-06,0.0,2.2050589617291356e-05,4.978864673158993e-16,-1.6185920621603232e-17,3.9951418312673486e-15,0.00013334065444705766,0.225,-4.935604909052779e-15,0.23999250833144298,0.225,0.0,0.23999999999999996,0.0,129.88616543026487,7.815980423124782e-15,True,True,False
6.09,7.600254746803481e-06,0.0,2.1383886345070966e-05,5.000942593921564e-16,-1.6185920621603232e-17,3.9951418312673486e-15,0.00013334065444705766,0.225,-4.957943872295513e-15,0.23999239974525316,0.225,0.0,0.23999999999999996,0.0,129.88616543026487,7.831735779178713e-15,True,True,False
6.095,7.705507420935342e-06,0.0,2.0717183072850585e-05,5.023058723384481e-16,-1.6185920621603232e-17,3.9951418312673486e-15,0.00013334065444705766,0.225,-4.9803826853530604e-15,0.23999229449257903,0.225,0.0,0.23999999999999996,0.0,129.88616543026487,7.847589049833597e-15,True,True,False
6.1000000000000005,7.807426577605137e-06,0.0,2.0050479800630195e-05,5.045189843875099e-16,-1.6282059962988485e-17,4.176900129174135e-15,0.0001170212387678365,0.225,-5.002921516670426e-15,0.23999219257342236,0.225,0.0,0.23999999999999996,0.0,129.88594936120128,8.057973134741844e-15,True,True,False
6.105,7.906216210967765e-06,0.0,1.9465373606802302e-05,5.06799081052206e-16,-1.6282059962988485e-17,4.176900129174135e-15,0.0001170212387678365,0.225,-5.025560678246923e-15,0.239992093783789,0.225,0.0,0.23999999999999996,0.0,129.88594936120128,8.073737006041247e-15,True,True,False
6.11,8.002080313401772e-06,0.0,1.8880267412974413e-05,5.090791691920712e-16,-1.6282059962988485e-17,4.176900129174135e-15,0.0001170212387678365,0.225,-5.0483001984385464e-15,0.23999199791968656,0.225,0.0,0.23999999999999996,0.0,129.88594936120128,8.08962050151996e-15,True,True,False
6.115,8.095018884907157e-06,0.0,1.8295161219146513e-05,5.11366149229429e-16,-1.6282059962988485e-17,4.176900129174135e-15,0.0001170212387678365,0.225,-5.071140439697048e-15,0.23999190498111506,0.225,0.0,0.23999999999999996,0.0,129.88594936120128,8.10559134058851e-15,True,True,False
6.12,8.185031925483921e-06,0.0,1.771005502531863e-05,5.136551911272762e-16,-1.6282059962988485e-17,4.176900129174135e-15,0.0001170212387678365,0.225,-5.094082370843275e-15,0.23999181496807448,0.225,0.0,0.23999999999999996,0.0,129.88594936120128,8.121672393481052e-15,True,True,False
6.125,8.272119435132064e-06,0.0,1.7124948831490727e-05,5.159481993921211e-16,-1.6282059962988485e-17,4.176900129174135e-15,0.0001170212387678365,0.225,-5.1171261595126475e-15,0.23999172788056483,0.225,0.0,0.23999999999999996,0.0,129.88594936120128,8.137855024833084e-15,True,True,False
6.13,8.356281413851585e-06,0.0,1.6539842637662834e-05,5.182509025515182e-16,-1.6282059962988485e-17,4.176900129174135e-15,0.0001170212387678365,0.225,-5.140272753655358e-15,0.2399916437185861,0.225,0.0,0.23999999999999996,0.0,129.88594936120128,8.154112383772571e-15,True,True,False
6.135,8.437517861642485e-06,0.0,1.5954736443834948e-05,5.20553747057378e-16,-1.6282059962988485e-17,4.176900129174135e-15,0.0001170212387678365,0.225,-5.163522440059006e-15,0.23999156248213832,0.225,0.0,0.23999999999999996,0.0,129.88594936120128,8.170489824502555e-15,True,True,False
6.140000000000001,8.515828778504764e-06,0.0,1.536963025000704e-05,5.228657477825418e-16,-1.6282059962988485e-17,4.176900129174135e-15,0.0001170212387678365,0.225,-5.186875850707884e-15,0.23999148417122146,0.225,0.0,0.23999999999999996,0.0,129.88594936120128,8.186945449181005e-15,True,True,False
6.1450000000000005,8.591214164438421e-06,0.0,1.4784524056179145e-05,5.251776647290986e-16,-1.6282059962988485e-17,4.176900129174135e-15,0.0001170212387678365,0.225,-5.2103337949673424e-15,0.23999140878583552,0.225,0.0,0.23999999999999996,0.0,129.88594936120128,8.203522368106586e-15,True,True,False
6.15,8.663674019443457e-06,0.0,1.4199417862351235e-05,5.274949470231128e-16,-1.5997225565672013e-17,4.367201264858692e-15,0.00010168000663489005,0.225,-5.233896490462756e-15,0.23999133632598052,0.225,0.0,0.23999999999999996,0.0,129.88574624328783,8.423755361464501e-15,True,True,False
6.155,8.73340010923429e-06,0.0,1.369101782919463e-05,5.29878622067861e-16,-1.5997225565672013e-17,4.367201264858692e-15,0.00010168000663489005,0.225,-5.25756441285775e-15,0.23999126659989073,0.225,0.0,0.23999999999999996,0.0,129.88574624328783,8.440238640236125e-15,True,True,False
6.16,8.800584198637162e-06,0.0,1.3182617796038045e-05,5.322621929677686e-16,-1.5997225565672013e-17,4.367201264858692e-15,0.00010168000663489005,0.225,-5.281337566142412e-15,0.23999119941580133,0.225,0.0,0.23999999999999996,0.0,129.88574624328783,8.456846971304329e-15,True,True,False
6.165,8.865226287652073e-06,0.0,1.267421776288144e-05,5.346536870582643e-16,-1.5997225565672013e-17,4.367201264858692e-15,0.00010168000663489005,0.225,-5.305216321203681e-15,0.2399911347737123,0.225,0.0,0.23999999999999996,0.0,129.88574624328783,8.473543680679803e-15,True,True,False
6.17,8.9273263771672e-06,0.0,1.2165817729724835e-05,5.370513327605248e-16,-1.5997225565672013e-17,4.367201264858692e-15,0.00010168000663489005,0.225,-5.329201584867888e-15,0.2399910726736228,0.225,0.0,0.23999999999999996,0.0,129.88574624328783,8.490337121339687e-15,True,True,False
6.175,8.986884467182543e-06,0.0,1.1657417696568228e-05,5.394537244936675e-16,-1.5997225565672013e-17,4.367201264858692e-15,0.00010168000663489005,0.225,-5.353293941955988e-15,0.23999101311553278,0.225,0.0,0.23999999999999996,0.0,129.88574624328783,8.507234049090701e-15,True,True,False
6.18,9.04390055414539e-06,0.0,1.1149017663411625e-05,5.41860888992164e-16,-1.5997225565672013e-17,4.367201264858692e-15,0.00010168000663489005,0.225,-5.377493970256214e-15,0.23999095609944582,0.225,0.0,0.23999999999999996,0.0,129.88574624328783,8.524234575880069e-15,True,True,False
6.1850000000000005,9.098374641608453e-06,0.0,1.0640617630255026e-05,5.44272855869732e-16,-1.5997225565672013e-17,4.367201264858692e-15,0.00010168000663489005,0.225,-5.4018022500116514e-15,0.23999090162535835,0.225,0.0,0.23999999999999996,0.0,129.88574624328783,8.54133881472545e-15,True,True,False
6.19,9.150306729571733e-06,0.0,1.0132217597098428e-05,5.466898184404221e-16,-1.5997225565672013e-17,4.367201264858692e-15,0.00010168000663489005,0.225,-5.4262193611413225e-15,0.2399908496932704,0.225,0.0,0.23999999999999996,0.0,129.88574624328783,8.558546126675638e-15,True,True,False
6.195,9.199696817147052e-06,0.0,9.623817563941828e-06,5.491116499143891e-16,-1.5997225565672013e-17,4.367201264858692e-15,0.00010168000663489005,0.225,-5.450745888795907e-15,0.23999080030318282,0.225,0.0,0.23999999999999996,0.0,129.88574624328783,8.575857385660698e-15,True,True,False
6.2,9.246544904334408e-06,0.0,9.115417530785227e-06,5.515383852383702e-16,-1.4867713749029054e-17,4.5665408463504866e-15,8.738323078375475e-05,0.225,-5.475382420598924e-15,0.23999075345509563,0.225,0.0,0.23999999999999996,0.0,129.88555695397557,8.806500391181352e-15,True,True,False
6.205,9.29102970240181e-06,0.0,8.678501376880945e-06,5.540303947019967e-16,-1.4867713749029054e-17,4.5665408463504866e-15,8.738323078375475e-05,0.225,-5.5001290260117085e-15,0.23999070897029756,0.225,0.0,0.23999999999999996,0.0,129.88555695397557,8.823736580128196e-15,True,True,False
6.21,9.33332991817637e-06,0.0,8.24158522297666e-06,5.565272991942613e-16,-1.4867713749029054e-17,4.5665408463504866e-15,8.738323078375475e-05,0.225,-5.5249857777035145e-15,0.2399906666700818,0.225,0.0,0.23999999999999996,0.0,129.88555695397557,8.841080610974781e-15,True,True,False
6.215,9.373445554322624e-06,0.0,7.804669069072376e-06,5.590291353494505e-16,-1.4867713749029054e-17,4.5665408463504866e-15,8.738323078375475e-05,0.225,-5.549953272217354e-15,0.23999062655444564,0.225,0.0,0.23999999999999996,0.0,129.88555695397557,8.858532596003036e-15,True,True,False
6.22,9.411376609064215e-06,0.0,7.36775291516809e-06,5.61535939380189e-16,-1.4867713749029054e-17,4.5665408463504866e-15,8.738323078375475e-05,0.225,-5.575032108637891e-15,0.2399905886233909,0.225,0.0,0.23999999999999996,0.0,129.88555695397557,8.876092648910487e-15,True,True,False
6.2250000000000005,9.447123083289322e-06,0.0,6.930836761263804e-06,5.640477467581297e-16,-1.4867713749029054e-17,4.5665408463504866e-15,8.738323078375475e-05,0.225,-5.6002228886012735e-15,0.23999055287691667,0.225,0.0,0.23999999999999996,0.0,129.88555695397557,8.89376088481578e-15,True,True,False
6.23,9.480684976997944e-06,0.0,6.493920607359516e-06,5.665645918906649e-16,-1.4867713749029054e-17,4.5665408463504866e-15,8.738323078375475e-05,0.225,-5.625526216298616e-15,0.23999051931502297,0.225,0.0,0.23999999999999996,0.0,129.88555695397557,8.911537420265303e-15,True,True,False
6.235,9.512062289301904e-06,0.0,6.057004453455227e-06,5.690865077787629e-16,-1.4867713749029054e-17,4.5665408463504866e-15,8.738323078375475e-05,0.225,-5.650942698479582e-15,0.23999048793771066,0.225,0.0,0.23999999999999996,0.0,129.88555695397557,8.929422373240307e-15,True,True,False
6.24,9.541255021089379e-06,0.0,5.6200882995509354e-06,5.716135256870653e-16,-1.4867713749029054e-17,4.5665408463504866e-15,8.738323078375475e-05,0.225,-5.67647294445596e-15,0.23999045874497887,0.225,0.0,0.23999999999999996,0.0,129.88555695397557,8.947415863164118e-15,True,True,False
6.245,9.56826317236037e-06,0.0,5.183172145646643e-06,5.741456748802244e-16,-1.4867713749029054e-17,4.5665408463504866e-15,8.738323078375475e-05,0.225,-5.702117566105373e-15,0.2399904317368276,0.225,0.0,0.23999999999999996,0.0,129.88555695397557,8.965518010909062e-15,True,True,False
6.25,9.593086742226697e-06,0.0,4.746255991742349e-06,5.766829824769467e-16,-1.2727000376000952e-17,4.7749982178419495e-15,7.417041642445841e-05,0.225,-5.7278771778678936e-15,0.23999040691325774,0.225,0.0,0.23999999999999996,0.0,129.88538201631343,9.206709412741959e-15,True,True,False
6.255,9.615890891906398e-06,0.0,4.3754039096422875e-06,5.792885674670738e-16,-1.2727000376000952e-17,4.7749982178419495e-15,7.417041642445841e-05,0.225,-5.75375185259543e-15,0.23999038410910806,0.225,0.0,0.23999999999999996,0.0,129.88538201631343,9.224732968213789e-15,True,True,False
6.26,9.63684078084115e-06,0.0,4.004551827542227e-06,5.818991048222545e-16,-1.2727000376000952e-17,4.7749982178419495e-15,7.417041642445841e-05,0.225,-5.7797416693873115e-15,0.23999036315921912,0.225,0.0,0.23999999999999996,0.0,129.88538201631343,9.242870046139901e-15,True,True,False
6.265000000000001,9.655936410807309e-06,0.0,3.633699745442165e-06,5.845147861859814e-16,-1.2727000376000952e-17,4.7749982178419495e-15,7.417041642445841e-05,0.225,-5.8058472519374234e-15,0.23999034406358916,0.225,0.0,0.23999999999999996,0.0,129.88538201631343,9.261119965369377e-15,True,True,False
6.2700000000000005,9.67317777914034e-06,0.0,3.262847663342104e-06,5.871356330302519e-16,-1.2727000376000952e-17,4.7749982178419495e-15,7.417041642445841e-05,0.225,-5.832069226585286e-15,0.23999032682222082,0.225,0.0,0.23999999999999996,0.0,129.88538201631343,9.279482844996752e-15,True,True,False
6.275,9.688564886728424e-06,0.0,2.891995581242045e-06,5.897616664272157e-16,-1.2727000376000952e-17,4.7749982178419495e-15,7.417041642445841e-05,0.225,-5.858408222323548e-15,0.23999031143511323,0.225,0.0,0.23999999999999996,0.0,129.88538201631343,9.297958805688831e-15,True,True,False
6.28,9.702097735347914e-06,0.0,2.521143499141989e-06,5.923929077253426e-16,-1.2727000376000952e-17,4.7749982178419495e-15,7.417041642445841e-05,0.225,-5.884864870803619e-15,0.23999029790226462,0.225,0.0,0.23999999999999996,0.0,129.88538201631343,9.316547969649201e-15,True,True,False
6.285,9.713776322334278e-06,0.0,2.1502914170419333e-06,5.950293791851304e-16,-1.2727000376000952e-17,4.7749982178419495e-15,7.417041642445841e-05,0.225,-5.911439806341564e-15,0.23999028622367763,0.225,0.0,0.23999999999999996,0.0,129.88538201631343,9.335250460617727e-15,True,True,False
6.29,9.723600648575692e-06,0.0,1.7794393349418795e-06,5.97671104520861e-16,-1.2727000376000952e-17,4.7749982178419495e-15,7.417041642445841e-05,0.225,-5.938133665924099e-15,0.2399902763993514,0.225,0.0,0.23999999999999996,0.0,129.88538201631343,9.354066403869629e-15,True,True,False
6.295,9.731570715848514e-06,0.0,1.4085872528418278e-06,6.003181093021147e-16,-1.2727000376000952e-17,4.7749982178419495e-15,7.417041642445841e-05,0.225,-5.964947089214726e-15,0.23999026842928411,0.225,0.0,0.23999999999999996,0.0,129.88538201631343,9.372995926214185e-15,True,True,False
6.3,9.737686521488209e-06,0.0,1.0377351707417782e-06,6.029704211883835e-16,-1.0189358631749738e-17,4.992916000827861e-15,6.205819222652548e-05,0.225,-5.991880718559999e-15,0.23999026231347848,0.225,0.0,0.23999999999999996,0.0,129.88522165046507,9.625138859279414e-15,True,True,False
6.305,9.742099469717269e-06,0.0,7.274442096231811e-07,6.056942065509621e-16,-1.0189358631749738e-17,4.992916000827861e-15,6.205819222652548e-05,0.225,-6.018934627059687e-15,0.23999025790053025,0.225,0.0,0.23999999999999996,0.0,129.88522165046507,9.643985365710633e-15,True,True,False
6.3100000000000005,9.744960963870009e-06,0.0,4.1715324850458597e-07,6.08423096013609e-16,-1.0189358631749738e-17,4.992916000827861e-15,6.205819222652548e-05,0.225,-6.046108897414138e-15,0.2399902550390361,0.225,0.0,0.23999999999999996,0.0,129.88522165046507,9.66295054369413e-15,True,True,False
6.315,9.74627100217007e-06,0.0,1.0686228738599349e-07,6.111573012792339e-16,-1.0189358631749738e-17,4.992916000827861e-15,6.205819222652548e-05,0.225,-6.073404181600574e-15,0.2399902537289978,0.225,0.0,0.23999999999999996,0.0,129.88522165046507,9.682033681514587e-15,True,True,False
6.32,9.746029586393812e-06,0.0,2.0342867373259794e-07,6.13896858678511e-16,-1.0189358631749738e-17,4.992916000827861e-15,6.205819222652548e-05,0.225,-6.100821134368082e-15,0.23999025397041357,0.225,0.0,0.23999999999999996,0.0,129.88522165046507,9.701234904218812e-15,True,True,False
6.325,9.744236715653054e-06,0.0,5.13719634851187e-07,6.166418056375077e-16,-1.0189358631749738e-17,4.992916000827861e-15,6.205819222652548e-05,0.225,-6.128360413246051e-15,0.2399902557632843,0.225,0.0,0.23999999999999996,0.0,129.88522165046507,9.720554338471656e-15,True,True,False
6.33,9.740892389947797e-06,0.0,8.240105959697747e-07,6.193921802755098e-16,-1.0189358631749738e-17,4.992916000827861e-15,6.205819222652548e-05,0.225,-6.156022678550339e-15,0.23999025910761002,0.225,0.0,0.23999999999999996,0.0,129.88522165046507,9.73999211251797e-15,True,True,False
6.335,9.73599661016622e-06,0.0,1.1343015570883605e-06,6.221480210120755e-16,-1.0189358631749738e-17,4.992916000827861e-15,6.205819222652548e-05,0.225,-6.183808593389464e-15,0.2399902640033898,0.225,0.0,0.23999999999999996,0.0,129.88522165046507,9.759548356181959e-15,True,True,False
6.34,9.729549374531965e-06,0.0,1.4445925182069453e-06,6.249093662163432e-16,-1.0189358631749738e-17,4.992916000827861e-15,6.205819222652548e-05,0.225,-6.211718823670771e-15,0.23999027045062543,0.225,0.0,0.23999999999999996,0.0,129.88522165046507,9.779223200866699e-15,True,True,False
6.345,9.72155068482139e-06,0.0,1.7548834793255288e-06,6.276762539166932e-16,-1.0189358631749738e-17,4.992916000827861e-15,6.205819222652548e-05,0.225,-6.2397540381066255e-15,0.23999027844931514,0.225,0.0,0.23999999999999996,0.0,129.88522165046507,9.799016779553767e-15,True,True,False
6.3500000000000005,9.712000540146315e-06,0.0,2.065174440444112e-06,6.304487215799612e-16,-8.063657690292377e-18,5.220726733522136e-15,5.10438926993235e-05,0.225,-6.267914908220614e-15,0.23999028799945982,0.225,0.0,0.23999999999999996,0.0,129.88507582113934,1.0062610780317616e-14,True,True,False
6.355,9.701036619708114e-06,0.0,2.3203939039299594e-06,6.33295944916361e-16,-8.063657690292377e-18,5.220726733522136e-15,5.10438926993235e-05,0.225,-6.296201510232084e-15,0.23999029896338026,0.225,0.0,0.23999999999999996,0.0,129.88507582113934,1.0082317573978895e-14,True,True,False
6.36,9.688796600931804e-06,0.0,2.575613367415806e-06,6.361485442859464e-16,-8.063657690292377e-18,5.220726733522136e-15,5.10438926993235e-05,0.225,-6.324613930414005e-15,0.23999031120339903,0.225,0.0,0.23999999999999996,0.0,129.88507582113934,1.0102148428285853e-14,True,True,False
6.365,9.67528048559374e-06,0.0,2.8308328309016525e-06,6.390067409738389e-16,-8.063657690292377e-18,5.220726733522136e-15,5.10438926993235e-05,0.225,-6.353152850392984e-15,0.23999032471951437,0.225,0.0,0.23999999999999996,0.0,129.88507582113934,1.012210259926197e-14,True,True,False
6.37,9.660488272805745e-06,0.0,3.0860522943874984e-06,6.418705705523211e-16,-8.063657690292377e-18,5.220726733522136e-15,5.10438926993235e-05,0.225,-6.381818954698698e-15,0.23999033951172716,0.225,0.0,0.23999999999999996,0.0,129.88507582113934,1.0142180217869726e-14,True,True,False
6.375,9.644419962567818e-06,0.0,3.3412717578733435e-06,6.447400678900405e-16,-8.063657690292377e-18,5.220726733522136e-15,5.10438926993235e-05,0.225,-6.4106129307723135e-15,0.2399903555800374,0.225,0.0,0.23999999999999996,0.0,129.88507582113934,1.0162381416744876e-14,True,True,False
6.38,9.62707555487996e-06,0.0,3.5964912213591877e-06,6.476152672718475e-16,-8.063657690292377e-18,5.220726733522136e-15,5.10438926993235e-05,0.225,-6.439535468972649e-15,0.23999037292444508,0.225,0.0,0.23999999999999996,0.0,129.88507582113934,1.0182706330157906e-14,True,True,False
6.385,9.608455050630349e-06,0.0,3.8517106848450315e-06,6.504962025370974e-16,-8.063657690292377e-18,5.220726733522136e-15,5.10438926993235e-05,0.225,-6.468587262582336e-15,0.23999039154494933,0.225,0.0,0.23999999999999996,0.0,129.88507582113934,1.0203155094014418e-14,True,True,False
6.390000000000001,9.588558448042628e-06,0.0,4.1069301483308715e-06,6.533829072333458e-16,-8.063657690292377e-18,5.220726733522136e-15,5.10438926993235e-05,0.225,-6.497769007816199e-15,0.23999041144155192,0.225,0.0,0.23999999999999996,0.0,129.88507582113934,1.0223727845855507e-14,True,True,False
6.3950000000000005,9.567385748893154e-06,0.0,4.3621496118167115e-06,6.562756088279891e-16,-8.063657690292377e-18,5.220726733522136e-15,5.10438926993235e-05,0.225,-6.527081400477353e-15,0.23999043261425107,0.225,0.0,0.23999999999999996,0.0,129.88507582113934,1.0244423818789335e-14,True,True,False
6.4,9.544936952293748e-06,0.0,4.6173690753025515e-06,6.591741476801795e-16,-6.579094949701378e-18,5.458881293081332e-15,4.110882995020356e-05,0.225,-6.556525142643221e-15,0.23999045506304767,0.225,0.0,0.23999999999999996,0.0,129.88494428090854,1.0519989711212043e-14,True,True,False
6.405,9.521336246015588e-06,0.0,4.822913225043431e-06,6.621506394901811e-16,-6.579094949701378e-18,5.458881293081332e-15,4.110882995020356e-05,0.225,-6.586100317232096e-15,0.23999047866375395,0.225,0.0,0.23999999999999996,0.0,129.88494428090854,1.054059589305622e-14,True,True,False
6.41,9.49670781960621e-06,0.0,5.02845737478431e-06,6.651329405695789e-16,-6.579094949701378e-18,5.458881293081332e-15,4.110882995020356e-05,0.225,-6.61580701096171e-15,0.23999050329218036,0.225,0.0,0.23999999999999996,0.0,129.88494428090854,1.056133086521345e-14,True,True,False
6.415,9.471051672177433e-06,0.0,5.234001524525188e-06,6.681210867187984e-16,-6.579094949701378e-18,5.458881293081332e-15,4.110882995020356e-05,0.225,-6.6456459365079835e-15,0.23999052894832779,0.225,0.0,0.23999999999999996,0.0,129.88494428090854,1.0582194762953355e-14,True,True,False
6.42,9.444367803729259e-06,0.0,5.4395456742660645e-06,6.711151143605187e-16,-6.579094949701378e-18,5.458881293081332e-15,4.110882995020356e-05,0.225,-6.6756178095858194e-15,0.23999055563219623,0.225,0.0,0.23999999999999996,0.0,129.88494428090854,1.0603187723249107e-14,True,True,False
6.425,9.416656215149866e-06,0.0,5.645089824006939e-06,6.74115060622247e-16,-6.579094949701378e-18,5.458881293081332e-15,4.110882995020356e-05,0.225,-6.705723348955283e-15,0.2399905833437848,0.225,0.0,0.23999999999999996,0.0,129.88494428090854,1.0624309884778588e-14,True,True,False
6.43,9.387916906439253e-06,0.0,5.850633973747812e-06,6.771209633870997e-16,-6.579094949701378e-18,5.458881293081332e-15,4.110882995020356e-05,0.225,-6.735963276427792e-15,0.23999061208309352,0.225,0.0,0.23999999999999996,0.0,129.88494428090854,1.0645561387925588e-14,True,True,False
6.4350000000000005,9.358149875821065e-06,0.0,6.056178123488682e-06,6.801328613105211e-16,-6.579094949701378e-18,5.458881293081332e-15,4.110882995020356e-05,0.225,-6.766338316872386e-15,0.23999064185012414,0.225,0.0,0.23999999999999996,0.0,129.88494428090854,1.0666942374781023e-14,True,True,False
6.44,9.327355125071657e-06,0.0,6.261722273229552e-06,6.831507938022728e-16,-6.579094949701378e-18,5.458881293081332e-15,4.110882995020356e-05,0.225,-6.796849198222025e-15,0.2399906726448749,0.225,0.0,0.23999999999999996,0.0,129.88494428090854,1.0688452989144167e-14,True,True,False
6.445,9.295532653302852e-06,0.0,6.46726642297042e-06,6.861748009745673e-16,-6.579094949701378e-18,5.458881293081332e-15,4.110882995020356e-05,0.225,-6.827496651479887e-15,0.23999070446734666,0.225,0.0,0.23999999999999996,0.0,129.88494428090854,1.071009337652389e-14,True,True,False
6.45,9.262682461402827e-06,0.0,6.6728105727112854e-06,6.892049235587503e-16,-5.581085443972136e-18,5.707851689822828e-15,3.222125776392746e-05,0.225,-6.858281410725777e-15,0.23999073731753856,0.225,0.0,0.23999999999999996,0.0,129.88482660945277,1.0998178273360029e-14,True,True,False
6.455,9.22891564272832e-06,0.0,6.833916861512315e-06,6.923165587090985e-16,-5.581085443972136e-18,5.707851689822828e-15,3.222125776392746e-05,0.225,-6.889203562636042e-15,0.23999077108435724,0.225,0.0,0.23999999999999996,0.0,129.88482660945277,1.101972479759189e-14,True,True,False
6.46,9.194343292412421e-06,0.0,6.995023150313342e-06,6.954342920663237e-16,-5.581085443972136e-18,5.707851689822828e-15,3.222125776392746e-05,0.225,-6.920263197863117e-15,0.23999080565670755,0.225,0.0,0.23999999999999996,0.0,129.88482660945277,1.1041405964513659e-14,True,True,False
6.465,9.158965411343312e-06,0.0,7.156129439114369e-06,6.985581667311997e-16,-5.581085443972136e-18,5.707851689822828e-15,3.222125776392746e-05,0.225,-6.951461061584415e-15,0.23999084103458862,0.225,0.0,0.23999999999999996,0.0,129.88482660945277,1.1063221915439872e-14,True,True,False
6.47,9.122781998632812e-06,0.0,7.317235727915394e-06,7.016882258592405e-16,-5.581085443972136e-18,5.707851689822828e-15,3.222125776392746e-05,0.225,-6.982797902156188e-15,0.23999087721800133,0.225,0.0,0.23999999999999996,0.0,129.88482660945277,1.1085172793474318e-14,True,True,False
6.4750000000000005,9.085793054280922e-06,0.0,7.478342016716418e-06,7.048245124988098e-16,-5.581085443972136e-18,5.707851689822828e-15,3.222125776392746e-05,0.225,-7.0142744711161296e-15,0.23999091420694568,0.225,0.0,0.23999999999999996,0.0,129.88482660945277,1.1107258743511292e-14,True,True,False
6.48,9.047998578287642e-06,0.0,7.639448305517438e-06,7.079670694304146e-16,-5.581085443972136e-18,5.707851689822828e-15,3.222125776392746e-05,0.225,-7.04589152318986e-15,0.23999095200142168,0.225,0.0,0.23999999999999996,0.0,129.88482660945277,1.1129479912236873e-14,True,True,False
6.485,9.009398570652971e-06,0.0,7.800554594318467e-06,7.111159390171176e-16,-5.581085443972136e-18,5.707851689822828e-15,3.222125776392746e-05,0.225,-7.077649816297523e-15,0.2399909906014293,0.225,0.0,0.23999999999999996,0.0,129.88482660945277,1.1151836448130004e-14,True,True,False
6.49,8.969993032265089e-06,0.0,7.961660883119493e-06,7.142711630721299e-16,-5.581085443972136e-18,5.707851689822828e-15,3.222125776392746e-05,0.225,-7.109550111560401e-15,0.2399910300069677,0.225,0.0,0.23999999999999996,0.0,129.88482660945277,1.11743285014636e-14,True,True,False
6.495,8.929781962235817e-06,0.0,8.122767171920518e-06,7.17432782751909e-16,-5.581085443972136e-18,5.707851689822828e-15,3.222125776392746e-05,0.225,-7.14159317330966e-15,0.23999107021803773,0.225,0.0,0.23999999999999996,0.0,129.88482660945277,1.119695622430549e-14,True,True,False
6.5,8.888765360565154e-06,0.0,8.283873460721544e-06,7.206008384638943e-16,-4.937936555412388e-18,5.968128830906834e-15,2.4339035050865522e-05,0.225,-7.173779769099112e-15,0.2399911112346394,0.225,0.0,0.23999999999999996,0.0,129.88472224882406,1.1498128372472559e-14,True,True,False
6.505,8.847041754661555e-06,0.0,8.405568635960923e-06,7.238541481949702e-16,-4.937936555412388e-18,5.968128830906834e-15,2.4339035050865522e-05,0.225,-7.206109989603651e-15,0.2399911529582453,0.225,0.0,0.23999999999999996,0.0,129.88472224882406,1.1520657976114001e-14,True,True,False
6.51,8.804709673709832e-06,0.0,8.527263811200304e-06,7.271138677164096e-16,-4.937936555412388e-18,5.968128830906834e-15,2.4339035050865522e-05,0.225,-7.238583929669906e-15,0.23999119529032625,0.225,0.0,0.23999999999999996,0.0,129.88472224882406,1.1543328340503016e-14,True,True,False
6.515000000000001,8.761769116821805e-06,0.0,8.648958986439686e-06,7.303800363064881e-16,-4.937936555412388e-18,5.968128830906834e-15,2.4339035050865522e-05,0.225,-7.271202368455486e-15,0.23999123823088314,0.225,0.0,0.23999999999999996,0.0,129.88472224882406,1.156613961330126e-14,True,True,False
6.5200000000000005,8.718220083997474e-06,0.0,8.770654161679067e-06,7.33652692465117e-16,-4.937936555412388e-18,5.968128830906834e-15,2.4339035050865522e-05,0.225,-7.303966088435075e-15,0.23999128177991597,0.225,0.0,0.23999999999999996,0.0,129.88472224882406,1.1589091944049738e-14,True,True,False
6.525,8.67406257523684e-06,0.0,8.892349336918453e-06,7.369318739806261e-16,-4.937936555412388e-18,5.968128830906834e-15,2.4339035050865522e-05,0.225,-7.336875875407341e-15,0.23999132593742473,0.225,0.0,0.23999999999999996,0.0,129.88472224882406,1.1612185484169406e-14,True,True,False
6.53,8.629296590539903e-06,0.0,9.014044512157835e-06,7.402176180218606e-16,-4.937936555412388e-18,5.968128830906834e-15,2.4339035050865522e-05,0.225,-7.369932518501941e-15,0.23999137070340942,0.225,0.0,0.23999999999999996,0.0,129.88472224882406,1.163542038696172e-14,True,True,False
6.535,8.583922129906663e-06,0.0,9.135739687397221e-06,7.435099612513871e-16,-4.937936555412388e-18,5.968128830906834e-15,2.4339035050865522e-05,0.225,-7.403136810186519e-15,0.23999141607787006,0.225,0.0,0.23999999999999996,0.0,129.88472224882406,1.1658796807609149e-14,True,True,False
6.54,8.537939193337118e-06,0.0,9.257434862636609e-06,7.468089399548154e-16,-4.937936555412388e-18,5.968128830906834e-15,2.4339035050865522e-05,0.225,-7.436489546273832e-15,0.23999146206080663,0.225,0.0,0.23999999999999996,0.0,129.88472224882406,1.1682314903175673e-14,True,True,False
6.545,8.49134778171945e-06,0.0,9.379130037876e-06,7.501145901807538e-16,-4.937936555412388e-18,5.968128830906834e-15,2.4339035050865522e-05,0.225,-7.469991525928929e-15,0.23999150865221824,0.225,0.0,0.23999999999999996,0.0,129.88472224882406,1.1705974832607253e-14,True,True,False
6.55,8.444147893277298e-06,0.0,9.50082521311539e-06,7.53426947885652e-16,-4.656268018277703e-18,6.240227512937556e-15,1.7411999113759926e-05,0.225,-7.503643551676284e-15,0.23999155585210669,0.225,0.0,0.23999999999999996,0.0,129.88463053486825,1.2020829998223524e-14,True,True,False
6.555,8.39642611741298e-06,0.0,9.587885208667779e-06,7.568284054179648e-16,-4.656268018277703e-18,6.240227512937556e-15,1.7411999113759926e-05,0.225,-7.537445718392137e-15,0.23999160357388255,0.225,0.0,0.23999999999999996,0.0,129.88463053486825,1.2044387357383308e-14,True,True,False
6.5600000000000005,8.348269040864276e-06,0.0,9.674945204220168e-06,7.602365331985336e-16,-4.656268018277703e-18,6.240227512937556e-15,1.7411999113759926e-05,0.225,-7.571398125319122e-15,0.2399916517309591,0.225,0.0,0.23999999999999996,0.0,129.88463053486825,1.2068091873145866e-14,True,True,False
6.565,8.29967666540754e-06,0.0,9.762005199772562e-06,7.63651369109086e-16,-4.656268018277703e-18,6.240227512937556e-15,1.7411999113759926e-05,0.225,-7.605501587128533e-15,0.23999170032333456,0.225,0.0,0.23999999999999996,0.0,129.88463053486825,1.2091943699837652e-14,True,True,False
6.57,8.250648989266418e-06,0.0,9.849065195324959e-06,7.67072951455816e-16,-4.656268018277703e-18,6.240227512937556e-15,1.7411999113759926e-05,0.225,-7.639756921957957e-15,0.2399917493510107,0.225,0.0,0.23999999999999996,0.0,129.88463053486825,1.211594299375605e-14,True,True,False
6.575,8.201186013329087e-06,0.0,9.936125190877356e-06,7.705013190614186e-16,-4.656268018277703e-18,6.240227512937556e-15,1.7411999113759926e-05,0.225,-7.674164951418586e-15,0.23999179881398663,0.225,0.0,0.23999999999999996,0.0,129.88463053486825,1.2140089913169603e-14,True,True,False
6.58,8.151287737595547e-06,0.0,1.0023185186429758e-05,7.739365113363351e-16,-4.656268018277703e-18,6.240227512937556e-15,1.7411999113759926e-05,0.225,-7.708726500595849e-15,0.23999184871226237,0.225,0.0,0.23999999999999996,0.0,129.88463053486825,1.2164384618318246e-14,True,True,False
6.585,8.10095416117762e-06,0.0,1.011024518198216e-05,7.773785683256551e-16,-4.656268018277703e-18,6.240227512937556e-15,1.7411999113759926e-05,0.225,-7.74344239806279e-15,0.23999189904583879,0.225,0.0,0.23999999999999996,0.0,129.88463053486825,1.2188827271413555e-14,True,True,False
6.59,8.050185285851663e-06,0.0,1.0197305177534565e-05,7.808275307362749e-16,-4.656268018277703e-18,6.240227512937556e-15,1.7411999113759926e-05,0.225,-7.778313475896177e-15,0.2399919498147141,0.225,0.0,0.23999999999999996,0.0,129.88463053486825,1.2213418036638997e-14,True,True,False
6.595,7.998981109841319e-06,0.0,1.0284365173086975e-05,7.842834399395844e-16,-4.656268018277703e-18,6.240227512937556e-15,1.7411999113759926e-05,0.225,-7.813340569675991e-15,0.23999200101889012,0.225,0.0,0.23999999999999996,0.0,129.88463053486825,1.2238157080150197e-14,True,True,False
6.6000000000000005,7.947341634034766e-06,0.0,1.0371425168639386e-05,7.877463379541216e-16,-4.672797192981692e-18,6.524685913508759e-15,1.1384061713970744e-05,0.225,-7.848524518493242e-15,0.23999205265836593,0.225,0.0,0.23999999999999996,0.0,129.8845507249771,1.256731809158122e-14,True,True,False
6.605,7.895342207936418e-06,0.0,1.0428345477197225e-05,7.913023645309052e-16,-4.672797192981692e-18,6.524685913508759e-15,1.1384061713970744e-05,0.225,-7.883865421633248e-15,0.23999210465779203,0.225,0.0,0.23999999999999996,0.0,129.8845507249771,1.2591949909955185e-14,True,True,False
6.61,7.843058179274331e-06,0.0,1.0485265785755067e-05,7.948653513483256e-16,-4.672797192981692e-18,6.524685913508759e-15,1.1384061713970744e-05,0.225,-7.919363382947574e-15,0.2399921569418207,0.225,0.0,0.23999999999999996,0.0,129.8845507249771,1.2616735571284485e-14,True,True,False
6.615,7.790489549824864e-06,0.0,1.054218609431291e-05,7.984353435261637e-16,-4.672797192981692e-18,6.524685913508759e-15,1.1384061713970744e-05,0.225,-7.955019254226878e-15,0.23999220951045014,0.225,0.0,0.23999999999999996,0.0,129.8845507249771,1.2641675236897964e-14,True,True,False
6.62,7.737636318699836e-06,0.0,1.0599106402870757e-05,8.020123866042539e-16,-4.672797192981692e-18,6.524685913508759e-15,1.1384061713970744e-05,0.225,-7.990833890884372e-15,0.23999226236368126,0.225,0.0,0.23999999999999996,0.0,129.8845507249771,1.2666769070189952e-14,True,True,False
6.625,7.68449848589925e-06,0.0,1.0656026711428606e-05,8.055965264646934e-16,-4.672797192981692e-18,6.524685913508759e-15,1.1384061713970744e-05,0.225,-8.02680815196357e-15,0.23999231550151406,0.225,0.0,0.23999999999999996,0.0,129.8845507249771,1.2692017236620236e-14,True,True,False
6.63,7.631076051423102e-06,0.0,1.0712947019986458e-05,8.091878092519879e-16,-4.672797192981692e-18,6.524685913508759e-15,1.1384061713970744e-05,0.225,-8.062942900146057e-15,0.23999236892394854,0.225,0.0,0.23999999999999996,0.0,129.8845507249771,1.2717419903714087e-14,True,True,False
6.635,7.577369015271396e-06,0.0,1.076986732854431e-05,8.12786281294117e-16,-4.672797192981692e-18,6.524685913508759e-15,1.1384061713970744e-05,0.225,-8.099239001759361e-15,0.2399924226309847,0.225,0.0,0.23999999999999996,0.0,129.8845507249771,1.2742977241062207e-14,True,True,False
6.640000000000001,7.523377378332308e-06,0.0,1.0826787637102163e-05,8.163919890270772e-16,-4.672797192981692e-18,6.524685913508759e-15,1.1384061713970744e-05,0.225,-8.13569732678482e-15,0.23999247662262163,0.225,0.0,0.23999999999999996,0.0,129.8845507249771,1.2768689420320803e-14,True,True,False
6.6450000000000005,7.4691011388294815e-06,0.0,1.088370794566002e-05,8.200049789250156e-16,-4.672797192981692e-18,6.524685913508759e-15,1.1384061713970744e-05,0.225,-8.17231874886553e-15,0.23999253089886113,0.225,0.0,0.23999999999999996,0.0,129.8845507249771,1.2794556615211573e-14,True,True,False
6.65,7.414540298539274e-06,0.0,1.0940628254217877e-05,8.236252974375176e-16,-4.872585958278072e-18,6.822066707103483e-15,6.195042901473075e-06,0.225,-8.20910414531434e-15,0.23999258545970142,0.225,0.0,0.23999999999999996,0.0,129.88448202236802,1.3138674650609099e-14,True,True,False
6.655,7.35975971846714e-06,0.0,1.0971603468715983e-05,8.273429992015328e-16,-4.872585958278072e-18,6.822066707103483e-15,6.195042901473075e-06,0.225,-8.246053620031012e-15,0.2399926402402815,0.225,0.0,0.23999999999999996,0.0,129.88448202236802,1.3164429752708036e-14,True,True,False
6.66,7.304824262283072e-06,0.0,1.100257868321409e-05,8.310680026024624e-16,-4.872585958278072e-18,6.822066707103483e-15,6.195042901473075e-06,0.225,-8.283167281688905e-15,0.23999269517573768,0.225,0.0,0.23999999999999996,0.0,129.88448202236802,1.319034568803693e-14,True,True,False
6.665,7.249733929987068e-06,0.0,1.10335538977122e-05,8.348003552145612e-16,-4.872585958278072e-18,6.822066707103483e-15,6.195042901473075e-06,0.225,-8.320446020883795e-15,0.23999275026606998,0.225,0.0,0.23999999999999996,0.0,129.88448202236802,1.3216422625280583e-14,True,True,False
6.67,7.194488721579129e-06,0.0,1.1064529112210308e-05,8.3854010441796e-16,-4.872585958278072e-18,6.822066707103483e-15,6.195042901473075e-06,0.225,-8.357890731998886e-15,0.23999280551127838,0.225,0.0,0.23999999999999996,0.0,129.88448202236802,1.324266073528602e-14,True,True,False
6.675,7.139088637059254e-06,0.0,1.1095504326708419e-05,8.422872973787113e-16,-4.872585958278072e-18,6.822066707103483e-15,6.195042901473075e-06,0.225,-8.395502313203496e-15,0.2399928609113629,0.225,0.0,0.23999999999999996,0.0,129.88448202236802,1.3269060191062211e-14,True,True,False
6.68,7.083533676427445e-06,0.0,1.112647954120653e-05,8.460419810362166e-16,-4.872585958278072e-18,6.822066707103483e-15,6.195042901473075e-06,0.225,-8.433281666470115e-15,0.23999291646632354,0.225,0.0,0.23999999999999996,0.0,129.88448202236802,1.3295621167779844e-14,True,True,False
6.6850000000000005,7.0278238396837e-06,0.0,1.1157454755704642e-05,8.498042020972928e-16,-4.872585958278072e-18,6.822066707103483e-15,6.195042901473075e-06,0.225,-8.471229697582364e-15,0.23999297217616028,0.225,0.0,0.23999999999999996,0.0,129.88448202236802,1.3322343842771112e-14,True,True,False
6.69,6.97195912682802e-06,0.0,1.1188429970202755e-05,8.53574007035754e-16,-4.872585958278072e-18,6.822066707103483e-15,6.195042901473075e-06,0.225,-8.50934731614329e-15,0.23999302804087314,0.225,0.0,0.23999999999999996,0.0,129.88448202236802,1.3349228395529479e-14,True,True,False
6.695,6.915939537860405e-06,0.0,1.1219405184700865e-05,8.5735144209650835e-16,-4.872585958278072e-18,6.822066707103483e-15,6.195042901473075e-06,0.225,-8.547635435583727e-15,0.2399930840604621,0.225,0.0,0.23999999999999996,0.0,129.88448202236802,1.3376275007709532e-14,True,True,False
6.7,6.859765074557211e-06,0.0,1.1250380399198981e-05,8.611365533032246e-16,-5.158961177109452e-18,7.132958180994851e-15,1.7822590501468367e-06,0.225,-8.586094973170696e-15,0.2399931402349254,0.225,0.0,0.23999999999999996,0.0,129.88442359710982,1.3736030887848614e-14,True,True,False
6.705,6.80349089457466e-06,0.0,1.1259291694436146e-05,8.650234837956293e-16,-5.158961177109452e-18,7.132958180994851e-15,1.7822590501468367e-06,0.225,-8.624726037627086e-15,0.2399931965091054,0.225,0.0,0.23999999999999996,0.0,129.88442359710982,1.3762960317475822e-14,True,True,False
6.71,6.747172158233505e-06,0.0,1.1268202989673313e-05,8.689180567921521e-16,-5.158961177109452e-18,7.132958180994851e-15,1.7822590501468367e-06,0.225,-8.663528742666052e-15,0.23999325282784173,0.225,0.0,0.23999999999999996,0.0,129.88442359710982,1.3790057888578679e-14,True,True,False
6.715,6.69080886464557e-06,0.0,1.127711428491048e-05,8.728203192786853e-16,-5.158961177109452e-18,7.132958180994851e-15,1.7822590501468367e-06,0.225,-8.7025040194328e-15,0.23999330919113532,0.225,0.0,0.23999999999999996,0.0,129.88442359710982,1.3817323777551509e-14,True,True,False
6.72,6.63440101558721e-06,0.0,1.1286025580147646e-05,8.767303180670118e-16,-5.158961177109452e-18,7.132958180994851e-15,1.7822590501468367e-06,0.225,-8.741652803031004e-15,0.23999336559898438,0.225,0.0,0.23999999999999996,0.0,129.88442359710982,1.3844758163049846e-14,True,True,False
6.7250000000000005,6.577948609282069e-06,0.0,1.1294936875384811e-05,8.806480998104866e-16,-5.158961177109452e-18,7.132958180994851e-15,1.7822590501468367e-06,0.225,-8.7809760325314e-15,0.23999342205139068,0.225,0.0,0.23999999999999996,0.0,129.88442359710982,1.3872361225989984e-14,True,True,False
6.73,6.521451646618326e-06,0.0,1.1303848170621978e-05,8.845737110203029e-16,-5.158961177109452e-18,7.132958180994851e-15,1.7822590501468367e-06,0.225,-8.820474650980376e-15,0.23999347854835335,0.225,0.0,0.23999999999999996,0.0,129.88442359710982,1.3900133149548585e-14,True,True,False
6.735,6.46491012759598e-06,0.0,1.1312759465859145e-05,8.88507198082263e-16,-5.158961177109452e-18,7.132958180994851e-15,1.7822590501468367e-06,0.225,-8.860149605408624e-15,0.23999353508987237,0.225,0.0,0.23999999999999996,0.0,129.88442359710982,1.3928074119162359e-14,True,True,False
6.74,6.408324052215031e-06,0.0,1.132167076109631e-05,8.924486072740365e-16,-5.158961177109452e-18,7.132958180994851e-15,1.7822590501468367e-06,0.225,-8.90000184683991e-15,0.23999359167594775,0.225,0.0,0.23999999999999996,0.0,129.88442359710982,1.3956184322527681e-14,True,True,False
6.745,6.351693419587301e-06,0.0,1.1330582056333475e-05,8.963979847829503e-16,-5.158961177109452e-18,7.132958180994851e-15,1.7822590501468367e-06,0.225,-8.940032330299802e-15,0.23999364830658038,0.225,0.0,0.23999999999999996,0.0,129.88442359710982,1.3984463949600297e-14,True,True,False
6.75,6.295018231489147e-06,0.0,1.1339493351570642e-05,9.003553767265889e-16,-5.361359461251088e-18,7.457975349296971e-15,-1.9181173415623676e-06,0.225,-8.980242014819665e-15,0.23999370498176847,0.225,0.0,0.23999999999999996,0.0,129.88437460412638,1.436056943289105e-14,True,True,False
6.755,6.238344741588131e-06,0.0,1.1329902764845083e-05,9.04419201472084e-16,-5.361359461251088e-18,7.457975349296971e-15,-1.9181173415623676e-06,0.225,-9.020631014157659e-15,0.23999376165525838,0.225,0.0,0.23999999999999996,0.0,129.88437460412638,1.4388726555656943e-14,True,True,False
6.76,6.181719204439995e-06,0.0,1.132031217811953e-05,9.084910019620277e-16,-5.361359461251088e-18,7.457975349296971e-15,-1.9181173415623676e-06,0.225,-9.06119944730024e-15,0.23999381828079552,0.225,0.0,0.23999999999999996,0.0,129.88437460412638,1.4417059460631243e-14,True,True,False
6.765000000000001,6.125141620044738e-06,0.0,1.1310721591393973e-05,9.125708258452741e-16,-5.361359461251088e-18,7.457975349296971e-15,-1.9181173415623676e-06,0.225,-9.101948287792483e-15,0.23999387485837992,0.225,0.0,0.23999999999999996,0.0,129.88437460412638,1.4445568332271716e-14,True,True,False
6.7700000000000005,6.0686119884023615e-06,0.0,1.1301131004668414e-05,9.16658720775595e-16,-5.361359461251088e-18,7.457975349296971e-15,-1.9181173415623676e-06,0.225,-9.142878513318044e-15,0.23999393138801156,0.225,0.0,0.23999999999999996,0.0,129.88437460412638,1.4474253357399572e-14,True,True,False
6.775,6.012130309512864e-06,0.0,1.1291540417942856e-05,9.207547344338122e-16,-5.361359461251088e-18,7.457975349296971e-15,-1.9181173415623676e-06,0.225,-9.183991105708153e-15,0.23999398786969045,0.225,0.0,0.23999999999999996,0.0,129.88437460412638,1.450311472519904e-14,True,True,False
6.78,5.955696584264425e-06,0.0,1.1281949831217299e-05,9.248589145504232e-16,-5.361359461251088e-18,7.457975349296971e-15,-1.9181173415623676e-06,0.225,-9.225287050950589e-15,0.2399940443034157,0.225,0.0,0.23999999999999996,0.0,129.88437460412638,1.4532152627216938e-14,True,True,False
6.785,5.899310811768865e-06,0.0,1.1272359244491737e-05,9.289713089284754e-16,-5.361359461251088e-18,7.457975349296971e-15,-1.9181173415623676e-06,0.225,-9.266767339198753e-15,0.2399941006891882,0.225,0.0,0.23999999999999996,0.0,129.88437460412638,1.4561367257362305e-14,True,True,False
6.79,5.842972992026185e-06,0.0,1.1262768657766175e-05,9.330919654663663e-16,-5.361359461251088e-18,7.457975349296971e-15,-1.9181173415623676e-06,0.225,-9.308432964780798e-15,0.23999415702700794,0.225,0.0,0.23999999999999996,0.0,129.88437460412638,1.4590758811906057e-14,True,True,False
6.795,5.786683125036385e-06,0.0,1.1253178071040613e-05,9.37220932180205e-16,-5.361359461251088e-18,7.457975349296971e-15,-1.9181173415623676e-06,0.225,-9.350284926208765e-15,0.23999421331687493,0.225,0.0,0.23999999999999996,0.0,129.88437460412638,1.4620327489480776e-14,True,True,False
6.8,5.730441210799464e-06,0.0,1.124358748431505e-05,9.41358257225341e-16,-5.2350303725717404e-18,7.797761190944839e-15,-4.969908930305891e-06,0.225,-9.392324226187787e-15,0.23999426955878916,0.225,0.0,0.23999999999999996,0.0,129.88433419840575,1.5013526702722826e-14,True,True,False
6.805,5.674285397466727e-06,0.0,1.1218737939649398e-05,9.45606830728314e-16,-5.2350303725717404e-18,7.797761190944839e-15,-4.969908930305891e-06,0.225,-9.4345509837758e-15,0.2399943257146025,0.225,0.0,0.23999999999999996,0.0,129.88433419840575,1.5042967311583637e-14,True,True,False
6.8100000000000005,5.6182538314131225e-06,0.0,1.1193888394983742e-05,9.498637226555351e-16,-5.2350303725717404e-18,7.797761190944839e-15,-4.969908930305891e-06,0.225,-9.476965323484548e-15,0.23999438174616855,0.225,0.0,0.23999999999999996,0.0,129.88433419840575,1.5072591690896775e-14,True,True,False
6.815,5.562346513526828e-06,0.0,1.1169038850318087e-05,9.541289834095227e-16,-5.2350303725717404e-18,7.797761190944839e-15,-4.969908930305891e-06,0.225,-9.519568263187008e-15,0.23999443765348644,0.225,0.0,0.23999999999999996,0.0,129.88433419840575,1.5102400033549715e-14,True,True,False
6.82,5.506563442919665e-06,0.0,1.114418930565243e-05,9.584026635981248e-16,-5.2350303725717404e-18,7.797761190944839e-15,-4.969908930305891e-06,0.225,-9.562360825082986e-15,0.23999449343655704,0.225,0.0,0.23999999999999996,0.0,129.88433419840575,1.51323925349007e-14,True,True,False
6.825,5.450904620479813e-06,0.0,1.1119339760986772e-05,9.626848140456363e-16,-5.2350303725717404e-18,7.797761190944839e-15,-4.969908930305891e-06,0.225,-9.605344035708403e-15,0.23999454909537948,0.225,0.0,0.23999999999999996,0.0,129.88433419840575,1.5162569392778325e-14,True,True,False
6.83,5.395370045319092e-06,0.0,1.109449021632111e-05,9.669754858009443e-16,-5.2350303725717404e-18,7.797761190944839e-15,-4.969908930305891e-06,0.225,-9.64851892594474e-15,0.23999460462995464,0.225,0.0,0.23999999999999996,0.0,129.88433419840575,1.5192930807481246e-14,True,True,False
6.835,5.339959718325682e-06,0.0,1.106964067165545e-05,9.712747301425772e-16,-5.2350303725717404e-18,7.797761190944839e-15,-4.969908930305891e-06,0.225,-9.691886531028448e-15,0.23999466004028164,0.225,0.0,0.23999999999999996,0.0,129.88433419840575,1.52234769817779e-14,True,True,False
6.84,5.2846736386114035e-06,0.0,1.1044791126989788e-05,9.75582598580616e-16,-5.2350303725717404e-18,7.797761190944839e-15,-4.969908930305891e-06,0.225,-9.735447890560436e-15,0.23999471532636135,0.225,0.0,0.23999999999999996,0.0,129.88433419840575,1.525420812090629e-14,True,True,False
6.845,5.229511807064435e-06,0.0,1.1019941582324126e-05,9.798991428555074e-16,-5.2350303725717404e-18,7.797761190944839e-15,-4.969908930305891e-06,0.225,-9.779204048515681e-15,0.2399947704881929,0.225,0.0,0.23999999999999996,0.0,129.88433419840575,1.5285124432573762e-14,True,True,False
6.8500000000000005,5.174474222796599e-06,0.0,1.0995092037658462e-05,9.84224414933898e-16,-4.6579469653989805e-18,8.152987961416488e-15,-7.435976795025025e-06,0.225,-9.823156053252744e-15,0.23999482552577717,0.225,0.0,0.23999999999999996,0.0,129.88430154766723,1.5696195384364467e-14,True,True,False
6.855,5.119591711816307e-06,0.0,1.0957912153673224e-05,9.88665981911871e-16,-4.6579469653989805e-18,8.152987961416488e-15,-7.435976795025025e-06,0.225,-9.86730402936219e-15,0.23999488040828815,0.225,0.0,0.23999999999999996,0.0,129.88430154766723,1.5726977809031054e-14,True,True,False
6.86,5.06489510102015e-06,0.0,1.0920732269687985e-05,9.931162383799295e-16,-4.6579469653989805e-18,8.152987961416488e-15,-7.435976795025025e-06,0.225,-9.911648107135048e-15,0.23999493510489894,0.225,0.0,0.23999999999999996,0.0,129.88430154766723,1.5757952355690967e-14,True,True,False
6.865,5.010384389519951e-06,0.0,1.0883552385702745e-05,9.975752387314612e-16,-4.6579469653989805e-18,8.152987961416488e-15,-7.435976795025025e-06,0.225,-9.956189350784674e-15,0.23999498961561044,0.225,0.0,0.23999999999999996,0.0,129.88430154766723,1.5789119226056463e-14,True,True,False
6.87,4.956059577315708e-06,0.0,1.0846372501717505e-05,1.002043037541415e-15,-4.6579469653989805e-18,8.152987961416488e-15,-7.435976795025025e-06,0.225,-1.0012181620291456e-14,0.23999504394042265,0.225,0.0,0.23999999999999996,0.0,129.88430154766723,1.5778457903249602e-14,True,True,False
6.875,4.9019206652956004e-06,0.0,1.0809192617732265e-05,1.006507799503877e-15,-4.6579469653989805e-18,8.152987961416488e-15,-7.435976795025025e-06,0.225,-1.0085339406906797e-14,0.23999509807933467,0.225,0.0,0.23999999999999996,0.0,129.88430154766723,1.5704686061761256e-14,True,True,False
6.88,4.8479676516832715e-06,0.0,1.0772012733747021e-05,1.0109516674266899e-15,-4.6579469653989805e-18,8.152987961416488e-15,-7.435976795025025e-06,0.225,-1.0158819924197316e-14,0.23999515203234828,0.225,0.0,0.23999999999999996,0.0,129.88430154766723,1.5630779092185936e-14,True,True,False
6.885,4.794200538255078e-06,0.0,1.0734832849761776e-05,1.0153746035001819e-15,-4.6579469653989805e-18,8.152987961416488e-15,-7.435976795025025e-06,0.225,-1.0232621709582498e-14,0.2399952057994617,0.225,0.0,0.23999999999999996,0.0,129.88430154766723,1.555673827127665e-14,True,True,False
6.890000000000001,4.740619324122841e-06,0.0,1.0697652965776532e-05,1.0197765703286243e-15,-4.6579469653989805e-18,8.152987961416488e-15,-7.435976795025025e-06,0.225,-1.0306743294629747e-14,0.23999525938067584,0.225,0.0,0.23999999999999996,0.0,129.88430154766723,1.548256487607713e-14,True,True,False
6.8950000000000005,4.687224009286561e-06,0.0,1.0660473081791287e-05,1.0241575309137943e-15,-4.6579469653989805e-18,8.152987961416488e-15,-7.435976795025025e-06,0.225,-1.038118320508394e-14,0.23999531277599068,0.225,0.0,0.23999999999999996,0.0,129.88430154766723,1.5408260183902465e-14,True,True,False
6.9,4.6340145937462385e-06,0.0,1.0623293197806042e-05,1.0285174486395552e-15,-2.858086451417884e-18,8.537064267210813e-15,-9.377438629843718e-06,0.225,-1.0455939960897062e-14,0.23999536598540622,0.225,0.0,0.23999999999999996,0.0,129.88427584271253,1.5744653251896104e-14,True,True,False
6.905,4.581015346089012e-06,0.0,1.0576406004640743e-05,1.0329725337940678e-15,-2.858086451417884e-18,8.537064267210813e-15,-9.377438629843718e-06,0.225,-1.0531012705963198e-14,0.23999541898465387,0.225,0.0,0.23999999999999996,0.0,129.88427584271253,1.5669537832981892e-14,True,True,False
6.91,4.528250533125666e-06,0.0,1.0529518811475447e-05,1.0374063477329673e-15,-2.858086451417884e-18,8.537064267210813e-15,-9.377438629843718e-06,0.225,-1.060640057753818e-14,0.23999547174946684,0.225,0.0,0.23999999999999996,0.0,129.88427584271253,1.5594289592995045e-14,True,True,False
6.915,4.475720157520735e-06,0.0,1.0482631618310147e-05,1.0418188534195344e-15,-2.858086451417884e-18,8.537064267210813e-15,-9.377438629843718e-06,0.225,-1.068210207647863e-14,0.23999552427984244,0.225,0.0,0.23999999999999996,0.0,129.88427584271253,1.5518909825535488e-14,True,True,False
6.92,4.423424217497862e-06,0.0,1.0435744425144846e-05,1.0462100141615267e-15,-2.858086451417884e-18,8.537064267210813e-15,-9.377438629843718e-06,0.225,-1.0758115697808565e-14,0.23999557657578247,0.225,0.0,0.23999999999999996,0.0,129.88427584271253,1.5443399824436972e-14,True,True,False
6.925,4.371362713057048e-06,0.0,1.038885723197955e-05,1.050579793601781e-15,-2.858086451417884e-18,8.537064267210813e-15,-9.377438629843718e-06,0.225,-1.0834439930749481e-14,0.2399956286372869,0.225,0.0,0.23999999999999996,0.0,129.88427584271253,1.536776088374755e-14,True,True,False
6.93,4.31953564508647e-06,0.0,1.0341970038814248e-05,1.054928155711397e-15,-2.858086451417884e-18,8.537064267210813e-15,-9.377438629843718e-06,0.225,-1.0911073258750454e-14,0.23999568046435488,0.225,0.0,0.23999999999999996,0.0,129.88427584271253,1.5291994297710086e-14,True,True,False
6.9350000000000005,4.26794301269795e-06,0.0,1.0295082845648944e-05,1.059255064785713e-15,-2.858086451417884e-18,8.537064267210813e-15,-9.377438629843718e-06,0.225,-1.0988014159518356e-14,0.23999573205698727,0.225,0.0,0.23999999999999996,0.0,129.88427584271253,1.5216101360742803e-14,True,True,False
6.94,4.216584816779667e-06,0.0,1.0248195652483641e-05,1.063560485443218e-15,-2.858086451417884e-18,8.537064267210813e-15,-9.377438629843718e-06,0.225,-1.106526110504807e-14,0.23999578341518318,0.225,0.0,0.23999999999999996,0.0,129.88427584271253,1.5140083367419773e-14,True,True,False
6.945,4.1654610564434424e-06,0.0,1.0201308459318339e-05,1.067844382627383e-15,-2.858086451417884e-18,8.537064267210813e-15,-9.377438629843718e-06,0.225,-1.1142812561652778e-14,0.23999583453894352,0.225,0.0,0.23999999999999996,0.0,129.88427584271253,1.5063941612451574e-14,True,True,False
6.95,4.1145717325774545e-06,0.0,1.0154421266153036e-05,1.0721067216108885e-15,-8.28613676306857e-19,8.922608617557335e-15,-1.0853044036070898e-05,0.225,-1.1220666990002633e-14,0.23999588542826739,0.225,0.0,0.23999999999999996,0.0,129.88425630569694,1.540007516933214e-14,True,True,False
6.955,4.063935289094767e-06,0.0,1.0100156045952491e-05,1.0764641589428986e-15,-8.28613676306857e-19,8.922608617557335e-15,-1.0853044036070898e-05,0.225,-1.12988234772672e-14,0.23999593606471087,0.225,0.0,0.23999999999999996,0.0,129.88425630569694,1.532313570056586e-14,True,True,False
6.96,4.013570171684799e-06,0.0,1.0045890825751947e-05,1.0807998128538599e-15,-8.28613676306857e-19,8.922608617557335e-15,-1.0853044036070898e-05,0.225,-1.1377281104107368e-14,0.23999598642982828,0.225,0.0,0.23999999999999996,0.0,129.88425630569694,1.5246070976959262e-14,True,True,False
6.965,3.9634763803475526e-06,0.0,9.991625605551399e-06,1.0851136481624928e-15,-8.28613676306857e-19,8.922608617557335e-15,-1.0853044036070898e-05,0.225,-1.1456038312510852e-14,0.23999603652361962,0.225,0.0,0.23999999999999996,0.0,129.88425630569694,1.5168882309026155e-14,True,True,False
6.97,3.913653915971205e-06,0.0,9.937360385350854e-06,1.0894056300649827e-15,-8.28613676306857e-19,8.922608617557335e-15,-1.0853044036070898e-05,0.225,-1.1535093538776371e-14,0.239996086346084,0.225,0.0,0.23999999999999996,0.0,129.88425630569694,1.509157100737917e-14,True,True,False
6.9750000000000005,3.864102776779399e-06,0.0,9.883095165150306e-06,1.093675724145031e-15,-8.28613676306857e-19,8.922608617557335e-15,-1.0853044036070898e-05,0.225,-1.1614445213544472e-14,0.23999613589722318,0.225,0.0,0.23999999999999996,0.0,129.88425630569694,1.5014138382710088e-14,True,True,False
6.98,3.814822963660314e-06,0.0,9.828829944949757e-06,1.0979238963846795e-15,-8.28613676306857e-19,8.922608617557335e-15,-1.0853044036070898e-05,0.225,-1.1694091761828272e-14,0.2399961851770363,0.225,0.0,0.23999999999999996,0.0,129.88425630569694,1.4936585745770338e-14,True,True,False
6.985,3.7658144775021274e-06,0.0,9.774564724749209e-06,1.1021501131756124e-15,-8.28613676306857e-19,8.922608617557335e-15,-1.0853044036070898e-05,0.225,-1.1774031603044391e-14,0.23999623418552246,0.225,0.0,0.23999999999999996,0.0,129.88425630569694,1.485891440735142e-14,True,True,False
6.99,3.717077316528483e-06,0.0,9.720299504548658e-06,1.1063543413305896e-15,-8.28613676306857e-19,8.922608617557335e-15,-1.0853044036070898e-05,0.225,-1.185426315104381e-14,0.23999628292268343,0.225,0.0,0.23999999999999996,0.0,129.88425630569694,1.4781125678265403e-14,True,True,False
6.995,3.668611482515738e-06,0.0,9.666034284348108e-06,1.1105365480945877e-15,-8.28613676306857e-19,8.922608617557335e-15,-1.0853044036070898e-05,0.225,-1.1934784814142797e-14,0.23999633138851745,0.225,0.0,0.23999999999999996,0.0,129.88425630569694,1.4703220869325444e-14,True,True,False
7.0,3.6204169736875347e-06,0.0,9.611769064147555e-06,1.1146967011552296e-15,3.737278937224602e-19,9.296952112322471e-15,-1.1918689882391235e-05,0.225,-1.2015594995153934e-14,0.23999637958302628,0.225,0.0,0.23999999999999996,0.0,129.88424219654596,1.5025617813729433e-14,True,True,False
7.005,3.5725071118319907e-06,0.0,9.552175614724276e-06,1.1189480696650908e-15,3.737278937224602e-19,9.296952112322471e-15,-1.1918689882391235e-05,0.225,-1.209669270517733e-14,0.23999642749288813,0.225,0.0,0.23999999999999996,0.0,129.88424219654596,1.4946946799700147e-14,True,True,False
7.01,3.524895216960866e-06,0.0,9.492582165300999e-06,1.1231771690207425e-15,3.737278937224602e-19,9.296952112322471e-15,-1.1918689882391235e-05,0.225,-1.2178076948989557e-14,0.239996475104783,0.225,0.0,0.23999999999999996,0.0,129.88424219654596,1.4868158416360566e-14,True,True,False
7.015000000000001,3.4775812899623393e-06,0.0,9.432988715877723e-06,1.1273839668226e-15,3.737278937224602e-19,9.296952112322471e-15,-1.1918689882391235e-05,0.225,-1.2259746111231459e-14,0.23999652241871,0.225,0.0,0.23999999999999996,0.0,129.88424219654596,1.4789253989336145e-14,True,True,False
7.0200000000000005,3.4305653308364104e-06,0.0,9.373395266454441e-06,1.1315684311441606e-15,3.737278937224602e-19,9.296952112322471e-15,-1.1918689882391235e-05,0.225,-1.2341698571009824e-14,0.23999656943466913,0.225,0.0,0.23999999999999996,0.0,129.88424219654596,1.471023484421373e-14,True,True,False
7.025,3.383847338694901e-06,0.0,9.31380181703116e-06,1.1357305305305438e-15,3.737278937224602e-19,9.296952112322471e-15,-1.1918689882391235e-05,0.225,-1.242393270192887e-14,0.23999661615266127,0.225,0.0,0.23999999999999996,0.0,129.88424219654596,1.4631102306521958e-14,True,True,False
7.03,3.3374273135378107e-06,0.0,9.25420836760788e-06,1.139870233994423e-15,3.737278937224602e-19,9.296952112322471e-15,-1.1918689882391235e-05,0.225,-1.250644687212163e-14,0.23999666257268643,0.225,0.0,0.23999999999999996,0.0,129.88424219654596,1.4551857701711628e-14,True,True,False
7.035,3.29130525536514e-06,0.0,9.194614918184597e-06,1.1439875110093396e-15,3.737278937224602e-19,9.296952112322471e-15,-1.1918689882391235e-05,0.225,-1.2589239444281462e-14,0.2399967086947446,0.225,0.0,0.23999999999999996,0.0,129.88424219654596,1.447250235513616e-14,True,True,False
7.04,3.2454811650650672e-06,0.0,9.135021468761313e-06,1.1480823315004605e-15,3.737278937224602e-19,9.296952112322471e-15,-1.1918689882391235e-05,0.225,-1.267230877569361e-14,0.2399967545188349,0.225,0.0,0.23999999999999996,0.0,129.88424219654596,1.4393037592032004e-14,True,True,False
7.045,3.199955041749414e-06,0.0,9.075428019338028e-06,1.152154665832904e-15,3.737278937224602e-19,9.296952112322471e-15,-1.1918689882391235e-05,0.225,-1.2755653218266753e-14,0.23999680004495821,0.225,0.0,0.23999999999999996,0.0,129.88424219654596,1.4313464737499158e-14,True,True,False
7.05,3.15472688541818e-06,0.0,9.015834569914744e-06,1.1562044847978107e-15,6.003600960821703e-19,9.65933681540991e-15,-1.2627059682192524e-05,0.225,-1.2839271118564622e-14,0.23999684527311455,0.225,0.0,0.23999999999999996,0.0,129.8842328177298,1.462140965969715e-14,True,True,False
7.055,3.109805550322031e-06,0.0,8.952699271494089e-06,1.1603414413218841e-15,6.003600960821703e-19,9.65933681540991e-15,-1.2627059682192524e-05,0.225,-1.2923161411994733e-14,0.23999689019444964,0.225,0.0,0.23999999999999996,0.0,129.8842328177298,1.4541103805838903e-14,True,True,False
7.0600000000000005,3.065199892487991e-06,0.0,8.889563973073434e-06,1.164455677968469e-15,6.003600960821703e-19,9.65933681540991e-15,-1.2627059682192524e-05,0.225,-1.3007323027829233e-14,0.23999693480010748,0.225,0.0,0.23999999999999996,0.0,129.8842328177298,1.446068877994679e-14,True,True,False
7.065,3.0209099110278803e-06,0.0,8.826428674652778e-06,1.1685471652742537e-15,6.003600960821703e-19,9.65933681540991e-15,-1.2627059682192524e-05,0.225,-1.3091754294999093e-14,0.23999697909008894,0.225,0.0,0.23999999999999996,0.0,129.8842328177298,1.438016592090336e-14,True,True,False
7.07,2.9769356059416996e-06,0.0,8.763293376232122e-06,1.1726158741332608e-15,6.003600960821703e-19,9.65933681540991e-15,-1.2627059682192524e-05,0.225,-1.317645353706739e-14,0.23999702306439402,0.225,0.0,0.23999999999999996,0.0,129.8842328177298,1.429953656741308e-14,True,True,False
7.075,2.9332769772294487e-06,0.0,8.700158077811466e-06,1.1766617757763192e-15,6.003600960821703e-19,9.65933681540991e-15,-1.2627059682192524e-05,0.225,-1.3261419072261434e-14,0.23999706672302273,0.225,0.0,0.23999999999999996,0.0,129.8842328177298,1.4218802057982636e-14,True,True,False
7.08,2.8899340248911276e-06,0.0,8.637022779390806e-06,1.1806848417506419e-15,6.003600960821703e-19,9.65933681540991e-15,-1.2627059682192524e-05,0.225,-1.3346649213504703e-14,0.23999711006597507,0.225,0.0,0.23999999999999996,0.0,129.8842328177298,1.4137963730901402e-14,True,True,False
7.085,2.8469067489267363e-06,0.0,8.57388748097015e-06,1.1846850439000244e-15,6.003600960821703e-19,9.65933681540991e-15,-1.2627059682192524e-05,0.225,-1.3432142268449018e-14,0.23999715309325104,0.225,0.0,0.23999999999999996,0.0,129.8842328177298,1.4057022924221808e-14,True,True,False
7.09,2.8041951502244533e-06,0.0,8.510752182549493e-06,1.1886623543461474e-15,6.003600960821703e-19,9.65933681540991e-15,-1.2627059682192524e-05,0.225,-1.351789653950661e-14,0.23999719580484974,0.225,0.0,0.23999999999999996,0.0,129.8842328177298,1.3975980975739803e-14,True,True,False
7.095,2.7617992270079217e-06,0.0,8.447616884128834e-06,1.19261674547146e-15,6.003600960821703e-19,9.65933681540991e-15,-1.2627059682192524e-05,0.225,-1.360391032388235e-14,0.23999723820077296,0.225,0.0,0.23999999999999996,0.0,129.8842328177298,1.3894839222975357e-14,True,True,False
7.1000000000000005,2.7197189810534983e-06,0.0,8.384481585708174e-06,1.196548189904074e-15,6.981111395601624e-21,1.0009012444972109e-14,-1.302737166365762e-05,0.225,-1.3690181913605883e-14,0.2399972802810189,0.225,0.0,0.23999999999999996,0.0,129.88422751759916,1.4187629038779075e-14,True,True,False
7.105,2.6779594154702213e-06,0.0,8.3193447273734e-06,1.2005624957956328e-15,6.981111395601624e-21,1.0009012444972109e-14,-1.302737166365762e-05,0.225,-1.3776710168886679e-14,0.2399973220405845,0.225,0.0,0.23999999999999996,0.0,129.88422751759916,1.4105789162519934e-14,True,True,False
7.11,2.6365255351434858e-06,0.0,8.254207869038623e-06,1.2045536587887512e-15,6.981111395601624e-21,1.0009012444972109e-14,-1.302737166365762e-05,0.225,-1.3863493943999694e-14,0.23999736347446482,0.225,0.0,0.23999999999999996,0.0,129.88422751759916,1.402384861507764e-14,True,True,False
7.115,2.5954173382969348e-06,0.0,8.189071010703852e-06,1.208521650795322e-15,6.981111395601624e-21,1.0009012444972109e-14,-1.302737166365762e-05,0.225,-1.3950531513917204e-14,0.23999740458266167,0.225,0.0,0.23999999999999996,0.0,129.88422751759916,1.3941808746687257e-14,True,True,False
7.12,2.5546348249305684e-06,0.0,8.123934152369074e-06,1.2124664439433674e-15,6.981111395601624e-21,1.0009012444972109e-14,-1.302737166365762e-05,0.225,-1.4037821148420994e-14,0.23999744536517503,0.225,0.0,0.23999999999999996,0.0,129.88422751759916,1.3859670907264309e-14,True,True,False
7.125,2.514177995932565e-06,0.0,8.0587972940343e-06,1.2163880105767764e-15,6.981111395601624e-21,1.0009012444972109e-14,-1.302737166365762e-05,0.225,-1.4125361112134823e-14,0.23999748582200403,0.225,0.0,0.23999999999999996,0.0,129.88422751759916,1.3777436446385125e-14,True,True,False
7.13,2.4740468513029246e-06,0.0,7.993660435699525e-06,1.2202863232580656e-15,6.981111395601624e-21,1.0009012444972109e-14,-1.302737166365762e-05,0.225,-1.4213149664557187e-14,0.23999752595314866,0.225,0.0,0.23999999999999996,0.0,129.88422751759916,1.3695106713267291e-14,True,True,False
7.135,2.434241391041647e-06,0.0,7.928523577364752e-06,1.2241613547740887e-15,6.981111395601624e-21,1.0009012444972109e-14,-1.302737166365762e-05,0.225,-1.4301185060093866e-14,0.23999756575860892,0.225,0.0,0.23999999999999996,0.0,129.88422751759916,1.3612683056750071e-14,True,True,False
7.140000000000001,2.394761616036911e-06,0.0,7.86338671902998e-06,1.2280130781445621e-15,6.981111395601624e-21,1.0009012444972109e-14,-1.302737166365762e-05,0.225,-1.438946554809062e-14,0.23999760523838393,0.225,0.0,0.23999999999999996,0.0,129.88422751759916,1.353016682527491e-14,True,True,False
7.1450000000000005,2.355607525400538e-06,0.0,7.798249860695208e-06,1.2318414666332157e-15,6.981111395601624e-21,1.0009012444972109e-14,-1.302737166365762e-05,0.225,-1.4477989372865887e-14,0.23999764439247456,0.225,0.0,0.23999999999999996,0.0,129.88422751759916,1.3447559366865907e-14,True,True,False
7.15,2.31677911824435e-06,0.0,7.733113002360435e-06,1.2356464937613213e-15,-1.0496391222279225e-18,1.0345237669048854e-14,-1.3165220798795422e-05,0.225,-1.456675477374362e-14,0.23999768322088172,0.225,0.0,0.23999999999999996,0.0,129.88422569247663,1.3724504607896574e-14,True,True,False
7.155,2.2782781185226586e-06,0.0,7.667286898359419e-06,1.2395298976690214e-15,-1.0496391222279225e-18,1.0345237669048854e-14,-1.3165220798795422e-05,0.225,-1.4655760536350402e-14,0.23999772172188144,0.225,0.0,0.23999999999999996,0.0,129.88422569247663,1.3641235541837138e-14,True,True,False
7.16,2.240106249301599e-06,0.0,7.601460794358398e-06,1.243389751386686e-15,-1.0496391222279225e-18,1.0345237669048854e-14,-1.3165220798795422e-05,0.225,-1.474500544059083e-14,0.23999775989375066,0.225,0.0,0.23999999999999996,0.0,129.88422569247663,1.355787460023036e-14,True,True,False
7.165,2.2022635105811705e-06,0.0,7.535634690357379e-06,1.247226027975653e-15,-1.0496391222279225e-18,1.0345237669048854e-14,-1.3165220798795422e-05,0.225,-1.4834487709343368e-14,0.23999779773648938,0.225,0.0,0.23999999999999996,0.0,129.88422569247663,1.3474423142711459e-14,True,True,False
7.17,2.1647499023613737e-06,0.0,7.469808586356363e-06,1.251038700831101e-15,-1.0496391222279225e-18,1.0345237669048854e-14,-1.3165220798795422e-05,0.225,-1.4924205560483955e-14,0.2399978352500976,0.225,0.0,0.23999999999999996,0.0,129.88422569247663,1.3390882528452874e-14,True,True,False
7.175,2.1275654246422082e-06,0.0,7.4039824823553485e-06,1.2548277437025395e-15,-1.0496391222279225e-18,1.0345237669048854e-14,-1.3165220798795422e-05,0.225,-1.5014157206919484e-14,0.23999787243457532,0.225,0.0,0.23999999999999996,0.0,129.88422569247663,1.3307254116144708e-14,True,True,False
7.18,2.090710077423674e-06,0.0,7.3381563783543345e-06,1.2585931307141832e-15,-1.0496391222279225e-18,1.0345237669048854e-14,-1.3165220798795422e-05,0.225,-1.51043408566209e-14,0.23999790928992254,0.225,0.0,0.23999999999999996,0.0,129.88422569247663,1.3223539263975234e-14,True,True,False
7.1850000000000005,2.0541838607057716e-06,0.0,7.27233027435332e-06,1.2623348363848314e-15,-1.0496391222279225e-18,1.0345237669048854e-14,-1.3165220798795422e-05,0.225,-1.519475471265628e-14,0.23999794581613926,0.225,0.0,0.23999999999999996,0.0,129.88422569247663,1.3139739329611332e-14,True,True,False
7.19,2.0179867744885005e-06,0.0,7.206504170352309e-06,1.266052835646886e-15,-1.0496391222279225e-18,1.0345237669048854e-14,-1.3165220798795422e-05,0.225,-1.5285396973224208e-14,0.23999798201322547,0.225,0.0,0.23999999999999996,0.0,129.88422569247663,1.3055855670179097e-14,True,True,False
7.195,1.982118818771861e-06,0.0,7.140678066351299e-06,1.2697471038641798e-15,-1.0496391222279225e-18,1.0345237669048854e-14,-1.3165220798795422e-05,0.225,-1.5376265831686804e-14,0.2399980178811812,0.225,0.0,0.23999999999999996,0.0,129.88422569247663,1.2971889642244361e-14,True,True,False
7.2,1.946579994444031e-06,0.0,7.07485196235029e-06,1.2734176168483034e-15,-2.174938097690127e-18,1.0667281407886768e-14,-1.308250190156183e-05,0.225,-1.546735947660311e-14,0.23999805342000552,0.225,0.0,0.23999999999999996,0.0,129.8842267876748,1.3232315745466324e-14,True,True,False
7.205,1.9113692658889736e-06,0.0,7.009439452825169e-06,1.2771618229077272e-15,-2.174938097690127e-18,1.0667281407886768e-14,-1.308250190156183e-05,0.225,-1.5558676619784067e-14,0.23999808863073407,0.225,0.0,0.23999999999999996,0.0,129.8842267876748,1.3147726232620538e-14,True,True,False
7.21,1.8764855992670082e-06,0.0,6.944026943300048e-06,1.2808820958002024e-15,-2.174938097690127e-18,1.0667281407886768e-14,-1.308250190156183e-05,0.225,-1.5650215967545307e-14,0.2399981235144007,0.225,0.0,0.23999999999999996,0.0,129.8842267876748,1.3063053925246937e-14,True,True,False
7.215,1.8419289963544916e-06,0.0,6.878614433774931e-06,1.2845784114873828e-15,-2.174938097690127e-18,1.0667281407886768e-14,-1.308250190156183e-05,0.225,-1.5741975692647133e-14,0.2399981580710036,0.225,0.0,0.23999999999999996,0.0,129.8842267876748,1.2978300190383052e-14,True,True,False
7.22,1.807699455375067e-06,0.0,6.813201924249813e-06,1.288250746428252e-15,-2.174938097690127e-18,1.0667281407886768e-14,-1.308250190156183e-05,0.225,-1.5833953963046977e-14,0.2399981923005446,0.225,0.0,0.23999999999999996,0.0,129.8842267876748,1.2893466394458905e-14,True,True,False
7.2250000000000005,1.7737969763287344e-06,0.0,6.747789414724697e-06,1.2918990775844053e-15,-2.174938097690127e-18,1.0667281407886768e-14,-1.308250190156183e-05,0.225,-1.5926148941932902e-14,0.23999822620302363,0.225,0.0,0.23999999999999996,0.0,129.8842267876748,1.2808553903277497e-14,True,True,False
7.23,1.7402215609918505e-06,0.0,6.682376905199583e-06,1.2955233824226894e-15,-2.174938097690127e-18,1.0667281407886768e-14,-1.308250190156183e-05,0.225,-1.6018558787757186e-14,0.23999825977843897,0.225,0.0,0.23999999999999996,0.0,129.8842267876748,1.2723564081995407e-14,True,True,False
7.235,1.7069732075880586e-06,0.0,6.616964395674471e-06,1.2991236389152236e-15,-2.174938097690127e-18,1.0667281407886768e-14,-1.308250190156183e-05,0.225,-1.6111181654270038e-14,0.23999829302679238,0.225,0.0,0.23999999999999996,0.0,129.8842267876748,1.2638498295103328e-14,True,True,False
7.24,1.674051917005537e-06,0.0,6.551551886149361e-06,1.3026998255368637e-15,-2.174938097690127e-18,1.0667281407886768e-14,-1.308250190156183e-05,0.225,-1.6204015690553157e-14,0.23999832594808296,0.225,0.0,0.23999999999999996,0.0,129.8842267876748,1.2553357906406749e-14,True,True,False
7.245,1.6414576892442858e-06,0.0,6.4861393766242516e-06,1.306251921260241e-15,-2.174938097690127e-18,1.0667281407886768e-14,-1.308250190156183e-05,0.225,-1.6297059041053508e-14,0.23999835854231072,0.225,0.0,0.23999999999999996,0.0,129.8842267876748,1.2468144279006587e-14,True,True,False
7.25,1.6091905234161266e-06,0.0,6.420726867099144e-06,1.309779905548507e-15,-3.071760848784669e-18,1.0974424202919647e-14,-1.2817400894350244e-05,0.225,-1.6390309845616943e-14,0.23999839080947655,0.225,0.0,0.23999999999999996,0.0,129.88423029761216,1.2711392939745323e-14,True,True,False
7.255,1.5772471066155538e-06,0.0,6.35663986261847e-06,1.3133767202916449e-15,-3.071760848784669e-18,1.0974424202919647e-14,-1.2817400894350244e-05,0.225,-1.6483766743113426e-14,0.23999842275289335,0.225,0.0,0.23999999999999996,0.0,129.88423029761216,1.2625595520800637e-14,True,True,False
7.26,1.5456241250488834e-06,0.0,6.2925528581377974e-06,1.3169492590596602e-15,-3.071760848784669e-18,1.0974424202919647e-14,-1.2817400894350244e-05,0.225,-1.657742836715563e-14,0.23999845437587491,0.225,0.0,0.23999999999999996,0.0,129.88423029761216,1.2539724663722632e-14,True,True,False
7.265000000000001,1.5143215778279373e-06,0.0,6.228465853657127e-06,1.320497501511272e-15,-3.071760848784669e-18,1.0974424202919647e-14,-1.2817400894350244e-05,0.225,-1.667129284247314e-14,0.23999848567842214,0.225,0.0,0.23999999999999996,0.0,129.88423029761216,1.2453781740910444e-14,True,True,False
7.2700000000000005,1.4833394667290722e-06,0.0,6.164378849176456e-06,1.3240214277510458e-15,-3.071760848784669e-18,1.0974424202919647e-14,-1.2817400894350244e-05,0.225,-1.676535828920258e-14,0.23999851666053323,0.225,0.0,0.23999999999999996,0.0,129.88423029761216,1.2367768124009584e-14,True,True,False
7.275,1.4526777899759315e-06,0.0,6.100291844695788e-06,1.3275210183139046e-15,-3.071760848784669e-18,1.0974424202919647e-14,-1.2817400894350244e-05,0.225,-1.68596228229217e-14,0.23999854732221,0.225,0.0,0.23999999999999996,0.0,129.88423029761216,1.2281685183892563e-14,True,True,False
7.28,1.4223365484566932e-06,0.0,6.036204840215121e-06,1.3309962541489147e-15,-3.071760848784669e-18,1.0974424202919647e-14,-1.2817400894350244e-05,0.225,-1.6954084554683383e-14,0.2399985776634515,0.225,0.0,0.23999999999999996,0.0,129.88423029761216,1.219553429063957e-14,True,True,False
7.285,1.392315741283179e-06,0.0,5.972117835734454e-06,1.3344471166027054e-15,-3.071760848784669e-18,1.0974424202919647e-14,-1.2817400894350244e-05,0.225,-1.7048741591049657e-14,0.23999860768425868,0.225,0.0,0.23999999999999996,0.0,129.88423029761216,1.2109316813519194e-14,True,True,False
7.29,1.3626153702317458e-06,0.0,5.908030831253789e-06,1.3378735874028568e-15,-3.071760848784669e-18,1.0974424202919647e-14,-1.2817400894350244e-05,0.225,-1.714359203412579e-14,0.23999863738462973,0.225,0.0,0.23999999999999996,0.0,129.88423029761216,1.2023034120969165e-14,True,True,False
7.295,1.3332354335260366e-06,0.0,5.8439438267731255e-06,1.341275648641578e-15,-3.071760848784669e-18,1.0974424202919647e-14,-1.2817400894350244e-05,0.225,-1.7238633981594484e-14,0.23999866676456644,0.225,0.0,0.23999999999999996,0.0,129.88423029761216,1.1936687580577149e-14,True,True,False
7.3,1.3041759311660517e-06,0.0,5.779856822292462e-06,1.3446532827599988e-15,-3.57228513877719e-18,1.1265959493718502e-14,-1.2404443291027304e-05,0.225,-1.73338655267498e-14,0.2399986958240688,0.225,0.0,0.23999999999999996,0.0,129.8842357651708,1.2162117999252143e-14,True,True,False
7.305,1.2754317028351727e-06,0.0,5.7178346058220546e-06,1.3480947105320405e-15,-3.57228513877719e-18,1.1265959493718502e-14,-1.2404443291027304e-05,0.225,-1.7429285236533534e-14,0.23999872456829713,0.225,0.0,0.23999999999999996,0.0,129.8842357651708,1.2075228892035641e-14,True,True,False
7.3100000000000005,1.2469975855522455e-06,0.0,5.655812389351648e-06,1.3515115584989183e-15,-3.57228513877719e-18,1.1265959493718502e-14,-1.2404443291027304e-05,0.225,-1.752489167288031e-14,0.2399987530024144,0.225,0.0,0.23999999999999996,0.0,129.8842357651708,1.1988275967846653e-14,True,True,False
7.315,1.2188735793172702e-06,0.0,5.593790172881241e-06,1.3549038089125242e-15,-3.57228513877719e-18,1.1265959493718502e-14,-1.2404443291027304e-05,0.225,-1.762068291468496e-14,0.23999878112642065,0.225,0.0,0.23999999999999996,0.0,129.8842357651708,1.1901260602364833e-14,True,True,False
7.32,1.191059684130247e-06,0.0,5.531767956410837e-06,1.3582714443253242e-15,-3.57228513877719e-18,1.1265959493718502e-14,-1.2404443291027304e-05,0.225,-1.7716657036470048e-14,0.23999880894031583,0.225,0.0,0.23999999999999996,0.0,129.8842357651708,1.1814184170368986e-14,True,True,False
7.325,1.1635558991029973e-06,0.0,5.469745739940432e-06,1.3616144475817331e-15,-3.57228513877719e-18,1.1265959493718502e-14,-1.2404443291027304e-05,0.225,-1.781281210842018e-14,0.23999883644410086,0.225,0.0,0.23999999999999996,0.0,129.8842357651708,1.17270480457178e-14,True,True,False
7.33,1.136362226011878e-06,0.0,5.407723523470028e-06,1.3649328018115334e-15,-3.57228513877719e-18,1.1265959493718502e-14,-1.2404443291027304e-05,0.225,-1.790914619641651e-14,0.23999886363777395,0.225,0.0,0.23999999999999996,0.0,129.8842357651708,1.1639853601330726e-14,True,True,False
7.335,1.1094786639687106e-06,0.0,5.345701306999625e-06,1.3682264904254427e-15,-3.57228513877719e-18,1.1265959493718502e-14,-1.2404443291027304e-05,0.225,-1.800565736207103e-14,0.239998890521336,0.225,0.0,0.23999999999999996,0.0,129.8842357651708,1.1552602209168811e-14,True,True,False
7.34,1.0829052129734953e-06,0.0,5.28367909052922e-06,1.3714954971128751e-15,-3.57228513877719e-18,1.1265959493718502e-14,-1.2404443291027304e-05,0.225,-1.8102343662761153e-14,0.239998917094787,0.225,0.0,0.23999999999999996,0.0,129.8842357651708,1.146529524021561e-14,True,True,False
7.345,1.0566418739144103e-06,0.0,5.221656874058816e-06,1.3747398058419003e-15,-3.57228513877719e-18,1.1265959493718502e-14,-1.2404443291027304e-05,0.225,-1.8199203151664125e-14,0.23999894335812605,0.225,0.0,0.23999999999999996,0.0,129.8842357651708,1.1377934064458157e-14,True,True,False
7.3500000000000005,1.030688645015099e-06,0.0,5.159634657588413e-06,1.377959400861353e-15,-3.5951488858729654e-18,1.154119495810614e-14,-1.1874589431468852e-05,0.225,-1.8296233877791506e-14,0.23999896931135495,0.225,0.0,0.23999999999999996,0.0,129.88424278043593,1.1584924253252882e-14,True,True,False
7.355,1.0050389040172638e-06,0.0,5.100261710420097e-06,1.381237571189854e-15,-3.5951488858729654e-18,1.154119495810614e-14,-1.1874589431468852e-05,0.225,-1.8393434337300813e-14,0.23999899496109595,0.225,0.0,0.23999999999999996,0.0,129.88424278043593,1.1497063224390764e-14,True,True,False
7.36,9.796860277744292e-07,0.0,5.0408887632517825e-06,1.3844908852314388e-15,-3.5951488858729654e-18,1.154119495810614e-14,-1.1874589431468852e-05,0.225,-1.849080302160431e-14,0.2399990203139722,0.225,0.0,0.23999999999999996,0.0,129.88424278043593,1.1409148253282228e-14,True,True,False
7.365,9.546300162865953e-07,0.0,4.981515816083466e-06,1.387719327022759e-15,-3.5951488858729654e-18,1.154119495810614e-14,-1.1874589431468852e-05,0.225,-1.858833796606545e-14,0.23999904536998368,0.225,0.0,0.23999999999999996,0.0,129.88424278043593,1.1321180716768743e-14,True,True,False
7.37,9.298708695537617e-07,0.0,4.922142868915152e-06,1.3909228809120644e-15,-3.5951488858729654e-18,1.154119495810614e-14,-1.1874589431468852e-05,0.225,-1.8686037201906343e-14,0.2399990701291304,0.225,0.0,0.23999999999999996,0.0,129.88424278043593,1.1233161990642758e-14,True,True,False
7.375,9.054085875759289e-07,0.0,4.862769921746836e-06,1.394101531568353e-15,-3.5951488858729654e-18,1.154119495810614e-14,-1.1874589431468852e-05,0.225,-1.878389875624874e-14,0.2399990945914124,0.225,0.0,0.23999999999999996,0.0,129.88424278043593,1.1145093449628661e-14,True,True,False
7.38,8.812431703530967e-07,0.0,4.803396974578519e-06,1.3972552639981952e-15,-3.5951488858729654e-18,1.154119495810614e-14,-1.1874589431468852e-05,0.225,-1.8881920652143323e-14,0.2399991187568296,0.225,0.0,0.23999999999999996,0.0,129.88424278043593,1.1056976467363774e-14,True,True,False
7.385,8.57374617885265e-07,0.0,4.744024027410201e-06,1.4003840635535996e-15,-3.5951488858729654e-18,1.154119495810614e-14,-1.1874589431468852e-05,0.225,-1.8980100908596336e-14,0.23999914262538208,0.225,0.0,0.23999999999999996,0.0,129.88424278043593,1.096881241637943e-14,True,True,False
7.390000000000001,8.338029301724339e-07,0.0,4.684651080241884e-06,1.4034879159468846e-15,-3.5951488858729654e-18,1.154119495810614e-14,-1.1874589431468852e-05,0.225,-1.9078437540611995e-14,0.2399991661970698,0.225,0.0,0.23999999999999996,0.0,129.88424278043593,1.0880602668082052e-14,True,True,False
7.3950000000000005,8.105281072146033e-07,0.0,4.625278133073565e-06,1.4065668072642413e-15,-3.5951488858729654e-18,1.154119495810614e-14,-1.1874589431468852e-05,0.225,-1.9176928559226996e-14,0.23999918947189275,0.225,0.0,0.23999999999999996,0.0,129.88424278043593,1.0792348592734282e-14,True,True,False
7.4,7.875501490117734e-07,0.0,4.565905185905245e-06,1.4096207239793143e-15,-3.118777470837088e-18,1.1799453842017071e-14,-1.1255367256597719e-05,0.225,-1.9275571971545342e-14,0.23999921244985095,0.225,0.0,0.23999999999999996,0.0,129.8842509789375,1.0980296663666239e-14,True,True,False
7.405,7.648613150890163e-07,0.0,4.50962834960377e-06,1.4127278191006552e-15,-3.118777470837088e-18,1.1799453842017071e-14,-1.1255367256597719e-05,0.225,-1.9374366204215515e-14,0.23999923513868487,0.225,0.0,0.23999999999999996,0.0,129.8842509789375,1.0891586892531055e-14,True,True,False
7.41,7.424538649714044e-07,0.0,4.453351513302295e-06,1.4158098087458023e-15,-3.118777470837088e-18,1.1799453842017071e-14,-1.1255367256597719e-05,0.225,-1.947330967941443e-14,0.239999257546135,0.225,0.0,0.23999999999999996,0.0,129.8842509789375,1.080283329565591e-14,True,True,False
7.415,7.203277995471161e-07,0.0,4.397074677000818e-06,1.4188666796118238e-15,-3.118777470837088e-18,1.1799453842017071e-14,-1.1255367256597719e-05,0.225,-1.95724003913824e-14,0.23999927967220042,0.225,0.0,0.23999999999999996,0.0,129.8842509789375,1.0714037248890576e-14,True,True,False
7.42,6.98483117927973e-07,0.0,4.34079784069934e-06,1.42189841883633e-15,-3.118777470837088e-18,1.1799453842017071e-14,-1.1255367256597719e-05,0.225,-1.9671636330459688e-14,0.23999930151688204,0.225,0.0,0.23999999999999996,0.0,129.8842509789375,1.0625200126886905e-14,True,True,False
7.425,6.769198210021535e-07,0.0,4.284521004397861e-06,1.4249050140071342e-15,-3.118777470837088e-18,1.1799453842017071e-14,-1.1255367256597719e-05,0.225,-1.977101548312146e-14,0.23999932308017896,0.225,0.0,0.23999999999999996,0.0,129.8842509789375,1.0536323303080067e-14,True,True,False
7.43,6.556379078814792e-07,0.0,4.228244168096382e-06,1.427886453170617e-15,-3.118777470837088e-18,1.1799453842017071e-14,-1.1255367256597719e-05,0.225,-1.9870535832012802e-14,0.23999934436209208,0.225,0.0,0.23999999999999996,0.0,129.8842509789375,1.044740814966975e-14,True,True,False
7.4350000000000005,6.346373785659501e-07,0.0,4.171967331794901e-06,1.4308427248387124e-15,-3.118777470837088e-18,1.1799453842017071e-14,-1.1255367256597719e-05,0.225,-1.9970195355983788e-14,0.2399993653626214,0.225,0.0,0.23999999999999996,0.0,129.8842509789375,1.035845603760144e-14,True,True,False
7.44,6.139182339437447e-07,0.0,4.115690495493419e-06,1.4337738179944759e-15,-3.118777470837088e-18,1.1799453842017071e-14,-1.1255367256597719e-05,0.225,-2.006999203012452e-14,0.23999938608176602,0.225,0.0,0.23999999999999996,0.0,129.8842509789375,1.0269468336547715e-14,True,True,False
7.445,5.934804740148628e-07,0.0,4.059413659191936e-06,1.436679722096209e-15,-3.118777470837088e-18,1.1799453842017071e-14,-1.1255367256597719e-05,0.225,-2.016992382580017e-14,0.23999940651952595,0.225,0.0,0.23999999999999996,0.0,129.8842509789375,1.0180446414889629e-14,True,True,False
7.45,5.733240970029478e-07,0.0,4.003136822890452e-06,1.4395604270801617e-15,-2.2077849961875103e-18,1.2040076259206894e-14,-1.0571034298098896e-05,0.225,-2.0269988710686096e-14,0.23999942667590296,0.225,0.0,0.23999999999999996,0.0,129.88426003950588,1.0348771828106982e-14,True,True,False
7.455,5.534405515261745e-07,0.0,3.9502816513827e-06,1.442488751458472e-15,-2.2077849961875103e-18,1.2040076259206894e-14,-1.0571034298098896e-05,0.225,-2.037018504332821e-14,0.23999944655944844,0.225,0.0,0.23999999999999996,0.0,129.88426003950588,1.0259339763187404e-14,True,True,False
7.46,5.338212808736479e-07,0.0,3.897426479874945e-06,1.4453917601678024e-15,-2.2077849961875103e-18,1.2040076259206894e-14,-1.0571034298098896e-05,0.225,-2.0470511178085728e-14,0.2399994661787191,0.225,0.0,0.23999999999999996,0.0,129.88426003950588,1.0169874218456316e-14,True,True,False
7.465,5.144662859335462e-07,0.0,3.8445713083671914e-06,1.4482694436370226e-15,-2.2077849961875103e-18,1.2040076259206894e-14,-1.0571034298098896e-05,0.225,-2.057096507058754e-14,0.23999948553371403,0.225,0.0,0.23999999999999996,0.0,129.88426003950588,1.0080376566586285e-14,True,True,False
7.47,4.953755675940479e-07,0.0,3.7917161368594345e-06,1.451121792774024e-15,-2.2077849961875103e-18,1.2040076259206894e-14,-1.0571034298098896e-05,0.225,-2.0671544672813545e-14,0.23999950462443237,0.225,0.0,0.23999999999999996,0.0,129.88426003950588,9.990848178902662e-15,True,True,False
7.4750000000000005,4.765491249669744e-07,0.0,3.738860965351675e-06,1.4539487989613139e-15,-2.2077849961875103e-18,1.2040076259206894e-14,-1.0571034298098896e-05,0.225,-2.0772247933130008e-14,0.239999523450875,0.225,0.0,0.23999999999999996,0.0,129.88426003950588,9.901290425365023e-15,True,True,False
7.48,4.5798695805232595e-07,0.0,3.6860057938439147e-06,1.4567504540506717e-15,-2.2077849961875103e-18,1.2040076259206894e-14,-1.0571034298098896e-05,0.225,-2.0873072796324823e-14,0.2399995420130419,0.225,0.0,0.23999999999999996,0.0,129.88426003950588,9.81170467454863e-15,True,True,False
7.485,4.3968906685010237e-07,0.0,3.6331506223361535e-06,1.459526750357059e-15,-2.2077849961875103e-18,1.2040076259206894e-14,-1.0571034298098896e-05,0.225,-2.0974017203642645e-14,0.2399995603109331,0.225,0.0,0.23999999999999996,0.0,129.88426003950588,9.722092293625962e-15,True,True,False
7.49,4.216554522484822e-07,0.0,3.580295450828391e-06,1.4622776806519683e-15,-2.2077849961875103e-18,1.2040076259206894e-14,-1.0571034298098896e-05,0.225,-2.107507909282032e-14,0.23999957834454771,0.225,0.0,0.23999999999999996,0.0,129.88426003950588,9.632454648348293e-15,True,True,False
7.495,4.038861124711085e-07,0.0,3.5274402793206282e-06,1.4650032381563977e-15,-2.2077849961875103e-18,1.2040076259206894e-14,-1.0571034298098896e-05,0.225,-2.117625639812208e-14,0.2399995961138875,0.225,0.0,0.23999999999999996,0.0,129.88426003950588,9.542793103027284e-15,True,True,False
7.5,3.8638104929433817e-07,0.0,3.4745851078128632e-06,1.4677034165335881e-15,-1.0476134643050695e-18,1.2262420511032355e-14,-9.842761581578996e-06,0.225,-2.127754705037482e-14,0.23999961361895067,0.225,0.0,0.23999999999999996,0.0,129.88426968183666,9.69093792919889e-15,True,True,False
7.505,3.691311588893693e-07,0.0,3.4253712998930633e-06,1.4704455057749392e-15,-1.0476134643050695e-18,1.2262420511032355e-14,-9.842761581578996e-06,0.225,-2.137894934155942e-14,0.23999963086884107,0.225,0.0,0.23999999999999996,0.0,129.88426968183666,9.600913136968854e-15,True,True,False
7.51,3.5212733653922143e-07,0.0,3.376157491973262e-06,1.473162114090262e-15,-1.0476134643050695e-18,1.2262420511032355e-14,-9.842761581578996e-06,0.225,-2.1480461559766083e-14,0.23999964787266342,0.225,0.0,0.23999999999999996,0.0,129.88426968183666,9.510865427356536e-15,True,True,False
7.515000000000001,3.353695831320731e-07,0.0,3.3269436840534604e-06,1.4758532355549606e-15,-1.0476134643050695e-18,1.2262420511032355e-14,-9.842761581578996e-06,0.225,-2.1582081624624267e-14,0.23999966463041683,0.225,0.0,0.23999999999999996,0.0,129.88426968183666,9.420796167642908e-15,True,True,False
7.5200000000000005,3.1885790044428116e-07,0.0,3.2777298761336575e-06,1.4785188646609198e-15,-1.0476134643050695e-18,1.2262420511032355e-14,-9.842761581578996e-06,0.225,-2.1683807452375392e-14,0.23999968114209952,0.225,0.0,0.23999999999999996,0.0,129.88426968183666,9.330706723612169e-15,True,True,False
7.525,3.0259228492313185e-07,0.0,3.2285160682138537e-06,1.4811589963087879e-15,-1.0476134643050695e-18,1.2262420511032355e-14,-9.842761581578996e-06,0.225,-2.1785636955908356e-14,0.23999969740771504,0.225,0.0,0.23999999999999996,0.0,129.88426968183666,9.240598459533461e-15,True,True,False
7.53,2.8657273923316047e-07,0.0,3.179302260294049e-06,1.483773625800697e-15,-1.0476134643050695e-18,1.2262420511032355e-14,-9.842761581578996e-06,0.225,-2.188756804479487e-14,0.23999971342726073,0.225,0.0,0.23999999999999996,0.0,129.88426968183666,9.15047273814261e-15,True,True,False
7.535,2.707992624861886e-07,0.0,3.1300884523742437e-06,1.4863627488335235e-15,-1.0476134643050695e-18,1.2262420511032355e-14,-9.842761581578996e-06,0.225,-2.1989598625324965e-14,0.23999972920073748,0.225,0.0,0.23999999999999996,0.0,129.88426968183666,9.060330920623954e-15,True,True,False
7.54,2.552718546822162e-07,0.0,3.0808746444544378e-06,1.4889263614927652e-15,-1.0476134643050695e-18,1.2262420511032355e-14,-9.842761581578996e-06,0.225,-2.209172660054236e-14,0.23999974472814528,0.225,0.0,0.23999999999999996,0.0,129.88426968183666,8.970174366592176e-15,True,True,False
7.545,2.399905158212433e-07,0.0,3.031660836534631e-06,1.4914644602470716e-15,-1.0476134643050695e-18,1.2262420511032355e-14,-9.842761581578996e-06,0.225,-2.2193949870280047e-14,0.23999976000948414,0.225,0.0,0.23999999999999996,0.0,129.88426968183666,8.880004434074225e-15,True,True,False
7.55,2.249552467914484e-07,0.0,2.982447028614823e-06,1.4939770419431326e-15,7.300695285726012e-20,1.2465864396645667e-14,-9.088833119403198e-06,0.225,-2.2296266331194984e-14,0.23999977504475317,0.225,0.0,0.23999999999999996,0.0,129.8842796638495,9.00743459923188e-15,True,True,False
7.555,2.101566213552631e-07,0.0,2.9370028630066453e-06,1.4965256792046175e-15,7.300695285726012e-20,1.2465864396645667e-14,-9.088833119403198e-06,0.225,-2.2398674210363067e-14,0.2399997898433786,0.225,0.0,0.23999999999999996,0.0,129.8842796638495,8.91694960564528e-15,True,True,False
7.5600000000000005,1.9558521771601128e-07,0.0,2.891558697398466e-06,1.499048711489886e-15,7.300695285726012e-20,1.2465864396645667e-14,-9.088833119403198e-06,0.225,-2.2501171731282777e-14,0.23999980441478225,0.225,0.0,0.23999999999999996,0.0,129.8842796638495,8.826452460134343e-15,True,True,False
7.565,1.8124103498551454e-07,0.0,2.8461145317902864e-06,1.5015461359605464e-15,7.300695285726012e-20,1.2465864396645667e-14,-9.088833119403198e-06,0.225,-2.260375678029438e-14,0.23999981875896498,0.225,0.0,0.23999999999999996,0.0,129.8842796638495,8.735944522348228e-15,True,True,False
7.57,1.6712407227559443e-07,0.0,2.800670366182107e-06,1.5040179501457126e-15,7.300695285726012e-20,1.2465864396645667e-14,-9.088833119403198e-06,0.225,-2.2706427240620488e-14,0.2399998328759277,0.225,0.0,0.23999999999999996,0.0,129.8842796638495,8.645427150289747e-15,True,True,False
7.575,1.532343313626078e-07,0.0,2.7552262005739263e-06,1.5064641519391277e-15,7.300695285726012e-20,1.2465864396645667e-14,-9.088833119403198e-06,0.225,-2.2809180992401665e-14,0.2399998467656686,0.225,0.0,0.23999999999999996,0.0,129.8842796638495,8.554901700297396e-15,True,True,False
7.58,1.3957181047019784e-07,0.0,2.7097820349657447e-06,1.5088847395967991e-15,7.300695285726012e-20,1.2465864396645667e-14,-9.088833119403198e-06,0.225,-2.2912015912731915e-14,0.2399998604281895,0.225,0.0,0.23999999999999996,0.0,129.8842796638495,8.46436952702742e-15,True,True,False
7.585,1.2613651048654296e-07,0.0,2.6643378693575636e-06,1.5112797117351051e-15,7.300695285726012e-20,1.2465864396645667e-14,-9.088833119403198e-06,0.225,-2.301492987569434e-14,0.23999987386348948,0.225,0.0,0.23999999999999996,0.0,129.8842796638495,8.373831983435956e-15,True,True,False
7.59,1.1292843229982156e-07,0.0,2.6188937037493816e-06,1.51364906732933e-15,7.300695285726012e-20,1.2465864396645667e-14,-9.088833119403198e-06,0.225,-2.311792075239658e-14,0.23999988707156766,0.225,0.0,0.23999999999999996,0.0,129.8842796638495,8.283290420761184e-15,True,True,False
7.595,9.994757413367687e-08,0.0,2.5734495381411993e-06,1.5159928057125687e-15,7.300695285726012e-20,1.2465864396645667e-14,-9.088833119403198e-06,0.225,-2.322098641100653e-14,0.23999990005242583,0.225,0.0,0.23999999999999996,0.0,129.8842796638495,8.192746188505573e-15,True,True,False
7.6000000000000005,8.719393687628731e-08,0.0,2.528005372533016e-06,1.5183109265749228e-15,8.492119029102742e-19,1.2649806491479957e-14,-8.324855182607851e-06,0.225,-2.3324124716787718e-14,0.2399999128060631,0.225,0.0,0.23999999999999996,0.0,129.88428977891738,8.298952677805787e-15,True,True,False
7.605,7.465797083328431e-08,0.0,2.4863810966076793e-06,1.5206591028460245e-15,8.492119029102742e-19,1.2649806491479957e-14,-8.324855182607851e-06,0.225,-2.3427333833725506e-14,0.23999992534202913,0.225,0.0,0.23999999999999996,0.0,129.88428977891738,8.208142802585538e-15,True,True,False
7.61,6.233012542212091e-08,0.0,2.4447568206823405e-06,1.5229815872478894e-15,8.492119029102742e-19,1.2649806491479957e-14,-8.324855182607851e-06,0.225,-2.353061192253852e-14,0.23999993766987454,0.225,0.0,0.23999999999999996,0.0,129.88428977891738,8.11733172991801e-15,True,True,False
7.615,5.02104024191541e-08,0.0,2.403132544757002e-06,1.525278379814744e-15,8.492119029102742e-19,1.2649806491479957e-14,-8.324855182607851e-06,0.225,-2.3633956839083035e-14,0.23999994978959754,0.225,0.0,0.23999999999999996,0.0,129.88428977891738,8.026520809557654e-15,True,True,False
7.62,3.829880004802735e-08,0.0,2.361508268831663e-06,1.527549480937874e-15,8.492119029102742e-19,1.2649806491479957e-14,-8.324855182607851e-06,0.225,-2.373736643637724e-14,0.23999996170119992,0.225,0.0,0.23999999999999996,0.0,129.88428977891738,7.935711389463238e-15,True,True,False
7.625,2.6595320085098376e-08,0.0,2.3198839929063244e-06,1.5297948913648034e-15,8.492119029102742e-19,1.2649806491479957e-14,-8.324855182607851e-06,0.225,-2.3840838564636874e-14,0.23999997340467988,0.225,0.0,0.23999999999999996,0.0,129.88428977891738,7.844904815780228e-15,True,True,False
7.63,1.5099960754013764e-08,0.0,2.2782597169809855e-06,1.5320146121984837e-15,8.492119029102742e-19,1.2649806491479957e-14,-8.324855182607851e-06,0.225,-2.3944371071310832e-14,0.2399999849000392,0.225,0.0,0.23999999999999996,0.0,129.88428977891738,7.754102432823208e-15,True,True,False
7.635,3.812722942995517e-09,0.0,2.2366354410556454e-06,1.5342086448964584e-15,8.492119029102742e-19,1.2649806491479957e-14,-8.324855182607851e-06,0.225,-2.4047961801116844e-14,0.23999999618727702,0.225,0.0,0.23999999999999996,0.0,129.88428977891738,7.663305583058362e-15,True,True,False
7.640000000000001,7.266394236356168e-09,0.0,2.195011165130306e-06,1.536376991269982e-15,8.492119029102742e-19,1.2649806491479957e-14,-8.324855182607851e-06,0.225,-2.4151608596077062e-14,0.2400000072663942,0.225,0.0,0.23999999999999996,0.0,129.88428977891738,7.572515607085995e-15,True,True,False
7.6450000000000005,1.8137389007371728e-08,0.0,2.1533868892049656e-06,1.538519653483186e-15,8.492119029102742e-19,1.2649806491479957e-14,-8.324855182607851e-06,0.225,-2.4255309295555098e-14,0.24000001813738897,0.225,0.0,0.23999999999999996,0.0,129.88428977891738,7.481733843623096e-15,True,True,False
7.65,2.8800263146565894e-08,0.0,2.1117626132796255e-06,1.5406366340517061e-15,1.080853755580449e-18,1.2813667455910997e-14,-7.563970725358022e-06,0.225,-2.4359061736295643e-14,0.2400000288002631,0.225,0.0,0.23999999999999996,0.0,129.88429985302758,7.566233930398748e-15,True,True,False
7.655,3.926452638026363e-08,0.0,2.0739427596380347e-06,1.5427775308451732e-15,1.080853755580449e-18,1.2813667455910997e-14,-7.563970725358022e-06,0.225,-2.4462864021113142e-14,0.24000003926452634,0.225,0.0,0.23999999999999996,0.0,129.88429985302758,7.475237114213509e-15,True,True,False
7.66,4.953969021115943e-08,0.0,2.036122905996443e-06,1.5448926854442617e-15,1.080853755580449e-18,1.2813667455910997e-14,-7.563970725358022e-06,0.225,-2.456671424988229e-14,0.24000004953969017,0.225,0.0,0.23999999999999996,0.0,129.88429985302758,7.384250229543681e-15,True,True,False
7.665,5.96257555274311e-08,0.0,1.9983030523548526e-06,1.5469821007653688e-15,1.080853755580449e-18,1.2813667455910997e-14,-7.563970725358022e-06,0.225,-2.4670610250872767e-14,0.2400000596257555,0.225,0.0,0.23999999999999996,0.0,129.88429985302758,7.293274613966738e-15,True,True,False
7.67,6.952272144089996e-08,0.0,1.960483198713261e-06,1.549045780072921e-15,1.080853755580449e-18,1.2813667455910997e-14,-7.563970725358022e-06,0.225,-2.477454984980461e-14,0.2400000695227214,0.225,0.0,0.23999999999999996,0.0,129.88429985302758,7.202311603115618e-15,True,True,False
7.675,7.92305870633875e-08,0.0,1.92266334507167e-06,1.5510837269777103e-15,1.080853755580449e-18,1.2813667455910997e-14,-7.563970725358022e-06,0.225,-2.4878530869883834e-14,0.24000007923058703,0.225,0.0,0.23999999999999996,0.0,129.88429985302758,7.111362530661474e-15,True,True,False
7.68,8.874935417125048e-08,0.0,1.8848434914300791e-06,1.5530959454351872e-15,1.080853755580449e-18,1.2813667455910997e-14,-7.563970725358022e-06,0.225,-2.4982551131838094e-14,0.24000008874935413,0.225,0.0,0.23999999999999996,0.0,129.88429985302758,7.020428728296491e-15,True,True,False
7.6850000000000005,9.807902187631045e-08,0.0,1.8470236377884887e-06,1.555082439743755e-15,1.080853755580449e-18,1.2813667455910997e-14,-7.563970725358022e-06,0.225,-2.5086608453952367e-14,0.24000009807902184,0.225,0.0,0.23999999999999996,0.0,129.88429985302758,6.929511525716722e-15,True,True,False
7.69,1.0721959106674579e-07,0.0,1.8092037841468987e-06,1.5570432145430868e-15,1.080853755580449e-18,1.2813667455910997e-14,-7.563970725358022e-06,0.225,-2.519070065210452e-14,0.24000010721959103,0.225,0.0,0.23999999999999996,0.0,129.88429985302758,6.838612250605034e-15,True,True,False
7.695,1.1617105996619969e-07,0.0,1.7713839305053086e-06,1.5589782748125178e-15,1.080853755580449e-18,1.2813667455910997e-14,-7.563970725358022e-06,0.225,-2.5294825539801003e-14,0.24000011617105993,0.225,0.0,0.23999999999999996,0.0,129.88429985302758,6.7477322286140464e-15,True,True,False
7.7,1.249334303510289e-07,0.0,1.7335640768637186e-06,1.5608876258695567e-15,7.604142945132891e-19,1.2956891272010933e-14,-6.817074851129173e-06,0.225,-2.5398980928212384e-14,0.24000012493343031,0.225,0.0,0.23999999999999996,0.0,129.88430974192897,6.8100706196116924e-15,True,True,False
7.705,1.3351603697642455e-07,0.0,1.6994787025984208e-06,1.5628146221896162e-15,7.604142945132891e-19,1.2956891272010933e-14,-6.817074851129173e-06,0.225,-2.550316486103662e-14,0.24000013351603694,0.225,0.0,0.23999999999999996,0.0,129.88430974192897,6.719027244384617e-15,True,True,False
7.71,1.4192821726211288e-07,0.0,1.6653933283331234e-06,1.5647158626986792e-15,7.604142945132891e-19,1.2956891272010933e-14,-6.817074851129173e-06,0.225,-2.5607375379369476e-14,0.24000014192821723,0.225,0.0,0.23999999999999996,0.0,129.88430974192897,6.628005089079578e-15,True,True,False
7.715,1.501699703199155e-07,0.0,1.6313079540678266e-06,1.5665913531558375e-15,7.604142945132891e-19,1.2956891272010933e-14,-6.817074851129173e-06,0.225,-2.571161028688072e-14,0.24000015016997028,0.225,0.0,0.23999999999999996,0.0,129.88430974192897,6.537005476798764e-15,True,True,False
7.72,1.5824129703801083e-07,0.0,1.5972225798025298e-06,1.5684410996563869e-15,7.604142945132891e-19,1.2956891272010933e-14,-6.817074851129173e-06,0.225,-2.581586738498741e-14,0.240000158241297,0.225,0.0,0.23999999999999996,0.0,129.88430974192897,6.446029728551696e-15,True,True,False
7.7250000000000005,1.6614219564004197e-07,0.0,1.5631372055372333e-06,1.5702651086315909e-15,7.604142945132891e-19,1.2956891272010933e-14,-6.817074851129173e-06,0.225,-2.59201444728896e-14,0.2400001661421956,0.225,0.0,0.23999999999999996,0.0,129.88430974192897,6.355079163238389e-15,True,True,False
7.73,1.7387266879054424e-07,0.0,1.529051831271937e-06,1.5720633868487822e-15,7.604142945132891e-19,1.2956891272010933e-14,-6.817074851129173e-06,0.225,-2.6024439347605842e-14,0.24000017387266875,0.225,0.0,0.23999999999999996,0.0,129.88430974192897,6.264155097632576e-15,True,True,False
7.735,1.814327147131608e-07,0.0,1.4949664570066408e-06,1.5738359414118491e-15,7.604142945132891e-19,1.2956891272010933e-14,-6.817074851129173e-06,0.225,-2.612874980400883e-14,0.24000018143271468,0.225,0.0,0.23999999999999996,0.0,129.88430974192897,6.173258846364982e-15,True,True,False
7.74,1.888223334078916e-07,0.0,1.460881082741346e-06,1.5755827797621444e-15,7.604142945132891e-19,1.2956891272010933e-14,-6.817074851129173e-06,0.225,-2.6233073634861042e-14,0.24000018882233337,0.225,0.0,0.23999999999999996,0.0,129.88430974192897,6.082391721906659e-15,True,True,False
7.745,1.960415248747367e-07,0.0,1.4267957084760509e-06,1.577303909679855e-15,7.604142945132891e-19,1.2956891272010933e-14,-6.817074851129173e-06,0.225,-2.633740863085025e-14,0.24000019604152484,0.225,0.0,0.23999999999999996,0.0,129.88430974192897,5.9915550345523624e-15,True,True,False
7.75,2.0309029000187445e-07,0.0,1.3927103342107564e-06,1.5789993392858584e-15,7.376231126479515e-20,1.307894648245696e-14,-6.093027909748883e-06,0.225,-2.64417525806251e-14,0.24000020309028997,0.225,0.0,0.23999999999999996,0.0,129.88431932831045,6.031305010829344e-15,True,True,False
7.755,2.0997767932740166e-07,0.0,1.362245194643586e-06,1.5807060188215092e-15,7.376231126479515e-20,1.307894648245696e-14,-6.093027909748883e-06,0.225,-2.6546103470949612e-14,0.2400002099776793,0.225,0.0,0.23999999999999996,0.0,129.88431932831045,5.940357713335285e-15,True,True,False
7.76,2.1671274161305818e-07,0.0,1.3317800550764162e-06,1.5823869656798486e-15,7.376231126479515e-20,1.307894648245696e-14,-6.093027909748883e-06,0.225,-2.66504592863321e-14,0.24000021671274158,0.225,0.0,0.23999999999999996,0.0,129.88431932831045,5.8494430680802006e-15,True,True,False
7.765000000000001,2.2329547952337928e-07,0.0,1.3013149155092472e-06,1.5840421885391203e-15,7.376231126479515e-20,1.307894648245696e-14,-6.093027909748883e-06,0.225,-2.6754817808914564e-14,0.2400002232954795,0.225,0.0,0.23999999999999996,0.0,129.88431932831045,5.758562381380105e-15,True,True,False
7.7700000000000005,2.2972589128200816e-07,0.0,1.2708497759420785e-06,1.5856716964327578e-15,7.376231126479515e-20,1.307894648245696e-14,-6.093027909748883e-06,0.225,-2.685917681889155e-14,0.24000022972589125,0.225,0.0,0.23999999999999996,0.0,129.88431932831045,5.6677169573111584e-15,True,True,False
7.775,2.360039768889448e-07,0.0,1.2403846363749107e-06,1.5872754987534233e-15,7.376231126479515e-20,1.307894648245696e-14,-6.093027909748883e-06,0.225,-2.6963534094545614e-14,0.24000023600397685,0.225,0.0,0.23999999999999996,0.0,129.88431932831045,5.576908097693296e-15,True,True,False
7.78,2.421297372323676e-07,0.0,1.2099194968077438e-06,1.5888536052573618e-15,7.376231126479515e-20,1.307894648245696e-14,-6.093027909748883e-06,0.225,-2.706788741228288e-14,0.2400002421297372,0.225,0.0,0.23999999999999996,0.0,129.88431932831045,5.486137102073903e-15,True,True,False
7.785,2.4810317231227656e-07,0.0,1.179454357240578e-06,1.5904060260690476e-15,7.376231126479515e-20,1.307894648245696e-14,-6.093027909748883e-06,0.225,-2.71722345466685e-14,0.24000024810317228,0.225,0.0,0.23999999999999996,0.0,129.88431932831045,5.395405267711529e-15,True,True,False
7.79,2.539242812404933e-07,0.0,1.1489892176734125e-06,1.5919327716860726e-15,7.376231126479515e-20,1.307894648245696e-14,-6.093027909748883e-06,0.225,-2.727657327046221e-14,0.2400002539242812,0.225,0.0,0.23999999999999996,0.0,129.88431932831045,5.304713889559672e-15,True,True,False
7.795,2.5959306401701775e-07,0.0,1.1185240781062479e-06,1.5934338529842315e-15,7.376231126479515e-20,1.307894648245696e-14,-6.093027909748883e-06,0.225,-2.738090135465373e-14,0.24000025959306398,0.225,0.0,0.23999999999999996,0.0,129.88431932831045,5.214064260250635e-15,True,True,False
7.8,2.651095215300284e-07,0.0,1.0880589385390843e-06,1.5949092812227435e-15,-6.867910252303184e-19,1.3179327437703599e-14,-5.398863414066956e-06,0.225,-2.748521656849824e-14,0.2400002651095215,0.225,0.0,0.23999999999999996,0.0,129.8843285190484,5.230828820420325e-15,True,True,False
7.805000000000001,2.704823303945073e-07,0.0,1.0610646214626985e-06,1.596389449745575e-15,-6.867910252303184e-19,1.3179327437703599e-14,-5.398863414066956e-06,0.225,-2.7589516844130246e-14,0.24000027048233036,0.225,0.0,0.23999999999999996,0.0,129.8843285190484,5.140122299326446e-15,True,True,False
7.8100000000000005,2.757201681136148e-07,0.0,1.0340703043863138e-06,1.597843948071798e-15,-6.867910252303184e-19,1.3179327437703599e-14,-5.398863414066956e-06,0.225,-2.7693800111783632e-14,0.24000027572016808,0.225,0.0,0.23999999999999996,0.0,129.8843285190484,5.04945999069032e-15,True,True,False
7.815,2.8082303379917266e-07,0.0,1.00707598730993e-06,1.5992727882484311e-15,-6.867910252303184e-19,1.3179327437703599e-14,-5.398863414066956e-06,0.225,-2.779806413522716e-14,0.24000028082303376,0.225,0.0,0.23999999999999996,0.0,129.8843285190484,4.95884318172176e-15,True,True,False
7.82,2.857909274511808e-07,0.0,9.80081670233547e-07,1.600675982728273e-15,-6.867910252303184e-19,1.3179327437703599e-14,-5.398863414066956e-06,0.225,-2.7902306676595028e-14,0.24000028579092741,0.225,0.0,0.23999999999999996,0.0,129.8843285190484,4.868273157244787e-15,True,True,False
7.825,2.9062385084599595e-07,0.0,9.530873531571654e-07,1.602053544374044e-15,-6.867910252303184e-19,1.3179327437703599e-14,-5.398863414066956e-06,0.225,-2.8006525496422326e-14,0.2400002906238508,0.225,0.0,0.23999999999999996,0.0,129.8843285190484,4.777751199681709e-15,True,True,False
7.83,2.95321801319083e-07,0.0,9.260930360807847e-07,1.6034054864620527e-15,-6.867910252303184e-19,1.3179327437703599e-14,-5.398863414066956e-06,0.225,-2.8110718353680457e-14,0.24000029532180128,0.225,0.0,0.23999999999999996,0.0,129.8843285190484,4.687278589037307e-15,True,True,False
7.835,2.998847806467988e-07,0.0,8.990987190044048e-07,1.6047318226853324e-15,-6.867910252303184e-19,1.3179327437703599e-14,-5.398863414066956e-06,0.225,-2.8214883005812518e-14,0.2400002998847806,0.225,0.0,0.23999999999999996,0.0,129.8843285190484,4.596856602883015e-15,True,True,False
7.84,3.0431278882914325e-07,0.0,8.721044019280262e-07,1.6060325671561871e-15,-6.867910252303184e-19,1.3179327437703599e-14,-5.398863414066956e-06,0.225,-2.831901720876848e-14,0.2400003043127888,0.225,0.0,0.23999999999999996,0.0,129.8843285190484,4.506486516341198e-15,True,True,False
7.845,3.0860582497793797e-07,0.0,8.451100848516486e-07,1.6073077344080825e-15,-6.867910252303184e-19,1.3179327437703599e-14,-5.398863414066956e-06,0.225,-2.8423118717040655e-14,0.24000030860582494,0.225,0.0,0.23999999999999996,0.0,129.8843285190484,4.416169602069477e-15,True,True,False
7.8500000000000005,3.1276388998136134e-07,0.0,8.181157677752721e-07,1.6085573393968424e-15,-1.2425903592197248e-18,1.3257555486775561e-14,-4.739988527101612e-06,0.225,-2.8527185283698894e-14,0.24000031276388994,0.225,0.0,0.23999999999999996,0.0,129.88433724255188,4.409582538901448e-15,True,True,False
7.855,3.1679521902972096e-07,0.0,7.944158251210303e-07,1.6098050742558043e-15,-1.2425903592197248e-18,1.3257555486775561e-14,-4.739988527101612e-06,0.225,-2.8631214788684796e-14,0.240000316795219,0.225,0.0,0.23999999999999996,0.0,129.88433724255188,4.319263355505564e-15,True,True,False
7.86,3.207080482015025e-07,0.0,7.707158824667896e-07,1.6110272462161474e-15,-1.2425903592197248e-18,1.3257555486775561e-14,-4.739988527101612e-06,0.225,-2.8735205110403625e-14,0.24000032070804816,0.225,0.0,0.23999999999999996,0.0,129.88433724255188,4.229000056223177e-15,True,True,False
7.865,3.2450237838488454e-07,0.0,7.4701593981255e-07,1.6122238711935946e-15,-1.2425903592197248e-18,1.3257555486775561e-14,-4.739988527101612e-06,0.225,-2.883915399748305e-14,0.24000032450237835,0.225,0.0,0.23999999999999996,0.0,129.88433724255188,4.138793906832363e-15,True,True,False
7.87,3.281782086916886e-07,0.0,7.233159971583117e-07,1.6133949655243054e-15,-1.2425903592197248e-18,1.3257555486775561e-14,-4.739988527101612e-06,0.225,-2.894305919723687e-14,0.24000032817820866,0.225,0.0,0.23999999999999996,0.0,129.88433724255188,4.048646170580914e-15,True,True,False
7.875,3.317355391219147e-07,0.0,6.996160545040739e-07,1.6145405459616438e-15,-1.2425903592197248e-18,1.3257555486775561e-14,-4.739988527101612e-06,0.225,-2.904691845570012e-14,0.24000033173553909,0.225,0.0,0.23999999999999996,0.0,129.88433724255188,3.958558108170971e-15,True,True,False
7.88,3.3517436967556285e-07,0.0,6.759161118498374e-07,1.6156606296721238e-15,-1.2425903592197248e-18,1.3257555486775561e-14,-4.739988527101612e-06,0.225,-2.9150729517664134e-14,0.24000033517436964,0.225,0.0,0.23999999999999996,0.0,129.88433724255188,3.868530977743654e-15,True,True,False
7.885,3.3849470124081143e-07,0.0,6.522161691956018e-07,1.6167552342305783e-15,-1.2425903592197248e-18,1.3257555486775561e-14,-4.739988527101612e-06,0.225,-2.925449012671193e-14,0.2400003384947012,0.225,0.0,0.23999999999999996,0.0,129.88433724255188,3.778566034863829e-15,True,True,False
7.890000000000001,3.416965311531252e-07,0.0,6.285162265413671e-07,1.6178243776146234e-15,-1.2425903592197248e-18,1.3257555486775561e-14,-4.739988527101612e-06,0.225,-2.9358198025253044e-14,0.24000034169653112,0.225,0.0,0.23999999999999996,0.0,129.88433724255188,3.688664532504859e-15,True,True,False
7.8950000000000005,3.447798620770394e-07,0.0,6.048162838871334e-07,1.6188680781984876e-15,-1.2425903592197248e-18,1.3257555486775561e-14,-4.739988527101612e-06,0.225,-2.946185095455876e-14,0.24000034477986204,0.225,0.0,0.23999999999999996,0.0,129.88433724255188,3.5988277210334486e-15,True,True,False
7.9,3.4774469312437566e-07,0.0,5.811163412329005e-07,1.61988635474629e-15,-1.4159281210864763e-18,1.3313180174622513e-14,-4.120375353061397e-06,0.225,-2.956544665479717e-14,0.2400003477446931,0.225,0.0,0.23999999999999996,0.0,129.88434544623033,3.5685546989920794e-15,True,True,False
7.905,3.5059877009913214e-07,0.0,5.605144644576984e-07,1.6208960618911878e-15,-1.4159281210864763e-18,1.3313180174622513e-14,-4.120375353061397e-06,0.225,-2.96689829562663e-14,0.24000035059877006,0.225,0.0,0.23999999999999996,0.0,129.88434544623033,3.4787710718373976e-15,True,True,False
7.91,3.533498379171286e-07,0.0,5.399125876824967e-07,1.621880361049468e-15,-1.4159281210864763e-18,1.3313180174622513e-14,-4.120375353061397e-06,0.225,-2.9772457688099836e-14,0.24000035334983788,0.225,0.0,0.23999999999999996,0.0,129.88434544623033,3.38905509498677e-15,True,True,False
7.915,3.5599789569018674e-07,0.0,5.193107109072961e-07,1.6228392718916033e-15,-1.4159281210864763e-18,1.3313180174622513e-14,-4.120375353061397e-06,0.225,-2.9875868587091503e-14,0.24000035599789565,0.225,0.0,0.23999999999999996,0.0,129.88434544623033,3.2994080104591013e-15,True,True,False
7.92,3.585429451946633e-07,0.0,4.98708834132096e-07,1.6237728144481337e-15,-1.4159281210864763e-18,1.3313180174622513e-14,-4.120375353061397e-06,0.225,-2.997921338904862e-14,0.24000035854294516,0.225,0.0,0.23999999999999996,0.0,129.88434544623033,3.2098310576002616e-15,True,True,False
7.925,3.609849846542014e-07,0.0,4.781069573568969e-07,1.6246810091015902e-15,-1.4159281210864763e-18,1.3313180174622513e-14,-4.120375353061397e-06,0.225,-3.008248982882713e-14,0.24000036098498462,0.225,0.0,0.23999999999999996,0.0,129.88434544623033,3.120325473068238e-15,True,True,False
7.930000000000001,3.633240149569795e-07,0.0,4.5750508058169794e-07,1.625563876578514e-15,-1.4159281210864763e-18,1.3313180174622513e-14,-4.120375353061397e-06,0.225,-3.018569564036643e-14,0.24000036332401492,0.225,0.0,0.23999999999999996,0.0,129.88434544623033,3.0308924908183542e-15,True,True,False
7.9350000000000005,3.6556003521481933e-07,0.0,4.369032038064997e-07,1.6264214379420424e-15,-1.4159281210864763e-18,1.3313180174622513e-14,-4.120375353061397e-06,0.225,-3.028882855672446e-14,0.24000036556003518,0.225,0.0,0.23999999999999996,0.0,129.88434544623033,2.9415333420885373e-15,True,True,False
7.94,3.676930463158991e-07,0.0,4.163013270313018e-07,1.6272537145839201e-15,-1.4159281210864763e-18,1.3313180174622513e-14,-4.120375353061397e-06,0.225,-3.0391886310114776e-14,0.24000036769304628,0.225,0.0,0.23999999999999996,0.0,129.88434544623033,2.8522492553846485e-15,True,True,False
7.945,3.697230482602189e-07,0.0,3.9569945025610443e-07,1.6280607282170307e-15,-1.4159281210864763e-18,1.3313180174622513e-14,-4.120375353061397e-06,0.225,-3.049486663193661e-14,0.24000036972304822,0.225,0.0,0.23999999999999996,0.0,129.88434544623033,2.763041456465888e-15,True,True,False
7.95,3.716500410477787e-07,0.0,3.750975734809073e-07,1.6288425008701858e-15,-1.1541863378719009e-18,1.334578037766661e-14,-3.5427417534698383e-06,0.225,-3.059776725281141e-14,0.240000371650041,0.225,0.0,0.23999999999999996,0.0,129.88435309409917,2.7087810172319e-15,True,True,False
7.955,3.734812446809523e-07,0.0,3.5738386469715e-07,1.6296089216416192e-15,-1.1541863378719009e-18,1.334578037766661e-14,-3.5427417534698383e-06,0.225,-3.070058595606514e-14,0.24000037348124464,0.225,0.0,0.23999999999999996,0.0,129.88435309409917,2.619682610880758e-15,True,True,False
7.96,3.752238800502918e-07,0.0,3.39670155913393e-07,1.6303501331598947e-15,-1.1541863378719009e-18,1.334578037766661e-14,-3.5427417534698383e-06,0.225,-3.0803320524238935e-14,0.24000037522388,0.225,0.0,0.23999999999999996,0.0,129.88435309409917,2.530663698240217e-15,True,True,False
7.965,3.7687794626761877e-07,0.0,3.2195644712963604e-07,1.6310661582386393e-15,-1.1541863378719009e-18,1.334578037766661e-14,-3.5427417534698383e-06,0.225,-3.0905968685669623e-14,0.24000037687794623,0.225,0.0,0.23999999999999996,0.0,129.88435309409917,2.4417254952443666e-15,True,True,False
7.97,3.784434451092901e-07,0.0,3.0424273834587924e-07,1.631757019988524e-15,-1.1541863378719009e-18,1.334578037766661e-14,-3.5427417534698383e-06,0.225,-3.100852816804179e-14,0.24000037844344507,0.225,0.0,0.23999999999999996,0.0,129.88435309409917,2.352869215013495e-15,True,True,False
7.9750000000000005,3.7992037391077054e-07,0.0,2.8652902956212244e-07,1.6324227418147164e-15,-1.1541863378719009e-18,1.334578037766661e-14,-3.5427417534698383e-06,0.225,-3.1110996698422657e-14,0.24000037992037387,0.225,0.0,0.23999999999999996,0.0,129.88435309409917,2.2640960678398044e-15,True,True,False
7.98,3.813087353365953e-07,0.0,2.6881532077836553e-07,1.6330633474151706e-15,-1.1541863378719009e-18,1.334578037766661e-14,-3.5427417534698383e-06,0.225,-3.121337200329649e-14,0.2400003813087353,0.225,0.0,0.23999999999999996,0.0,129.88435309409917,2.1754072611731988e-15,True,True,False
7.985,3.826085276104076e-07,0.0,2.511016119946085e-07,1.6336788607797481e-15,-1.1541863378719009e-18,1.334578037766661e-14,-3.5427417534698383e-06,0.225,-3.131565180859911e-14,0.24000038260852757,0.225,0.0,0.23999999999999996,0.0,129.88435309409917,2.086803999607152e-15,True,True,False
7.99,3.838197516203858e-07,0.0,2.333879032108513e-07,1.6342693061901682e-15,-1.1541863378719009e-18,1.334578037766661e-14,-3.5427417534698383e-06,0.225,-3.1417833839752505e-14,0.24000038381975158,0.225,0.0,0.23999999999999996,0.0,129.88435309409917,1.9982874848646023e-15,True,True,False
7.995,3.849424064783515e-07,0.0,2.1567419442709375e-07,1.6348347082207411e-15,-1.1541863378719009e-18,1.334578037766661e-14,-3.5427417534698383e-06,0.225,-3.151991582169917e-14,0.24000038494240644,0.225,0.0,0.23999999999999996,0.0,129.88435309409917,1.9098589157839377e-15,True,True,False
8.0,3.859764930724831e-07,0.0,1.9796048564333584e-07,1.6353750917398602e-15,-5.064674107461379e-19,1.335496543242504e-14,-3.0087206581865627e-06,0.225,-3.162189547893656e-14,0.24000038597649304,0.225,0.0,0.23999999999999996,0.0,129.8843601645385,1.8313434707505866e-15,True,True,False
8.005,3.8692868695178317e-07,0.0,1.8291688234439538e-07,1.635893261702699e-15,-5.064674107461379e-19,1.335496543242504e-14,-3.0087206581865627e-06,0.225,-3.1723770550607045e-14,0.24000038692868692,0.225,0.0,0.23999999999999996,0.0,129.8843601645385,1.743081178935637e-15,True,True,False
8.01,3.8780566366525403e-07,0.0,1.6787327904545448e-07,1.6363864600494543e-15,-5.064674107461379e-19,1.335496543242504e-14,-3.0087206581865627e-06,0.225,-3.1825538775454906e-14,0.24000038780566363,0.225,0.0,0.23999999999999996,0.0,129.8843601645385,1.6549102837395421e-15,True,True,False
8.015,3.8860742054836044e-07,0.0,1.5282967574651315e-07,1.6368547125090562e-15,-5.064674107461379e-19,1.335496543242504e-14,-3.0087206581865627e-06,0.225,-3.192719787680307e-14,0.2400003886074205,0.225,0.0,0.23999999999999996,0.0,129.8843601645385,1.566831972691509e-15,True,True,False
8.02,3.893339593774594e-07,0.0,1.377860724475713e-07,1.6372980451169849e-15,-5.064674107461379e-19,1.335496543242504e-14,-3.0087206581865627e-06,0.225,-3.202874557766304e-14,0.24000038933395934,0.225,0.0,0.23999999999999996,0.0,129.8843601645385,1.4788474303683882e-15,True,True,False
8.025,3.8998528015255073e-07,0.0,1.2274246914862883e-07,1.6377164842195657e-15,-5.064674107461379e-19,1.335496543242504e-14,-3.0087206581865627e-06,0.225,-3.213017960076875e-14,0.24000038998528012,0.225,0.0,0.23999999999999996,0.0,129.8843601645385,1.3909578383810086e-15,True,True,False
8.03,3.905613837618129e-07,0.0,1.0769886584968579e-07,1.6381100564784688e-15,-5.064674107461379e-19,1.335496543242504e-14,-3.0087206581865627e-06,0.225,-3.223149766861108e-14,0.24000039056138373,0.225,0.0,0.23999999999999996,0.0,129.8843601645385,1.3031643753605793e-15,True,True,False
8.035,3.9106227020524597e-07,0.0,9.265526255074213e-08,1.6384787888753143e-15,-5.064674107461379e-19,1.335496543242504e-14,-3.0087206581865627e-06,0.225,-3.2332697503471875e-14,0.24000039106227017,0.225,0.0,0.23999999999999996,0.0,129.8843601645385,1.215468216945157e-15,True,True,False
8.040000000000001,3.9148793770649303e-07,0.0,7.761165925179788e-08,1.6388227087162955e-15,-5.064674107461379e-19,1.335496543242504e-14,-3.0087206581865627e-06,0.225,-3.243377682745791e-14,0.24000039148793767,0.225,0.0,0.23999999999999996,0.0,129.8843601645385,1.1278705357661542e-15,True,True,False
8.045,3.9183838626555416e-07,0.0,6.256805595285306e-08,1.6391418436367193e-15,-5.064674107461379e-19,1.335496543242504e-14,-3.0087206581865627e-06,0.225,-3.2534733362535084e-14,0.24000039183838623,0.225,0.0,0.23999999999999996,0.0,129.8843601645385,1.040372501434943e-15,True,True,False
8.05,3.921136167706077e-07,0.0,4.7524452653907855e-08,1.6394362216053877e-15,4.1144979192804413e-19,1.3340376226012745e-14,-2.5190172849123e-06,0.225,-3.263556483056245e-14,0.24000039211361673,0.225,0.0,0.23999999999999996,0.0,129.88436664821114,9.373692780280566e-16,True,True,False
8.055,3.9231975143550057e-07,0.0,3.492936621653246e-08,1.6397014550577538e-15,4.1144979192804413e-19,1.3340376226012745e-14,-2.5190172849123e-06,0.225,-3.2736268929401295e-14,0.2400003923197514,0.225,0.0,0.23999999999999996,0.0,129.88436664821114,8.500950014506184e-16,True,True,False
8.06,3.924629098095447e-07,0.0,2.2334279779157937e-08,1.6399419944462907e-15,4.1144979192804413e-19,1.3340376226012745e-14,-2.5190172849123e-06,0.225,-3.2836843356908254e-14,0.24000039246290977,0.225,0.0,0.23999999999999996,0.0,129.88436664821114,7.629240658146403e-16,True,True,False
8.065,3.9254309366909683e-07,0.0,9.73919334179092e-09,1.6401578688208444e-15,4.1144979192804413e-19,1.3340376226012745e-14,-2.5190172849123e-06,0.225,-3.293728583489709e-14,0.24000039254309363,0.225,0.0,0.23999999999999996,0.0,129.88436664821114,6.75857627933703e-16,True,True,False
8.07,3.925603021259785e-07,0.0,2.8558930956797067e-09,1.6403491075790966e-15,4.1144979192804413e-19,1.3340376226012745e-14,-2.5190172849123e-06,0.225,-3.3037594085216284e-14,0.2400003925603021,0.225,0.0,0.23999999999999996,0.0,129.88436664821114,5.888968415329811e-16,True,True,False
8.075,3.9251453518018985e-07,0.0,1.5450979533002795e-08,1.6405157404690088e-15,4.1144979192804413e-19,1.3340376226012745e-14,-2.5190172849123e-06,0.225,-3.3137765829782834e-14,0.24000039251453514,0.225,0.0,0.23999999999999996,0.0,129.88436664821114,5.020428572362156e-16,True,True,False
8.08,3.924057928317307e-07,0.0,2.8046065970378367e-08,1.6406577975906775e-15,4.1144979192804413e-19,1.3340376226012745e-14,-2.5190172849123e-06,0.225,-3.323779879061586e-14,0.2400003924057928,0.225,0.0,0.23999999999999996,0.0,129.88436664821114,4.1529682255274683e-16,True,True,False
8.085,3.9223407419242267e-07,0.0,4.0641152407758506e-08,1.6407753093975803e-15,4.1144979192804413e-19,1.3340376226012745e-14,-2.5190172849123e-06,0.225,-3.333769068987044e-14,0.24000039223407416,0.225,0.0,0.23999999999999996,0.0,129.88436664821114,3.2865988186462906e-16,True,True,False
8.09,3.919993810386227e-07,0.0,5.3236238845140647e-08,1.6408683066972053e-15,4.1144979192804413e-19,1.3340376226012745e-14,-2.5190172849123e-06,0.225,-3.3437439249871156e-14,0.240000391999381,0.225,0.0,0.23999999999999996,0.0,129.88436664821114,2.421331764137816e-16,True,True,False
8.095,3.917017115939739e-07,0.0,6.583132528252418e-08,1.6409368206510763e-15,4.1144979192804413e-19,1.3340376226012745e-14,-2.5190172849123e-06,0.225,-3.3537042193145737e-14,0.24000039170171156,0.225,0.0,0.23999999999999996,0.0,129.88436664821114,1.5571784428923128e-16,True,True,False
8.1,3.9134106763483316e-07,0.0,7.842641171990893e-08,1.6409808827741778e-15,1.4408719349024735e-18,1.3301686260984579e-14,-2.0735539647893176e-06,0.225,-3.3636497242458566e-14,0.2400003913410676,0.225,0.0,0.23999999999999996,0.0,129.8843725461455,2.8029799709819706e-17,True,True,False
8.105,3.9092301626353497e-07,0.0,8.879418155692079e-08,1.6409888145817472e-15,1.4408719349024735e-18,1.3301686260984579e-14,-2.0735539647893176e-06,0.225,-3.373580205740387e-14,0.24000039092301623,0.225,0.0,0.23999999999999996,0.0,129.8843725461455,5.8103781252267e-17,True,True,False
8.11,3.904531263587711e-07,0.0,9.916195139393364e-08,1.6409723743775397e-15,1.4408719349024735e-18,1.3301686260984579e-14,-2.0735539647893176e-06,0.225,-3.383495429797069e-14,0.24000039045312632,0.225,0.0,0.23999999999999996,0.0,129.8843725461455,1.4412205397328342e-16,True,True,False
8.115,3.8993139703236294e-07,0.0,1.0952972123094746e-07,1.640931594880536e-15,1.4408719349024735e-18,1.3301686260984579e-14,-2.0735539647893176e-06,0.225,-3.39339516880249e-14,0.240000389931397,0.225,0.0,0.23999999999999996,0.0,129.8843725461455,2.3002389465278665e-16,True,True,False
8.120000000000001,3.89357829172489e-07,0.0,1.198974910679622e-07,1.6408665091548935e-15,1.4408719349024735e-18,1.3301686260984579e-14,-2.0735539647893176e-06,0.225,-3.4032791951818746e-14,0.24000038935782914,0.225,0.0,0.23999999999999996,0.0,129.8843725461455,3.1580818271207483e-16,True,True,False
8.125,3.8873242189097083e-07,0.0,1.3026526090497776e-07,1.6407771506067448e-15,1.4408719349024735e-18,1.3301686260984579e-14,-2.0735539647893176e-06,0.225,-3.413147281402408e-14,0.24000038873242185,0.225,0.0,0.23999999999999996,0.0,129.8843725461455,4.014738008065029e-16,True,True,False
8.13,3.8805517607598687e-07,0.0,1.4063303074199429e-07,1.6406635529806347e-15,1.4408719349024735e-18,1.3301686260984579e-14,-2.0735539647893176e-06,0.225,-3.422999199976557e-14,0.24000038805517604,0.225,0.0,0.23999999999999996,0.0,129.8843725461455,4.870196348378014e-16,True,True,False
8.135,3.8732609172753716e-07,0.0,1.510008005790116e-07,1.6405257503556568e-15,1.4408719349024735e-18,1.3301686260984579e-14,-2.0735539647893176e-06,0.225,-3.432834723465383e-14,0.2400003873260917,0.225,0.0,0.23999999999999996,0.0,129.8843725461455,5.724445739662927e-16,True,True,False
8.14,3.865451679574432e-07,0.0,1.6136857041602976e-07,1.6403637771413529e-15,1.4408719349024735e-18,1.3301686260984579e-14,-2.0735539647893176e-06,0.225,-3.4426536244818606e-14,0.24000038654516792,0.225,0.0,0.23999999999999996,0.0,129.8843725461455,6.577475106230492e-16,True,True,False
8.145,3.857124056538834e-07,0.0,1.7173634025304872e-07,1.640177668073448e-15,1.4408719349024735e-18,1.3301686260984579e-14,-2.0735539647893176e-06,0.225,-3.4524556756941833e-14,0.24000038571240562,0.225,0.0,0.23999999999999996,0.0,129.8843725461455,7.429273405220028e-16,True,True,False
8.15,3.8482780481685784e-07,0.0,1.8210411009006846e-07,1.6399674582094587e-15,2.396659364020305e-18,1.3238602676496791e-14,-1.6716024435859019e-06,0.225,-3.4622406498290596e-14,0.24000038482780478,0.225,0.0,0.23999999999999996,0.0,129.88437786798363,8.954606571447294e-16,True,True,False
8.155,3.8389638987168676e-07,0.0,1.9046212232472225e-07,1.639714089452327e-15,2.396659364020305e-18,1.3238602676496791e-14,-1.6716024435859019e-06,0.225,-3.472008309331486e-14,0.24000038389638984,0.225,0.0,0.23999999999999996,0.0,129.88437786798363,9.803003145235609e-16,True,True,False
8.16,3.829231834673335e-07,0.0,1.9882013455937673e-07,1.6394367166164435e-15,2.396659364020305e-18,1.3238602676496791e-14,-1.6716024435859019e-06,0.225,-3.481758416726431e-14,0.24000038292318343,0.225,0.0,0.23999999999999996,0.0,129.88437786798363,1.0650126921477565e-15,True,True,False
8.165000000000001,3.819081882683333e-07,0.0,2.0717814679403193e-07,1.6391353759469185e-15,2.396659364020305e-18,1.3238602676496791e-14,-1.6716024435859019e-06,0.225,-3.4914907449670456e-14,0.24000038190818823,0.225,0.0,0.23999999999999996,0.0,129.88437786798363,1.149596701510485e-15,True,True,False
8.17,3.8085140249832947e-07,0.0,2.155361590286877e-07,1.6388101039918686e-15,2.396659364020305e-18,1.3238602676496791e-14,-1.6716024435859019e-06,0.225,-3.501205067080757e-14,0.24000038085140246,0.225,0.0,0.23999999999999996,0.0,129.88437786798363,1.2340512574569524e-15,True,True,False
8.175,3.7975282615732184e-07,0.0,2.2389417126334404e-07,1.638460937598194e-15,2.396659364020305e-18,1.3238602676496791e-14,-1.6716024435859019e-06,0.225,-3.510901156172551e-14,0.24000037975282612,0.225,0.0,0.23999999999999996,0.0,129.88437786798363,1.3183752781960431e-15,True,True,False
8.18,3.786124610216673e-07,0.0,2.32252183498001e-07,1.638087913907577e-15,2.396659364020305e-18,1.3238602676496791e-14,-1.6716024435859019e-06,0.225,-3.520578785428221e-14,0.24000037861246099,0.225,0.0,0.23999999999999996,0.0,129.88437786798363,1.4025676853119226e-15,True,True,False
8.185,3.7743030442683065e-07,0.0,2.4061019573265846e-07,1.637691070352728e-15,2.396659364020305e-18,1.3238602676496791e-14,-1.6716024435859019e-06,0.225,-3.53023772811764e-14,0.2400003774303044,0.225,0.0,0.23999999999999996,0.0,129.88437786798363,1.4866274037755521e-15,True,True,False
8.19,3.7620635903734714e-07,0.0,2.4896820796731633e-07,1.637270444653902e-15,2.396659364020305e-18,1.3238602676496791e-14,-1.6716024435859019e-06,0.225,-3.5398777575980036e-14,0.240000376206359,0.225,0.0,0.23999999999999996,0.0,129.88437786798363,1.5705533619561522e-15,True,True,False
8.195,3.7494062218868143e-07,0.0,2.573262202019747e-07,1.6368260748156942e-15,2.396659364020305e-18,1.3238602676496791e-14,-1.6716024435859019e-06,0.225,-3.549498647317093e-14,0.24000037494062215,0.225,0.0,0.23999999999999996,0.0,129.88437786798363,1.6543444916326036e-15,True,True,False
8.2,3.7363309654536883e-07,0.0,2.6568423243663334e-07,1.6363579991241173e-15,3.095241639616002e-18,1.3150867235601603e-14,-1.3119037657439885e-06,0.225,-3.5591001708165035e-14,0.2400003736330965,0.225,0.0,0.23999999999999996,0.0,129.88438263039413,1.8318461178811503e-15,True,True,False
8.205,3.72288276290213e-07,0.0,2.7224375128082394e-07,1.6358397013961093e-15,3.095241639616002e-18,1.3150867235601603e-14,-1.3119037657439885e-06,0.225,-3.568682087349424e-14,0.24000037228827625,0.225,0.0,0.23999999999999996,0.0,129.88438263039413,1.9152383127071342e-15,True,True,False
8.21,3.70910658270553e-07,0.0,2.788032701250147e-07,1.6352978109023344e-15,3.095241639616002e-18,1.3150867235601603e-14,-1.3119037657439885e-06,0.225,-3.5782441562899994e-14,0.24000037091065823,0.225,0.0,0.23999999999999996,0.0,129.88438263039413,1.998491271114772e-15,True,True,False
8.215,3.695002433745671e-07,0.0,2.8536278896920587e-07,1.63473236710413e-15,3.095241639616002e-18,1.3150867235601603e-14,-1.3119037657439885e-06,0.225,-3.5877861515239686e-14,0.24000036950024334,0.225,0.0,0.23999999999999996,0.0,129.88438263039413,2.0816039421503053e-15,True,True,False
8.22,3.680570307140769e-07,0.0,2.919223078133972e-07,1.634143409733777e-15,3.095241639616002e-18,1.3150867235601603e-14,-1.3119037657439885e-06,0.225,-3.59730784704744e-14,0.24000036805703068,0.225,0.0,0.23999999999999996,0.0,129.88438263039413,2.1645752783390473e-15,True,True,False
8.225,3.665810202890825e-07,0.0,2.9848182665758875e-07,1.6335309787930203e-15,3.095241639616002e-18,1.3150867235601603e-14,-1.3119037657439885e-06,0.225,-3.606809016970089e-14,0.24000036658102025,0.225,0.0,0.23999999999999996,0.0,129.88438263039413,2.247404235696331e-15,True,True,False
8.23,3.6507221209958376e-07,0.0,3.0504134550178046e-07,1.632895114551886e-15,3.095241639616002e-18,1.3150867235601603e-14,-1.3119037657439885e-06,0.225,-3.6162894355183547e-14,0.24000036507221206,0.225,0.0,0.23999999999999996,0.0,129.88438263039413,2.330089773738352e-15,True,True,False
8.235,3.6353060614558077e-07,0.0,3.116008643459724e-07,1.6322358575477663e-15,3.095241639616002e-18,1.3150867235601603e-14,-1.3119037657439885e-06,0.225,-3.6257488770386495e-14,0.2400003635306061,0.225,0.0,0.23999999999999996,0.0,129.88438263039413,2.4126308554929692e-15,True,True,False
8.24,3.61956203315252e-07,0.0,3.181603831901642e-07,1.6315532485847457e-15,3.095241639616002e-18,1.3150867235601603e-14,-1.3119037657439885e-06,0.225,-3.635187116000544e-14,0.24000036195620328,0.225,0.0,0.23999999999999996,0.0,129.88438263039413,2.4950264475104422e-15,True,True,False
8.245000000000001,3.603490027204189e-07,0.0,3.2471990203435616e-07,1.6308473287331323e-15,3.095241639616002e-18,1.3150867235601603e-14,-1.3119037657439885e-06,0.225,-3.6446039269999565e-14,0.24000036034900268,0.225,0.0,0.23999999999999996,0.0,129.88438263039413,2.577275519874085e-15,True,True,False
8.25,3.5870900436108157e-07,0.0,3.3127942087854813e-07,1.6301181393291605e-15,3.4028285556385053e-18,1.3038257267680137e-14,-9.927760530915614e-07,0.225,-3.6539990847623195e-14,0.24000035870900432,0.225,0.0,0.23999999999999996,0.0,129.88438685564503,2.779830310941444e-15,True,True,False
8.255,3.570401970465228e-07,0.0,3.3624330116355953e-07,1.6293316385670552e-15,3.4028285556385053e-18,1.3038257267680137e-14,-9.927760530915614e-07,0.225,-3.6633723456819016e-14,0.240000357040197,0.225,0.0,0.23999999999999996,0.0,129.88438685564503,2.8616214340174302e-15,True,True,False
8.26,3.553465713623823e-07,0.0,3.412071814485709e-07,1.6285219975204545e-15,3.4028285556385053e-18,1.3038257267680137e-14,-9.927760530915614e-07,0.225,-3.6727234663153614e-14,0.24000035534657133,0.225,0.0,0.23999999999999996,0.0,129.88438685564503,2.9432613981997683e-15,True,True,False
8.265,3.536281255323034e-07,0.0,3.4617106173358206e-07,1.6276892587669185e-15,3.4028285556385053e-18,1.3038257267680137e-14,-9.927760530915614e-07,0.225,-3.682052221851262e-14,0.2400003536281255,0.225,0.0,0.23999999999999996,0.0,129.88438685564503,3.024749192322278e-15,True,True,False
8.27,3.518848604444644e-07,0.0,3.511349420185932e-07,1.6268334651483045e-15,3.4028285556385053e-18,1.3038257267680137e-14,-9.927760530915614e-07,0.225,-3.691358387625002e-14,0.2400003518848604,0.225,0.0,0.23999999999999996,0.0,129.88438685564503,3.1060838088214074e-15,True,True,False
8.275,3.5011677609886523e-07,0.0,3.560988223036042e-07,1.6259546597710576e-15,3.4028285556385053e-18,1.3038257267680137e-14,-9.927760530915614e-07,0.225,-3.7006417391219366e-14,0.24000035011677606,0.225,0.0,0.23999999999999996,0.0,129.88438685564503,3.187264243746391e-15,True,True,False
8.28,3.48323872495506e-07,0.0,3.6106270258861493e-07,1.6250528860065636e-15,3.4028285556385053e-18,1.3038257267680137e-14,-9.927760530915614e-07,0.225,-3.709902051980526e-14,0.24000034832387246,0.225,0.0,0.23999999999999996,0.0,129.88438685564503,3.268289496769363e-15,True,True,False
8.285,3.4650614874620823e-07,0.0,3.6602658287362543e-07,1.6241281874915615e-15,3.4028285556385053e-18,1.3038257267680137e-14,-9.927760530915614e-07,0.225,-3.7191391019954577e-14,0.2400003465061487,0.225,0.0,0.23999999999999996,0.0,129.88438685564503,3.3491585711953984e-15,True,True,False
8.290000000000001,3.4466360662732877e-07,0.0,3.7099046315863577e-07,1.6231806081285785e-15,3.4028285556385053e-18,1.3038257267680137e-14,-9.927760530915614e-07,0.225,-3.728352665120768e-14,0.2400003446636066,0.225,0.0,0.23999999999999996,0.0,129.88438685564503,3.4298704739724714e-15,True,True,False
8.295,3.4279624436251084e-07,0.0,3.7595434344364585e-07,1.6222101920863915e-15,3.4028285556385053e-18,1.3038257267680137e-14,-9.927760530915614e-07,0.225,-3.73754251747295e-14,0.24000034279624433,0.225,0.0,0.23999999999999996,0.0,129.88438685564503,3.5104242157013675e-15,True,True,False
8.3,3.4090406283993275e-07,0.0,3.8091822372865566e-07,1.6212169838004886e-15,3.2875873167697854e-18,1.290058657432061e-14,-7.122105939892908e-07,0.225,-3.746708435334082e-14,0.2400003409040628,0.225,0.0,0.23999999999999996,0.0,129.88439057033173,3.738078118343252e-15,True,True,False
8.305,3.3899056947617396e-07,0.0,3.84479276710536e-07,1.620159359564692e-15,3.2875873167697854e-18,1.290058657432061e-14,-7.122105939892908e-07,0.225,-3.755850172582122e-14,0.24000033899056944,0.225,0.0,0.23999999999999996,0.0,129.88439057033173,3.818114734890958e-15,True,True,False
8.31,3.370592707996355e-07,0.0,3.880403296924161e-07,1.619079088745747e-15,3.2875873167697854e-18,1.290058657432061e-14,-7.122105939892908e-07,0.225,-3.7649674832992395e-14,0.24000033705927076,0.225,0.0,0.23999999999999996,0.0,129.88439057033173,3.897988323844676e-15,True,True,False
8.315,3.3511016592213883e-07,0.0,3.916013826742957e-07,1.617976217125798e-15,3.2875873167697854e-18,1.290058657432061e-14,-7.122105939892908e-07,0.225,-3.774060144350719e-14,0.24000033511016589,0.225,0.0,0.23999999999999996,0.0,129.88439057033173,3.977697916031417e-15,True,True,False
8.32,3.3314325662004086e-07,0.0,3.9516243565617503e-07,1.6168507907540413e-15,3.2875873167697854e-18,1.290058657432061e-14,-7.122105939892908e-07,0.225,-3.783127932785474e-14,0.24000033314325658,0.225,0.0,0.23999999999999996,0.0,129.88439057033173,4.05724254600061e-15,True,True,False
8.325,3.311585411169848e-07,0.0,3.9872348863805384e-07,1.6157028559470893e-15,3.2875873167697854e-18,1.290058657432061e-14,-7.122105939892908e-07,0.225,-3.792170625839101e-14,0.24000033115854108,0.225,0.0,0.23999999999999996,0.0,129.88439057033173,4.1366212520334605e-15,True,True,False
8.33,3.2915602118932736e-07,0.0,4.022845416199323e-07,1.6145324592893264e-15,3.2875873167697854e-18,1.290058657432061e-14,-7.122105939892908e-07,0.225,-3.8011880009369525e-14,0.24000032915602115,0.225,0.0,0.23999999999999996,0.0,129.88439057033173,4.2158330761522985e-15,True,True,False
8.335,3.2713569594889025e-07,0.0,4.0584559460181035e-07,1.6133396476332737e-15,3.2875873167697854e-18,1.290058657432061e-14,-7.122105939892908e-07,0.225,-3.8101798356971753e-14,0.2400003271356959,0.225,0.0,0.23999999999999996,0.0,129.88439057033173,4.294877064129795e-15,True,True,False
8.34,3.2509756539567336e-07,0.0,4.0940664758368773e-07,1.6121244680999767e-15,3.2875873167697854e-18,1.290058657432061e-14,-7.122105939892908e-07,0.225,-3.8191459079337725e-14,0.24000032509756536,0.225,0.0,0.23999999999999996,0.0,129.88439057033173,4.373752265498177e-15,True,True,False
8.345,3.230416295296768e-07,0.0,4.129677005655648e-07,1.6108869680794242e-15,3.2875873167697854e-18,1.290058657432061e-14,-7.122105939892908e-07,0.225,-3.8280859956596215e-14,0.2400003230416295,0.225,0.0,0.23999999999999996,0.0,129.88439057033173,4.4524577335583356e-15,True,True,False
8.35,3.209678892390789e-07,0.0,4.1652875354744127e-07,1.6096271952310122e-15,2.8440378212578388e-18,1.2737706288237294e-14,-4.6795669801841667e-07,0.225,-3.836999877089521e-14,0.2400003209678892,0.225,0.0,0.23999999999999996,0.0,129.8843938042533,4.705217113911649e-15,True,True,False
8.355,3.188793963049298e-07,0.0,4.188685370523631e-07,1.6082958990276596e-15,2.8440378212578388e-18,1.2737706288237294e-14,-4.6795669801841667e-07,0.225,-3.84588730393712e-14,0.24000031887939627,0.225,0.0,0.23999999999999996,0.0,129.8843938042533,4.783346211754563e-15,True,True,False
8.36,3.1677920428463635e-07,0.0,4.212083205572843e-07,1.606942492360624e-15,2.8440378212578388e-18,1.2737706288237294e-14,-4.6795669801841667e-07,0.225,-3.8547480281623864e-14,0.24000031677920425,0.225,0.0,0.23999999999999996,0.0,129.8843938042533,4.861300486885096e-15,True,True,False
8.365,3.146673131781987e-07,0.0,4.2354810406220505e-07,1.6055670243452477e-15,2.8440378212578388e-18,1.2737706288237294e-14,-4.6795669801841667e-07,0.225,-3.863581828684351e-14,0.24000031466731314,0.225,0.0,0.23999999999999996,0.0,129.8843938042533,4.939079014296186e-15,True,True,False
8.370000000000001,3.1254372298561666e-07,0.0,4.2588788756712516e-07,1.6041695443671346e-15,2.8440378212578388e-18,1.2737706288237294e-14,-4.6795669801841667e-07,0.225,-3.872388484642347e-14,0.24000031254372295,0.225,0.0,0.23999999999999996,0.0,129.8843938042533,5.016680872818951e-15,True,True,False
8.375,3.1040843459506883e-07,0.0,4.2822767107204474e-07,1.602750102083335e-15,2.8440378212578388e-18,1.2737706288237294e-14,-4.6795669801841667e-07,0.225,-3.8811677753996044e-14,0.24000031040843456,0.225,0.0,0.23999999999999996,0.0,129.8843938042533,5.094105145131251e-15,True,True,False
8.38,3.0826144623019824e-07,0.0,4.3056745457696364e-07,1.6013087474217732e-15,2.8440378212578388e-18,1.2737706288237294e-14,-4.6795669801841667e-07,0.225,-3.889919480546195e-14,0.2400003082614462,0.225,0.0,0.23999999999999996,0.0,129.8843938042533,5.171350917766209e-15,True,True,False
8.385,3.061027596673618e-07,0.0,4.3290723808188195e-07,1.5998455305820653e-15,2.8440378212578388e-18,1.2737706288237294e-14,-4.6795669801841667e-07,0.225,-3.8986433799018245e-14,0.24000030610275963,0.225,0.0,0.23999999999999996,0.0,129.8843938042533,5.2484172811206376e-15,True,True,False
8.39,3.039323740183811e-07,0.0,4.3524702158679963e-07,1.5983605020360328e-15,2.8440378212578388e-18,1.2737706288237294e-14,-4.6795669801841667e-07,0.225,-3.907339253518794e-14,0.24000030393237398,0.225,0.0,0.23999999999999996,0.0,129.8843938042533,5.3253033294634154e-15,True,True,False
8.395,3.017502892832561e-07,0.0,4.375868050917167e-07,1.5968537125282838e-15,2.8440378212578388e-18,1.2737706288237294e-14,-4.6795669801841667e-07,0.225,-3.916006881684962e-14,0.24000030175028925,0.225,0.0,0.23999999999999996,0.0,129.8843938042533,5.402008160943781e-15,True,True,False
8.4,2.9955650546198674e-07,0.0,4.39926588596633e-07,1.5953252130768546e-15,2.2676703001486768e-18,1.2549505681942715e-14,-2.5759597268369077e-07,0.225,-3.924646044926689e-14,0.24000029955650543,0.225,0.0,0.23999999999999996,0.0,129.88439658942931,5.679839189387635e-15,True,True,False
8.405,2.973536515626955e-07,0.0,4.4121456847313245e-07,1.59371809295413e-15,2.2676703001486768e-18,1.2549505681942715e-14,-2.5759597268369077e-07,0.225,-3.9332564931542133e-14,0.24000029735365153,0.225,0.0,0.23999999999999996,0.0,129.88439658942931,5.7559084303217144e-15,True,True,False
8.41,2.951443592580398e-07,0.0,4.4250254834963114e-07,1.59208944227349e-15,2.2676703001486768e-18,1.2549505681942715e-14,-2.5759597268369077e-07,0.225,-3.9418379765664816e-14,0.24000029514435922,0.225,0.0,0.23999999999999996,0.0,129.88439658942931,5.831791147005954e-15,True,True,False
8.415000000000001,2.929286267716629e-07,0.0,4.4379052822612915e-07,1.5904393136226366e-15,2.2676703001486768e-18,1.2549505681942715e-14,-2.5759597268369077e-07,0.225,-3.950390276515841e-14,0.24000029292862674,0.225,0.0,0.23999999999999996,0.0,129.88439658942931,5.907486460735074e-15,True,True,False
8.42,2.907064541035647e-07,0.0,4.4507850810262646e-07,1.5887677598640307e-15,2.2676703001486768e-18,1.2549505681942715e-14,-2.5759597268369077e-07,0.225,-3.958913174612651e-14,0.24000029070645407,0.225,0.0,0.23999999999999996,0.0,129.88439658942931,5.982993496753476e-15,True,True,False
8.425,2.884778412537453e-07,0.0,4.4636648797912314e-07,1.5870748341350356e-15,2.2676703001486768e-18,1.2549505681942715e-14,-2.5759597268369077e-07,0.225,-3.967406452728154e-14,0.24000028847784122,0.225,0.0,0.23999999999999996,0.0,129.88439658942931,6.058311384262987e-15,True,True,False
8.43,2.86242789110383e-07,0.0,4.47654467855619e-07,1.585360589847969e-15,2.2676703001486768e-18,1.2549505681942715e-14,-2.5759597268369077e-07,0.225,-3.9758698929973953e-14,0.24000028624278907,0.225,0.0,0.23999999999999996,0.0,129.88439658942931,6.133439256430514e-15,True,True,False
8.435,2.8400129767347796e-07,0.0,4.4894244773211427e-07,1.5836250806900734e-15,2.2676703001486768e-18,1.2549505681942715e-14,-2.5759597268369077e-07,0.225,-3.9843032778220876e-14,0.24000028400129764,0.225,0.0,0.23999999999999996,0.0,129.88439658942931,6.208376250395678e-15,True,True,False
8.44,2.8175336427849476e-07,0.0,4.502304276086088e-07,1.5818683606233929e-15,2.2676703001486768e-18,1.2549505681942715e-14,-2.5759597268369077e-07,0.225,-3.9927063898735003e-14,0.24000028175336424,0.225,0.0,0.23999999999999996,0.0,129.88439658942931,6.2831215072782965e-15,True,True,False
8.445,2.794989924781472e-07,0.0,4.515184074851026e-07,1.580090483884552e-15,2.2676703001486768e-18,1.2549505681942715e-14,-2.5759597268369077e-07,0.225,-4.001079012095321e-14,0.24000027949899244,0.225,0.0,0.23999999999999996,0.0,129.88439658942931,6.3576741721858845e-15,True,True,False
8.45,2.772381804960784e-07,0.0,4.528063873615956e-07,1.5782915049844115e-15,1.7864273115378954e-18,1.2335912942569224e-14,-7.860672721086962e-08,0.225,-4.009420927706514e-14,0.24000027723818046,0.225,0.0,0.23999999999999996,0.0,129.88439895924694,6.660502247353335e-15,True,True,False
8.455,2.7497316565372756e-07,0.0,4.531994210061626e-07,1.5764068313700162e-15,1.7864273115378954e-18,1.2335912942569224e-14,-7.860672721086962e-08,0.225,-4.0177318851833635e-14,0.24000027497316562,0.225,0.0,0.23999999999999996,0.0,129.88439895924694,6.734360221372211e-15,True,True,False
8.46,2.7270618616071237e-07,0.0,4.5359245465072897e-07,1.574501252285021e-15,1.7864273115378954e-18,1.2335912942569224e-14,-7.860672721086962e-08,0.225,-4.0260116333334414e-14,0.24000027270618612,0.225,0.0,0.23999999999999996,0.0,129.88439895924694,6.808020083346749e-15,True,True,False
8.465,2.704372411288544e-07,0.0,4.5398548829529453e-07,1.572574823904226e-15,1.7864273115378954e-18,1.2335912942569224e-14,-7.860672721086962e-08,0.225,-4.034259956324033e-14,0.2400002704372411,0.225,0.0,0.23999999999999996,0.0,129.88439895924694,6.881481002968427e-15,True,True,False
8.47,2.6816633055815355e-07,0.0,4.5437852193985935e-07,1.5706276026715651e-15,1.7864273115378954e-18,1.2335912942569224e-14,-7.860672721086962e-08,0.225,-4.04247663861788e-14,0.24000026816633052,0.225,0.0,0.23999999999999996,0.0,129.88439895924694,6.954742153985416e-15,True,True,False
8.475,2.658934553367884e-07,0.0,4.547715555844236e-07,1.5686596452982866e-15,1.7864273115378954e-18,1.2335912942569224e-14,-7.860672721086962e-08,0.225,-4.050661464975992e-14,0.2400002658934553,0.225,0.0,0.23999999999999996,0.0,129.88439895924694,7.027802714209458e-15,True,True,False
8.48,2.6361861546475886e-07,0.0,4.551645892289871e-07,1.5666710087608607e-15,1.7864273115378954e-18,1.2335912942569224e-14,-7.860672721086962e-08,0.225,-4.0588142204604727e-14,0.24000026361861543,0.225,0.0,0.23999999999999996,0.0,129.88439895924694,7.100661865522659e-15,True,True,False
8.485,2.613418100538865e-07,0.0,4.5555762287354994e-07,1.5646617502986242e-15,1.7864273115378954e-18,1.2335912942569224e-14,-7.860672721086962e-08,0.225,-4.066934690437269e-14,0.24000026134181002,0.225,0.0,0.23999999999999996,0.0,129.88439895924694,7.173318793884245e-15,True,True,False
8.49,2.590630391041714e-07,0.0,4.5595065651811216e-07,1.5626319274111717e-15,1.7864273115378954e-18,1.2335912942569224e-14,-7.860672721086962e-08,0.225,-4.075022660578989e-14,0.24000025906303907,0.225,0.0,0.23999999999999996,0.0,129.88439895924694,7.245772689337213e-15,True,True,False
8.495000000000001,2.5678230350379184e-07,0.0,4.563436901626738e-07,1.5605815978554971e-15,1.7864273115378954e-18,1.2335912942569224e-14,-7.860672721086962e-08,0.225,-4.0830779168676517e-14,0.24000025678230347,0.225,0.0,0.23999999999999996,0.0,129.88439895924694,7.318022746014938e-15,True,True,False
8.5,2.5449960325274796e-07,0.0,4.5673672380723476e-07,1.5585108196428957e-15,1.5813422071563903e-18,1.2096895880195348e-14,7.158091380885271e-08,0.225,-4.091100245597474e-14,0.24000025449960322,0.225,0.0,0.23999999999999996,0.0,129.88440094773128,7.645731992537637e-15,True,True,False
8.505,2.522168141838621e-07,0.0,4.563788192559799e-07,1.5563473086071728e-15,1.5813422071563903e-18,1.2096895880195348e-14,7.158091380885271e-08,0.225,-4.099089394188274e-14,0.24000025221681415,0.225,0.0,0.23999999999999996,0.0,129.88440094773128,7.717228474526968e-15,True,True,False
8.51,2.4993581479449195e-07,0.0,4.560209147047244e-07,1.5541635628720889e-15,1.5813422071563903e-18,1.2096895880195348e-14,7.158091380885271e-08,0.225,-4.107045110433877e-14,0.24000024993581476,0.225,0.0,0.23999999999999996,0.0,129.88440094773128,7.788515390715553e-15,True,True,False
8.515,2.4765660508463744e-07,0.0,4.5566301015346835e-07,1.551959642134862e-15,1.5813422071563903e-18,1.2096895880195348e-14,7.158091380885271e-08,0.225,-4.1149671816995045e-14,0.24000024765660505,0.225,0.0,0.23999999999999996,0.0,129.88440094773128,7.859591961241765e-15,True,True,False
8.52,2.4537918416612026e-07,0.0,4.5530510560221183e-07,1.5497356063297984e-15,1.5813422071563903e-18,1.2096895880195348e-14,7.158091380885271e-08,0.225,-4.122855395683425e-14,0.24000024537918413,0.225,0.0,0.23999999999999996,0.0,129.88440094773128,7.930457410402928e-15,True,True,False
8.525,2.431035538152972e-07,0.0,4.5494720105095474e-07,1.5474915156239175e-15,1.5813422071563903e-18,1.2096895880195348e-14,7.158091380885271e-08,0.225,-4.130709540419648e-14,0.24000024310355378,0.225,0.0,0.23999999999999996,0.0,129.88440094773128,8.001110966661305e-15,True,True,False
8.53,2.408297122558114e-07,0.0,4.545892964996972e-07,1.5452274304124277e-15,1.5813422071563903e-18,1.2096895880195348e-14,7.158091380885271e-08,0.225,-4.138529404280654e-14,0.24000024082971222,0.225,0.0,0.23999999999999996,0.0,129.88440094773128,8.071551862650026e-15,True,True,False
8.535,2.385576603758413e-07,0.0,4.542313919484395e-07,1.5429434113140874e-15,1.5813422071563903e-18,1.2096895880195348e-14,7.158091380885271e-08,0.225,-4.1463147759800565e-14,0.24000023855766034,0.225,0.0,0.23999999999999996,0.0,129.88440094773128,8.141779335178934e-15,True,True,False
8.540000000000001,2.362873981753869e-07,0.0,4.5387348739718113e-07,1.540639519166497e-15,1.5813422071563903e-18,1.2096895880195348e-14,7.158091380885271e-08,0.225,-4.1540654445753044e-14,0.24000023628739814,0.225,0.0,0.23999999999999996,0.0,129.88440094773128,8.211792625240357e-15,True,True,False
8.545,2.340189256544482e-07,0.0,4.535155828459225e-07,1.5383158150213642e-15,1.5813422071563903e-18,1.2096895880195348e-14,7.158091380885271e-08,0.225,-4.16178119947035e-14,0.24000023401892562,0.225,0.0,0.23999999999999996,0.0,129.88440094773128,8.28159097801484e-15,True,True,False
8.55,2.3175224281302516e-07,0.0,4.531576782946635e-07,1.5359723601397749e-15,1.732906588501695e-18,1.18324625883553e-14,1.9553841715319268e-07,0.225,-4.169461830418314e-14,0.24000023175224278,0.225,0.0,0.23999999999999996,0.0,129.88440258892865,8.634023797628949e-15,True,True,False
8.555,2.294888986342818e-07,0.0,4.5217998621629613e-07,1.53352918089092e-15,1.732906588501695e-18,1.18324625883553e-14,1.9553841715319268e-07,0.225,-4.177107084167618e-14,0.2400002294888986,0.225,0.0,0.23999999999999996,0.0,129.88440258892865,8.703010006162262e-15,True,True,False
8.56,2.272304429895605e-07,0.0,4.512022941379285e-07,1.5310664815598645e-15,1.732906588501695e-18,1.18324625883553e-14,1.9553841715319268e-07,0.225,-4.1847167078834636e-14,0.24000022723044295,0.225,0.0,0.23999999999999996,0.0,129.88440258892865,8.771775349574271e-15,True,True,False
8.565,2.2497687587886118e-07,0.0,4.5022460205956064e-07,1.5285843250513388e-15,1.732906588501695e-18,1.18324625883553e-14,1.9553841715319268e-07,0.225,-4.192290492512861e-14,0.24000022497687584,0.225,0.0,0.23999999999999996,0.0,129.88440258892865,8.840319100451523e-15,True,True,False
8.57,2.227281964140055e-07,0.0,4.4924690998119263e-07,1.5260827744585797e-15,1.732906588501695e-18,1.18324625883553e-14,1.9553841715319268e-07,0.225,-4.199828229373501e-14,0.24000022272819638,0.225,0.0,0.23999999999999996,0.0,129.88440258892865,8.908640535636801e-15,True,True,False
8.575000000000001,2.2048440637135028e-07,0.0,4.4826921790282446e-07,1.5235618930594037e-15,1.732906588501695e-18,1.18324625883553e-14,1.9553841715319268e-07,0.225,-4.207329710156357e-14,0.24000022048440633,0.225,0.0,0.23999999999999996,0.0,129.88440258892865,8.976738936234199e-15,True,True,False
8.58,2.1824550486271707e-07,0.0,4.4729152582445624e-07,1.5210217443125185e-15,1.732906588501695e-18,1.18324625883553e-14,1.9553841715319268e-07,0.225,-4.214794726928262e-14,0.24000021824550483,0.225,0.0,0.23999999999999996,0.0,129.88440258892865,9.044613587614137e-15,True,True,False
8.585,2.1601149099992744e-07,0.0,4.46313833746088e-07,1.51846239185411e-15,1.732906588501695e-18,1.18324625883553e-14,1.9553841715319268e-07,0.225,-4.2222230721345195e-14,0.24000021601149096,0.225,0.0,0.23999999999999996,0.0,129.88440258892865,9.112263779418295e-15,True,True,False
8.59,2.137823656711599e-07,0.0,4.4533614166771975e-07,1.5158838994947287e-15,1.732906588501695e-18,1.18324625883553e-14,1.9553841715319268e-07,0.225,-4.2296145386014765e-14,0.24000021378236563,0.225,0.0,0.23999999999999996,0.0,129.88440258892865,9.1796888055645e-15,True,True,False
8.595,2.1155812976459278e-07,0.0,4.443584495893516e-07,1.513286331216497e-15,1.732906588501695e-18,1.18324625883553e-14,1.9553841715319268e-07,0.225,-4.2369689195390874e-14,0.24000021155812973,0.225,0.0,0.23999999999999996,0.0,129.88440258892865,9.246887964251505e-15,True,True,False
8.6,2.0933878150386927e-07,0.0,4.4338075751098346e-07,1.510669751170673e-15,2.2115446653578567e-18,1.1542662053417026e-14,2.957999622652516e-07,0.225,-4.244286008543474e-14,0.24000020933878147,0.225,0.0,0.23999999999999996,0.0,129.8844039163915,9.623844643437897e-15,True,True,False
8.605,2.07125574996918e-07,0.0,4.4190175770817976e-07,1.5079465107277642e-15,2.2115446653578567e-18,1.1542662053417026e-14,2.957999622652516e-07,0.225,-4.251565552083793e-14,0.24000020712557496,0.225,0.0,0.23999999999999996,0.0,129.8844039163915,9.690173501295759e-15,True,True,False
8.61,2.0491976435166757e-07,0.0,4.4042275790537633e-07,1.505204505160868e-15,2.2115446653578567e-18,1.1542662053417026e-14,2.957999622652516e-07,0.225,-4.2588072970887446e-14,0.24000020491976432,0.225,0.0,0.23999999999999996,0.0,129.8844039163915,9.756270369616819e-15,True,True,False
8.615,2.0272134690358274e-07,0.0,4.3894375810257305e-07,1.502443800260379e-15,2.2115446653578567e-18,1.1542662053417026e-14,2.957999622652516e-07,0.225,-4.2660110384712264e-14,0.24000020272134687,0.225,0.0,0.23999999999999996,0.0,129.8844039163915,9.822134575384287e-15,True,True,False
8.620000000000001,2.0053032620537714e-07,0.0,4.374647582997701e-07,1.4996644619765785e-15,2.2115446653578567e-18,1.1542662053417026e-14,2.957999622652516e-07,0.225,-4.273176571552419e-14,0.24000020053032617,0.225,0.0,0.23999999999999996,0.0,129.8844039163915,9.887765449929679e-15,True,True,False
8.625,1.9834669959251555e-07,0.0,4.3598575849696735e-07,1.4968665564193578e-15,2.2115446653578567e-18,1.1542662053417026e-14,2.957999622652516e-07,0.225,-4.280303692064309e-14,0.24000019834669956,0.225,0.0,0.23999999999999996,0.0,129.8844039163915,9.953162328936956e-15,True,True,False
8.63,1.9617046884135483e-07,0.0,4.345067586941649e-07,1.4940501498582698e-15,2.2115446653578567e-18,1.1542662053417026e-14,2.957999622652516e-07,0.225,-4.287392196152147e-14,0.2400001961704688,0.225,0.0,0.23999999999999996,0.0,129.8844039163915,1.0018324552446605e-14,True,True,False
8.635,1.940016321755381e-07,0.0,4.3302775889136297e-07,1.4912153087228725e-15,2.2115446653578567e-18,1.1542662053417026e-14,2.957999622652516e-07,0.225,-4.2944418803769396e-14,0.24000019400163214,0.225,0.0,0.23999999999999996,0.0,129.8844039163915,1.0083251464859651e-14,True,True,False
8.64,1.918401904832438e-07,0.0,4.3154875908856144e-07,1.4883620996033383e-15,2.2115446653578567e-18,1.1542662053417026e-14,2.957999622652516e-07,0.225,-4.3014525417179103e-14,0.24000019184019045,0.225,0.0,0.23999999999999996,0.0,129.8844039163915,1.014794241494159e-14,True,True,False
8.645,1.896861446526503e-07,0.0,4.3006975928576023e-07,1.4854905892513017e-15,2.2115446653578567e-18,1.1542662053417026e-14,2.957999622652516e-07,0.225,-4.308423977574975e-14,0.24000018968614462,0.225,0.0,0.23999999999999996,0.0,129.8844039163915,1.0212396755826281e-14,True,True,False
8.65,1.875394929074009e-07,0.0,4.2859075948295966e-07,1.48260084458091e-15,2.9050287771242078e-18,1.1227584706449212e-14,3.748307007459825e-07,0.225,-4.315355985771164e-14,0.24000018753949287,0.225,0.0,0.23999999999999996,0.0,129.88440496275848,1.061363513642633e-14,True,True,False
8.655,1.8540122467825496e-07,0.0,4.2671660598858546e-07,1.4795975692502063e-15,2.9050287771242078e-18,1.1227584706449212e-14,3.748307007459825e-07,0.225,-4.3222483128950585e-14,0.24000018540122464,0.225,0.0,0.23999999999999996,0.0,129.88440496275848,1.0677161532445664e-14,True,True,False
8.66,1.8327232761961532e-07,0.0,4.248424524942119e-07,1.4765763220462339e-15,2.9050287771242078e-18,1.1227584706449212e-14,3.748307007459825e-07,0.225,-4.3291007060374724e-14,0.24000018327232758,0.225,0.0,0.23999999999999996,0.0,129.88440496275848,1.0740445009926734e-14,True,True,False
8.665000000000001,1.811528008433035e-07,0.0,4.2296829899983886e-07,1.4735371716208764e-15,2.9050287771242078e-18,1.1227584706449212e-14,3.748307007459825e-07,0.225,-4.3359129644608857e-14,0.2400001811528008,0.225,0.0,0.23999999999999996,0.0,129.88440496275848,1.0803484952141156e-14,True,True,False
8.67,1.7904264434931954e-07,0.0,4.2109414550546646e-07,1.4704801867904633e-15,2.9050287771242078e-18,1.1227584706449212e-14,3.748307007459825e-07,0.225,-4.342684887873627e-14,0.2400001790426443,0.225,0.0,0.23999999999999996,0.0,129.88440496275848,1.0866280746795471e-14,True,True,False
8.675,1.769418581376634e-07,0.0,4.1921999201109464e-07,1.4674054365375334e-15,2.9050287771242078e-18,1.1227584706449212e-14,3.748307007459825e-07,0.225,-4.349416276432244e-14,0.2400001769418581,0.225,0.0,0.23999999999999996,0.0,129.88440496275848,1.0928831786034351e-14,True,True,False
8.68,1.7485044487287037e-07,0.0,4.173458385167235e-07,1.4643129900125125e-15,2.9050287771242078e-18,1.1227584706449212e-14,3.748307007459825e-07,0.225,-4.356106930743893e-14,0.24000017485044484,0.225,0.0,0.23999999999999996,0.0,129.88440496275848,1.09911374664437e-14,True,True,False
8.685,1.7276840100222674e-07,0.0,4.1547168502235307e-07,1.461202916535262e-15,2.9050287771242078e-18,1.1227584706449212e-14,3.748307007459825e-07,0.225,-4.3627566518686814e-14,0.24000017276840097,0.225,0.0,0.23999999999999996,0.0,129.88440496275848,1.1053197189053736e-14,True,True,False
8.69,1.706957283020894e-07,0.0,4.135975315279832e-07,1.4580752855964487e-15,2.9050287771242078e-18,1.1227584706449212e-14,3.748307007459825e-07,0.225,-4.369365241322028e-14,0.24000017069572827,0.225,0.0,0.23999999999999996,0.0,129.88440496275848,1.111501035934197e-14,True,True,False
8.695,1.6863242499610146e-07,0.0,4.117233780336141e-07,1.4549301668587026e-15,2.9050287771242078e-18,1.1227584706449212e-14,3.748307007459825e-07,0.225,-4.375932501077012e-14,0.24000016863242496,0.225,0.0,0.23999999999999996,0.0,129.88440496275848,1.1176576387236124e-14,True,True,False
8.700000000000001,1.6657849374879818e-07,0.0,4.0984922453924566e-07,1.4517676301575302e-15,3.660757821293834e-18,1.0887362917361402e-14,4.350013233946046e-07,0.225,-4.382458233566688e-14,0.2400001665784937,0.225,0.0,0.23999999999999996,0.0,129.88440575941752,1.160181159987499e-14,True,True,False
8.705,1.6453468507094423e-07,0.0,4.076742179340754e-07,1.4484847716901037e-15,3.660757821293834e-18,1.0887362917361402e-14,4.350013233946046e-07,0.225,-4.3889421859044143e-14,0.24000016453468503,0.225,0.0,0.23999999999999996,0.0,129.88440575941752,1.1662392651729358e-14,True,True,False
8.71,1.625017512496611e-07,0.0,4.054992113289058e-07,1.4451847738034833e-15,3.660757821293834e-18,1.0887362917361402e-14,4.350013233946046e-07,0.225,-4.395384105748403e-14,0.2400001625017512,0.225,0.0,0.23999999999999996,0.0,129.88440575941752,1.1722720071974431e-14,True,True,False
8.715,1.604796931731272e-07,0.0,4.0332420472373686e-07,1.4418677081963375e-15,3.660757821293834e-18,1.0887362917361402e-14,4.350013233946046e-07,0.225,-4.4017837970927626e-14,0.24000016047969314,0.225,0.0,0.23999999999999996,0.0,129.88440575941752,1.1782793302001335e-14,True,True,False
8.72,1.584685090649857e-07,0.0,4.0114919811856875e-07,1.4385336467368872e-15,3.660757821293834e-18,1.0887362917361402e-14,4.350013233946046e-07,0.225,-4.4081410644148075e-14,0.24000015846850903,0.225,0.0,0.23999999999999996,0.0,129.88440575941752,1.1842611787717063e-14,True,True,False
8.725,1.564682007015934e-07,0.0,3.9897419151340143e-07,1.4351826614625462e-15,3.660757821293834e-18,1.0887362917361402e-14,4.350013233946046e-07,0.225,-4.414455712678133e-14,0.24000015646820066,0.225,0.0,0.23999999999999996,0.0,129.88440575941752,1.1902174979546723e-14,True,True,False
8.73,1.5447876719477194e-07,0.0,3.9679918490823464e-07,1.4318148245790713e-15,3.660757821293834e-18,1.0887362917361402e-14,4.350013233946046e-07,0.225,-4.42072754733409e-14,0.24000015447876716,0.225,0.0,0.23999999999999996,0.0,129.88440575941752,1.1961482332435687e-14,True,True,False
8.735,1.525002094326997e-07,0.0,3.9462417830306853e-07,1.4284302084593901e-15,3.660757821293834e-18,1.0887362917361402e-14,4.350013233946046e-07,0.225,-4.426956374324049e-14,0.2400001525002094,0.225,0.0,0.23999999999999996,0.0,129.88440575941752,1.2020533305851675e-14,True,True,False
8.74,1.5053252563901985e-07,0.0,3.9244917169790333e-07,1.4250288856420803e-15,3.660757821293834e-18,1.0887362917361402e-14,4.350013233946046e-07,0.225,-4.4331420000816334e-14,0.2400001505325256,0.225,0.0,0.23999999999999996,0.0,129.88440575941752,1.2079327363786765e-14,True,True,False
8.745000000000001,1.4857571759008923e-07,0.0,3.9027416509273865e-07,1.4216109288295029e-15,3.660757821293834e-18,1.0887362917361402e-14,4.350013233946046e-07,0.225,-4.439284231534932e-14,0.24000014857571755,0.225,0.0,0.23999999999999996,0.0,129.88440575941752,1.2137863974759353e-14,True,True,False
8.75,1.466297843977294e-07,0.0,3.880991584875747e-07,1.4181764108856928e-15,4.32373983706729e-18,1.052217143290258e-14,4.785683483201748e-07,0.225,-4.4453828761088023e-14,0.24000014662978436,0.225,0.0,0.23999999999999996,0.0,129.88440633624492,1.2586768232976971e-14,True,True,False
8.755,1.446952705153117e-07,0.0,3.857063167601983e-07,1.4146148735362266e-15,4.32373983706729e-18,1.052217143290258e-14,4.785683483201748e-07,0.225,-4.451437681851371e-14,0.24000014469527048,0.225,0.0,0.23999999999999996,0.0,129.88440633624492,1.2644263550485457e-14,True,True,False
8.76,1.4277272039620733e-07,0.0,3.8331347503282244e-07,1.4110370697673455e-15,4.32373983706729e-18,1.052217143290258e-14,4.785683483201748e-07,0.225,-4.457448397397017e-14,0.24000014277272036,0.225,0.0,0.23999999999999996,0.0,129.88440633624492,1.2701494759735158e-14,True,True,False
8.765,1.4086213581677317e-07,0.0,3.809206333054473e-07,1.4074430743526624e-15,4.32373983706729e-18,1.052217143290258e-14,4.785683483201748e-07,0.225,-4.463414831853894e-14,0.24000014086213578,0.225,0.0,0.23999999999999996,0.0,129.88440633624492,1.2758461362003259e-14,True,True,False
8.77,1.3896351411247394e-07,0.0,3.785277915780727e-07,1.4038329622115181e-15,4.32373983706729e-18,1.052217143290258e-14,4.785683483201748e-07,0.225,-4.46933679485066e-14,0.24000013896351408,0.225,0.0,0.23999999999999996,0.0,129.88440633624492,1.2815162863157891e-14,True,True,False
8.775,1.3707685794784494e-07,0.0,3.7613494985069856e-07,1.4002068084057574e-15,4.32373983706729e-18,1.052217143290258e-14,4.785683483201748e-07,0.225,-4.475214096538606e-14,0.2400001370768579,0.225,0.0,0.23999999999999996,0.0,129.88440633624492,1.2871598773659387e-14,True,True,False
8.78,1.3520216465835086e-07,0.0,3.73742108123325e-07,1.3965646881363868e-15,4.32373983706729e-18,1.052217143290258e-14,4.785683483201748e-07,0.225,-4.4810465475937807e-14,0.24000013520216462,0.225,0.0,0.23999999999999996,0.0,129.88440633624492,1.2927768608561422e-14,True,True,False
8.785,1.3333943602034858e-07,0.0,3.713492663959521e-07,1.3929066767401627e-15,4.32373983706729e-18,1.052217143290258e-14,4.785683483201748e-07,0.225,-4.486833959219112e-14,0.24000013333943598,0.225,0.0,0.23999999999999996,0.0,129.88440633624492,1.2983671887512146e-14,True,True,False
8.790000000000001,1.314886720338381e-07,0.0,3.6895642466857956e-07,1.3892328496861288e-15,4.32373983706729e-18,1.052217143290258e-14,4.785683483201748e-07,0.225,-4.492576143146495e-14,0.240000131488672,0.225,0.0,0.23999999999999996,0.0,129.88440633624492,1.3039308134755172e-14,True,True,False
8.795,1.2964987181064095e-07,0.0,3.665635829412075e-07,1.3855432825721554e-15,4.32373983706729e-18,1.052217143290258e-14,4.785683483201748e-07,0.225,-4.498272911638901e-14,0.24000012964987177,0.225,0.0,0.23999999999999996,0.0,129.88440633624492,1.3094676879130565e-14,True,True,False
8.8,1.278230362389356e-07,0.0,3.641707412138359e-07,1.3818380511214957e-15,4.764441781410763e-18,1.01322277522059e-14,5.076593768148591e-07,0.225,-4.503924077492447e-14,0.2400001278230362,0.225,0.0,0.23999999999999996,0.0,129.88440672141016,1.3566879340565054e-14,True,True,False
8.805,1.2600852858369568e-07,0.0,3.616324443366935e-07,1.3779992082464327e-15,4.764441781410763e-18,1.01322277522059e-14,5.076593768148591e-07,0.225,-4.5095293901035355e-14,0.24000012600852855,0.225,0.0,0.23999999999999996,0.0,129.88440672141016,1.3621151289114074e-14,True,True,False
8.81,1.2420671210989486e-07,0.0,3.590941474595515e-07,1.3741450114231362e-15,4.764441781410763e-18,1.01322277522059e-14,5.076593768148591e-07,0.225,-4.5150885994977304e-14,0.24000012420671207,0.225,0.0,0.23999999999999996,0.0,129.88440672141016,1.3675148909608882e-14,True,True,False
8.815,1.2241758681753313e-07,0.0,3.5655585058240973e-07,1.3702755382700957e-15,4.764441781410763e-18,1.01322277522059e-14,5.076593768148591e-07,0.225,-4.520601520275381e-14,0.24000012241758678,0.225,0.0,0.23999999999999996,0.0,129.88440672141016,1.3728871764910916e-14,True,True,False
8.82,1.2064115359478894e-07,0.0,3.540175537052683e-07,1.3663908665135834e-15,4.764441781410763e-18,1.01322277522059e-14,5.076593768148591e-07,0.225,-4.526067967594318e-14,0.24000012064115356,0.225,0.0,0.23999999999999996,0.0,129.88440672141016,1.3782319422541556e-14,True,True,False
8.825000000000001,1.1887741155348384e-07,0.0,3.5147925682812714e-07,1.3624910739849433e-15,4.764441781410763e-18,1.01322277522059e-14,5.076593768148591e-07,0.225,-4.531487757171857e-14,0.24000011887741152,0.225,0.0,0.23999999999999996,0.0,129.88440672141016,1.3835491454682347e-14,True,True,False
8.83,1.1712636069361783e-07,0.0,3.4894095995098627e-07,1.3585762386181076e-15,4.764441781410763e-18,1.01322277522059e-14,5.076593768148591e-07,0.225,-4.5368607052867853e-14,0.24000011712636066,0.225,0.0,0.23999999999999996,0.0,129.88440672141016,1.3888387438175153e-14,True,True,False
8.835,1.1538800190336935e-07,0.0,3.4640266307384555e-07,1.3546464384473544e-15,4.764441781410763e-18,1.01322277522059e-14,5.076593768148591e-07,0.225,-4.542186628781348e-14,0.24000011538800187,0.225,0.0,0.23999999999999996,0.0,129.88440672141016,1.3941006954522256e-14,True,True,False
8.84,1.1366233429455997e-07,0.0,3.438643661967049e-07,1.350701751605313e-15,4.764441781410763e-18,1.01322277522059e-14,5.076593768148591e-07,0.225,-4.5474653450632194e-14,0.24000011366233426,0.225,0.0,0.23999999999999996,0.0,129.88440672141016,1.399334958988637e-14,True,True,False
8.845,1.1194935786718967e-07,0.0,3.413260693195644e-07,1.3467422563212153e-15,4.764441781410763e-18,1.01322277522059e-14,5.076593768148591e-07,0.225,-4.552696672107458e-14,0.24000011194935783,0.225,0.0,0.23999999999999996,0.0,129.88440672141016,1.4045414935090593e-14,True,True,False
8.85,1.102490735094369e-07,0.0,3.3878777244242383e-07,1.3427680309194e-15,4.9006338914347554e-18,9.717792413946084e-15,5.242627624919182e-07,0.225,-4.5578804284584627e-14,0.24000011024907347,0.225,0.0,0.23999999999999996,0.0,129.88440694123898,1.4540501657033153e-14,True,True,False
8.855,1.0856168816687344e-07,0.0,3.3616645863928815e-07,1.3386537181354469e-15,4.9006338914347554e-18,9.717792413946084e-15,5.242627624919182e-07,0.225,-4.563016365281353e-14,0.24000010856168813,0.225,0.0,0.23999999999999996,0.0,129.88440694123898,1.4591415620653585e-14,True,True,False
8.86,1.068874096732495e-07,0.0,3.335451448361524e-07,1.334525000705726e-15,4.9006338914347554e-18,9.717792413946084e-15,5.242627624919182e-07,0.225,-4.56810423441211e-14,0.24000010688740964,0.225,0.0,0.23999999999999996,0.0,129.88440694123898,1.4642045313618348e-14,True,True,False
8.865,1.0522623714038665e-07,0.0,3.3092383103301663e-07,1.3303819588693e-15,4.9006338914347554e-18,9.717792413946084e-15,5.242627624919182e-07,0.225,-4.5731438563191956e-14,0.2400001052262371,0.225,0.0,0.23999999999999996,0.0,129.88440694123898,1.4692390361999198e-14,True,True,False
8.870000000000001,1.0357817145646332e-07,0.0,3.283025172298808e-07,1.326224672951824e-15,4.9006338914347554e-18,9.717792413946084e-15,5.242627624919182e-07,0.225,-4.5781350520652266e-14,0.24000010357817142,0.225,0.0,0.23999999999999996,0.0,129.88440694123898,1.4742450396590524e-14,True,True,False
8.875,1.0194321173330109e-07,0.0,3.2568120342674485e-07,1.3220532233652501e-15,4.9006338914347554e-18,9.717792413946084e-15,5.242627624919182e-07,0.225,-4.5830776433088144e-14,0.2400001019432117,0.225,0.0,0.23999999999999996,0.0,129.88440694123898,1.479222505290852e-14,True,True,False
8.88,1.0032135885907838e-07,0.0,3.230598896236088e-07,1.3178676906077362e-15,4.9006338914347554e-18,9.717792413946084e-15,5.242627624919182e-07,0.225,-4.5879714523064444e-14,0.24000010032135882,0.225,0.0,0.23999999999999996,0.0,129.88440694123898,1.4841713971190352e-14,True,True,False
8.885,9.87126128337952e-08,0.0,3.2043857582047253e-07,1.3136681552637533e-15,4.9006338914347554e-18,9.717792413946084e-15,5.242627624919182e-07,0.225,-4.5928163019143075e-14,0.2400000987126128,0.225,0.0,0.23999999999999996,0.0,129.88440694123898,1.4890916796393207e-14,True,True,False
8.89,9.711697365745153e-08,0.0,3.178172620173361e-07,1.309454698004365e-15,4.9006338914347554e-18,9.717792413946084e-15,5.242627624919182e-07,0.225,-4.597612015590129e-14,0.24000009711697362,0.225,0.0,0.23999999999999996,0.0,129.88440694123898,1.49398331781933e-14,True,True,False
8.895,9.553444044186897e-08,0.0,3.151959482141995e-07,1.3052273995876557e-15,4.9006338914347554e-18,9.717792413946084e-15,5.242627624919182e-07,0.225,-4.6023584173950034e-14,0.2400000955344404,0.225,0.0,0.23999999999999996,0.0,129.88440694123898,1.4988462770984803e-14,True,True,False
8.9,9.396501407522592e-08,0.0,3.125746344110626e-07,1.3009863408592907e-15,4.716206468711885e-18,9.279169272535846e-15,5.302211359874307e-07,0.225,-4.607055331995204e-14,0.24000009396501404,0.225,0.0,0.23999999999999996,0.0,129.88440702012784,1.5505976677021993e-14,True,True,False
8.905,9.24087673881528e-08,0.0,3.099235287424082e-07,1.2965988463155173e-15,4.716206468711885e-18,9.279169272535846e-15,5.302211359874307e-07,0.225,-4.611702512747637e-14,0.24000009240876735,0.225,0.0,0.23999999999999996,0.0,129.88440702012784,1.5553401320767837e-14,True,True,False
8.91,9.086577765217214e-08,0.0,3.0727242307375367e-07,1.2921979317953056e-15,4.716206468711885e-18,9.279169272535846e-15,5.302211359874307e-07,0.225,-4.616299713721315e-14,0.24000009086577762,0.225,0.0,0.23999999999999996,0.0,129.88440702012784,1.5600532048664163e-14,True,True,False
8.915000000000001,8.933604309092709e-08,0.0,3.046213174050987e-07,1.2877836801431103e-15,4.716206468711885e-18,9.279169272535846e-15,5.302211359874307e-07,0.225,-4.620846761625203e-14,0.24000008933604305,0.225,0.0,0.23999999999999996,0.0,129.88440702012784,1.564736855154325e-14,True,True,False
8.92,8.781956548077448e-08,0.0,3.019702117364434e-07,1.2833561742891323e-15,4.716206468711885e-18,9.279169272535846e-15,5.302211359874307e-07,0.225,-4.62534348379868e-14,0.24000008781956544,0.225,0.0,0.23999999999999996,0.0,129.88440702012784,1.569391052501618e-14,True,True,False
8.925,8.631634126900065e-08,0.0,2.993191060677877e-07,1.278915497250031e-15,4.716206468711885e-18,9.279169272535846e-15,5.302211359874307e-07,0.225,-4.629789708213271e-14,0.24000008631634123,0.225,0.0,0.23999999999999996,0.0,129.88440702012784,1.5740157669470977e-14,True,True,False
8.93,8.482637312014085e-08,0.0,2.966680003991318e-07,1.2744617321296285e-15,4.716206468711885e-18,9.279169272535846e-15,5.302211359874307e-07,0.225,-4.6341852634743677e-14,0.24000008482637308,0.225,0.0,0.23999999999999996,0.0,129.88440702012784,1.578610969007077e-14,True,True,False
8.935,8.334966103419508e-08,0.0,2.940168947304753e-07,1.2699949621195918e-15,4.716206468711885e-18,9.279169272535846e-15,5.302211359874307e-07,0.225,-4.6385299788229204e-14,0.240000083349661,0.225,0.0,0.23999999999999996,0.0,129.88440702012784,1.5831766296751765e-14,True,True,False
8.94,8.188620501116334e-08,0.0,2.9136578906181844e-07,1.2655152705000863e-15,4.716206468711885e-18,9.279169272535846e-15,5.302211359874307e-07,0.225,-4.6428236841371444e-14,0.24000008188620497,0.225,0.0,0.23999999999999996,0.0,129.88440702012784,1.5877127204221236e-14,True,True,False
8.945,8.04360032746888e-08,0.0,2.887146833931611e-07,1.2610227406403967e-15,4.716206468711885e-18,9.279169272535846e-15,5.302211359874307e-07,0.225,-4.647066209934179e-14,0.24000008043600324,0.225,0.0,0.23999999999999996,0.0,129.88440702012784,1.5922192131955423e-14,True,True,False
8.950000000000001,7.899905760112828e-08,0.0,2.860635777245032e-07,1.2565174559994174e-15,4.271499744456701e-18,8.816705668940997e-15,5.272281764290734e-07,0.225,-4.651257387371766e-14,0.24000007899905756,0.225,0.0,0.23999999999999996,0.0,129.88440698050104,1.6461633090343632e-14,True,True,False
8.955,7.757532979880974e-08,0.0,2.834274368586557e-07,1.2518595280674717e-15,4.271499744456701e-18,8.816705668940997e-15,5.272281764290734e-07,0.225,-4.6553969724234245e-14,0.24000007757532976,0.225,0.0,0.23999999999999996,0.0,129.88440698050104,1.6505440621486587e-14,True,True,False
8.96,7.616478345241799e-08,0.0,2.807912959928077e-07,1.2471892006094373e-15,4.271499744456701e-18,8.816705668940997e-15,5.272281764290734e-07,0.225,-4.659484721816256e-14,0.24000007616478342,0.225,0.0,0.23999999999999996,0.0,129.88440698050104,1.6548944909046613e-14,True,True,False
8.965,7.476741678559618e-08,0.0,2.7815515512695907e-07,1.2425065591824348e-15,4.271499744456701e-18,8.816705668940997e-15,5.272281764290734e-07,0.225,-4.6635204688678766e-14,0.24000007476741675,0.225,0.0,0.23999999999999996,0.0,129.88440698050104,1.6592145710087162e-14,True,True,False
8.97,7.338323157470114e-08,0.0,2.7551901426110997e-07,1.2378116894300545e-15,4.271499744456701e-18,8.816705668940997e-15,5.272281764290734e-07,0.225,-4.667504047562159e-14,0.24000007338323154,0.225,0.0,0.23999999999999996,0.0,129.88440698050104,1.6635042786499988e-14,True,True,False
8.975,7.201222693155446e-08,0.0,2.7288287339526045e-07,1.2331046770821477e-15,4.271499744456701e-18,8.816705668940997e-15,5.272281764290734e-07,0.225,-4.6714352925508214e-14,0.2400000720122269,0.225,0.0,0.23999999999999996,0.0,129.88440698050104,1.667763590500223e-14,True,True,False
8.98,7.065440285615613e-08,0.0,2.702467325294103e-07,1.2283856079544973e-15,4.271499744456701e-18,8.816705668940997e-15,5.272281764290734e-07,0.225,-4.675314039154977e-14,0.24000007065440282,0.225,0.0,0.23999999999999996,0.0,129.88440698050104,1.6719924837133527e-14,True,True,False
8.985,6.930975934850616e-08,0.0,2.676105916635596e-07,1.22365456794838e-15,4.271499744456701e-18,8.816705668940997e-15,5.272281764290734e-07,0.225,-4.679140123366709e-14,0.2400000693097593,0.225,0.0,0.23999999999999996,0.0,129.88440698050104,1.6761909359252936e-14,True,True,False
8.99,6.797829729678299e-08,0.0,2.6497445079770833e-07,1.2189116430500418e-15,4.271499744456701e-18,8.816705668940997e-15,5.272281764290734e-07,0.225,-4.682913381850603e-14,0.24000006797829726,0.225,0.0,0.23999999999999996,0.0,129.88440698050104,1.6803589252535882e-14,True,True,False
8.995000000000001,6.666001492462974e-08,0.0,2.6233830993185664e-07,1.2141569193300932e-15,4.271499744456701e-18,8.816705668940997e-15,5.272281764290734e-07,0.225,-4.6866336519452837e-14,0.2400000666600149,0.225,0.0,0.23999999999999996,0.0,129.88440698050104,1.6844964302971014e-14,True,True,False
9.0,6.535491400840328e-08,0.0,2.597021690660043e-07,1.2093904829428354e-15,3.694568104334328e-18,8.330792527588009e-15,5.168281076806961e-07,0.225,-4.690300771664922e-14,0.24000006535491397,0.225,0.0,0.23999999999999996,0.0,129.88440684280414,1.7405789282582957e-14,True,True,False
9.005,6.406286309769747e-08,0.0,2.571180285404055e-07,1.2044653507349536e-15,3.694568104334328e-18,8.330792527588009e-15,5.168281076806961e-07,0.225,-4.69391450003082e-14,0.24000006406286306,0.225,0.0,0.23999999999999996,0.0,129.88440684280414,1.7445855710174232e-14,True,True,False
9.01,6.278373340664149e-08,0.0,2.545338880148061e-07,1.1995288760058294e-15,3.694568104334328e-18,8.330792527588009e-15,5.168281076806961e-07,0.225,-4.6974745968573074e-14,0.24000006278373337,0.225,0.0,0.23999999999999996,0.0,129.88440684280414,1.7485609903766648e-14,True,True,False
9.015,6.15175249352353e-08,0.0,2.519497474892062e-07,1.1945811470751163e-15,3.694568104334328e-18,8.330792527588009e-15,5.168281076806961e-07,0.225,-4.700980902433989e-14,0.2400000615175249,0.225,0.0,0.23999999999999996,0.0,129.88440684280414,1.752505168804237e-14,True,True,False
9.02,6.026423679530051e-08,0.0,2.493656069636057e-07,1.189622252337688e-15,3.694568104334328e-18,8.330792527588009e-15,5.168281076806961e-07,0.225,-4.7044332577523665e-14,0.24000006026423676,0.225,0.0,0.23999999999999996,0.0,129.88440684280414,1.7564180892554502e-14,True,True,False
9.025,5.90238689868371e-08,0.0,2.4678146643800467e-07,1.1846522802620906e-15,3.694568104334328e-18,8.330792527588009e-15,5.168281076806961e-07,0.225,-4.707831504508232e-14,0.24000005902386895,0.225,0.0,0.23999999999999996,0.0,129.88440684280414,1.7602997351723097e-14,True,True,False
9.03,5.779642150984509e-08,0.0,2.4419732591240315e-07,1.1796713193887879e-15,3.694568104334328e-18,8.330792527588009e-15,5.168281076806961e-07,0.225,-4.7111754851003386e-14,0.24000005779642147,0.225,0.0,0.23999999999999996,0.0,129.88440684280414,1.764150090483117e-14,True,True,False
9.035,5.658189525250289e-08,0.0,2.41613185386801e-07,1.1746794583282762e-15,3.694568104334328e-18,8.330792527588009e-15,5.168281076806961e-07,0.225,-4.7144650426331663e-14,0.24000005658189522,0.225,0.0,0.23999999999999996,0.0,129.88440684280414,1.7679691396020634e-14,True,True,False
9.040000000000001,5.5380290214810504e-08,0.0,2.390290448611983e-07,1.1696767857592265e-15,3.694568104334328e-18,8.330792527588009e-15,5.168281076806961e-07,0.225,-4.717700020918415e-14,0.24000005538029018,0.225,0.0,0.23999999999999996,0.0,129.88440684280414,1.771756867428814e-14,True,True,False
9.045,5.41916055085895e-08,0.0,2.3644490433559508e-07,1.1646633904265638e-15,3.694568104334328e-18,8.330792527588009e-15,5.168281076806961e-07,0.225,-4.720880264476395e-14,0.24000005419160547,0.225,0.0,0.23999999999999996,0.0,129.88440684280414,1.7755132593480886e-14,True,True,False
9.05,5.3015841133839896e-08,0.0,2.3386076380999137e-07,1.1596393611394987e-15,3.1481056538126315e-18,7.821864471234803e-15,5.004176265320564e-07,0.225,-4.7240056185373874e-14,0.2400000530158411,0.225,0.0,0.23999999999999996,0.0,129.88440662552938,1.8336755798601745e-14,True,True,False
9.055,5.185279192134674e-08,0.0,2.313586756861853e-07,1.1544507515316136e-15,3.1481056538126315e-18,7.821864471234803e-15,5.004176265320564e-07,0.225,-4.727075845599597e-14,0.24000005185279188,0.225,0.0,0.23999999999999996,0.0,129.88440662552938,1.837296119108062e-14,True,True,False
9.06,5.070225447825191e-08,0.0,2.2885658756237872e-07,1.1492518927082148e-15,3.1481056538126315e-18,7.821864471234803e-15,5.004176265320564e-07,0.225,-4.730090708993802e-14,0.24000005070225444,0.225,0.0,0.23999999999999996,0.0,129.88440662552938,1.8408845716089528e-14,True,True,False
9.065,4.9564227028198576e-08,0.0,2.263544994385716e-07,1.1440428756690099e-15,3.1481056538126315e-18,7.821864471234803e-15,5.004176265320564e-07,0.225,-4.733050056339398e-14,0.240000049564227,0.225,0.0,0.23999999999999996,0.0,129.88440662552938,1.8444409267230285e-14,True,True,False
9.07,4.843870957118673e-08,0.0,2.2385241131476403e-07,1.138823791464327e-15,3.1481056538126315e-18,7.821864471234803e-15,5.004176265320564e-07,0.225,-4.735953735992123e-14,0.24000004843870953,0.225,0.0,0.23999999999999996,0.0,129.88440662552938,1.8479651743011186e-14,True,True,False
9.075000000000001,4.732570210721639e-08,0.0,2.2135032319095594e-07,1.1335947311922983e-15,3.1481056538126315e-18,7.821864471234803e-15,5.004176265320564e-07,0.225,-4.738801597045325e-14,0.24000004732570207,0.225,0.0,0.23999999999999996,0.0,129.88440662552938,1.8514573046841985e-14,True,True,False
9.08,4.622520552446597e-08,0.0,2.1884823506714743e-07,1.1283557859959695e-15,3.1481056538126315e-18,7.821864471234803e-15,5.004176265320564e-07,0.225,-4.7415934893312414e-14,0.2400000462252055,0.225,0.0,0.23999999999999996,0.0,129.88440662552938,1.854917308702885e-14,True,True,False
9.085,4.513721982293546e-08,0.0,2.1634614694333847e-07,1.1231070470603571e-15,3.1481056538126315e-18,7.821864471234803e-15,5.004176265320564e-07,0.225,-4.744329263422222e-14,0.2400000451372198,0.225,0.0,0.23999999999999996,0.0,129.88440662552938,1.85834517767692e-14,True,True,False
9.09,4.4061745002624865e-08,0.0,2.1384405881952906e-07,1.1178486056094657e-15,3.1481056538126315e-18,7.821864471234803e-15,5.004176265320564e-07,0.225,-4.747008770631978e-14,0.24000004406174497,0.225,0.0,0.23999999999999996,0.0,129.88440662552938,1.8617409034146482e-14,True,True,False
9.095,4.2998779287177355e-08,0.0,2.1134197069571923e-07,1.1125805529033703e-15,3.1481056538126315e-18,7.821864471234803e-15,5.004176265320564e-07,0.225,-4.7496318630168136e-14,0.24000004299877925,0.225,0.0,0.23999999999999996,0.0,129.88440662552938,1.8651044782124926e-14,True,True,False
9.1,4.194832445294977e-08,0.0,2.0883988257190897e-07,1.107302980235273e-15,2.7799601617480987e-18,7.290399709724934e-15,4.792496422841442e-07,0.225,-4.7521983933753006e-14,0.24000004194832442,0.225,0.0,0.23999999999999996,0.0,129.88440634526526,1.9252838026864627e-14,True,True,False
9.105,4.0910115822773024e-08,0.0,2.0644363437169787e-07,1.1018551225130588e-15,2.7799601617480987e-18,7.290399709724934e-15,4.792496422841442e-07,0.225,-4.7547081281133364e-14,0.24000004091011579,0.225,0.0,0.23999999999999996,0.0,129.88440634526526,1.9285066767052906e-14,True,True,False
9.11,3.988388871947807e-08,0.0,2.0404738617148634e-07,1.0963981435932539e-15,2.7799601617480987e-18,7.290399709724934e-15,4.792496422841442e-07,0.225,-4.757160834508856e-14,0.24000003988388868,0.225,0.0,0.23999999999999996,0.0,129.88440634526526,1.9316966382606258e-14,True,True,False
9.115,3.886964225488648e-08,0.0,2.0165113797127453e-07,1.0909321369476567e-15,2.7799601617480987e-18,7.290399709724934e-15,4.792496422841442e-07,0.225,-4.759556367862681e-14,0.24000003886964222,0.225,0.0,0.23999999999999996,0.0,129.88440634526526,1.9348536837256963e-14,True,True,False
9.120000000000001,3.786737731717667e-08,0.0,1.9925488977106234e-07,1.0854571960627562e-15,2.7799601617480987e-18,7.290399709724934e-15,4.792496422841442e-07,0.225,-4.761894584246106e-14,0.24000003786737728,0.225,0.0,0.23999999999999996,0.0,129.88440634526526,1.937977809967216e-14,True,True,False
9.125,3.687709301817024e-08,0.0,1.9685864157084983e-07,1.0799734144361359e-15,2.7799601617480987e-18,7.290399709724934e-15,4.792496422841442e-07,0.225,-4.764175340501976e-14,0.24000003687709298,0.225,0.0,0.23999999999999996,0.0,129.88440634526526,1.941069014344772e-14,True,True,False
9.13,3.589879113422401e-08,0.0,1.944623933706371e-07,1.074480885572866e-15,2.7799601617480987e-18,7.290399709724934e-15,4.792496422841442e-07,0.225,-4.766398494245837e-14,0.2400000358987911,0.225,0.0,0.23999999999999996,0.0,129.88440634526526,1.944127294710215e-14,True,True,False
9.135,3.493246988898115e-08,0.0,1.9206614517042403e-07,1.068979702981884e-15,2.7799601617480987e-18,7.290399709724934e-15,4.792496422841442e-07,0.225,-4.768563903866976e-14,0.24000003493246985,0.225,0.0,0.23999999999999996,0.0,129.88440634526526,1.94715264940703e-14,True,True,False
9.14,3.397812928244167e-08,0.0,1.8966989697021073e-07,1.0634699601724017e-15,2.7799601617480987e-18,7.290399709724934e-15,4.792496422841442e-07,0.225,-4.7706714285295324e-14,0.24000003397812925,0.225,0.0,0.23999999999999996,0.0,129.88440634526526,1.950145077269711e-14,True,True,False
9.145,3.303577020278398e-08,0.0,1.8727364876999724e-07,1.0579517506503322e-15,2.7799601617480987e-18,7.290399709724934e-15,4.792496422841442e-07,0.225,-4.7727209281735285e-14,0.24000003303577017,0.225,0.0,0.23999999999999996,0.0,129.88440634526526,1.953104577623128e-14,True,True,False
9.15,3.210539265000809e-08,0.0,1.8487740056978352e-07,1.0524251679147676e-15,2.676402102827148e-18,6.73691997033115e-15,4.544385460944067e-07,0.225,-4.774712263515947e-14,0.2400000321053926,0.225,0.0,0.23999999999999996,0.0,129.88440601676632,2.015233881151903e-14,True,True,False
9.155,3.118668664984553e-08,0.0,1.8260520786119578e-07,1.0467227857305419e-15,2.676402102827148e-18,6.73691997033115e-15,4.544385460944067e-07,0.225,-4.776645205303664e-14,0.2400000311866866,0.225,0.0,0.23999999999999996,0.0,129.88440601676632,2.018047984870167e-14,True,True,False
9.16,3.027934045167098e-08,0.0,1.8033301515260792e-07,1.0410124423423188e-15,2.676402102827148e-18,6.73691997033115e-15,4.544385460944067e-07,0.225,-4.7785195251929695e-14,0.24000003027934041,0.225,0.0,0.23999999999999996,0.0,129.88440601676632,2.020828389945096e-14,True,True,False
9.165000000000001,2.938335583184129e-08,0.0,1.7806082244401995e-07,1.035294233393718e-15,2.676402102827148e-18,6.73691997033115e-15,4.544385460944067e-07,0.225,-4.780335086510938e-14,0.2400000293833558,0.225,0.0,0.23999999999999996,0.0,129.88440601676632,2.0235750998747076e-14,True,True,False
9.17,2.849873279035646e-08,0.0,1.7578862973543182e-07,1.0295682545019675e-15,2.676402102827148e-18,6.73691997033115e-15,4.544385460944067e-07,0.225,-4.782091753388517e-14,0.24000002849873275,0.225,0.0,0.23999999999999996,0.0,129.88440601676632,2.0262881186526078e-14,True,True,False
9.175,2.7625469550859657e-08,0.0,1.7351643702684372e-07,1.02383460125464e-15,2.676402102827148e-18,6.73691997033115e-15,4.544385460944067e-07,0.225,-4.783789390761484e-14,0.24000002762546951,0.225,0.0,0.23999999999999996,0.0,129.88440601676632,2.028967450767267e-14,True,True,False
9.18,2.6763567889707726e-08,0.0,1.7124424431825554e-07,1.0180933692065214e-15,2.676402102827148e-18,6.73691997033115e-15,4.544385460944067e-07,0.225,-4.785427864371372e-14,0.24000002676356785,0.225,0.0,0.23999999999999996,0.0,129.88440601676632,2.0316131012012955e-14,True,True,False
9.185,2.5913027806900662e-08,0.0,1.689720516096673e-07,1.0123446538766163e-15,2.676402102827148e-18,6.73691997033115e-15,4.544385460944067e-07,0.225,-4.787007040766409e-14,0.24000002591302777,0.225,0.0,0.23999999999999996,0.0,129.88440601676632,2.034225075430717e-14,True,True,False
9.19,2.5073847526081646e-08,0.0,1.6669985890107912e-07,1.0065885507453218e-15,2.676402102827148e-18,6.73691997033115e-15,4.544385460944067e-07,0.225,-4.788526787302411e-14,0.2400000250738475,0.225,0.0,0.23999999999999996,0.0,129.88440601676632,2.0368033794242297e-14,True,True,False
9.195,2.424602882360751e-08,0.0,1.6442766619249094e-07,1.0008251552517758e-15,2.676402102827148e-18,6.73691997033115e-15,4.544385460944067e-07,0.225,-4.7899869721436864e-14,0.2400000242460288,0.225,0.0,0.23999999999999996,0.0,129.88440601676632,2.0393480196424608e-14,True,True,False
9.200000000000001,2.34295708112998e-08,0.0,1.621554734839029e-07,9.950545627914118e-16,2.8922940889811677e-18,6.1598136225359436e-15,4.2696673232615493e-07,0.225,-4.7891454093578683e-14,0.24000002342957077,0.225,0.0,0.23999999999999996,0.0,129.88440565303952,2.0952165050631204e-14,True,True,False
9.205,2.2624130652288555e-08,0.0,1.60020639838009e-07,9.891258885209258e-16,2.8922940889811677e-18,6.1598136225359436e-15,4.2696673232615493e-07,0.225,-4.7876984199412084e-14,0.24000002262413062,0.225,0.0,0.23999999999999996,0.0,129.88440565303952,2.0872119273733473e-14,True,True,False
9.21,2.182936462152536e-08,0.0,1.5788580619211522e-07,9.83219867501342e-16,2.8922940889811677e-18,6.1598136225359436e-15,4.2696673232615493e-07,0.225,-4.786208380977678e-14,0.24000002182936458,0.225,0.0,0.23999999999999996,0.0,129.88440565303952,2.0792490905534082e-14,True,True,False
9.215,2.1045272719010235e-08,0.0,1.5575097254622162e-07,9.773363816878816e-16,2.8922940889811677e-18,6.1598136225359436e-15,4.2696673232615493e-07,0.225,-4.784675374392327e-14,0.24000002104527268,0.225,0.0,0.23999999999999996,0.0,129.88440565303952,2.0713278203065082e-14,True,True,False
9.22,2.0271854944743178e-08,0.0,1.5361613890032817e-07,9.714753135009868e-16,2.8922940889811677e-18,6.1598136225359436e-15,4.2696673232615493e-07,0.225,-4.783099481590897e-14,0.2400000202718549,0.225,0.0,0.23999999999999996,0.0,129.88440565303952,2.063447943187189e-14,True,True,False
9.225,1.950911129872421e-08,0.0,1.5148130525443496e-07,9.656365458241106e-16,2.8922940889811677e-18,6.1598136225359436e-15,4.2696673232615493e-07,0.225,-4.781480783461694e-14,0.24000001950911126,0.225,0.0,0.23999999999999996,0.0,129.88440565303952,2.055609286597598e-14,True,True,False
9.23,1.875704178095334e-08,0.0,1.4934647160854193e-07,9.598199620017672e-16,2.8922940889811677e-18,6.1598136225359436e-15,4.2696673232615493e-07,0.225,-4.7798193603775147e-14,0.24000001875704174,0.225,0.0,0.23999999999999996,0.0,129.88440565303952,2.0478116787837913e-14,True,True,False
9.235,1.8015646391430578e-08,0.0,1.4721163796264915e-07,9.540254458378364e-16,2.8922940889811677e-18,6.1598136225359436e-15,4.2696673232615493e-07,0.225,-4.7781152921975055e-14,0.24000001801564635,0.225,0.0,0.23999999999999996,0.0,129.88440565303952,2.04005494883204e-14,True,True,False
9.24,1.7284925130155938e-08,0.0,1.4507680431675665e-07,9.482528815941205e-16,2.8922940889811677e-18,6.1598136225359436e-15,4.2696673232615493e-07,0.225,-4.7763686582690627e-14,0.2400000172849251,0.225,0.0,0.23999999999999996,0.0,129.88440565303952,2.032338926665162e-14,True,True,False
9.245000000000001,1.6564877997129446e-08,0.0,1.4294197067086447e-07,9.425021539891537e-16,2.8922940889811677e-18,6.1598136225359436e-15,4.2696673232615493e-07,0.225,-4.774579537429674e-14,0.24000001656487796,0.225,0.0,0.23999999999999996,0.0,129.88440565303952,2.0246634430388732e-14,True,True,False
9.25,1.5855504992351115e-08,0.0,1.4080713702497264e-07,9.367731481972521e-16,3.8563469247099814e-18,5.552375809429917e-15,3.976919496337286e-07,0.225,-4.7727480080087855e-14,0.24000001585550496,0.225,0.0,0.23999999999999996,0.0,129.88440526544142,2.0820026639677622e-14,True,True,False
9.255,1.5156440186312052e-08,0.0,1.388186772863695e-07,9.308818986433469e-16,3.8563469247099814e-18,5.552375809429917e-15,3.976919496337286e-07,0.225,-4.770874306541759e-14,0.24000001515644015,0.225,0.0,0.23999999999999996,0.0,129.88440526544142,2.07432142163023e-14,True,True,False
9.26,1.4467317649503372e-08,0.0,1.3683021754776669e-07,9.250123868946713e-16,3.8563469247099814e-18,5.552375809429917e-15,3.976919496337286e-07,0.225,-4.7689586688375016e-14,0.2400000144673176,0.225,0.0,0.23999999999999996,0.0,129.88440526544142,2.0666812943484277e-14,True,True,False
9.265,1.3788138270103527e-08,0.0,1.3484175780916428e-07,9.191644964355964e-16,3.8563469247099814e-18,5.552375809429917e-15,3.976919496337286e-07,0.225,-4.767001171259552e-14,0.24000001378813823,0.225,0.0,0.23999999999999996,0.0,129.88440526544142,2.0590821134582268e-14,True,True,False
9.27,1.3118901159934132e-08,0.0,1.3285329807056227e-07,9.13338111212743e-16,3.8563469247099814e-18,5.552375809429917e-15,3.976919496337286e-07,0.225,-4.7650018896534797e-14,0.24000001311890112,0.225,0.0,0.23999999999999996,0.0,129.88440526544142,2.0515237111299858e-14,True,True,False
9.275,1.2459605430816811e-08,0.0,1.3086483833196068e-07,9.075331156351798e-16,3.8563469247099814e-18,5.552375809429917e-15,3.976919496337286e-07,0.225,-4.7629608993486965e-14,0.2400000124596054,0.225,0.0,0.23999999999999996,0.0,129.88440526544142,2.0440059203649426e-14,True,True,False
9.28,1.1810251970930032e-08,0.0,1.2887637859335957e-07,9.01749394574656e-16,3.8563469247099814e-18,5.552375809429917e-15,3.976919496337286e-07,0.225,-4.76087827516029e-14,0.24000001181025193,0.225,0.0,0.23999999999999996,0.0,129.88440526544142,2.036528574991611e-14,True,True,False
9.285,1.1170841668452278e-08,0.0,1.2688791885475893e-07,8.959868333658722e-16,3.8563469247099814e-18,5.552375809429917e-15,3.976919496337286e-07,0.225,-4.758754091390814e-14,0.24000001117084163,0.225,0.0,0.23999999999999996,0.0,129.88440526544142,2.0290915096622095e-14,True,True,False
9.290000000000001,1.0541373635205199e-08,0.0,1.2489945911615875e-07,8.902453178067648e-16,3.8563469247099814e-18,5.552375809429917e-15,3.976919496337286e-07,0.225,-4.75658842183208e-14,0.2400000105413736,0.225,0.0,0.23999999999999996,0.0,129.88440526544142,2.0216945598490996e-14,True,True,False
9.295,9.921846983010465e-09,0.0,1.229109993775591e-07,8.845247341588061e-16,3.8563469247099814e-18,5.552375809429917e-15,3.976919496337286e-07,0.225,-4.7543813397669415e-14,0.24000000992184695,0.225,0.0,0.23999999999999996,0.0,129.88440526544142,2.0143375618412387e-14,True,True,False
9.3,9.31226348822502e-09,0.0,1.2092253963895994e-07,8.788249691473157e-16,4.706396042610649e-18,4.952566688765045e-15,3.673553078077372e-07,0.225,-4.7521329179710664e-14,0.24000000931226345,0.225,0.0,0.23999999999999996,0.0,129.88440486378425,2.07117868754201e-14,True,True,False
9.305,8.71224212230695e-09,0.0,1.1908576311821036e-07,8.729643676957358e-16,4.706396042610649e-18,4.952566688765045e-15,3.673553078077372e-07,0.225,-4.749843385434609e-14,0.24000000871224209,0.225,0.0,0.23999999999999996,0.0,129.88440486378425,2.0638158581052452e-14,True,True,False
9.31,8.121405409428058e-09,0.0,1.1724898659746134e-07,8.6712460093959175e-16,4.706396042610649e-18,4.952566688765045e-15,3.673553078077372e-07,0.225,-4.747512970423622e-14,0.24000000812140537,0.225,0.0,0.23999999999999996,0.0,129.88440486378425,2.0564935599360156e-14,True,True,False
9.315,7.539752461410136e-09,0.0,1.1541221007671286e-07,8.613055539820406e-16,4.706396042610649e-18,4.952566688765045e-15,3.673553078077372e-07,0.225,-4.745141743754135e-14,0.24000000753975242,0.225,0.0,0.23999999999999996,0.0,129.88440486378425,2.049211629872824e-14,True,True,False
9.32,6.967283278253463e-09,0.0,1.135754335559649e-07,8.555071123988839e-16,4.706396042610649e-18,4.952566688765045e-15,3.673553078077372e-07,0.225,-4.74272977572634e-14,0.24000000696728324,0.225,0.0,0.23999999999999996,0.0,129.88440486378425,2.0419699055727148e-14,True,True,False
9.325000000000001,6.403997859958401e-09,0.0,1.1173865703521749e-07,8.497291622385337e-16,4.706396042610649e-18,4.952566688765045e-15,3.673553078077372e-07,0.225,-4.740277136124913e-14,0.24000000640399782,0.225,0.0,0.23999999999999996,0.0,129.88440486378425,2.034768225507756e-14,True,True,False
9.33,5.849897094703857e-09,0.0,1.0990188051447065e-07,8.439715900217706e-16,4.706396042610649e-18,4.952566688765045e-15,3.673553078077372e-07,0.225,-4.737783894220788e-14,0.24000000584989706,0.225,0.0,0.23999999999999996,0.0,129.88440486378425,2.027606428961553e-14,True,True,False
9.335,5.304979206133657e-09,0.0,1.0806510399372436e-07,8.382342827412733e-16,4.706396042610649e-18,4.952566688765045e-15,3.673553078077372e-07,0.225,-4.7352501187728877e-14,0.24000000530497917,0.225,0.0,0.23999999999999996,0.0,129.88440486378425,2.0204843560257706e-14,True,True,False
9.34,4.7692459706055805e-09,0.0,1.0622832747297859e-07,8.325171278609029e-16,4.706396042610649e-18,4.952566688765045e-15,3.673553078077372e-07,0.225,-4.732675878029804e-14,0.24000000476924593,0.225,0.0,0.23999999999999996,0.0,129.88440486378425,2.0134018475966697e-14,True,True,False
9.345,4.24269649994257e-09,0.0,1.043915509522334e-07,8.268200133147179e-16,4.706396042610649e-18,4.952566688765045e-15,3.673553078077372e-07,0.225,-4.7300612397315236e-14,0.24000000424269646,0.225,0.0,0.23999999999999996,0.0,129.88440486378425,2.0063587453716685e-14,True,True,False
9.35,3.725330794146689e-09,0.0,1.0255477443148873e-07,8.211428275057017e-16,5.42781619040374e-18,4.359709158684279e-15,3.3658972574713016e-07,0.225,-4.727406271111105e-14,0.24000000372533076,0.225,0.0,0.23999999999999996,0.0,129.88440445644795,2.0627696529850895e-14,True,True,False
9.355,3.2167642719655215e-09,0.0,1.0087182581919537e-07,8.153060210579788e-16,5.42781619040374e-18,4.359709158684279e-15,3.3658972574713016e-07,0.225,-4.724711193799624e-14,0.24000000321676423,0.225,0.0,0.23999999999999996,0.0,129.88440445644795,2.0557206322778492e-14,True,True,False
9.36,2.716613240327393e-09,0.0,9.918887720690253e-08,8.094891599724704e-16,5.42781619040374e-18,4.359709158684279e-15,3.3658972574713016e-07,0.225,-4.721976228707807e-14,0.2400000027166132,0.225,0.0,0.23999999999999996,0.0,129.88440445644795,2.0487116010166932e-14,True,True,False
9.365,2.2248750347073714e-09,0.0,9.750592859461022e-08,8.036921310675691e-16,5.42781619040374e-18,4.359709158684279e-15,3.3658972574713016e-07,0.225,-4.719201441115764e-14,0.240000002224875,0.225,0.0,0.23999999999999996,0.0,129.88440445644795,2.041742401418695e-14,True,True,False
9.370000000000001,1.7415532078404522e-09,0.0,9.582297998231839e-08,7.979148216299315e-16,5.42781619040374e-18,4.359709158684279e-15,3.3658972574713016e-07,0.225,-4.7163868957865685e-14,0.24000000174155317,0.225,0.0,0.23999999999999996,0.0,129.88440445644795,2.0348128765043288e-14,True,True,False
9.375,1.266645983422017e-09,0.0,9.414003137002709e-08,7.921571194113832e-16,5.42781619040374e-18,4.359709158684279e-15,3.3658972574713016e-07,0.225,-4.713532656967888e-14,0.24000000126664595,0.225,0.0,0.23999999999999996,0.0,129.88440445644795,2.0279228700940578e-14,True,True,False
9.38,8.001524734446203e-10,0.0,9.245708275773622e-08,7.864189126254726e-16,5.42781619040374e-18,4.359709158684279e-15,3.3658972574713016e-07,0.225,-4.7106387883936127e-14,0.24000000080015244,0.225,0.0,0.23999999999999996,0.0,129.88440445644795,2.021072226804938e-14,True,True,False
9.385,3.4207445533708745e-10,0.0,9.077413414544584e-08,7.807000899437038e-16,5.42781619040374e-18,4.359709158684279e-15,3.3658972574713016e-07,0.225,-4.707705353285496e-14,0.24000000034207442,0.225,0.0,0.23999999999999996,0.0,129.88440445644795,2.0142607920472415e-14,True,True,False
9.39,1.0758808762270923e-10,0.0,8.909118553315587e-08,7.750005404914855e-16,5.42781619040374e-18,4.359709158684279e-15,3.3658972574713016e-07,0.225,-4.704732414354786e-14,0.23999999989241189,0.225,0.0,0.23999999999999996,0.0,129.88440445644795,2.00748841202109e-14,True,True,False
9.395,5.488368946137907e-10,0.0,8.740823692086633e-08,7.693201538438319e-16,5.42781619040374e-18,4.359709158684279e-15,3.3658972574713016e-07,0.225,-4.7017200338038305e-14,0.23999999945116307,0.225,0.0,0.23999999999999996,0.0,129.88440445644795,2.0007549337131144e-14,True,True,False
9.4,9.816711066399874e-10,0.0,8.57252883085772e-08,7.636588200208601e-16,5.977890956571485e-18,3.7731226535754075e-15,3.0592853571311314e-07,0.225,-4.6986682733277e-14,0.23999999901832886,0.225,0.0,0.23999999999999996,0.0,129.8844040504938,2.056804188815472e-14,True,True,False
9.405,1.4064735217655971e-09,0.0,8.419564564562686e-08,7.578388892637428e-16,5.977890956571485e-18,3.7731226535754075e-15,3.0592853571311314e-07,0.225,-4.6955773473793444e-14,0.23999999859352644,0.225,0.0,0.23999999999999996,0.0,129.8844040504938,2.050064690124057e-14,True,True,False
9.41,1.8236278326797294e-09,0.0,8.266600298267687e-08,7.520380285838494e-16,5.977890956571485e-18,3.7731226535754075e-15,3.0592853571311314e-07,0.225,-4.692447469693014e-14,0.23999999817637213,0.225,0.0,0.23999999999999996,0.0,129.8844040504938,2.043364681030688e-14,True,True,False
9.415000000000001,2.2331331511121355e-09,0.0,8.113636031972719e-08,7.462561263595306e-16,5.977890956571485e-18,3.7731226535754075e-15,3.0592853571311314e-07,0.225,-4.689278700013992e-14,0.2399999977668668,0.225,0.0,0.23999999999999996,0.0,129.8844040504938,2.0367040090121e-14,True,True,False
9.42,2.6349912533866394e-09,0.0,7.960671765677783e-08,7.404930714024959e-16,5.977890956571485e-18,3.7731226535754075e-15,3.0592853571311314e-07,0.225,-4.686071097569988e-14,0.2399999973650087,0.225,0.0,0.23999999999999996,0.0,129.8844040504938,2.0300825223340563e-14,True,True,False
9.425,3.029200363131615e-09,0.0,7.807707499382872e-08,7.34748752952794e-16,5.977890956571485e-18,3.7731226535754075e-15,3.0592853571311314e-07,0.225,-4.682824721072691e-14,0.2399999969707996,0.225,0.0,0.23999999999999996,0.0,129.8844040504938,2.0235000700480326e-14,True,True,False
9.43,3.4157622566962873e-09,0.0,7.654743233087985e-08,7.290230606738846e-16,5.977890956571485e-18,3.7731226535754075e-15,3.0592853571311314e-07,0.225,-4.679539628719352e-14,0.2399999965842377,0.225,0.0,0.23999999999999996,0.0,129.8844040504938,2.016956501987917e-14,True,True,False
9.435,3.794674269541079e-09,0.0,7.501778966793118e-08,7.233158846478525e-16,5.977890956571485e-18,3.7731226535754075e-15,3.0592853571311314e-07,0.225,-4.6762158781936307e-14,0.2399999962053257,0.225,0.0,0.23999999999999996,0.0,129.8844040504938,2.010451668766724e-14,True,True,False
9.44,4.1659399543770334e-09,0.0,7.348814700498269e-08,7.176271153707504e-16,5.977890956571485e-18,3.7731226535754075e-15,3.0592853571311314e-07,0.225,-4.672853526666911e-14,0.23999999583406,0.225,0.0,0.23999999999999996,0.0,129.8844040504938,2.0039854217733284e-14,True,True,False
9.445,4.529555758488777e-09,0.0,7.195850434203438e-08,7.119566437482721e-16,5.977890956571485e-18,3.7731226535754075e-15,3.0592853571311314e-07,0.225,-4.669452630802396e-14,0.2399999954704442,0.225,0.0,0.23999999999999996,0.0,129.8844040504938,1.997557613169213e-14,True,True,False
9.450000000000001,4.885524346410426e-09,0.0,7.042886167908617e-08,7.063043610915946e-16,6.311283141615811e-18,3.1921221815010456e-15,2.75814161953927e-07,0.225,-4.6660132467550104e-14,0.23999999511447562,0.225,0.0,0.23999999999999996,0.0,129.8844036517795,2.0533145724802573e-14,True,True,False
9.455,5.234221417612703e-09,0.0,6.904979087860215e-08,7.004943095972351e-16,6.311283141615811e-18,3.1921221815010456e-15,2.75814161953927e-07,0.225,-4.662535581977487e-14,0.23999999476577855,0.225,0.0,0.23999999999999996,0.0,129.8844036517795,2.0468806262142124e-14,True,True,False
9.46,5.576022671566558e-09,0.0,6.767072007811822e-08,6.947024645454081e-16,6.311283141615811e-18,3.1921221815010456e-15,2.75814161953927e-07,0.225,-4.659019843204764e-14,0.2399999944239773,0.225,0.0,0.23999999999999996,0.0,129.8844036517795,2.0404857117386216e-14,True,True,False
9.465,5.9109281082715755e-09,0.0,6.629164927763428e-08,6.889287155215563e-16,6.311283141615811e-18,3.1921221815010456e-15,2.75814161953927e-07,0.225,-4.6554660846427047e-14,0.23999999408907186,0.225,0.0,0.23999999999999996,0.0,129.8844036517795,2.034129681675548e-14,True,True,False
9.47,6.238939504084283e-09,0.0,6.49125784771504e-08,6.831729525101727e-16,6.311283141615811e-18,3.1921221815010456e-15,2.75814161953927e-07,0.225,-4.651874359978422e-14,0.23999999376106046,0.225,0.0,0.23999999999999996,0.0,129.8844036517795,2.0278123894224513e-14,True,True,False
9.475,6.560054194469179e-09,0.0,6.353350767666645e-08,6.774350658920838e-16,6.311283141615811e-18,3.1921221815010456e-15,2.75814161953927e-07,0.225,-4.6482447223817606e-14,0.23999999343994577,0.225,0.0,0.23999999999999996,0.0,129.8844036517795,2.0215336891489644e-14,True,True,False
9.48,6.874273955782914e-09,0.0,6.215443687618247e-08,6.717149464420802e-16,6.311283141615811e-18,3.1921221815010456e-15,2.75814161953927e-07,0.225,-4.6445772245067886e-14,0.239999993125726,0.225,0.0,0.23999999999999996,0.0,129.8844036517795,2.0152934357936857e-14,True,True,False
9.485,7.181598788025338e-09,0.0,6.077536607569839e-08,6.660124853268877e-16,6.311283141615811e-18,3.1921221815010456e-15,2.75814161953927e-07,0.225,-4.6408719184932723e-14,0.23999999281840118,0.225,0.0,0.23999999999999996,0.0,129.8844036517795,2.009091485060988e-14,True,True,False
9.49,7.482027803017912e-09,0.0,5.939629527521422e-08,6.603275741034648e-16,6.311283141615811e-18,3.1921221815010456e-15,2.75814161953927e-07,0.225,-4.637128855968132e-14,0.23999999251797216,0.225,0.0,0.23999999999999996,0.0,129.8844036517795,2.0029276934178432e-14,True,True,False
9.495000000000001,7.775561888938956e-09,0.0,5.801722447472991e-08,6.546601047176155e-16,6.311283141615811e-18,3.1921221815010456e-15,2.75814161953927e-07,0.225,-4.633348088046896e-14,0.23999999222443807,0.225,0.0,0.23999999999999996,0.0,129.8844036517795,1.9968019180906615e-14,True,True,False
9.5,8.06220015760997e-09,0.0,5.663815367424544e-08,6.490099695028898e-16,6.399628011308562e-18,2.616017479292023e-15,2.466067388047209e-07,0.225,-4.6295296653351626e-14,0.2399999919377998,0.225,0.0,0.23999999999999996,0.0,129.88440326507322,2.0523368200419825e-14,True,True,False
9.505,8.342308538539801e-09,0.0,5.540511999237895e-08,6.432026934696096e-16,6.399628011308562e-18,2.616017479292023e-15,2.466067388047209e-07,0.225,-4.625673788456826e-14,0.23999999165769142,0.225,0.0,0.23999999999999996,0.0,129.88440326507322,2.0462047738590043e-14,True,True,False
9.51,8.616251184880465e-09,0.0,5.417208631051224e-08,6.374127691240178e-16,6.399628011308562e-18,2.616017479292023e-15,2.466067388047209e-07,0.225,-4.621780657318007e-14,0.23999999138374878,0.225,0.0,0.23999999999999996,0.0,129.88440326507322,2.040111343821796e-14,True,True,False
9.515,8.884028984810333e-09,0.0,5.2939052628645306e-08,6.316400870627706e-16,6.399628011308562e-18,2.616017479292023e-15,2.466067388047209e-07,0.225,-4.617850320573464e-14,0.23999999111597098,0.225,0.0,0.23999999999999996,0.0,129.88440326507322,2.034056387587555e-14,True,True,False
9.52,9.145641938329372e-09,0.0,5.170601894677813e-08,6.258845382753583e-16,6.399628011308562e-18,2.616017479292023e-15,2.466067388047209e-07,0.225,-4.613882826357356e-14,0.23999999085435803,0.225,0.0,0.23999999999999996,0.0,129.88440326507322,2.028039763575975e-14,True,True,False
9.525,9.401089157259127e-09,0.0,5.047298526491068e-08,6.201460141440154e-16,6.399628011308562e-18,2.616017479292023e-15,2.466067388047209e-07,0.225,-4.6098782222846496e-14,0.2399999905989108,0.225,0.0,0.23999999999999996,0.0,129.88440326507322,2.0220613309661184e-14,True,True,False
9.53,9.650371529777989e-09,0.0,4.9239951583042944e-08,6.144244064437714e-16,6.399628011308562e-18,2.616017479292023e-15,2.466067388047209e-07,0.225,-4.605836555452522e-14,0.23999999034962843,0.225,0.0,0.23999999999999996,0.0,129.88440326507322,2.0161209496932984e-14,True,True,False
9.535,9.893489055885935e-09,0.0,4.8006917901174914e-08,6.0871960734261025e-16,6.399628011308562e-18,2.616017479292023e-15,2.466067388047209e-07,0.225,-4.6017578724417725e-14,0.2399999901065109,0.225,0.0,0.23999999999999996,0.0,129.88440326507322,2.0102184804459814e-14,True,True,False
9.540000000000001,1.0130440847404523e-08,0.0,4.677388421930655e-08,6.030315094017076e-16,6.399628011308562e-18,2.616017479292023e-15,2.466067388047209e-07,0.225,-4.59764221931818e-14,0.23999998986955912,0.225,0.0,0.23999999999999996,0.0,129.88440326507322,2.0043537846627002e-14,True,True,False
9.545,1.0361227792512155e-08,0.0,4.554085053743787e-08,5.973600055757186e-16,6.399628011308562e-18,2.616017479292023e-15,2.466067388047209e-07,0.225,-4.5934896416339e-14,0.23999998963877217,0.225,0.0,0.23999999999999996,0.0,129.88440326507322,1.9985267245289863e-14,True,True,False
9.55,1.0585849003030394e-08,0.0,4.430781685556884e-08,5.917049892130872e-16,6.244531260459721e-18,2.0441120702234843e-15,2.1859245301207539e-07,0.225,-4.5893001844288125e-14,0.23999998941415096,0.225,0.0,0.23999999999999996,0.0,129.88440289416405,2.0539107906719807e-14,True,True,False
9.555,1.0804656197613425e-08,0.0,4.3214854609854636e-08,5.858932573673363e-16,6.244531260459721e-18,2.0441120702234843e-15,2.1859245301207539e-07,0.225,-4.5850740416636156e-14,0.23999998919534377,0.225,0.0,0.23999999999999996,0.0,129.88440289416405,2.0480773100046086e-14,True,True,False
9.56,1.1017997542201753e-08,0.0,4.212189236414007e-08,5.800980308629295e-16,6.244531260459721e-18,2.0441120702234843e-15,2.1859245301207539e-07,0.225,-4.580811406580273e-14,0.23999998898200242,0.225,0.0,0.23999999999999996,0.0,129.88440289416405,2.0422820721747052e-14,True,True,False
9.565,1.1225874813152209e-08,0.0,4.1028930118425126e-08,5.743192013552922e-16,6.244531260459721e-18,2.0441120702234843e-15,2.1859245301207539e-07,0.225,-4.576512322263479e-14,0.23999998877412515,0.225,0.0,0.23999999999999996,0.0,129.88440289416405,2.036524939768322e-14,True,True,False
9.57,1.1428287122286362e-08,0.0,3.993596787270978e-08,5.685566609016882e-16,6.244531260459721e-18,2.0441120702234843e-15,2.1859245301207539e-07,0.225,-4.5721768312747885e-14,0.23999998857171284,0.225,0.0,0.23999999999999996,0.0,129.88440289416405,2.030805776121862e-14,True,True,False
9.575000000000001,1.1625234469604206e-08,0.0,3.8843005626994054e-08,5.628103019611385e-16,6.244531260459721e-18,2.0441120702234843e-15,2.1859245301207539e-07,0.225,-4.5678049756539625e-14,0.2399999883747655,0.225,0.0,0.23999999999999996,0.0,129.88440289416405,2.02512444531904e-14,True,True,False
9.58,1.1816717743284151e-08,0.0,3.775004338127792e-08,5.570800173942128e-16,6.244531260459721e-18,2.0441120702234843e-15,2.1859245301207539e-07,0.225,-4.563396796920296e-14,0.23999998818328222,0.225,0.0,0.23999999999999996,0.0,129.88440289416405,2.0194808121878596e-14,True,True,False
9.585,1.2002735166969351e-08,0.0,3.665708113556138e-08,5.51365700462676e-16,6.244531260459721e-18,2.0441120702234843e-15,2.1859245301207539e-07,0.225,-4.55895233607392e-14,0.2399999879972648,0.225,0.0,0.23999999999999996,0.0,129.88440289416405,2.0138747422975985e-14,True,True,False
9.59,1.218328851701664e-08,0.0,3.556411888984443e-08,5.456672448289864e-16,6.244531260459721e-18,2.0441120702234843e-15,2.1859245301207539e-07,0.225,-4.5544716335971193e-14,0.23999998781671145,0.225,0.0,0.23999999999999996,0.0,129.88440289416405,2.008306101955815e-14,True,True,False
9.595,1.2358376017069174e-08,0.0,3.4471156644127086e-08,5.399845445556277e-16,6.244531260459721e-18,2.0441120702234843e-15,2.1859245301207539e-07,0.225,-4.5499547294556164e-14,0.23999998764162395,0.225,0.0,0.23999999999999996,0.0,129.88440289416405,2.002774758205366e-14,True,True,False
9.6,1.2527999443483786e-08,0.0,3.3378194398409304e-08,5.3431749410427e-16,5.883172657751238e-18,1.4757022667915097e-15,1.9199167705483856e-07,0.225,-4.545401663099868e-14,0.23999998747200052,0.225,0.0,0.23999999999999996,0.0,129.8844025419698,2.058080300860974e-14,True,True,False
9.605,1.2692490974989436e-08,0.0,3.241823602847922e-08,5.284939496598391e-16,5.883172657751238e-18,1.4757022667915097e-15,1.9199167705483856e-07,0.225,-4.540812621986998e-14,0.239999987307509,0.225,0.0,0.23999999999999996,0.0,129.8844025419698,2.052542369802841e-14,True,True,False
9.61,1.2852182790315087e-08,0.0,3.145827765854872e-08,5.226860737364841e-16,5.883172657751238e-18,1.4757022667915097e-15,1.9199167705483856e-07,0.225,-4.5361877928534716e-14,0.23999998714781717,0.225,0.0,0.23999999999999996,0.0,129.8844025419698,2.047042350832493e-14,True,True,False
9.615,1.3007074001282314e-08,0.0,3.049831928861782e-08,5.16893759127891e-16,5.883172657751238e-18,1.4757022667915097e-15,1.9199167705483856e-07,0.225,-4.531527213187557e-14,0.23999998699292596,0.225,0.0,0.23999999999999996,0.0,129.8844025419698,2.0415801113625655e-14,True,True,False
9.620000000000001,1.3157166384247957e-08,0.0,2.9538360918686507e-08,5.11116899029002e-16,5.883172657751238e-18,1.4757022667915097e-15,1.9199167705483856e-07,0.225,-4.526830919951177e-14,0.23999998684283358,0.225,0.0,0.23999999999999996,0.0,129.8844025419698,2.036155519544678e-14,True,True,False
9.625,1.3302458162855171e-08,0.0,2.857840254875478e-08,5.053553870339809e-16,5.883172657751238e-18,1.4757022667915097e-15,1.9199167705483856e-07,0.225,-4.5220989495811607e-14,0.2399999866975418,0.225,0.0,0.23999999999999996,0.0,129.8844025419698,2.0307684442664843e-14,True,True,False
9.63,1.3442950225282372e-08,0.0,2.7618444178822663e-08,4.996091171339709e-16,5.883172657751238e-18,1.4757022667915097e-15,1.9199167705483856e-07,0.225,-4.517331337990493e-14,0.23999998655704974,0.225,0.0,0.23999999999999996,0.0,129.8844025419698,2.0254187551487344e-14,True,True,False
9.635,1.357864257152956e-08,0.0,2.6658485808890166e-08,4.938779837146529e-16,5.883172657751238e-18,1.4757022667915097e-15,1.9199167705483856e-07,0.225,-4.51252812056955e-14,0.2399999864213574,0.225,0.0,0.23999999999999996,0.0,129.8844025419698,2.02010632254235e-14,True,True,False
9.64,1.3709534313418314e-08,0.0,2.569852743895729e-08,4.881618815536159e-16,5.883172657751238e-18,1.4757022667915097e-15,1.9199167705483856e-07,0.225,-4.507689332187317e-14,0.23999998629046565,0.225,0.0,0.23999999999999996,0.0,129.8844025419698,2.0148310175255162e-14,True,True,False
9.645,1.3835627227305466e-08,0.0,2.4738569069024042e-08,4.82460705817545e-16,5.883172657751238e-18,1.4757022667915097e-15,1.9199167705483856e-07,0.225,-4.5028150071926296e-14,0.23999998616437274,0.225,0.0,0.23999999999999996,0.0,129.8844025419698,2.0095927119007852e-14,True,True,False
9.65,1.3956919536834179e-08,0.0,2.3778610699090443e-08,4.767743520592365e-16,5.38469415173097e-18,9.100761982090963e-16,1.6696665466738298e-07,0.225,-4.4979051794153495e-14,0.23999998604308043,0.225,0.0,0.23999999999999996,0.0,129.88440221063848,2.0648932395142635e-14,True,True,False
9.655,1.4073726545343443e-08,0.0,2.2943777445198587e-08,4.709315200457432e-16,5.38469415173097e-18,9.100761982090963e-16,1.6696665466738298e-07,0.225,-4.4929600299638023e-14,0.23999998592627342,0.225,0.0,0.23999999999999996,0.0,129.88440221063848,2.0596481620602577e-14,True,True,False
9.66,1.4186358227101728e-08,0.0,2.2108944191306386e-08,4.651035297172134e-16,5.38469415173097e-18,9.100761982090963e-16,1.6696665466738298e-07,0.225,-4.48797973922288e-14,0.23999998581364174,0.225,0.0,0.23999999999999996,0.0,129.88440221063848,2.0544407087758042e-14,True,True,False
9.665000000000001,1.4294816358465873e-08,0.0,2.1274110937413865e-08,4.592902749225937e-16,5.38469415173097e-18,9.100761982090963e-16,1.6696665466738298e-07,0.225,-4.482964339050602e-14,0.2399999857051836,0.225,0.0,0.23999999999999996,0.0,129.88440221063848,2.0492707518022258e-14,True,True,False
9.67,1.4399099163079037e-08,0.0,2.0439277683521033e-08,4.534916498907988e-16,5.38469415173097e-18,9.100761982090963e-16,1.6696665466738298e-07,0.225,-4.477913860774774e-14,0.2399999856009008,0.225,0.0,0.23999999999999996,0.0,129.88440221063848,2.0441381640092678e-14,True,True,False
9.675,1.449920841729806e-08,0.0,1.9604444429627906e-08,4.477075492266686e-16,5.38469415173097e-18,9.100761982090963e-16,1.6696665466738298e-07,0.225,-4.4728283351941144e-14,0.23999998550079155,0.225,0.0,0.23999999999999996,0.0,129.88440221063848,2.0390428189922363e-14,True,True,False
9.68,1.45951423447661e-08,0.0,1.87696111757345e-08,4.4193786790681994e-16,5.38469415173097e-18,9.100761982090963e-16,1.6696665466738298e-07,0.225,-4.467707792579427e-14,0.23999998540485762,0.225,0.0,0.23999999999999996,0.0,129.88440221063848,2.0339845910691392e-14,True,True,False
9.685,1.4686902721839995e-08,0.0,1.793477792184083e-08,4.361825012754192e-16,5.38469415173097e-18,9.100761982090963e-16,1.6696665466738298e-07,0.225,-4.4625522626747585e-14,0.23999998531309724,0.225,0.0,0.23999999999999996,0.0,129.88440221063848,2.0289633552778494e-14,True,True,False
9.69,1.4774490436698164e-08,0.0,1.709994466794691e-08,4.3044134503988565e-16,5.38469415173097e-18,9.100761982090963e-16,1.6696665466738298e-07,0.225,-4.457361774698555e-14,0.23999998522550953,0.225,0.0,0.23999999999999996,0.0,129.88440221063848,2.0239789873732823e-14,True,True,False
9.695,1.4857903712983768e-08,0.0,1.6265111414052762e-08,4.2471429526653916e-16,5.38469415173097e-18,9.100761982090963e-16,1.6696665466738298e-07,0.225,-4.452136357344779e-14,0.23999998514209625,0.225,0.0,0.23999999999999996,0.0,129.88440221063848,2.019031363824584e-14,True,True,False
9.700000000000001,1.4937142550696805e-08,0.0,1.5430278160158405e-08,4.190012483761907e-16,4.834254921875154e-18,3.465128207908627e-16,1.4362882886433048e-07,0.225,-4.446876038784064e-14,0.2399999850628574,0.225,0.0,0.23999999999999996,0.0,129.8844019016457,2.074401688529816e-14,True,True,False
9.705,1.5012498272358933e-08,0.0,1.4712134023176073e-08,4.131315292469089e-16,4.834254921875154e-18,3.465128207908627e-16,1.4362882886433048e-07,0.225,-4.441580993921681e-14,0.2399999849875017,0.225,0.0,0.23999999999999996,0.0,129.8844019016457,2.06944709019874e-14,True,True,False
9.71,1.5084263976848653e-08,0.0,1.3993989886193564e-08,4.0727583353252633e-16,4.834254921875154e-18,3.465128207908627e-16,1.4362882886433048e-07,0.225,-4.436251396935461e-14,0.239999984915736,0.225,0.0,0.23999999999999996,0.0,129.8844019016457,2.0645298712807428e-14,True,True,False
9.715,1.5152438775987546e-08,0.0,1.3275845749210893e-08,4.0143405586304253e-16,4.834254921875154e-18,3.465128207908627e-16,1.4362882886433048e-07,0.225,-4.4308872740120494e-14,0.2399999848475612,0.225,0.0,0.23999999999999996,0.0,129.8844019016457,2.0596499085527808e-14,True,True,False
9.72,1.5217022669775607e-08,0.0,1.255770161222809e-08,3.956060912122444e-16,4.834254921875154e-18,3.465128207908627e-16,1.4362882886433048e-07,0.225,-4.425488650803194e-14,0.2399999847829773,0.225,0.0,0.23999999999999996,0.0,129.8844019016457,2.0548070795104864e-14,True,True,False
9.725,1.527801565821284e-08,0.0,1.1839557475245174e-08,3.897918348929036e-16,4.834254921875154e-18,3.465128207908627e-16,1.4362882886433048e-07,0.225,-4.4200555524268663e-14,0.2399999847219843,0.225,0.0,0.23999999999999996,0.0,129.8844019016457,2.050001262365382e-14,True,True,False
9.73,1.5335417741299246e-08,0.0,1.112141333826217e-08,3.839911825520337e-16,4.834254921875154e-18,3.465128207908627e-16,1.4362882886433048e-07,0.225,-4.4145880034683314e-14,0.23999998466458222,0.225,0.0,0.23999999999999996,0.0,129.8844019016457,2.0452323360421102e-14,True,True,False
9.735,1.5389229807213233e-08,0.0,1.0403269201279106e-08,3.7820403016621785e-16,4.834254921875154e-18,3.465128207908627e-16,1.4362882886433048e-07,0.225,-4.409086027981251e-14,0.23999998461077016,0.225,0.0,0.23999999999999996,0.0,129.8844019016457,2.0405001801756764e-14,True,True,False
9.74,1.5439450967776397e-08,0.0,9.685125064296003e-09,3.724302740370048e-16,4.834254921875154e-18,3.465128207908627e-16,1.4362882886433048e-07,0.225,-4.403549649488742e-14,0.239999984560549,0.225,0.0,0.23999999999999996,0.0,129.8844019016457,2.0358046751087007e-14,True,True,False
9.745000000000001,1.5486081222988726e-08,0.0,8.9669809273129e-09,3.6666981078636977e-16,4.834254921875154e-18,3.465128207908627e-16,1.4362882886433048e-07,0.225,-4.3979788909844286e-14,0.23999998451391874,0.225,0.0,0.23999999999999996,0.0,129.8844019016457,2.0311457018886968e-14,True,True,False
9.75,1.552912057285022e-08,0.0,8.24883679032983e-09,3.6092253735222894e-16,4.307483415673437e-18,-2.1571919394839283e-16,1.22045652202865e-07,0.225,-4.392373774933513e-14,0.2399999844708794,0.225,0.0,0.23999999999999996,0.0,129.88440161588443,2.0866620605989092e-14,True,True,False
9.755,1.5568839023600472e-08,0.0,7.638608542394752e-09,3.5501818219391376e-16,4.307483415673437e-18,-2.1571919394839283e-16,1.22045652202865e-07,0.225,-4.386734470182433e-14,0.23999998443116094,0.225,0.0,0.23999999999999996,0.0,129.88440161588443,2.08199589049347e-14,True,True,False
9.76,1.5605506581479068e-08,0.0,7.028380294459765e-09,3.4912703783454364e-16,4.307483415673437e-18,-2.1571919394839283e-16,1.22045652202865e-07,0.225,-4.3810611448454054e-14,0.23999998439449338,0.225,0.0,0.23999999999999996,0.0,129.88440161588443,2.0773668986036674e-14,True,True,False
9.765,1.5639122358307587e-08,0.0,6.418152046524907e-09,3.432489993204507e-16,4.307483415673437e-18,-2.1571919394839283e-16,1.22045652202865e-07,0.225,-4.375353819388847e-14,0.2399999843608776,0.225,0.0,0.23999999999999996,0.0,129.88440161588443,2.072774966254068e-14,True,True,False
9.77,1.566968813044287e-08,0.0,5.807923798590242e-09,3.3738396200365705e-16,4.307483415673437e-18,-2.1571919394839283e-16,1.22045652202865e-07,0.225,-4.369612513738941e-14,0.23999998433031183,0.225,0.0,0.23999999999999996,0.0,129.88440161588443,2.068219975478959e-14,True,True,False
9.775,1.5697202121528072e-08,0.0,5.197695550655844e-09,3.315318215376642e-16,4.307483415673437e-18,-2.1571919394839283e-16,1.22045652202865e-07,0.225,-4.363837247282642e-14,0.23999998430279784,0.225,0.0,0.23999999999999996,0.0,129.88440161588443,2.063701809019643e-14,True,True,False
9.78,1.5721664331563194e-08,0.0,4.587467302721819e-09,3.2569247387344275e-16,4.307483415673437e-18,-2.1571919394839283e-16,1.22045652202865e-07,0.225,-4.3580280388687036e-14,0.23999998427833563,0.225,0.0,0.23999999999999996,0.0,129.88440161588443,2.0592203503217393e-14,True,True,False
9.785,1.5743076536905084e-08,0.0,3.977239054788323e-09,3.198658152556193e-16,4.307483415673437e-18,-2.1571919394839283e-16,1.22045652202865e-07,0.225,-4.352184906808666e-14,0.23999998425692343,0.225,0.0,0.23999999999999996,0.0,129.88440161588443,2.054775483532508e-14,True,True,False
9.790000000000001,1.5761436961196893e-08,0.0,3.3670108068556144e-09,3.1405174221885207e-16,4.307483415673437e-18,-2.1571919394839283e-16,1.22045652202865e-07,0.225,-4.346307868877862e-14,0.239999984238563,0.225,0.0,0.23999999999999996,0.0,129.88440161588443,2.0503670934981834e-14,True,True,False
9.795,1.5776746492617042e-08,0.0,2.7567825589241634e-09,3.0825015158438374e-16,4.307483415673437e-18,-2.1571919394839283e-16,1.22045652202865e-07,0.225,-4.340396942316389e-14,0.23999998422325347,0.225,0.0,0.23999999999999996,0.0,129.88440161588443,2.0459950657613205e-14,True,True,False
9.8,1.5789005131165535e-08,0.0,2.146554310994951e-09,3.0246094045675896e-16,3.846707941902513e-18,-7.773624594816119e-16,1.0224697087503334e-07,0.225,-4.3344521438301003e-14,0.23999998421099483,0.225,0.0,0.23999999999999996,0.0,129.88440135374987,2.101735229822099e-14,True,True,False
9.805,1.579845979044304e-08,0.0,1.6353194780778302e-09,2.9651401623862584e-16,3.846707941902513e-18,-7.773624594816119e-16,1.0224697087503334e-07,0.225,-4.32847363634537e-14,0.23999998420154017,0.225,0.0,0.23999999999999996,0.0,129.88440135374987,2.0973557632233533e-14,True,True,False
9.81,1.5805358272228663e-08,0.0,1.1240846451684014e-09,2.9057949265246194e-16,3.846707941902513e-18,-7.773624594816119e-16,1.0224697087503334e-07,0.225,-4.3224615820505966e-14,0.2399999841946417,0.225,0.0,0.23999999999999996,0.0,129.88440135374987,2.0930133176719484e-14,True,True,False
9.815,1.5809700576522395e-08,0.0,6.128498122854666e-10,2.8465726483534183e-16,3.846707941902513e-18,-7.773624594816119e-16,1.0224697087503334e-07,0.225,-4.316415995635382e-14,0.2399999841902994,0.225,0.0,0.23999999999999996,0.0,129.88440135374987,2.0887077789567717e-14,True,True,False
9.82,1.581148670332424e-08,0.0,1.0161497982584001e-10,2.7874722820335785e-16,3.846707941902513e-18,-7.773624594816119e-16,1.0224697087503334e-07,0.225,-4.310336891242964e-14,0.23999998418851326,0.225,0.0,0.23999999999999996,0.0,129.88440135374987,2.0844390335682348e-14,True,True,False
9.825000000000001,1.5810716652634195e-08,0.0,4.096198537945813e-10,2.728492784495734e-16,3.846707941902513e-18,-7.773624594816119e-16,1.0224697087503334e-07,0.225,-4.304224282471167e-14,0.2399999841892833,0.225,0.0,0.23999999999999996,0.0,129.88440135374987,2.0802069686956428e-14,True,True,False
9.83,1.5807390424452265e-08,0.0,9.208546866420475e-10,2.669633115423776e-16,3.846707941902513e-18,-7.773624594816119e-16,1.0224697087503334e-07,0.225,-4.2980781823733336e-14,0.23999998419260954,0.225,0.0,0.23999999999999996,0.0,129.88440135374987,2.0760114722245722e-14,True,True,False
9.835,1.5801508018778443e-08,0.0,1.432089519544065e-09,2.610892237242377e-16,3.846707941902513e-18,-7.773624594816119e-16,1.0224697087503334e-07,0.225,-4.291898603459249e-14,0.23999998419849194,0.225,0.0,0.23999999999999996,0.0,129.88440135374987,2.0718524327342673e-14,True,True,False
9.84,1.5793069435612736e-08,0.0,1.9433243524573456e-09,2.552269115108388e-16,3.846707941902513e-18,-7.773624594816119e-16,1.0224697087503334e-07,0.225,-4.2856855576960463e-14,0.23999998420693053,0.225,0.0,0.23999999999999996,0.0,129.88440135374987,2.067729739495047e-14,True,True,False
9.845,1.578207467495514e-08,0.0,2.4545591853746527e-09,2.4937627169059647e-16,3.846707941902513e-18,-7.773624594816119e-16,1.0224697087503334e-07,0.225,-4.279439056509132e-14,0.2399999842179253,0.225,0.0,0.23999999999999996,0.0,129.88440135374987,2.0636432824657286e-14,True,True,False
9.85,1.5768523736805652e-08,0.0,2.965794018293727e-09,2.435372013245363e-16,3.4504682487686027e-18,-1.3391719994264852e-15,8.423086335653282e-08,0.225,-4.273159110783063e-14,0.23999998423147623,0.225,0.0,0.23999999999999996,0.0,129.88440111521663,2.1196866812462462e-14,True,True,False
9.855,1.5752641330304462e-08,0.0,3.3869483254296062e-09,2.375395589446263e-16,3.4504682487686027e-18,-1.3391719994264852e-15,8.423086335653282e-08,0.225,-4.266845877658734e-14,0.23999998424735863,0.225,0.0,0.23999999999999996,0.0,129.88440111521663,2.11559252276232e-14,True,True,False
9.86,1.573465394094859e-08,0.0,3.808102632565644e-09,2.3155350734511855e-16,3.4504682487686027e-18,-1.3391719994264852e-15,8.423086335653282e-08,0.225,-4.26049951353229e-14,0.23999998426534602,0.225,0.0,0.23999999999999996,0.0,129.88440111521663,2.1115352727290545e-14,True,True,False
9.865,1.5714559792381194e-08,0.0,4.229256939701672e-09,2.255789416245195e-16,3.4504682487686027e-18,-1.3391719994264852e-15,8.423086335653282e-08,0.225,-4.25412002725175e-14,0.23999998428544017,0.225,0.0,0.23999999999999996,0.0,129.88440111521663,2.1075148213205342e-14,True,True,False
9.870000000000001,1.569236066095912e-08,0.0,4.650411246837581e-09,2.1961575716541705e-16,3.4504682487686027e-18,-1.3391719994264852e-15,8.423086335653282e-08,0.225,-4.24770742711187e-14,0.2399999843076393,0.225,0.0,0.23999999999999996,0.0,129.88440111521663,2.1035310594049145e-14,True,True,False
9.875,1.566805565850394e-08,0.0,5.071565553973293e-09,2.1366384963617412e-16,3.4504682487686027e-18,-1.3391719994264852e-15,8.423086335653282e-08,0.225,-4.2412617208538436e-14,0.2399999843319443,0.225,0.0,0.23999999999999996,0.0,129.88440111521663,2.0995838785418597e-14,True,True,False
9.88,1.5641644785015658e-08,0.0,5.492719861108748e-09,2.077231149976746e-16,3.4504682487686027e-18,-1.3391719994264852e-15,8.423086335653282e-08,0.225,-4.234782915667168e-14,0.23999998435835518,0.225,0.0,0.23999999999999996,0.0,129.88440111521663,2.095673170979996e-14,True,True,False
9.885,1.5613128928672693e-08,0.0,5.913874168243908e-09,2.0179344950436034e-16,3.4504682487686027e-18,-1.3391719994264852e-15,8.423086335653282e-08,0.225,-4.228271018192012e-14,0.23999998438687103,0.225,0.0,0.23999999999999996,0.0,129.88440111521663,2.09179882965438e-14,True,True,False
9.89,1.5582506313118205e-08,0.0,6.3350284753787335e-09,1.9587474971031073e-16,3.4504682487686027e-18,-1.3391719994264852e-15,8.423086335653282e-08,0.225,-4.221726034518637e-14,0.23999998441749365,0.225,0.0,0.23999999999999996,0.0,129.88440111521663,2.0879607481839784e-14,True,True,False
9.895,1.554977871470904e-08,0.0,6.756182782513202e-09,1.8996691247503768e-16,3.4504682487686027e-18,-1.3391719994264852e-15,8.423086335653282e-08,0.225,-4.2151479701882687e-14,0.23999998445022125,0.225,0.0,0.23999999999999996,0.0,129.88440111521663,2.084158820869163e-14,True,True,False
9.9,1.551494524526677e-08,0.0,7.17733708964729e-09,1.8406983497013169e-16,3.0795356773426692e-18,-1.901916397400008e-15,6.796899165752903e-08,0.225,-4.208536830193921e-14,0.23999998448505472,0.225,0.0,0.23999999999999996,0.0,129.88440089990945,2.1405866685375055e-14,True,True,False
9.905,1.5478208409471087e-08,0.0,7.517182038072198e-09,1.7801309601650172e-16,3.0795356773426692e-18,-1.901916397400008e-15,6.796899165752903e-08,0.225,-4.201892766021132e-14,0.23999998452179155,0.225,0.0,0.23999999999999996,0.0,129.88440089990945,2.1367767557881144e-14,True,True,False
9.91,1.5439772488358525e-08,0.0,7.857026986496683e-09,1.7196713930638365e-16,3.0795356773426692e-18,-1.901916397400008e-15,6.796899165752903e-08,0.225,-4.1952159284028236e-14,0.23999998456022748,0.225,0.0,0.23999999999999996,0.0,129.88440089990945,2.133003684074665e-14,True,True,False
9.915000000000001,1.5399637481929082e-08,0.0,8.196871934920728e-09,1.659318602570516e-16,3.0795356773426692e-18,-1.901916397400008e-15,6.796899165752903e-08,0.225,-4.1885063202722066e-14,0.23999998460036248,0.225,0.0,0.23999999999999996,0.0,129.88440089990945,2.129267347881044e-14,True,True,False
9.92,1.5357804278361177e-08,0.0,8.53671688334433e-09,1.5990715465219602e-16,3.0795356773426692e-18,-1.901916397400008e-15,6.796899165752903e-08,0.225,-4.181763944001508e-14,0.23999998464219569,0.225,0.0,0.23999999999999996,0.0,129.88440089990945,2.125567642378502e-14,True,True,False
9.925,1.5314270213119552e-08,0.0,8.876561831767481e-09,1.538929186588098e-16,3.0795356773426692e-18,-1.901916397400008e-15,6.796899165752903e-08,0.225,-4.174988801402766e-14,0.23999998468572975,0.225,0.0,0.23999999999999996,0.0,129.88440089990945,2.1219044634231633e-14,True,True,False
9.93,1.5269037950739467e-08,0.0,9.216406780190183e-09,1.4788904884733279e-16,3.0795356773426692e-18,-1.901916397400008e-15,6.796899165752903e-08,0.225,-4.168180893728608e-14,0.239999984730962,0.225,0.0,0.23999999999999996,0.0,129.88440089990945,2.118277707553549e-14,True,True,False
9.935,1.52221066030425e-08,0.0,9.556251728612426e-09,1.4189544221588522e-16,3.0795356773426692e-18,-1.901916397400008e-15,6.796899165752903e-08,0.225,-4.161340221673016e-14,0.23999998477789336,0.225,0.0,0.23999999999999996,0.0,129.88440089990945,2.1146872719881177e-14,True,True,False
9.94,1.5173476170028655e-08,0.0,9.896096677034213e-09,1.3591199621967447e-16,3.0795356773426692e-18,-1.901916397400008e-15,6.796899165752903e-08,0.225,-4.1544667853720864e-14,0.2399999848265238,0.225,0.0,0.23999999999999996,0.0,129.88440089990945,2.1111330546228124e-14,True,True,False
9.945,1.5123144875341085e-08,0.0,1.0235941625455546e-08,1.2993860880711955e-16,3.0795356773426692e-18,-1.901916397400008e-15,6.796899165752903e-08,0.225,-4.1475605844047815e-14,0.2399999848768551,0.225,0.0,0.23999999999999996,0.0,129.88440089990945,2.10761495402863e-14,True,True,False
9.950000000000001,1.5071115383515058e-08,0.0,1.057578657387643e-08,1.239751784648646e-16,2.6745025767796704e-18,-2.4663789346183166e-15,5.341143929221046e-08,0.225,-4.140621617793659e-14,0.23999998492888458,0.225,0.0,0.23999999999999996,0.0,129.88440070716743,2.1645103755169198e-14,True,True,False
9.955,1.5017568882948187e-08,0.0,1.08428437498444e-08,1.1785077221279773e-16,2.6745025767796704e-18,-2.4663789346183166e-15,5.341143929221046e-08,0.225,-4.1336500314942596e-14,0.23999998498243108,0.225,0.0,0.23999999999999996,0.0,129.88440070716743,2.1609839833165703e-14,True,True,False
9.96,1.4962686562038093e-08,0.0,1.1109900925811928e-08,1.1173635104411007e-16,2.6745025767796704e-18,-2.4663789346183166e-15,5.341143929221046e-08,0.225,-4.1266459707004625e-14,0.2399999850373134,0.225,0.0,0.23999999999999996,0.0,129.88440070716743,2.157494410593068e-14,True,True,False
9.965,1.4906470197141613e-08,0.0,1.1376958101779006e-08,1.0563181302637876e-16,2.6745025767796704e-18,-2.4663789346183166e-15,5.341143929221046e-08,0.225,-4.1196094323486084e-14,0.23999998509352977,0.225,0.0,0.23999999999999996,0.0,129.88440070716743,2.154041556068075e-14,True,True,False
9.97,1.4848917123723488e-08,0.0,1.1644015277745658e-08,9.953705723678491e-17,2.6745025767796704e-18,-2.4663789346183166e-15,5.341143929221046e-08,0.225,-4.112540412805506e-14,0.23999998515108284,0.225,0.0,0.23999999999999996,0.0,129.88440070716743,2.1506253191446375e-14,True,True,False
9.975,1.479003000631898e-08,0.0,1.1911072453711886e-08,9.34519839818588e-17,2.6745025767796704e-18,-2.4663789346183166e-15,5.341143929221046e-08,0.225,-4.105438907869156e-14,0.23999998520996996,0.225,0.0,0.23999999999999996,0.0,129.88440070716743,2.147245599904753e-14,True,True,False
9.98,1.4729807068571248e-08,0.0,1.2178129629677698e-08,8.737649510643589e-17,2.6745025767796704e-18,-2.4663789346183166e-15,5.341143929221046e-08,0.225,-4.0983049127694164e-14,0.2399999852701929,0.225,0.0,0.23999999999999996,0.0,129.88440070716743,2.1439022991069518e-14,True,True,False
9.985,1.466824831048029e-08,0.0,1.2445186805643114e-08,8.13104944378945e-17,2.6745025767796704e-18,-2.4663789346183166e-15,5.341143929221046e-08,0.225,-4.091138422168717e-14,0.23999998533175165,0.225,0.0,0.23999999999999996,0.0,129.88440070716743,2.140595318183883e-14,True,True,False
9.99,1.4605355508402949e-08,0.0,1.2712243981608139e-08,7.525388844125036e-17,2.6745025767796704e-18,-2.4663789346183166e-15,5.341143929221046e-08,0.225,-4.0839394301627065e-14,0.23999998539464446,0.225,0.0,0.23999999999999996,0.0,129.88440070716743,2.137324559239908e-14,True,True,False
9.995000000000001,1.4541125997803964e-08,0.0,1.2979301157572788e-08,6.920658721310992e-17,2.6745025767796704e-18,-2.4663789346183166e-15,5.341143929221046e-08,0.225,-4.076707930280939e-14,0.23999998545887397,0.225,0.0,0.23999999999999996,0.0,129.88440070716743,2.1340899250486993e-14,True,True,False
10.0,1.4475562443218595e-08,0.0,1.3246358333537083e-08,6.316850603963093e-17,2.1767096925690306e-18,-3.0333588123230544e-15,4.049112049161523e-08,0.225,-4.0694439154875e-14,0.23999998552443752,0.225,0.0,0.23999999999999996,0.0,129.88440053610242,2.191538091545503e-14,True,True,False
10.005,1.4408824716762386e-08,0.0,1.3448813919227149e-08,5.696799900776622e-17,2.1767096925690306e-18,-3.0333588123230544e-15,4.049112049161523e-08,0.225,-4.062147526328224e-14,0.23999998559117525,0.225,0.0,0.23999999999999996,0.0,129.88440053610242,2.1882948365185258e-14,True,True,False
10.01,1.4341074466907724e-08,0.0,1.3651269504916888e-08,5.0776812265570566e-17,2.1767096925690306e-18,-3.0333588123230544e-15,4.049112049161523e-08,0.225,-4.054818902575224e-14,0.2399999856589255,0.225,0.0,0.23999999999999996,0.0,129.88440053610242,2.1850884259858205e-14,True,True,False
10.015,1.4272311693654607e-08,0.0,1.3853725090606325e-08,4.459490574247173e-17,2.1767096925690306e-18,-3.0333588123230544e-15,4.049112049161523e-08,0.225,-4.047458035073742e-14,0.23999998572768827,0.225,0.0,0.23999999999999996,0.0,129.88440053610242,2.1819187628317708e-14,True,True,False
10.02,1.4202536397003036e-08,0.0,1.4056180676295472e-08,3.842228069365457e-17,2.1767096925690306e-18,-3.0333588123230544e-15,4.049112049161523e-08,0.225,-4.0400649140907136e-14,0.23999998579746357,0.225,0.0,0.23999999999999996,0.0,129.88440053610242,2.178785750613723e-14,True,True,False
10.025,1.4131749465131432e-08,0.0,1.4258636261984354e-08,3.225901866874322e-17,2.1767096925690306e-18,-3.0333588123230544e-15,4.049112049161523e-08,0.225,-4.032639529313216e-14,0.2399999858682505,0.225,0.0,0.23999999999999996,0.0,129.88440053610242,2.1756892935572936e-14,True,True,False
10.03,1.4059950009861373e-08,0.0,1.446109184767299e-08,2.610537539638087e-17,2.1767096925690306e-18,-3.0333588123230544e-15,4.049112049161523e-08,0.225,-4.0251818698478675e-14,0.23999998594004995,0.225,0.0,0.23999999999999996,0.0,129.88440053610242,2.1726292965491997e-14,True,True,False
10.035,1.3987138919371282e-08,0.0,1.4663547433361401e-08,1.9962047475920178e-17,2.1767096925690306e-18,-3.0333588123230544e-15,4.049112049161523e-08,0.225,-4.0176919242183736e-14,0.23999998601286104,0.225,0.0,0.23999999999999996,0.0,129.88440053610242,2.1696056651235082e-14,True,True,False
10.040000000000001,1.3913315305482737e-08,0.0,1.486600301904961e-08,1.3831146640953651e-17,2.1767096925690306e-18,-3.0333588123230544e-15,4.049112049161523e-08,0.225,-4.010169680357293e-14,0.23999998608668466,0.225,0.0,0.23999999999999996,0.0,129.88440053610242,2.1666183054263646e-14,True,True,False
10.045,1.3838479168195738e-08,0.0,1.5068458604737638e-08,7.721795594202526e-18,2.1767096925690306e-18,-3.0333588123230544e-15,4.049112049161523e-08,0.225,-4.002615125570494e-14,0.2399999861615208,0.225,0.0,0.23999999999999996,0.0,129.88440053610242,2.1636671240788176e-14,True,True,False
10.05,1.3762630507510284e-08,0.0,1.5270914190425514e-08,1.774537031300055e-18,1.5453575633061526e-18,-3.603672414880228e-15,2.9127583378250964e-08,0.225,-3.9950282461595025e-14,0.23999998623736946,0.225,0.0,0.23999999999999996,0.0,129.8844003856492,2.2217553898797445e-14,True,True,False
10.055,1.3685912320151949e-08,0.0,1.541655209564348e-08,4.813637232038642e-18,1.5453575633061526e-18,-3.603672414880228e-15,2.9127583378250964e-08,0.225,-3.987404169514571e-14,0.23999998631408764,0.225,0.0,0.23999999999999996,0.0,129.8844003856492,2.2187765291264217e-14,True,True,False
10.06,1.3608464938311043e-08,0.0,1.556219000086128e-08,1.1047795472336488e-17,1.5453575633061526e-18,-3.603672414880228e-15,2.9127583378250964e-08,0.225,-3.979730904317476e-14,0.23999998639153503,0.225,0.0,0.23999999999999996,0.0,129.8844003856492,2.2157706248239258e-14,True,True,False
10.065,1.3530290138344407e-08,0.0,1.5707827906078994e-08,1.730542073099381e-17,1.5453575633061526e-18,-3.603672414880228e-15,2.9127583378250964e-08,0.225,-3.972007942038074e-14,0.23999998646970983,0.225,0.0,0.23999999999999996,0.0,129.8844003856492,2.212735820453071e-14,True,True,False
10.07,1.3451387032073619e-08,0.0,1.585346581129665e-08,2.3560962474168315e-17,1.5453575633061526e-18,-3.603672414880228e-15,2.9127583378250964e-08,0.225,-3.9642352935107735e-14,0.23999998654861293,0.225,0.0,0.23999999999999996,0.0,129.8844003856492,2.2096721988580458e-14,True,True,False
10.075000000000001,1.3371755619498682e-08,0.0,1.5999103716514272e-08,2.9810243784670754e-17,1.5453575633061526e-18,-3.603672414880228e-15,2.9127583378250964e-08,0.225,-3.9564129705441444e-14,0.23999998662824434,0.225,0.0,0.23999999999999996,0.0,129.8844003856492,2.206579843648552e-14,True,True,False
10.08,1.3291395900619593e-08,0.0,1.6144741621731898e-08,3.6051931085317014e-17,1.5453575633061526e-18,-3.603672414880228e-15,2.9127583378250964e-08,0.225,-3.9485409858279993e-14,0.23999998670860406,0.225,0.0,0.23999999999999996,0.0,129.8844003856492,2.203458838846113e-14,True,True,False
10.085,1.3210307875436355e-08,0.0,1.6290379526949534e-08,4.228543173323652e-17,1.5453575633061526e-18,-3.603672414880228e-15,2.9127583378250964e-08,0.225,-3.940619352915258e-14,0.2399999867896921,0.225,0.0,0.23999999999999996,0.0,129.8844003856492,2.2003092688194226e-14,True,True,False
10.09,1.3128492432127384e-08,0.0,1.6436017432167216e-08,4.851041673303421e-17,1.5453575633061526e-18,-3.603672414880228e-15,2.9127583378250964e-08,0.225,-3.932648086215559e-14,0.23999998687150753,0.225,0.0,0.23999999999999996,0.0,129.8844003856492,2.1971312182638137e-14,True,True,False
10.095,1.3045947794335846e-08,0.0,1.6581655337384957e-08,5.4726670361217195e-17,1.5453575633061526e-18,-3.603672414880228e-15,2.9127583378250964e-08,0.225,-3.9246272009919654e-14,0.23999998695405217,0.225,0.0,0.23999999999999996,0.0,129.8844003856492,2.1939247721922854e-14,True,True,False
10.1,1.2962675738418575e-08,0.0,1.6727293242602795e-08,6.093403224938431e-17,7.675052296431864e-19,-4.178726867868946e-15,1.9230528081074093e-08,0.225,-3.9165567133587285e-14,0.23999998703732423,0.225,0.0,0.23999999999999996,0.0,129.8844002546122,2.2522004822629305e-14,True,True,False
10.105,1.2878798832997493e-08,0.0,1.6823445871252806e-08,6.730641800756724e-17,7.675052296431864e-19,-4.178726867868946e-15,1.9230528081074093e-08,0.225,-3.908436545980207e-14,0.23999998712120113,0.225,0.0,0.23999999999999996,0.0,129.8844002546122,2.2488548592963288e-14,True,True,False
10.11,1.2794441423051357e-08,0.0,1.691959849990296e-08,7.366943637475255e-17,7.675052296431864e-19,-4.178726867868946e-15,1.9230528081074093e-08,0.225,-3.900266622507386e-14,0.23999998720555854,0.225,0.0,0.23999999999999996,0.0,129.8844002546122,2.2454802954771463e-14,True,True,False
10.115,1.2709602620401746e-08,0.0,1.701575112855329e-08,8.002298119132576e-17,7.675052296431864e-19,-4.178726867868946e-15,1.9230528081074093e-08,0.225,-3.892046961886736e-14,0.23999998729039734,0.225,0.0,0.23999999999999996,0.0,129.8844002546122,2.242076879364994e-14,True,True,False
10.120000000000001,1.262428331322708e-08,0.0,1.7111903757203783e-08,8.636695357246812e-17,7.675052296431864e-19,-4.178726867868946e-15,1.9230528081074093e-08,0.225,-3.8837775839329126e-14,0.23999998737571665,0.225,0.0,0.23999999999999996,0.0,129.8844002546122,2.2386446998296782e-14,True,True,False
10.125,1.253848350152736e-08,0.0,1.72080563858545e-08,9.270125949859016e-17,7.675052296431864e-19,-4.178726867868946e-15,1.9230528081074093e-08,0.225,-3.875458509327322e-14,0.23999998746151646,0.225,0.0,0.23999999999999996,0.0,129.8844002546122,2.2351838460494926e-14,True,True,False
10.13,1.2452203185302585e-08,0.0,1.7304209014505434e-08,9.90258083402224e-17,7.675052296431864e-19,-4.178726867868946e-15,1.9230528081074093e-08,0.225,-3.867089759616654e-14,0.23999998754779678,0.225,0.0,0.23999999999999996,0.0,129.8844002546122,2.2316944075095104e-14,True,True,False
10.135,1.2365441476374337e-08,0.0,1.740036164315662e-08,1.0534051192059834e-16,7.675052296431864e-19,-4.178726867868946e-15,1.9230528081074093e-08,0.225,-3.858671357211426e-14,0.2399999876345585,0.225,0.0,0.23999999999999996,0.0,129.8844002546122,2.228176473999869e-14,True,True,False
10.14,1.2278199262921035e-08,0.0,1.749651427180807e-08,1.1164528390066342e-16,7.675052296431864e-19,-4.178726867868946e-15,1.9230528081074093e-08,0.225,-3.85020332538451e-14,0.2399999877218007,0.225,0.0,0.23999999999999996,0.0,129.8844002546122,2.2246301356140567e-14,True,True,False
10.145,1.2190476544942678e-08,0.0,1.7592666900459805e-08,1.1794003936437192e-16,7.675052296431864e-19,-4.178726867868946e-15,1.9230528081074093e-08,0.225,-3.8416856882696446e-14,0.23999998780952342,0.225,0.0,0.23999999999999996,0.0,129.8844002546122,2.2210554827471928e-14,True,True,False
10.15,1.2102272434260847e-08,0.0,1.7688819529111848e-08,1.2422469453227435e-16,-1.397894141007792e-19,-4.758880709192896e-15,1.0702766253338619e-08,0.225,-3.833118470859939e-14,0.23999998789772753,0.225,0.0,0.23999999999999996,0.0,129.88440014170462,2.279508526481953e-14,True,True,False
10.155,1.2013694400464327e-08,0.0,1.7742333346853184e-08,1.3067475979213672e-16,-1.397894141007792e-19,-4.758880709192896e-15,1.0702766253338619e-08,0.225,-3.8245016038705614e-14,0.23999998798630556,0.225,0.0,0.23999999999999996,0.0,129.88440014170462,2.2757941420427973e-14,True,True,False
10.16,1.192484902496348e-08,0.0,1.7795847164594863e-08,1.371143239908499e-16,-1.397894141007792e-19,-4.758880709192896e-15,1.0702766253338619e-08,0.225,-3.8158350190123265e-14,0.23999998807515094,0.225,0.0,0.23999999999999996,0.0,129.88440014170462,2.272050906742045e-14,True,True,False
10.165000000000001,1.1835736307758305e-08,0.0,1.7849360982336884e-08,1.4354330342909186e-16,-1.397894141007792e-19,-4.758880709192896e-15,1.0702766253338619e-08,0.225,-3.807118744137896e-14,0.23999998816426366,0.225,0.0,0.23999999999999996,0.0,129.88440014170462,2.2682789144945294e-14,True,True,False
10.17,1.1746355360670386e-08,0.0,1.7902874800079278e-08,1.499616150344695e-16,-1.397894141007792e-19,-4.758880709192896e-15,1.0702766253338619e-08,0.225,-3.798352807977162e-14,0.2399999882536446,0.225,0.0,0.23999999999999996,0.0,129.88440014170462,2.2644782595169394e-14,True,True,False
10.175,1.1656707071878138e-08,0.0,1.7956388617822047e-08,1.5636917629713823e-16,-1.397894141007792e-19,-4.758880709192896e-15,1.0702766253338619e-08,0.225,-3.789537240135658e-14,0.2399999883432929,0.225,0.0,0.23999999999999996,0.0,129.88440014170462,2.2606490363259856e-14,True,True,False
10.18,1.1566791441381565e-08,0.0,1.8009902435565195e-08,1.627659052204621e-16,-1.397894141007792e-19,-4.758880709192896e-15,1.0702766253338619e-08,0.225,-3.7806720710929414e-14,0.23999998843320852,0.225,0.0,0.23999999999999996,0.0,129.88440014170462,2.256791339736577e-14,True,True,False
10.185,1.1476608469180667e-08,0.0,1.806341625330874e-08,1.6915172028262092e-16,-1.397894141007792e-19,-4.758880709192896e-15,1.0702766253338619e-08,0.225,-3.7717573322009775e-14,0.2399999885233915,0.225,0.0,0.23999999999999996,0.0,129.88440014170462,2.2529052648600076e-14,True,True,False
10.19,1.138615726709702e-08,0.0,1.8116930071052684e-08,1.7552654040630051e-16,-1.397894141007792e-19,-4.758880709192896e-15,1.0702766253338619e-08,0.225,-3.7627930556825195e-14,0.2399999886138427,0.225,0.0,0.23999999999999996,0.0,129.88440014170462,2.2489909071021483e-14,True,True,False
10.195,1.1295438723309048e-08,0.0,1.8170443888797044e-08,1.8189028493442856e-16,-1.397894141007792e-19,-4.758880709192896e-15,1.0702766253338619e-08,0.225,-3.753779274629459e-14,0.23999998870456124,0.225,0.0,0.23999999999999996,0.0,129.88440014170462,2.245048362161638e-14,True,True,False
10.200000000000001,1.1204452837816753e-08,0.0,1.822395770654182e-08,1.882428736104812e-16,-1.1308843995971418e-18,-5.343259260869251e-15,3.4428650536604105e-09,0.225,-3.744716023001198e-14,0.23999998879554713,0.225,0.0,0.23999999999999996,0.0,129.88440004558353,2.3035855408770597e-14,True,True,False
10.205,1.1113290204818937e-08,0.0,1.8241172021105278e-08,1.9476109849906503e-16,-1.1308843995971418e-18,-5.343259260869251e-15,3.4428650536604105e-09,0.225,-3.735603239791981e-14,0.23999998888670976,0.225,0.0,0.23999999999999996,0.0,129.88440004558353,2.299502927690427e-14,True,True,False
10.21,1.1022041418514416e-08,0.0,1.8258386335669166e-08,2.0126777051732324e-16,-1.1308843995971418e-18,-5.343259260869251e-15,3.4428650536604105e-09,0.225,-3.726440865000224e-14,0.23999998897795854,0.225,0.0,0.23999999999999996,0.0,129.88440004558353,2.2953916008942595e-14,True,True,False
10.215,1.0930706478903186e-08,0.0,1.827560065023348e-08,2.077628082201677e-16,-1.1308843995971418e-18,-5.343259260869251e-15,3.4428650536604105e-09,0.225,-3.7172289354703896e-14,0.23999998906929348,0.225,0.0,0.23999999999999996,0.0,129.88440004558353,2.2912516596869723e-14,True,True,False
10.22,1.0839285385985248e-08,0.0,1.8292814964798218e-08,2.142461305193764e-16,-1.1308843995971418e-18,-5.343259260869251e-15,3.4428650536604105e-09,0.225,-3.707967488933162e-14,0.23999998916071458,0.225,0.0,0.23999999999999996,0.0,129.88440004558353,2.2870832035598178e-14,True,True,False
10.225,1.0747778139760603e-08,0.0,1.8310029279363393e-08,2.2071765667417814e-16,-1.1308843995971418e-18,-5.343259260869251e-15,3.4428650536604105e-09,0.225,-3.698656564002054e-14,0.23999998925222182,0.225,0.0,0.23999999999999996,0.0,129.88440004558353,2.2828863322949714e-14,True,True,False
10.23,1.065618474022925e-08,0.0,1.8327243593928985e-08,2.271773062828725e-16,-1.1308843995971418e-18,-5.343259260869251e-15,3.4428650536604105e-09,0.225,-3.689296200171806e-14,0.23999998934381522,0.225,0.0,0.23999999999999996,0.0,129.88440004558353,2.278661145963623e-14,True,True,False
10.235,1.056450607556961e-08,0.0,1.8344457908495e-08,2.3362499927538854e-16,-1.1308843995971418e-18,-5.343259260869251e-15,3.4428650536604105e-09,0.225,-3.679886437816252e-14,0.2399999894354939,0.225,0.0,0.23999999999999996,0.0,129.88440004558353,2.2744077449240812e-14,True,True,False
10.24,1.0472740369424842e-08,0.0,1.836167222306144e-08,2.4006065590661425e-16,-1.1308843995971418e-18,-5.343259260869251e-15,3.4428650536604105e-09,0.225,-3.670427318187235e-14,0.2399999895272596,0.225,0.0,0.23999999999999996,0.0,129.88440004558353,2.2701262298198848e-14,True,True,False
10.245000000000001,1.0380889398151787e-08,0.0,1.8378886537628284e-08,2.4648419675040395e-16,-1.1308843995971418e-18,-5.343259260869251e-15,3.4428650536604105e-09,0.225,-3.660918883412768e-14,0.23999998961911057,0.225,0.0,0.23999999999999996,0.0,129.88440004558353,2.2658167015779137e-14,True,True,False
10.25,1.0288952273572024e-08,0.0,1.839610085219554e-08,2.5289554269420414e-16,-2.1393978320762366e-18,-5.930966819161479e-15,-2.6526393416060498e-09,0.225,-3.6513611764942605e-14,0.2399999897110477,0.225,0.0,0.23999999999999996,0.0,129.88439996487904,2.3243431621137728e-14,True,True,False
10.255,1.019700537902965e-08,0.0,1.838283763823946e-08,2.594724944577051e-16,-2.1393978320762366e-18,-5.930966819161479e-15,-2.6526393416060498e-09,0.225,-3.641754144929092e-14,0.23999998980299458,0.225,0.0,0.23999999999999996,0.0,129.88439996487904,2.3198934509423206e-14,True,True,False
10.26,1.0105124209690335e-08,0.0,1.8369574424283775e-08,2.6603685503229883e-16,-2.1393978320762366e-18,-5.930966819161479e-15,-2.6526393416060498e-09,0.225,-3.6320977372275286e-14,0.23999998989487575,0.225,0.0,0.23999999999999996,0.0,129.88439996487904,2.3154152111853728e-14,True,True,False
10.265,1.0013308765554081e-08,0.0,1.835631121032848e-08,2.7258854390025283e-16,-2.1393978320762366e-18,-5.930966819161479e-15,-2.6526393416060498e-09,0.225,-3.6223919992983736e-14,0.2399999899866912,0.225,0.0,0.23999999999999996,0.0,129.88439996487904,2.310908547244365e-14,True,True,False
10.27,9.92155993479931e-09,0.0,1.834304799637355e-08,2.7912748084640044e-16,-2.1393978320762366e-18,-5.930966819161479e-15,-2.6526393416060498e-09,0.225,-3.6126369779418786e-14,0.23999999007844003,0.225,0.0,0.23999999999999996,0.0,129.88439996487904,2.3063735638038338e-14,True,True,False
10.275,9.829877717426017e-09,0.0,1.8329784782418988e-08,2.8565358595453665e-16,-2.1393978320762366e-18,-5.930966819161479e-15,-2.6526393416060498e-09,0.225,-3.6028327208478245e-14,0.23999999017012225,0.225,0.0,0.23999999999999996,0.0,129.88439996487904,2.3018103658294353e-14,True,True,False
10.28,9.738262113434206e-09,0.0,1.8316521568464772e-08,2.9216677960424156e-16,-2.1393978320762366e-18,-5.930966819161479e-15,-2.6526393416060498e-09,0.225,-3.592979276593656e-14,0.23999999026173785,0.225,0.0,0.23999999999999996,0.0,129.88439996487904,2.2972190585659817e-14,True,True,False
10.285,9.646713122823877e-09,0.0,1.8303258354510894e-08,2.986669824681301e-16,-2.1393978320762366e-18,-5.930966819161479e-15,-2.6526393416060498e-09,0.225,-3.583076694642545e-14,0.23999999035328684,0.225,0.0,0.23999999999999996,0.0,129.88439996487904,2.2925997475354705e-14,True,True,False
10.290000000000001,9.555230745595028e-09,0.0,1.8289995140557338e-08,3.0515411550951415e-16,-2.1393978320762366e-18,-5.930966819161479e-15,-2.6526393416060498e-09,0.225,-3.573125025341483e-14,0.23999999044476922,0.225,0.0,0.23999999999999996,0.0,129.88439996487904,2.2879525385351342e-14,True,True,False
10.295,9.463814093569241e-09,0.0,1.8276731926604095e-08,3.1162809998045375e-16,-2.1393978320762366e-18,-5.930966819161479e-15,-2.6526393416060498e-09,0.225,-3.563124319919359e-14,0.23999999053618587,0.225,0.0,0.23999999999999996,0.0,129.88439996487904,2.2832775376354842e-14,True,True,False
10.3,9.372462278568097e-09,0.0,1.8263468712651143e-08,3.1808885742016586e-16,-3.09055032294412e-18,-6.521088381121388e-15,-7.687366823235608e-09,0.225,-3.553074630485023e-14,0.23999999062753768,0.225,0.0,0.23999999999999996,0.0,129.88439989821924,2.341696964810665e-14,True,True,False
10.305,9.281241025794651e-09,0.0,1.822503186043224e-08,3.247149198288084e-16,-3.09055032294412e-18,-6.521088381121388e-15,-7.687366823235608e-09,0.225,-3.542975913255275e-14,0.23999999071875894,0.225,0.0,0.23999999999999996,0.0,129.88439989821924,2.3368818919303865e-14,True,True,False
10.31,9.190212507738284e-09,0.0,1.8186595008213605e-08,3.3132735916678025e-16,-3.09055032294412e-18,-6.521088381121388e-15,-7.687366823235608e-09,0.225,-3.532828125464643e-14,0.23999999080978746,0.225,0.0,0.23999999999999996,0.0,129.88439989821924,2.3320385237104097e-14,True,True,False
10.315,9.099374948042157e-09,0.0,1.8148158155995218e-08,3.3792609549675233e-16,-3.09055032294412e-18,-6.521088381121388e-15,-7.687366823235608e-09,0.225,-3.522631322145352e-14,0.23999999090062502,0.225,0.0,0.23999999999999996,0.0,129.88439989821924,2.3271669696644707e-14,True,True,False
10.32,9.008731011241527e-09,0.0,1.8109721303777062e-08,3.4451104917100344e-16,-3.09055032294412e-18,-6.521088381121388e-15,-7.687366823235608e-09,0.225,-3.512385559226222e-14,0.23999999099126895,0.225,0.0,0.23999999999999996,0.0,129.88439989821924,2.3222673395790013e-14,True,True,False
10.325000000000001,8.918278032801136e-09,0.0,1.807128445155912e-08,3.510821408312263e-16,-3.09055032294412e-18,-6.521088381121388e-15,-7.687366823235608e-09,0.225,-3.5020908935305605e-14,0.23999999108172193,0.225,0.0,0.23999999999999996,0.0,129.88439989821924,2.317339743511098e-14,True,True,False
10.33,8.828017789077823e-09,0.0,1.8032847599341367e-08,3.5763929140868633e-16,-3.09055032294412e-18,-6.521088381121388e-15,-7.687366823235608e-09,0.225,-3.491747382774139e-14,0.23999999117198217,0.225,0.0,0.23999999999999996,0.0,129.88439989821924,2.3123842917864988e-14,True,True,False
10.335,8.73794939189317e-09,0.0,1.7994410747123797e-08,3.641824221247053e-16,-3.09055032294412e-18,-6.521088381121388e-15,-7.687366823235608e-09,0.225,-3.48135508556312e-14,0.23999999126205057,0.225,0.0,0.23999999999999996,0.0,129.88439989821924,2.3074010949975626e-14,True,True,False
10.34,8.648073729425596e-09,0.0,1.7955973894906393e-08,3.7071145449143025e-16,-3.09055032294412e-18,-6.521088381121388e-15,-7.687366823235608e-09,0.225,-3.470914061392033e-14,0.23999999135192623,0.225,0.0,0.23999999999999996,0.0,129.88439989821924,2.3023902640012556e-14,True,True,False
10.345,8.55838991349668e-09,0.0,1.7917537042689117e-08,3.772263103128494e-16,-3.09055032294412e-18,-6.521088381121388e-15,-7.687366823235608e-09,0.225,-3.4604243706416666e-14,0.23999999144161005,0.225,0.0,0.23999999999999996,0.0,129.88439989821924,2.297351909917139e-14,True,True,False
10.35,8.468897944106425e-09,0.0,1.787910019047197e-08,3.8372691168601066e-16,-3.917898470072575e-18,-7.112690775400538e-15,-1.1763463002391263e-08,0.225,-3.449886074577025e-14,0.23999999153110202,0.225,0.0,0.23999999999999996,0.0,129.88439984425173,2.3555666543760535e-14,True,True,False
10.355,8.37965022378159e-09,0.0,1.782028285813837e-08,3.9039223931547124e-16,-3.917898470072575e-18,-7.112690775400538e-15,-1.1763463002391263e-08,0.225,-3.439299138333102e-14,0.23999999162034974,0.225,0.0,0.23999999999999996,0.0,129.88439984425173,2.3503885682328353e-14,True,True,False
10.36,8.290695602335262e-09,0.0,1.776146552580486e-08,3.9704291698706983e-16,-3.917898470072575e-18,-7.112690775400538e-15,-1.1763463002391263e-08,0.225,-3.4286635280667375e-14,0.23999999170930436,0.225,0.0,0.23999999999999996,0.0,129.88439984425173,2.3451824685930426e-14,True,True,False
10.365,8.202034967945855e-09,0.0,1.7702648193471418e-08,4.036788653479919e-16,-3.917898470072575e-18,-7.112690775400538e-15,-1.1763463002391263e-08,0.225,-3.417979307978911e-14,0.239999991797965,0.225,0.0,0.23999999999999996,0.0,129.88439984425173,2.339948469981731e-14,True,True,False
10.370000000000001,8.113668320613376e-09,0.0,1.7643830861138022e-08,4.103000053507584e-16,-3.917898470072575e-18,-7.112690775400538e-15,-1.1763463002391263e-08,0.225,-3.407246543170865e-14,0.23999999188633164,0.225,0.0,0.23999999999999996,0.0,129.88439984425173,2.334686687185625e-14,True,True,False
10.375,8.02559654851624e-09,0.0,1.758501352880466e-08,4.169062582552907e-16,-3.917898470072575e-18,-7.112690775400538e-15,-1.1763463002391263e-08,0.225,-3.396465299641912e-14,0.23999999197440341,0.225,0.0,0.23999999999999996,0.0,129.88439984425173,2.3293972352510424e-14,True,True,False
10.38,7.937817875297609e-09,0.0,1.7526196196471308e-08,4.234975456311397e-16,-3.917898470072575e-18,-7.112690775400538e-15,-1.1763463002391263e-08,0.225,-3.385635644287269e-14,0.2399999920621821,0.225,0.0,0.23999999999999996,0.0,129.88439984425173,2.3240802294818226e-14,True,True,False
10.385,7.850334077314322e-09,0.0,1.7467378864137952e-08,4.3007378935983786e-16,-3.917898470072575e-18,-7.112690775400538e-15,-1.1763463002391263e-08,0.225,-3.3747576448958685e-14,0.23999999214966589,0.225,0.0,0.23999999999999996,0.0,129.88439984425173,2.3187357854372575e-14,True,True,False
10.39,7.76314426638796e-09,0.0,1.7408561531804563e-08,4.366349116373295e-16,-3.917898470072575e-18,-7.112690775400538e-15,-1.1763463002391263e-08,0.225,-3.3638313701481556e-14,0.2399999922368557,0.225,0.0,0.23999999999999996,0.0,129.88439984425173,2.313364018930022e-14,True,True,False
10.395,7.676249330696943e-09,0.0,1.7349744199471138e-08,4.431808349764371e-16,-3.917898470072575e-18,-7.112690775400538e-15,-1.1763463002391263e-08,0.225,-3.352856889613893e-14,0.23999999232375063,0.225,0.0,0.23999999999999996,0.0,129.88439984425173,2.307965046024115e-14,True,True,False
10.4,7.589647493884431e-09,0.0,1.7290926867137653e-08,4.497114822093297e-16,-4.5802117638137384e-18,-7.704824000880145e-15,-1.498035907206723e-08,0.225,-3.3418342737499263e-14,0.23999999241035247,0.225,0.0,0.23999999999999996,0.0,129.88439980166004,2.3658762734077935e-14,True,True,False
10.405,7.503380500336151e-09,0.0,1.721602505832094e-08,4.564059953552028e-16,-4.5802117638137384e-18,-7.704824000880145e-15,-1.498035907206723e-08,0.225,-3.3307634968017555e-14,0.23999999249661946,0.225,0.0,0.23999999999999996,0.0,129.88439980166004,2.3603381403333034e-14,True,True,False
10.41,7.417487429902569e-09,0.0,1.7141123249504137e-08,4.630848382209358e-16,-4.5802117638137384e-18,-7.704824000880145e-15,-1.498035907206723e-08,0.225,-3.319644534039396e-14,0.23999999258251253,0.225,0.0,0.23999999999999996,0.0,129.88439980166004,2.354772324497731e-14,True,True,False
10.415000000000001,7.3319691707621035e-09,0.0,1.7066221440687224e-08,4.697479322726266e-16,-4.5802117638137384e-18,-7.704824000880145e-15,-1.498035907206723e-08,0.225,-3.3084774588636226e-14,0.2399999926680308,0.225,0.0,0.23999999999999996,0.0,129.88439980166004,2.3491789453264052e-14,True,True,False
10.42,7.246824834736336e-09,0.0,1.6991319631870183e-08,4.763951993113462e-16,-4.5802117638137384e-18,-7.704824000880145e-15,-1.498035907206723e-08,0.225,-3.29726234557779e-14,0.23999999275317513,0.225,0.0,0.23999999999999996,0.0,129.88439980166004,2.343558122494732e-14,True,True,False
10.425,7.162056198182107e-09,0.0,1.6916417823053006e-08,4.830265614757162e-16,-4.5802117638137384e-18,-7.704824000880145e-15,-1.498035907206723e-08,0.225,-3.285999269385553e-14,0.23999999283794377,0.225,0.0,0.23999999999999996,0.0,129.88439980166004,2.3379099759260785e-14,True,True,False
10.43,7.077660596564156e-09,0.0,1.6841516014235667e-08,4.8964194124446195e-16,-4.5802117638137384e-18,-7.704824000880145e-15,-1.498035907206723e-08,0.225,-3.274688306388524e-14,0.23999999292233937,0.225,0.0,0.23999999999999996,0.0,129.88439980166004,2.3322346257896517e-14,True,True,False
10.435,6.993640694417743e-09,0.0,1.6766614205418165e-08,4.962412614389128e-16,-4.5802117638137384e-18,-7.704824000880145e-15,-1.498035907206723e-08,0.225,-3.263329533583969e-14,0.23999999300635927,0.225,0.0,0.23999999999999996,0.0,129.88439980166004,2.3265321924983832e-14,True,True,False
10.44,6.909994715386028e-09,0.0,1.6691712396600475e-08,5.028244452254083e-16,-4.5802117638137384e-18,-7.704824000880145e-15,-1.498035907206723e-08,0.225,-3.251923028862467e-14,0.23999999309000525,0.225,0.0,0.23999999999999996,0.0,129.88439980166004,2.3208027967068145e-14,True,True,False
10.445,6.826723547647432e-09,0.0,1.6616810587782587e-08,5.093914161175912e-16,-4.5802117638137384e-18,-7.704824000880145e-15,-1.498035907206723e-08,0.225,-3.240468871005552e-14,0.23999999317327642,0.225,0.0,0.23999999999999996,0.0,129.88439980166004,2.3150465593089865e-14,True,True,False
10.450000000000001,6.743826303023534e-09,0.0,1.6541908778964487e-08,5.159420979785656e-16,-5.072478740940844e-18,-8.296522398608735e-15,-1.74337229086421e-08,0.225,-3.228967139683383e-14,0.23999999325617366,0.225,0.0,0.23999999999999996,0.0,129.88439976917752,2.372554380609882e-14,True,True,False
10.455,6.661334955937444e-09,0.0,1.6454740158209357e-08,5.226555021847619e-16,-5.072478740940844e-18,-8.296522398608735e-15,-1.74337229086421e-08,0.225,-3.2174178184305696e-14,0.239999993338665,0.225,0.0,0.23999999999999996,0.0,129.88439976917752,2.3666597895724745e-14,True,True,False
10.46,6.579279704455431e-09,0.0,1.6367571537453992e-08,5.293522255229543e-16,-5.072478740940844e-18,-8.296522398608735e-15,-1.74337229086421e-08,0.225,-3.205820891807281e-14,0.23999999342072026,0.225,0.0,0.23999999999999996,0.0,129.88439976917752,2.360737895614606e-14,True,True,False
10.465,6.497659660399076e-09,0.0,1.6280402916698386e-08,5.3603219058065e-16,-5.072478740940844e-18,-8.296522398608735e-15,-1.74337229086421e-08,0.225,-3.194176442430897e-14,0.2399999935023403,0.225,0.0,0.23999999999999996,0.0,129.88439976917752,2.354788822941268e-14,True,True,False
10.47,6.416474823768379e-09,0.0,1.6193234295942522e-08,5.42695320308228e-16,-5.072478740940844e-18,-8.296522398608735e-15,-1.74337229086421e-08,0.225,-3.182484553822327e-14,0.23999999358352514,0.225,0.0,0.23999999999999996,0.0,129.88439976917752,2.3488126959954226e-14,True,True,False
10.475,6.335726970920179e-09,0.0,1.61060656751864e-08,5.493415380207178e-16,-5.072478740940844e-18,-8.296522398608735e-15,-1.74337229086421e-08,0.225,-3.170745310403588e-14,0.239999993664273,0.225,0.0,0.23999999999999996,0.0,129.88439976917752,2.3428096394558346e-14,True,True,False
10.48,6.255414325497637e-09,0.0,1.601889705443e-08,5.559707673994546e-16,-5.072478740940844e-18,-8.296522398608735e-15,-1.74337229086421e-08,0.225,-3.158958797495335e-14,0.23999999374458564,0.225,0.0,0.23999999999999996,0.0,129.88439976917752,2.3367797782349134e-14,True,True,False
10.485,6.175537775679173e-09,0.0,1.593172843367332e-08,5.625829324935885e-16,-5.072478740940844e-18,-8.296522398608735e-15,-1.74337229086421e-08,0.225,-3.1471251013144145e-14,0.2399999938244622,0.225,0.0,0.23999999999999996,0.0,129.88439976917752,2.3307232374765517e-14,True,True,False
10.49,6.096097321464788e-09,0.0,1.5844559812916352e-08,5.691779577214307e-16,-5.072478740940844e-18,-8.296522398608735e-15,-1.74337229086421e-08,0.225,-3.135244308971379e-14,0.23999999390390264,0.225,0.0,0.23999999999999996,0.0,129.88439976917752,2.3246401425539624e-14,True,True,False
10.495000000000001,6.01709296285448e-09,0.0,1.5757391192159088e-08,5.757557678716315e-16,-5.072478740940844e-18,-8.296522398608735e-15,-1.74337229086421e-08,0.225,-3.123316508468022e-14,0.239999993982907,0.225,0.0,0.23999999999999996,0.0,129.88439976917752,2.3185306190675212e-14,True,True,False
10.5,5.938523811669831e-09,0.0,1.567022257140153e-08,5.823162881041773e-16,-5.426333079268593e-18,-8.886805990393848e-15,-1.9214636130311096e-08,0.225,-3.111341788694888e-14,0.23999999406147615,0.225,0.0,0.23999999999999996,0.0,129.8843997455982,2.375534237839088e-14,True,True,False
10.505,5.860412072371333e-09,0.0,1.557414936897279e-08,5.890381028706979e-16,-5.426333079268593e-18,-8.886805990393848e-15,-1.9214636130311096e-08,0.225,-3.0993201426414806e-14,0.2399999941395879,0.225,0.0,0.23999999999999996,0.0,129.8843997455982,2.369287404201139e-14,True,True,False
10.51,5.782781725776318e-09,0.0,1.547807616654374e-08,5.957422391269008e-16,-5.426333079268593e-18,-8.886805990393848e-15,-1.9214636130311096e-08,0.225,-3.087251564322294e-14,0.23999999421721824,0.225,0.0,0.23999999999999996,0.0,129.8843997455982,2.3630136967217885e-14,True,True,False
10.515,5.705631883706366e-09,0.0,1.5382002964114383e-08,6.024286208215694e-16,-5.426333079268593e-18,-8.886805990393848e-15,-1.9214636130311096e-08,0.225,-3.075136145573764e-14,0.23999999429436808,0.225,0.0,0.23999999999999996,0.0,129.8843997455982,2.356713244256085e-14,True,True,False
10.52,5.628961657983058e-09,0.0,1.5285929761684706e-08,6.0909717228345945e-16,-5.426333079268593e-18,-8.886805990393848e-15,-1.9214636130311096e-08,0.225,-3.062973979135399e-14,0.2399999943710383,0.225,0.0,0.23999999999999996,0.0,129.8843997455982,2.3503861758844423e-14,True,True,False
10.525,5.552772824963232e-09,0.0,1.5189856559254717e-08,6.157478182217979e-16,-5.426333079268593e-18,-8.886805990393848e-15,-1.9214636130311096e-08,0.225,-3.0507651586471977e-14,0.23999999444722714,0.225,0.0,0.23999999999999996,0.0,129.8843997455982,2.3440326209104317e-14,True,True,False
10.53,5.477063608290052e-09,0.0,1.5093783356824414e-08,6.223804837266438e-16,-5.426333079268593e-18,-8.886805990393848e-15,-1.9214636130311096e-08,0.225,-3.038509778645768e-14,0.23999999452293636,0.225,0.0,0.23999999999999996,0.0,129.8843997455982,2.3376527088585745e-14,True,True,False
10.535,5.401834896141934e-09,0.0,1.4997710154393787e-08,6.289950942690988e-16,-5.426333079268593e-18,-8.886805990393848e-15,-1.9214636130311096e-08,0.225,-3.0262079345628696e-14,0.23999999459816507,0.225,0.0,0.23999999999999996,0.0,129.8843997455982,2.3312465694721345e-14,True,True,False
10.540000000000001,5.327086688518881e-09,0.0,1.4901636951962862e-08,6.355915757014233e-16,-5.426333079268593e-18,-8.886805990393848e-15,-1.9214636130311096e-08,0.225,-3.013859722724491e-14,0.23999999467291327,0.225,0.0,0.23999999999999996,0.0,129.8843997455982,2.3248143327109137e-14,True,True,False
10.545,5.252818097242472e-09,0.0,1.480556374953161e-08,6.421698542569551e-16,-5.426333079268593e-18,-8.886805990393848e-15,-1.9214636130311096e-08,0.225,-3.00146524034667e-14,0.23999999474718187,0.225,0.0,0.23999999999999996,0.0,129.8843997455982,2.318356128749043e-14,True,True,False
10.55,5.1790308986695465e-09,0.0,1.4709490547100052e-08,6.487298565499183e-16,-5.6992806496131295e-18,-9.474681847525483e-15,-2.04090315232765e-08,0.225,-2.989024585532907e-14,0.23999999482096906,0.225,0.0,0.23999999999999996,0.0,129.88439972978443,2.374753990571489e-14,True,True,False
10.555,5.105738415476401e-09,0.0,1.460744538323998e-08,6.554494397970121e-16,-5.6992806496131295e-18,-9.474681847525483e-15,-2.04090315232765e-08,0.225,-2.976537760880502e-14,0.23999999489426155,0.225,0.0,0.23999999999999996,0.0,129.88439972978443,2.3681597588797127e-14,True,True,False
10.56,5.032956634874589e-09,0.0,1.4505400219379608e-08,6.621503621107523e-16,-5.6992806496131295e-18,-9.474681847525483e-15,-2.04090315232765e-08,0.225,-2.9640047700095504e-14,0.23999999496704333,0.225,0.0,0.23999999999999996,0.0,129.88439972978443,2.3615391317230462e-14,True,True,False
10.565,4.960685556864111e-09,0.0,1.440335505551894e-08,6.688325489250153e-16,-5.6992806496131295e-18,-9.474681847525483e-15,-2.04090315232765e-08,0.225,-2.9514257139634946e-14,0.2399999950393144,0.225,0.0,0.23999999999999996,0.0,129.88439972978443,2.354892242468342e-14,True,True,False
10.57,4.888923405088129e-09,0.0,1.4301309891657986e-08,6.754959260590716e-16,-5.6992806496131295e-18,-9.474681847525483e-15,-2.04090315232765e-08,0.225,-2.93880069468694e-14,0.23999999511107656,0.225,0.0,0.23999999999999996,0.0,129.88439972978443,2.3482192246947158e-14,True,True,False
10.575000000000001,4.81767106772506e-09,0.0,1.4199264727796748e-08,6.821404197171625e-16,-5.6992806496131295e-18,-9.474681847525483e-15,-2.04090315232765e-08,0.225,-2.926129815022937e-14,0.2399999951823289,0.225,0.0,0.23999999999999996,0.0,129.88439972978443,2.3415202121912942e-14,True,True,False
10.58,4.746930321131747e-09,0.0,1.4097219563935239e-08,6.887659564880079e-16,-5.6992806496131295e-18,-9.474681847525483e-15,-2.04090315232765e-08,0.225,-2.913413178710273e-14,0.23999999525306964,0.225,0.0,0.23999999999999996,0.0,129.88439972978443,2.3347953389549596e-14,True,True,False
10.585,4.676699388951348e-09,0.0,1.3995174400073468e-08,6.953724633442596e-16,-5.6992806496131295e-18,-9.474681847525483e-15,-2.04090315232765e-08,0.225,-2.9006508903807385e-14,0.23999999532330057,0.225,0.0,0.23999999999999996,0.0,129.88439972978443,2.328044739188099e-14,True,True,False
10.59,4.606979159362284e-09,0.0,1.3893129236211443e-08,7.019598676419023e-16,-5.6992806496131295e-18,-9.474681847525483e-15,-2.04090315232765e-08,0.225,-2.88784305555639e-14,0.2399999953930208,0.225,0.0,0.23999999999999996,0.0,129.88439972978443,2.3212685472963495e-14,True,True,False
10.595,4.537767856007716e-09,0.0,1.3791084072349173e-08,7.085280971196113e-16,-5.6992806496131295e-18,-9.474681847525483e-15,-2.04090315232765e-08,0.225,-2.874989780646811e-14,0.2399999954622321,0.225,0.0,0.23999999999999996,0.0,129.88439972978443,2.3144668978863474e-14,True,True,False
10.6,4.469067255244484e-09,0.0,1.3689038908486673e-08,7.1507707989808835e-16,-5.956760119813695e-18,-1.0059145460697572e-14,-2.1097232648700958e-08,0.225,-2.8620911729463436e-14,0.2399999955309327,0.225,0.0,0.23999999999999996,0.0,129.88439972067263,2.3701568390315758e-14,True,True,False
10.605,4.400886238856784e-09,0.0,1.3583552732127201e-08,7.217836420099745e-16,-5.956760119813695e-18,-1.0059145460697572e-14,-2.1097232648700958e-08,0.225,-2.8491472448001896e-14,0.23999999559911372,0.225,0.0,0.23999999999999996,0.0,129.88439972067263,2.3632206848817196e-14,True,True,False
10.61,4.333231912271974e-09,0.0,1.3478066555767522e-08,7.284705771565729e-16,-5.956760119813695e-18,-1.0059145460697572e-14,-2.1097232648700958e-08,0.225,-2.8361580095725372e-14,0.23999999566676805,0.225,0.0,0.23999999999999996,0.0,129.88439972067263,2.3562586629292902e-14,True,True,False
10.615,4.2661051636684734e-09,0.0,1.3372580379407652e-08,7.351378122923903e-16,-5.956760119813695e-18,-1.0059145460697572e-14,-2.1097232648700958e-08,0.225,-2.8231235774870187e-14,0.2399999957338948,0.225,0.0,0.23999999999999996,0.0,129.88439972067263,2.349270910906021e-14,True,True,False
10.620000000000001,4.199505104867863e-09,0.0,1.3267094203047602e-08,7.417852747577931e-16,-5.956760119813695e-18,-1.0059145460697572e-14,-2.1097232648700958e-08,0.225,-2.810044059665049e-14,0.23999999580049486,0.225,0.0,0.23999999999999996,0.0,129.88439972067263,2.342257566742291e-14,True,True,False
10.625,4.133433512226984e-09,0.0,1.316160802668739e-08,7.484128922786413e-16,-5.956760119813695e-18,-1.0059145460697572e-14,-2.1097232648700958e-08,0.225,-2.7969195681229837e-14,0.23999999586656645,0.225,0.0,0.23999999999999996,0.0,129.88439972067263,2.335218768564826e-14,True,True,False
10.63,4.067888609388995e-09,0.0,1.3056121850327032e-08,7.550205929659616e-16,-5.956760119813695e-18,-1.0059145460697572e-14,-2.1097232648700958e-08,0.225,-2.783750215769273e-14,0.23999999593211135,0.225,0.0,0.23999999999999996,0.0,129.88439972067263,2.3281546546943975e-14,True,True,False
10.635,4.002871284532317e-09,0.0,1.2950635673966538e-08,7.616083053156682e-16,-5.956760119813695e-18,-1.0059145460697572e-14,-2.1097232648700958e-08,0.225,-2.7705361164015995e-14,0.23999999599712868,0.225,0.0,0.23999999999999996,0.0,129.88439972067263,2.3210653636435266e-14,True,True,False
10.64,3.93838242583537e-09,0.0,1.2845149497605934e-08,7.681759582083392e-16,-5.956760119813695e-18,-1.0059145460697572e-14,-2.1097232648700958e-08,0.225,-2.7572773847040144e-14,0.23999999606161754,0.225,0.0,0.23999999999999996,0.0,129.88439972067263,2.3139510341141825e-14,True,True,False
10.645,3.874421145119734e-09,0.0,1.2739663321245228e-08,7.747234809090552e-16,-5.956760119813695e-18,-1.0059145460697572e-14,-2.1097232648700958e-08,0.225,-2.7439741362440575e-14,0.23999999612557882,0.225,0.0,0.23999999999999996,0.0,129.88439972067263,2.3068118049954867e-14,True,True,False
10.65,3.81098655420699e-09,0.0,1.2634177144884444e-08,7.812508030673115e-16,-6.253630772478065e-18,-1.0639182175325769e-14,-2.1353700682341536e-08,0.225,-2.7306264874698706e-14,0.2399999961890134,0.225,0.0,0.23999999999999996,0.0,129.88439971727698,2.3616912071819385e-14,True,True,False
10.655,3.7480830939892366e-09,0.0,1.2527408621351204e-08,7.879334124506507e-16,-6.253630772478065e-18,-1.0639182175325769e-14,-2.1353700682341536e-08,0.225,-2.71723446060165e-14,0.23999999625191687,0.225,0.0,0.23999999999999996,0.0,129.88439971727698,2.3544192381692863e-14,True,True,False
10.66,3.6857125408233134e-09,0.0,1.242064009781792e-08,7.945954458887312e-16,-6.253630772478065e-18,-1.0639182175325769e-14,-2.1353700682341536e-08,0.225,-2.7037980788731164e-14,0.23999999631428742,0.225,0.0,0.23999999999999996,0.0,129.88439971727698,2.347121978219494e-14,True,True,False
10.665000000000001,3.6238757828876403e-09,0.0,1.231387157428461e-08,8.012368318933442e-16,-6.253630772478065e-18,-1.0639182175325769e-14,-2.1353700682341536e-08,0.225,-2.6903174616462527e-14,0.23999999637612418,0.225,0.0,0.23999999999999996,0.0,129.88439971727698,2.3397995692733087e-14,True,True,False
10.67,3.5625737083606374e-09,0.0,1.2207103050751294e-08,8.078574993678181e-16,-6.253630772478065e-18,-1.0639182175325769e-14,-2.1353700682341536e-08,0.225,-2.6767927291759518e-14,0.23999999643742626,0.225,0.0,0.23999999999999996,0.0,129.88439971727698,2.3324521534559752e-14,True,True,False
10.675,3.5018045408854654e-09,0.0,1.2100334527217991e-08,8.144573776075901e-16,-6.253630772478065e-18,-1.0639182175325769e-14,-2.1353700682341536e-08,0.225,-2.663224002607055e-14,0.23999999649819542,0.225,0.0,0.23999999999999996,0.0,129.88439971727698,2.3250798730748905e-14,True,True,False
10.68,3.4415709449973837e-09,0.0,1.1993566003684721e-08,8.210363963008653e-16,-6.253630772478065e-18,-1.0639182175325769e-14,-2.1353700682341536e-08,0.225,-2.6496114039713675e-14,0.23999999655842902,0.225,0.0,0.23999999999999996,0.0,129.88439971727698,2.317682870617263e-14,True,True,False
10.685,3.381869367982714e-09,0.0,1.18867974801515e-08,8.275944855293558e-16,-6.253630772478065e-18,-1.0639182175325769e-14,-2.1353700682341536e-08,0.225,-2.6359550561846758e-14,0.2399999966181306,0.225,0.0,0.23999999999999996,0.0,129.88439971727698,2.3102612887477657e-14,True,True,False
10.69,3.3227024743767158e-09,0.0,1.1780028956618349e-08,8.341315757690968e-16,-6.253630772478065e-18,-1.0639182175325769e-14,-2.1353700682341536e-08,0.225,-2.6222550830437475e-14,0.2399999966772975,0.225,0.0,0.23999999999999996,0.0,129.88439971727698,2.3028152703061985e-14,True,True,False
10.695,3.2640693760009693e-09,0.0,1.1673260433085287e-08,8.406475978913426e-16,-6.253630772478065e-18,-1.0639182175325769e-14,-2.1353700682341536e-08,0.225,-2.6085116092233255e-14,0.2399999967359306,0.225,0.0,0.23999999999999996,0.0,129.88439971727698,2.2953449583051415e-14,True,True,False
10.700000000000001,3.205970072855476e-09,0.0,1.1566491909552337e-08,8.471424831635353e-16,-6.620967758411616e-18,-1.1213768693537852e-14,-2.124690124681493e-08,0.225,-2.5947247602731162e-14,0.2399999967940299,0.225,0.0,0.23999999999999996,0.0,129.88439971869101,2.349310909659077e-14,True,True,False
10.705,3.148402788583395e-09,0.0,1.1460257387865276e-08,8.537900714415214e-16,-6.620967758411616e-18,-1.1213768693537852e-14,-2.124690124681493e-08,0.225,-2.5808945684020423e-14,0.23999999685159717,0.225,0.0,0.23999999999999996,0.0,129.88439971869101,2.3417098653914113e-14,True,True,False
10.71,3.0913666350063088e-09,0.0,1.1354022866178366e-08,8.604161529518951e-16,-6.620967758411616e-18,-1.1213768693537852e-14,-2.124690124681493e-08,0.225,-2.5670210668253813e-14,0.23999999690863333,0.225,0.0,0.23999999999999996,0.0,129.88439971869101,2.3340841560977047e-14,True,True,False
10.715,3.034862500302637e-09,0.0,1.1247788344491618e-08,8.67020657887614e-16,-6.620967758411616e-18,-1.1213768693537852e-14,-2.124690124681493e-08,0.225,-2.5531043839863272e-14,0.23999999696513746,0.225,0.0,0.23999999999999996,0.0,129.88439971869101,2.326433927762628e-14,True,True,False
10.72,2.9788894962939592e-09,0.0,1.1141553822805057e-08,8.736035168489825e-16,-6.620967758411616e-18,-1.1213768693537852e-14,-2.124690124681493e-08,0.225,-2.539144649214613e-14,0.23999999702111047,0.225,0.0,0.23999999999999996,0.0,129.88439971869101,2.3187593265406715e-14,True,True,False
10.725,2.923446734801858e-09,0.0,1.1035319301118692e-08,8.8016466084507e-16,-6.620967758411616e-18,-1.1213768693537852e-14,-2.124690124681493e-08,0.225,-2.525141992723409e-14,0.23999999707655323,0.225,0.0,0.23999999999999996,0.0,129.88439971869101,2.311060498753762e-14,True,True,False
10.73,2.868535992183172e-09,0.0,1.0929084779432551e-08,8.867040212951415e-16,-6.620967758411616e-18,-1.1213768693537852e-14,-2.124690124681493e-08,0.225,-2.5110965456062192e-14,0.23999999713146397,0.225,0.0,0.23999999999999996,0.0,129.88439971869101,2.3033375908888776e-14,True,True,False
10.735,2.814155492081063e-09,0.0,1.0822850257746645e-08,8.932215300300914e-16,-6.620967758411616e-18,-1.1213768693537852e-14,-2.124690124681493e-08,0.225,-2.497008439833771e-14,0.23999999718584447,0.225,0.0,0.23999999999999996,0.0,129.88439971869101,2.295590749595663e-14,True,True,False
10.74,2.76030701085237e-09,0.0,1.0716615736060988e-08,8.997171192938718e-16,-6.620967758411616e-18,-1.1213768693537852e-14,-2.124690124681493e-08,0.225,-2.482877808250893e-14,0.23999999723969295,0.225,0.0,0.23999999999999996,0.0,129.88439971869101,2.287820121684047e-14,True,True,False
10.745000000000001,2.7069896603186748e-09,0.0,1.0610381214375603e-08,9.061907217448999e-16,-6.620967758411616e-18,-1.1213768693537852e-14,-2.124690124681493e-08,0.225,-2.4687047845733777e-14,0.2399999972930103,0.225,0.0,0.23999999999999996,0.0,129.88439971869101,2.280025854121859e-14,True,True,False
10.75,2.654203440479977e-09,0.0,1.0504146692690499e-08,9.126422704574496e-16,-7.061011558641164e-18,-1.1781874571519939e-14,-2.0839292782082758e-08,0.225,-2.454489503384849e-14,0.23999999734579652,0.225,0.0,0.23999999999999996,0.0,129.88439972408776,2.3329753086716807e-14,True,True,False
10.755,2.6019430222657602e-09,0.0,1.0399950215797361e-08,9.192436456626501e-16,-7.061011558641164e-18,-1.1781874571519939e-14,-2.0839292782082758e-08,0.225,-2.4402320069828015e-14,0.23999999739805694,0.225,0.0,0.23999999999999996,0.0,129.88439972408776,2.3250525598087074e-14,True,True,False
10.76,2.5502039647839263e-09,0.0,1.0295753738904539e-08,9.258226035161109e-16,-7.061011558641164e-18,-1.1781874571519939e-14,-2.0839292782082758e-08,0.225,-2.4259323386621756e-14,0.239999997449796,0.225,0.0,0.23999999999999996,0.0,129.88439972408776,2.317105820639755e-14,True,True,False
10.765,2.498985379856056e-09,0.0,1.0191557262012042e-08,9.323790761040974e-16,-7.061011558641164e-18,-1.1781874571519939e-14,-2.0839292782082758e-08,0.225,-2.4115906358747454e-14,0.23999999750101458,0.225,0.0,0.23999999999999996,0.0,129.88439972408776,2.309135241019002e-14,True,True,False
10.77,2.4482881556605697e-09,0.0,1.0087360785119883e-08,9.38912995940329e-16,-7.061011558641164e-18,-1.1781874571519939e-14,-2.0839292782082758e-08,0.225,-2.397207036950918e-14,0.2399999975517118,0.225,0.0,0.23999999999999996,0.0,129.88439972408776,2.3011409709552673e-14,True,True,False
10.775,2.3981122921974683e-09,0.0,9.983164308228072e-09,9.454242959672055e-16,-7.061011558641164e-18,-1.1781874571519939e-14,-2.0839292782082758e-08,0.225,-2.3827816810965163e-14,0.23999999760188767,0.225,0.0,0.23999999999999996,0.0,129.88439972408776,2.2931231606095808e-14,True,True,False
10.78,2.3484560131099135e-09,0.0,9.878967831336619e-09,9.519129095569315e-16,-7.061011558641164e-18,-1.1781874571519939e-14,-2.0839292782082758e-08,0.225,-2.368314708389553e-14,0.23999999765154395,0.225,0.0,0.23999999999999996,0.0,129.88439972408776,2.2850819602927648e-14,True,True,False
10.785,2.2993219829331647e-09,0.0,9.774771354445536e-09,9.583787705125468e-16,-7.061011558641164e-18,-1.1781874571519939e-14,-2.0839292782082758e-08,0.225,-2.353806259776987e-14,0.23999999770067798,0.225,0.0,0.23999999999999996,0.0,129.88439972408776,2.2770175204630093e-14,True,True,False
10.790000000000001,2.2507084253103833e-09,0.0,9.670574877554829e-09,9.648218130688435e-16,-7.061011558641164e-18,-1.1781874571519939e-14,-2.0839292782082758e-08,0.225,-2.3392564770714896e-14,0.23999999774929154,0.225,0.0,0.23999999999999996,0.0,129.88439972408776,2.2689299917234505e-14,True,True,False
10.795,2.20261622841999e-09,0.0,9.566378400664512e-09,9.712419718931816e-16,-7.061011558641164e-18,-1.1781874571519939e-14,-2.0839292782082758e-08,0.225,-2.324665502948178e-14,0.23999999779738374,0.225,0.0,0.23999999999999996,0.0,129.88439972408776,2.260819524819752e-14,True,True,False
10.8,2.1550453922619856e-09,0.0,9.462181923774583e-09,9.776391820861821e-16,-7.549919623187489e-18,-1.2342463765335417e-14,-2.0187364380223148e-08,0.225,-2.3100334809413635e-14,0.23999999784495457,0.225,0.0,0.23999999999999996,0.0,129.8843997327193,2.3126494661675703e-14,True,True,False
10.805,2.1079870350521752e-09,0.0,9.361245088518522e-09,9.841830508761204e-16,-7.549919623187489e-18,-1.2342463765335417e-14,-2.0187364380223148e-08,0.225,-2.2953604635238316e-14,0.23999999789201293,0.225,0.0,0.23999999999999996,0.0,129.8843997327193,2.3044130124425626e-14,True,True,False
10.81,2.0614331631847823e-09,0.0,9.260308253262868e-09,9.907036145770245e-16,-7.549919623187489e-18,-1.2342463765335417e-14,-2.0187364380223148e-08,0.225,-2.2806465041552994e-14,0.2399999979385668,0.225,0.0,0.23999999999999996,0.0,129.8843997327193,2.2961532916212886e-14,True,True,False
10.815,2.015383776659808e-09,0.0,9.159371418007618e-09,9.972008073786706e-16,-7.549919623187489e-18,-1.2342463765335417e-14,-2.0187364380223148e-08,0.225,-2.2658917492073564e-14,0.2399999979846162,0.225,0.0,0.23999999999999996,0.0,129.8843997327193,2.287870457243813e-14,True,True,False
10.82,1.969838875477254e-09,0.0,9.05843458275278e-09,1.0036745639119817e-15,-7.549919623187489e-18,-1.2342463765335417e-14,-2.0187364380223148e-08,0.225,-2.251096347552984e-14,0.2399999980301611,0.225,0.0,0.23999999999999996,0.0,129.8843997327193,2.2795646690900953e-14,True,True,False
10.825000000000001,1.9247993478155413e-09,0.0,8.957497747498349e-09,1.010124819266548e-15,-7.549919623187489e-18,-1.2342463765335417e-14,-2.0187364380223148e-08,0.225,-2.2362604467534067e-14,0.23999999807520062,0.225,0.0,0.23999999999999996,0.0,129.8843997327193,2.2712360789299733e-14,True,True,False
10.83,1.880264305496251e-09,0.0,8.856560912244335e-09,1.0165515089673626e-15,-7.549919623187489e-18,-1.2342463765335417e-14,-2.0187364380223148e-08,0.225,-2.2213841946880192e-14,0.23999999811973566,0.225,0.0,0.23999999999999996,0.0,129.8843997327193,2.2628848366371446e-14,True,True,False
10.835,1.8362337485193849e-09,0.0,8.755624076990727e-09,1.0229545689691284e-15,-7.549919623187489e-18,-1.2342463765335417e-14,-2.0187364380223148e-08,0.225,-2.2064677411847596e-14,0.23999999816376621,0.225,0.0,0.23999999999999996,0.0,129.8843997327193,2.2545110962903948e-14,True,True,False
10.84,1.7927076768849446e-09,0.0,8.654687241737532e-09,1.0293339356678757e-15,-7.549919623187489e-18,-1.2342463765335417e-14,-2.0187364380223148e-08,0.225,-2.1915112369274e-14,0.2399999982072923,0.225,0.0,0.23999999999999996,0.0,129.8843997327193,2.246115012097785e-14,True,True,False
10.845,1.7496869787713514e-09,0.0,8.553750406484745e-09,1.0356895459007576e-15,-7.549919623187489e-18,-1.2342463765335417e-14,-2.0187364380223148e-08,0.225,-2.176514833452168e-14,0.23999999825031298,0.225,0.0,0.23999999999999996,0.0,129.8843997327193,2.237696738394194e-14,True,True,False
10.85,1.7071698778217674e-09,0.0,8.45281357123236e-09,1.0420213369457391e-15,-6.167007519394809e-18,-1.2894496191058857e-14,-1.934182823301594e-08,0.225,-2.1614786831443653e-14,0.23999999829283009,0.225,0.0,0.23999999999999996,0.0,129.8843997439142,2.2883043539072234e-14,True,True,False
10.855,1.6651474922519986e-09,0.0,8.356104422325026e-09,1.0484963283600012e-15,-6.167007519394809e-18,-1.2894496191058857e-14,-1.934182823301594e-08,0.225,-2.146402848724509e-14,0.23999999833485247,0.225,0.0,0.23999999999999996,0.0,129.8843997439142,2.2797628311214345e-14,True,True,False
10.86,1.6236091639210112e-09,0.0,8.259395273418083e-09,1.0549471519727153e-15,-6.167007519394809e-18,-1.2894496191058857e-14,-1.934182823301594e-08,0.225,-2.131287393887229e-14,0.2399999983763908,0.225,0.0,0.23999999999999996,0.0,129.8843997439142,2.271198812539913e-14,True,True,False
10.865,1.5825540046503878e-09,0.0,8.162686124511528e-09,1.0613737442035793e-15,-6.167007519394809e-18,-1.2894496191058857e-14,-1.934182823301594e-08,0.225,-2.1161324738197847e-14,0.23999999841744596,0.225,0.0,0.23999999999999996,0.0,129.8843997439142,2.2626124551925555e-14,True,True,False
10.870000000000001,1.541982014440131e-09,0.0,8.065976975605352e-09,1.0677760419177866e-15,-6.167007519394809e-18,-1.2894496191058857e-14,-1.934182823301594e-08,0.225,-2.1009382445677013e-14,0.23999999845801795,0.225,0.0,0.23999999999999996,0.0,129.8843997439142,2.254003916232247e-14,True,True,False
10.875,1.5018940814686627e-09,0.0,7.96926782669955e-09,1.0741539824250598e-15,-6.167007519394809e-18,-1.2894496191058857e-14,-1.934182823301594e-08,0.225,-2.085704863031476e-14,0.23999999849810588,0.225,0.0,0.23999999999999996,0.0,129.8843997439142,2.2453733529323687e-14,True,True,False
10.88,1.4622893175575666e-09,0.0,7.872558677794115e-09,1.0805075034786533e-15,-6.167007519394809e-18,-1.2894496191058857e-14,-1.934182823301594e-08,0.225,-2.0704324869648227e-14,0.23999999853771065,0.225,0.0,0.23999999999999996,0.0,129.8843997439142,2.2367209226843016e-14,True,True,False
10.885,1.4231686108852646e-09,0.0,7.775849528889036e-09,1.0868365432743222e-15,-6.167007519394809e-18,-1.2894496191058857e-14,-1.934182823301594e-08,0.225,-2.0551212749677093e-14,0.23999999857683135,0.225,0.0,0.23999999999999996,0.0,129.8843997439142,2.2280467829949343e-14,True,True,False
10.89,1.3845310732733408e-09,0.0,7.679140379984303e-09,1.0931410404492007e-15,-6.167007519394809e-18,-1.2894496191058857e-14,-1.934182823301594e-08,0.225,-2.039771386482841e-14,0.2399999986154689,0.225,0.0,0.23999999999999996,0.0,129.8843997439142,2.2193510914841686e-14,True,True,False
10.895,1.3463767047217982e-09,0.0,7.582431231079905e-09,1.099420934080367e-15,-6.167007519394809e-18,-1.2894496191058857e-14,-1.934182823301594e-08,0.225,-2.0243829817936755e-14,0.23999999865362326,0.225,0.0,0.23999999999999996,0.0,129.8843997439142,2.2106340058824306e-14,True,True,False
10.9,1.3087063934090605e-09,0.0,7.485722082175829e-09,1.1056761636841287e-15,-4.142995501015558e-18,-1.3436929406980439e-14,-1.834778892786311e-08,0.225,-2.0089562220225273e-14,0.23999999869129357,0.225,0.0,0.23999999999999996,0.0,129.88439975707527,2.2599168326839684e-14,True,True,False
10.905,1.2715077048372567e-09,0.0,7.393983126042289e-09,1.1120708456683687e-15,-4.142995501015558e-18,-1.3436929406980439e-14,-1.834778892786311e-08,0.225,-1.9934911801889652e-14,0.23999999872849226,0.225,0.0,0.23999999999999996,0.0,129.88439975707527,2.2510794784809182e-14,True,True,False
10.91,1.234767316330098e-09,0.0,7.302244169909038e-09,1.1184405233753295e-15,-4.142995501015558e-18,-1.3436929406980439e-14,-1.834778892786311e-08,0.225,-1.9779879302724806e-14,0.23999999876523265,0.225,0.0,0.23999999999999996,0.0,129.88439975707527,2.2422204473806216e-14,True,True,False
10.915000000000001,1.198485227887589e-09,0.0,7.210505213776057e-09,1.1247851354953165e-15,-4.142995501015558e-18,-1.3436929406980439e-14,-1.834778892786311e-08,0.225,-1.9624466361568214e-14,0.23999999880151474,0.225,0.0,0.23999999999999996,0.0,129.88439975707527,2.2333398997046008e-14,True,True,False
10.92,1.1626614395097356e-09,0.0,7.1187662576433365e-09,1.1311046211626793e-15,-4.142995501015558e-18,-1.3436929406980439e-14,-1.834778892786311e-08,0.225,-1.9468674625714862e-14,0.23999999883733852,0.225,0.0,0.23999999999999996,0.0,129.88439975707527,2.22443799588079e-14,True,True,False
10.925,1.1272977275533826e-09,0.0,7.027027301510855e-09,1.137398919955216e-15,-4.142995501015558e-18,-1.3436929406980439e-14,-1.834778892786311e-08,0.225,-1.931250575088149e-14,0.23999999887270224,0.225,0.0,0.23999999999999996,0.0,129.88439975707527,2.2155148964410142e-14,True,True,False
10.93,1.0923914274832777e-09,0.0,6.935288345378598e-09,1.1436679718937358e-15,-4.142995501015558e-18,-1.3436929406980439e-14,-1.834778892786311e-08,0.225,-1.9155961401170952e-14,0.23999999890760854,0.225,0.0,0.23999999999999996,0.0,129.88439975707527,2.206570762018463e-14,True,True,False
10.935,1.0579443156562672e-09,0.0,6.843549389246548e-09,1.1499117174418214e-15,-4.142995501015558e-18,-1.3436929406980439e-14,-1.834778892786311e-08,0.225,-1.899904324903621e-14,0.23999999894205565,0.225,0.0,0.23999999999999996,0.0,129.88439975707527,2.1976057533451752e-14,True,True,False
10.94,1.0239563920723586e-09,0.0,6.751810433114685e-09,1.1561300975058406e-15,-4.142995501015558e-18,-1.3436929406980439e-14,-1.834778892786311e-08,0.225,-1.8841752975244533e-14,0.23999999897604357,0.225,0.0,0.23999999999999996,0.0,129.88439975707527,2.18862003124952e-14,True,True,False
10.945,9.904267685531411e-10,0.0,6.6600714769829966e-09,1.1623230534352338e-15,-4.142995501015558e-18,-1.3436929406980439e-14,-1.834778892786311e-08,0.225,-1.8684092268841437e-14,0.2399999990095732,0.225,0.0,0.23999999999999996,0.0,129.88439975707527,2.179613756653682e-14,True,True,False
10.950000000000001,9.573554450986237e-10,0.0,6.568332520851459e-09,1.1684905270231098e-15,-2.672164710451676e-18,-1.3968720181159354e-14,-1.724503115319711e-08,0.225,-1.852606282711463e-14,0.23999999904264452,0.225,0.0,0.23999999999999996,0.0,129.8843997716758,2.227469874736937e-14,True,True,False
10.955,9.247299872109435e-10,0.0,6.482107354882946e-09,1.1747934157998544e-15,-2.672164710451676e-18,-1.3968720181159354e-14,-1.724503115319711e-08,0.225,-1.836766548364107e-14,0.23999999907526998,0.225,0.0,0.23999999999999996,0.0,129.8843997716758,2.218346553673903e-14,True,True,False
10.96,8.925352958569801e-10,0.0,6.3958821889145435e-09,1.1810704908835246e-15,-2.672164710451676e-18,-1.3968720181159354e-14,-1.724503115319711e-08,0.225,-1.820890108143754e-14,0.23999999910746467,0.225,0.0,0.23999999999999996,0.0,129.8843997716758,2.2092024216242307e-14,True,True,False
10.965,8.607713710367473e-10,0.0,6.3096570229462365e-09,1.1873216933087866e-15,-2.672164710451676e-18,-1.3968720181159354e-14,-1.724503115319711e-08,0.225,-1.804977134495128e-14,0.2399999991392286,0.225,0.0,0.23999999999999996,0.0,129.8843997716758,2.2000376419914613e-14,True,True,False
10.97,8.294382127502598e-10,0.0,6.223431856978008e-09,1.1935469645665292e-15,-2.672164710451676e-18,-1.3968720181159354e-14,-1.724503115319711e-08,0.225,-1.7890278006946435e-14,0.23999999917056175,0.225,0.0,0.23999999999999996,0.0,129.8843997716758,2.1908523782685502e-14,True,True,False
10.975,7.98536709175954e-10,0.0,6.137206691009843e-09,1.199746246605118e-15,-2.672164710451676e-18,-1.3968720181159354e-14,-1.724503115319711e-08,0.225,-1.773042280846715e-14,0.23999999920146325,0.225,0.0,0.23999999999999996,0.0,129.8843997716758,2.1816467940353243e-14,True,True,False
10.98,7.680659721354291e-10,0.0,6.050981525041729e-09,1.205919481831661e-15,-2.672164710451676e-18,-1.3968720181159354e-14,-1.724503115319711e-08,0.225,-1.7570207498800845e-14,0.239999999231934,0.225,0.0,0.23999999999999996,0.0,129.8843997716758,2.1724210529559354e-14,True,True,False
10.985,7.380260016287061e-10,0.0,5.9647563590736536e-09,1.212066613113288e-15,-2.672164710451676e-18,-1.3968720181159354e-14,-1.724503115319711e-08,0.225,-1.740963383544116e-14,0.23999999926197396,0.225,0.0,0.23999999999999996,0.0,129.8843997716758,2.1631753187763207e-14,True,True,False
10.99,7.084176858342283e-10,0.0,5.878531193105601e-09,1.2181875837784215e-15,-2.672164710451676e-18,-1.3968720181159354e-14,-1.724503115319711e-08,0.225,-1.724870358405108e-14,0.23999999929158228,0.225,0.0,0.23999999999999996,0.0,129.8843997716758,2.1539097553216605e-14,True,True,False
10.995000000000001,6.792410247520227e-10,0.0,5.792306027137566e-09,1.224282337618026e-15,-2.672164710451676e-18,-1.3968720181159354e-14,-1.724503115319711e-08,0.225,-1.7087418518425762e-14,0.23999999932075894,0.225,0.0,0.23999999999999996,0.0,129.8843997716758,2.1446245264938434e-14,True,True,False
11.0,6.504951302037001e-10,0.0,5.706080861169535e-09,1.2303508188868163e-15,-1.6960630883025484e-18,-1.4488826151876424e-14,-1.606831223387118e-08,0.225,-1.6925780420455485e-14,0.23999999934950483,0.225,0.0,0.23999999999999996,0.0,129.88439978725552,2.190952720150487e-14,True,True,False
11.005,6.221657913345858e-10,0.0,5.625739278851896e-09,1.236550390934226e-15,-1.6960630883025484e-18,-1.4488826151876424e-14,-1.606831223387118e-08,0.225,-1.6763790227329892e-14,0.23999999937783417,0.225,0.0,0.23999999999999996,0.0,129.88439978725552,2.1815539072239827e-14,True,True,False
11.01,5.942379091115917e-10,0.0,5.545397696534237e-09,1.2427233687951224e-15,-1.6960630883025484e-18,-1.4488826151876424e-14,-1.606831223387118e-08,0.225,-1.6601448885501227e-14,0.23999999940576205,0.225,0.0,0.23999999999999996,0.0,129.88439978725552,2.1721351955731582e-14,True,True,False
11.015,5.667114835347667e-10,0.0,5.4650561142165565e-09,1.2488696960722448e-15,-1.6960630883025484e-18,-1.4488826151876424e-14,-1.606831223387118e-08,0.225,-1.6438758203513422e-14,0.23999999943328848,0.225,0.0,0.23999999999999996,0.0,129.88439978725552,2.162696751465788e-14,True,True,False
11.02,5.395874027825872e-10,0.0,5.384714531898845e-09,1.2549893168429534e-15,-1.6960630883025484e-18,-1.4488826151876424e-14,-1.606831223387118e-08,0.225,-1.6275719998071155e-14,0.23999999946041256,0.225,0.0,0.23999999999999996,0.0,129.88439978725552,2.1532387412416677e-14,True,True,False
11.025,5.128647786767005e-10,0.0,5.304372949581101e-09,1.2610821756593702e-15,-1.6960630883025484e-18,-1.4488826151876424e-14,-1.606831223387118e-08,0.225,-1.6112336094001918e-14,0.23999999948713518,0.225,0.0,0.23999999999999996,0.0,129.88439978725552,2.143761331310055e-14,True,True,False
11.03,4.865436112171848e-10,0.0,5.224031367263322e-09,1.2671482175483148e-15,-1.6960630883025484e-18,-1.4488826151876424e-14,-1.606831223387118e-08,0.225,-1.594860832421822e-14,0.23999999951345635,0.225,0.0,0.23999999999999996,0.0,129.88439978725552,2.1342646881471033e-14,True,True,False
11.035,4.6062390040413337e-10,0.0,5.143689784945505e-09,1.2731873880110639e-15,-1.6960630883025484e-18,-1.4488826151876424e-14,-1.606831223387118e-08,0.225,-1.5784538529679576e-14,0.23999999953937606,0.225,0.0,0.23999999999999996,0.0,129.88439978725552,2.1247489782933015e-14,True,True,False
11.040000000000001,4.3510653441607633e-10,0.0,5.0633482026276465e-09,1.279199633022969e-15,-1.6960630883025484e-18,-1.4488826151876424e-14,-1.606831223387118e-08,0.225,-1.562012855935453e-14,0.23999999956489343,0.225,0.0,0.23999999999999996,0.0,129.88439978725552,2.1152143683509168e-14,True,True,False
11.045,4.0999062507472847e-10,0.0,4.98300662030975e-09,1.2851848990329727e-15,-1.6960630883025484e-18,-1.4488826151876424e-14,-1.606831223387118e-08,0.225,-1.5455380270182528e-14,0.23999999959000934,0.225,0.0,0.23999999999999996,0.0,129.88439978725552,2.1056610249814388e-14,True,True,False
11.05,3.8527706055867155e-10,0.0,4.902665037991813e-09,1.2911431329630493e-15,-1.1129933440649468e-18,-1.499620754661709e-14,-1.4847665271049866e-08,0.225,-1.5290295527035798e-14,0.2399999996147229,0.225,0.0,0.23999999999999996,0.0,129.88439980341693,2.1503609596594652e-14,True,True,False
11.055,3.609489654781458e-10,0.0,4.828426706508931e-09,1.2972278494701728e-15,-1.1129933440649468e-18,-1.499620754661709e-14,-1.4847665271049866e-08,0.225,-1.5124875370785574e-14,0.239999999639051,0.225,0.0,0.23999999999999996,0.0,129.88439980341693,2.140697732963641e-14,True,True,False
11.06,3.369930171571222e-10,0.0,4.754188375025997e-09,1.3032852228151091e-15,-1.1129933440649468e-18,-1.499620754661709e-14,-1.4847665271049866e-08,0.225,-1.4959120851371042e-14,0.23999999966300695,0.225,0.0,0.23999999999999996,0.0,129.88439980341693,2.131015565412695e-14,True,True,False
11.065,3.1340743923908806e-10,0.0,4.679950043543011e-09,1.3093151993352117e-15,-1.1129933440649468e-18,-1.499620754661709e-14,-1.4847665271049866e-08,0.225,-1.4793033859761605e-14,0.23999999968659252,0.225,0.0,0.23999999999999996,0.0,129.88439980341693,2.1213146259128956e-14,True,True,False
11.07,2.901931199028785e-10,0.0,4.605711712059975e-09,1.3153177258448277e-15,-1.1129933440649468e-18,-1.499620754661709e-14,-1.4847665271049866e-08,0.225,-1.4626616294915747e-14,0.23999999970980684,0.225,0.0,0.23999999999999996,0.0,129.88439980341693,2.1115950834247686e-14,True,True,False
11.075000000000001,2.673500591490356e-10,0.0,4.531473380576887e-09,1.3212927496343808e-15,-1.1129933440649468e-18,-1.499620754661709e-14,-1.4847665271049866e-08,0.225,-1.4459870063742218e-14,0.2399999997326499,0.225,0.0,0.23999999999999996,0.0,129.88439980341693,2.101857106960521e-14,True,True,False
11.08,2.448782569782786e-10,0.0,4.457235049093747e-09,1.3272402184694894e-15,-1.1129933440649468e-18,-1.499620754661709e-14,-1.4847665271049866e-08,0.225,-1.4292797081061122e-14,0.2399999997551217,0.225,0.0,0.23999999999999996,0.0,129.88439980341693,2.0921008655814578e-14,True,True,False
11.085,2.2277771339158303e-10,0.0,4.382996717610555e-09,1.3331600805901618e-15,-1.1129933440649468e-18,-1.499620754661709e-14,-1.4847665271049866e-08,0.225,-1.4125399269565023e-14,0.23999999977722225,0.225,0.0,0.23999999999999996,0.0,129.88439980341693,2.0823265283954104e-14,True,True,False
11.09,2.010484283903055e-10,0.0,4.308758386127311e-09,1.3390522847100995e-15,-1.1129933440649468e-18,-1.499620754661709e-14,-1.4847665271049866e-08,0.225,-1.3957678559779892e-14,0.23999999979895154,0.225,0.0,0.23999999999999996,0.0,129.88439980341693,2.072534264554165e-14,True,True,False
11.095,1.7969040197639032e-10,0.0,4.234520054644012e-09,1.344916780016141e-15,-1.1129933440649468e-18,-1.499620754661709e-14,-1.4847665271049866e-08,0.225,-1.3789636890026089e-14,0.23999999982030956,0.225,0.0,0.23999999999999996,0.0,129.88439980341693,2.062724243250889e-14,True,True,False
11.1,1.5870363415272623e-10,0.0,4.160281723160659e-09,1.3507535161678672e-15,-8.297827213119118e-19,-1.5489828887608416e-14,-1.3608764229175392e-08,0.225,-1.3621276206379201e-14,0.23999999984129633,0.225,0.0,0.23999999999999996,0.0,129.88439981981995,2.1056966398933215e-14,True,True,False
11.105,1.3807213771232044e-10,0.0,4.092237886074158e-09,1.3567118457984144e-15,-8.297827213119118e-19,-1.5489828887608416e-14,-1.3608764229175392e-08,0.225,-1.3452597653296156e-14,0.23999999986192783,0.225,0.0,0.23999999999999996,0.0,129.88439981981995,2.0957806721992126e-14,True,True,False
11.11,1.1778081362957516e-10,0.0,4.024194048987582e-09,1.3626421162692744e-15,-8.297827213119118e-19,-1.5489828887608416e-14,-1.3608764229175392e-08,0.225,-1.3283602384089478e-14,0.23999999988221915,0.225,0.0,0.23999999999999996,0.0,129.88439981981995,2.085846766296702e-14,True,True,False
11.115,9.78296619177736e-11,0.0,3.956150211900927e-09,1.3685442767111055e-15,-8.297827213119118e-19,-1.5489828887608416e-14,-1.3608764229175392e-08,0.225,-1.3114292370324985e-14,0.2399999999021703,0.225,0.0,0.23999999999999996,0.0,129.88439981981995,2.0758950934971003e-14,True,True,False
11.120000000000001,7.821957078132997e-11,0.0,3.888106374814186e-09,1.3744182767334468e-15,-8.297827213119118e-19,-1.5489828887608416e-14,-1.3608764229175392e-08,0.225,-1.2944669591370548e-14,0.2399999999217804,0.225,0.0,0.23999999999999996,0.0,129.88439981981995,2.0659258251478587e-14,True,True,False
11.125,5.894876392218137e-11,0.0,3.820062537727358e-09,1.3802640664250204e-15,-8.297827213119118e-19,-1.5489828887608416e-14,-1.3608764229175392e-08,0.225,-1.2774736034356228e-14,0.2399999999410512,0.225,0.0,0.23999999999999996,0.0,129.88439981981995,2.055939132629982e-14,True,True,False
11.13,4.0019017863883614e-11,0.0,3.75201870064044e-09,1.3860815963541933e-15,-8.297827213119118e-19,-1.5489828887608416e-14,-1.3608764229175392e-08,0.225,-1.2604493694134551e-14,0.23999999995998095,0.225,0.0,0.23999999999999996,0.0,129.88439981981995,2.0459351873554346e-14,True,True,False
11.135,2.142855698357377e-11,0.0,3.683974863553422e-09,1.3918708175695968e-15,-8.297827213119118e-19,-1.5489828887608416e-14,-1.3608764229175392e-08,0.225,-1.243394457324058e-14,0.2399999999785714,0.225,0.0,0.23999999999999996,0.0,129.88439981981995,2.0359141607645578e-14,True,True,False
11.14,3.179175038000992e-12,0.0,3.6159310264663045e-09,1.3976316816006937e-15,-8.297827213119118e-19,-1.5489828887608416e-14,-1.3608764229175392e-08,0.225,-1.2263090681855748e-14,0.2399999999968208,0.225,0.0,0.23999999999999996,0.0,129.88439981981995,2.025876224323485e-14,True,True,False
11.145,1.473008323138231e-11,0.0,3.5478871893790805e-09,1.4033641404591672e-15,-8.297827213119118e-19,-1.5489828887608416e-14,-1.3608764229175392e-08,0.225,-1.2091934037778673e-14,0.24000000001473004,0.225,0.0,0.23999999999999996,0.0,129.88439981981995,2.015821549521566e-14,True,True,False
11.15,3.230002596640555e-11,0.0,3.4798433522917495e-09,1.4090681466397846e-15,-7.827201304587057e-19,-1.5968660717019354e-14,-1.237325187502924e-08,0.225,-1.192047666635348e-14,0.2400000000323,0.225,0.0,0.23999999999999996,0.0,129.88439983617812,2.0569683599288537e-14,True,True,False
11.155,4.954400917825774e-11,0.0,3.417977072494814e-09,1.4148885792967243e-15,-7.827201304587057e-19,-1.5968660717019354e-14,-1.237325187502924e-08,0.225,-1.1748719815359627e-14,0.24000000004954397,0.225,0.0,0.23999999999999996,0.0,129.88439983617812,2.0468119091812543e-14,True,True,False
11.16,6.647979490004054e-11,0.0,3.3561107926977382e-09,1.420680270998066e-15,-7.827201304587057e-19,-1.5968660717019354e-14,-1.237325187502924e-08,0.225,-1.157666474120236e-14,0.24000000006647976,0.225,0.0,0.23999999999999996,0.0,129.88439983617812,2.036638566735628e-14,True,True,False
11.165000000000001,8.310560651292654e-11,0.0,3.2942445129005155e-09,1.4264431738059306e-15,-7.827201304587057e-19,-1.5968660717019354e-14,-1.237325187502924e-08,0.225,-1.1404313494057394e-14,0.24000000008310557,0.225,0.0,0.23999999999999996,0.0,129.88439983617812,2.0264485060674136e-14,True,True,False
11.17,9.942144393475165e-11,0.0,3.2323782331031426e-09,1.432177240276136e-15,-7.827201304587057e-19,-1.5968660717019354e-14,-1.237325187502924e-08,0.225,-1.1231668131700051e-14,0.2400000000994214,0.225,0.0,0.23999999999999996,0.0,129.88439983617812,2.0162419006697495e-14,True,True,False
11.175,1.154290834883278e-10,0.0,3.1705119533056166e-09,1.437882423459595e-15,-7.827201304587057e-19,-1.5968660717019354e-14,-1.237325187502924e-08,0.225,-1.105873071946455e-14,0.24000000011542905,0.225,0.0,0.23999999999999996,0.0,129.88439983617812,2.0060189240508745e-14,True,True,False
11.18,1.311267488001954e-10,0.0,3.1086456735079356e-09,1.443558676903715e-15,-7.827201304587057e-19,-1.5968660717019354e-14,-1.237325187502924e-08,0.225,-1.0885503330203304e-14,0.2400000001311267,0.225,0.0,0.23999999999999996,0.0,129.88439983617812,1.9957797497315307e-14,True,True,False
11.185,1.4651532803967501e-10,0.0,3.0467793937100974e-09,1.4492059546537834e-15,-7.827201304587057e-19,-1.5968660717019354e-14,-1.237325187502924e-08,0.225,-1.0711988044246159e-14,0.2400000001465153,0.225,0.0,0.23999999999999996,0.0,129.88439983617812,1.985524551242371e-14,True,True,False
11.19,1.6159482120137455e-10,0.0,2.9849131139121046e-09,1.4548242112543074e-15,-7.827201304587057e-19,-1.5968660717019354e-14,-1.237325187502924e-08,0.225,-1.0538186949359577e-14,0.24000000016159478,0.225,0.0,0.23999999999999996,0.0,129.88439983617812,1.9752535021213706e-14,True,True,False
11.195,1.7636434010347592e-10,0.0,2.923046834113957e-09,1.460413401750293e-15,-7.827201304587057e-19,-1.5968660717019354e-14,-1.237325187502924e-08,0.225,-1.0364102140705771e-14,0.2400000001763643,0.225,0.0,0.23999999999999996,0.0,129.88439983617812,1.9649667759112386e-14,True,True,False
11.200000000000001,1.9082477292214664e-10,0.0,2.86118055431566e-09,1.4659734816884444e-15,-9.356167243319589e-19,-1.6431681346299555e-14,-1.1159080575260308e-08,0.225,-1.018973572080174e-14,0.24000000019082474,0.225,0.0,0.23999999999999996,0.0,129.88439985225375,2.004191359604035e-14,True,True,False
11.205,2.0499121868895542e-10,0.0,2.8053851323311906e-09,1.4716445477645944e-15,-9.356167243319589e-19,-1.6431681346299555e-14,-1.1159080575260308e-08,0.225,-1.0015089040316404e-14,0.24000000020499118,0.225,0.0,0.23999999999999996,0.0,129.88439985225375,1.9938072583334545e-14,True,True,False
11.21,2.1887877643592986e-10,0.0,2.7495897103465407e-09,1.477286227603163e-15,-9.356167243319589e-19,-1.6431681346299555e-14,-1.1159080575260308e-08,0.225,-9.840163458297248e-15,0.24000000021887874,0.225,0.0,0.23999999999999996,0.0,129.88439985225375,1.9834073547406433e-14,True,True,False
11.215,2.324874461622781e-10,0.0,2.6937942883617146e-09,1.4828984764347254e-15,-9.356167243319589e-19,-1.6431681346299555e-14,-1.1159080575260308e-08,0.225,-9.664961101387027e-15,0.2400000002324874,0.225,0.0,0.23999999999999996,0.0,129.88439985225375,1.9729918242170703e-14,True,True,False
11.22,2.4581633968898797e-10,0.0,2.6379988663767218e-09,1.4884812500003548e-15,-9.356167243319589e-19,-1.6431681346299555e-14,-1.1159080575260308e-08,0.225,-9.489484103610366e-15,0.2400000002458163,0.225,0.0,0.23999999999999996,0.0,129.88439985225375,1.9625608421531576e-14,True,True,False
11.225,2.5886723337244433e-10,0.0,2.582203444391569e-09,1.4940345045523563e-15,-9.356167243319589e-19,-1.6431681346299555e-14,-1.1159080575260308e-08,0.225,-9.313734606332186e-15,0.2400000002588672,0.225,0.0,0.23999999999999996,0.0,129.88439985225375,1.9521145839356754e-14,True,True,False
11.23,2.716392390338761e-10,0.0,2.52640802240627e-09,1.4995581968548392e-15,-9.356167243319589e-19,-1.6431681346299555e-14,-1.1159080575260308e-08,0.225,-9.137714758216222e-15,0.2400000002716392,0.225,0.0,0.23999999999999996,0.0,129.88439985225375,1.941653224945144e-14,True,True,False
11.235,2.841314684945863e-10,0.0,2.470612600420839e-09,1.5050522841841291e-15,-9.356167243319589e-19,-1.6431681346299555e-14,-1.1159080575260308e-08,0.225,-8.96142671518338e-15,0.24000000028413143,0.225,0.0,0.23999999999999996,0.0,129.88439985225375,1.9311769405532407e-14,True,True,False
11.24,2.963448099327721e-10,0.0,2.414817178435292e-09,1.5105167243289986e-15,-9.356167243319589e-19,-1.6431681346299555e-14,-1.1159080575260308e-08,0.225,-8.784872640370092e-15,0.24000000029634477,0.225,0.0,0.23999999999999996,0.0,129.88439985225375,1.9206859061202046e-14,True,True,False
11.245000000000001,3.0828015152667317e-10,0.0,2.35902175644965e-09,1.5159514755907172e-15,-9.356167243319589e-19,-1.6431681346299555e-14,-1.1159080575260308e-08,0.225,-8.608054704086641e-15,0.24000000030828011,0.225,0.0,0.23999999999999996,0.0,129.88439985225375,1.910180296992251e-14,True,True,False
11.25,3.199348287408848e-10,0.0,2.303226334463935e-09,1.5213564967829227e-15,-1.2600200961233666e-18,-1.6877878653300018e-14,-9.980901141448145e-09,0.225,-8.430975083775395e-15,0.2400000003199348,0.225,0.0,0.23999999999999996,0.0,129.88439986785286,1.9473876021021478e-14,True,True,False
11.255,3.3132660514367404e-10,0.0,2.253321816220773e-09,1.5268667960448166e-15,-1.2600200961233666e-18,-1.6877878653300018e-14,-9.980901141448145e-09,0.225,-8.253635232390348e-15,0.24000000033132657,0.225,0.0,0.23999999999999996,0.0,129.88439986785286,1.9367892457471532e-14,True,True,False
11.26,3.4246791523281383e-10,0.0,2.2034172979775213e-09,1.5323471029667464e-15,-1.2600200961233666e-18,-1.6877878653300018e-14,-9.980901141448145e-09,0.225,-8.076036610999543e-15,0.24000000034246788,0.225,0.0,0.23999999999999996,0.0,129.88439986785286,1.9261762182287942e-14,True,True,False
11.265,3.533605353650607e-10,0.0,2.1535127797342032e-09,1.5377973761348716e-15,-1.2600200961233666e-18,-1.6877878653300018e-14,-9.980901141448145e-09,0.225,-7.898181420414194e-15,0.2400000003533605,0.225,0.0,0.23999999999999996,0.0,129.88439986785286,1.9155486965995683e-14,True,True,False
11.27,3.640035773619254e-10,0.0,2.10360826149085e-09,1.5432175746503036e-15,-1.2600200961233666e-18,-1.6877878653300018e-14,-9.980901141448145e-09,0.225,-7.720071868594454e-15,0.24000000036400354,0.225,0.0,0.23999999999999996,0.0,129.88439986785286,1.904906857891896e-14,True,True,False
11.275,3.7439704122334824e-10,0.0,2.053703743247492e-09,1.548607658128481e-15,-1.2600200961233666e-18,-1.6877878653300018e-14,-9.980901141448145e-09,0.225,-7.541710170607107e-15,0.240000000374397,0.225,0.0,0.23999999999999996,0.0,129.88439986785286,1.8942508791155268e-14,True,True,False
11.28,3.845400387708586e-10,0.0,2.0037992250041655e-09,1.5539675866984125e-15,-1.2600200961233666e-18,-1.6877878653300018e-14,-9.980901141448145e-09,0.225,-7.363098548583227e-15,0.24000000038454,0.225,0.0,0.23999999999999996,0.0,129.88439986785286,1.8835809372549353e-14,True,True,False
11.285,3.944343463612514e-10,0.0,1.9538947067609107e-09,1.5592973210017776e-15,-1.2600200961233666e-18,-1.6877878653300018e-14,-9.980901141448145e-09,0.225,-7.18423923167581e-15,0.2400000003944343,0.225,0.0,0.23999999999999996,0.0,129.88439986785286,1.8728972092667328e-14,True,True,False
11.290000000000001,4.040790758160687e-10,0.0,1.9039901885177717e-09,1.5645968221918916e-15,-1.2600200961233666e-18,-1.6877878653300018e-14,-9.980901141448145e-09,0.225,-7.0051344560173516e-15,0.24000000040407904,0.225,0.0,0.23999999999999996,0.0,129.88439986785286,1.8621998720770736e-14,True,True,False
11.295,4.134742271352773e-10,0.0,1.8540856702747982e-09,1.5698660519325395e-15,-1.2600200961233666e-18,-1.6877878653300018e-14,-9.980901141448145e-09,0.225,-6.825786464677372e-15,0.2400000004134742,0.225,0.0,0.23999999999999996,0.0,129.88439986785286,1.8514891025790695e-14,True,True,False
11.3,4.2261980031884785e-10,0.0,1.8041811520320443e-09,1.5751049723966957e-15,-1.7138382676679647e-18,-1.730625181069543e-14,-8.85035283245867e-09,0.225,-6.6461975076199004e-15,0.24000000042261976,0.225,0.0,0.23999999999999996,0.0,129.8843998828213,1.8865858383041438e-14,True,True,False
11.305,4.315308943998879e-10,0.0,1.7599293661826757e-09,1.5804432003529834e-15,-1.7138382676679647e-18,-1.730625181069543e-14,-8.85035283245867e-09,0.225,-6.466369139306496e-15,0.24000000043153086,0.225,0.0,0.23999999999999996,0.0,129.8843998828213,1.875787172457064e-14,True,True,False
11.31,4.402190556978302e-10,0.0,1.7156775803335157e-09,1.5857508707197561e-15,-1.7138382676679647e-18,-1.730625181069543e-14,-8.85035283245867e-09,0.225,-6.286302922031081e-15,0.24000000044021902,0.225,0.0,0.23999999999999996,0.0,129.8843998828213,1.864975007222572e-14,True,True,False
11.315,4.486869487479142e-10,0.0,1.6714257944846196e-09,1.5910279454961759e-15,-1.7138382676679647e-18,-1.730625181069543e-14,-8.85035283245867e-09,0.225,-6.106001128320444e-15,0.2400000004486869,0.225,0.0,0.23999999999999996,0.0,129.8843998828213,1.8541495210525848e-14,True,True,False
11.32,4.5693368537170324e-10,0.0,1.6271740086360488e-09,1.596274387189189e-15,-1.7138382676679647e-18,-1.730625181069543e-14,-8.85035283245867e-09,0.225,-5.9254660376023515e-15,0.24000000045693365,0.225,0.0,0.23999999999999996,0.0,129.8843998828213,1.8433108923596703e-14,True,True,False
11.325000000000001,4.649583773907622e-10,0.0,1.5829222227878693e-09,1.6014901588123116e-15,-1.7138382676679647e-18,-1.730625181069543e-14,-8.85035283245867e-09,0.225,-5.744699936162521e-15,0.24000000046495834,0.225,0.0,0.23999999999999996,0.0,129.8843998828213,1.8324592995144508e-14,True,True,False
11.33,4.727628011619166e-10,0.0,1.5386704369401548e-09,1.6066752238843818e-15,-1.7138382676679647e-18,-1.730625181069543e-14,-8.85035283245867e-09,0.225,-5.563705117101539e-15,0.24000000047276276,0.225,0.0,0.23999999999999996,0.0,129.8843998828213,1.8215949208430103e-14,True,True,False
11.335,4.803460685067346e-10,0.0,1.4944186510929848e-09,1.6118295464282823e-15,-1.7138382676679647e-18,-1.730625181069543e-14,-8.85035283245867e-09,0.225,-5.382483880291788e-15,0.24000000048034603,0.225,0.0,0.23999999999999996,0.0,129.8843998828213,1.810717934624308e-14,True,True,False
11.34,4.877064030683657e-10,0.0,1.4501668652464487e-09,1.6169530909696327e-15,-1.7138382676679647e-18,-1.730625181069543e-14,-8.85035283245867e-09,0.225,-5.201038532334281e-15,0.24000000048770637,0.225,0.0,0.23999999999999996,0.0,129.8843998828213,1.7998285190875932e-14,True,True,False
11.345,4.948473575604786e-10,0.0,1.4059150794006446e-09,1.622045822535472e-15,-1.7138382676679647e-18,-1.730625181069543e-14,-8.85035283245867e-09,0.225,-5.019371386515513e-15,0.24000000049484732,0.225,0.0,0.23999999999999996,0.0,129.8843998828213,1.7889268524098245e-14,True,True,False
11.35,5.017662674478049e-10,0.0,1.3616632935556807e-09,1.6271077066529288e-15,-2.238320166404875e-18,-1.7715813087935173e-14,-7.77641913028905e-09,0.225,-4.8374847627642015e-15,0.24000000050176623,0.225,0.0,0.23999999999999996,0.0,129.8843998970402,1.8218216682635025e-14,True,True,False
11.355,5.084773435850515e-10,0.0,1.3227811822032077e-09,1.6322626697641327e-15,-2.238320166404875e-18,-1.7715813087935173e-14,-7.77641913028905e-09,0.225,-4.6553803160871894e-15,0.2400000005084773,0.225,0.0,0.23999999999999996,0.0,129.8843998970402,1.8108371748345168e-14,True,True,False
11.36,5.149939086485057e-10,0.0,1.2838990708515521e-09,1.6373865514450096e-15,-2.238320166404875e-18,-1.7715813087935173e-14,-7.77641913028905e-09,0.225,-4.4730597090238834e-15,0.24000000051499387,0.225,0.0,0.23999999999999996,0.0,129.8843998970402,1.7998403931620763e-14,True,True,False
11.365,5.213159626381614e-10,0.0,1.2450169595008217e-09,1.6424793170964238e-15,-2.238320166404875e-18,-1.7715813087935173e-14,-7.77641913028905e-09,0.225,-4.290525283212789e-15,0.24000000052131593,0.225,0.0,0.23999999999999996,0.0,129.8843998970402,1.7888315028296296e-14,True,True,False
11.370000000000001,5.274435055540126e-10,0.0,1.2061348481511359e-09,1.6475409326186494e-15,-2.238320166404875e-18,-1.7715813087935173e-14,-7.77641913028905e-09,0.225,-4.107779386945069e-15,0.24000000052744347,0.225,0.0,0.23999999999999996,0.0,129.8843998970402,1.7778106833617776e-14,True,True,False
11.375,5.333774255744735e-10,0.0,1.167252736802627e-09,1.6525713644103997e-15,-2.238320166404875e-18,-1.7715813087935173e-14,-7.77641913028905e-09,0.225,-3.924824375093346e-15,0.2400000005333774,0.225,0.0,0.23999999999999996,0.0,129.8843998970402,1.7667781142216832e-14,True,True,False
11.38,5.391168345211197e-10,0.0,1.1283706254554426e-09,1.657570579368896e-15,-2.238320166404875e-18,-1.7715813087935173e-14,-7.77641913028905e-09,0.225,-3.7416626090776225e-15,0.2400000005391168,0.225,0.0,0.23999999999999996,0.0,129.8843998970402,1.7557339748084915e-14,True,True,False
11.385,5.446617323939465e-10,0.0,1.0894885141097494e-09,1.6625385448889894e-15,-2.238320166404875e-18,-1.7715813087935173e-14,-7.77641913028905e-09,0.225,-3.558296456824857e-15,0.2400000005446617,0.225,0.0,0.23999999999999996,0.0,129.8843998970402,1.7446784444547492e-14,True,True,False
11.39,5.5001211919295e-10,0.0,1.0506064027657328e-09,1.667475228862635e-15,-2.238320166404875e-18,-1.7715813087935173e-14,-7.77641913028905e-09,0.225,-3.3747282927251585e-15,0.24000000055001208,0.225,0.0,0.23999999999999996,0.0,129.8843998970402,1.7336117024238316e-14,True,True,False
11.395,5.551679949181265e-10,0.0,1.0117242914236053e-09,1.6723805996784239e-15,-2.238320166404875e-18,-1.7715813087935173e-14,-7.77641913028905e-09,0.225,-3.190960497587951e-15,0.24000000055516796,0.225,0.0,0.23999999999999996,0.0,129.8843998970402,1.7225339279073735e-14,True,True,False
11.4,5.601284713910526e-10,0.0,9.728421800836097e-10,1.677254626221167e-15,-2.771802056299142e-18,-1.8105589647686374e-14,-6.7657184561527774e-09,0.225,-3.006995458598098e-15,0.24000000056012843,0.225,0.0,0.23999999999999996,0.0,129.88439991042188,1.7531375913019427e-14,True,True,False
11.405,5.649086476448602e-10,0.0,9.390135731848243e-10,1.6822152501630481e-15,-2.771802056299142e-18,-1.8105589647686374e-14,-6.7657184561527774e-09,0.225,-2.822834930190268e-15,0.2400000005649086,0.225,0.0,0.23999999999999996,0.0,129.88439991042188,1.7419822736084404e-14,True,True,False
11.41,5.695191818205825e-10,0.0,9.05184966288111e-10,1.6871443105996748e-15,-2.771802056299142e-18,-1.8105589647686374e-14,-6.7657184561527774e-09,0.225,-2.638480674016407e-15,0.24000000056951915,0.225,0.0,0.23999999999999996,0.0,129.88439991042188,1.730815916851973e-14,True,True,False
11.415000000000001,5.739600739182172e-10,0.0,8.713563593937179e-10,1.6920417763621808e-15,-2.771802056299142e-18,-1.8105589647686374e-14,-6.7657184561527774e-09,0.225,-2.4539350980766876e-15,0.24000000057396004,0.225,0.0,0.23999999999999996,0.0,129.88439991042188,1.7196387014736836e-14,True,True,False
11.42,5.782331002946012e-10,0.0,8.37527752501929e-10,1.6969076167804467e-15,-2.771802056299142e-18,-1.8105589647686374e-14,-6.7657184561527774e-09,0.225,-2.2692006167326444e-15,0.24000000057823306,0.225,0.0,0.23999999999999996,0.0,129.88439991042188,1.7084508078361685e-14,True,True,False
11.425,5.823355964144735e-10,0.0,8.036991456130724e-10,1.701741801684468e-15,-2.771802056299142e-18,-1.8105589647686374e-14,-6.7657184561527774e-09,0.225,-2.0842796506508395e-15,0.24000000058233556,0.225,0.0,0.23999999999999996,0.0,129.88439991042188,1.6972524162209018e-14,True,True,False
11.43,5.862693386346715e-10,0.0,7.698705387275304e-10,1.7065443014042587e-15,-2.771802056299142e-18,-1.8105589647686374e-14,-6.7657184561527774e-09,0.225,-1.8991746267702153e-15,0.2400000005862693,0.225,0.0,0.23999999999999996,0.0,129.88439991042188,1.6860437068256717e-14,True,True,False
11.435,5.900343269551934e-10,0.0,7.360419318457515e-10,1.71131508677016e-15,-2.771802056299142e-18,-1.8105589647686374e-14,-6.7657184561527774e-09,0.225,-1.7138879782573279e-15,0.2400000005900343,0.225,0.0,0.23999999999999996,0.0,129.88439991042188,1.6748248597620112e-14,True,True,False
11.44,5.936305613760376e-10,0.0,7.022133249682665e-10,1.716054129113156e-15,-2.771802056299142e-18,-1.8105589647686374e-14,-6.7657184561527774e-09,0.225,-1.528422144461952e-15,0.24000000059363052,0.225,0.0,0.23999999999999996,0.0,129.88439991042188,1.6635960550526412e-14,True,True,False
11.445,5.97057153718783e-10,0.0,6.6838471809571e-10,1.7207614002651828e-15,-2.771802056299142e-18,-1.8105589647686374e-14,-6.7657184561527774e-09,0.225,-1.3427795708726501e-15,0.24000000059705712,0.225,0.0,0.23999999999999996,0.0,129.88439991042188,1.652357472628916e-14,True,True,False
11.450000000000001,6.003141039834284e-10,0.0,6.345561112288482e-10,1.7254368725594309e-15,-3.261747239257156e-18,-1.847462532279122e-14,-5.8228310093824195e-09,0.225,-1.1569627090723113e-15,0.24000000060031407,0.225,0.0,0.23999999999999996,0.0,129.88439992290571,1.6805830433068828e-14,True,True,False
11.455,6.03413846667848e-10,0.0,6.054419446781489e-10,1.7301922135817044e-15,-3.261747239257156e-18,-1.847462532279122e-14,-5.8228310093824195e-09,0.225,-9.709734116187882e-16,0.2400000006034138,0.225,0.0,0.23999999999999996,0.0,129.88439992290571,1.6692724100985617e-14,True,True,False
11.46,6.063688162699171e-10,0.0,5.763277781331675e-10,1.7349155518586015e-15,-3.261747239257156e-18,-1.847462532279122e-14,-5.8228310093824195e-09,0.225,-7.848135379647233e-16,0.24000000060636878,0.225,0.0,0.23999999999999996,0.0,129.88439992290571,1.6579520236313143e-14,True,True,False
11.465,6.09177236432795e-10,0.0,5.472136115947851e-10,1.7396068597700714e-15,-3.261747239257156e-18,-1.847462532279122e-14,-5.8228310093824195e-09,0.225,-5.984855595588719e-16,0.2400000006091772,0.225,0.0,0.23999999999999996,0.0,129.88439992290571,1.6466220649245308e-14,True,True,False
11.47,6.118408835133203e-10,0.0,5.180994450640785e-10,1.7442661102025834e-15,-3.261747239257156e-18,-1.847462532279122e-14,-5.8228310093824195e-09,0.225,-4.119919539073625e-16,0.24000000061184085,0.225,0.0,0.23999999999999996,0.0,129.88439992290571,1.635282714899189e-14,True,True,False
11.475,6.143588693330729e-10,0.0,4.889852785423779e-10,1.7488932765494152e-15,-3.261747239257156e-18,-1.847462532279122e-14,-5.8228310093824195e-09,0.225,-2.253352045404871e-16,0.24000000061435883,0.225,0.0,0.23999999999999996,0.0,129.88439992290571,1.6239341543753e-14,True,True,False
11.48,6.167303057136321e-10,0.0,4.598711120313479e-10,1.753488332711053e-15,-3.261747239257156e-18,-1.847462532279122e-14,-5.8228310093824195e-09,0.225,-3.8517800967437176e-17,0.24000000061673027,0.225,0.0,0.23999999999999996,0.0,129.88439992290571,1.6125765640693546e-14,True,True,False
11.485,6.189578571902566e-10,0.0,4.307569455331002e-10,1.7580512530955348e-15,-3.261747239257156e-18,-1.847462532279122e-14,-5.8228310093824195e-09,0.225,1.4845776136859546e-16,0.24000000061895782,0.225,0.0,0.23999999999999996,0.0,129.88439992290571,1.6012101245917813e-14,True,True,False
11.49,6.210379710492671e-10,0.0,4.016427790503577e-10,1.7625820126187237e-15,-3.261747239257156e-18,-1.847462532279122e-14,-5.8228310093824195e-09,0.225,3.3558898113535345e-16,0.24000000062103793,0.225,0.0,0.23999999999999996,0.0,129.88439992290571,1.5898350164444046e-14,True,True,False
11.495000000000001,6.229742000043421e-10,0.0,3.725286125866926e-10,1.7670805867045113e-15,-3.261747239257156e-18,-1.847462532279122e-14,-5.8228310093824195e-09,0.225,5.228733511564717e-16,0.24000000062297416,0.225,0.0,0.23999999999999996,0.0,129.88439992290571,1.5784514200179092e-14,True,True,False
11.5,6.247638795202223e-10,0.0,3.434144461468873e-10,1.7715469512849514e-15,-3.6653700379796765e-18,-1.8821982430572606e-14,-4.950533831466203e-09,0.225,7.103083584564643e-16,0.24000000062476384,0.225,0.0,0.23999999999999996,0.0,129.8843999344549,1.6042144274224547e-14,True,True,False
11.505,6.264185559163634e-10,0.0,3.1866175631136605e-10,1.7760862161906435e-15,-3.6653700379796765e-18,-1.8821982430572606e-14,-4.950533831466203e-09,0.225,8.978920538363125e-16,0.24000000062641852,0.225,0.0,0.23999999999999996,0.0,129.8843999344549,1.5927644758462203e-14,True,True,False
11.51,6.27950663690641e-10,0.0,2.9390906650342454e-10,1.7805930837329342e-15,-3.6653700379796765e-18,-1.8821982430572606e-14,-4.950533831466203e-09,0.225,1.085622481559435e-15,0.24000000062795063,0.225,0.0,0.23999999999999996,0.0,129.8843999344549,1.5813060919451116e-14,True,True,False
11.515,6.293584264862157e-10,0.0,2.6915637673059405e-10,1.7850675299961307e-15,-3.6653700379796765e-18,-1.8821982430572606e-14,-4.950533831466203e-09,0.225,1.2734971097883056e-15,0.2400000006293584,0.225,0.0,0.23999999999999996,0.0,129.8843999344549,1.5698394570320778e-14,True,True,False
11.52,6.306418443030875e-10,0.0,2.444036870034584e-10,1.7895095315763968e-15,-3.6653700379796765e-18,-1.8821982430572606e-14,-4.950533831466203e-09,0.225,1.4615134009208398e-15,0.2400000006306418,0.225,0.0,0.23999999999999996,0.0,129.8843999344549,1.5583647523016504e-14,True,True,False
11.525,6.31801805319676e-10,0.0,2.196509973373731e-10,1.7939190655818744e-15,-3.6653700379796765e-18,-1.8821982430572606e-14,-4.950533831466203e-09,0.225,1.6496688116382756e-15,0.24000000063180177,0.225,0.0,0.23999999999999996,0.0,129.8843999344549,1.5468821588274103e-14,True,True,False
11.53,6.328383095359813e-10,0.0,1.9489830775549704e-10,1.798296109632565e-15,-3.6653700379796765e-18,-1.8821982430572606e-14,-4.950533831466203e-09,0.225,1.837960792951645e-15,0.24000000063283827,0.225,0.0,0.23999999999999996,0.0,129.8843999344549,1.5353918575594625e-14,True,True,False
11.535,6.337513569520037e-10,0.0,1.7014561829446934e-10,1.802640641860266e-15,-3.6653700379796765e-18,-1.8821982430572606e-14,-4.950533831466203e-09,0.225,2.0263867902499797e-15,0.24000000063375132,0.225,0.0,0.23999999999999996,0.0,129.8843999344549,1.5238940293219108e-14,True,True,False
11.540000000000001,6.345400593893235e-10,0.0,1.4539292901588443e-10,1.806952640908383e-15,-3.6653700379796765e-18,-1.8821982430572606e-14,-4.950533831466203e-09,0.225,2.2149442433459623e-15,0.24000000063454002,0.225,0.0,0.23999999999999996,0.0,129.8843999344549,1.5123888548103422e-14,True,True,False
11.545,6.352053050263609e-10,0.0,1.2064024003189491e-10,1.8112320859317765e-15,-3.6653700379796765e-18,-1.8821982430572606e-14,-4.950533831466203e-09,0.225,2.403630586515613e-15,0.24000000063520527,0.225,0.0,0.23999999999999996,0.0,129.8843999344549,1.500876514589315e-14,True,True,False
11.55,6.357462056846963e-10,0.0,9.5887551570468e-11,1.815478956596519e-15,-3.9451965090316814e-18,-1.9146743570631247e-14,-4.150083638530476e-09,0.225,2.5924432485451513e-15,0.24000000063574617,0.225,0.0,0.23999999999999996,0.0,129.8843999450529,1.5240951324179697e-14,True,True,False
11.555,6.361743076837862e-10,0.0,7.513712976713918e-11,1.8197915274322692e-15,-3.9451965090316814e-18,-1.9146743570631247e-14,-4.150083638530476e-09,0.225,2.78138018524996e-15,0.24000000063617427,0.225,0.0,0.23999999999999996,0.0,129.8843999450529,1.5125223299353253e-14,True,True,False
11.56,6.364976046294081e-10,0.0,5.4386709541150054e-11,1.824071352713385e-15,-3.9451965090316814e-18,-1.9146743570631247e-14,-4.150083638530476e-09,0.225,2.9704393462669015e-15,0.24000000063649757,0.225,0.0,0.23999999999999996,0.0,129.8843999450529,1.5009424496189265e-14,True,True,False
11.565,6.367178728784021e-10,0.0,3.3636293811359406e-11,1.828318412355128e-15,-3.9451965090316814e-18,-1.9146743570631247e-14,-4.150083638530476e-09,0.225,3.1596181425621376e-15,0.24000000063671784,0.225,0.0,0.23999999999999996,0.0,129.8843999450529,1.4893556727857225e-14,True,True,False
11.57,6.368342242523486e-10,0.0,1.2885904297883808e-11,1.8325326867862668e-15,-3.9451965090316814e-18,-1.9146743570631247e-14,-4.150083638530476e-09,0.225,3.3489139796595508e-15,0.2400000006368342,0.225,0.0,0.23999999999999996,0.0,129.8843999450529,1.477762180614132e-14,True,True,False
11.575000000000001,6.368466587512485e-10,0.0,7.864666510668612e-12,1.83671415694882e-15,-3.9451965090316814e-18,-1.9146743570631247e-14,-4.150083638530476e-09,0.225,3.538324257686525e-15,0.24000000063684662,0.225,0.0,0.23999999999999996,0.0,129.8843999450529,1.4661621541415354e-14,True,True,False
11.58,6.367551763751021e-10,0.0,2.861502421099372e-11,1.8408628042977674e-15,-3.9451965090316814e-18,-1.9146743570631247e-14,-4.150083638530476e-09,0.225,3.7278463714197e-15,0.24000000063675514,0.225,0.0,0.23999999999999996,0.0,129.8843999450529,1.4545557742617775e-14,True,True,False
11.585,6.365606653023298e-10,0.0,4.936543753856167e-11,1.8449786108007547e-15,-3.9451965090316814e-18,-1.9146743570631247e-14,-4.150083638530476e-09,0.225,3.917477710330769e-15,0.24000000063656063,0.225,0.0,0.23999999999999996,0.0,129.8843999450529,1.4429432217226674e-14,True,True,False
11.59,6.362622373545128e-10,0.0,7.011585710553587e-11,1.8490615589377643e-15,-3.9451965090316814e-18,-1.9146743570631247e-14,-4.150083638530476e-09,0.225,4.107215658632274e-15,0.2400000006362622,0.225,0.0,0.23999999999999996,0.0,129.8843999450529,1.431324677123499e-14,True,True,False
11.595,6.35859004353232e-10,0.0,9.086627863731904e-11,1.853111631700784e-15,-3.9451965090316814e-18,-1.9146743570631247e-14,-4.150083638530476e-09,0.225,4.297057595323427e-15,0.24000000063585897,0.225,0.0,0.23999999999999996,0.0,129.8843999450529,1.4197003209125546e-14,True,True,False
11.6,6.353527426553275e-10,0.0,1.1161670103804732e-10,1.8571288125934426e-15,-4.069507576798674e-18,-1.9448013396032528e-14,-3.421458024842081e-09,0.225,4.487000894235958e-15,0.2400000006353527,0.225,0.0,0.23999999999999996,0.0,129.8843999546999,1.4402955377877407e-14,True,True,False
11.605,6.34752334044997e-10,0.0,1.2872400400829572e-10,1.8612042699488388e-15,-4.069507576798674e-18,-1.9448013396032528e-14,-3.421458024842081e-09,0.225,4.677043418037763e-15,0.2400000006347523,0.225,0.0,0.23999999999999996,0.0,129.8843999546999,1.4286168030604815e-14,True,True,False
11.61,6.340657721280185e-10,0.0,1.4583130717866107e-10,1.8652466814650716e-15,-4.069507576798674e-18,-1.9448013396032528e-14,-3.421458024842081e-09,0.225,4.8671830236015245e-15,0.24000000063406574,0.225,0.0,0.23999999999999996,0.0,129.8843999546999,1.416932376896606e-14,True,True,False
11.615,6.332939450828125e-10,0.0,1.629386104861022e-10,1.8692560309889163e-15,-4.069507576798674e-18,-1.9448013396032528e-14,-3.421458024842081e-09,0.225,5.057417068030293e-15,0.2400000006332939,0.225,0.0,0.23999999999999996,0.0,129.8843999546999,1.4052424403230268e-14,True,True,False
11.620000000000001,6.324359647309602e-10,0.0,1.8004591389154204e-10,1.8732323028805598e-15,-4.069507576798674e-18,-1.9448013396032528e-14,-3.421458024842081e-09,0.225,5.24774290331868e-15,0.24000000063243593,0.225,0.0,0.23999999999999996,0.0,129.8843999546999,1.3935471742079322e-14,True,True,False
11.625,6.31493607429302e-10,0.0,1.9715321736947028e-10,1.8771754820132214e-15,-4.069507576798674e-18,-1.9448013396032528e-14,-3.421458024842081e-09,0.225,5.438157876398937e-15,0.24000000063149357,0.225,0.0,0.23999999999999996,0.0,129.8843999546999,1.3818467592583101e-14,True,True,False
11.63,6.304642086425796e-10,0.0,2.1426052090252713e-10,1.881085553772757e-15,-4.069507576798674e-18,-1.9448013396032528e-14,-3.421458024842081e-09,0.225,5.628659329187099e-15,0.24000000063046417,0.225,0.0,0.23999999999999996,0.0,129.8843999546999,1.3701413760174847e-14,True,True,False
11.635,6.293504329060536e-10,0.0,2.313678244784901e-10,1.884962504057263e-15,-4.069507576798674e-18,-1.9448013396032528e-14,-3.421458024842081e-09,0.225,5.8192445986291075e-15,0.2400000006293504,0.225,0.0,0.23999999999999996,0.0,129.8843999546999,1.3584312048626486e-14,True,True,False
11.64,6.281505038628854e-10,0.0,2.48475128088505e-10,1.8888063192766527e-15,-4.069507576798674e-18,-1.9448013396032528e-14,-3.421458024842081e-09,0.225,6.0099110167469274e-15,0.24000000062815047,0.225,0.0,0.23999999999999996,0.0,129.8843999546999,1.3467164260024086e-14,True,True,False
11.645,6.268661978699156e-10,0.0,2.655824317260016e-10,1.8926169863522225e-15,-4.069507576798674e-18,-1.9448013396032528e-14,-3.421458024842081e-09,0.225,6.2006559106847194e-15,0.24000000062686616,0.225,0.0,0.23999999999999996,0.0,129.8843999546999,1.3349972194743342e-14,True,True,False
11.65,6.254948503918866e-10,0.0,2.826897353860019e-10,1.8963944927162063e-15,-4.021085757625113e-18,-1.9724920393168065e-14,-2.763555037324404e-09,0.225,6.3914766027549895e-15,0.2400000006254948,0.225,0.0,0.23999999999999996,0.0,129.88439996341052,1.3528930095223586e-14,True,True,False
11.655,6.240471195698355e-10,0.0,2.965075267567709e-10,1.9002226368154055e-15,-4.021085757625113e-18,-1.9724920393168065e-14,-2.763555037324404e-09,0.225,6.5823708644976356e-15,0.24000000062404708,0.225,0.0,0.23999999999999996,0.0,129.88439996341052,1.3411256922790175e-14,True,True,False
11.66,6.225301108311208e-10,0.0,3.103253181380419e-10,1.9040174839949543e-15,-4.021085757625113e-18,-1.9724920393168065e-14,-2.763555037324404e-09,0.225,6.773336462051966e-15,0.24000000062253007,0.225,0.0,0.23999999999999996,0.0,129.88439996341052,1.329354100174501e-14,True,True,False
11.665000000000001,6.209438241757437e-10,0.0,3.2414310952848485e-10,1.907779022124225e-15,-4.021085757625113e-18,-1.9724920393168065e-14,-2.763555037324404e-09,0.225,6.964370702132644e-15,0.2400000006209438,0.225,0.0,0.23999999999999996,0.0,129.88439996341052,1.317578413647567e-14,True,True,False
11.67,6.192882596037056e-10,0.0,3.3796090092698824e-10,1.911507239584741e-15,-4.021085757625113e-18,-1.9724920393168065e-14,-2.763555037324404e-09,0.225,7.15547088669303e-15,0.24000000061928822,0.225,0.0,0.23999999999999996,0.0,129.88439996341052,1.3057988129580076e-14,True,True,False
11.675,6.175643052934276e-10,0.0,3.5177869233261625e-10,1.9152021252696445e-15,-4.021085757625113e-18,-1.9724920393168065e-14,-2.763555037324404e-09,0.225,7.34663431297155e-15,0.24000000061756427,0.225,0.0,0.23999999999999996,0.0,129.88439996341052,1.2940154781842147e-14,True,True,False
11.68,6.157710730664914e-10,0.0,3.655964837445753e-10,1.918863668583163e-15,-4.021085757625113e-18,-1.9724920393168065e-14,-2.763555037324404e-09,0.225,7.53785827353814e-15,0.24000000061577104,0.225,0.0,0.23999999999999996,0.0,129.88439996341052,1.2822285892207431e-14,True,True,False
11.685,6.139085629228987e-10,0.0,3.79414275162188e-10,1.922491859440055e-15,-4.021085757625113e-18,-1.9724920393168065e-14,-2.763555037324404e-09,0.225,7.729140056340578e-15,0.24000000061390853,0.225,0.0,0.23999999999999996,0.0,129.88439996341052,1.270438325775891e-14,True,True,False
11.69,6.11976774862651e-10,0.0,3.9323206658487303e-10,1.9260866882650636e-15,-4.021085757625113e-18,-1.9724920393168065e-14,-2.763555037324404e-09,0.225,7.920476944750937e-15,0.24000000061197674,0.225,0.0,0.23999999999999996,0.0,129.88439996341052,1.25864486736927e-14,True,True,False
11.695,6.099765970641696e-10,0.0,4.0704985801212865e-10,1.929648145992351e-15,-4.021085757625113e-18,-1.9724920393168065e-14,-2.763555037324404e-09,0.225,8.111866217611971e-15,0.24000000060997656,0.225,0.0,0.23999999999999996,0.0,129.88439996341052,1.2468483933293989e-14,True,True,False
11.700000000000001,6.07906253170617e-10,0.0,4.208676494435194e-10,1.933176224064938e-15,-3.8098834040169244e-18,-1.997661867151367e-14,-2.17440075172822e-09,0.225,8.303305149283539e-15,0.24000000060790622,0.225,0.0,0.23999999999999996,0.0,129.8843999712109,1.2619718868121542e-14,True,True,False
11.705,6.057746249661912e-10,0.0,4.317396723869486e-10,1.9367470951017444e-15,-3.8098834040169244e-18,-1.997661867151367e-14,-2.17440075172822e-09,0.225,8.49479142237001e-15,0.2400000006057746,0.225,0.0,0.23999999999999996,0.0,129.8843999712109,1.2501337467087018e-14,True,True,False
11.71,6.035888178782508e-10,0.0,4.426116953325531e-10,1.9402844685410787e-15,-3.8098834040169244e-18,-1.997661867151367e-14,-2.17440075172822e-09,0.225,8.686322714484628e-15,0.24000000060358878,0.225,0.0,0.23999999999999996,0.0,129.8843999712109,1.2382927766949773e-14,True,True,False
11.715,6.013488319067977e-10,0.0,4.534837182801893e-10,1.943788336356238e-15,-3.8098834040169244e-18,-1.997661867151367e-14,-2.17440075172822e-09,0.225,8.877896285562766e-15,0.2400000006013488,0.225,0.0,0.23999999999999996,0.0,129.8843999712109,1.2264491563198027e-14,True,True,False
11.72,5.990546670518335e-10,0.0,4.6435574122972716e-10,1.9472586910300467e-15,-3.8098834040169244e-18,-1.997661867151367e-14,-2.17440075172822e-09,0.225,9.06950939113861e-15,0.24000000059905463,0.225,0.0,0.23999999999999996,0.0,129.8843999712109,1.214603064932781e-14,True,True,False
11.725,5.967054351349407e-10,0.0,4.752277641810495e-10,1.950695525554209e-15,-3.8098834040169244e-18,-1.997661867151367e-14,-2.17440075172822e-09,0.225,9.26115928239176e-15,0.2400000005967054,0.225,0.0,0.23999999999999996,0.0,129.8843999712109,1.2027546816818979e-14,True,True,False
11.73,5.943020243345408e-10,0.0,4.860997871340491e-10,1.954098833428675e-15,-3.8098834040169244e-18,-1.997661867151367e-14,-2.17440075172822e-09,0.225,9.452843206193858e-15,0.240000000594302,0.225,0.0,0.23999999999999996,0.0,129.8843999712109,1.1909041855111286e-14,True,True,False
11.735,5.918444346506358e-10,0.0,4.969718100886287e-10,1.957468608661001e-15,-3.8098834040169244e-18,-1.997661867151367e-14,-2.17440075172822e-09,0.225,9.644558405155137e-15,0.2400000005918444,0.225,0.0,0.23999999999999996,0.0,129.8843999712109,1.1790517551580536e-14,True,True,False
11.74,5.893326660832279e-10,0.0,5.078438330446996e-10,1.960804845765731e-15,-3.8098834040169244e-18,-1.997661867151367e-14,-2.17440075172822e-09,0.225,9.836302117671075e-15,0.24000000058933263,0.225,0.0,0.23999999999999996,0.0,129.8843999712109,1.1671975691514809e-14,True,True,False
11.745000000000001,5.867658304538997e-10,0.0,5.187158560021806e-10,1.964107539763785e-15,-3.8098834040169244e-18,-1.997661867151367e-14,-2.17440075172822e-09,0.225,1.0028071577968921e-14,0.2400000005867658,0.225,0.0,0.23999999999999996,0.0,129.8843999712109,1.1553418058090706e-14,True,True,False
11.75,5.841457041194927e-10,0.0,5.295878789609979e-10,1.967376686181867e-15,-3.480065407650665e-18,-2.0202289712097794e-14,-1.6513166526796886e-09,0.225,1.0219864016154371e-14,0.24000000058414567,0.225,0.0,0.23999999999999996,0.0,129.88439997813654,1.1676234543478569e-14,True,True,False
11.755,5.81476727972107e-10,0.0,5.37844482130228e-10,1.9706805841456993e-15,-3.480065407650665e-18,-2.0202289712097794e-14,-1.6513166526796886e-09,0.225,1.0411677028265204e-14,0.2400000005814767,0.225,0.0,0.23999999999999996,0.0,129.88439997813654,1.1557326388446446e-14,True,True,False
11.76,5.787668956175211e-10,0.0,5.46101085300209e-10,1.9739508353284256e-15,-3.480065407650665e-18,-2.0202289712097794e-14,-1.6513166526796886e-09,0.225,1.0603508205771874e-14,0.24000000057876686,0.225,0.0,0.23999999999999996,0.0,129.88439997813654,1.1438404648812972e-14,True,True,False
11.765,5.760162070557372e-10,0.0,5.543576884709175e-10,1.9771874358807484e-15,-3.480065407650665e-18,-2.0202289712097794e-14,-1.6513166526796886e-09,0.225,1.0795354765570245e-14,0.24000000057601617,0.225,0.0,0.23999999999999996,0.0,129.88439997813654,1.1319471108116858e-14,True,True,False
11.77,5.732237741083382e-10,0.0,5.626142916423319e-10,1.980390382459562e-15,-3.480065407650665e-18,-2.0202289712097794e-14,-1.6513166526796886e-09,0.225,1.0987213920527722e-14,0.24000000057322374,0.225,0.0,0.23999999999999996,0.0,129.88439997813654,1.1200527547702231e-14,True,True,False
11.775,5.703895967753265e-10,0.0,5.708708948144318e-10,1.9835596722272895e-15,-3.480065407650665e-18,-2.0202289712097794e-14,-1.6513166526796886e-09,0.225,1.1179082879530016e-14,0.24000000057038956,0.225,0.0,0.23999999999999996,0.0,129.88439997813654,1.1081575746695096e-14,True,True,False
11.78,5.675145632351241e-10,0.0,5.791274979871979e-10,1.9866953028512334e-15,-3.480065407650665e-18,-2.0202289712097794e-14,-1.6513166526796886e-09,0.225,1.1370958847527842e-14,0.24000000056751453,0.225,0.0,0.23999999999999996,0.0,129.88439997813654,1.0962617481979855e-14,True,True,False
11.785,5.64598673487734e-10,0.0,5.873841011606125e-10,1.9897972725029363e-15,-3.480065407650665e-18,-2.0202289712097794e-14,-1.6513166526796886e-09,0.225,1.1562839025583676e-14,0.24000000056459864,0.225,0.0,0.23999999999999996,0.0,129.88439997813654,1.0843654528175954e-14,True,True,False
11.790000000000001,5.616410393547393e-10,0.0,5.956407043346586e-10,1.992865579857563e-15,-3.480065407650665e-18,-2.0202289712097794e-14,-1.6513166526796886e-09,0.225,1.1754720610918469e-14,0.240000000561641,0.225,0.0,0.23999999999999996,0.0,129.88439997813654,1.0724688657614484e-14,True,True,False
11.795,5.586416608361428e-10,0.0,6.038973075093203e-10,1.995900224093297e-15,-3.480065407650665e-18,-2.0202289712097794e-14,-1.6513166526796886e-09,0.225,1.1946600796958314e-14,0.24000000055864162,0.225,0.0,0.23999999999999996,0.0,129.88439997813654,1.0605721640314964e-14,True,True,False
11.8,5.556014261103671e-10,0.0,6.121539106845824e-10,1.998901204890749e-15,-3.1028466839939774e-18,-2.04011441081528e-14,-1.1910698726804144e-09,0.225,1.2138476773381221e-14,0.2400000005556014,0.225,0.0,0.23999999999999996,0.0,129.8843999842302,1.0699459040269655e-14,True,True,False
11.805,5.525256642479322e-10,0.0,6.18109278462554e-10,2.001928709026142e-15,-3.1028466839939774e-18,-2.04011441081528e-14,-1.1910698726804144e-09,0.225,1.2330346052196745e-14,0.24000000055252563,0.225,0.0,0.23999999999999996,0.0,129.8843999842302,1.0580209253009065e-14,True,True,False
11.81,5.494205924977775e-10,0.0,6.240646462408984e-10,2.0049224697249287e-15,-3.1028466839939774e-18,-2.04011441081528e-14,-1.1910698726804144e-09,0.225,1.2522206141284148e-14,0.24000000054942056,0.225,0.0,0.23999999999999996,0.0,129.8843999842302,1.0460960841163334e-14,True,True,False
11.815,5.462853226814863e-10,0.0,6.300200140196127e-10,2.0078824873875957e-15,-3.1028466839939774e-18,-2.04011441081528e-14,-1.1910698726804144e-09,0.225,1.271405421836667e-14,0.24000000054628529,0.225,0.0,0.23999999999999996,0.0,129.8843999842302,1.0341715573243536e-14,True,True,False
11.82,5.43119854799062e-10,0.0,6.35975381798693e-10,2.010808762917153e-15,-3.1028466839939774e-18,-2.04011441081528e-14,-1.1910698726804144e-09,0.225,1.2905887457523792e-14,0.24000000054311982,0.225,0.0,0.23999999999999996,0.0,129.8843999842302,1.0222475215364218e-14,True,True,False
11.825000000000001,5.399259652073464e-10,0.0,6.41930749578136e-10,2.01370129771843e-15,-3.1028466839939774e-18,-2.04011441081528e-14,-1.1910698726804144e-09,0.225,1.3097703029238281e-14,0.24000000053992593,0.225,0.0,0.23999999999999996,0.0,129.8843999842302,1.0103241531220426e-14,True,True,False
11.83,5.367009893710847e-10,0.0,6.478861173579385e-10,2.0165600936973814e-15,-3.1028466839939774e-18,-2.04011441081528e-14,-1.1910698726804144e-09,0.225,1.3289498100442988e-14,0.24000000053670095,0.225,0.0,0.23999999999999996,0.0,129.8843999842302,9.9840162820647e-15,True,True,False
11.835,5.334467036471192e-10,0.0,6.53841485138097e-10,2.0193851532603893e-15,-3.1028466839939774e-18,-2.04011441081528e-14,-1.1910698726804144e-09,0.225,1.34812698345676e-14,0.24000000053344667,0.225,0.0,0.23999999999999996,0.0,129.8843999842302,9.864801226684169e-15,True,True,False
11.84,5.30162219857034e-10,0.0,6.597968529186073e-10,2.0221764793135655e-15,-3.1028466839939774e-18,-2.04011441081528e-14,-1.1910698726804144e-09,0.225,1.367301539158547e-14,0.24000000053016218,0.225,0.0,0.23999999999999996,0.0,129.8843999842302,9.745598121377746e-15,True,True,False
11.845,5.268484261792522e-10,0.0,6.657522206994659e-10,2.024934075262059e-15,-3.1028466839939774e-18,-2.04011441081528e-14,-1.1910698726804144e-09,0.225,1.3864731928060294e-14,0.2400000005268484,0.225,0.0,0.23999999999999996,0.0,129.8843999842302,9.626408719933327e-15,True,True,False
11.85,5.235053226137777e-10,0.0,6.717075884806686e-10,2.027657945009356e-15,-2.754460875898722e-18,-2.0572423274243537e-14,-7.900553786964475e-10,0.225,1.405641659719289e-14,0.24000000052350529,0.225,0.0,0.23999999999999996,0.0,129.88439998953965,9.690442837260813e-15,True,True,False
11.855,5.20136461874292e-10,0.0,6.756578840913466e-10,2.030399933451905e-15,-2.754460875898722e-18,-2.0572423274243537e-14,-7.900553786964475e-10,0.225,1.4248066829694788e-14,0.24000000052013643,0.225,0.0,0.23999999999999996,0.0,129.88439998953965,9.571039946417825e-15,True,True,False
11.86,5.167489493881537e-10,0.0,6.796081797022649e-10,2.0331081353416734e-15,-2.754460875898722e-18,-2.0572423274243537e-14,-7.900553786964475e-10,0.225,1.4439680052599e-14,0.2400000005167489,0.225,0.0,0.23999999999999996,0.0,129.88439998953965,9.451653616348255e-15,True,True,False
11.865,5.133410087985282e-10,0.0,6.835584753134213e-10,2.0357825553975635e-15,-2.754460875898722e-18,-2.0572423274243537e-14,-7.900553786964475e-10,0.225,1.4631253408444505e-14,0.24000000051334097,0.225,0.0,0.23999999999999996,0.0,129.88439998953965,9.332285597433902e-15,True,True,False
11.870000000000001,5.099135282838386e-10,0.0,6.875087709248135e-10,2.038423198835908e-15,-2.754460875898722e-18,-2.0572423274243537e-14,-7.900553786964475e-10,0.225,1.4822784036523447e-14,0.2400000005099135,0.225,0.0,0.23999999999999996,0.0,129.88439998953965,9.212937637458975e-15,True,True,False
11.875,5.064656196656699e-10,0.0,6.914590665364385e-10,2.041030071369586e-15,-2.754460875898722e-18,-2.0572423274243537e-14,-7.900553786964475e-10,0.225,1.501426907292798e-14,0.24000000050646558,0.225,0.0,0.23999999999999996,0.0,129.88439998953965,9.093611481587611e-15,True,True,False
11.88,5.029990593008647e-10,0.0,6.954093621482926e-10,2.0436031792071133e-15,-2.754460875898722e-18,-2.0572423274243537e-14,-7.900553786964475e-10,0.225,1.5205705650597026e-14,0.24000000050299902,0.225,0.0,0.23999999999999996,0.0,129.88439998953965,8.974308872341457e-15,True,True,False
11.885,4.995120708325891e-10,0.0,6.993596577603721e-10,2.046142529051726e-15,-2.754460875898722e-18,-2.0572423274243537e-14,-7.900553786964475e-10,0.225,1.539709089936299e-14,0.24000000049951203,0.225,0.0,0.23999999999999996,0.0,129.88439998953965,8.855031549577292e-15,True,True,False
11.89,4.960055424392669e-10,0.0,7.033099533726727e-10,2.0486481281004393e-15,-2.754460875898722e-18,-2.0572423274243537e-14,-7.900553786964475e-10,0.225,1.558842194599859e-14,0.2400000004960055,0.225,0.0,0.23999999999999996,0.0,129.88439998953965,8.73578125046476e-15,True,True,False
11.895,4.924785859424835e-10,0.0,7.072602489851892e-10,2.0511199840431004e-15,-2.754460875898722e-18,-2.0572423274243537e-14,-7.900553786964475e-10,0.225,1.5779695914263458e-14,0.24000000049247855,0.225,0.0,0.23999999999999996,0.0,129.88439998953965,8.61655970946414e-15,True,True,False
11.9,4.889329776990824e-10,0.0,7.112105445979163e-10,2.053558105061423e-15,-2.493898831942797e-18,-2.071540118082849e-14,-4.443609621342104e-10,0.225,1.597090992495096e-14,0.24000000048893294,0.225,0.0,0.23999999999999996,0.0,129.88439999411665,8.650304394755072e-15,True,True,False
11.905,4.853713822443264e-10,0.0,7.134323645090361e-10,2.0560057744790387e-15,-2.493898831942797e-18,-2.071540118082849e-14,-4.443609621342104e-10,0.225,1.6162061330359285e-14,0.24000000048537135,0.225,0.0,0.23999999999999996,0.0,129.88439999411665,8.530940086324407e-15,True,True,False
11.91,4.817982404703162e-10,0.0,7.156541844203087e-10,2.058419668665755e-15,-2.493898831942797e-18,-2.071540118082849e-14,-4.443609621342104e-10,0.225,1.6353147479572216e-14,0.2400000004817982,0.225,0.0,0.23999999999999996,0.0,129.88439999411665,8.411607728521583e-15,True,True,False
11.915000000000001,4.782144405554764e-10,0.0,7.178760043317272e-10,2.060799796709015e-15,-2.493898831942797e-18,-2.071540118082849e-14,-4.443609621342104e-10,0.225,1.6544165484051636e-14,0.2400000004782144,0.225,0.0,0.23999999999999996,0.0,129.88439999411665,8.292309050478638e-15,True,True,False
11.92,4.746199824998116e-10,0.0,7.200978242432849e-10,2.06314616818572e-15,-2.493898831942797e-18,-2.071540118082849e-14,-4.443609621342104e-10,0.225,1.6735112452420668e-14,0.24000000047461995,0.225,0.0,0.23999999999999996,0.0,129.88439999411665,8.173045778530102e-15,True,True,False
11.925,4.710139781249083e-10,0.0,7.223196441549739e-10,2.0654587931611057e-15,-2.493898831942797e-18,-2.071540118082849e-14,-4.443609621342104e-10,0.225,1.6925985490510367e-14,0.24000000047101394,0.225,0.0,0.23999999999999996,0.0,129.88439999411665,8.053819636191098e-15,True,True,False
11.93,4.673964274307718e-10,0.0,7.245414640667863e-10,2.0677376821876075e-15,-2.493898831942797e-18,-2.071540118082849e-14,-4.443609621342104e-10,0.225,1.7116781701406403e-14,0.2400000004673964,0.225,0.0,0.23999999999999996,0.0,129.88439999411665,7.934632344135496e-15,True,True,False
11.935,4.63768218595827e-10,0.0,7.267632839787133e-10,2.0699828463037225e-15,-2.493898831942797e-18,-2.071540118082849e-14,-4.443609621342104e-10,0.225,1.7307498185495738e-14,0.24000000046376818,0.225,0.0,0.23999999999999996,0.0,129.88439999411665,7.815485620174145e-15,True,True,False
11.94,4.601293516200797e-10,0.0,7.289851038907458e-10,2.0721942970328688e-15,-2.493898831942797e-18,-2.071540118082849e-14,-4.443609621342104e-10,0.225,1.7498132040513195e-14,0.24000000046012931,0.225,0.0,0.23999999999999996,0.0,129.88439999411665,7.696381179233172e-15,True,True,False
11.945,4.564789383251169e-10,0.0,7.31206923802874e-10,2.0743720463822534e-15,-2.493898831942797e-18,-2.071540118082849e-14,-4.443609621342104e-10,0.225,1.7688680361588137e-14,0.2400000004564789,0.225,0.0,0.23999999999999996,0.0,129.88439999411665,7.577320733332351e-15,True,True,False
11.950000000000001,4.52816978710945e-10,0.0,7.334287437150878e-10,2.076516106841734e-15,-2.344215982230199e-18,-2.0829385989161504e-14,-1.4990127060554723e-10,0.225,1.787914024129105e-14,0.24000000045281694,0.225,0.0,0.23999999999999996,0.0,129.88439999801528,7.580229378300468e-15,True,True,False
11.955,4.491479136696655e-10,0.0,7.341782697078007e-10,2.0786609907911403e-15,-2.344215982230199e-18,-2.0829385989161504e-14,-1.4990127060554723e-10,0.225,1.8069508956567864e-14,0.24000000044914788,0.225,0.0,0.23999999999999996,0.0,129.88439999801528,7.461098237215659e-15,True,True,False
11.96,4.454752959149607e-10,0.0,7.349277957005578e-10,2.0807721659224222e-15,-2.344215982230199e-18,-2.0829385989161504e-14,-1.4990127060554723e-10,0.225,1.8259783781626537e-14,0.24000000044547526,0.225,0.0,0.23999999999999996,0.0,129.88439999801528,7.342014619611968e-15,True,True,False
11.965,4.4179912544683686e-10,0.0,7.356773216933482e-10,2.082849645716968e-15,-2.344215982230199e-18,-2.0829385989161504e-14,-1.4990127060554723e-10,0.225,1.8449961801072065e-14,0.2400000004417991,0.225,0.0,0.23999999999999996,0.0,129.88439999801528,7.22298023023702e-15,True,True,False
11.97,4.3811940226530064e-10,0.0,7.3642684768616e-10,2.08489344413567e-15,-2.344215982230199e-18,-2.0829385989161504e-14,-1.4990127060554723e-10,0.225,1.8640040097089576e-14,0.24000000043811937,0.225,0.0,0.23999999999999996,0.0,129.88439999801528,7.103996770842536e-15,True,True,False
11.975,4.344352381919399e-10,0.0,7.371763736789812e-10,2.086903575617828e-15,-2.344215982230199e-18,-2.0829385989161504e-14,-1.4990127060554723e-10,0.225,1.8830015749490802e-14,0.2400000004344352,0.225,0.0,0.23999999999999996,0.0,129.88439999801528,6.9850659401630154e-15,True,True,False
11.98,4.3074840958359944e-10,0.0,7.379258996717995e-10,2.088880055080078e-15,-2.344215982230199e-18,-2.0829385989161504e-14,-1.4990127060554723e-10,0.225,1.9019885835760657e-14,0.24000000043074837,0.225,0.0,0.23999999999999996,0.0,129.88439999801528,6.866189433894541e-15,True,True,False
11.985,4.2705625190503005e-10,0.0,7.386754256646027e-10,2.0908228979153418e-15,-2.344215982230199e-18,-2.0829385989161504e-14,-1.4990127060554723e-10,0.225,1.9209647431103695e-14,0.24000000042705621,0.225,0.0,0.23999999999999996,0.0,129.88439999801528,6.7473689446736285e-15,True,True,False
11.99,4.23360541513077e-10,0.0,7.394249516573778e-10,2.0927321199918148e-15,-2.344215982230199e-18,-2.0829385989161504e-14,-1.4990127060554723e-10,0.225,1.939929760849055e-14,0.2400000004233605,0.225,0.0,0.23999999999999996,0.0,129.88439999801528,6.628606162056159e-15,True,True,False
11.995000000000001,4.1966127840774814e-10,0.0,7.401744776501119e-10,2.0946077376519756e-15,-2.344215982230199e-18,-2.0829385989161504e-14,-1.4990127060554723e-10,0.225,1.9588833438704344e-14,0.24000000041966124,0.225,0.0,0.23999999999999996,0.0,129.88439999801528,6.5099027724964346e-15,True,True,False
12.0,4.159584625890516e-10,0.0,7.409240036427928e-10,2.0964497677116435e-15,-2.2928127052195613e-18,-2.0913721707398463e-14,9.74832366491202e-11,0.225,1.977825199038714e-14,0.24000000041595843,0.225,0.0,0.23999999999999996,0.0,129.88440000129066,6.481469817331937e-15,True,True,False
