time_s,position_error_3d_m,orientation_error_deg,tip_speed_m_s,cutter_angular_speed_rad_s,ax_cmd_m_s2,ay_cmd_m_s2,az_cmd_m_s2,tip_x_m,tip_y_m,tip_z_m,target_x_m,target_y_m,target_z_m,wind_x_m_s,thrust_N,max_abs_torque_Nm,safe,task_success,anchor_active
0.0,0.0,0.0,0.0,0.0,0.0,0.0,0.0,0.225,0.0,0.38999999999999996,0.225,0.0,0.38999999999999996,3.0,129.8844,0.0,True,False,False
0.005,2.4271572429995657e-06,0.0005321393818254259,0.000969981822697694,0.003710493605684117,0.0,0.0,0.0,0.2250012347214716,0.0,0.38999791036960924,0.225,0.0,0.38999999999999996,3.0,129.88439999999565,0.0007268115950883969,True,False,False
0.01,9.694919629456681e-06,0.002124455104836191,0.0019372304875144469,0.007406381257410702,0.0,0.0,0.0,0.2250049406993463,0.0,0.38999165847995915,0.225,0.0,0.38999999999999996,3.0,129.8843999999302,0.0014657221813094035,True,False,False
0.015,2.180181229049436e-05,0.0047762526720086665,0.0029060973016416763,0.01110918880658699,0.0,0.0,0.0,0.22501112403906431,0.0,0.38998124967269493,0.225,0.0,0.38999999999999996,3.0,129.88439999964407,0.0022248509226342546,True,False,False
0.02,3.8763400791311714e-05,0.008491457275687307,0.003879278837942504,0.014830989391441205,0.0,0.0,0.0,0.22501979633267513,0.0,0.3899666727370832,0.225,0.0,0.38999999999999996,3.0,129.88439999886307,0.0030150237991624154,True,False,False
0.025,6.0601099118666675e-05,0.01327528722301586,0.004856389895347574,0.018568618376639257,0.0,0.0,0.0,0.2250309742971136,0.0,0.38994791270660983,0.225,0.0,0.38999999999999996,3.0,129.88439999718483,0.0038419134769407176,True,False,False
0.03,8.733195878391341e-05,0.01913134680913218,0.0058363458541270405,0.022315304573103323,0.0,0.0,0.0,0.22504467862202904,0.0,0.3899249620645365,0.225,0.0,0.38999999999999996,3.0,129.8843999940615,0.004709698217763725,True,False,False
0.035,0.00011896690052982649,0.0260610857552686,0.006817802293327154,0.026062857935348543,0.0,0.0,0.0,0.225060933762506,0.0,0.38989782270306694,0.225,0.0,0.38999999999999996,3.0,129.8843999887806,0.0056215997264583645,True,False,False
0.04,0.00015550963316647746,0.034063461320667815,0.007799249641023824,0.029802144531616725,0.0,0.0,0.0,0.22507976778960792,0.0,0.38986650713221804,0.225,0.0,0.38999999999999996,3.0,129.88439998044308,0.006580029758925341,True,False,False
0.045,0.00019695603555911235,0.043134732463562635,0.008779105982715519,0.0335235316529902,0.0,0.0,0.0,0.22510121228217955,0.0,0.3898310391942515,0.225,0.0,0.38999999999999996,3.0,129.8843999679403,0.00758673454489155,True,False,False
0.05,0.0002432939795473378,0.053268374764711864,0.009755802789471678,0.037217279906016434,-0.0430696300680781,0.0,0.030391369884055854,0.2251253022567969,0.0,0.389791454309741,0.225,0.0,0.38999999999999996,3.0,130.2867975207934,0.05904187156362112,True,False,False
0.055,0.0002941788517873032,0.06445513775279714,0.010598991735792875,0.04087406227307992,-0.0430696300680781,0.0,0.030391369884055854,0.2251520765249635,0.0,0.38974817877890466,0.225,0.0,0.38999999999999996,3.0,130.28680155863051,0.05549331854981167,True,False,False
0.06,0.0003492606997701135,0.07668300701015718,0.011437371366615916,0.044484110567936,-0.0430696300680781,0.0,0.030391369884055854,0.22518157735254643,0.0,0.3897016500352838,0.225,0.0,0.38999999999999996,3.0,130.28680697426412,0.051957731454959855,True,False,False
0.065,0.0004085097203746831,0.08993737071733494,0.012269865096448385,0.048038996259748036,-0.0430696300680781,0.0,0.030391369884055854,0.2252138500486647,0.0,0.38965193628697214,0.225,0.0,0.38999999999999996,3.0,130.28681373822445,0.04843422802069547,True,False,False
0.07,0.000471891545100645,0.10420130000637476,0.013095632845364358,0.05153097116755398,-0.0430696300680781,0.0,0.030391369884055854,0.22524894334591786,0.0,0.3895991149281144,0.225,0.0,0.38999999999999996,3.0,130.28682181951757,0.04492203103828739,True,False,False
0.075,0.0005393680117661201,0.11945574005438324,0.013914058354946834,0.054952929265385884,-0.0430696300680781,0.0,0.030391369884055854,0.22528690941324428,0.0,0.3895432715897731,0.225,0.0,0.38999999999999996,3.0,130.2868311856859,0.0414204390729756,True,False,False
0.08,0.0006108980048629966,0.13567968028723917,0.014724723516362568,0.05829830030133896,-0.0430696300680781,0.0,0.030391369884055854,0.22532780385769116,0.0,0.3894844992694201,0.225,0.0,0.38999999999999996,3.0,130.28684180287115,0.03792881711627218,True,False,False
0.085,0.0006864382149899131,0.15285028618601293,0.015527372562170684,0.06156089103892523,-0.0430696300680781,0.0,0.030391369884055854,0.22537168570835076,0.0,0.3894228976198226,0.225,0.0,0.38999999999999996,3.0,130.28685363587383,0.03444660381882142,True,False,False
0.09,0.0007659437333954569,0.1709429801572611,0.016321869985418277,0.06473469155831156,-0.0430696300680781,0.0,0.030391369884055854,0.2254186173772479,0.0,0.3893585724560062,0.225,0.0,0.38999999999999996,3.0,130.2868666482029,0.030973331454128734,True,False,False
0.095,0.0008493684387455968,0.18993146405730685,0.017108156399163077,0.06781366446731217,-0.0430696300680781,0.0,0.030391369884055854,0.22546866459368564,0.0,0.3892916355151741,0.225,0.0,0.38999999999999996,3.0,130.28688080211336,0.027508654576324315,True,False,False
0.1,0.0009366651633719698,0.2097876809514102,0.017886206390964113,0.07079153419283156,-0.08770603852608069,0.0,0.054112920377460585,0.22552189631028371,0.0,0.3892222044808647,0.225,0.0,0.38999999999999996,3.0,130.60109070603337,0.0938639173635232,True,False,False
0.105,0.0010275411345777802,0.23048154623271758,0.018563641251657395,0.07366028226574331,-0.08770603852608069,0.0,0.054112920377460585,0.2255783856329587,0.0,0.3891506997922781,0.225,0.0,0.38999999999999996,3.0,130.60112585009756,0.08789571692925853,True,False,False
0.11,0.0011217068634907415,0.25198084769258733,0.019234962321103683,0.07641327268078245,-0.08770603852608069,0.0,0.054112920377460585,0.22563820871786433,0.0,0.38907754896062485,0.225,0.0,0.38999999999999996,3.0,130.6011652542822,0.082001988866271,True,False,False
0.115,0.0012191186380633547,0.27425130043720825,0.01990024084466638,0.07904254409865594,-0.08770603852608069,0.0,0.054112920377460585,0.2257014435041985,0.0,0.38900289054558124,0.225,0.0,0.38999999999999996,3.0,130.60120875748902,0.07618257272740048,True,False,False
0.12,0.0013197314987112411,0.2972562284544956,0.020559517083448678,0.08153935145438154,-0.08770603852608069,0.0,0.054112920377460585,0.22576817052634945,0.0,0.3889268712700059,0.225,0.0,0.38999999999999996,3.0,130.6012561960521,0.07043750550243133,True,False,False
0.125,0.0014234987641010921,0.32095633186697864,0.021212803251647743,0.08389411807263619,-0.08770603852608069,0.0,0.054112920377460585,0.22583847270236107,0.0,0.3888496468982122,0.225,0.0,0.38999999999999996,3.0,130.60130740399612,0.06476704195498792,True,False,False
0.13,0.0015303715879232457,0.34530944814144243,0.021860098524409257,0.08609644076473874,-0.08770603852608069,0.0,0.054112920377460585,0.2259124351073706,0.0,0.3887713831468027,0.225,0.0,0.38999999999999996,3.0,130.60136221327124,0.059171667404771824,True,False,False
0.135,0.0016402985959063435,0.37027032234225804,0.022501415142061276,0.08813514744379,-0.08770603852608069,0.0,0.054112920377460585,0.22599014473645468,0.0,0.388692256567746,0.225,0.0,0.38999999999999996,3.0,130.60142045397183,0.05365210253016077,True,False,False
0.14,0.0017532256510123189,0.39579040105284025,0.023136814064261393,0.08999840409215068,-0.08770603852608069,0.0,0.054112920377460585,0.2260716902610814,0.0,0.388612455345702,0.225,0.0,0.38999999999999996,3.0,130.6014819545475,0.048209300316197135,True,False,False
0.145,0.0018690957895223799,0.4218176633918435,0.023766448155924172,0.0916738656495781,-0.08770603852608069,0.0,0.054112920377460585,0.22615716178297846,0.0,0.38853217995707084,0.225,0.0,0.38999999999999996,3.0,130.60154654201477,0.042844435744093565,True,False,False
0.15,0.0019878493631603302,0.44829650070330407,0.024390610509316808,0.09314886363020328,-0.1337511546313821,0.0,0.06570488210572305,0.22624665058866789,0.0,0.3884516436455418,0.225,0.0,0.38999999999999996,3.0,130.7555058698119,0.10948702887751754,True,False,False
0.155,0.0021093129161033897,0.47516734671862615,0.024972730307846025,0.09440837454323558,-0.1337511546313821,0.0,0.06570488210572305,0.22634024994214458,0.0,0.3883712179180068,0.225,0.0,0.38999999999999996,3.0,130.755617738837,0.10168640163253681,True,False,False
0.16,0.002233315162551679,0.5023668728494134,0.02555270991853691,0.09544140742871529,-0.1337511546313821,0.0,0.06570488210572305,0.22643805386312296,0.0,0.38829128770647586,0.225,0.0,0.38999999999999996,3.0,130.75573698730543,0.09403629643421611,True,False,False
0.165,0.0023597978814641008,0.529828438982529,0.026131764196541382,0.09623577139024217,-0.1337511546313821,0.0,0.06570488210572305,0.22654015583985448,0.0,0.38821210569934217,0.225,0.0,0.38999999999999996,3.0,130.75586321511747,0.08653790862366081,True,False,False
0.17,0.00248870386031211,0.5574819994704431,0.026711453086125814,0.09677991908532192,-0.1337511546313821,0.0,0.06570488210572305,0.22664664961737735,0.0,0.3881339367797624,0.225,0.0,0.38999999999999996,3.0,130.75599602149364,0.07919245947762388,True,False,False
0.17500000000000002,0.0026199783011606258,0.5852543192944273,0.02729370741186939,0.09706316736761818,-0.1337511546313821,0.0,0.06570488210572305,0.22675762898031612,0.0,0.3880570572149171,0.225,0.0,0.38999999999999996,3.0,130.7561350058444,0.07200117448572188,True,False,False
0.18,0.0027535704172507165,0.6130692512600894,0.027880842030233124,0.09707590204095311,-0.1337511546313821,0.0,0.06570488210572305,0.22687318753904687,0.0,0.3879817536110975,0.225,0.0,0.38999999999999996,3.0,130.75627976862515,0.06496526361753954,True,False,False
0.185,0.0028894351898924924,0.6408480706005452,0.028475556028847666,0.0968097725747849,-0.1337511546313821,0.0,0.06570488210572305,0.22699341851858126,0.0,0.38790832164844435,0.225,0.0,0.38999999999999996,3.0,130.75642991217225,0.0580859046658167,True,False,False
0.19,0.00302753524582905,0.668509861072302,0.029080915504548454,0.09625785522338154,-0.1337511546313821,0.0,0.06570488210572305,0.2271184145489674,0.0,0.38783706461875056,0.225,0.0,0.38999999999999996,3.0,130.75658504151772,0.05136422843713945,True,False,False
0.195,0.00316784280495664,0.6959719442063506,0.029700319821877496,0.09541479220258116,-0.1337511546313821,0.0,0.06570488210572305,0.22724826745540636,0.0,0.38776829180091205,0.225,0.0,0.38999999999999996,3.0,130.75674476517648,0.0448013067149389,True,False,False
0.2,0.003310341652117926,0.7231503447099764,0.030337451075667814,0.09427690420296053,-0.18014063792690627,0.0,0.058915873414350825,0.22738306804709316,0.0,0.3877023167022693,0.225,0.0,0.38999999999999996,3.0,130.66796974565125,0.11120811183340543,True,False,False
0.20500000000000002,0.003455087931461095,0.7499607587843434,0.031009642587451217,0.09284557429050577,-0.18014063792690627,0.0,0.058915873414350825,0.22752290498398925,0.0,0.38763936808123534,0.225,0.0,0.38999999999999996,3.0,130.6682055074978,0.10234197871411982,True,False,False
0.21,0.0036021490152319453,0.7763185785188585,0.03170530599337126,0.0911173489915098,-0.18014063792690627,0.0,0.058915873414350825,0.22766786542258588,0.0,0.38757967530795817,0.225,0.0,0.38999999999999996,3.0,130.66845063169143,0.09370603632433172,True,False,False
0.215,0.0037515480901513082,0.8021389717339747,0.0324284338006446,0.08909408539150429,-0.18014063792690627,0.0,0.058915873414350825,0.22781803575592402,0.0,0.38752355344272243,0.225,0.0,0.38999999999999996,3.0,130.66870442209878,0.08530070067042733,True,False,False
0.22,0.0039033250010702424,0.8273375802843846,0.0331825388966023,0.08677644807005387,-0.18014063792690627,0.0,0.058915873414350825,0.2279735004013398,0.0,0.38747131626587816,0.225,0.0,0.38999999999999996,3.0,130.66896607956417,0.07734207247727265,True,False,False
0.225,0.004057536262521605,0.8518310543069897,0.03397193896125371,0.08417562961417711,-0.18014063792690627,0.0,0.058915873414350825,0.22813434158831333,0.0,0.3874232766292348,0.225,0.0,0.38999999999999996,3.0,130.66923446212868,0.06991063972840211,True,False,False
0.23,0.004214271624857117,0.8755419461536214,0.03480151017038078,0.08131401331258002,-0.18014063792690627,0.0,0.058915873414350825,0.22830064063659805,0.0,0.38737972201548887,0.225,0.0,0.38999999999999996,3.0,130.66950869889808,0.06272633141458275,True,False,False
0.23500000000000001,0.004373643753012941,0.8983953742510696,0.03567339504149541,0.07818894023982019,-0.18014063792690627,0.0,0.058915873414350825,0.2284724764962001,0.0,0.3873409274809424,0.225,0.0,0.38999999999999996,3.0,130.66978820022288,0.055741220882990467,True,False,False
0.24,0.004535777357951326,0.9203157775234453,0.03658968294881033,0.07480080917294411,-0.18014063792690627,0.0,0.058915873414350825,0.22864992422073,0.0,0.3873071707399405,0.225,0.0,0.38999999999999996,3.0,130.6700724003197,0.04895625681616719,True,False,False
0.245,0.004700812921427178,0.9412284958066545,0.03755244593149113,0.07115528011300774,-0.18014063792690627,0.0,0.058915873414350825,0.22883305507052365,0.0,0.38727872622682136,0.225,0.0,0.38999999999999996,3.0,130.67036074507104,0.042371656806646396,True,False,False
0.25,0.004868909304989962,0.9610611036314456,0.03856349959741876,0.06726214011914518,-0.2248665548935042,0.0,0.030458765115737474,0.2290219365486355,0.0,0.3872558600219799,0.225,0.0,0.38999999999999996,3.0,130.29555206016468,0.1070500323464296,True,False,False
0.255,0.005040441494318002,0.9797473461053565,0.03963287734828147,0.06315474994835461,-0.2248665548935042,0.0,0.030458765115737474,0.2292166273532995,0.0,0.3872384598099884,0.225,0.0,0.38999999999999996,3.0,130.2959366597491,0.09831051974437949,True,False,False
0.26,0.005215781066858142,0.997225351598553,0.04074382442505867,0.05882991178731379,-0.2248665548935042,0.0,0.030458765115737474,0.2294171822332306,0.0,0.38722639706233425,0.225,0.0,0.38999999999999996,3.0,130.2963300186571,0.08983673348996013,True,False,False
0.265,0.005395109938535778,1.0134353859331267,0.04189684772905484,0.054305843139599415,-0.2248665548935042,0.0,0.030458765115737474,0.229623656973311,0.0,0.38721989074998114,0.225,0.0,0.38999999999999996,3.0,130.29673125749372,0.08162742436942844,True,False,False
0.27,0.005578627168454626,1.0283232137618514,0.04309189183378789,0.049602659132821816,-0.2248665548935042,0.0,0.030458765115737474,0.22983610331854998,0.0,0.3872191393819664,0.225,0.0,0.38999999999999996,3.0,130.29713951799042,0.07368128062967422,True,False,False
0.275,0.005766547063757458,1.0418403943936096,0.04432827003874208,0.04473728449816969,-0.2248665548935042,0.0,0.030458765115737474,0.23005456878994524,0.0,0.38722432001371887,0.225,0.0,0.38999999999999996,3.0,130.29755396396237,0.06599677566209206,True,False,False
0.28,0.005959084785644457,1.053938817814486,0.04560467644839934,0.0396990006361922,-0.2248665548935042,0.0,0.030458765115737474,0.23027909456871865,0.0,0.38723561000996154,0.225,0.0,0.38999999999999996,3.0,130.29797378332464,0.058571408423349514,True,False,False
0.28500000000000003,0.006156460285224607,1.0645731122109527,0.04691996935480078,0.03452278655105734,-0.2248665548935042,0.0,0.030458765115737474,0.23050971598884612,0.0,0.38725317766031336,0.225,0.0,0.38999999999999996,3.0,130.29839818803862,0.05140434704541019,True,False,False
0.29,0.006358914116706422,1.0737094428005787,0.048272188347627316,0.029247082344727386,-0.2248665548935042,0.0,0.030458765115737474,0.2307464652896755,0.0,0.3872771475584962,0.225,0.0,0.38999999999999996,3.0,130.29882641273386,0.044494816345186455,True,False,False
0.295,0.006566699940513882,1.081324069122822,0.04965866297594136,0.023904301011596938,-0.2248665548935042,0.0,0.030458765115737474,0.2309893710107495,0.0,0.38730760645440926,0.225,0.0,0.38999999999999996,3.0,130.29925771570677,0.037841707160554766,True,False,False
0.3,0.006780083836631423,1.0874074023343132,0.05106937073613568,0.0186413339876903,-0.2664464205091721,0.0,-0.012175676184306372,0.23123845519652303,0.0,0.38734458786763226,0.225,0.0,0.38999999999999996,3.0,129.73768030933923,0.09855219657706782,True,False,False
0.305,0.006999652163423734,1.0920803053767891,0.05242676327608906,0.014009117765117141,-0.2664464205091721,0.0,-0.012175676184306372,0.23149367774417529,0.0,0.3873870936174969,0.225,0.0,0.38999999999999996,3.0,129.73821923671193,0.08999330614727252,True,False,False
0.31,0.007225859045199538,1.095427932125238,0.05379527607111434,0.009350774736981541,-0.2664464205091721,0.0,-0.012175676184306372,0.2317550018917729,0.0,0.38743426650190693,0.225,0.0,0.38999999999999996,3.0,129.73876529076117,0.08177903497105321,True,False,False
0.315,0.007458819500868741,1.0974387574491418,0.05517436755355615,0.0046961104921651306,-0.2664464205091721,0.0,-0.012175676184306372,0.23202243336815317,0.0,0.3874861547509067,0.225,0.0,0.38999999999999996,3.0,129.73931734617983,0.07390291299059865,True,False,False
0.32,0.007698673016873576,1.098124216005314,0.05656067854694316,0.00010013277118031683,-0.2664464205091721,0.0,-0.012175676184306372,0.23229598024584897,0.0,0.38754271725824657,0.225,0.0,0.38999999999999996,3.0,129.73987434378577,0.06634846306881076,True,False,False
0.325,0.007945551603309144,1.0975029065355517,0.057951724587363564,0.004424755702946263,-0.2664464205091721,0.0,-0.012175676184306372,0.23257564707167475,0.0,0.3876038861199278,0.225,0.0,0.38999999999999996,3.0,129.7404352817865,0.05910536576332426,True,False,False
0.33,0.008199572816297511,1.0955970066570135,0.05934503939982529,0.008865883116252284,-0.2664464205091721,0.0,-0.012175676184306372,0.23286143376269003,0.0,0.387669580817835,0.225,0.0,0.38999999999999996,3.0,129.74099920797102,0.05216536876454181,True,False,False
0.335,0.008460839417319602,1.0924323298711462,0.060738191942503156,0.013210578952823699,-0.2664464205091721,0.0,-0.012175676184306372,0.23315333573101138,0.0,0.3877397079606647,0.225,0.0,0.38999999999999996,3.0,129.7415652157629,0.045521662707590727,True,False,False
0.34,0.008729439045449601,1.0880382923693221,0.06212880418532663,0.017446395381663257,-0.2664464205091721,0.0,-0.012175676184306372,0.23345134400380418,0.0,0.38781416135600466,0.225,0.0,0.38999999999999996,3.0,129.74213244141566,0.03916844298669647,True,False,False
0.34500000000000003,0.009005443972714043,1.0824478227632326,0.06351456854919427,0.021561285414922516,-0.2664464205091721,0.0,-0.012175676184306372,0.23375544534721532,0.0,0.3878928222861805,0.225,0.0,0.38999999999999996,3.0,129.7427000619935,0.03310060046615615,True,False,False
0.35000000000000003,0.00928891096719186,1.0756972262175237,0.06489326426421144,0.02554374407554752,-0.30321845352098975,0.0,-0.047163937345383065,0.2340656223959027,0.0,0.3879755599462259,0.225,0.0,0.38999999999999996,3.0,129.2831758306032,0.08700220158131822,True,False,False
0.355,0.009579966132750674,1.0678304958467986,0.06621217017137507,0.029351699044949147,-0.30321845352098975,0.0,-0.047163937345383065,0.2343818471705891,0.0,0.38806178051491597,0.225,0.0,0.38999999999999996,3.0,129.28384795803362,0.07935229390365761,True,False,False
0.36,0.009878692581404053,1.0588944964211666,0.06751841771997187,0.03300712052544613,-0.30321845352098975,0.0,-0.047163937345383065,0.23470408794047926,0.0,0.3881508801116929,0.225,0.0,0.38999999999999996,3.0,129.28452364748668,0.07202982749578068,True,False,False
0.365,0.010185061440602605,1.04893420724739,0.06881048696930914,0.03650118096710605,-0.30321845352098975,0.0,-0.047163937345383065,0.23503231594780866,0.0,0.3882426971597945,0.225,0.0,0.38999999999999996,3.0,129.28520182628495,0.0650298758032195,True,False,False
0.37,0.010499031612235496,1.0379970301678656,0.07008697515036877,0.03982580334053597,-0.30321845352098975,0.0,-0.047163937345383065,0.23536649890359346,0.0,0.38833706125292716,0.225,0.0,0.38999999999999996,3.0,129.28588146818709,0.05834765812642417,True,False,False
0.375,0.010820550352073759,1.0261325693447876,0.07134660461273783,0.04297373747151999,-0.30321845352098975,0.0,-0.047163937345383065,0.23570660115628575,0.0,0.3884337938826628,0.225,0.0,0.38999999999999996,3.0,129.28656159291683,0.05197842408189579,True,False,False
0.38,0.011149553548408457,1.0133919769374815,0.07258838558614987,0.04594243582363404,-0.30321845352098975,0.0,-0.047163937345383065,0.2360525837170708,0.0,0.3885327108308281,0.225,0.0,0.38999999999999996,3.0,129.28724126850616,0.045913987240079834,True,False,False
0.385,0.011485965911619996,0.9998270012513296,0.07381134902611458,0.04872785858244082,-0.30321845352098975,0.0,-0.047163937345383065,0.23640440415350042,0.0,0.3886336256638391,0.225,0.0,0.38999999999999996,3.0,129.2879196167759,0.04014680226400763,True,False,False
0.39,0.011829702971593107,0.9854911342228193,0.07501449943211973,0.051323153551317884,-0.30321845352098975,0.0,-0.047163937345383065,0.2367620172066133,0.0,0.38873634513119615,0.225,0.0,0.38999999999999996,3.0,129.28859580600422,0.03467183119949169,True,False,False
0.395,0.012180672052053237,0.9704397862488933,0.07619695259439892,0.05372180044127473,-0.30321845352098975,0.0,-0.047163937345383065,0.23712537511893286,0.0,0.3888406683542511,0.225,0.0,0.38999999999999996,3.0,129.28926904834503,0.029484187995661937,True,False,False
0.4,0.012538772990712307,0.9547301782590841,0.07735794360217021,0.05591769500331708,-0.33390858353494945,0.0,-0.0681200142179845,0.23749442787838837,0.0,0.38894638711835505,0.225,0.0,0.38999999999999996,3.0,129.01601926385973,0.07426325071149109,True,False,False
0.405,0.012903914685747038,0.93842304059453,0.07846645202025816,0.057892465373703815,-0.33390858353494945,0.0,-0.0681200142179845,0.23786911981336392,0.0,0.38905302088390376,0.225,0.0,0.38999999999999996,3.0,129.01678101229743,0.06784968412514825,True,False,False
0.41000000000000003,0.013275989280368248,0.9215806159452559,0.07955290793810683,0.05965392723752008,-0.33390858353494945,0.0,-0.0681200142179845,0.23824939359923503,0.0,0.38916008296540505,0.225,0.0,0.38999999999999996,3.0,129.01754200949614,0.061755107338894555,True,False,False
0.41500000000000004,0.013654863580781981,0.9042646378544716,0.08061709385933052,0.061197855061724725,-0.33390858353494945,0.0,-0.0681200142179845,0.23863519410393652,0.0,0.38926734649544203,0.225,0.0,0.38999999999999996,3.0,129.01830128939568,0.05597428016117961,True,False,False
0.42,0.01404040128908979,0.8865379264450264,0.0816589400883264,0.06252090381828165,-0.33390858353494945,0.0,-0.0681200142179845,0.2390264649080411,0.0,0.38937457970758393,0.225,0.0,0.38999999999999996,3.0,129.01905793538378,0.050501939338408464,True,False,False
0.425,0.014432463643235886,0.8684641236831608,0.08267852715895141,0.06362069426064262,-0.33390858353494945,0.0,-0.0681200142179845,0.2394231485188077,0.0,0.38948154689918824,0.225,0.0,0.38999999999999996,3.0,129.01981107965761,0.04533276357360677,True,False,False
0.43,0.014830910058223252,0.8501074059950448,0.0836760859005578,0.06449588517318629,-0.33390858353494945,0.0,-0.0681200142179845,0.23982518657478696,0.0,0.3895880094929926,0.225,0.0,0.38999999999999996,3.0,129.02055990257603,0.04046134503307297,True,False,False
0.435,0.015235598768074177,0.8315321784749075,0.08465199495165925,0.06514622920898253,-0.33390858353494945,0.0,-0.0681200142179845,0.2402325200404201,0.0,0.3896937271805335,0.225,0.0,0.38999999999999996,3.0,129.0213036319889,0.03588216598079769,True,False,False
0.44,0.015646387466595895,0.812802755739027,0.08560677565499676,0.06557260990779942,-0.33390858353494945,0.0,-0.0681200142179845,0.24064508939033252,0.0,0.38979845912733635,0.225,0.0,0.38999999999999996,3.0,129.02204154253602,0.03158957978495297,True,False,False
0.445,0.016063133943792426,0.7939830350608126,0.08654108438631873,0.06577705840123083,-0.33390858353494945,0.0,-0.0681200142179845,0.2410628347833645,0.0,0.38990196521763903,0.225,0.0,0.38999999999999996,3.0,129.02277295490904,0.027577795876276012,True,False,False
0.45,0.016485696713701658,0.775136167718625,0.08745570247934883,0.06576274916875371,-0.3576716485534844,0.0,-0.07088599069528352,0.24148569622665592,0.0,0.3900040073153981,0.225,0.0,0.38999999999999996,3.0,128.99035763059075,0.061665252991746355,True,False,False
0.455,0.01691393504467139,0.7563243019879747,0.08834856759991752,0.0655334544444207,-0.3576716485534844,0.0,-0.07088599069528352,0.2419136133386167,0.0,0.3901043193516602,0.225,0.0,0.38999999999999996,3.0,128.99115156401223,0.05683671031517523,True,False,False
0.46,0.017347709486874634,0.7376082643087736,0.08922381009396704,0.06509471383670817,-0.3576716485534844,0.0,-0.07088599069528352,0.2423465259228935,0.0,0.3902026396984415,0.225,0.0,0.38999999999999996,3.0,128.99194021376567,0.052305750578929666,True,False,False
0.465,0.01778688346964436,0.7190471694955928,0.09008251848385015,0.06445289044439587,-0.3576716485534844,0.0,-0.07088599069528352,0.24278437448652304,0.0,0.3902987435117561,0.225,0.0,0.38999999999999996,3.0,128.99272281593505,0.04806550971478468,True,False,False
0.47000000000000003,0.018231323611397864,0.7006981675780095,0.09092584858151018,0.06361532202228415,-0.3576716485534844,0.0,-0.07088599069528352,0.24322709995882258,0.0,0.39039241268405006,0.225,0.0,0.38999999999999996,3.0,128.9934986571629,0.04410895857557279,True,False,False
0.47500000000000003,0.01868090021358869,0.6826161786951085,0.09175500599477747,0.06259022065399986,-0.3576716485534844,0.0,-0.07088599069528352,0.2436746438133503,0.0,0.3904834368982147,0.225,0.0,0.38999999999999996,3.0,128.99426707371606,0.0404288991984279,True,False,False
0.48,0.019135487715335794,0.664853658390822,0.09257122869927807,0.061386560940055644,-0.3576716485534844,0.0,-0.07088599069528352,0.24412694818538572,0.0,0.39057161457061323,0.225,0.0,0.38999999999999996,3.0,128.99502745048898,0.037017966900386556,True,False,False
0.485,0.01959496510444265,0.6474603962492393,0.0933757701490101,0.06001395957591045,-0.3576716485534844,0.0,-0.07088599069528352,0.2445839559859555,0.0,0.3906567536710845,0.225,0.0,0.38999999999999996,3.0,128.9957792199371,0.0338686366041277,True,False,False
0.49,0.020059216281502784,0.6304833498896392,0.09416988336296143,0.05848254945034599,-0.3576716485534844,0.0,-0.07088599069528352,0.2450456110133039,0.0,0.3907386724114353,0.225,0.0,0.38999999999999996,3.0,128.99652186093837,0.030973232236025938,True,False,False
0.495,0.020528130374880396,0.613966515429196,0.09495480636774843,0.05680285147501037,-0.3576716485534844,0.0,-0.07088599069528352,0.24551185806257958,0.0,0.3908171997972812,0.225,0.0,0.38999999999999996,3.0,128.99725489758734,0.02832393832744945,True,False,False
0.5,0.021001602005467915,0.5979508346137562,0.09573174930241235,0.05498564729225208,-0.37386826145983576,0.0,-0.05655815912713237,0.24598264303434358,0.0,0.39089217604170184,0.225,0.0,0.38999999999999996,3.0,129.19055105601825,0.050716853248036764,True,False,False
0.505,0.021479541447447008,0.5824735751611695,0.09651317632209748,0.053045707919487456,-0.37386826145983576,0.0,-0.05655815912713237,0.2464579147189612,0.0,0.3909636372275823,0.225,0.0,0.38999999999999996,3.0,129.19131526128643,0.047647635261567844,True,False,False
0.51,0.02196186634829503,0.5675689626390946,0.09728760570087543,0.050989633387166236,-0.37386826145983576,0.0,-0.05655815912713237,0.24693762319061235,0.0,0.3910316308676465,0.225,0.0,0.38999999999999996,3.0,129.1920703772899,0.04482357462290859,True,False,False
0.515,0.022448490706081424,0.5532687090310775,0.09805608576694877,0.04882828625118603,-0.37386826145983576,0.0,-0.05655815912713237,0.24742171825747802,0.0,0.39109603164338486,0.225,0.0,0.38999999999999996,3.0,129.19281593567985,0.04223615937247038,True,False,False
0.52,0.02293933402274976,0.5396014338089176,0.09881961219109132,0.046572377096273515,-0.37386826145983576,0.0,-0.05655815912713237,0.24791015126057508,0.0,0.391156725820951,0.225,0.0,0.38999999999999996,3.0,129.19355151290128,0.03987681182347408,True,False,False
0.525,0.023434321376901223,0.5265927207731537,0.09957912427214213,0.04423237430220554,-0.37386826145983576,0.0,-0.05655815912713237,0.24840287517610687,0.0,0.3912136110939879,0.225,0.0,0.38999999999999996,3.0,129.19427672867826,0.03773689704590222,True,False,False
0.53,0.02393338345809109,0.5142651989194749,0.10033550295393164,0.04181842572366013,-0.37386826145983576,0.0,-0.05655815912713237,0.2488998447166022,0.0,0.39126659633440575,0.225,0.0,0.38999999999999996,3.0,129.19499124447077,0.03580773377731983,True,False,False
0.535,0.02443645656638435,0.502638643692586,0.10108957035597527,0.03934029690522638,-0.37386826145983576,0.0,-0.05655815912713237,0.24940101643030238,0.0,0.39131560126516446,0.225,0.0,0.38999999999999996,3.0,129.19569476190702,0.034080605851498136,True,False,False
0.54,0.024943482582415577,0.49173011000274597,0.10184208978196062,0.036807053000654746,-0.37386826145983576,0.0,-0.05655815912713237,0.24990634880376944,0.0,0.3913605559908515,0.225,0.0,0.38999999999999996,3.0,129.196387021762,0.032545497231670495,True,False,False
0.545,0.025454408923738882,0.48155421862565007,0.10259377019690004,0.03422700265855881,-0.37386826145983576,0.0,-0.05655815912713237,0.25041580241610595,0.0,0.391401399729692,0.225,0.0,0.38999999999999996,3.0,129.19706780901245,0.031189280609160208,True,False,False
0.55,0.025969188435800216,0.47212304887778955,0.1033452690892486,0.03160943569156589,-0.3825179740109105,0.0,-0.03283872965719996,0.25092933994371325,0.0,0.39143808139458675,0.225,0.0,0.38999999999999996,3.0,129.51355532226847,0.0422256266107896,True,False,False
0.555,0.026487798195756324,0.4634455965178628,0.10410516043735717,0.02896647532764755,-0.3825179740109105,0.0,-0.03283872965719996,0.25144692842713834,0.0,0.3914708603023177,0.225,0.0,0.38999999999999996,3.0,129.5142380252985,0.040771454697929754,True,False,False
0.56,0.027010220399518836,0.45552843768462675,0.10486408839850916,0.026302859566615145,-0.3825179740109105,0.0,-0.03283872965719996,0.2519685370340861,0.0,0.3915000054238933,0.225,0.0,0.38999999999999996,3.0,129.51490948620588,0.039485305388031966,True,False,False
0.5650000000000001,0.02753642293931815,0.4483764347676831,0.1056225799236354,0.023625817013241217,-0.3825179740109105,0.0,-0.03283872965719996,0.2524941349246999,0.0,0.39152549435770956,0.225,0.0,0.38999999999999996,3.0,129.5155695456142,0.03835972034261531,True,False,False
0.5700000000000001,0.0280663781360789,0.44199249588427486,0.10638112880258511,0.020941765671223942,-0.3825179740109105,0.0,-0.03283872965719996,0.25302369364249006,0.0,0.3915473126087609,0.225,0.0,0.38999999999999996,3.0,129.516218073574,0.03738716045773344,True,False,False
0.5750000000000001,0.028600062646087904,0.43637780257409253,0.10714020157646,0.018256350499144782,-0.3825179740109105,0.0,-0.03283872965719996,0.2535571872046066,0.0,0.3915654527527857,0.225,0.0,0.38999999999999996,3.0,129.51685496839585,0.036559990981293644,True,False,False
0.58,0.029137458067390747,0.43152941590153243,0.10790058579320838,0.015614296579975168,-0.3825179740109105,0.0,-0.03283872965719996,0.25409459233498805,0.0,0.39157992388734686,0.225,0.0,0.38999999999999996,3.0,129.51748015547207,0.035870567077489424,True,False,False
0.585,0.029678557222459236,0.42741698686941115,0.10866327210259,0.013116484702854696,-0.3825179740109105,0.0,-0.03283872965719996,0.2546358900142326,0.0,0.39159084313214615,0.225,0.0,0.38999999999999996,3.0,129.5180935859172,0.03531109984124531,True,False,False
0.59,0.03022336449018545,0.4239988046075523,0.10943138381562618,0.010785466259995876,-0.3825179740109105,0.0,-0.03283872965719996,0.25518106967598386,0.0,0.39159837239716233,0.225,0.0,0.38999999999999996,3.0,129.5186952370568,0.0348722505015841,True,False,False
0.595,0.03077192193975515,0.42121700199729273,0.11021210353715327,0.008666536481352922,-0.3825179740109105,0.0,-0.03283872965719996,0.25573015479049327,0.0,0.39160273716457444,0.225,0.0,0.38999999999999996,3.0,129.51928510361617,0.0345567414457183,True,False,False
0.6,0.03132428078612016,0.4190367510142339,0.11100062873905389,0.006535076984519263,-0.38442568679854805,0.0,-0.009480161194030029,0.25628318260342786,0.0,0.3916040738662185,0.225,0.0,0.38999999999999996,3.0,129.8295355982351,0.03592070496077915,True,False,False
0.605,0.03188046715187191,0.41747235787551523,0.1117913394991525,0.004392895515237855,-0.38442568679854805,0.0,-0.009480161194030029,0.25684016019248695,0.0,0.39160261808873875,0.225,0.0,0.38999999999999996,3.0,129.83010609791938,0.03574068192364893,True,False,False
0.61,0.03244049588359268,0.41651666150023925,0.1125822566449957,0.0022836480896573997,-0.38442568679854805,0.0,-0.009480161194030029,0.257401079762956,0.0,0.39159868801457826,0.225,0.0,0.38999999999999996,3.0,129.83066505434093,0.03560359252916068,True,False,False
0.615,0.03300436683932847,0.41616177459733483,0.11337397038134991,0.00019693186682880753,-0.38442568679854805,0.0,-0.009480161194030029,0.25796593347689734,0.0,0.3915923129283355,0.225,0.0,0.38999999999999996,3.0,129.83121262007907,0.0355149778795828,True,False,False
0.62,0.03357208296580735,0.41640287356480044,0.11416721105738264,0.0018809223144262682,-0.38442568679854805,0.0,-0.009480161194030029,0.25853471704692443,0.0,0.39158351105009337,0.225,0.0,0.38999999999999996,3.0,129.83174893777283,0.03548152314156966,True,False,False
0.625,0.03414365082583755,0.41724004333077097,0.1149628168160867,0.003964423492995778,-0.38442568679854805,0.0,-0.009480161194030029,0.25910743056504193,0.0,0.3915722824070634,0.225,0.0,0.38999999999999996,3.0,129.83227413069451,0.03551254806108789,True,False,False
0.63,0.0347190800512088,0.4186745589589125,0.11576121062236057,0.006050494577520053,-0.38442568679854805,0.0,-0.009480161194030029,0.2596840772360375,0.0,0.39155862307400857,0.225,0.0,0.38999999999999996,3.0,129.83278831973107,0.03560397250728348,True,False,False
0.635,0.03529838287062029,0.42070651615383503,0.11656276020947628,0.008134497515138017,-0.38442568679854805,0.0,-0.009480161194030029,0.2602646625049668,0.0,0.39154253417845014,0.225,0.0,0.38999999999999996,3.0,129.83329163556854,0.035750406418615766,True,False,False
0.64,0.03588157399656744,0.4233345401052807,0.117367786852039,0.010210810624489475,-0.38442568679854805,0.0,-0.009480161194030029,0.26084919394509504,0.0,0.3915240229519617,0.225,0.0,0.38999999999999996,3.0,129.83378421930877,0.035945972535802895,True,False,False
0.645,0.03646867049868631,0.42655551237155137,0.11817656215593074,0.012272899164212214,-0.38442568679854805,0.0,-0.009480161194030029,0.2614376811434617,0.0,0.39150310373200503,0.225,0.0,0.38999999999999996,3.0,129.83426622241853,0.03618455676154708,True,False,False
0.65,0.03705969166446958,0.4303643255445131,0.11898930694585812,0.014313435327450184,-0.38109885858483133,0.0,0.008262928824394437,0.26203013558679067,0.0,0.3914797988679059,0.225,0.0,0.38999999999999996,3.0,130.06872811995112,0.030134529901262475,True,False,False
0.655,0.037654668951552915,0.4347533353877093,0.11980286369259523,0.016322043593225224,-0.38109885858483133,0.0,0.008262928824394437,0.262626572084738,0.0,0.3914543613729258,0.225,0.0,0.38999999999999996,3.0,130.06918018361435,0.030676810087682416,True,False,False
0.66,0.0382536345689477,0.43971251781086673,0.120620131567721,0.018292549384980875,-0.38109885858483133,0.0,0.008262928824394437,0.2632270071475162,0.0,0.39142705370548475,0.225,0.0,0.38999999999999996,3.0,130.06962188816277,0.031237771544867565,True,False,False
0.665,0.03885661157947965,0.4452290948676016,0.12144103777795064,0.02021001558569535,-0.38109885858483133,0.0,0.008262928824394437,0.2638314571064768,0.0,0.3913979279045799,0.225,0.0,0.38999999999999996,3.0,130.0700536166875,0.03150939699537336,True,False,False
0.67,0.03946362423848754,0.45128685730852114,0.12226585134912242,0.022072079371262945,-0.38109885858483133,0.0,0.008262928824394437,0.26443993938291227,0.0,0.39136704773462627,0.225,0.0,0.38999999999999996,3.0,130.07047614544817,0.03162029959625373,True,False,False
0.675,0.04007469893471086,0.45786986563578563,0.12309481383890904,0.0238756089001885,-0.38109885858483133,0.0,0.008262928824394437,0.2650524738677286,0.0,0.3913344780937252,0.225,0.0,0.38999999999999996,3.0,130.07088970746156,0.03175093401929849,True,False,False
0.68,0.04068986350201189,0.4649601993151384,0.1239279950774119,0.025612495297530784,-0.38109885858483133,0.0,0.008262928824394437,0.2656690820300049,0.0,0.39130029175537373,0.225,0.0,0.38999999999999996,3.0,130.07129446971416,0.0318959187433302,True,False,False
0.685,0.04130914697314376,0.4725375657502862,0.12476543025561726,0.02727431958829836,-0.38109885858483133,0.0,0.008262928824394437,0.26628978668936026,0.0,0.39126457059744435,0.225,0.0,0.38999999999999996,3.0,130.0716906045549,0.032050489389521736,True,False,False
0.6900000000000001,0.041932579409315364,0.48057923790557033,0.12560712616441275,0.028852533266622092,-0.38109885858483133,0.0,0.008262928824394437,0.2669146119017221,0.0,0.39122740581983084,0.225,0.0,0.38999999999999996,3.0,130.07207828836042,0.03221037386262948,True,False,False
0.6950000000000001,0.04256019173217866,0.489060040346438,0.1264530674456971,0.030338616590438683,-0.38109885858483133,0.0,0.008262928824394437,0.267543582852262,0.0,0.39118889796556683,0.225,0.0,0.38999999999999996,3.0,130.07245770043707,0.032371718045446474,True,False,False
0.7000000000000001,0.04319201555955769,0.4979523778380817,0.1273032227522036,0.031724217506845724,-0.3741189291192216,0.0,0.021328444335348563,0.26817672575372276,0.0,0.3911491567712407,0.225,0.0,0.38999999999999996,3.0,130.2437640384725,0.020773000005521902,True,False,False
0.705,0.04382808842746969,0.5072259647781161,0.12815389139449013,0.03299887799088118,-0.3741189291192216,0.0,0.021328444335348563,0.26881406902999355,0.0,0.3911084630084324,0.225,0.0,0.38999999999999996,3.0,130.2441112763809,0.02135621788831263,True,False,False
0.71,0.0444684474335921,0.5168482029870832,0.12900858929801892,0.034157014270490095,-0.3741189291192216,0.0,0.021328444335348563,0.2694556419550436,0.0,0.39106710614238177,0.225,0.0,0.38999999999999996,3.0,130.2444503517735,0.021920382479501704,True,False,False
0.715,0.04511312414353601,0.5267846641209862,0.1298673134475198,0.03519140817659045,-0.3741189291192216,0.0,0.021328444335348563,0.27010147326525946,0.0,0.39102522158247743,0.225,0.0,0.38999999999999996,3.0,130.2447814865617,0.022463137801435384,True,False,False
0.72,0.04576215025818975,0.536998930938979,0.13073006756164018,0.036095402093591925,-0.3741189291192216,0.0,0.021328444335348563,0.2707515923378617,0.0,0.39098295208593736,0.225,0.0,0.38999999999999996,3.0,130.2451048998168,0.022982437469927203,True,False,False
0.725,0.04641555748981837,0.547452765309911,0.13159686501014992,0.03686294826838558,-0.3741189291192216,0.0,0.021328444335348563,0.2714060290954803,0.0,0.39094044706393916,0.225,0.0,0.38999999999999996,3.0,130.24542080729964,0.023476536005737597,True,False,False
0.73,0.047073377444879876,0.5581062880269146,0.13246773080161053,0.03748864180244445,-0.3741189291192216,0.0,0.021328444335348563,0.2720648139077835,0.0,0.39089786184562936,0.225,0.0,0.38999999999999996,3.0,130.2457294210397,0.023943978400472382,True,False,False
0.735,0.047735641513012204,0.5689181658801513,0.13334270262724532,0.03796773857957272,-0.3741189291192216,0.0,0.021328444335348563,0.2727279774891057,0.0,0.39085535691862106,0.225,0.0,0.38999999999999996,3.0,130.246030948962,0.024383587789462924,True,False,False
0.74,0.04840238076143191,0.5798458019013187,0.13422183098793908,0.03829615974988628,-0.3741189291192216,0.0,0.021328444335348563,0.2733955507911486,0.0,0.3908130971627012,0.225,0.0,0.38999999999999996,3.0,130.24632559456282,0.02479445131146632,True,False,False
0.745,0.049073625833861066,0.5908455251857854,0.13510517846733378,0.03847048467848885,-0.3741189291192216,0.0,0.021328444335348563,0.27406756489001677,0.0,0.39077125109127314,0.225,0.0,0.38999999999999996,3.0,130.24661355663252,0.025175904381503716,True,False,False
0.75,0.049749406853028685,0.6018727773000112,0.1359928182429623,0.03848793446445279,-0.36456812644148645,0.0,0.024257600305118223,0.27474405086704984,0.0,0.39072999011262927,0.225,0.0,0.38999999999999996,3.0,130.28271807824038,0.010356392147786803,True,False,False
0.755,0.050429754104394084,0.6128822027140886,0.1368841722798557,0.03834568639969708,-0.36456812644148645,0.0,0.024257600305118223,0.2754250400021639,0.0,0.3906895214353621,0.225,0.0,0.38999999999999996,3.0,130.282974536671,0.011224701196956177,True,False,False
0.76,0.05111469703363717,0.6238278721769833,0.13778003456552818,0.03804261454195725,-0.36456812644148645,0.0,0.024257600305118223,0.27611056331814515,0.0,0.390650053953447,0.225,0.0,0.38999999999999996,3.0,130.28322444293568,0.012048785855999444,True,False,False
0.765,0.051804263451707806,0.6346635535175976,0.13868050415381694,0.0375776942002752,-0.36456812644148645,0.0,0.024257600305118223,0.2768006511220933,0.0,0.390611763925976,0.225,0.0,0.38999999999999996,3.0,130.28346801550188,0.012828984836261076,True,False,False
0.77,0.052498480265799015,0.6453427175347298,0.13958565442228,0.03694970968352726,-0.36456812644148645,0.0,0.024257600305118223,0.2774953331514532,0.0,0.3905748282669008,0.225,0.0,0.38999999999999996,3.0,130.2837054636459,0.013569653420879624,True,False,False
0.775,0.05319737336415895,0.6558186314842104,0.1404955884217076,0.03615896964929621,-0.36456812644148645,0.0,0.024257600305118223,0.278194638398091,0.0,0.3905394242690792,0.225,0.0,0.38999999999999996,3.0,130.28393698450293,0.014273240345893834,True,False,False
0.78,0.05390096764367352,0.6660448833405395,0.14141042642455787,0.03520701568906073,-0.36456812644148645,0.0,0.024257600305118223,0.2788985950901402,0.0,0.3905057274300002,0.225,0.0,0.38999999999999996,3.0,130.28416276885721,0.014938966279567117,True,False,False
0.785,0.05460928693526104,0.6759755360630432,0.14233026883151798,0.03409560357971673,-0.36456812644148645,0.0,0.024257600305118223,0.2796072305474972,0.0,0.390473910867318,0.225,0.0,0.38999999999999996,3.0,130.28438300242962,0.015566211262812019,True,False,False
0.79,0.05532235389659115,0.6855651767166301,0.14325519140029075,0.03282662315737793,-0.36456812644148645,0.0,0.024257600305118223,0.2803205709995421,0.0,0.39044414518380355,0.225,0.0,0.38999999999999996,3.0,130.2845978657884,0.01615455667362037,True,False,False
0.795,0.05604018989623825,0.6947689448378321,0.14418524124518442,0.0314020350428805,-0.36456812644148645,0.0,0.024257600305118223,0.28103864139472584,0.0,0.39041659841545906,0.225,0.0,0.38999999999999996,3.0,130.28480753423645,0.01670381437023097,True,False,False
0.8,0.05676281489134094,0.7035425491049354,0.1451204344050098,0.029823851869289777,-0.3532337679217978,0.0,0.014392389078373535,0.28176146520505974,0.0,0.3903914360272517,0.225,0.0,0.38999999999999996,3.0,130.15073524435016,2.7438931177459214e-05,True,False,False
0.805,0.0574902451539828,0.7118429834229627,0.1460617514847668,0.02809908183057424,-0.3532337679217978,0.0,0.014392389078373535,0.28248906291415826,0.0,0.3903686910861368,0.225,0.0,0.38999999999999996,3.0,130.1509164452523,0.0010618265638896451,True,False,False
0.81,0.05822249550879968,0.7196279013960801,0.14700775120386503,0.026225242095306307,-0.3532337679217978,0.0,0.014392389078373535,0.28322145313344155,0.0,0.3903483938901137,0.225,0.0,0.38999999999999996,3.0,130.15109258090826,0.0020968010841496687,True,False,False
0.8150000000000001,0.05895958118969471,0.7268549286013648,0.14795832668171638,0.024204677549867673,-0.3532337679217978,0.0,0.014392389078373535,0.28395865373622303,0.0,0.39033070179370033,0.225,0.0,0.38999999999999996,3.0,130.15126384089433,0.003078450377436398,True,False,False
0.8200000000000001,0.059701515443827034,0.733482397040253,0.14891333982808405,0.022039991159804588,-0.3532337679217978,0.0,0.014392389078373535,0.28470068036496615,0.0,0.39031576929816425,0.225,0.0,0.38999999999999996,3.0,130.15143040715455,0.0040079825615901565,True,False,False
0.8250000000000001,0.06044830941843588,0.7394694329236087,0.14987262163725196,0.019734141086541993,-0.3532337679217978,0.0,0.014392389078373535,0.2854475462598209,0.0,0.3903037477798756,0.225,0.0,0.38999999999999996,3.0,130.15159245406952,0.004886822791573542,True,False,False
0.8300000000000001,0.0611999720564145,0.7447760725509324,0.15083597218079065,0.017290538844630582,-0.3532337679217978,0.0,0.014392389078373535,0.286199262098851,0.0,0.39029478511166005,0.225,0.0,0.38999999999999996,3.0,130.15175014855754,0.005716584180424089,True,False,False
0.835,0.061956510001243165,0.7493634056065974,0.1518031601247061,0.014713141510477742,-0.3532337679217978,0.0,0.014392389078373535,0.2869558358508715,0.0,0.39028902517885755,0.225,0.0,0.38999999999999996,3.0,130.15190365020743,0.006499036766373173,True,False,False
0.84,0.06271792751127045,0.7531937432956372,0.152773921671358,0.012006531944210044,-0.3532337679217978,0.0,0.014392389078373535,0.2877172726413153,0.0,0.39028660729910053,0.225,0.0,0.38999999999999996,3.0,130.15205311144092,0.007236076145780784,True,False,False
0.845,0.06348422638279036,0.7562308071467603,0.1537479589045245,0.00917598217660684,-0.3532337679217978,0.0,0.014392389078373535,0.28848357463113206,0.0,0.390287665560787,0.225,0.0,0.38999999999999996,3.0,130.1521986777029,0.007929693151767364,True,False,False
0.85,0.06425540588090616,0.7584399331240438,0.15472493759096875,0.006227496447356748,-0.34064525472843954,0.0,-0.006307981573687324,0.2892547409083712,0.0,0.39029232810004244,0.225,0.0,0.38999999999999996,3.0,129.8740559925442,0.010077201325265767,True,False,False
0.855,0.06503145861697633,0.759790160144584,0.15570197072093567,0.003180984408568996,-0.34064525472843954,0.0,-0.006307981573687324,0.29003076458013544,0.0,0.3903004462922199,0.225,0.0,0.38999999999999996,3.0,129.87417708211547,0.008798567510667071,True,False,False
0.86,0.0658123744415304,0.7602526388178328,0.15668018325954283,3.1146772555515345e-05,-0.34064525472843954,0.0,-0.006307981573687324,0.29081163552602235,0.0,0.39031186378789107,0.225,0.0,0.38999999999999996,3.0,129.87429440875837,0.007574486581672479,True,False,False
0.865,0.06659814439481108,0.7597989227396923,0.15765909592708935,0.0032138442790828406,-0.34064525472843954,0.0,-0.006307981573687324,0.2915973431386189,0.0,0.39032668594882125,0.225,0.0,0.38999999999999996,3.0,129.8744081231894,0.006402685190334295,True,False,False
0.87,0.06738875661317638,0.7584030029761328,0.15863818769514165,0.006545152122138458,-0.34064525472843954,0.0,-0.006307981573687324,0.2923878734380911,0.0,0.39034500921979276,0.225,0.0,0.38999999999999996,3.0,129.87451836879865,0.0052808811211847995,True,False,False
0.875,0.06818419627955784,0.7560414903425502,0.1596168937737523,0.009953335401578792,-0.34064525472843954,0.0,-0.006307981573687324,0.2931832090155351,0.0,0.3903669204724818,0.225,0.0,0.38999999999999996,3.0,129.87462528197716,0.0042067962331741315,True,False,False
0.88,0.06898444557486509,0.7526937781962253,0.1605946040838099,0.013428423293062604,-0.34064525472843954,0.0,-0.006307981573687324,0.29398332898484425,0.0,0.39039249642071167,0.225,0.0,0.38999999999999996,3.0,129.87472899243758,0.003178166628191953,True,False,False
0.885,0.06978948362955946,0.7483421818004765,0.1615706627303347,0.016960014758190593,-0.34064525472843954,0.0,-0.006307981573687324,0.29478820894253305,0.0,0.3904218031222014,0.225,0.0,0.38999999999999996,3.0,129.87482962352678,0.0021927275628250975,True,False,False
0.89,0.07059928645291637,0.7429719771023573,0.16254435898900138,0.02053810673993051,-0.34064525472843954,0.0,-0.006307981573687324,0.2955978209109816,0.0,0.3904548959022821,0.225,0.0,0.38999999999999996,3.0,129.8749272916224,0.001245246865271138,True,False,False
0.895,0.0714138260809617,0.7365691109770314,0.16351469234001165,0.02417715274923888,-0.34064525472843954,0.0,-0.006307981573687324,0.29641213244440856,0.0,0.39049182849052877,0.225,0.0,0.38999999999999996,3.0,129.87502210557818,0.0003317224435226557,True,False,False
0.9,0.07223306671884622,0.7291089083355983,0.16448037488200973,0.027920217963450858,-0.3271270540779061,0.0,-0.03320989644851076,0.2972311024444889,0.0,0.3905326980974587,0.225,0.0,0.38999999999999996,3.0,129.5142669341191,0.019313285397042676,True,False,False
0.905,0.07305694533099595,0.7206024764054118,0.16541949671803055,0.03138411534813159,-0.3271270540779061,0.0,-0.03320989644851076,0.29805466575297096,0.0,0.3905771246120406,0.225,0.0,0.38999999999999996,3.0,129.5143413542611,0.017721075857638588,True,False,False
0.91,0.0738853545143801,0.711163128565615,0.16633690663417905,0.034491254817550124,-0.3271270540779061,0.0,-0.03320989644851076,0.298882716654767,0.0,0.3906243327854935,0.225,0.0,0.38999999999999996,3.0,129.51441304403724,0.01615844427239045,True,False,False
0.915,0.07471822939606387,0.7008426770221959,0.16724557227435877,0.03755725094555619,-0.3271270540779061,0.0,-0.03320989644851076,0.2997151882801913,0.0,0.3906741248685458,0.225,0.0,0.38999999999999996,3.0,129.51448211154926,0.014633258524039044,True,False,False
0.92,0.07555552578449004,0.689645513410194,0.16814554019966846,0.040611699901399824,-0.3271270540779061,0.0,-0.03320989644851076,0.30055203301983535,0.0,0.39072648684809086,0.225,0.0,0.38999999999999996,3.0,129.51454866315726,0.013146947693430416,True,False,False
0.925,0.07639719602073364,0.6775751431446615,0.1690360291208412,0.043653029961495296,-0.3271270540779061,0.0,-0.03320989644851076,0.3013931996971202,0.0,0.39078140889828233,0.225,0.0,0.38999999999999996,3.0,129.51461280177264,0.011700213429214831,True,False,False
0.93,0.07724318884316657,0.664635673988717,0.16991626133902346,0.0466786529203894,-0.3271270540779061,0.0,-0.03320989644851076,0.30223863349197294,0.0,0.39083887958240066,0.225,0.0,0.38999999999999996,3.0,129.51467462650143,0.010292978655405835,True,False,False
0.935,0.0780934493826842,0.6508318497531324,0.17078544551077082,0.049687908387756295,-0.3271270540779061,0.0,-0.03320989644851076,0.3030882759508784,0.0,0.390898885702037,0.225,0.0,0.38999999999999996,3.0,129.5147342327857,0.008926950440289683,True,False,False
0.9400000000000001,0.07894791885108166,0.6361681852780133,0.17164278048023332,0.05268045731281626,-0.3271270540779061,0.0,-0.03320989644851076,0.3039420646490233,0.0,0.3909614155534431,0.225,0.0,0.38999999999999996,3.0,129.51479171431959,0.007605449751411197,True,False,False
0.9450000000000001,0.0798065349754353,0.6206504390635582,0.17248749372167985,0.05564928169070698,-0.3271270540779061,0.0,-0.03320989644851076,0.3047999337008014,0.0,0.3910264531811447,0.225,0.0,0.38999999999999996,3.0,129.5148471614547,0.006327114166351566,True,False,False
0.9500000000000001,0.08066923228814682,0.604286503348543,0.1733188114778714,0.05858664002322884,-0.3125826437832,0.0,-0.05469151094402806,0.30566181411840027,0.0,0.3910939749026524,0.225,0.0,0.38999999999999996,3.0,129.22528439020206,0.026983446106992118,True,False,False
0.9550000000000001,0.08153593613982642,0.5870887957686605,0.17412596559415577,0.0614687581431269,-0.3125826437832,0.0,-0.05469151094402806,0.306527631895033,0.0,0.3911636665269085,0.225,0.0,0.38999999999999996,3.0,129.22532327324006,0.025005183451137294,True,False,False
0.96,0.0824065681302905,0.56907207752527,0.17491776002579695,0.06430296650438552,-0.3125826437832,0.0,-0.05469151094402806,0.3073973102660422,0.0,0.39123520521929916,0.225,0.0,0.38999999999999996,3.0,129.2253603611441,0.02308475012313839,True,False,False
0.965,0.08328105258599146,0.5502513279069686,0.17569345775971043,0.0670804780258164,-0.3125826437832,0.0,-0.05469151094402806,0.30827077182219814,0.0,0.3913085411594927,0.225,0.0,0.38999999999999996,3.0,129.22539574396254,0.021219912401538227,True,False,False
0.97,0.084159310929917,0.5306440635788723,0.1764523338493009,0.06979238377459987,-0.3125826437832,0.0,-0.05469151094402806,0.3091479365499686,0.0,0.3913836150407213,0.225,0.0,0.38999999999999996,3.0,129.22542950666423,0.019408431228715578,True,False,False
0.975,0.08504126176708465,0.5102703574958104,0.17719367902309782,0.07242978450555473,-0.3125826437832,0.0,-0.05469151094402806,0.31002872195669307,0.0,0.39146035795242073,0.225,0.0,0.38999999999999996,3.0,129.22546172941523,0.017648091507876176,True,False,False
0.98,0.08592682096600307,0.4891528005645998,0.17791680324553416,0.07498402395997103,-0.3125826437832,0.0,-0.05469151094402806,0.3109130431881301,0.0,0.3915386914824079,0.225,0.0,0.38999999999999996,3.0,129.2254924878496,0.015936726686853878,True,False,False
0.985,0.0868159017395279,0.4673164170362606,0.17862103976511823,0.07744679011267584,-0.3125826437832,0.0,-0.05469151094402806,0.3118008131411854,0.0,0.39161852799678587,0.225,0.0,0.38999999999999996,3.0,129.2255218533342,0.014272244307496636,True,False,False
0.99,0.08770841472906532,0.4447885481312422,0.17930574900845678,0.07981023965767264,-0.3125826437832,0.0,-0.05469151094402806,0.3126919425756378,0.0,0.39169977104245346,0.225,0.0,0.38999999999999996,3.0,129.225549893226,0.01265264785146003,True,False,False
0.995,0.0886042680905691,0.4215987012770209,0.17997032232553972,0.08206711007445583,-0.3125826437832,0.0,-0.05469151094402806,0.3135863402222109,0.0,0.39178231588113466,0.225,0.0,0.38999999999999996,3.0,129.22557667112278,0.01107605556042407,True,False,False
1.0,0.08950336758297057,0.3977783699335226,0.1806141854839907,0.08421081265273837,-0.2973094184083479,0.0,-0.07019911493704027,0.31448391288708094,0.0,0.3918660501358911,0.225,0.0,0.38999999999999996,3.0,129.01466999462315,0.032979001754754024,True,False,False
1.0050000000000001,0.09040561144608683,0.3733623084665212,0.18122879022147148,0.08622525860208141,-0.2973094184083479,0.0,-0.07019911493704027,0.31538456476500687,0.0,0.3919506494254752,0.225,0.0,0.38999999999999996,3.0,129.01468469537656,0.03064475076051272,True,False,False
1.01,0.0913108952234685,0.3483867371810417,0.1818216204873158,0.08811616307415734,-0.2973094184083479,0.0,-0.07019911493704027,0.3162881984242796,0.0,0.3920357836232279,0.225,0.0,0.38999999999999996,3.0,129.01469845080015,0.02837038866044264,True,False,False
1.0150000000000001,0.0922191173430989,0.32288766677605807,0.1823922585552892,0.08987933945815209,-0.2973094184083479,0.0,-0.07019911493704027,0.31719471564920054,0.0,0.3921213226777893,0.225,0.0,0.38999999999999996,3.0,129.01471131933576,0.026154369406097125,True,False,False
1.02,0.09313017426467067,0.296902192637622,0.18294033142027352,0.09151140296942507,-0.2973094184083479,0.0,-0.07019911493704027,0.3181040167024206,0.0,0.392207132176222,0.225,0.0,0.38999999999999996,3.0,129.01472335562562,0.02399530902022371,True,False,False
1.025,0.09404396059634278,0.2704682654578591,0.18346551161369198,0.09300976479770637,-0.2973094184083479,0.0,-0.07019911493704027,0.31901600042244577,0.0,0.3922930741839617,0.225,0.0,0.38999999999999996,3.0,129.01473461077438,0.021891979935468313,True,False,False
1.03,0.09496036921659032,0.24362446609701083,0.183967517518266,0.09437260923623109,-0.2973094184083479,0.0,-0.07019911493704027,0.3199305643212385,0.0,0.3923790080710987,0.225,0.0,0.38999999999999996,3.0,129.01474513259328,0.01984330521665422,True,False,False
1.035,0.09587929141550544,0.2164098398455032,0.18444611222954052,0.0955982475099346,-0.2973094184083479,0.0,-0.07019911493704027,0.32084760470294005,0.0,0.3924647910760065,0.225,0.0,0.38999999999999996,3.0,129.01475496598647,0.017851344192016942,True,False,False
1.04,0.09680061708625542,0.18886389319978136,0.18490110440404858,0.0966858439992127,-0.2973094184083479,0.0,-0.07019911493704027,0.3217670168500077,0.0,0.39255027806918663,0.225,0.0,0.38999999999999996,3.0,129.01476415401433,0.015920580795754362,True,False,False
1.045,0.0977242347442113,0.16102596777025593,0.18533234828126646,0.09763694676376036,-0.2973094184083479,0.0,-0.07019911493704027,0.3226886949614049,0.0,0.3926353240937879,0.225,0.0,0.38999999999999996,3.0,129.01477273725777,0.01404913131897859,True,False,False
1.05,0.09865003161258715,0.13293488866920694,0.18573973842584382,0.09845354325232557,-0.28146954725832085,0.0,-0.07520431167649189,0.32361253217637365,0.0,0.3927197858239424,0.225,0.0,0.38999999999999996,3.0,128.94255149926727,0.03713317115757344,True,False,False
1.055,0.09957789180790345,0.10462925033940808,0.1861207057083611,0.09913522017511261,-0.28146954725832085,0.0,-0.07520431167649189,0.32453842069515065,0.0,0.39280345187612176,0.225,0.0,0.38999999999999996,3.0,128.9425527810359,0.034477813406102384,True,False,False
1.06,0.10050769836970909,0.07614701358852789,0.18647780906634656,0.09968680998433194,-0.28146954725832085,0.0,-0.07520431167649189,0.3254662519641217,0.0,0.39288611293230785,0.225,0.0,0.38999999999999996,3.0,128.94255386752434,0.0318994210307572,True,False,False
1.065,0.10143933547370601,0.04752512517318494,0.18681106839549716,0.1001105323654771,-0.28146954725832085,0.0,-0.07520431167649189,0.3263959167965106,0.0,0.3929676317733462,0.225,0.0,0.38999999999999996,3.0,128.94255478463512,0.02939611265845822,True,False,False
1.07,0.10237268670142562,0.01879991466689789,0.18712053990841573,0.10040846508781485,-0.28146954725832085,0.0,-0.07520431167649189,0.3273273055042761,0.0,0.39304787314414474,0.225,0.0,0.38999999999999996,3.0,128.94255555540542,0.026966197054117676,True,False,False
1.075,0.10330763523625813,0.00999285767746257,0.1874063371351686,0.10058251446916192,-0.28146954725832085,0.0,-0.07520431167649189,0.3282603080715653,0.0,0.39312670354737833,0.225,0.0,0.38999999999999996,3.0,128.94255620025208,0.024608200234425195,True,False,False
1.08,0.10424406515834549,0.038817995351631794,0.187669082271941,0.10063476122369619,-0.28146954725832085,0.0,-0.07520431167649189,0.3291948154233625,0.0,0.39320399120298455,0.225,0.0,0.38999999999999996,3.0,128.94255673719826,0.022320881472717467,True,False,False
1.085,0.1051818626843134,0.06764086105349269,0.18790914258991848,0.10056689671933665,-0.28146954725832085,0.0,-0.07520431167649189,0.3301307206391848,0.0,0.3932796060171066,0.225,0.0,0.38999999999999996,3.0,128.94255718208336,0.020103238446286163,True,False,False
1.09,0.10612091443274457,0.09642725042115484,0.18812671835856326,0.1003803375969436,-0.28146954725832085,0.0,-0.07520431167649189,0.3310679172069084,0.0,0.3933534190657173,0.225,0.0,0.38999999999999996,3.0,128.94255754875746,0.017954504124269258,True,False,False
1.095,0.10706110733597292,0.1251433563796955,0.18832204519905324,0.10007645421578339,-0.28146954725832085,0.0,-0.07520431167649189,0.33200629891358957,0.0,0.393425302442155,0.225,0.0,0.38999999999999996,3.0,128.94255784926162,0.015874135993024292,True,False,False
1.1,0.10800232880499196,0.15375576787714595,0.18849539350428865,0.0996566557698905,-0.26540242600944286,0.0,-0.0691003063453208,0.3329457599855512,0.0,0.39349512924558866,0.225,0.0,0.38999999999999996,3.0,129.0172247623468,0.03962960735908235,True,False,False
1.105,0.10894446888891081,0.18223179186574306,0.18864894510249208,0.09912453295830957,-0.26540242600944286,0.0,-0.0691003063453208,0.3338861948920906,0.0,0.39356284484766296,0.225,0.0,0.38999999999999996,3.0,129.01722269697143,0.03675475449320879,True,False,False
1.11,0.1098874184695334,0.21053917419621465,0.1887810040039335,0.09847963534513601,-0.26540242600944286,0.0,-0.0691003063453208,0.33482749874978784,0.0,0.39362839582511355,0.225,0.0,0.38999999999999996,3.0,129.01722104178546,0.03397213391871724,True,False,False
1.115,0.1108310673514725,0.23864589986092363,0.1888919258989547,0.09772406439739251,-0.26540242600944286,0.0,-0.0691003063453208,0.3357695677646534,0.0,0.3936916591796227,0.225,0.0,0.38999999999999996,3.0,129.01721978587983,0.03128165297028092,True,False,False
1.12,0.1117753063598548,0.2665206092045613,0.18898209369459723,0.09686030335726475,-0.26540242600944286,0.0,-0.0691003063453208,0.3367122990127781,0.0,0.3937525139731993,0.225,0.0,0.38999999999999996,3.0,129.0172189165864,0.028683310025437246,True,False,False
1.125,0.11272002745670807,0.29413271486807585,0.1890519143879526,0.09589126770278752,-0.26540242600944286,0.0,-0.0691003063453208,0.3376555905161709,0.0,0.39381084180908243,0.225,0.0,0.38999999999999996,3.0,129.01721841969697,0.026177174540615883,True,False,False
1.1300000000000001,0.11366512384773858,0.321452530763525,0.18910181559230707,0.09482033793482067,-0.26540242600944286,0.0,-0.0691003063453208,0.3385993413074042,0.0,0.3938665273625874,0.225,0.0,0.38999999999999996,3.0,129.01721827967134,0.023763369549053205,True,False,False
1.135,0.11461049007984273,0.34845140777452277,0.18913224182250005,0.09365137381506411,-0.26540242600944286,0.0,-0.0691003063453208,0.3395434514843797,0.0,0.3939194589406296,0.225,0.0,0.38999999999999996,3.0,129.01721847983453,0.021442056971135683,True,False,False
1.1400000000000001,0.11555602212986986,0.37510187088793473,0.18914365065658276,0.09238871027174095,-0.26540242600944286,0.0,-0.0691003063453208,0.3404878222567688,0.0,0.3939695290486336,0.225,0.0,0.38999999999999996,3.0,129.0172190025635,0.01921342584083362,True,False,False
1.145,0.11650161748523397,0.4013777526731114,0.18913650889363778,0.09103713614110484,-0.26540242600944286,0.0,-0.0691003063453208,0.34143235598577815,0.0,0.39401663494442885,0.225,0.0,0.38999999999999996,3.0,129.01721982946287,0.017077683343507483,True,False,False
1.1500000000000001,0.11744717521701609,0.4272543184267002,0.1891112888230038,0.08960185769023742,-0.24952901194906238,0.0,-0.0541016762128762,0.3423769562188893,0.0,0.39406067916061116,0.225,0.0,0.38999999999999996,3.0,129.209673313081,0.04082643190587976,True,False,False
1.155,0.11839260078480679,0.45270891366160537,0.18907087638471828,0.08809214836797977,-0.24952901194906238,0.0,-0.0541016762128762,0.3433215261079451,0.0,0.39410175329310587,0.225,0.0,0.38999999999999996,3.0,129.2096763298302,0.03794433471841817,True,False,False
1.16,0.11933780129110684,0.4777204890104347,0.18901282427007765,0.08651000457940342,-0.24952901194906238,0.0,-0.0541016762128762,0.3442659699560937,0.0,0.3941399550031197,0.225,0.0,0.38999999999999996,3.0,129.20968013821025,0.03518021151690802,True,False,False
1.165,0.12028268078323463,0.5022691726599517,0.1889375834586953,0.08486160046665121,-0.24952901194906238,0.0,-0.0541016762128762,0.3452101949022537,0.0,0.394175205140314,0.225,0.0,0.38999999999999996,3.0,129.2096846878851,0.03253404427886131,True,False,False
1.17,0.12122714505878333,0.5263368890878384,0.18884560001854384,0.08315328940604103,-0.24952901194906238,0.0,-0.0541016762128762,0.34615410938231206,0.0,0.3942074313876833,0.225,0.0,0.38999999999999996,3.0,129.20968992825794,0.030005793877379314,True,False,False
1.175,0.12217110170984505,0.549907399523678,0.18873731322963025,0.08139152850330594,-0.24952901194906238,0.0,-0.0541016762128762,0.3470976231576289,0.0,0.3942365684527637,0.225,0.0,0.38999999999999996,3.0,129.2096958087031,0.02759540174454158,True,False,False
1.18,0.12311446016343072,0.572966321106865,0.1886131541374413,0.07958280553077701,-0.24952901194906238,0.0,-0.0541016762128762,0.3480406473452794,0.0,0.394262558174097,0.225,0.0,0.38999999999999996,3.0,129.20970227878024,0.025302791576426117,True,False,False
1.185,0.12405713171816976,0.5955011257937752,0.18847354450790132,0.07773357096091964,-0.24952901194906238,0.0,-0.0541016762128762,0.34898309445001896,0.0,0.39428534954665323,0.225,0.0,0.38999999999999996,3.0,129.2097092884304,0.023127870629263587,True,False,False
1.19,0.12499902957735627,0.6175011207695272,0.18831889613748276,0.07585017722365965,-0.24952901194906238,0.0,-0.0541016762128762,0.34992487839777103,0.0,0.3943048986727807,0.225,0.0,0.38999999999999996,3.0,129.20971678815494,0.021070530257408248,True,False,False
1.195,0.12594006887829773,0.6389574127033666,0.18814961045868445,0.07393882674495278,-0.24952901194906238,0.0,-0.0541016762128762,0.3508659145701899,0.0,0.39432116864748856,0.225,0.0,0.38999999999999996,3.0,129.20972472917794,0.019130645457110285,True,False,False
1.2,0.12688016671783486,0.6598628584816532,0.18796607837290566,0.07200552974644993,-0.23457792538542227,0.0,-0.03391319801779842,0.3518061198396642,0.0,0.39433412938827295,0.225,0.0,0.38999999999999996,3.0,129.47125229205506,0.04176039902595175,True,False,False
1.205,0.12781924750406137,0.6802125693917294,0.18776829415790774,0.07005999375157358,-0.23457792538542227,0.0,-0.03391319801779842,0.35274540947882715,0.0,0.3943440061684207,0.225,0.0,0.38999999999999996,3.0,129.4712656924686,0.03917049736651471,True,False,False
1.21,0.12875723733613895,0.7000032620588942,0.18755632234651573,0.06810375594150783,-0.23457792538542227,0.0,-0.03391319801779842,0.35368370020713413,0.0,0.3943510306175944,0.225,0.0,0.38999999999999996,3.0,129.47127995228087,0.03672075922484787,True,False,False
1.215,0.12969405879070908,0.7192326400474263,0.18733051644862617,0.066142533049975,-0.23457792538542227,0.0,-0.03391319801779842,0.35462091339910473,0.0,0.3943551917511972,0.225,0.0,0.38999999999999996,3.0,129.47129498776908,0.0344107245103182,True,False,False
1.22,0.1306296374263148,0.7379092362626435,0.18709113430217408,0.06426853607145587,-0.23457792538542227,0.0,-0.03391319801779842,0.3555569718469648,0.0,0.3943565211214128,0.225,0.0,0.38999999999999996,3.0,129.4713107168974,0.03223971941151328,True,False,False
1.225,0.1315639091296235,0.7560729203177525,0.18684087063733196,0.06256903196154216,-0.23457792538542227,0.0,-0.03391319801779842,0.3564918045038778,0.0,0.39435517322064406,0.225,0.0,0.38999999999999996,3.0,129.4713270592913,0.030208576970003315,True,False,False
1.23,0.13249682853221695,0.7737741192617597,0.18658257700129882,0.061032874471776834,-0.23457792538542227,0.0,-0.03391319801779842,0.3574253577617454,0.0,0.39435134378892767,0.225,0.0,0.38999999999999996,3.0,129.47134393690368,0.02831137179816915,True,False,False
1.235,0.13342836095740396,0.7910548965604998,0.18631721165790785,0.05963009384527621,-0.23457792538542227,0.0,-0.03391319801779842,0.3583575898848078,0.0,0.39434519595584466,0.225,0.0,0.38999999999999996,3.0,129.47136127652507,0.02654426296250153,True,False,False
1.24,0.13435846788181846,0.8079436800900777,0.186043134712629,0.05826030590053138,-0.23457792538542227,0.0,-0.03391319801779842,0.35928845712217766,0.0,0.39433683932082947,0.225,0.0,0.38999999999999996,3.0,129.47137900551513,0.02492128991256637,True,False,False
1.245,0.13528709522094473,0.8244286693347219,0.18575838149723226,0.05682802910635249,-0.23457792538542227,0.0,-0.03391319801779842,0.3602179052947838,0.0,0.3943262247990415,0.225,0.0,0.38999999999999996,3.0,129.47139704103185,0.023475706987656296,True,False,False
1.25,0.13621417881372183,0.8405057054879105,0.18546095338395424,0.05541377822652044,-0.22143631287132232,0.0,-0.01606335861959032,0.36114586907544266,0.0,0.39431333323417234,0.225,0.0,0.38999999999999996,3.0,129.7027200019365,0.04360669869520718,True,False,False
1.2550000000000001,0.13713965646583137,0.8561804177029807,0.18514830572575627,0.054018354788543166,-0.22143631287132232,0.0,-0.01606335861959032,0.3620722769629413,0.0,0.394298402466144,0.225,0.0,0.38999999999999996,3.0,129.70274452700946,0.04170369812140697,True,False,False
1.26,0.1380634677382465,0.8714568633254649,0.18482340927545798,0.052632662715124345,-0.22143631287132232,0.0,-0.01606335861959032,0.3629970596557222,0.0,0.39428166442926926,0.225,0.0,0.38999999999999996,3.0,129.70276960034522,0.03996463984335208,True,False,False
1.2650000000000001,0.13898555062454448,0.8863373082254844,0.18448668939100676,0.05125329043703384,-0.22143631287132232,0.0,-0.01606335861959032,0.363920153464878,0.0,0.3942631260481676,0.225,0.0,0.38999999999999996,3.0,129.70279511790147,0.03838349758159673,True,False,False
1.27,0.13990584504657755,0.9008232309720449,0.18413854286138623,0.049878121792437474,-0.22143631287132232,0.0,-0.01606335861959032,0.3648414967051373,0.0,0.39424279123502826,0.225,0.0,0.38999999999999996,3.0,129.70282098139597,0.0369555290081771,True,False,False
1.2750000000000001,0.14082429280481867,0.9149155699742119,0.18377938896055174,0.04850469022702879,-0.22143631287132232,0.0,-0.01606335861959032,0.365761029613143,0.0,0.3942206618231253,0.225,0.0,0.38999999999999996,3.0,129.70284709786696,0.03567559823442135,True,False,False
1.28,0.1417408377958305,0.9286141980250281,0.1834096868077862,0.047129681266916995,-0.22143631287132232,0.0,-0.01606335861959032,0.3666786946226901,0.0,0.39419673552591256,0.225,0.0,0.38999999999999996,3.0,129.7028733806458,0.034536845383856596,True,False,False
1.285,0.1426554256914175,0.9419190089168445,0.18302970693880524,0.04575592292900386,-0.22143631287132232,0.0,-0.01606335861959032,0.36759443591428365,0.0,0.3941710101278707,0.225,0.0,0.38999999999999996,3.0,129.7028997482816,0.033536472026626234,True,False,False
1.29,0.14356800358870672,0.9548309107971481,0.1826396735103566,0.044387384887100936,-0.22143631287132232,0.0,-0.01606335861959032,0.36850819895527565,0.0,0.39414348730659693,0.225,0.0,0.38999999999999996,3.0,129.7029261233154,0.032672198728648544,True,False,False
1.295,0.1444785199031895,0.9673520572988464,0.1822397749105562,0.043028777271323704,-0.22143631287132232,0.0,-0.01606335861959032,0.3694199303756477,0.0,0.3941141735147416,0.225,0.0,0.38999999999999996,3.0,129.70295243211763,0.03194189147362049,True,False,False
1.3,0.1453869242643041,0.9794860451423903,0.1818301638236867,0.04168544499236612,-0.21116133205649235,0.0,-0.0021147437483900536,0.3703295778522947,0.0,0.39408308073742276,0.225,0.0,0.38999999999999996,3.0,129.8837783074429,0.04803333845238589,True,False,False
1.305,0.1462931690790548,0.9912384313215057,0.18140717149072566,0.04036573996843443,-0.21116133205649235,0.0,-0.0021147437483900536,0.37123708690303275,0.0,0.3940503991541279,0.225,0.0,0.38999999999999996,3.0,129.8838097216131,0.046964883146841684,True,False,False
1.31,0.14719720742531953,1.0026165481668317,0.1809743999332876,0.03907361804351257,-0.21116133205649235,0.0,-0.0021147437483900536,0.3721424038160863,0.0,0.39401632581301993,0.225,0.0,0.38999999999999996,3.0,129.88384120015488,0.04603986537209465,True,False,False
1.315,0.14809899144346308,1.0136292205108814,0.1805319096286437,0.03781554341433405,-0.21116133205649235,0.0,-0.0021147437483900536,0.3730454786839053,0.0,0.39398089284260357,0.225,0.0,0.38999999999999996,3.0,129.8838726520721,0.0452559949367359,True,False,False
1.32,0.14899847408007397,1.0242871366686062,0.1800797378061893,0.03659803815617605,-0.21116133205649235,0.0,-0.0021147437483900536,0.37394626226144007,0.0,0.39394413951791674,0.225,0.0,0.38999999999999996,3.0,129.88390399073361,0.04461090848015843,True,False,False
1.325,0.14989560900559828,1.0346028451868035,0.17961790238957323,0.035427544899690785,-0.21116133205649235,0.0,-0.0021147437483900536,0.37484470590016716,0.0,0.3939061122425765,0.225,0.0,0.38999999999999996,3.0,129.88393513384645,0.04410214694601506,True,False,False
1.33,0.15079035053894424,1.0445907135978898,0.17914640611330893,0.034310299784836906,-0.21116133205649235,0.0,-0.0021147437483900536,0.37574076149308167,0.0,0.3938668643813239,0.225,0.0,0.38999999999999996,3.0,129.88396600342614,0.04372713864082146,True,False,False
1.335,0.15168265357902813,1.054266852677973,0.17866524063125974,0.0332522192162463,-0.21116133205649235,0.0,-0.0021147437483900536,0.3766343814297685,0.0,0.3938264559564858,0.225,0.0,0.38999999999999996,3.0,129.88399652575993,0.04348318706822027,True,False,False
1.34,0.15257247354297837,1.063649010559589,0.17817439044646868,0.03225880300123329,-0.21116133205649235,0.0,-0.0021147437483900536,0.37752551856035577,0.0,0.3937849532252597,0.225,0.0,0.38999999999999996,3.0,129.88402663136506,0.04336746304890778,True,False,False
1.345,0.15345976631041872,1.0727564416574091,0.1776738365106004,0.0313350555503655,-0.21116133205649235,0.0,-0.0021147437483900536,0.3784141261668338,0.0,0.39374242815764515,0.225,0.0,0.38999999999999996,3.0,129.88405625493618,0.04337700079080508,True,False,False
1.35,0.15434448817304797,1.0816097557067386,0.17716355936631972,0.03048542597146857,-0.20403850843211163,0.0,0.008547531361243851,0.3793001579400539,0.0,0.39369895783627884,0.225,0.0,0.38999999999999996,3.0,130.02259601747477,0.05508350511042909,True,False,False
1.355,0.15522659626071814,1.090231092470918,0.17663981489176384,0.02971617674480293,-0.20403850843211163,0.0,0.008547531361243851,0.38018356532078723,0.0,0.3936547559449248,0.225,0.0,0.38999999999999996,3.0,130.02262817384127,0.0549192845892869,True,False,False
1.36,0.15610604776224443,1.0986436500162085,0.1761062109162373,0.029028364416492224,-0.20403850843211163,0.0,0.008547531361243851,0.38106430007588366,0.0,0.39361004013449724,0.225,0.0,0.38999999999999996,3.0,130.0226598702231,0.0548814426964878,True,False,False
1.365,0.15698279954183067,1.1068711489509342,0.17556275351672693,0.028424609490280264,-0.20403850843211163,0.0,0.008547531361243851,0.38194231694000813,0.0,0.39356489908589654,0.225,0.0,0.38999999999999996,3.0,130.0226910365016,0.05496636430888875,True,False,False
1.37,0.1578568087055551,1.1149379697765567,0.17500945613842514,0.027906901696930463,-0.20403850843211163,0.0,0.008547531361243851,0.38281757098162317,0.0,0.39351942383957206,0.225,0.0,0.38999999999999996,3.0,130.02272160718155,0.05517032605887301,True,False,False
1.375,0.15872803256438248,1.1228689754646224,0.17444633944368476,0.027476624661424462,-0.20403850843211163,0.0,0.008547531361243851,0.3836900175838077,0.0,0.3934737070991171,0.225,0.0,0.38999999999999996,3.0,130.02275152128948,0.05548950758318587,True,False,False
1.3800000000000001,0.15959642859616366,1.1306893426921252,0.17387343061157115,0.02713459155941675,-0.20403850843211163,0.0,0.008547531361243851,0.38455961242104697,0.0,0.3934278425715957,0.225,0.0,0.38999999999999996,3.0,130.02278072225917,0.055920005092338104,True,False,False
1.385,0.16046195440571845,1.138424404568198,0.17329076217413666,0.026881089204694675,-0.20403850843211163,0.0,0.008547531361243851,0.38542631143099687,0.0,0.39338192435569863,0.225,0.0,0.38999999999999996,3.0,130.02280915780338,0.05645784647747104,True,False,False
1.3900000000000001,0.1613245676823218,1.1460995068773578,0.17269837049059766,0.02671592792623511,-0.20403850843211163,0.0,0.008547531361243851,0.3862900707805724,0.0,0.3933360463854641,0.225,0.0,0.38999999999999996,3.0,130.02283677977312,0.05709900728992617,True,False,False
1.395,0.16218422615409975,1.1537398791305231,0.17209629396851686,0.026638494631024884,-0.20403850843211163,0.0,0.008547531361243851,0.38715084682598633,0.0,0.3932903019344266,0.225,0.0,0.38999999999999996,3.0,130.0228635440079,0.057839427020863914,True,False,False
1.4000000000000001,0.16304088753906312,1.1613705209797247,0.171484571142376,0.02664780659005217,-0.20023612624249676,0.0,0.01229416897040081,0.3880085960666709,0.0,0.3932447831820275,0.225,0.0,0.38999999999999996,3.0,130.07110336386026,0.06478147160042286,True,False,False
1.405,0.16389450939163694,1.1690162624763736,0.1708618634983068,0.02674368685030558,-0.20023612624249676,0.0,0.01229416897040081,0.3888632740896113,0.0,0.3931996270655023,0.225,0.0,0.38999999999999996,3.0,130.07112989305728,0.06548947280180875,True,False,False
1.41,0.16474504906323478,1.176701540848694,0.1702295866314899,0.02692354703264102,-0.20023612624249676,0.0,0.01229416897040081,0.38971483649786853,0.0,0.39315496883155365,0.225,0.0,0.38999999999999996,3.0,130.07115553735215,0.06629017468771166,True,False,False
1.415,0.165592463787973,1.1844501629938502,0.16958777322541965,0.02718559511053919,-0.20023612624249676,0.0,0.01229416897040081,0.39056323985868596,0.0,0.39311089550875056,0.225,0.0,0.38999999999999996,3.0,130.0711802576029,0.06717945584301821,True,False,False
1.42,0.16643671056438694,1.1922853936559255,0.16893644909317765,0.027527844134682254,-0.20023612624249676,0.0,0.01229416897040081,0.391408440642722,0.0,0.3930674918665218,0.225,0.0,0.38999999999999996,3.0,130.07120401827342,0.0681532298689704,True,False,False
1.425,0.16727774609363258,1.2002299042812048,0.16827563183429592,0.02794814370105328,-0.20023612624249676,0.0,0.01229416897040081,0.3922503951556805,0.0,0.39302484023289463,0.225,0.0,0.38999999999999996,3.0,130.0712267872468,0.06920745448714205,True,False,False
1.43,0.16811552671661417,1.2083057298137847,0.16760532978081472,0.028444203969372583,-0.20023612624249676,0.0,0.01229416897040081,0.3930890594679792,0.0,0.39298302034434507,0.225,0.0,0.38999999999999996,3.0,130.07124853563806,0.07033813947527559,True,False,False
1.435,0.16895000835086843,1.2165342312919143,0.16692554124515985,0.029013612172228365,-0.20023612624249676,0.0,0.01229416897040081,0.3939243893435775,0.0,0.39294210921924433,0.225,0.0,0.38999999999999996,3.0,130.07126923760939,0.07154135323813994,True,False,False
1.44,0.16978114642808292,1.2249360621260932,0.166236254067085,0.029653841874400233,-0.20023612624249676,0.0,0.01229416897040081,0.39475634016909905,0.0,0.39290218104660335,0.225,0.0,0.38999999999999996,3.0,130.07128887018737,0.07281322793760925,True,False,False
1.445,0.17060889585425887,1.2335310871251672,0.16553748112917216,0.030361336920675185,-0.20023612624249676,0.0,0.01229416897040081,0.3955848669086814,0.0,0.392863306891832,0.225,0.0,0.38999999999999996,3.0,130.07130741317292,0.07414920048849638,True,False,False
1.45,0.17143321127362665,1.2423376306091756,0.1648293196399347,0.031130085009056813,-0.19950785426747414,0.0,0.009069228686388753,0.3964099244053019,0.0,0.39282555179683454,0.225,0.0,0.38999999999999996,3.0,130.02838167266955,0.0765852120472417,True,False,False
1.455,0.1722540470546442,1.2513729555386486,0.16411274445598248,0.03195852670764518,-0.19950785426747414,0.0,0.009069228686388753,0.3972314679771721,0.0,0.3927889362007602,0.225,0.0,0.38999999999999996,3.0,130.02839816345352,0.0779940350259072,True,False,False
1.46,0.17307135660643666,1.2606542832655372,0.1633864638678694,0.032847337736738924,-0.19950785426747414,0.0,0.009069228686388753,0.3980494519588258,0.0,0.39275348040530733,0.225,0.0,0.38999999999999996,3.0,130.02841353627,0.07945583611831811,True,False,False
1.465,0.17388509206731187,1.2701987206722445,0.16265034982074855,0.033795074655625125,-0.19950785426747414,0.0,0.009069228686388753,0.3988638287599534,0.0,0.39271924478249476,0.225,0.0,0.38999999999999996,3.0,130.02842777949857,0.08096792435920078,True,False,False
1.47,0.174695204595886,1.2800228535402842,0.16190428626298922,0.03479956522549296,-0.19950785426747414,0.0,0.009069228686388753,0.3996745498548113,0.0,0.39268628773915026,0.225,0.0,0.38999999999999996,3.0,130.02844088306082,0.08252739257152562,True,False,False
1.475,0.1755016443820507,1.2901425548796517,0.16114816504080023,0.03585802150177686,-0.19950785426747414,0.0,0.009069228686388753,0.40048156579706573,0.0,0.3926546649908952,0.225,0.0,0.38999999999999996,3.0,130.0284528384515,0.08413118527649457,True,False,False
1.48,0.17630436063843574,1.3005728553365135,0.1603818376392281,0.03696835098413452,-0.19950785426747414,0.0,0.009069228686388753,0.40128482621071193,0.0,0.3926244290782387,0.225,0.0,0.38999999999999996,3.0,130.02846363874173,0.0857760478282368,True,False,False
1.485,0.17710329930492177,1.311332971347792,0.15960365313094452,0.03816886969386153,-0.19950785426747414,0.0,0.009069228686388753,0.40208427719515794,0.0,0.39259564923615836,0.225,0.0,0.38999999999999996,3.0,130.02847327960887,0.08745457528541778,True,False,False
1.49,0.1778984008149909,1.3224508218207605,0.1588132650103111,0.03946208992355191,-0.19950785426747414,0.0,0.009069228686388753,0.4028798588477943,0.0,0.39256842925149393,0.225,0.0,0.38999999999999996,3.0,130.02848176075275,0.08916140283566702,True,False,False
1.495,0.17868960566890987,1.3339499869304312,0.15801113201764033,0.04082794977612747,-0.19950785426747414,0.0,0.009069228686388753,0.4036715115998389,0.0,0.3925428560201361,0.225,0.0,0.38999999999999996,3.0,130.02848908345547,0.0908938464420335,True,False,False
1.5,0.17947685480684644,1.345848855880295,0.1571975518472138,0.042250046128394586,-0.201264740597222,0.0,0.0009756637403800852,0.4044591766099164,0.0,0.39251899619861996,0.225,0.0,0.38999999999999996,3.0,129.9220007235011,0.08962236413762527,True,False,False
1.5050000000000001,0.18026009047382868,1.3581608961085454,0.15637489783880076,0.04371026147292247,-0.201264740597222,0.0,0.0009756637403800852,0.40524279797943463,0.0,0.3924967967834042,0.225,0.0,0.38999999999999996,3.0,129.9220055521999,0.09150439440364617,True,False,False
1.51,0.18103925219652212,1.3708871646975587,0.15553991952468663,0.0450871741247591,-0.201264740597222,0.0,0.0009756637403800852,0.40602231764325514,0.0,0.3924761564854384,0.225,0.0,0.38999999999999996,3.0,129.9220092050958,0.09340215949796016,True,False,False
1.5150000000000001,0.18181425824278094,1.3839657728070498,0.15469009598546787,0.04617681818594007,-0.201264740597222,0.0,0.0009756637403800852,0.4067976580976908,0.0,0.3924568293729425,0.225,0.0,0.38999999999999996,3.0,129.92201168975276,0.09531006132879964,True,False,False
1.52,0.18258502094941892,1.3973247459564226,0.15382603327011138,0.047062755292224444,-0.201264740597222,0.0,0.0009756637403800852,0.4075687362164248,0.0,0.39243853058977113,0.225,0.0,0.38999999999999996,3.0,129.9220130163086,0.09722404445896878,True,False,False
1.5250000000000001,0.1833514711706408,1.4109213058107903,0.15295142032939313,0.04784601094586855,-0.201264740597222,0.0,0.0009756637403800852,0.40833548568103173,0.0,0.3924210887093485,0.225,0.0,0.38999999999999996,3.0,129.92201319362908,0.09914781340744058,True,False,False
1.53,0.18411355235953397,1.4247325678521696,0.15206601417580645,0.048569639358689166,-0.201264740597222,0.0,0.0009756637403800852,0.4090978516350275,0.0,0.3924044096602411,0.225,0.0,0.38999999999999996,3.0,129.92201222904689,0.10108062924090278,True,False,False
1.5350000000000001,0.18487120551867078,1.438749284367403,0.15116898072834767,0.049285664807540805,-0.201264740597222,0.0,0.0009756637403800852,0.409855776005837,0.0,0.39238845288972346,0.225,0.0,0.38999999999999996,3.0,129.92201012930877,0.10302188771191768,True,False,False
1.54,0.18562437123392295,1.4529712372343806,0.15026022350536242,0.050002369676227024,-0.201264740597222,0.0,0.0009756637403800852,0.4106091998107004,0.0,0.3923732133533985,0.225,0.0,0.38999999999999996,3.0,129.9220069006331,0.10497119532589545,True,False,False
1.545,0.18637298950593922,1.467398492454781,0.1493395948621261,0.050718720510824676,-0.201264740597222,0.0,0.0009756637403800852,0.4113580634468258,0.0,0.3923586872895286,0.225,0.0,0.38999999999999996,3.0,129.92200254941505,0.10692590031351179,True,False,False
1.55,0.18711699962448017,1.48203072955158,0.1484069650845713,0.05143310287445816,-0.20476537771617212,0.0,-0.004643261948472983,0.4121023065999534,0.0,0.39234486960079834,0.225,0.0,0.38999999999999996,3.0,129.84887598813432,0.10318302596156305,True,False,False
1.555,0.18785634134039714,1.4968667296079858,0.1474635056326416,0.05214086259878377,-0.20476537771617212,0.0,-0.004643261948472983,0.412841870299786,0.0,0.39233168267098817,0.225,0.0,0.38999999999999996,3.0,129.84886974030098,0.10534308417072272,True,False,False
1.56,0.18859095388733182,1.5119046022569662,0.14650779894557692,0.05284198119374352,-0.20476537771617212,0.0,-0.004643261948472983,0.4135766950390945,0.0,0.39231904641309134,0.225,0.0,0.38999999999999996,3.0,129.84886234584727,0.10749528541042477,True,False,False
1.565,0.18932077487511037,1.5271421117320685,0.1455397235788941,0.05353462802828732,-0.20476537771617212,0.0,-0.004643261948472983,0.41430671881089165,0.0,0.3923069487133923,0.225,0.0,0.38999999999999996,3.0,129.8488538171849,0.10963682595893233,True,False,False
1.57,0.19004574114739345,1.5425767831466441,0.1445591294541597,0.054217750244554413,-0.20476537771617212,0.0,-0.004643261948472983,0.41503187883651216,0.0,0.39229537668526115,0.225,0.0,0.38999999999999996,3.0,129.84884416759013,0.11176466624276717,True,False,False
1.575,0.1907657891067442,1.5582051942134105,0.14356600074766926,0.05488627242351069,-0.20476537771617212,0.0,-0.004643261948472983,0.41575211192473743,0.0,0.39228431385129914,0.225,0.0,0.38999999999999996,3.0,129.84883341085978,0.11387690040040489,True,False,False
1.58,0.19148085503254042,1.5740223603960444,0.14256034617241628,0.05553454509371402,-0.20476537771617212,0.0,-0.004643261948472983,0.41646735481759595,0.0,0.3922737377037766,0.225,0.0,0.38999999999999996,3.0,129.84882156101307,0.1159717924972642,True,False,False
1.585,0.19219087517157618,1.5900216442955262,0.14154218897519275,0.05615671001660826,-0.20476537771617212,0.0,-0.004643261948472983,0.4171775442830957,0.0,0.3922636193441396,0.225,0.0,0.38999999999999996,3.0,129.84880863227707,0.11804769919934983,True,False,False
1.59,0.19289578581101374,1.6061947221923514,0.1405115630804683,0.056746881587867254,-0.20476537771617212,0.0,-0.004643261948472983,0.41788261718772646,0.0,0.39225392334862264,0.225,0.0,0.38999999999999996,3.0,129.84879463909087,0.12010304599490586,True,False,False
1.595,0.19359552333597488,1.6225316000422245,0.13946850986630208,0.057299309677008775,-0.20476537771617212,0.0,-0.004643261948472983,0.41858251055152185,0.0,0.3922446078276434,0.225,0.0,0.38999999999999996,3.0,129.84877959612163,0.12213630867295716,True,False,False
1.6,0.19429002427327452,1.6390206728370063,0.1384130756770459,0.05780851882574451,-0.20936881707861627,0.0,-0.007229575145737872,0.41927716158755823,0.0,0.39223562465351347,0.225,0.0,0.38999999999999996,3.0,129.8161811900746,0.1168019695438923,True,False,False
1.605,0.1949792259381359,1.655648656224741,0.1373458602099326,0.058268283784015884,-0.20936881707861627,0.0,-0.007229575145737872,0.41996650870501523,0.0,0.3922268881453459,0.225,0.0,0.38999999999999996,3.0,129.81616534245902,0.11905004227442575,True,False,False
1.61,0.19566306586204574,1.672400881885982,0.13626636459837213,0.058675164959561724,-0.20936881707861627,0.0,-0.007229575145737872,0.42065049055756265,0.0,0.3922183072646367,0.225,0.0,0.38999999999999996,3.0,129.8161484253345,0.12126477593818785,True,False,False
1.615,0.1963414811847592,1.6892615999872749,0.1351746469833033,0.05902506613845543,-0.20936881707861627,0.0,-0.007229575145737872,0.421329045072223,0.0,0.39220981783280195,0.225,0.0,0.38999999999999996,3.0,129.81613045600727,0.12344485303797156,True,False,False
1.62,0.19701440927170094,1.7062139665277611,0.134070768423431,0.059314448243784366,-0.20936881707861627,0.0,-0.007229575145737872,0.4220021104267956,0.0,0.3922013514180887,0.225,0.0,0.38999999999999996,3.0,129.81611145195208,0.12558900736306555,True,False,False
1.625,0.1976817877244559,1.7232402047751367,0.1329547937022318,0.05954033844951792,-0.20936881707861627,0.0,-0.007229575145737872,0.42266962505255185,0.0,0.3921928359538319,0.225,0.0,0.38999999999999996,3.0,129.81609143085214,0.12769603566302595,True,False,False
1.6300000000000001,0.19834355439165258,1.7403217663838257,0.13182679253721183,0.05970031948783903,-0.20936881707861627,0.0,-0.007229575145737872,0.4233315276374261,0.0,0.39218419635548823,0.225,0.0,0.38999999999999996,3.0,129.81607041063072,0.12976481137746732,True,False,False
1.635,0.19899964738214626,1.7574394870639316,0.130686841082715,0.059792502981271596,-0.20936881707861627,0.0,-0.007229575145737872,0.4239877571317741,0.0,0.39217535511690216,0.225,0.0,0.38999999999999996,3.0,129.81604840947352,0.13179429926799688,True,False,False
1.6400000000000001,0.19965000508201244,1.7745737328023317,0.12953502362242234,0.059815490804858845,-0.20936881707861627,0.0,-0.007229575145737872,0.42463825275832834,0.0,0.3921662328705393,0.225,0.0,0.38999999999999996,3.0,129.81602544584007,0.13378356985192918,True,False,False
1.645,0.20029456617647098,1.7917045337711957,0.12837143435682527,0.05976832841152658,-0.20936881707861627,0.0,-0.007229575145737872,0.4252829540275474,0.0,0.39215674890055596,0.225,0.0,0.38999999999999996,3.0,129.81600153846517,0.13573181265008116,True,False,False
1.6500000000000001,0.20093326967744096,1.8088117041552156,0.12719617920283735,0.05965045377822103,-0.21433592864351603,0.0,-0.005757514642925631,0.4259218007590939,0.0,0.3921468216018518,0.225,0.0,0.38999999999999996,3.0,129.83725543383974,0.1298569276387825,True,False,False
1.655,0.20156605449944334,1.8258750330544953,0.1260089725453326,0.05946224924900822,-0.21433592864351603,0.0,-0.005757514642925631,0.4265547324396807,0.0,0.3921363889255708,0.225,0.0,0.38999999999999996,3.0,129.83723178885316,0.13200273906566964,True,False,False
1.6600000000000001,0.20219285993877914,1.8428742931516735,0.12481033147233411,0.05920319961367583,-0.21433592864351603,0.0,-0.005757514642925631,0.42718168891627717,0.0,0.39212538871373837,0.225,0.0,0.38999999999999996,3.0,129.83720717737643,0.1340985307898836,True,False,False
1.665,0.20281362618487567,1.8597892261912403,0.1236004034422052,0.058873601972140706,-0.21433592864351603,0.0,-0.005757514642925631,0.42780261111237416,0.0,0.3921137389293905,0.225,0.0,0.38999999999999996,3.0,129.8371816190027,0.1361441240034293,True,False,False
1.67,0.2034282939223454,1.8765996882995928,0.12237935375327494,0.058473951631851276,-0.21433592864351603,0.0,-0.005757514642925631,0.4284174404103198,0.0,0.3921013579110052,0.225,0.0,0.38999999999999996,3.0,129.8371551333994,0.13813949358113775,True,False,False
1.675,0.20403680438563881,1.8932857017686946,0.12114736658074263,0.05800490820210498,-0.21433592864351603,0.0,-0.005757514642925631,0.42902611870207635,0.0,0.3920881645695904,0.225,0.0,0.38999999999999996,3.0,129.8371277402889,0.14008476299217465,True,False,False
1.68,0.20463909941699895,1.909827498020218,0.11990464579934063,0.05746726798883997,-0.21433592864351603,0.0,-0.005757514642925631,0.42962858844345,0.0,0.3920740785524067,0.225,0.0,0.38999999999999996,3.0,129.83709945942704,0.1419801962424112,True,False,False
1.685,0.2052351215268423,1.926205553544208,0.11865141559782012,0.056861942473829946,-0.21433592864351603,0.0,-0.005757514642925631,0.43022479271084807,0.0,0.39205902038046425,0.225,0.0,0.38999999999999996,3.0,129.83707031058043,0.14382618732194866,True,False,False
1.69,0.2058248139557319,1.9424006204807323,0.11738792089852196,0.056189942330716586,-0.21433592864351603,0.0,-0.005757514642925631,0.4308146752596695,0.0,0.3920429115664777,0.225,0.0,0.38999999999999996,3.0,129.83704031350314,0.14562324771296442,True,False,False
1.695,0.20640812073717413,1.9583937533255258,0.1161144276007201,0.055452366201093756,-0.21433592864351603,0.0,-0.005757514642925631,0.43139818058351254,0.0,0.3920256747190998,0.225,0.0,0.38999999999999996,3.0,129.83700948791517,0.14737199255531325,True,False,False
1.7,0.2069849867605573,1.9741663329943047,0.11483122267008844,0.05465039332383091,-0.2190119183604044,0.0,0.0013043968368024635,0.4319752539734867,0.0,0.39200723363831175,0.225,0.0,0.38999999999999996,3.0,129.9321558205119,0.14194978576038939,True,False,False
1.705,0.2075553554319719,1.9897004208828721,0.11353600800212103,0.053787594026942456,-0.2190119183604044,0.0,0.0013043968368024635,0.432545838306558,0.0,0.39198760411557854,0.225,0.0,0.38999999999999996,3.0,129.93212586074887,0.14386523744438595,True,False,False
1.71,0.20811917105775757,2.0049784476628782,0.1122315103124675,0.05286297475530441,-0.2190119183604044,0.0,0.0013043968368024635,0.4331098773399255,0.0,0.3919668033275617,0.225,0.0,0.38999999999999996,3.0,129.93209504131787,0.14572782905416912,True,False,False
1.715,0.2086763813413559,2.0199829002260565,0.11091805795381325,0.05187792209109516,-0.2190119183604044,0.0,0.0013043968368024635,0.4336673190544346,0.0,0.3919447592030325,0.225,0.0,0.38999999999999996,3.0,129.9320633809945,0.14753850734386,True,False,False
1.72,0.2092269350794969,2.034696672388067,0.10959599920218518,0.050833890583535116,-0.2190119183604044,0.0,0.0013043968368024635,0.4342181124573137,0.0,0.39192140119674557,0.225,0.0,0.38999999999999996,3.0,129.93203089848944,0.14929826208299782,True,False,False
1.725,0.20977078221951062,2.0491030845781992,0.10826570184595612,0.04973240424229383,-0.2190119183604044,0.0,0.0013043968368024635,0.4347622076361965,0.0,0.3918966603740628,0.225,0.0,0.38999999999999996,3.0,129.93199761245242,0.1510081144176136,True,False,False
1.73,0.21030787391467842,2.0631859039127707,0.10692755273837319,0.04857505766459473,-0.2190119183604044,0.0,0.0013043968368024635,0.43529955581115415,0.0,0.3918704694981572,0.225,0.0,0.38999999999999996,3.0,129.93196354147665,0.15266910679231321,True,False,False
1.735,0.21083816257753363,2.076929364501275,0.1055819573274425,0.04736351648033696,-0.2190119183604044,0.0,0.0013043968368024635,0.4358301093846829,0.0,0.39184276311910565,0.225,0.0,0.38999999999999996,3.0,129.93192870410346,0.15428229457582537,True,False,False
1.74,0.21136160193110015,2.090318187759409,0.1042293391720296,0.046099516981248895,-0.2190119183604044,0.0,0.0013043968368024635,0.43635382198967543,0.0,0.39181347766389213,0.225,0.0,0.38999999999999996,3.0,129.93189311882742,0.15584873944069788,True,False,False
1.745,0.21187814705807687,2.1033376025060915,0.10287013944794782,0.04478486495900037,-0.2190119183604044,0.0,0.0013043968368024635,0.43687064853542146,0.0,0.3917825515263137,0.225,0.0,0.38999999999999996,3.0,129.9318568041005,0.15736950446300668,True,False,False
1.75,0.21238775444797217,2.1159733646273833,0.10150481644286187,0.04342143390469416,-0.22296915723133895,0.0,0.012947514016448967,0.4373805452516803,0.0,0.3917499251558558,0.225,0.0,0.38999999999999996,3.0,130.087388369697,0.1530278783815225,True,False,False
1.7550000000000001,0.21289037756680204,2.1282122271844535,0.10012742128802188,0.042014309899908855,-0.22296915723133895,0.0,0.012947514016448967,0.43788346406115053,0.0,0.3917156893251298,0.225,0.0,0.38999999999999996,3.0,130.08735297579057,0.1546772955781432,True,False,False
1.76,0.21338597122240585,2.1400415056234365,0.0987443348611689,0.04056233423280711,-0.22296915723133895,0.0,0.012947514016448967,0.43837935824737573,0.0,0.39167993704272047,0.225,0.0,0.38999999999999996,3.0,130.08731681839376,0.15627847740614945,True,False,False
1.7650000000000001,0.21387449614736084,2.1514486432188518,0.09735602224904374,0.03906755687574158,-0.22296915723133895,0.0,0.012947514016448967,0.438868188183225,0.0,0.3916426154486445,0.225,0.0,0.38999999999999996,3.0,130.0872799152881,0.15783251963387038,True,False,False
1.77,0.21435591463625794,2.1624216783979144,0.09596296242317705,0.03753208297430677,-0.22296915723133895,0.0,0.012947514016448967,0.43934991571975474,0.0,0.39160367405688945,0.225,0.0,0.38999999999999996,3.0,130.08724228429065,0.1593405236262243,True,False,False
1.7750000000000001,0.21483019058189984,2.1729492607263827,0.09456564742617507,0.03595807423777328,-0.22296915723133895,0.0,0.012947514016448967,0.4398245042209794,0.0,0.3915630648309696,0.225,0.0,0.38999999999999996,3.0,130.0872039432494,0.16080359722021953,True,False,False
1.78,0.21529728950868063,2.183020667418609,0.09316458145979095,0.034347751222617316,-0.22296915723133895,0.0,0.012947514016448967,0.4402919185960291,0.0,0.3915207422613364,0.225,0.0,0.38999999999999996,3.0,130.0871649100338,0.16222285572806672,True,False,False
1.7850000000000001,0.21575717860288052,2.19262582062202,0.09176027986721336,0.03270339642729207,-0.22296915723133895,0.0,0.012947514016448967,0.4407521253284519,0.0,0.3914766634454934,0.225,0.0,0.38999999999999996,3.0,130.08712520252283,0.16359942289657875,True,False,False
1.79,0.2162098267396713,2.2017553056852774,0.09035326800474626,0.03102735805032842,-0.22296915723133895,0.0,0.012947514016448967,0.4412050925024825,0.0,0.39143078817148413,0.225,0.0,0.38999999999999996,3.0,130.08708483858965,0.16493443167536775,True,False,False
1.795,0.21665520450663922,2.210400390578025,0.08894408000145843,0.029322054203197365,-0.22296915723133895,0.0,0.012947514016448967,0.4416507898261137,0.0,0.39138307900525177,0.225,0.0,0.38999999999999996,3.0,130.08704383608355,0.16622902467195233,True,False,False
1.8,0.21709328422365626,2.2185530465465138,0.08753325740932591,0.02758997731828031,-0.22600022195262534,0.0,0.027364837492432313,0.44208918865083335,0.0,0.39133350138210937,0.225,0.0,0.38999999999999996,3.0,130.27895958393154,0.16323620387696325,True,False,False
1.805,0.2175240337535579,2.2262064523963967,0.08610958646008944,0.02583706765182981,-0.22600022195262534,0.0,0.027364837492432313,0.4425202547056274,0.0,0.391282206386657,0.225,0.0,0.38999999999999996,3.0,130.2789191870202,0.16461534402487582,True,False,False
1.81,0.21794742247050594,2.233354599544757,0.08468442352066577,0.02406342031226807,-0.22600022195262534,0.0,0.027364837492432313,0.4429439553279058,0.0,0.39122934843107643,0.225,0.0,0.38999999999999996,3.0,130.27887812635797,0.16595379107487745,True,False,False
1.815,0.21836342966887412,2.23998794505369,0.08326068436532222,0.022232605328142842,-0.22600022195262534,0.0,0.027364837492432313,0.4433602689511702,0.0,0.3911748873673475,0.225,0.0,0.38999999999999996,3.0,130.27883641689496,0.1672619632605561,True,False,False
1.82,0.21877204287332144,2.2460860405606367,0.0818402060044969,0.020329544600163285,-0.22600022195262534,0.0,0.027364837492432313,0.4437691823887209,0.0,0.39111874033492233,0.225,0.0,0.38999999999999996,3.0,130.27879406924782,0.16854388717387417,True,False,False
1.825,0.21917325191717468,2.251635046113891,0.08042149813143408,0.018435811493143155,-0.22600022195262534,0.0,0.027364837492432313,0.44417068451800457,0.0,0.39106085053547934,0.225,0.0,0.38999999999999996,3.0,130.27875109395688,0.1697993938567509,True,False,False
1.83,0.2195670562450186,2.256666536589648,0.07900115883088327,0.016717320269119634,-0.22600022195262534,0.0,0.027364837492432313,0.44456477292016194,0.0,0.39100133941342613,0.225,0.0,0.38999999999999996,3.0,130.27870750157044,0.17103039460602554,True,False,False
1.835,0.219953461101967,2.2612265560440616,0.07758015411900256,0.015137732850753614,-0.22600022195262534,0.0,0.027364837492432313,0.44495145083908655,0.0,0.3909403853015701,0.225,0.0,0.38999999999999996,3.0,130.27866330165247,0.17223938226100222,True,False,False
1.84,0.22033247156509356,2.2653496529376858,0.07615910116335757,0.0136587572675975,-0.22600022195262534,0.0,0.027364837492432313,0.4453307217081705,0.0,0.39087812159720575,0.225,0.0,0.38999999999999996,3.0,130.27861850301457,0.17342717927744083,True,False,False
1.845,0.22070408336861852,2.26905613163785,0.07473717263531642,0.01222209954366887,-0.22600022195262534,0.0,0.027364837492432313,0.4457025799578581,0.0,0.39081462600460115,0.225,0.0,0.38999999999999996,3.0,130.2785731162944,0.17458807005710525,True,False,False
1.85,0.221068283800825,2.2723546059966404,0.07331505552077844,0.010808868667354775,-0.22811553536227727,0.0,0.0412019392927931,0.44606701180135727,0.0,0.390749930570565,0.225,0.0,0.38999999999999996,3.0,130.46247056577818,0.17289990790340062,True,False,False
1.855,0.22142505533184575,2.275251307625377,0.07187778798329529,0.009416543384606183,-0.22811553536227727,0.0,0.0412019392927931,0.4464239981483562,0.0,0.3906842314723162,0.225,0.0,0.38999999999999996,3.0,130.4624252996534,0.17411137833709533,True,False,False
1.86,0.22177438223119025,2.2777512752444107,0.07044082185025345,0.008038911034975203,-0.22811553536227727,0.0,0.0412019392927931,0.4467735219442762,0.0,0.39061772037178416,0.225,0.0,0.38999999999999996,3.0,130.46237942952772,0.17529027356317228,True,False,False
1.865,0.22211625711626418,2.279858609242663,0.06900464682667345,0.006675488416588257,-0.22811553536227727,0.0,0.0412019392927931,0.44711557514469624,0.0,0.3905504120994017,0.225,0.0,0.38999999999999996,3.0,130.46233297129444,0.17643684280357652,True,False,False
1.87,0.22245067438704202,2.2815774710995194,0.06756968882190412,0.005327066751021061,-0.22811553536227727,0.0,0.0412019392927931,0.4474501514966154,0.0,0.3904823218662461,0.225,0.0,0.38999999999999996,3.0,130.46228594115516,0.17755153750066827,True,False,False
1.875,0.22277763015559826,2.2829123615399864,0.06613633223048251,0.0039951513286578325,-0.22811553536227727,0.0,0.0412019392927931,0.44777724646678774,0.0,0.39041346634764384,0.225,0.0,0.38999999999999996,3.0,130.4622383555112,0.1786349448006485,True,False,False
1.8800000000000001,0.2230971222215543,2.2838679478076838,0.06470523333977489,0.0026761126661779353,-0.22811553536227727,0.0,0.0412019392927931,0.44809685722075465,0.0,0.390343862997942,0.225,0.0,0.38999999999999996,3.0,130.4621902308623,0.17968792249506532,True,False,False
1.885,0.22340915047378893,2.2844447301964705,0.06327809692631968,0.0013484096836211875,-0.22811553536227727,0.0,0.0412019392927931,0.44840898304686927,0.0,0.39027351304125474,0.225,0.0,0.38999999999999996,3.0,130.46214158353555,0.18071116487040528,True,False,False
1.8900000000000001,0.22371371716056146,2.284639214653003,0.0618558668927107,7.2816324652724695e-06,-0.22811553536227727,0.0,0.0412019392927931,0.448713625600148,0.0,0.3902024021553608,0.225,0.0,0.38999999999999996,3.0,130.46209243107236,0.18170219070664134,True,False,False
1.895,0.2240108262539723,2.2844478643065598,0.06043898192180713,0.0013446485081879365,-0.22811553536227727,0.0,0.0412019392927931,0.4490107882325657,0.0,0.3901305159453335,0.225,0.0,0.38999999999999996,3.0,130.46204279213833,0.18266149749601357,True,False,False
1.9000000000000001,0.2243004829310039,2.2838681180451195,0.05902778405200532,0.002703532604951372,-0.22933793878339143,0.0,0.05080004090754542,0.44930047547244323,0.0,0.39005784390609866,0.225,0.0,0.38999999999999996,3.0,130.58949738692434,0.18202240626687793,True,False,False
1.905,0.22458268846560484,2.2828989273766247,0.057608209182469415,0.004062685684852603,-0.22933793878339143,0.0,0.05080004090754542,0.4495826879308387,0.0,0.3899845016636636,0.225,0.0,0.38999999999999996,3.0,130.58944753032702,0.18298323171240163,True,False,False
1.9100000000000001,0.2248574449369994,2.2815406129553213,0.05619398744763515,0.005419254918749892,-0.22933793878339143,0.0,0.05080004090754542,0.44985742716902255,0.0,0.3899106102721713,0.225,0.0,0.38999999999999996,3.0,130.58939720389478,0.18391379676131658,True,False,False
1.915,0.22512476018253866,2.2797946812947067,0.05478523999425246,0.006767844049429579,-0.22933793878339143,0.0,0.05080004090754542,0.4501247005744411,0.0,0.3898361753565661,0.225,0.0,0.38999999999999996,3.0,130.58934642581593,0.18481520628680403,True,False,False
1.92,0.2253846428211032,2.2776642168380055,0.053382047182741976,0.008102860152182716,-0.22933793878339143,0.0,0.05080004090754542,0.45038451632345,0.0,0.3897612087925113,0.225,0.0,0.38999999999999996,3.0,130.5892952140306,0.1856885395189934,True,False,False
1.925,0.22563710219313196,2.27515391559147,0.051984458722416284,0.009418670762990829,-0.22933793878339143,0.0,0.05080004090754542,0.4506368833319433,0.0,0.389685728841793,0.225,0.0,0.38999999999999996,3.0,130.58924358622642,0.1865348246913739,True,False,False
1.93,0.22588214831861692,2.272270075178873,0.05059250477861137,0.010709750221296534,-0.22933793878339143,0.0,0.05080004090754542,0.45088181122406934,0.0,0.38960976011536697,0.225,0.0,0.38999999999999996,3.0,130.5891915598507,0.1873550172375622,True,False,False
1.935,0.22611979187202877,2.2690205450360046,0.049206207732843524,0.01197081095080837,-0.22933793878339143,0.0,0.05080004090754542,0.4511193103176141,0.0,0.3895333333779368,0.225,0.0,0.38999999999999996,3.0,130.58913915213714,0.18814998161631558,True,False,False
1.94,0.22635004417252927,2.2654146415608114,0.047825594270254915,0.013196916380672096,-0.22933793878339143,0.0,0.05080004090754542,0.45134939162405935,0.0,0.38945648521256115,0.225,0.0,0.38999999999999996,3.0,130.58908638014503,0.18892047687990363,True,False,False
1.945,0.22657291718737044,2.261463033830538,0.046450707478939604,0.014383573202458002,-0.22933793878339143,0.0,0.05080004090754542,0.451572066860916,0.0,0.3893792575673947,0.225,0.0,0.38999999999999996,3.0,130.58903326080952,0.18966714606533275,True,False,False
1.95,0.22678842354600584,2.257177606017478,0.045081618675775606,0.015526801635771175,-0.2295307043440286,0.0,0.05858683881437116,0.4517873484736191,0.0,0.3893016972090964,0.225,0.0,0.38999999999999996,3.0,130.69210696583346,0.19037224204384198,True,False,False
1.955,0.2269965722451127,2.252571572930177,0.0437029440903126,0.01662129065186604,-0.2295307043440286,0.0,0.05858683881437116,0.4519952456830114,0.0,0.3892239533906044,0.225,0.0,0.38999999999999996,3.0,130.69205316708567,0.19107793023890562,True,False,False
1.96,0.22719737289440653,2.247658977163921,0.042329479827756214,0.01766692628620879,-0.2295307043440286,0.0,0.05858683881437116,0.45219576853316357,0.0,0.38914617873932933,0.225,0.0,0.38999999999999996,3.0,130.6919990753609,0.19172100382194335,True,False,False
1.965,0.22739084030136075,2.242453979866499,0.040961435819261885,0.018662133345583212,-0.2295307043440286,0.0,0.05858683881437116,0.45238893207422104,0.0,0.3890684297641911,0.225,0.0,0.38999999999999996,3.0,130.6919447635379,0.19223646301775527,True,False,False
1.97,0.22757698994859252,2.2369714776320735,0.03959887442215523,0.019603686563727716,-0.2295307043440286,0.0,0.05858683881437116,0.4525747521165675,0.0,0.38899076606049654,0.225,0.0,0.38999999999999996,3.0,130.69189031739862,0.19264059712947929,True,False,False
1.975,0.22775583771596947,2.2312274860777226,0.03824171855798603,0.02048701591530998,-0.2295307043440286,0.0,0.05858683881437116,0.45275324496287433,0.0,0.3889132513703793,0.225,0.0,0.38999999999999996,3.0,130.69183579888494,0.19299480812230013,True,False,False
1.98,0.2279273999194551,2.2252389230750818,0.03689029961862139,0.021311226027118445,-0.2295307043440286,0.0,0.05858683881437116,0.45292442744823147,0.0,0.38883595256149467,0.225,0.0,0.38999999999999996,3.0,130.69178123424072,0.19332441159460684,True,False,False
1.985,0.22809169379991578,2.219022606247096,0.035545184516348645,0.022077228543474128,-0.2295307043440286,0.0,0.05858683881437116,0.4530883174139322,0.0,0.3887589360226552,0.225,0.0,0.38999999999999996,3.0,130.6917266444836,0.1936303974796339,True,False,False
1.99,0.22824873759278938,2.2125950273173354,0.034207047306387496,0.02278636607236098,-0.2295307043440286,0.0,0.05858683881437116,0.45324493377081093,0.0,0.38868226684789686,0.225,0.0,0.38999999999999996,3.0,130.69167205093572,0.19391156657827835,True,False,False
1.995,0.22839855053402328,2.205972247038665,0.03287667133583688,0.023440282951360566,-0.2295307043440286,0.0,0.05858683881437116,0.453394296499713,0.0,0.3886060084491055,0.225,0.0,0.38999999999999996,3.0,130.6916174764631,0.19416536099408238,True,False,False
2.0,0.2285411528477622,2.1991698273164477,0.03155495241493295,0.024040796581289416,-0.22857054378372094,0.0,0.06168966812315507,0.4535364266337549,0.0,0.38853022230981016,0.225,0.0,0.38999999999999996,3.0,130.73223143099457,0.19600470548246982,True,False,False
2.005,0.22867656391163133,2.1922029224496904,0.030234660334769653,0.02458890602261084,-0.22857054378372094,0.0,0.06168966812315507,0.4536713446811956,0.0,0.3884550067559203,0.225,0.0,0.38999999999999996,3.0,130.73217623767593,0.19614016511338778,True,False,False
2.0100000000000002,0.2288048039640413,2.1850861676775324,0.028924634535820268,0.025087241802305676,-0.22857054378372094,0.0,0.06168966812315507,0.45379907211599846,0.0,0.38838045812603944,0.225,0.0,0.38999999999999996,3.0,130.73212119287135,0.19623874376645367,True,False,False
2.015,0.2289258958731487,2.1778335750540534,0.02762611663502918,0.025537502665893656,-0.22857054378372094,0.0,0.06168966812315507,0.4539196328540901,0.0,0.38830663197375115,0.225,0.0,0.38999999999999996,3.0,130.73206633027326,0.19629660105176105,True,False,False
2.02,0.22903986328647696,2.1704586949492928,0.026340513788491924,0.025941205053321224,-0.22857054378372094,0.0,0.06168966812315507,0.4540330516368988,0.0,0.38823358210558107,0.225,0.0,0.38999999999999996,3.0,130.73201168662345,0.19631010077179634,True,False,False
2.025,0.22914673055189655,2.162974673888932,0.025069434131889713,0.02629964801471062,-0.22857054378372094,0.0,0.06168966812315507,0.4541393539498281,0.0,0.3881613608078551,0.225,0.0,0.38999999999999996,3.0,130.73195730156323,0.1962758955315831,True,False,False
2.0300000000000002,0.22924652263981077,2.1553943108807236,0.023814769262884745,0.02661403899831819,-0.22857054378372094,0.0,0.06168966812315507,0.45423856594213263,0.0,0.3880900190472732,0.225,0.0,0.38999999999999996,3.0,130.73190321614697,0.19619943161219178,True,False,False
2.035,0.22933926512422778,2.1477300359973177,0.02257880508545408,0.02688553999051594,-0.22857054378372094,0.0,0.06168966812315507,0.45433071440112915,0.0,0.3880196061026724,0.225,0.0,0.38999999999999996,3.0,130.73184945357255,0.19611624065757552,True,False,False
2.04,0.229424984018666,2.139994113615013,0.021364049673034322,0.027114219711855916,-0.22857054378372094,0.0,0.06168966812315507,0.4544158265909872,0.0,0.38795017036336144,0.225,0.0,0.38999999999999996,3.0,130.73179602141195,0.19602982103126376,True,False,False
2.045,0.22950370560709424,2.132198822811318,0.020173508762352473,0.027299999414581687,-0.22857054378372094,0.0,0.06168966812315507,0.45449393008909533,0.0,0.38788176024746757,0.225,0.0,0.38999999999999996,3.0,130.73174292733202,0.19593899031527845,True,False,False
2.05,0.22957545638708177,2.1243564557118457,0.019010865346567922,0.027442890412108498,-0.22643404450413002,0.0,0.05986144298037258,0.45456505272756237,0.0,0.387814424211244,0.225,0.0,0.38999999999999996,3.0,130.70660674471782,0.19912171570950143,True,False,False
2.055,0.2296402641924731,2.1164791806152055,0.01788793259794942,0.027543771192512174,-0.22643404450413002,0.0,0.05986144298037258,0.45462922347869494,0.0,0.38774818673944145,0.225,0.0,0.38999999999999996,3.0,130.70655307773364,0.19889827387389786,True,False,False
2.06,0.22969815705365637,2.108579047846835,0.016803748872230195,0.027602592702143377,-0.22643404450413002,0.0,0.05986144298037258,0.4546864715168826,0.0,0.3876830718676498,0.225,0.0,0.38999999999999996,3.0,130.70649988891424,0.19866892093248983,True,False,False
2.065,0.22974916203628848,2.100667977173912,0.015765427298527826,0.027620331668385286,-0.22643404450413002,0.0,0.05986144298037258,0.454736825298902,0.0,0.38761912663954756,0.225,0.0,0.38999999999999996,3.0,130.70644718793508,0.198431928375346,True,False,False
2.07,0.22979330640320456,2.092757543071529,0.014781775707355383,0.027598427674346573,-0.22643404450413002,0.0,0.05986144298037258,0.45478031349773274,0.0,0.38755639679965975,0.225,0.0,0.38999999999999996,3.0,130.70639498565723,0.19818557557514602,True,False,False
2.075,0.2298306176447473,2.0848588388615736,0.013863598960958469,0.027538800400018708,-0.22643404450413002,0.0,0.05986144298037258,0.45481696502344865,0.0,0.3874949262731371,0.225,0.0,0.38999999999999996,3.0,130.70634329412655,0.19792819146774732,True,False,False
2.08,0.229861123514102,2.076982340566054,0.013023929165462215,0.027443834749619405,-0.22643404450413002,0.0,0.05986144298037258,0.4548468090482682,0.0,0.3874347566403544,0.225,0.0,0.38999999999999996,3.0,130.70629212654137,0.1976581872510737,True,False,False
2.085,0.22988485206301912,2.069137779286211,0.012278056779358868,0.0273163368272962,-0.22643404450413002,0.0,0.05986144298037258,0.45486987503160203,0.0,0.3873759266412987,0.225,0.0,0.38999999999999996,3.0,130.70624149719268,0.1973740801316525,True,False,False
2.09,0.2299018316736819,2.061334029850273,0.011643166674780405,0.02715946524680794,-0.22643404450413002,0.0,0.05986144298037258,0.4548861927413437,0.0,0.3873184717410117,0.225,0.0,0.38999999999999996,3.0,130.70619142138577,0.1970745085977604,True,False,False
2.095,0.22991209108308397,2.0535790220161463,0.011137342587871931,0.02697664335504909,-0.22643404450413002,0.0,0.05986144298037258,0.45489579226824906,0.0,0.3872624237818145,0.225,0.0,0.38999999999999996,3.0,130.70614191534779,0.1967582400496783,True,False,False
2.1,0.2299156593970674,2.045879678813002,0.010777775081832707,0.02677145860086741,-0.22329240823881888,0.0,0.054474192209951734,0.45489870403099664,0.0,0.38720781074127913,0.225,0.0,0.38999999999999996,3.0,130.63347513180443,0.20115289965100647,True,False,False
2.105,0.22991256954812372,2.038241586377926,0.010605659985742968,0.0265496470791407,-0.22329240823881888,0.0,0.054474192209951734,0.45489496136776997,0.0,0.38715458721230506,0.225,0.0,0.38999999999999996,3.0,130.6334252770265,0.20062622801475252,True,False,False
2.11,0.22990285488403148,2.0306692821952246,0.010599854649108944,0.026312757810744592,-0.22329240823881888,0.0,0.054474192209951734,0.4548845979143412,0.0,0.38710270374491806,0.225,0.0,0.38999999999999996,3.0,130.63337622302407,0.2000845100742531,True,False,False
2.115,0.2298865456438161,2.023166609194915,0.010759236673050237,0.026064020453814604,-0.22329240823881888,0.0,0.054474192209951734,0.4548676449709308,0.0,0.3870521764699247,0.225,0.0,0.38999999999999996,3.0,130.633327985468,0.1995259434511252,True,False,False
2.12,0.22986367232826296,2.015736505006073,0.011075264140108792,0.025806732061247867,-0.22329240823881888,0.0,0.054474192209951734,0.4548441340465642,0.0,0.38700301808145676,0.225,0.0,0.38999999999999996,3.0,130.6332805814625,0.19894946377209485,True,False,False
2.125,0.22983426574101287,2.0083809359546962,0.011533634503766908,0.025544154791393582,-0.22329240823881888,0.0,0.054474192209951734,0.45481409689185626,0.0,0.3869552375312628,0.225,0.0,0.38999999999999996,3.0,130.6332340277182,0.1983557149678258,True,False,False
2.13,0.22979835691433453,2.001101029149059,0.012116665475976746,0.025278894073955463,-0.22329240823881888,0.0,0.054474192209951734,0.45477756542745995,0.0,0.38690884054807184,0.225,0.0,0.38999999999999996,3.0,130.63318834038319,0.19774477038291313,True,False,False
2.1350000000000002,0.22975597700629027,1.9938972511476325,0.012805756375446392,0.02501296654454233,-0.22329240823881888,0.0,0.054474192209951734,0.4547345716475122,0.0,0.3868638303539072,0.225,0.0,0.38999999999999996,3.0,130.63314353543788,0.19711636971693586,True,False,False
2.14,0.22970715720848733,1.9867695679682429,0.01358318852116033,0.02474785948598918,-0.22329240823881888,0.0,0.054474192209951734,0.4546851475336589,0.0,0.3868202083014667,0.225,0.0,0.38999999999999996,3.0,130.63309962891705,0.1964700724794176,True,False,False
2.145,0.2296519286628393,1.979717588621815,0.014433138345426482,0.024484587510704956,-0.22329240823881888,0.0,0.054474192209951734,0.45462932497805086,0.0,0.38677797444353235,0.225,0.0,0.38999999999999996,3.0,130.63305663702454,0.19580535237822366,True,False,False
2.15,0.22959032238707888,1.9727406922051778,0.015342057796551296,0.02422375115903104,-0.21897253529158767,0.0,0.047684343205781,0.4545671357149136,0.0,0.38673712803602855,0.225,0.0,0.38999999999999996,3.0,130.54131787230278,0.20165386172253655,True,False,False
2.1550000000000002,0.2295223736789868,1.9658376958674573,0.01631431184161392,0.023969092756544762,-0.21897253529158767,0.0,0.047684343205781,0.4544986144664387,0.0,0.3866975800961412,0.225,0.0,0.38999999999999996,3.0,130.5412751046862,0.20071135758028777,True,False,False
2.16,0.2294481180051397,1.9590067885644487,0.017322164103310528,0.023720464430598616,-0.21897253529158767,0.0,0.047684343205781,0.4544237960065663,0.0,0.3866592393024986,0.225,0.0,0.38999999999999996,3.0,130.54123357309248,0.19975167612708006,True,False,False
2.165,0.2293675862091089,1.9522465126312865,0.018358310722712948,0.023475527861306952,-0.21897253529158767,0.0,0.047684343205781,0.45434271169665097,0.0,0.3866221019820233,0.225,0.0,0.38999999999999996,3.0,130.54119329144785,0.19877502793887034,True,False,False
2.17,0.22928080798885553,1.9455569218385875,0.019416252496019904,0.023219232348646934,-0.21897253529158767,0.0,0.047684343205781,0.45425539182358665,0.0,0.38658617050276295,0.225,0.0,0.38999999999999996,3.0,130.5411542729456,0.19778073892668555,True,False,False
2.1750000000000003,0.2291878058248082,1.938945016591385,0.02049345029473304,0.022950163420845347,-0.21897253529158767,0.0,0.047684343205781,0.45416185985681057,0.0,0.3865514748431397,0.225,0.0,0.38999999999999996,3.0,130.54111653338427,0.19676396182266065,True,False,False
2.18,0.22908859523053113,1.9324016063671534,0.021592177933959355,0.022740753080152463,-0.21897253529158767,0.0,0.047684343205781,0.4540621313437717,0.0,0.3865179820582289,0.225,0.0,0.38999999999999996,3.0,130.54108009140336,0.1957229763887078,True,False,False
2.185,0.22898319158444996,1.9259106316937629,0.022707694548013694,0.02258268869896233,-0.21897253529158767,0.0,0.047684343205781,0.453956221249773,0.0,0.3864856324571937,0.225,0.0,0.38999999999999996,3.0,130.5410449662961,0.19465694356862634,True,False,False
2.19,0.22887161135018977,1.9194584750420325,0.02383621542949003,0.02246871861724353,-0.21897253529158767,0.0,0.047684343205781,0.45384414572437315,0.0,0.3864543759767586,0.225,0.0,0.38999999999999996,3.0,130.541011177507,0.1935654836802479,True,False,False
2.195,0.22875387198043357,1.9130333102816899,0.024974762185074793,0.022393480680002364,-0.21897253529158767,0.0,0.047684343205781,0.45372592197465744,0.0,0.38642416962321896,0.225,0.0,0.38999999999999996,3.0,130.54097874420427,0.19244859751221155,True,False,False
2.2,0.22862999185068486,1.906624644254355,0.026120951942234145,0.022352954057138927,-0.21329997342809887,0.0,0.041719638023838816,0.4536015681774911,0.0,0.3863949756677493,0.225,0.0,0.38999999999999996,3.0,130.45957203391956,0.1999982871773672,True,False,False
2.205,0.22849999432845308,1.9002225644923452,0.02727808406480294,0.022347036580179874,-0.21329997342809887,0.0,0.041719638023838816,0.4534711062930814,0.0,0.38636668232622207,0.225,0.0,0.38999999999999996,3.0,130.4595409366065,0.1985166285479813,True,False,False
2.21,0.22836390415858351,1.8938182289445846,0.028437856192314367,0.022365961098771554,-0.21329997342809887,0.0,0.041719638023838816,0.45333455965747693,0.0,0.3863391819798262,0.225,0.0,0.38999999999999996,3.0,130.4595116424183,0.1970200093619509,True,False,False
2.215,0.2282217473397,1.887407083259853,0.02959738685344722,0.02239346143812962,-0.21329997342809887,0.0,0.041719638023838816,0.45319195429973225,0.0,0.3863124599453323,0.225,0.0,0.38999999999999996,3.0,130.45948415472137,0.19551181565240738,True,False,False
2.22,0.22807355306094657,1.8809870393195143,0.030755875716938306,0.02242815011095276,-0.21329997342809887,0.0,0.041719638023838816,0.4530433195818242,0.0,0.38628651108169015,0.225,0.0,0.38999999999999996,3.0,130.45945847372334,0.19399347097864303,True,False,False
2.225,0.22791935042834058,1.8745559475010114,0.03191280587520397,0.02247075421401737,-0.21329997342809887,0.0,0.041719638023838816,0.4528886847710054,0.0,0.38626133004692276,0.225,0.0,0.38999999999999996,3.0,130.4594345979137,0.19246585976685932,True,False,False
2.23,0.22775916848265704,1.8681113851325297,0.03306773847209099,0.022522397199812368,-0.21329997342809887,0.0,0.041719638023838816,0.4527280790441311,0.0,0.38623691047391334,0.225,0.0,0.38999999999999996,3.0,130.4594125244154,0.1909296079158607,True,False,False
2.235,0.22759303625199356,1.8616505827663496,0.03422029044274976,0.02258434562670656,-0.21329997342809887,0.0,0.041719638023838816,0.45256153153501655,0.0,0.3862132446819301,0.225,0.0,0.38999999999999996,3.0,130.45939224922773,0.18938515464172054,True,False,False
2.24,0.2274209827903467,1.855170405065215,0.03537012087582445,0.022657870845007276,-0.21329997342809887,0.0,0.041719638023838816,0.45238907137121015,0.0,0.3861903236008999,0.225,0.0,0.38999999999999996,3.0,130.45937376740517,0.18783280694291493,True,False,False
2.245,0.22724303720803435,1.8486673608950077,0.03651692218799588,0.022744177207026334,-0.21329997342809887,0.0,0.041719638023838816,0.4522107277045236,0.0,0.38616813680921114,0.225,0.0,0.38999999999999996,3.0,130.45935707318563,0.18627278076231196,True,False,False
2.25,0.22705922869751477,1.8421376280656332,0.037660414032818876,0.022844367968757037,-0.20616990127547116,0.0,0.03789490174706317,0.4520265297379932,0.0,0.3861466726281797,0.225,0.0,0.38999999999999996,3.0,130.40564165082748,0.19576607731636966,True,False,False
2.255,0.22686958915558553,1.8355766320158853,0.03880185338381926,0.02296267075639282,-0.20616990127547116,0.0,0.03789490174706317,0.4518365084622149,0.0,0.3861258662522213,0.225,0.0,0.38999999999999996,3.0,130.40562788803516,0.19379220129394442,True,False,False
2.2600000000000002,0.22667415062526153,1.828979455600717,0.03993923979539832,0.023097062553674087,-0.20616990127547116,0.0,0.03789490174706317,0.451640694959378,0.0,0.3861056515289541,0.225,0.0,0.38999999999999996,3.0,130.4056164361549,0.19182146755572396,True,False,False
2.265,0.22647294271322319,1.8223414017266337,0.04107237142469772,0.02324814268975107,-0.20616990127547116,0.0,0.03789490174706317,0.4514391187272902,0.0,0.38608601338849413,0.225,0.0,0.38999999999999996,3.0,130.4056072705174,0.18985377620507793,True,False,False
2.27,0.22626599520129215,1.8156576134622777,0.04220105934432937,0.023416428717476175,-0.20616990127547116,0.0,0.03789490174706317,0.45123180941963914,0.0,0.3860669361628333,0.225,0.0,0.38999999999999996,3.0,130.40560036593885,0.18788905004244735,True,False,False
2.275,0.2260533380678582,1.8089230972081138,0.04332512537533212,0.023602357386752384,-0.20616990127547116,0.0,0.03789490174706317,0.4510187968689505,0.0,0.3860484036727563,0.225,0.0,0.38999999999999996,3.0,130.40559569672726,0.18592723596066577,True,False,False
2.2800000000000002,0.2258350015095638,1.8021327456777783,0.04444440024382755,0.023806285838819104,-0.20616990127547116,0.0,0.03789490174706317,0.4508001111098473,0.0,0.38603039931412636,0.225,0.0,0.38999999999999996,3.0,130.4055932366865,0.18396830601043557,True,False,False
2.285,0.2256110159632337,1.7952813605284204,0.045558722005269545,0.024028492826414224,-0.20616990127547116,0.0,0.03789490174706317,0.45057578240258267,0.0,0.3860129061429184,0.225,0.0,0.38999999999999996,3.0,130.4055929591191,0.18201225813623959,True,False,False
2.29,0.22538141212800356,1.7883636746471763,0.046667934693021954,0.024269179891194183,-0.20616990127547116,0.0,0.03789490174706317,0.4503458412567954,0.0,0.38599590695910196,0.225,0.0,0.38999999999999996,3.0,130.40559483682713,0.18005911660383753,True,False,False
2.295,0.2251462209875941,1.781374374108174,0.047771887156953415,0.024528472493675145,-0.20616990127547116,0.0,0.03789490174706317,0.45011031845543237,0.0,0.3859793843893755,0.225,0.0,0.38999999999999996,3.0,130.4055988421126,0.1781089321502383,True,False,False
2.3000000000000003,0.22490547383265674,1.7743081198089006,0.04887043206428252,0.024806421120051887,-0.19781890072358943,0.0,0.03530784837089721,0.44986924507876014,0.0,0.38596332096887076,0.225,0.0,0.38999999999999996,3.0,130.3677511836852,0.1891875895187558,True,False,False
2.305,0.2246592040952813,1.7671591564563611,0.049963880652704885,0.025105972223346373,-0.19781890072358943,0.0,0.03530784837089721,0.4496226536756609,0.0,0.3859476623500297,0.225,0.0,0.38999999999999996,3.0,130.36776021600798,0.18677480000733698,True,False,False
2.31,0.2244074455113842,1.7599220954790076,0.05105150431146344,0.025418628319101,-0.19781890072358943,0.0,0.03530784837089721,0.449370577103667,0.0,0.3859323555818769,0.225,0.0,0.38999999999999996,3.0,130.36777197666626,0.1843773342282475,True,False,False
2.315,0.2241502299478333,1.7525953127568081,0.0521330611264314,0.025732066407020526,-0.19781890072358943,0.0,0.03530784837089721,0.449113047241912,0.0,0.3859173976912915,0.225,0.0,0.38999999999999996,3.0,130.36778641320373,0.18199464807856536,True,False,False
2.32,0.22388758954812796,1.7451785561344317,0.05320843941124497,0.026046979747111405,-0.19781890072358943,0.0,0.03530784837089721,0.4488500963429022,0.0,0.38590279107874326,0.225,0.0,0.38999999999999996,3.0,130.36780347310426,0.17962668172284785,True,False,False
2.325,0.22361955700314387,1.7376712122135427,0.05427752827633984,0.026364720556498664,-0.19781890072358943,0.0,0.03530784837089721,0.4485817571807155,0.0,0.3858885367244891,0.225,0.0,0.38999999999999996,3.0,130.36782310350048,0.17727349337660217,True,False,False
2.33,0.22334616558052936,1.730072263703597,0.055340212140568446,0.02668675270419684,-0.19781890072358943,0.0,0.03530784837089721,0.4483080630766665,0.0,0.3858746340195333,0.225,0.0,0.38999999999999996,3.0,130.36784525111722,0.1749352214433023,True,False,False
2.335,0.2230674491510693,1.7223802607604177,0.05639637066431175,0.027014627805944103,-0.19781890072358943,0.0,0.03530784837089721,0.4480290479229008,0.0,0.38586108065199387,0.225,0.0,0.38999999999999996,3.0,130.36786986223834,0.17261206760536166,True,False,False
2.34,0.22278344221251015,1.714593299701664,0.05744587883945993,0.02734995786555431,-0.19781890072358943,0.0,0.03530784837089721,0.44774474620396276,0.0,0.3858478725227821,0.225,0.0,0.38999999999999996,3.0,130.3678968826916,0.17030428291138863,True,False,False
2.345,0.2224941799104283,1.7067090099030895,0.05848860721972739,0.02769438567998323,-0.19781890072358943,0.0,0.03530784837089721,0.447455193015992,0.0,0.38583500369366586,0.225,0.0,0.38999999999999996,3.0,130.36792625784759,0.16801215609387188,True,False,False
2.35,0.22219969805587442,1.6987245493755692,0.059524422272567316,0.02804955401860469,-0.18847393233880969,0.0,0.03372742577731498,0.44716042408333556,0.0,0.38582246636946377,0.225,0.0,0.38999999999999996,3.0,130.34300949835662,0.18036022024962317,True,False,False
2.355,0.22190003425826055,1.6906366086703817,0.06055328318816734,0.0284170730886387,-0.18847393233880969,0.0,0.03372742577731498,0.4468604764551545,0.0,0.38581022782134267,0.225,0.0,0.38999999999999996,3.0,130.34304630308756,0.1775746161161599,True,False,False
2.36,0.22159522687577535,1.6824413264671167,0.06157487167837396,0.02880109884848767,-0.18847393233880969,0.0,0.03372742577731498,0.4465553878766053,0.0,0.38579825310456195,0.225,0.0,0.38999999999999996,3.0,130.3430861099136,0.17481959349523638,True,False,False
2.365,0.22128531639152121,1.6741301874087893,0.06258845625532264,0.029229861993165445,-0.18847393233880969,0.0,0.03372742577731498,0.4462451982972231,0.0,0.38578651202468994,0.225,0.0,0.38999999999999996,3.0,130.3431288297828,0.1720980471052204,True,False,False
2.37,0.22097034690952663,1.6656895723306226,0.06359386966142132,0.02970360015873326,-0.18847393233880969,0.0,0.03372742577731498,0.4459299508939405,0.0,0.3857749542821894,0.225,0.0,0.38999999999999996,3.0,130.3431743709406,0.16941090605695397,True,False,False
2.375,0.22065036206801505,1.6571076961041136,0.06459111161991513,0.03021499574322004,-0.18847393233880969,0.0,0.03372742577731498,0.4456096884997669,0.0,0.3857635367602268,0.225,0.0,0.38999999999999996,3.0,130.34322264177285,0.166757990184427,True,False,False
2.38,0.2203254050661706,1.6483746038034504,0.06558014964908303,0.03075846293992961,-0.18847393233880969,0.0,0.03372742577731498,0.44528445363333397,0.0,0.38575222351862903,0.225,0.0,0.38999999999999996,3.0,130.34327355140906,0.16413894048618327,True,False,False
2.3850000000000002,0.21999551892875405,1.6394817682551157,0.06656092881468123,0.03132953984077929,-0.18847393233880969,0.0,0.03372742577731498,0.44495428873583887,0.0,0.38574098421662834,0.225,0.0,0.38999999999999996,3.0,130.34332700994966,0.16155330532670475,True,False,False
2.39,0.21966074668624494,1.6304218275855094,0.06753337824656105,0.0319245020200026,-0.18847393233880969,0.0,0.03372742577731498,0.44461923633336764,0.0,0.3857297930838095,0.225,0.0,0.38999999999999996,3.0,130.34338292859962,0.15900059424437685,True,False,False
2.395,0.21932113150024574,1.621188411864851,0.06849741549068393,0.03254011628473101,-0.18847393233880969,0.0,0.03372742577731498,0.4442793391507716,0.0,0.38571862823980885,0.225,0.0,0.38999999999999996,3.0,130.34344121974405,0.15648031065171378,True,False,False
2.4,0.21897671675468647,1.6117760383631354,0.06945293697276433,0.03317285877594409,-0.17849598789585164,0.0,0.0335655996304397,0.4439346401962746,0.0,0.38570747128256827,0.225,0.0,0.38999999999999996,3.0,130.33708968758776,0.16965582528090267,True,False,False
2.4050000000000002,0.21862754742668605,1.6021851764047035,0.07039879711281218,0.033774443814650404,-0.17849598789585164,0.0,0.0335655996304397,0.44358518441230754,0.0,0.3856963214286656,0.225,0.0,0.38999999999999996,3.0,130.33715766258325,0.16663695234806852,True,False,False
2.41,0.21827367155701485,1.5924294207055778,0.07133440486936925,0.03432661102619404,-0.17849598789585164,0.0,0.0335655996304397,0.44323102081768534,0.0,0.3856852291079832,0.225,0.0,0.38999999999999996,3.0,130.33722865442994,0.16366512783329606,True,False,False
2.415,0.2179151378660092,1.5825209382661136,0.07225981320452375,0.034842431969963124,-0.17849598789585164,0.0,0.0335655996304397,0.44287219912747244,0.0,0.38567424474562106,0.225,0.0,0.38999999999999996,3.0,130.3373025400207,0.16074047263519417,True,False,False
2.42,0.2175519955600307,1.572468823722609,0.07317504569879686,0.03533050874863763,-0.17849598789585164,0.0,0.0335655996304397,0.44250876931971567,0.0,0.38566340673173805,0.225,0.0,0.38999999999999996,3.0,130.33737919726923,0.1578629106849586,True,False,False
2.4250000000000003,0.21718429423623228,1.5622801554577603,0.07408010480133666,0.035796521570499805,-0.17849598789585164,0.0,0.0335655996304397,0.4421407816180529,0.0,0.38565274555709345,0.225,0.0,0.38999999999999996,3.0,130.33745850543033,0.1550322035248144,True,False,False
2.43,0.21681208382397912,1.5519606784473652,0.07497497834691982,0.036244233376523625,-0.17849598789585164,0.0,0.0335655996304397,0.44176828648360056,0.0,0.3856422864871786,0.225,0.0,0.38999999999999996,3.0,130.33754034536517,0.15224798198618977,True,False,False
2.435,0.21643541454826265,1.541515253004376,0.07585964444367835,0.03667614510396711,-0.17849598789585164,0.0,0.0335655996304397,0.4413913346116331,0.0,0.38563205131960665,0.225,0.0,0.38999999999999996,3.0,130.33762459975682,0.14950977333687357,True,False,False
2.44,0.21605433690549042,1.5309481504919944,0.07673407503430832,0.03709392510878928,-0.17849598789585164,0.0,0.0335655996304397,0.44100997692934973,0.0,0.38562205954209583,0.225,0.0,0.38999999999999996,3.0,130.33771115328489,0.14681702364331137,True,False,False
2.445,0.21566890152835372,1.5202633697826962,0.07759830604971035,0.03749727735062449,-0.17849598789585164,0.0,0.0335655996304397,0.4406242644853772,0.0,0.3856123295945546,0.225,0.0,0.38999999999999996,3.0,130.337799893744,0.1441665417187284,True,False,False
2.45,0.21527915853429253,1.5094652274500129,0.07845245108531854,0.03788559490949141,-0.16833316212579708,0.0,0.032893436831220826,0.4402342478469116,0.0,0.385602881283467,0.225,0.0,0.38999999999999996,3.0,130.3247051362691,0.15749588731230374,True,False,False
2.455,0.21488515831387767,1.4985577673874373,0.07929653964854928,0.03826074541548375,-0.16833316212579708,0.0,0.032893436831220826,0.43983997759273574,0.0,0.38559372135095027,0.225,0.0,0.38999999999999996,3.0,130.32480528998246,0.15434716773283697,True,False,False
2.46,0.214486951259629,1.487544557668871,0.08013057853529171,0.038624088256927695,-0.16833316212579708,0.0,0.032893436831220826,0.43944150426642237,0.0,0.3855848546338282,0.225,0.0,0.38999999999999996,3.0,130.3249082605477,0.15125196774439992,True,False,False
2.465,0.21408458733125685,1.4764288021361684,0.08095455560806739,0.0389768332612193,-0.16833316212579708,0.0,0.032893436831220826,0.43903887819855625,0.0,0.3855762965404378,0.225,0.0,0.38999999999999996,3.0,130.32501390546548,0.148210168262879,True,False,False
2.47,0.21367811666439687,1.4652133905256544,0.08176844381659477,0.039319965450819734,-0.16833316212579708,0.0,0.032893436831220826,0.4386321498745315,0.0,0.3855680612335768,0.225,0.0,0.38999999999999996,3.0,130.3251220842237,0.14522159795383743,True,False,False
2.475,0.21326758961522005,1.4539009535194665,0.0825722234359268,0.03965450806153684,-0.16833316212579708,0.0,0.032893436831220826,0.43822136998301675,0.0,0.38556016184400854,0.225,0.0,0.38999999999999996,3.0,130.3252326584379,0.1422860511282722,True,False,False
2.48,0.21285305610391403,1.4424933044820845,0.08336617687923127,0.03998564581137339,-0.16833316212579708,0.0,0.032893436831220826,0.43780658871343925,0.0,0.3855526083009155,0.225,0.0,0.38999999999999996,3.0,130.3253454918089,0.13940351948651114,True,False,False
2.485,0.21243456517893153,1.4309909598893031,0.08415034447438571,0.040315710107896474,-0.16833316212579708,0.0,0.032893436831220826,0.4373878552796754,0.0,0.3855454054661085,0.225,0.0,0.38999999999999996,3.0,130.3254604501855,0.1365736875157207,True,False,False
2.49,0.21201216619269495,1.4193941588354173,0.08492464523326147,0.040645117883580786,-0.16833316212579708,0.0,0.032893436831220826,0.4369652191774052,0.0,0.3855385570951244,0.225,0.0,0.38999999999999996,3.0,130.3255774020555,0.13379604755879296,True,False,False
2.495,0.21158590891115017,1.4077030675291382,0.08568899780193896,0.040973978667655696,-0.16833316212579708,0.0,0.032893436831220826,0.43653873031007356,0.0,0.38553206663439304,0.225,0.0,0.38999999999999996,3.0,130.32569621872432,0.13107001698359694,True,False,False
2.5,0.21115584350451216,1.3959178543640296,0.086443320491103,0.04130217864925434,-0.15832685255456827,0.0,0.031007456941497244,0.43610843898570484,0.0,0.38552593751485653,0.225,0.0,0.38999999999999996,3.0,130.29671194228152,0.14406252966980115,True,False,False
2.505,0.21072202184940714,1.384038706511263,0.08718738069930772,0.04162971857936037,-0.15832685255456827,0.0,0.031007456941497244,0.4356743966445856,0.0,0.38552014612494784,0.225,0.0,0.38999999999999996,3.0,130.296843220558,0.14087216967585325,True,False,False
2.5100000000000002,0.21028449621494497,1.3720658937601569,0.08792123183743006,0.041956015680697005,-0.15832685255456827,0.0,0.031007456941497244,0.4352366551183325,0.0,0.38551466912831067,0.225,0.0,0.38999999999999996,3.0,130.29697692007005,0.13774603550740727,True,False,False
2.515,0.20984331795326358,1.3599998366496977,0.08864479244939444,0.04228059920617937,-0.15832685255456827,0.0,0.031007456941497244,0.43479526590623496,0.0,0.38550951083214297,0.225,0.0,0.38999999999999996,3.0,130.29711287834928,0.13468315176897802,True,False,False
2.52,0.20939853880598766,1.347841107229304,0.08935798114543025,0.04260288524036486,-0.15832685255456827,0.0,0.031007456941497244,0.43435028091034283,0.0,0.38550467611364114,0.225,0.0,0.38999999999999996,3.0,130.2972509370654,0.1316824812787823,True,False,False
2.525,0.2089502109013635,1.3355904590071697,0.0900607169050539,0.0429221934213968,-0.15832685255456827,0.0,0.031007456941497244,0.4339017524352864,0.0,0.3855001705376076,0.225,0.0,0.38999999999999996,3.0,130.29739094212746,0.12874293036086776,True,False,False
2.5300000000000002,0.20849838675620005,1.3232489462776102,0.09075290724213851,0.04323654431827883,-0.15832685255456827,0.0,0.031007456941497244,0.43344973320046837,0.0,0.3854960008224311,0.225,0.0,0.38999999999999996,3.0,130.29753274371214,0.12586350146839242,True,False,False
2.535,0.20804311929806357,1.3108185389271532,0.09143445264321391,0.04354263937214453,-0.15832685255456827,0.0,0.031007456941497244,0.4329942764145451,0.0,0.3854921772374978,0.225,0.0,0.38999999999999996,3.0,130.29767619603552,0.12304321401857722,True,False,False
2.54,0.2075844618153892,1.2983016845979714,0.09210528684808424,0.04384000596982664,-0.15832685255456827,0.0,0.031007456941497244,0.43253543568957487,0.0,0.38548871189978895,0.225,0.0,0.38999999999999996,3.0,130.29782115782015,0.12028062557319018,True,False,False
2.545,0.20712246792737332,1.2857009229712975,0.0927653468409183,0.04412838773698427,-0.15832685255456827,0.0,0.031007456941497244,0.43207326497865245,0.0,0.38548561727291714,0.225,0.0,0.38999999999999996,3.0,130.29796749257497,0.11757424965114549,True,False,False
2.5500000000000003,0.20665719157776166,1.2730188554324386,0.09341457164150724,0.04440760081713821,-0.14886864041183087,0.0,0.02886324228316903,0.4316078185671101,0.0,0.38548290605058977,0.225,0.0,0.38999999999999996,3.0,130.26591010963844,0.12972932156170291,True,False,False
2.555,0.20618868842908655,1.2602579903561133,0.09405266608515946,0.044678452952186185,-0.14886864041183087,0.0,0.02886324228316903,0.43113915179461165,0.0,0.38548056048773943,0.225,0.0,0.38999999999999996,3.0,130.2660689958679,0.12659634062227176,True,False,False
2.56,0.20571701445573065,1.2474209057856303,0.09467978923518956,0.04493968000788745,-0.14886864041183087,0.0,0.02886324228316903,0.4306673203131075,0.0,0.3854785630818367,0.225,0.0,0.38999999999999996,3.0,130.2662297370694,0.12352914338814125,True,False,False
2.565,0.20524222453426452,1.2345103893936789,0.09529588466104412,0.04519106364943409,-0.14886864041183087,0.0,0.02886324228316903,0.43019237935206434,0.0,0.3854769271936017,0.225,0.0,0.38999999999999996,3.0,130.2663921696877,0.12052618031165666,True,False,False
2.57,0.20476437383530435,1.2215292983817456,0.0959008976801971,0.045432333591589824,-0.14886864041183087,0.0,0.02886324228316903,0.42971438444340493,0.0,0.3854756664444268,0.225,0.0,0.38999999999999996,3.0,130.26655613560683,0.11758594049652364,True,False,False
2.575,0.20428351781452134,1.2084805766211775,0.09649477548669033,0.04566315336339574,-0.14886864041183087,0.0,0.02886324228316903,0.429233391413862,0.0,0.3854747947816599,0.225,0.0,0.38999999999999996,3.0,130.26672148205316,0.11470696061731661,True,False,False
2.58,0.2037997122024536,1.195367269221397,0.09707746842501061,0.04588323129736008,-0.14886864041183087,0.0,0.02886324228316903,0.4287494563759302,0.0,0.38547432653455493,0.225,0.0,0.38999999999999996,3.0,130.2668880615401,0.11188758550790157,True,False,False
2.585,0.20331301298609247,1.1821924151840244,0.09764893272140585,0.04609272890626651,-0.14886864041183087,0.0,0.02886324228316903,0.4282626357006547,0.0,0.38547427602411044,0.225,0.0,0.38999999999999996,3.0,130.26705573310312,0.10912497339818773,True,False,False
2.59,0.2028234764129459,1.1689591956996264,0.09820911543108364,0.0462904898024814,-0.14886864041183087,0.0,0.02886324228316903,0.42777298603383135,0.0,0.38547465811717396,0.225,0.0,0.38999999999999996,3.0,130.2672243611267,0.10641877233323355,True,False,False
2.595,0.20233115898822537,1.1556711416579626,0.09875796928017729,0.04647537485034334,-0.14886864041183087,0.0,0.02886324228316903,0.42728056431020467,0.0,0.3854754889917599,0.225,0.0,0.38999999999999996,3.0,130.26739381337742,0.10376858979820965,True,False,False
2.6,0.20183611744935986,1.1423320799691357,0.0992954538986107,0.04664644998101124,-0.1402530928845404,0.0,0.026064102884756846,0.42678542772353956,0.0,0.3854767859369709,0.225,0.0,0.38999999999999996,3.0,130.227128349178,0.11464827568356761,True,False,False
2.605,0.2013384104468067,1.1289459939931545,0.09982113675006567,0.04680356351500624,-0.1402530928845404,0.0,0.026064102884756846,0.4262876345442512,0.0,0.3854785289089979,0.225,0.0,0.38999999999999996,3.0,130.22730957890263,0.11162254483766273,True,False,False
2.61,0.20083809680704454,1.1155170444497609,0.10033536543812838,0.04694561581261099,-0.1402530928845404,0.0,0.026064102884756846,0.4257872432280543,0.0,0.38548069851039257,0.225,0.0,0.38999999999999996,3.0,130.22749202510724,0.10866270811336462,True,False,False
2.615,0.20033523381215654,1.1020496082415931,0.10083811580990681,0.04707219139445225,-0.1402530928845404,0.0,0.026064102884756846,0.425284311554044,0.0,0.3854833140585087,0.225,0.0,0.38999999999999996,3.0,130.22767552970717,0.10576751315837127,True,False,False
2.62,0.19982987888895767,1.088548165537682,0.10132936893376154,0.04718298408219378,-0.1402530928845404,0.0,0.026064102884756846,0.4247788974564175,0.0,0.38548639524618,0.225,0.0,0.38999999999999996,3.0,130.22785994007066,0.10293567403986623,True,False,False
2.625,0.1993220895883216,1.0750172690211446,0.10180911100309326,0.047277793255919645,-0.1402530928845404,0.0,0.026064102884756846,0.42427105900078876,0.0,0.3854899620224364,0.225,0.0,0.38999999999999996,3.0,130.2280451090033,0.10016588811533314,True,False,False
2.63,0.19881192369633158,1.0614605074496084,0.10227728832287283,0.04736712731675372,-0.1402530928845404,0.0,0.026064102884756846,0.4237608544029301,0.0,0.38549403053126285,0.225,0.0,0.38999999999999996,3.0,130.22823089476358,0.09745672947012415,True,False,False
2.6350000000000002,0.19829943957655474,1.0478774525502732,0.10273385919500783,0.04746112844957778,-0.1402530928845404,0.0,0.026064102884756846,0.42324834209829265,0.0,0.3854986011447536,0.225,0.0,0.38999999999999996,3.0,130.22841716113462,0.094806816225558,True,False,False
2.64,0.19778469563960507,1.0342670066705888,0.10317884408010015,0.04755801991051617,-0.1402530928845404,0.0,0.026064102884756846,0.4227335805067772,0.0,0.3855036715843826,0.225,0.0,0.38999999999999996,3.0,130.2286037771717,0.0922147825815682,True,False,False
2.645,0.19726775013349013,1.020628629033437,0.10361227247614635,0.04765578195133163,-0.1402530928845404,0.0,0.026064102884756846,0.4222166279322169,0.0,0.38550924173723233,0.225,0.0,0.38999999999999996,3.0,130.228790617334,0.08967920017924128,True,False,False
2.65,0.19674866111668415,1.0069623729209065,0.10403417985564871,0.047752286368884816,-0.13270738771078824,0.0,0.022481083826810397,0.4216975425390579,0.0,0.38551531380101806,0.225,0.0,0.38999999999999996,3.0,130.17868228830545,0.0989827541848628,True,False,False
2.6550000000000002,0.19622748845538346,0.9932687092522304,0.10444398871667988,0.04784676550995175,-0.13270738771078824,0.0,0.022481083826810397,0.42117638325637397,0.0,0.385521844357782,0.225,0.0,0.38999999999999996,3.0,130.17887928425353,0.09613060815398122,True,False,False
2.66,0.1957042917858947,0.9795487282792364,0.10484233252714242,0.04793564947787811,-0.13270738771078824,0.0,0.022481083826810397,0.4206532088311508,0.0,0.3855287923898893,0.225,0.0,0.38999999999999996,3.0,130.17907680197783,0.09334241873623039,True,False,False
2.665,0.19517912848861121,0.9658043447740774,0.10522925825922567,0.048016773668034876,-0.13270738771078824,0.0,0.022481083826810397,0.4201280769019571,0.0,0.3855361673286586,0.225,0.0,0.38999999999999996,3.0,130.17927469742983,0.09061691195149665,True,False,False
2.67,0.1946520557067694,0.9520380800737901,0.10560481434164412,0.04808807663333963,-0.13270738771078824,0.0,0.022481083826810397,0.41960104492342887,0.0,0.3855439809716647,0.225,0.0,0.38999999999999996,3.0,130.17947283211865,0.08795281870543095,True,False,False
2.6750000000000003,0.19412313035082815,0.9382530256738082,0.10596904964903663,0.048147646334585195,-0.13270738771078824,0.0,0.022481083826810397,0.4190721701674138,0.0,0.385552247341074,0.225,0.0,0.38999999999999996,3.0,130.17967107303468,0.08534886983348008,True,False,False
2.68,0.19359240910775727,0.9244527948744701,0.10632201267789614,0.04819375740006216,-0.13270738771078824,0.0,0.022481083826810397,0.4185415097278419,0.0,0.3855609824946344,0.225,0.0,0.38999999999999996,3.0,130.1798692925749,0.08280379074123517,True,False,False
2.685,0.1930599484540542,0.9106414650285614,0.1066637509029126,0.048224899538668584,-0.13270738771078824,0.0,0.022481083826810397,0.41800912052836536,0.0,0.3855702042994061,0.225,0.0,0.38999999999999996,3.0,130.180067368472,0.0803162960155076,True,False,False
2.69,0.19252580451502307,0.8968237900294174,0.10699441772985123,0.048236378008099365,-0.13270738771078824,0.0,0.022481083826810397,0.41747505920061134,0.0,0.3855799332722195,0.225,0.0,0.38999999999999996,3.0,130.18026518374845,0.07788502999227176,True,False,False
2.695,0.1919900323543642,0.8830064000619207,0.10731418259276303,0.04822343867187164,-0.13270738771078824,0.0,0.022481083826810397,0.4169393814820954,0.0,0.38559019731728694,0.225,0.0,0.38999999999999996,3.0,130.18046262671095,0.0755086703256872,True,False,False
2.7,0.19145268705264332,0.8691958063703145,0.10762297315005646,0.04818929413468479,-0.1264388510276174,0.0,0.018612562777493267,0.41640214311370605,0.0,0.3856010238511937,0.225,0.0,0.38999999999999996,3.0,130.12715635139708,0.08296416194240033,True,False,False
2.705,0.19091382573404592,0.8553981734954643,0.10792014532163685,0.04813196273512966,-0.1264388510276174,0.0,0.018612562777493267,0.41586340068879857,0.0,0.38561238858639646,0.225,0.0,0.38999999999999996,3.0,130.12736163222533,0.08034118930029283,True,False,False
2.71,0.19037350495567537,0.8416204941756785,0.10820646297004878,0.04805072720117565,-0.1264388510276174,0.0,0.018612562777493267,0.41532321030326325,0.0,0.38562427046443876,0.225,0.0,0.38999999999999996,3.0,130.12756674009609,0.07777886075738558,True,False,False
2.715,0.18983177963766412,0.8278690402974618,0.10848184509351717,0.047949420586783364,-0.1264388510276174,0.0,0.018612562777493267,0.414781627502989,0.0,0.38563669589423377,0.225,0.0,0.38999999999999996,3.0,130.12777155168618,0.07527509428325582,True,False,False
2.72,0.1892887050915466,0.814149138223167,0.10874624485299056,0.04783085537351674,-0.1264388510276174,0.0,0.018612562777493267,0.41423870813587094,0.0,0.3856496875628115,0.225,0.0,0.38999999999999996,3.0,130.12797595006404,0.07282794171531759,True,False,False
2.725,0.18874433686268674,0.8004654203035687,0.10899964085302717,0.04769710477468353,-0.1264388510276174,0.0,0.018612562777493267,0.41369450821624415,0.0,0.3856632654260223,0.225,0.0,0.38999999999999996,3.0,130.12817982438943,0.07043555698893894,True,False,False
2.73,0.18819873061427048,0.7868220049794087,0.1092420306144999,0.04754971361400299,-0.1264388510276174,0.0,0.018612562777493267,0.41314908382450927,0.0,0.38567744741841836,0.225,0.0,0.38999999999999996,3.0,130.12838306965514,0.06809617525621245,True,False,False
2.735,0.18765194204170188,0.7732226245576115,0.10947342570012263,0.047389855266689304,-0.1264388510276174,0.0,0.018612562777493267,0.4126024910324748,0.0,0.38569224995705975,0.225,0.0,0.38999999999999996,3.0,130.12858558645536,0.0658080993327004,True,False,False
2.74,0.18710402671167517,0.7596708901123388,0.10969391668475795,0.04721638152233559,-0.1264388510276174,0.0,0.018612562777493267,0.41205478576633014,0.0,0.38570768900991614,0.225,0.0,0.38999999999999996,3.0,130.128787281736,0.06356728155777253,True,False,False
2.745,0.1865550395476074,0.7461711938748744,0.10990364833648844,0.047026654951484254,-0.1264388510276174,0.0,0.018612562777493267,0.4115060233750897,0.0,0.3857237837496375,0.225,0.0,0.38999999999999996,3.0,130.12898807230044,0.061369394739750116,True,False,False
2.75,0.1860050351683907,0.7327280705397221,0.11010265191325441,0.046821621430839136,-0.12159225909220231,0.0,0.013576801447841777,0.41095625890804477,0.0,0.3857405539188197,0.225,0.0,0.38999999999999996,3.0,130.06082670291588,0.06674029322832614,True,False,False
2.755,0.1854540706850995,0.7193452435048932,0.11028967904309701,0.046606041771769524,-0.12159225909220231,0.0,0.013576801447841777,0.4104055483509421,0.0,0.3857579516315399,0.225,0.0,0.38999999999999996,3.0,130.0610325549134,0.06435770023507037,True,False,False
2.7600000000000002,0.1849022031979484,0.706025928891257,0.11046594828382471,0.04637845841222804,-0.12159225909220231,0.0,0.013576801447841777,0.4098539476301536,0.0,0.3857759269651386,0.225,0.0,0.38999999999999996,3.0,130.06123763698028,0.06202475973523902,True,False,False
2.765,0.18434948721676694,0.6927733587516826,0.11063147844123684,0.04614032223618289,-0.12159225909220231,0.0,0.013576801447841777,0.40930151155102057,0.0,0.3857944944306358,0.225,0.0,0.38999999999999996,3.0,130.06144185609156,0.05974072728249105,True,False,False
2.77,0.18379597719145652,0.6795903447647116,0.11078628896508927,0.045893110757128146,-0.12159225909220231,0.0,0.013576801447841777,0.4087482948129601,0.0,0.38581366686802177,0.225,0.0,0.38999999999999996,3.0,130.06164512332919,0.05750475127011659,True,False,False
2.775,0.18324172750144513,0.6664792758656244,0.11093040064619779,0.04563829324207262,-0.12159225909220231,0.0,0.013576801447841777,0.4081943519984893,0.0,0.38583345544035935,0.225,0.0,0.38999999999999996,3.0,130.06184735392284,0.05531590545581341,True,False,False
2.7800000000000002,0.1826867924426447,0.6534421239338781,0.11106383592360326,0.04537730926495652,-0.12159225909220231,0.0,0.013576801447841777,0.4076397375605204,0.0,0.38585386965880397,0.225,0.0,0.38999999999999996,3.0,130.06204846724805,0.05317321139175446,True,False,False
2.785,0.18213122594616044,0.6404791878941015,0.11118676510894751,0.04512811715214147,-0.12159225909220231,0.0,0.013576801447841777,0.40708450542986796,0.0,0.3858749124843546,0.225,0.0,0.38999999999999996,3.0,130.06224838680973,0.05107559244480708,True,False,False
2.79,0.18157507973062703,0.6275815825263068,0.11129954909098844,0.04492013483263554,-0.12159225909220231,0.0,0.013576801447841777,0.4065287065062042,0.0,0.3858965510399254,0.225,0.0,0.38999999999999996,3.0,130.06244704050883,0.04902149334177561,True,False,False
2.795,0.18101840443386039,0.6147389791224963,0.11140222581544432,0.044742436242984,-0.12159225909220231,0.0,0.013576801447841777,0.40597239048142897,0.0,0.38591874685692656,0.225,0.0,0.38999999999999996,3.0,130.06264436096228,0.04700928308522512,True,False,False
2.8000000000000003,0.1804612507053723,0.6019439791664216,0.11149480537859287,0.04458666770185015,-0.11817967725355652,0.0,0.008262205552994648,0.4054156073186955,0.0,0.3859414729305453,0.225,0.0,0.38999999999999996,3.0,129.9913438699575,0.050307730164043774,True,False,False
2.805,0.17990367173694707,0.58919079227105,0.1115757519971026,0.04444975052946365,-0.11817967725355652,0.0,0.008262205552994648,0.40485840815287943,0.0,0.38596464113771195,0.225,0.0,0.38999999999999996,3.0,129.99154340290883,0.04818549664135427,True,False,False
2.81,0.17934572082730374,0.5764749758255773,0.11164654219110086,0.04432524185435365,-0.11817967725355652,0.0,0.008262205552994648,0.40430084435912533,0.0,0.38598816860151364,0.225,0.0,0.38999999999999996,3.0,129.9917416589515,0.04610632853163299,True,False,False
2.815,0.17878744887097103,0.5637933787168455,0.11170717175183145,0.04421048829566993,-0.11817967725355652,0.0,0.008262205552994648,0.4037429665405442,0.0,0.3860120448753806,0.225,0.0,0.38999999999999996,3.0,129.99193857085658,0.04406906659477694,True,False,False
2.82,0.17822890682461165,0.5511434858877187,0.11175763511036921,0.04410364784959971,-0.11817967725355652,0.0,0.008262205552994648,0.40318482541675804,0.0,0.38603626197944974,0.225,0.0,0.38999999999999996,3.0,129.99213407531272,0.04207263834749683,True,False,False
2.825,0.1776701457022539,0.5385232271563395,0.11179792612879173,0.04400342034779829,-0.11817967725355652,0.0,0.008262205552994648,0.4026264718018132,0.0,0.3860608136500311,0.225,0.0,0.38999999999999996,3.0,129.99232811273276,0.04011603987532758,True,False,False
2.83,0.17711121657043283,0.5259308493547813,0.11182803852746831,0.043908868612749216,-0.11817967725355652,0.0,0.008262205552994648,0.40206795658772465,0.0,0.3860856948373408,0.225,0.0,0.38999999999999996,3.0,129.99252062708558,0.03819832189133965,True,False,False
2.835,0.17655217054384156,0.5133648305652728,0.11184796611070025,0.04381929925901982,-0.11817967725355652,0.0,0.008262205552994648,0.4015093307323292,0.0,0.38611090136831877,0.225,0.0,0.38999999999999996,3.0,129.99271156574704,0.03631857915219322,True,False,False
2.84,0.1759930587816304,0.5008238224605011,0.11185770288507094,0.04373418292144244,-0.11817967725355652,0.0,0.008262205552994648,0.40095064525032054,0.0,0.3861364297197708,0.225,0.0,0.38999999999999996,3.0,129.99290087936484,0.034475942474259724,True,False,False
2.845,0.1754339324843206,0.4883066115068034,0.11185724312397377,0.04365310067772949,-0.11817967725355652,0.0,0.008262205552994648,0.40039195120659143,0.0,0.38616227686540433,0.225,0.0,0.38999999999999996,3.0,129.99308852173516,0.03266957273388596,True,False,False
2.85,0.17487484289120442,0.4758120928257477,0.11184658140763476,0.04357570796064878,-0.11623953905741069,0.0,0.004444971499937698,0.3998332997111995,0.0,0.38618844017267057,0.225,0.0,0.38999999999999996,3.0,129.94212264355534,0.033882657423251805,True,False,False
2.855,0.1743158429104455,0.4633390015309316,0.11182454963544895,0.04350345369855963,-0.11623953905741069,0.0,0.004444971499937698,0.39927474247921557,0.0,0.3862148681156121,0.225,0.0,0.38999999999999996,3.0,129.942309693916,0.03203907507624826,True,False,False
2.86,0.17375698550310148,0.45088616605131104,0.11179227723595189,0.04343424762767497,-0.11623953905741069,0.0,0.004444971499937698,0.398716331299731,0.0,0.38624150949354374,0.225,0.0,0.38999999999999996,3.0,129.94249507114986,0.030232270559340024,True,False,False
2.865,0.17319832203780605,0.4384527525919656,0.11174976030628975,0.04336781943557942,-0.11623953905741069,0.0,0.004444971499937698,0.3981581174511574,0.0,0.38626836262711023,0.225,0.0,0.38999999999999996,3.0,129.94267873204325,0.02846143549792446,True,False,False
2.87,0.17263990391063774,0.4260380009182182,0.11169699550007184,0.04330392436317696,-0.11623953905741069,0.0,0.004444971499937698,0.3976001522433592,0.0,0.3862954260915109,0.225,0.0,0.38999999999999996,3.0,129.94286063631392,0.026725781388593328,True,False,False
2.875,0.17208178254232667,0.4136412181895849,0.1116339800122872,0.04324233563380439,-0.11623953905741069,0.0,0.004444971499937698,0.39704248701420697,0.0,0.3863226986918343,0.225,0.0,0.38999999999999996,3.0,129.94304074651046,0.025024537216526116,True,False,False
2.88,0.17152400937560766,0.40126177460537105,0.11156071158136721,0.04318283916156657,-0.11623953905741069,0.0,0.004444971499937698,0.39648517312643755,0.0,0.38635017944560435,0.225,0.0,0.38999999999999996,3.0,129.9432190279158,0.023356947733182393,True,False,False
2.8850000000000002,0.1709666358726461,0.38889910033611275,0.11147718850282604,0.0431252298905096,-0.11623953905741069,0.0,0.004444971499937698,0.39592826196469644,0.0,0.38637786757032866,0.225,0.0,0.38999999999999996,3.0,129.94339544845442,0.021722272195828674,True,False,False
2.89,0.1704097135124549,0.3765526833072653,0.11138340965052734,0.0430693092976252,-0.11623953905741069,0.0,0.004444971499937698,0.3953718049326464,0.0,0.3864057624745656,0.225,0.0,0.38999999999999996,3.0,129.94356997860137,0.02011978343110782,True,False,False
2.895,0.1698532937882588,0.3642220675910238,0.1112793745027915,0.043014883723750716,-0.11623953905741069,0.0,0.004444971499937698,0.3948158534500713,0.0,0.38643386375127536,0.225,0.0,0.38999999999999996,3.0,129.94374259129478,0.018548767127417348,True,False,False
2.9,0.16929742820475882,0.3519068521760784,0.11116508317136957,0.04296176329101516,-0.11578439972338535,0.0,0.0013396763166601787,0.3942604589499126,0.0,0.3864621711728192,0.225,0.0,0.38999999999999996,3.0,129.90267018176735,0.017667802111468872,True,False,False
2.9050000000000002,0.168742169455196,0.3396065084737389,0.11103957799539292,0.042911019751359386,-0.11578439972338535,0.0,0.0013396763166601787,0.39370567323135874,0.0,0.38649064507350955,0.225,0.0,0.38999999999999996,3.0,129.9028394804484,0.016133869541177737,True,False,False
2.91,0.16818757023504954,0.3273205718190175,0.1109038039611021,0.042861150709212266,-0.11578439972338535,0.0,0.0013396763166601787,0.39315154811405784,0.0,0.38651924599900844,0.225,0.0,0.38999999999999996,3.0,129.90300681797325,0.014630013694908267,True,False,False
2.915,0.16763368205995904,0.31504881901732257,0.1107577630988343,0.04281196637949397,-0.11578439972338535,0.0,0.0013396763166601787,0.39259813507192376,0.0,0.3865479743059134,0.225,0.0,0.38999999999999996,3.0,129.9031721744996,0.013155552913009738,True,False,False
2.92,0.16708055644351497,0.30279108044202757,0.11060145821984495,0.0427632823896253,-0.11578439972338535,0.0,0.0013396763166601787,0.3920454855786797,0.0,0.38657683052454284,0.225,0.0,0.38999999999999996,3.0,129.90333553230587,0.011709817682793,True,False,False
2.9250000000000003,0.16652824489357496,0.2905472385901862,0.11043489293059323,0.04271491914629486,-0.11578439972338535,0.0,0.0013396763166601787,0.3914936511039319,0.0,0.3866058153531867,0.225,0.0,0.38999999999999996,3.0,129.90349687571242,0.010292150058996002,True,False,False
2.93,0.16597679890851336,0.27831722678195464,0.11025807165034766,0.04266670140863317,-0.11578439972338535,0.0,0.0013396763166601787,0.3909426831091884,0.0,0.386634929652955,0.225,0.0,0.38999999999999996,3.0,129.90365619100393,0.008901903238577591,True,False,False
2.935,0.16542626997339843,0.2661010279413466,0.1100709996305343,0.042618458019775075,-0.11578439972338535,0.0,0.0013396763166601787,0.3903926330438128,0.0,0.3866641744430504,0.225,0.0,0.38999999999999996,3.0,129.90381346635368,0.007538441242217808,True,False,False
2.94,0.1648767095560903,0.25389867346179945,0.10987368297478087,0.04257002175640912,-0.11578439972338535,0.0,0.0013396763166601787,0.3898435523409024,0.0,0.38669355089627444,0.225,0.0,0.38999999999999996,3.0,129.90396869175044,0.006201138670152012,True,False,False
2.945,0.1643281691032542,0.24171024209458583,0.1096661286589592,0.04252122926370332,-0.11578439972338535,0.0,0.0013396763166601787,0.3892954924130838,0.0,0.386723060334697,0.225,0.0,0.38999999999999996,3.0,129.9041218589263,0.004889380510467417,True,False,False
2.95,0.16378070003628634,0.22953585882847627,0.10944834455077034,0.04247192105004067,-0.11682488515083003,0.0,-0.0013143498686251295,0.3887485046482199,0.0,0.3867527042253739,0.225,0.0,0.38999999999999996,3.0,129.86944686855296,0.0019130630919594882,True,False,False
2.955,0.1632343546176565,0.2173755674970471,0.10921952654123986,0.042422814472831256,-0.11682488515083003,0.0,-0.0013143498686251295,0.38820264061824394,0.0,0.38678245082785756,0.225,0.0,0.38999999999999996,3.0,129.86959424573845,0.0007112035054570587,True,False,False
2.96,0.16268918505132807,0.20522946436441297,0.10898049188382411,0.04237284654726718,-0.11682488515083003,0.0,-0.0013143498686251295,0.3876579518529826,0.0,0.3868122685718412,0.225,0.0,0.38999999999999996,3.0,129.8697395005891,0.0004684509042794105,True,False,False
2.965,0.16214524262043697,0.19309781513865992,0.10873125057169453,0.04232188482591667,-0.11682488515083003,0.0,-0.0013143498686251295,0.38711448962687467,0.0,0.38684215936780875,0.225,0.0,0.38999999999999996,3.0,129.8698826351611,0.0016264491778993362,True,False,False
2.97,0.16160257856604737,0.180980923589377,0.10847181348457809,0.04226979622459941,-0.11682488515083003,0.0,-0.0013143498686251295,0.38657230517225516,0.0,0.3868721252392133,0.225,0.0,0.38999999999999996,3.0,129.87002365276334,0.00276333192774858,True,False,False
2.975,0.1610612440830349,0.16887913154233627,0.10820219242340287,0.042216448328394225,-0.11682488515083003,0.0,-0.0013143498686251295,0.3860314496751295,0.0,0.38690216832265073,0.225,0.0,0.38999999999999996,3.0,129.87016255789908,0.003879630928417893,True,False,False
2.98,0.16052129031579623,0.15679281853000726,0.10792240013746679,0.042161710398263136,-0.11682488515083003,0.0,-0.0013143498686251295,0.3854919742707451,0.0,0.3869322908666839,0.225,0.0,0.38999999999999996,3.0,129.87029935620984,0.0049758688559043696,True,False,False
2.985,0.1599827683538184,0.14472240121618513,0.10763245034621804,0.0421054541399895,-0.11682488515083003,0.0,-0.0013143498686251295,0.384953930039002,0.0,0.386962495229705,0.225,0.0,0.38999999999999996,3.0,129.87043405441975,0.006052559127328799,True,False,False
2.99,0.15944572922714204,0.13266833258825872,0.10733235775705041,0.04204755428729487,-0.11682488515083003,0.0,-0.0013143498686251295,0.38441736799974124,0.0,0.386992783877043,0.225,0.0,0.38999999999999996,3.0,129.8705666602816,0.007110205808553094,True,False,False
2.995,0.15891022390173237,0.12063110104197786,0.10702213808005995,0.041987889041063736,-0.11682488515083003,0.0,-0.0013143498686251295,0.38388233910792957,0.0,0.38702315937752907,0.225,0.0,0.38999999999999996,3.0,129.87069718252462,0.008149303567607125,True,False,False
3.0,0.4083595236594555,0.10861122931634062,0.1067018080404104,0.041926340397703155,-0.3193349198187271,0.0,-0.0036792126895699127,0.38334889424877694,0.0,0.3870536243996094,-0.024999999999999994,0.0,0.38999999999999996,3.0,129.89586289776963,0.32839705769971433,True,False,False
3.005,0.4078275052491179,0.09661319497292968,0.10637338197401448,0.041835218220266396,-0.3193349198187271,0.0,-0.0036792126895699127,0.38281708187747365,0.0,0.38708422108841717,-0.024999999999999994,0.0,0.38999999999999996,3.0,129.8957071956019,0.3179440382431079,True,False,False
3.0100000000000002,0.40729716534057664,0.08464140756266018,0.1060357317126196,0.04174370641047805,-0.3193349198187271,0.0,-0.0036792126895699127,0.38228694752216286,0.0,0.38711499175946557,-0.024999999999999994,0.0,0.38999999999999996,3.0,129.89556308279498,0.30777561659424946,True,False,False
3.015,0.4067685503710478,0.07269551821734689,0.10568882507724896,0.041654832543161845,-0.3193349198187271,0.0,-0.0036792126895699127,0.3817585375752842,0.0,0.38714593612900194,-0.024999999999999994,0.0,0.38999999999999996,3.0,129.89543042009262,0.2978868773415969,True,False,False
3.02,0.40624170683460803,0.060774461858294916,0.10533261679863354,0.04157061018431909,-0.3193349198187271,0.0,-0.0036792126895699127,0.3812318984659334,0.0,0.38717705107040024,-0.024999999999999994,0.0,0.38999999999999996,3.0,129.89530903828725,0.28827322842952663,True,False,False
3.025,0.40571668137719114,0.048876710653915155,0.10496705335118289,0.04149229345105845,-0.3193349198187271,0.0,-0.0036792126895699127,0.3807070767626345,0.0,0.387208331602964,-0.024999999999999994,0.0,0.38999999999999996,3.0,129.89519874120623,0.2789302878205303,True,False,False
3.0300000000000002,0.40519352086370414,0.03700046239032044,0.10459207630040342,0.04142057224880781,-0.3193349198187271,0.0,-0.0036792126895699127,0.38018411924610446,0.0,0.3872397716247235,-0.024999999999999994,0.0,0.38999999999999996,3.0,129.89509930859683,0.2698538075527084,True,False,False
3.035,0.40467227242294684,0.02514377989175076,0.104207624640473,0.0413557202609039,-0.3193349198187271,0.0,-0.0036792126895699127,0.37966307295824087,0.0,0.3872713644535911,-0.024999999999999994,0.0,0.38999999999999996,3.0,129.89501049888088,0.26103962316155016,True,False,False
3.04,0.40415298347642276,0.013304693541573284,0.10381363644498401,0.04129770615871734,-0.3193349198187271,0.0,-0.0036792126895699127,0.37914398523381926,0.0,0.38730310322404615,-0.024999999999999994,0.0,0.38999999999999996,3.0,129.8949320517648,0.2524836203024504,True,False,False
3.045,0.4036357017553694,0.0014812761163286881,0.10341005004950055,0.04124627665442907,-0.3193349198187271,0.0,-0.0036792126895699127,0.37862690371953145,0.0,0.38733498117575377,-0.024999999999999994,0.0,0.38999999999999996,3.0,129.89486369070366,0.24418171306654005,True,False,False
3.0500000000000003,0.4031204754489857,0.010328295556987126,0.10299670131869038,0.04120092835372749,-0.3226284334524584,0.0,-0.006654583527969694,0.3781118765237569,0.0,0.38736699188917995,-0.024999999999999994,0.0,0.38999999999999996,3.0,129.85630577644446,0.24147196984576286,True,False,False
3.055,0.40260735443974366,0.022125754418586052,0.10257235839489552,0.04116160445582412,-0.3226284334524584,0.0,-0.006654583527969694,0.3775989532170219,0.0,0.3873990929413715,-0.024999999999999994,0.0,0.38999999999999996,3.0,129.85625544609812,0.23347415083155465,True,False,False
3.06,0.40209638939539233,0.03391263789630408,0.10213789808536114,0.04112700695411975,-0.3226284334524584,0.0,-0.006654583527969694,0.37708818417145995,0.0,0.3874312426138192,-0.024999999999999994,0.0,0.38999999999999996,3.0,129.8562147770903,0.2257232410961109,True,False,False
3.065,0.4015876309718699,0.04569021524832251,0.10169326702682266,0.041096533466629004,-0.3226284334524584,0.0,-0.006654583527969694,0.37657961999459455,0.0,0.3874634364593473,-0.024999999999999994,0.0,0.38999999999999996,3.0,129.85618343165086,0.21821509339506645,True,False,False
3.0700000000000003,0.4010811301204517,0.05745957500839564,0.10123841449583983,0.041069528310326356,-0.3226284334524584,0.0,-0.006654583527969694,0.3760733115943345,0.0,0.3874956706581101,-0.024999999999999994,0.0,0.38999999999999996,3.0,129.85616106572428,0.21094556476683454,True,False,False
3.075,0.40057693807750333,0.06922161252636329,0.10077329273729625,0.04104530070322822,-0.3226284334524584,0.0,-0.006654583527969694,0.37556931016880135,0.0,0.3875279420640853,-0.024999999999999994,0.0,0.38999999999999996,3.0,129.85614733064662,0.20391051540567984,True,False,False
3.08,0.4000751063518969,0.0809770218838772,0.1002978572317217,0.04102313850481885,-0.3226284334524584,0.0,-0.006654583527969694,0.3750676671936911,0.0,0.38756024823401825,-0.024999999999999994,0.0,0.38999999999999996,3.0,129.85614187469412,0.19710580886118179,True,False,False
3.085,0.39957568671053917,0.09272629137588474,0.09981206691855532,0.04100231862220199,-0.3226284334524584,0.0,-0.006654583527969694,0.3745684344076501,0.0,0.3875925874432535,-0.024999999999999994,0.0,0.38999999999999996,3.0,129.85614434450858,0.1905273131048763,True,False,False
3.09,0.39907873116236653,0.10446970153237456,0.09931588438688724,0.04098211493228029,-0.3226284334524584,0.0,-0.006654583527969694,0.3740716637960508,0.0,0.3876249586916751,-0.024999999999999994,0.0,0.38999999999999996,3.0,129.85615438640465,0.18417090214885712,True,False,False
3.095,0.3985842919410777,0.11620732518906585,0.09880927604149213,0.04096180435527989,-0.3226284334524584,0.0,-0.006654583527969694,0.37357740757345487,0.0,0.3876573617021965,-0.024999999999999994,0.0,0.38999999999999996,3.0,129.85617164756513,0.17803245800046577,True,False,False
3.1,0.3980924214868215,0.1279390290379401,0.09829221224947919,0.04094067155086303,-0.3254793769908793,0.0,-0.00885495667483456,0.3730857181649956,0.0,0.387689796913509,-0.024999999999999994,0.0,0.38999999999999996,3.0,129.82783358733676,0.17671501700617231,True,False,False
3.105,0.3976031725631234,0.1396645393792988,0.09776396072927801,0.040918443101434845,-0.3254793769908793,0.0,-0.00885495667483456,0.3725966481685372,0.0,0.3877222385100142,-0.024999999999999994,0.0,0.38999999999999996,3.0,129.8278650530682,0.17083459590520772,True,False,False
3.11,0.3971165980567425,0.15138337692268225,0.09722520974224905,0.04089398471606511,-0.3254793769908793,0.0,-0.00885495667483456,0.37211025031688993,0.0,0.3877546614025152,-0.024999999999999994,0.0,0.38999999999999996,3.0,129.82790303505124,0.16516417917837753,True,False,False
3.115,0.3966327508433031,0.1630948127837109,0.09667594092598722,0.04086666800634827,-0.3254793769908793,0.0,-0.00885495667483456,0.37162657749317624,0.0,0.38778706810424723,-0.024999999999999994,0.0,0.38999999999999996,3.0,129.8279471781434,0.1596996272680181,True,False,False
3.12,0.3961516839257514,0.17479793854667375,0.09611614008343401,0.04083586871271757,-0.3254793769908793,0.0,-0.00885495667483456,0.3711456827104102,0.0,0.3878194617381303,-0.024999999999999994,0.0,0.38999999999999996,3.0,129.82799713267872,0.1544368241777171,True,False,False
3.125,0.39567345041419455,0.18649166816453466,0.09554579732881255,0.040800971820186334,-0.3254793769908793,0.0,-0.00885495667483456,0.3706676190910655,0.0,0.3878518460293633,-0.024999999999999994,0.0,0.38999999999999996,3.0,129.82805255514194,0.14937167800239917,True,False,False
3.13,0.3951981035049277,0.1981747412145313,0.09496490764377029,0.04076136712567255,-0.3254793769908793,0.0,-0.00885495667483456,0.37019243984580624,0.0,0.38788422529309435,-0.024999999999999994,0.0,0.38999999999999996,3.0,129.82811310876554,0.14450013638863443,True,False,False
3.1350000000000002,0.3947256962381294,0.20984546024240022,0.0943736272754676,0.04071410620453231,-0.3254793769908793,0.0,-0.00885495667483456,0.36972019803677625,0.0,0.38791660553804047,-0.024999999999999994,0.0,0.38999999999999996,3.0,129.82817846205165,0.13982254365934235,True,False,False
3.14,0.39425628089070563,0.22150134752897507,0.09377212093857086,0.040657917221374344,-0.3254793769908793,0.0,-0.00885495667483456,0.3692509459775082,0.0,0.38794899595054533,-0.024999999999999994,0.0,0.38999999999999996,3.0,129.82824828606178,0.13533724718079407,True,False,False
3.145,0.39378990922531176,0.23313993559225127,0.09316046136573444,0.04059344590150107,-0.3254793769908793,0.0,-0.00885495667483456,0.3687847354640503,0.0,0.38798140564073236,-0.024999999999999994,0.0,0.38999999999999996,3.0,129.82832225982466,0.1310395740673114,True,False,False
3.15,0.3933266326500022,0.2447589462225075,0.09253870617072758,0.0405213457051441,-0.32668857505176996,0.0,-0.010800569931896924,0.3683216179308653,0.0,0.38801384289739904,-0.024999999999999994,0.0,0.38999999999999996,3.0,129.8029754613111,0.12893273967709434,True,False,False
3.1550000000000002,0.39286650237396065,0.2563563806024502,0.09190622656157525,0.04044289504416695,-0.32668857505176996,0.0,-0.010800569931896924,0.36786164448592895,0.0,0.3880462908709913,-0.024999999999999994,0.0,0.38999999999999996,3.0,129.8030576770594,0.12492372074746493,True,False,False
3.16,0.39240956937770055,0.26793038194416546,0.09126372172483124,0.04035782237927175,-0.32668857505176996,0.0,-0.010800569931896924,0.367404866010525,0.0,0.38807873207119364,-0.024999999999999994,0.0,0.38999999999999996,3.0,129.80314325711902,0.12109032352815272,True,False,False
3.165,0.3919558843836009,0.2794791072061627,0.09061121786447174,0.04026648276023776,-0.32668857505176996,0.0,-0.010800569931896924,0.36695133324792295,0.0,0.38811117282252916,-0.024999999999999994,0.0,0.38999999999999996,3.0,129.8032319132202,0.11742796115891926,True,False,False
3.17,0.39150549799122897,0.29100079592385386,0.08994873456542127,0.04016909755705051,-0.32668857505176996,0.0,-0.010800569931896924,0.3665010968146247,0.0,0.3881436190299459,-0.024999999999999994,0.0,0.38999999999999996,3.0,129.80332336744516,0.1139320848163211,True,False,False
3.1750000000000003,0.39105846071656836,0.30249373224148535,0.08927628636980707,0.040065757865466275,-0.32668857505176996,0.0,-0.010800569931896924,0.36605420724042725,0.0,0.3881760763248495,-0.024999999999999994,0.0,0.38999999999999996,3.0,129.80341735229985,0.11059818973043856,True,False,False
3.18,0.390614823023725,0.3139562087100331,0.0885938842081451,0.03995643298767489,-0.32668857505176996,0.0,-0.010800569931896924,0.3656107150008647,0.0,0.3882085502046602,-0.024999999999999994,0.0,0.38999999999999996,3.0,129.80351361073951,0.10742182114965096,True,False,False
3.185,0.3901746353495152,0.32538649296396394,0.08790153670807847,0.03984098170037839,-0.32668857505176996,0.0,-0.010800569931896924,0.36517067054242003,0.0,0.38824104616164873,-0.024999999999999994,0.0,0.38999999999999996,3.0,129.8036118961515,0.10439858008775506,True,False,False
3.19,0.3897379481213665,0.3367827978477115,0.08719925139729226,0.03971916486727144,-0.32668857505176996,0.0,-0.010800569931896924,0.36473412430093033,0.0,0.3882735697987186,-0.024999999999999994,0.0,0.38999999999999996,3.0,129.80371197230008,0.10152412874785792,True,False,False
3.1950000000000003,0.3893048117689627,0.3481432552317323,0.08648703581299842,0.039590658497555345,-0.32668857505176996,0.0,-0.010800569931896924,0.36430112671362025,0.0,0.38830612693119243,-0.024999999999999994,0.0,0.38999999999999996,3.0,129.80381361323623,0.0987941955565421,True,False,False
3.2,0.3888752767320984,0.3594658956134555,0.08576489692620248,0.03945508843701401,-0.32547202207164894,0.0,-0.012865387324584206,0.3638717282272013,0.0,0.3883387236666354,-0.024999999999999994,0.0,0.38999999999999996,3.0,129.77624331647675,0.09439507693203887,True,False,False
3.205,0.3884493934718709,0.3707487432238302,0.08503207117230749,0.03931276854595891,-0.32547202207164894,0.0,-0.012865387324584206,0.36344597919782107,0.0,0.3883713399033715,-0.024999999999999994,0.0,0.38999999999999996,3.0,129.77634638504128,0.09200645263761177,True,False,False
3.21,0.3880272124457934,0.38198968295639135,0.08428932883563366,0.0391624284455206,-0.32547202207164894,0.0,-0.012865387324584206,0.3630239299861948,0.0,0.3884039559775906,-0.024999999999999994,0.0,0.38999999999999996,3.0,129.7764503162284,0.0897482633026881,True,False,False
3.215,0.3876087839465236,0.39318634962463084,0.08353681093561754,0.03900370019715856,-0.32547202207164894,0.0,-0.012865387324584206,0.36260563090339026,0.0,0.38843657923527075,-0.024999999999999994,0.0,0.38999999999999996,3.0,129.77655492931814,0.08761621035867025,True,False,False
3.22,0.3871941566992907,0.40433645449025596,0.08277489460297172,0.03883763146542199,-0.32547202207164894,0.0,-0.012865387324584206,0.3621911306893676,0.0,0.388469216682892,-0.024999999999999994,0.0,0.38999999999999996,3.0,129.77666005367112,0.0856056957505225,True,False,False
3.225,0.38678337829363924,0.415438092080057,0.08200364662973567,0.03866548945252961,-0.32547202207164894,0.0,-0.012865387324584206,0.36178047694017057,0.0,0.3885018737788162,-0.024999999999999994,0.0,0.38999999999999996,3.0,129.77676552777325,0.08371336031437952,True,False,False
3.23,0.38637649605094043,0.4264896253588718,0.08122310141758204,0.0384878934221682,-0.32547202207164894,0.0,-0.012865387324584206,0.3613737169776539,0.0,0.3885345548545829,-0.024999999999999994,0.0,0.38999999999999996,3.0,129.77687119834943,0.08193604750512662,True,False,False
3.235,0.38597355713873627,0.4374895157900478,0.0804332838903935,0.0383049311385708,-0.32547202207164894,0.0,-0.012865387324584206,0.36097089796674353,0.0,0.3885672637804006,-0.024999999999999994,0.0,0.38999999999999996,3.0,129.7769769200779,0.08027072657715056,True,False,False
3.24,0.3855746086508486,0.44843618692377574,0.07963421314929921,0.03811626689828,-0.32547202207164894,0.0,-0.012865387324584206,0.36057206699767586,0.0,0.38860000450187726,-0.024999999999999994,0.0,0.38999999999999996,3.0,129.77708255532514,0.07871447297404402,True,False,False
3.245,0.3851796976645577,0.45932791677105533,0.0788259055514149,0.03792123476907529,-0.32547202207164894,0.0,-0.012865387324584206,0.3601772711446496,0.0,0.3886327814654954,-0.024999999999999994,0.0,0.38999999999999996,3.0,129.77718797389835,0.07726444774761082,True,False,False
3.25,0.38478887127805417,0.4701627550436319,0.07800837737847155,0.037718919430377695,-0.32160732285106913,0.0,-0.01498246672949781,0.3597865575042066,0.0,0.38866559994724387,-0.024999999999999994,0.0,0.38999999999999996,3.0,129.74815015150472,0.06993417059711836,True,False,False
3.255,0.3844021765714631,0.48093857038882176,0.07718075420620236,0.03750897907421916,-0.32160732285106913,0.0,-0.01498246672949781,0.35939997306181637,0.0,0.38869843826380795,-0.024999999999999994,0.0,0.38999999999999996,3.0,129.74825105851582,0.06890349133368981,True,False,False
3.2600000000000002,0.384019660649846,0.4916528969773903,0.07634393276148826,0.03728944324159038,-0.32160732285106913,0.0,-0.01498246672949781,0.35901756483912306,0.0,0.38873127597453583,-0.024999999999999994,0.0,0.38999999999999996,3.0,129.7483511875033,0.0679651853066521,True,False,False
3.265,0.38364137070119253,0.5023028082423061,0.07549794026153629,0.037059063725895264,-0.32160732285106913,0.0,-0.01498246672949781,0.35863938004204277,0.0,0.38876412199352717,-0.024999999999999994,0.0,0.38999999999999996,3.0,129.74845045153492,0.06711661522534736,True,False,False
3.27,0.3832673539279428,0.512885015500272,0.07464281125350349,0.036816568149834264,-0.32160732285106913,0.0,-0.01498246672949781,0.3582654658923661,0.0,0.38879698660251516,-0.024999999999999994,0.0,0.38999999999999996,3.0,129.74854876962036,0.06635514691511937,True,False,False
3.275,0.38289765742940557,0.5233959706402745,0.07377864516964797,0.03656261649564949,-0.32160732285106913,0.0,-0.01498246672949781,0.3578958695083887,0.0,0.38882988105674465,-0.024999999999999994,0.0,0.38999999999999996,3.0,129.7486460665322,0.0656781843769002,True,False,False
3.2800000000000002,0.38253232668460063,0.5338336578483759,0.07290576469700395,0.03630596383313188,-0.32160732285106913,0.0,-0.01498246672949781,0.35753063636676835,0.0,0.388862810671302,-0.024999999999999994,0.0,0.38999999999999996,3.0,129.7487422725255,0.06508322149431706,True,False,False
3.285,0.3821714056167577,0.5441975999767689,0.07202426019376619,0.03604769247306182,-0.32160732285106913,0.0,-0.01498246672949781,0.35716981036934653,0.0,0.38889577477564063,-0.024999999999999994,0.0,0.38999999999999996,3.0,129.7488373233187,0.06456741649814252,True,False,False
3.29,0.3818149378885722,0.5544872253162663,0.07113419461099593,0.03578694029884777,-0.32160732285106913,0.0,-0.01498246672949781,0.356813435158571,0.0,0.3889287730091455,-0.024999999999999994,0.0,0.38999999999999996,3.0,129.748931160119,0.06412786272897968,True,False,False
3.295,0.38146296696979354,0.5647016312175579,0.07023563968869273,0.03552228843780367,-0.32160732285106913,0.0,-0.01498246672949781,0.3564615541874656,0.0,0.38896180624111143,-0.024999999999999994,0.0,0.38999999999999996,3.0,129.7490237294592,0.06376164638318214,True,False,False
3.3000000000000003,0.3811155361528184,0.5748394481069957,0.06932867554062079,0.03525191993538185,-0.3151135879126239,0.0,-0.017133000714544905,0.3561142107361176,0.0,0.38899487710385044,-0.024999999999999994,0.0,0.38999999999999996,3.0,129.71870779686117,0.05333391882513196,True,False,False
3.305,0.38077268839132467,0.5848988945577762,0.06841234525698148,0.034974784214907774,-0.3151135879126239,0.0,-0.017133000714544905,0.3557714476751929,0.0,0.3890279608574404,-0.024999999999999994,0.0,0.38999999999999996,3.0,129.718791739216,0.05347031321848367,True,False,False
3.31,0.38043446645336504,0.5948775528047767,0.06748775999929474,0.034687531593413264,-0.3151135879126239,0.0,-0.017133000714544905,0.3554333077041538,0.0,0.3890610351800233,-0.024999999999999994,0.0,0.38999999999999996,3.0,129.71887402471614,0.053661911950952254,True,False,False
3.315,0.3801009130837147,0.6047721969624956,0.06655502256637397,0.034387875048999046,-0.3151135879126239,0.0,-0.017133000714544905,0.3550998335832092,0.0,0.38909410978022946,-0.024999999999999994,0.0,0.38999999999999996,3.0,129.71895464067754,0.05390607684526408,True,False,False
3.3200000000000003,0.3797720708215062,0.6145789498618358,0.06561424429536748,0.03407356738064977,-0.3151135879126239,0.0,-0.017133000714544905,0.3547710678695237,0.0,0.38912719687401714,-0.024999999999999994,0.0,0.38999999999999996,3.0,129.71903357772482,0.054200269311624874,True,False,False
3.325,0.37944798195163054,0.6242936332247029,0.06466544981283022,0.03374752127680518,-0.3151135879126239,0.0,-0.017133000714544905,0.3544470528645143,0.0,0.38916030981938066,-0.024999999999999994,0.0,0.38999999999999996,3.0,129.71911082955114,0.054542048515604624,True,False,False
3.33,0.37912868823789747,0.633915181736201,0.0637084571237815,0.03342412632752772,-0.3151135879126239,0.0,-0.017133000714544905,0.35412783031804196,0.0,0.3891934497394154,-0.024999999999999994,0.0,0.38999999999999996,3.0,129.71918639269336,0.05492908599781929,True,False,False
3.335,0.3788142308799401,0.6434444962479251,0.06274336912967654,0.033103374210440656,-0.3151135879126239,0.0,-0.017133000714544905,0.35381344139973514,0.0,0.3892266100272426,-0.024999999999999994,0.0,0.38999999999999996,3.0,129.71926026626375,0.05535922585549663,True,False,False
3.34,0.37850465057588073,0.6528821088633979,0.061770335365266056,0.03278361010842919,-0.3151135879126239,0.0,-0.017133000714544905,0.35350392678290066,0.0,0.38925978550800167,-0.024999999999999994,0.0,0.38999999999999996,3.0,129.71933245170717,0.05583042055889967,True,False,False
3.345,0.3781999874725932,0.6622280094389054,0.06078952970011828,0.032462717111824455,-0.3151135879126239,0.0,-0.017133000714544905,0.3531993265954746,0.0,0.38929297312696365,-0.024999999999999994,0.0,0.38999999999999996,3.0,129.7194029526018,0.056340714878762424,True,False,False
3.35,0.377900281119006,0.6714815253805508,0.05980114856581434,0.032138201422503655,-0.30618865672420853,0.0,-0.01920102391882635,0.35289968037328207,0.0,0.38932617242932005,-0.024999999999999994,0.0,0.38999999999999996,3.0,129.68935524015538,0.04291102515228985,True,False,False
3.355,0.3776055701832037,0.6806413593562503,0.058804200564831294,0.03180822610800103,-0.30618865672420853,0.0,-0.01920102391882635,0.3526050267269488,0.0,0.38935935663385157,-0.024999999999999994,0.0,0.38999999999999996,3.0,129.689415385615,0.04399710515075676,True,False,False
3.36,0.37731589264742793,0.6897054049989622,0.0578000806885571,0.0314689681554746,-0.30618865672420853,0.0,-0.01920102391882635,0.35231540359580926,0.0,0.3893925021342233,-0.024999999999999994,0.0,0.38999999999999996,3.0,129.68947363388983,0.04510364725421362,True,False,False
3.365,0.37703128602596037,0.6986705660448208,0.05678903481590427,0.03111736854101746,-0.30618865672420853,0.0,-0.01920102391882635,0.3520308485094091,0.0,0.3894256180150999,-0.024999999999999994,0.0,0.38999999999999996,3.0,129.6895300179142,0.0462290626929165,True,False,False
3.37,0.3767517871049239,0.7075328672246205,0.05577132149462525,0.03075036447029094,-0.30618865672420853,0.0,-0.01920102391882635,0.35175139827118834,0.0,0.38945871684086963,-0.024999999999999994,0.0,0.38999999999999996,3.0,129.6895845709049,0.047371808610284505,True,False,False
3.375,0.3764774319227447,0.716287465372543,0.05474720989771452,0.03036497272263834,-0.30618865672420853,0.0,-0.01920102391882635,0.35147708893737806,0.0,0.3894918146181088,-0.024999999999999994,0.0,0.38999999999999996,3.0,129.68963732628416,0.04853037961445987,True,False,False
3.38,0.37620825575500444,0.7249286828956503,0.05371697818022394,0.029958362289350685,-0.30618865672420853,0.0,-0.01920102391882635,0.3512079558001844,0.0,0.38952493066892047,-0.024999999999999994,0.0,0.38999999999999996,3.0,129.6896883176143,0.049703301601573074,True,False,False
3.3850000000000002,0.3759442931028155,0.7334500603556087,0.05268091229679578,0.029527914901892677,-0.30618865672420853,0.0,-0.01920102391882635,0.35094403337445645,0.0,0.38955808742809644,-0.024999999999999994,0.0,0.38999999999999996,3.0,129.68973757854016,0.05088912787705413,True,False,False
3.39,0.37568557768380373,0.7418444245601022,0.05163930530856606,0.029071272806108692,-0.30618865672420853,0.0,-0.01920102391882635,0.350685355386982,0.0,0.38959131017828724,-0.024999999999999994,0.0,0.38999999999999996,3.0,129.68978514273718,0.0520864374457474,True,False,False
3.395,0.3754321424247874,0.7501039685180513,0.050592457180943275,0.028586373814286147,-0.30618865672420853,0.0,-0.01920102391882635,0.3504319547675449,0.0,0.38962462673779524,-0.024999999999999994,0.0,0.38999999999999996,3.0,129.68983104386507,0.05329383521181873,True,False,False
3.4,0.375184019455282,0.7582203396718917,0.04954067505242495,0.028071474235115516,-0.2952225121584874,0.0,-0.02140732250296182,0.3501838636409138,0.0,0.38965806711535617,-0.024999999999999994,0.0,0.38999999999999996,3.0,129.65722670629918,0.03731072910149133,True,False,False
3.4050000000000002,0.3749412397642231,0.7661848817118252,0.048482646162485106,0.027526213844785735,-0.2952225121584874,0.0,-0.02140732250296182,0.34994111295595287,0.0,0.38969163125316175,-0.024999999999999994,0.0,0.38999999999999996,3.0,129.65726286841863,0.039153403132433956,True,False,False
3.41,0.3747038335186706,0.7739885983450793,0.04742022086475572,0.026948544236355357,-0.2952225121584874,0.0,-0.02140732250296182,0.3497037328406821,0.0,0.38972532046616426,-0.024999999999999994,0.0,0.38999999999999996,3.0,129.65729731047622,0.04098593305221246,True,False,False
3.415,0.3744718303976973,0.7816220856153031,0.04635372130825368,0.02633768390941205,-0.2952225121584874,0.0,-0.02140732250296182,0.34947175295587496,0.0,0.3897591690304186,-0.024999999999999994,0.0,0.38999999999999996,3.0,129.6573300840789,0.04280721434096603,True,False,False
3.42,0.3742452592504258,0.7890757600492155,0.04528348087381224,0.025693159438015534,-0.2952225121584874,0.0,-0.02140732250296182,0.3492452021203925,0.0,0.38979321198053146,-0.024999999999999994,0.0,0.38999999999999996,3.0,129.65736123941187,0.044616202181674613,True,False,False
3.4250000000000003,0.37402414808401585,0.796339945175528,0.044209845944311925,0.025014792503694552,-0.2952225121584874,0.0,-0.02140732250296182,0.3490241082984761,0.0,0.38982748477281315,-0.024999999999999994,0.0,0.38999999999999996,3.0,129.6573908252507,0.046411912918061834,True,False,False
3.43,0.37380852405014736,0.8034049537706413,0.04313317788531632,0.024302683390712492,-0.2952225121584874,0.0,-0.02140732250296182,0.34880849858568963,0.0,0.3898620229655696,-0.024999999999999994,0.0,0.38999999999999996,3.0,129.6574188889766,0.048193424494371834,True,False,False
3.435,0.3735984134396104,0.8102611918091657,0.04205383245275159,0.02355758096720088,-0.2952225121584874,0.0,-0.02140732250296182,0.34859839920308594,0.0,0.3898968618124756,-0.024999999999999994,0.0,0.38999999999999996,3.0,129.6574454766067,0.0499597679866738,True,False,False
3.44,0.37339384173621576,0.8168994167298913,0.04097216843494311,0.022780686120817042,-0.2952225121584874,0.0,-0.02140732250296182,0.3483938355507775,0.0,0.3899320352369851,-0.024999999999999994,0.0,0.38999999999999996,3.0,129.6574706329134,0.05170999409841343,True,False,False
3.4450000000000003,0.37319483354154337,0.8233106319595969,0.03988862887063595,0.021972464417967123,-0.2952225121584874,0.0,-0.02140732250296182,0.34819483213303704,0.0,0.38996757632737283,-0.024999999999999994,0.0,0.38999999999999996,3.0,129.6574944006036,0.053446779716441295,True,False,False
3.45,0.3730014120285014,0.8294846264646156,0.038804328259393915,0.021123024559506993,-0.2826859828000106,0.0,-0.025336813518126403,0.34800141201186174,0.0,0.39000352323965626,-0.024999999999999994,0.0,0.38999999999999996,3.0,129.60150710412148,0.03556257176193334,True,False,False
3.455,0.372813598108072,0.8354099600574489,0.037715709900265106,0.020237410677502676,-0.2826859828000106,0.0,-0.025336813518126403,0.347813595976625,0.0,0.39003986558440046,-0.024999999999999994,0.0,0.38999999999999996,3.0,129.60152362242016,0.03797556997409883,True,False,False
3.46,0.37263141194779964,0.8410763961876282,0.03662687411241836,0.019316168887716686,-0.2826859828000106,0.0,-0.025336813518126403,0.3476314040770733,0.0,0.3900765882477544,-0.024999999999999994,0.0,0.38999999999999996,3.0,129.60153881586126,0.040354691650002834,True,False,False
3.465,0.37245487350192724,0.8464742166222881,0.035538249468886174,0.018362651273620124,-0.2826859828000106,0.0,-0.025336813518126403,0.34745485613877863,0.0,0.39011372764996066,-0.024999999999999994,0.0,0.38999999999999996,3.0,129.6015527323205,0.04269871644012188,True,False,False
3.47,0.37228400184420396,0.8515946200970497,0.03445032175862164,0.01737992437767605,-0.2826859828000106,0.0,-0.025336813518126403,0.3472839710925028,0.0,0.39015131666069247,-0.024999999999999994,0.0,0.38999999999999996,3.0,129.60156541778704,0.04500657259315599,True,False,False
3.475,0.37211881510717665,0.856429652025423,0.03336363446894305,0.016370842504695796,-0.2826859828000106,0.0,-0.025336813518126403,0.34711876691472293,0.0,0.39018938488651744,-0.024999999999999994,0.0,0.38999999999999996,3.0,129.60157691641533,0.047277322155389115,True,False,False
3.48,0.3719593304306308,0.8609721511995915,0.03227879148995858,0.015338096879213524,-0.2826859828000106,0.0,-0.025336813518126403,0.3469592605772135,0.0,0.39022795889042805,-0.024999999999999994,0.0,0.38999999999999996,3.0,129.6015872705813,0.04951014823602066,True,False,False
3.485,0.3718055639172478,0.8652157081717363,0.031196461810259136,0.014284249213434524,-0.2826859828000106,0.0,-0.025336813518126403,0.3468054680037884,0.0,0.3902670623643415,-0.024999999999999994,0.0,0.38999999999999996,3.0,129.6015965209445,0.051704343773581456,True,False,False
3.49,0.37165753059413226,0.8691546317017044,0.030117386179483594,0.01321175505415563,-0.2826859828000106,0.0,-0.025336813518126403,0.3466574040328789,0.0,0.3903067162690328,-0.024999999999999994,0.0,0.38999999999999996,3.0,129.6016047065128,0.05385930146847945,True,False,False
3.495,0.3715152443792964,0.8727839208346162,0.029042385871085645,0.012122980298680539,-0.2826859828000106,0.0,-0.025336813518126403,0.3465150823850528,0.0,0.3903469389509779,-0.024999999999999994,0.0,0.38999999999999996,3.0,129.60161186471007,0.05597450467077945,True,False,False
3.5,0.371378718052462,0.8760992410147093,0.027972373813057772,0.011020213039226014,-0.2690960921404431,0.0,-0.031099437331264756,0.34637851563484584,0.0,0.39038774624257533,-0.024999999999999994,0.0,0.38999999999999996,3.0,129.52097630858822,0.03683855653431611,True,False,False
3.505,0.3712479622454566,0.8790977197304585,0.026898777665625182,0.00991162005231622,-0.2690960921404431,0.0,-0.031099437331264756,0.346247714294705,0.0,0.390429071510354,-0.024999999999999994,0.0,0.38999999999999996,3.0,129.5209798510223,0.03963120263423407,True,False,False
3.5100000000000002,0.3711229864354549,0.8817774309240675,0.025831021961881914,0.008796718332288747,-0.2690960921404431,0.0,-0.031099437331264756,0.34612268775462707,0.0,0.3904708445097823,-0.024999999999999994,0.0,0.38999999999999996,3.0,129.52098252152848,0.04236299161727054,True,False,False
3.515,0.37100379650774024,0.8841444485245824,0.02476674304705785,0.007742429544073984,-0.2690960921404431,0.0,-0.031099437331264756,0.3460034417795029,0.0,0.39051304085584726,-0.024999999999999994,0.0,0.38999999999999996,3.0,129.52098435282934,0.045034499365809694,True,False,False
3.52,0.37089039009201596,0.8862203098706388,0.023706112423266007,0.006759843693324504,-0.2690960921404431,0.0,-0.031099437331264756,0.34588997397834603,0.0,0.39055557623202475,-0.024999999999999994,0.0,0.38999999999999996,3.0,129.52098537528954,0.04764711000934229,True,False,False
3.525,0.3707827641698741,0.8880223712451124,0.02265112883189374,0.005828136430369504,-0.2690960921404431,0.0,-0.031099437331264756,0.3457822813234265,0.0,0.3905983828606009,-0.024999999999999994,0.0,0.38999999999999996,3.0,129.52098561701294,0.050201981564398805,True,False,False
3.5300000000000002,0.3706809158938612,0.8895630940698896,0.021603692744502974,0.00493348752432297,-0.2690960921404431,0.0,-0.031099437331264756,0.3456803609557397,0.0,0.39064141221874976,-0.024999999999999994,0.0,0.38999999999999996,3.0,129.52098510410286,0.052699960979344505,True,False,False
3.535,0.37058484230132094,0.8908516861804011,0.020565731329961135,0.004066639447755704,-0.2690960921404431,0.0,-0.031099437331264756,0.34558420989994376,0.0,0.3906846286068705,-0.024999999999999994,0.0,0.38999999999999996,3.0,129.52098386089804,0.05514097287626672,True,False,False
3.54,0.37049454102112106,0.8918941407220645,0.019539741726876225,0.00321082968332077,-0.2690960921404431,0.0,-0.031099437331264756,0.34549382576548665,0.0,0.39072800831342935,-0.024999999999999994,0.0,0.38999999999999996,3.0,129.52098192509928,0.05738587897441235,True,False,False
3.545,0.37041001208807556,0.8926909411056712,0.018529042222398567,0.002350641469850332,-0.2690960921404431,0.0,-0.031099437331264756,0.3454092085382573,0.0,0.39077154724423935,-0.024999999999999994,0.0,0.38999999999999996,3.0,129.52097937882033,0.05935818380951677,True,False,False
3.5500000000000003,0.37033125423101215,0.893240751600261,0.017536762529390102,0.0014885197698739482,-0.2551163331592494,0.0,-0.03553963618970032,0.34533035688308933,0.0,0.39081524913874793,-0.024999999999999994,0.0,0.38999999999999996,3.0,129.45771304202216,0.03928113601119082,True,False,False
3.555,0.3702582616138951,0.8935449241634664,0.016552747687059315,0.000636182099271585,-0.2551163331592494,0.0,-0.03553963618970032,0.3452572650581932,0.0,0.39085904887544365,-0.024999999999999994,0.0,0.38999999999999996,3.0,129.45771094692455,0.04186065108139368,True,False,False
3.56,0.3701910267444963,0.8936059778157561,0.015592002015924296,0.00020850742873915315,-0.2551163331592494,0.0,-0.03553963618970032,0.3451899257067931,0.0,0.3909028772582082,-0.024999999999999994,0.0,0.38999999999999996,3.0,129.4577084309264,0.044381950680867296,True,False,False
3.565,0.37012954191478264,0.8934263120739095,0.014658744804172825,0.001044153191139196,-0.2551163331592494,0.0,-0.03553963618970032,0.34512833113358254,0.0,0.3909467261039445,-0.024999999999999994,0.0,0.38999999999999996,3.0,129.45770550156644,0.04684412794332705,True,False,False
3.5700000000000003,0.37007379843657817,0.8930086741926723,0.01375815687265616,0.001869717752988863,-0.2551163331592494,0.0,-0.03553963618970032,0.34507247267099483,0.0,0.3909905859139092,-0.024999999999999994,0.0,0.38999999999999996,3.0,129.45770216563628,0.049246545851096724,True,False,False
3.575,0.37002378691843923,0.8923563539980274,0.012896097731012253,0.002681829538471829,-0.2551163331592494,0.0,-0.03553963618970032,0.34502234095928846,0.0,0.39103444500608875,-0.024999999999999994,0.0,0.38999999999999996,3.0,129.4576984295746,0.05158411548393252,True,False,False
3.58,0.3699794979174249,0.8914734953156273,0.012080081414785655,0.0034793439580277806,-0.2551163331592494,0.0,-0.03553963618970032,0.34497792660376403,0.0,0.3910782880921028,-0.024999999999999994,0.0,0.38999999999999996,3.0,129.45769430009233,0.053854258531965474,True,False,False
3.585,0.36994092171563187,0.8903641189967492,0.011319764883641925,0.004263433580566236,-0.2551163331592494,0.0,-0.03553963618970032,0.3449392199410243,0.0,0.39112210036883305,-0.024999999999999994,0.0,0.38999999999999996,3.0,129.45768978342787,0.05605807258733969,True,False,False
3.59,0.36990804837185653,0.8890318876833025,0.010626717420870796,0.005035456097599084,-0.2551163331592494,0.0,-0.03553963618970032,0.34490621108725195,0.0,0.39116586849565554,-0.024999999999999994,0.0,0.38999999999999996,3.0,129.4576848852357,0.05819694853289592,True,False,False
3.595,0.36988086840655066,0.8874799563988496,0.010014662587290965,0.005797578935061755,-0.2551163331592494,0.0,-0.03553963618970032,0.34487889062050914,0.0,0.3912095811363805,-0.024999999999999994,0.0,0.38999999999999996,3.0,129.45767961064075,0.06027209603165873,True,False,False
3.6,0.36985937203047237,0.8857108939911448,0.009499028329054774,0.006551556747349642,-0.24134641181201325,0.0,-0.038048738893242784,0.34485724880700963,0.0,0.3912532293026973,-0.024999999999999994,0.0,0.38999999999999996,3.0,129.42006714619828,0.04061030158712298,True,False,False
3.605,0.3698435481664749,0.8837270040694768,0.009081759077993483,0.007297515938209194,-0.24134641181201325,0.0,-0.038048738893242784,0.3448412747527103,0.0,0.3912967689300235,-0.024999999999999994,0.0,0.38999999999999996,3.0,129.4200653432569,0.04334008499424001,True,False,False
3.61,0.36983338488375117,0.881530323929477,0.008790825865782033,0.008037198224060092,-0.24134641181201325,0.0,-0.038048738893242784,0.3448309567268804,0.0,0.3913401571001769,-0.024999999999999994,0.0,0.38999999999999996,3.0,129.4200633336034,0.04598755141945677,True,False,False
3.615,0.3698288701295934,0.8791223506222307,0.00863870715785888,0.008773305289862945,-0.24134641181201325,0.0,-0.038048738893242784,0.3448262827536825,0.0,0.3913833892890281,-0.024999999999999994,0.0,0.38999999999999996,3.0,129.42006110746414,0.048553433112339964,True,False,False
3.62,0.369829991592122,0.876503743892165,0.008632231753336434,0.009507745764446074,-0.24134641181201325,0.0,-0.038048738893242784,0.34482724058767233,0.0,0.3914264642781754,-0.024999999999999994,0.0,0.38999999999999996,3.0,129.42005865500613,0.051038531933141645,True,False,False
3.625,0.3698367361515013,0.8736749571184425,0.008770755047220418,0.010240636406079077,-0.24134641181201325,0.0,-0.038048738893242784,0.3448338171727095,0.0,0.39146938172646595,-0.024999999999999994,0.0,0.38999999999999996,3.0,129.420055966459,0.05344370750563571,True,False,False
3.63,0.36984908974694364,0.8706364473007671,0.009046538380874566,0.010971851585465105,-0.24134641181201325,0.0,-0.038048738893242784,0.3448459985117646,0.0,0.3915121413553579,-0.024999999999999994,0.0,0.38999999999999996,3.0,129.42005303223016,0.05576982394949391,True,False,False
3.6350000000000002,0.3698670373680528,0.8673887347732354,0.009446409034794967,0.011701083034039297,-0.24134641181201325,0.0,-0.038048738893242784,0.3448637696592052,0.0,0.3915547427127853,-0.024999999999999994,0.0,0.38999999999999996,3.0,129.4200498430103,0.05801774647885666,True,False,False
3.64,0.36989056304826207,0.8639324491491092,0.009954215344464246,0.012427882131569421,-0.24134641181201325,0.0,-0.038048738893242784,0.34488711471510497,0.0,0.39159718499089136,-0.024999999999999994,0.0,0.38999999999999996,3.0,129.42004638986816,0.060188337937589285,True,False,False
3.645,0.36991964986078196,0.8602683647909025,0.010553150651547076,0.013151691617048558,-0.24134641181201325,0.0,-0.038048738893242784,0.344916016822005,0.0,0.3916394668845808,-0.024999999999999994,0.0,0.38999999999999996,3.0,129.42004266433668,0.0622824554987543,True,False,False
3.65,0.36995427991696495,0.8563974282009607,0.011227391848134014,0.013871870794626533,-0.22817340055645136,0.0,-0.03951585652247093,0.3449504581640428,0.0,0.39168158648152035,-0.024999999999999994,0.0,0.38999999999999996,3.0,129.3964667514278,0.04352032651077992,True,False,False
3.6550000000000002,0.3699944339551971,0.8523209249668986,0.011956310578950007,0.01458672060522536,-0.22817340055645136,0.0,-0.03951585652247093,0.34499041966592275,0.0,0.3917235176996853,-0.024999999999999994,0.0,0.38999999999999996,3.0,129.3964688918814,0.046212568156041585,True,False,False
3.66,0.37004009175890007,0.8480403195073307,0.012735597268548724,0.015296646173653321,-0.22817340055645136,0.0,-0.03951585652247093,0.34503588131206875,0.0,0.3917652338473225,-0.024999999999999994,0.0,0.38999999999999996,3.0,129.39647092781053,0.048811253183307535,True,False,False
3.665,0.3700912325719749,0.8435571341961793,0.013555343709327651,0.01600086040221874,-0.22817340055645136,0.0,-0.03951585652247093,0.34508682244811645,0.0,0.39180673099823693,-0.024999999999999994,0.0,0.38999999999999996,3.0,129.39647283328665,0.05131738641323363,True,False,False
3.67,0.37014783469074863,0.8388731222316106,0.014407438401696374,0.016698542118839643,-0.22817340055645136,0.0,-0.03951585652247093,0.345143221477955,0.0,0.3918480043753607,-0.024999999999999994,0.0,0.38999999999999996,3.0,129.39647458337546,0.05373197988478973,True,False,False
3.6750000000000003,0.37020987547215034,0.8339902748419662,0.01528528650483141,0.0173888535506973,-0.22817340055645136,0.0,-0.03951585652247093,0.34520505587248723,0.0,0.39188904831957005,-0.024999999999999994,0.0,0.38999999999999996,3.0,129.39647615423706,0.056056051250759326,True,False,False
3.68,0.37027733134430224,0.8289108236875916,0.016183535609136213,0.018070956511327795,-0.22817340055645136,0.0,-0.03951585652247093,0.3452723021807165,0.0,0.39192985627712684,-0.024999999999999994,0.0,0.38999999999999996,3.0,129.3964775232126,0.05829062253259843,True,False,False
3.685,0.3703501778194243,0.8236372388285625,0.017097834331807137,0.018744027204245874,-0.22817340055645136,0.0,-0.03951585652247093,0.34534493604305333,0.0,0.39197042080429273,-0.024999999999999994,0.0,0.38999999999999996,3.0,129.39647866890115,0.060436719285721856,True,False,False
3.69,0.37042838950888246,0.8181722226584344,0.018024631220560243,0.01940726950594579,-0.22817340055645136,0.0,-0.03951585652247093,0.34542293220666587,0.0,0.39201073358755967,-0.024999999999999994,0.0,0.38999999999999996,3.0,129.39647957122503,0.06249537019963765,True,False,False
3.6950000000000003,0.3705119401401971,0.8125187002709409,0.01896101225695874,0.02005992659949779,-0.22817340055645136,0.0,-0.03951585652247093,0.34550626454268946,0.0,0.3920507854777243,-0.024999999999999994,0.0,0.38999999999999996,3.0,129.39648021148483,0.06446760712790574,True,False,False
3.7,0.370600802575793,0.8066798067400509,0.019904571716536704,0.02070129086602836,-0.2160807245312107,0.0,-0.0402928880573286,0.3455949060650734,0.0,0.3920905665359651,-0.024999999999999994,0.0,0.38999999999999996,3.0,129.38245191714657,0.0472515085099441,True,False,False
3.705,0.3706949485801281,0.8006589652207203,0.020851107980914614,0.021330081902210238,-0.2160807245312107,0.0,-0.0402928880573286,0.3456888287792279,0.0,0.39213005190266526,-0.024999999999999994,0.0,0.38999999999999996,3.0,129.38245976375995,0.04974241027288125,True,False,False
3.71,0.3707943491006991,0.7944597496796892,0.021801390243908026,0.02194650777923198,-0.2160807245312107,0.0,-0.0402928880573286,0.345788003886511,0.0,0.3921692161874295,-0.024999999999999994,0.0,0.38999999999999996,3.0,129.3824674865128,0.05213200306897172,True,False,False
3.715,0.37089897464887156,0.7880847665581409,0.022754799022546082,0.02256016931049453,-0.2160807245312107,0.0,-0.0402928880573286,0.34589240205677557,0.0,0.3922080516614106,-0.024999999999999994,0.0,0.38999999999999996,3.0,129.38247504969598,0.05442153776051457,True,False,False
3.72,0.3710087953590093,0.7815332394150296,0.02371064601274235,0.023178837008303622,-0.2160807245312107,0.0,-0.0402928880573286,0.34600199350488714,0.0,0.3922465638523944,-0.024999999999999994,0.0,0.38999999999999996,3.0,129.38248241959298,0.05661226020206872,True,False,False
3.725,0.3711237807494171,0.7748039213435506,0.02466765280074121,0.023801132118358756,-0.2160807245312107,0.0,-0.0402928880573286,0.3461167478151347,0.0,0.39228476013163804,-0.024999999999999994,0.0,0.38999999999999996,3.0,129.3824895645314,0.05870541868420223,True,False,False
3.73,0.37124389966481913,0.7678960010628071,0.0256247059663128,0.02442542728067964,-0.2160807245312107,0.0,-0.0402928880573286,0.3462366339050412,0.0,0.39232264616260515,-0.024999999999999994,0.0,0.38999999999999996,3.0,129.38249645492752,0.0607022999555876,True,False,False
3.735,0.3713691202996125,0.7608091617185225,0.026580832890959184,0.0250499083191427,-0.2160807245312107,0.0,-0.0402928880573286,0.34636162005099436,0.0,0.3923602256690749,-0.024999999999999994,0.0,0.38999999999999996,3.0,129.3825030633195,0.06260423149162131,True,False,False
3.74,0.3714994102180188,0.7535436257334156,0.02753518178658726,0.02567263432360959,-0.2160807245312107,0.0,-0.0402928880573286,0.3464916739105268,0.0,0.3923975002587295,-0.024999999999999994,0.0,0.38999999999999996,3.0,129.3825093643898,0.06441258168561373,True,False,False
3.745,0.3716347363716505,0.7461001829047167,0.02848700506499277,0.026291594257396744,-0.2160807245312107,0.0,-0.0402928880573286,0.3466267625416537,0.0,0.39243446931290527,-0.024999999999999994,0.0,0.38999999999999996,3.0,129.38251533497674,0.06612875797798913,True,False,False
3.75,0.37177506511474817,0.7384802029449844,0.029435645373332636,0.026904758777101537,-0.20553298703071354,0.0,-0.0403801834872163,0.3467668524195062,0.0,0.39247112993755917,-0.024999999999999994,0.0,0.38999999999999996,3.0,129.37817433981232,0.051068823612943945,True,False,False
3.755,0.3719203621339437,0.7306856527701805,0.030380060350985474,0.027509983024577273,-0.20553298703071354,0.0,-0.0403801834872163,0.3469119093984565,0.0,0.3925074723205029,-0.024999999999999994,0.0,0.38999999999999996,3.0,129.3781876116272,0.05320653205204172,True,False,False
3.7600000000000002,0.37207059254741587,0.7227190770437946,0.03132023863511184,0.028105412484312656,-0.20553298703071354,0.0,-0.0403801834872163,0.3470618987824452,0.0,0.392543484418402,-0.024999999999999994,0.0,0.38999999999999996,3.0,129.37820064681054,0.055240735929518565,True,False,False
3.765,0.37222572099580203,0.7145835433652991,0.03225572740577121,0.02868924145497781,-0.20553298703071354,0.0,-0.0403801834872163,0.3472167853836773,0.0,0.39257915673935584,-0.024999999999999994,0.0,0.38999999999999996,3.0,129.3782134083974,0.05717310329230539,True,False,False
3.77,0.37238571156474143,0.7062826179392762,0.033186126420502164,0.02925979800186109,-0.20553298703071354,0.0,-0.0403801834872163,0.3473765334755207,0.0,0.39261447783184594,-0.024999999999999994,0.0,0.38999999999999996,3.0,129.37822586213414,0.0590053260856869,True,False,False
3.775,0.37255052779310655,0.6978203246261956,0.03411108133617691,0.02981556150668597,-0.20553298703071354,0.0,-0.0403801834872163,0.347541106800373,0.0,0.39264943444443307,-0.024999999999999994,0.0,0.38999999999999996,3.0,129.37823797647295,0.06073911008684627,True,False,False
3.7800000000000002,0.37272013268112,0.6892010995339012,0.03503027799535757,0.030355177404055654,-0.20553298703071354,0.0,-0.0403801834872163,0.3477104685771679,0.0,0.3926840117025808,-0.024999999999999994,0.0,0.38999999999999996,3.0,129.37824972255262,0.06237616474993945,True,False,False
3.785,0.37289448869826386,0.6804297415755428,0.035943437400212636,0.03087746612321983,-0.20553298703071354,0.0,-0.0403801834872163,0.34788458150842805,0.0,0.3927181933014596,-0.024999999999999994,0.0,0.38999999999999996,3.0,129.37826107417212,0.06391819379524738,True,False,False
3.79,0.37307355779221246,0.6715113635082387,0.03685031104337552,0.03138141748198413,-0.20553298703071354,0.0,-0.0403801834872163,0.3480634077882299,0.0,0.39275196169526694,-0.024999999999999994,0.0,0.38999999999999996,3.0,129.3782720077505,0.06536688733401814,True,False,False
3.795,0.37325730139826446,0.662451342171024,0.0377506773128528,0.03186619836384538,-0.20553298703071354,0.0,-0.0403801834872163,0.34824690911051814,0.0,0.39278529828913067,-0.024999999999999994,0.0,0.38999999999999996,3.0,129.3782825022816,0.0667239140139296,True,False,False
3.8000000000000003,0.37344568044896964,0.6532552677020595,0.03864433816625815,0.032331152532009716,-0.19692613040260845,0.0,-0.039766238596016266,0.34843504667745434,0.0,0.3928181836351539,-0.024999999999999994,0.0,0.38999999999999996,3.0,129.38388386581138,0.05435317083425997,True,False,False
3.805,0.37363865546676656,0.6439288606630774,0.03953146257441469,0.03277601531873692,-0.19692613040260845,0.0,-0.039766238596016266,0.34862778125209926,0.0,0.3928506026812838,-0.024999999999999994,0.0,0.38999999999999996,3.0,129.38390059949816,0.056023652352551405,True,False,False
3.81,0.37383618649631106,0.6344779657677192,0.04041152128959196,0.03320020666213083,-0.19692613040260845,0.0,-0.039766238596016266,0.3488250731262504,0.0,0.3928825398970743,-0.024999999999999994,0.0,0.38999999999999996,3.0,129.38391694495962,0.05759442123690327,True,False,False
3.815,0.374038233029488,0.6249085266155469,0.041284372063986066,0.033603603607954995,-0.19692613040260845,0.0,-0.039766238596016266,0.3490268820831159,0.0,0.3929139744344375,-0.024999999999999994,0.0,0.38999999999999996,3.0,129.38393287206975,0.059067147172184475,True,False,False
3.8200000000000003,0.37424475409573527,0.6152264982172784,0.0421498861608959,0.033986247767912946,-0.19692613040260845,0.0,-0.039766238596016266,0.3492331674482397,0.0,0.39294488536877065,-0.024999999999999994,0.0,0.38999999999999996,3.0,129.38394835360765,0.06044347913322058,True,False,False
3.825,0.37445570827295105,0.6054378012666013,0.04300794645562378,0.03434833539246133,-0.19692613040260845,0.0,-0.039766238596016266,0.3494438880987036,0.0,0.39297525187555693,-0.024999999999999994,0.0,0.38999999999999996,3.0,129.3839633651995,0.061725046067536815,True,False,False
3.83,0.3746710536987451,0.5955482793598842,0.043858445742981866,0.034690206618996716,-0.19692613040260845,0.0,-0.039766238596016266,0.3496590024726716,0.0,0.3930050533956291,-0.024999999999999994,0.0,0.38999999999999996,3.0,129.38397788525504,0.06291345858772027,True,False,False
3.835,0.3748907480819649,0.5855636593970045,0.04470128522867717,0.03501233405219059,-0.19692613040260845,0.0,-0.039766238596016266,0.3498784685792283,0.0,0.3930342697882434,-0.024999999999999994,0.0,0.38999999999999996,3.0,129.38399189489846,0.06401031150853286,True,False,False
3.84,0.3751147487144298,0.5754895153372227,0.04553637318582149,0.035315310781547406,-0.19692613040260845,0.0,-0.039766238596016266,0.35010224400846046,0.0,0.39306288147128976,-0.024999999999999994,0.0,0.38999999999999996,3.0,129.38400537789502,0.06501718703940977,True,False,False
3.845,0.37534301248280544,0.5653312354568583,0.046363623761466806,0.03559983790808075,-0.19692613040260845,0.0,-0.039766238596016266,0.35033028594173454,0.0,0.39309086954807704,-0.024999999999999994,0.0,0.38999999999999996,3.0,129.38401832057318,0.06593565842691862,True,False,False
3.85,0.375575495880564,0.5550939932458312,0.04718295592130002,0.035866711636653545,-0.19054256174829626,0.0,-0.03762308202762,0.350562551162129,0.0,0.3931182159201696,-0.024999999999999994,0.0,0.38999999999999996,3.0,129.4105730346758,0.05660112405998498,True,False,False
3.855,0.37581215542140245,0.5447825889365038,0.04799548139197918,0.03611773198487361,-0.19054256174829626,0.0,-0.03762308202762,0.35079899625442357,0.0,0.3931449287190827,-0.024999999999999994,0.0,0.38999999999999996,3.0,129.41059035553624,0.05771463654850827,True,False,False
3.86,0.37605294725241195,0.5344015692184101,0.04879984478954706,0.0363528835163762,-0.19054256174829626,0.0,-0.03762308202762,0.3510395774224968,0.0,0.39317101705062,-0.024999999999999994,0.0,0.38999999999999996,3.0,129.41060715612934,0.05873484029082905,True,False,False
3.865,0.37629782676138457,0.5239553359524667,0.04959597741926384,0.03657318167716135,-0.19054256174829626,0.0,-0.03762308202762,0.35128425031092525,0.0,0.3931964657492171,-0.024999999999999994,0.0,0.38999999999999996,3.0,129.4106234185503,0.059663408883589,True,False,False
3.87,0.3765467489877435,0.5134479935546327,0.05038381224590583,0.03677968480530047,-0.19054256174829626,0.0,-0.03762308202762,0.35153297020620367,0.0,0.3932212607675911,-0.024999999999999994,0.0,0.38999999999999996,3.0,129.41063912757798,0.06050203489996131,True,False,False
3.875,0.376799668634186,0.5028833390426883,0.05116328342276151,0.03697347792034934,-0.19054256174829626,0.0,-0.03762308202762,0.3517856920474433,0.0,0.39324538921573765,-0.024999999999999994,0.0,0.38999999999999996,3.0,129.41065427058848,0.06125243130369322,True,False,False
3.88,0.37705654007845846,0.49226485667477254,0.05193432593390033,0.03715565688233869,-0.19054256174829626,0.0,-0.03762308202762,0.3520423704373724,0.0,0.3932688393820081,-0.024999999999999994,0.0,0.38999999999999996,3.0,129.41066883746475,0.06191633207223609,True,False,False
3.8850000000000002,0.37731731738524416,0.48159571703101905,0.05269687534240294,0.03732731327078457,-0.19054256174829626,0.0,-0.03762308202762,0.3523029596536271,0.0,0.39329160073679803,-0.024999999999999994,0.0,0.38999999999999996,3.0,129.41068282050233,0.06249549203164563,True,False,False
3.89,0.37758195431813835,0.47087878028653635,0.053450867634897294,0.037489520312760864,-0.19054256174829626,0.0,-0.03762308202762,0.35256741366030386,0.0,0.3933136639198471,-0.024999999999999994,0.0,0.38999999999999996,3.0,129.41069621431026,0.06299168593305401,True,False,False
3.895,0.377850404351669,0.46011660332416937,0.05419623915071882,0.03764332015395759,-0.19054256174829626,0.0,-0.03762308202762,0.3528356861197304,0.0,0.393335020712429,-0.024999999999999994,0.0,0.38999999999999996,3.0,129.4107090157107,0.06340670682178576,True,False,False
3.9,0.378122620683302,0.4493114502757794,0.054932926582433324,0.037789712719690734,-0.18658294403091835,0.0,-0.034333072325241264,0.3531077304043825,0.0,0.39335566399615074,-0.024999999999999994,0.0,0.38999999999999996,3.0,129.45317184823355,0.05737938218095776,True,False,False
3.9050000000000002,0.378398556842296,0.43846510282332624,0.055662107086219846,0.0379310607692257,-0.18658294403091835,0.0,-0.034333072325241264,0.35338349984253625,0.0,0.3933756284223342,-0.024999999999999994,0.0,0.38999999999999996,3.0,129.4531867884376,0.057867665547591526,True,False,False
3.91,0.37867816610185717,0.4275790837102513,0.05638236666559555,0.03806681746051998,-0.18658294403091835,0.0,-0.034333072325241264,0.35366294748667193,0.0,0.39339494962725935,-0.024999999999999994,0.0,0.38999999999999996,3.0,129.45320114623607,0.05827421191215057,True,False,False
3.915,0.37896140089255526,0.4166548738724819,0.05709364710650771,0.038197815857481984,-0.18658294403091835,0.0,-0.034333072325241264,0.35394602589470936,0.0,0.39341362344938796,-0.024999999999999994,0.0,0.38999999999999996,3.0,129.4532149185504,0.058600923047357326,True,False,False
3.92,0.3792482134107345,0.40569372509735196,0.05779589083211578,0.03832482194794925,-0.18658294403091835,0.0,-0.034333072325241264,0.35423268737940317,0.0,0.39343164657706164,-0.024999999999999994,0.0,0.38999999999999996,3.0,129.4532281043587,0.05884970896154364,True,False,False
3.9250000000000003,0.37953855562913336,0.39469667971646005,0.05848904104130739,0.038448531665034084,-0.18658294403091835,0.0,-0.034333072325241264,0.35452288401943455,0.0,0.3934490164713407,-0.024999999999999994,0.0,0.38999999999999996,3.0,129.45324070458466,0.05902248322206784,True,False,False
3.93,0.3798323793070966,0.3836645908869272,0.0591730418459039,0.03856956977426973,-0.18658294403091835,0.0,-0.034333072325241264,0.3548165676701582,0.0,0.3934657312865152,-0.024999999999999994,0.0,0.38999999999999996,3.0,129.4532527219858,0.05912115813509759,True,False,False
3.935,0.38012963600028404,0.3725981429110098,0.05984783839695108,0.03868849053278431,-0.18658294403091835,0.0,-0.034333072325241264,0.35511368997388737,0.0,0.39348178979030235,-0.024999999999999994,0.0,0.38999999999999996,3.0,129.4532641610397,0.059147639902593335,True,False,False
3.94,0.380430277069787,0.3614978711570992,0.06051337699219377,0.03880577996418798,-0.18658294403091835,0.0,-0.034333072325241264,0.35541420236960997,0.0,0.39349719128563637,-0.024999999999999994,0.0,0.38999999999999996,3.0,129.45327502783158,0.05910382386820619,True,False,False
3.9450000000000003,0.3807342536906023,0.3503641811681807,0.06116960518377557,0.03892185741563154,-0.18658294403091835,0.0,-0.034333072325241264,0.35571805610206386,0.0,0.39351193553552594,-0.024999999999999994,0.0,0.38999999999999996,3.0,129.45328532994057,0.058991589963425115,True,False,False
3.95,0.381041516861237,0.3391973718899547,0.06181647228070591,0.03903704462173021,-0.18513190502248228,0.0,-0.03078721957847906,0.35602520223211787,0.0,0.3935260226723595,-0.024999999999999994,0.0,0.38999999999999996,3.0,129.49984097953364,0.056412019910897115,True,False,False
3.955,0.381352017999792,0.3279974377698897,0.06245475022665633,0.039153158433902414,-0.18513190502248228,0.0,-0.03078721957847906,0.35633559181845215,0.0,0.3935394978435597,-0.024999999999999994,0.0,0.38999999999999996,3.0,129.4998513195991,0.05625566178237261,True,False,False
3.96,0.3816657083516436,0.3167642947239832,0.06308348089391724,0.03926892631052849,-0.18513190502248228,0.0,-0.03078721957847906,0.35664917573590205,0.0,0.3935524064615994,-0.024999999999999994,0.0,0.38999999999999996,3.0,129.49986111906455,0.05603410593738088,True,False,False
3.9650000000000003,0.38198253840953234,0.30549799860174714,0.0637026237776293,0.03938493083293912,-0.18513190502248228,0.0,-0.03078721957847906,0.35696590451370835,0.0,0.393564749474289,-0.024999999999999994,0.0,0.38999999999999996,3.0,129.4998703880064,0.055749158388372334,True,False,False
3.97,0.3823024585744129,0.2941977890674361,0.06431219074216207,0.03950641248973833,-0.18513190502248228,0.0,-0.03078721957847906,0.3572857285568282,0.0,0.3935765309750898,-0.024999999999999994,0.0,0.38999999999999996,3.0,129.4998791375981,0.05540260141037459,True,False,False
3.975,0.38262541917492043,0.2828620657625462,0.06491212457391984,0.03963240330098898,-0.18513190502248228,0.0,-0.03078721957847906,0.3576085981642388,0.0,0.3935877582944831,-0.024999999999999994,0.0,0.38999999999999996,3.0,129.4998873800053,0.05499616052737366,True,False,False
3.98,0.38295137060480444,0.2714895849503999,0.06550251397084256,0.039763580139019025,-0.18513190502248228,0.0,-0.03078721957847906,0.35793446371034005,0.0,0.3935984372959084,-0.024999999999999994,0.0,0.38999999999999996,3.0,129.49989512828105,0.05453147103292752,True,False,False
3.985,0.38328026379500796,0.2600787240361869,0.06608335515513324,0.03989988149118341,-0.18513190502248228,0.0,-0.03078721957847906,0.358263276090444,0.0,0.3936085752300612,-0.024999999999999994,0.0,0.38999999999999996,3.0,129.49990239626766,0.05401023705972571,True,False,False
3.99,0.3836120492565776,0.24862838287309066,0.06665450106918797,0.04003885486237621,-0.18513190502248228,0.0,-0.03078721957847906,0.35859498579635884,0.0,0.39361817726516535,-0.024999999999999994,0.0,0.38999999999999996,3.0,129.49990919851473,0.05343418830571126,True,False,False
3.995,0.38394667696938856,0.2371380669572677,0.06721583931009327,0.04017870283922194,-0.18513190502248228,0.0,-0.03078721957847906,0.35892954280841605,0.0,0.3936272461670842,-0.024999999999999994,0.0,0.38999999999999996,3.0,129.49991555018374,0.05280497620834773,True,False,False
4.0,0.38428409649750445,0.2256077233488424,0.06776728148291632,0.0403181149988988,-0.18612511260787523,0.0,-0.027604176781959415,0.3592668967050911,0.0,0.39363578293386237,-0.024999999999999994,0.0,0.38999999999999996,3.0,129.5423176899413,0.05359850356592767,True,False,False
4.005,0.384624257507805,0.2140374580273823,0.06830914732584162,0.04045726508171536,-0.18612511260787523,0.0,-0.027604176781959415,0.35960699679240643,0.0,0.39364382789881236,-0.024999999999999994,0.0,0.38999999999999996,3.0,129.54232260503912,0.05281481933124377,True,False,False
4.01,0.38496710937059386,0.20242762113434934,0.06884092792298817,0.04059427738313759,-0.18612511260787523,0.0,-0.027604176781959415,0.3599497920850089,0.0,0.39365142038927264,-0.024999999999999994,0.0,0.38999999999999996,3.0,129.54232712747933,0.05198389795575939,True,False,False
4.015,0.38531260076052964,0.19077890331810404,0.06936257131302238,0.04072862818961803,-0.18612511260787523,0.0,-0.027604176781959415,0.36029523129111896,0.0,0.39365855834536784,-0.024999999999999994,0.0,0.38999999999999996,3.0,129.54233127503448,0.051107132059927625,True,False,False
4.0200000000000005,0.38566068012565347,0.17909212861404925,0.0698740303049938,0.040859901938734025,-0.18612511260787523,0.0,-0.027604176781959415,0.3606432628960128,0.0,0.39366523913249596,-0.024999999999999994,0.0,0.38999999999999996,3.0,129.54233506559075,0.05018586596933395,True,False,False
4.025,0.38601129570207005,0.16736822957571773,0.07037526100366993,0.04098775098166737,-0.18612511260787523,0.0,-0.027604176781959415,0.36099383517579664,0.0,0.3936714596376516,-0.024999999999999994,0.0,0.38999999999999996,3.0,129.542338517078,0.049221402116234755,True,False,False
4.03,0.3863643955239674,0.15560823205398275,0.07086622193904861,0.041111867932850446,-0.18612511260787523,0.0,-0.027604176781959415,0.3613468962068601,0.0,0.3936772163284706,-0.024999999999999994,0.0,0.38999999999999996,3.0,129.54234164740728,0.04821500748475272,True,False,False
4.035,0.38671992743108413,0.14381324643969026,0.0713468736244616,0.041231967656451866,-0.18612511260787523,0.0,-0.027604176781959415,0.3617023938730035,0.0,0.39368250528735155,-0.024999999999999994,0.0,0.38999999999999996,3.0,129.54234447440996,0.047167919980625805,True,False,False
4.04,0.3870778390751498,0.13198446296710856,0.0718171785120139,0.04134777818553268,-0.18612511260787523,0.0,-0.027604176781959415,0.3620602758716791,0.0,0.39368732222991476,-0.024999999999999994,0.0,0.38999999999999996,3.0,129.54234701578187,0.04608135454225034,True,False,False
4.045,0.3874380780409373,0.12012294129362991,0.07227716865001031,0.04146116788891619,-0.18612511260787523,0.0,-0.027604176781959415,0.3624204898272221,0.0,0.39369166332304245,-0.024999999999999994,0.0,0.38999999999999996,3.0,129.5423492890293,0.04495648317097328,True,False,False
4.05,0.3878005921747988,0.10822901045830886,0.07272687467255189,0.04157404075734205,-0.18939650565987132,0.0,-0.024711095363594525,0.36278298359712724,0.0,0.39369552751778836,-0.024999999999999994,0.0,0.38999999999999996,3.0,129.58149009663646,0.04887568638308919,True,False,False
4.055,0.3881653296432114,0.09630263819727437,0.07316639608607883,0.041687655960331194,-0.18939650565987132,0.0,-0.024711095363594525,0.3631477049922016,0.0,0.39369895205562133,-0.024999999999999994,0.0,0.38999999999999996,3.0,129.58149037914242,0.04749469869428869,True,False,False
4.0600000000000005,0.388532238469978,0.08434378913997809,0.07359553431731011,0.04180076746250999,-0.18939650565987132,0.0,-0.024711095363594525,0.36351460167930805,0.0,0.3937019741301642,-0.024999999999999994,0.0,0.38999999999999996,3.0,129.58149049838258,0.046083803389801635,True,False,False
4.065,0.3889012661901668,0.07235261259467535,0.07401426202542243,0.041913335418343634,-0.18939650565987132,0.0,-0.024711095363594525,0.3638836211945291,0.0,0.393704593222601,-0.024999999999999994,0.0,0.38999999999999996,3.0,129.58149047267193,0.04464416472891371,True,False,False
4.07,0.38927236021326844,0.060329273975023426,0.07442255282403017,0.042025285550285556,-0.18939650565987132,0.0,-0.024711095363594525,0.3642547109480527,0.0,0.39370680870245583,-0.024999999999999994,0.0,0.38999999999999996,3.0,129.5814903196615,0.043176937872735105,True,False,False
4.075,0.38964546782735915,0.04827396603568982,0.07482038155583151,0.04213649981254132,-0.18939650565987132,0.0,-0.024711095363594525,0.36462781822874923,0.0,0.39370861978454524,-0.024999999999999994,0.0,0.38999999999999996,3.0,129.58149005631122,0.041683268273940775,True,False,False
4.08,0.39002053620442145,0.03618692258751487,0.07520772457500631,0.04224680844341523,-0.18939650565987132,0.0,-0.024711095363594525,0.36500289020999743,0.0,0.3937100254760681,-0.024999999999999994,0.0,0.38999999999999996,3.0,129.58148969886548,0.04016429090619819,True,False,False
4.085,0.3903975124067655,0.024068434241555192,0.07558456002529677,0.0423559838394573,-0.18939650565987132,0.0,-0.024711095363594525,0.3653798739566817,0.0,0.3937110245156732,-0.024999999999999994,0.0,0.38999999999999996,3.0,129.5814892628314,0.038621129428096874,True,False,False
4.09,0.39077634339447215,0.011918865585085378,0.07595086810279307,0.042463736562331544,-0.18939650565987132,0.0,-0.024711095363594525,0.3657587164332602,0.0,0.39371161530675547,-0.024999999999999994,0.0,0.38999999999999996,3.0,129.58148876296025,0.0370548953574888,True,False,False
4.095,0.3911569760337433,0.00026132587387182416,0.07630663129402983,0.042569713662431036,-0.18939650565987132,0.0,-0.024711095363594525,0.36613936451276435,0.0,0.39371179584747035,-0.024999999999999994,0.0,0.38999999999999996,3.0,129.58148821323067,0.035466687312792095,True,False,False
4.1,0.3915393573182457,0.012471585641588944,0.07665197118106179,0.04267360791860124,-0.1947223078039147,0.0,-0.021961809960555856,0.36652176519843294,0.0,0.39371156369849475,-0.024999999999999994,0.0,0.38999999999999996,3.0,129.61923118920785,0.04218476164645138,True,False,False
4.105,0.3919234355017061,0.024711446473008086,0.07698699927471397,0.0427762980114243,-0.1947223078039147,0.0,-0.021961809960555856,0.3669058664121161,0.0,0.3937109523344533,-0.024999999999999994,0.0,0.38999999999999996,3.0,129.61922910351558,0.04025553847382329,True,False,False
4.11,0.39230915909847375,0.03698032468100058,0.07731173693789986,0.04287609410502377,-0.1947223078039147,0.0,-0.021961809960555856,0.36729161634148677,0.0,0.393709994708257,-0.024999999999999994,0.0,0.38999999999999996,3.0,129.61922712537472,0.03831541025374409,True,False,False
4.115,0.3926964762982376,0.04927730840825189,0.07762617729846076,0.04297241028739762,-0.1947223078039147,0.0,-0.021961809960555856,0.3676789631987921,0.0,0.39370868685304317,-0.024999999999999994,0.0,0.38999999999999996,3.0,129.6192252659895,0.03636534313854667,True,False,False
4.12,0.39308533524735195,0.06160131170757766,0.0779303162696612,0.04306461891436175,-0.1947223078039147,0.0,-0.021961809960555856,0.3680678551586033,0.0,0.3937070240811614,-0.024999999999999994,0.0,0.38999999999999996,3.0,129.6192235353995,0.0344062792184744,True,False,False
4.125,0.3934756840592908,0.07395106422095483,0.07822415250962683,0.04315206249774561,-0.1947223078039147,0.0,-0.021961809960555856,0.3684582403685691,0.0,0.3937050009441431,-0.024999999999999994,0.0,0.38999999999999996,3.0,129.61922194249792,0.03243913724807787,True,False,False
4.13,0.39386747082481094,0.08632510449213078,0.07850768734431032,0.043234066401396015,-0.1947223078039147,0.0,-0.021961809960555856,0.36885006695973355,0.0,0.393702611206525,-0.024999999999999994,0.0,0.38999999999999996,3.0,129.6192204950527,0.030464813539618756,True,False,False
4.135,0.3942606436217083,0.09872177688796697,0.07878092466208658,0.043309951809469976,-0.1947223078039147,0.0,-0.021961809960555856,0.36924328305629694,0.0,0.3936998478341982,-0.024999999999999994,0.0,0.38999999999999996,3.0,129.61921919972795,0.02848418294356521,True,False,False
4.14,0.3946551505241074,0.11113923222881072,0.0790438707883171,0.04337904847013052,-0.1947223078039147,0.0,-0.021961809960555856,0.36963783678476136,0.0,0.39369670299725235,-0.024999999999999994,0.0,0.38999999999999996,3.0,129.6192180621079,0.026498099842480104,True,False,False
4.1450000000000005,0.3950509396112502,0.12357543200424752,0.07929653434798234,0.043440706775532356,-0.1947223078039147,0.0,-0.021961809960555856,0.37003367628243267,0.0,0.39369316808686333,-0.024999999999999994,0.0,0.38999999999999996,3.0,129.61921708672136,0.024507399096015146,True,False,False
4.15,0.3954479589757866,0.1360281558912491,0.07953892612385863,0.04349430881051629,-0.20179263062519484,0.0,-0.019239250232131362,0.3704307497052909,0.0,0.39368923374523523,-0.024999999999999994,0.0,0.38999999999999996,3.0,129.6570351180646,0.03359038107898989,True,False,False
4.155,0.39584615691196373,0.14849518007190515,0.07977083097661669,0.043540457795154204,-0.20179263062519484,0.0,-0.019239250232131362,0.37082900507799466,0.0,0.3936849261778064,-0.024999999999999994,0.0,0.38999999999999996,3.0,129.6570339912828,0.031193235176714226,True,False,False
4.16,0.39624548172455776,0.16097413158521162,0.07999245949097271,0.04357749137958647,-0.20179263062519484,0.0,-0.019239250232131362,0.37122839044266676,0.0,0.3936802709601948,-0.024999999999999994,0.0,0.38999999999999996,3.0,129.65703323146374,0.02880432427019166,True,False,False
4.165,0.3966458815642125,0.1734623275848892,0.08020382712439576,0.04360491937428267,-0.20179263062519484,0.0,-0.019239250232131362,0.371628854030155,0.0,0.39367525680426296,-0.024999999999999994,0.0,0.38999999999999996,3.0,129.65703283572557,0.026424310651587797,True,False,False
4.17,0.39704730462416604,0.18595695281886046,0.08040495105394246,0.04362230887962817,-0.20179263062519484,0.0,-0.019239250232131362,0.3720303441171189,0.0,0.39366987187207636,-0.024999999999999994,0.0,0.38999999999999996,3.0,129.65703279992894,0.024053828034613266,True,False,False
4.175,0.39744969914723505,0.19845507696728076,0.08059585003879416,0.043629290383751976,-0.20179263062519484,0.0,-0.019239250232131362,0.37243280903222853,0.0,0.393664103844025,-0.024999999999999994,0.0,0.38999999999999996,3.0,129.65703311873963,0.0216934827883282,True,False,False
4.18,0.3978530134324485,0.21095367348077196,0.08077654429631832,0.043625562145477706,-0.20179263062519484,0.0,-0.019239250232131362,0.37283619716195865,0.0,0.39365793999284193,-0.024999999999999994,0.0,0.38999999999999996,3.0,129.65703378569012,0.019343855207216445,True,False,False
4.1850000000000005,0.3982571958414053,0.22344963940865267,0.08094705539594291,0.043610892793725514,-0.20179263062519484,0.0,-0.019239250232131362,0.37324045695607155,0.0,0.3936513672615527,-0.024999999999999994,0.0,0.38999999999999996,3.0,129.657034793241,0.01700550077825494,True,False,False
4.19,0.39866219480443943,0.2359398157093437,0.08110740617403167,0.04358512214940484,-0.20179263062519484,0.0,-0.019239250232131362,0.37364553693289404,0.0,0.3936443723434075,-0.024999999999999994,0.0,0.38999999999999996,3.0,129.65703613284114,0.014678951412783369,True,False,False
4.195,0.3990679588266974,0.24842100756898794,0.08125762067182543,0.043548160344013924,-0.20179263062519484,0.0,-0.019239250232131362,0.37405138568451063,0.0,0.39363694176178043,-0.024999999999999994,0.0,0.38999999999999996,3.0,129.6570377949875,0.01236471661988448,True,False,False
4.2,0.3994744364942213,0.2608900042227168,0.08139772409740537,0.04349998536825363,-0.21021671760835886,0.0,-0.016098094724761952,0.3744579518819867,0.0,0.3936290619482239,-0.024999999999999994,0.0,0.38999999999999996,3.0,129.70074287058296,0.023256783953834334,True,False,False
4.205,0.3998815765884747,0.2733437862943483,0.08152728323920225,0.04344196444853324,-0.21021671760835886,0.0,-0.016098094724761952,0.3748651840102185,0.0,0.3936207611572985,-0.024999999999999994,0.0,0.38999999999999996,3.0,129.70074643067943,0.020492485020323678,True,False,False
4.21,0.4002893279617801,0.285779365775425,0.08164674447494658,0.043372925624228544,-0.21021671760835886,0.0,-0.016098094724761952,0.3752730306263397,0.0,0.3936120677317666,-0.024999999999999994,0.0,0.38999999999999996,3.0,129.70075055046138,0.017754366587209205,True,False,False
4.215,0.40069763944646436,0.29819360403636014,0.08175613508246897,0.043293000171012105,-0.21021671760835886,0.0,-0.016098094724761952,0.37568144064508135,0.0,0.39360296829723806,-0.024999999999999994,0.0,0.38999999999999996,3.0,129.70075520834504,0.015042737649512316,True,False,False
4.22,0.4011064599820652,0.31058340614489544,0.08185548377479433,0.043202361341148514,-0.21021671760835886,0.0,-0.016098094724761952,0.3760903630843342,0.0,0.39359344962689347,-0.024999999999999994,0.0,0.38999999999999996,3.0,129.70076038183745,0.012357875343909065,True,False,False
4.225,0.40151573862305456,0.3229457323852186,0.08194482068893989,0.04310122076379626,-0.21021671760835886,0.0,-0.016098094724761952,0.37649974707237366,0.0,0.3935834986866241,-0.024999999999999994,0.0,0.38999999999999996,3.0,129.70076604762986,0.00970002695375307,True,False,False
4.23,0.40192542454663277,0.3352776087055092,0.08202417737933028,0.04298982451630402,-0.21021671760835886,0.0,-0.016098094724761952,0.37690954185520187,0.0,0.393573102675929,-0.024999999999999994,0.0,0.38999999999999996,3.0,129.70077218168814,0.007069412014820302,True,False,False
4.235,0.40233546706058293,0.34757613597132836,0.0820935868184723,0.042868448858696596,-0.21021671760835886,0.0,-0.016098094724761952,0.37731969680399924,0.0,0.39356224906421977,-0.024999999999999994,0.0,0.38999999999999996,3.0,129.70077875933967,0.004466224445752849,True,False,False
4.24,0.4027458156112006,0.35983849797914813,0.08215308340705216,0.04273739564649684,-0.21021671760835886,0.0,-0.016098094724761952,0.3777301614227031,0.0,0.3935509256222398,-0.024999999999999994,0.0,0.38999999999999996,3.0,129.70078575535666,0.0018906346323457474,True,False,False
4.245,0.40315641979131733,0.37206196808326286,0.08220270299498546,0.04259698746158524,-0.21021671760835886,0.0,-0.016098094724761952,0.37814088535573537,0.0,0.3935391204481839,-0.024999999999999994,0.0,0.38999999999999996,3.0,129.70079314403534,0.0006572085951714393,True,False,False
4.25,0.4035672293484432,0.3842439144123123,0.0822424829142062,0.042447562524821965,-0.21955198773937923,0.0,-0.012376720608187175,0.3785518183959057,0.0,0.3935268219882595,-0.024999999999999994,0.0,0.38999999999999996,3.0,129.7524376364678,0.011424413087791414,True,False,False
4.255,0.4039781941994404,0.39638202027542924,0.0822716672284003,0.04229099316093579,-0.21955198773937923,0.0,-0.012376720608187175,0.3789629100694112,0.0,0.3935140684247156,-0.024999999999999994,0.0,0.38999999999999996,3.0,129.75244923905245,0.008405278629997875,True,False,False
4.26,0.4043892644044025,0.40847408190617723,0.0822910396381344,0.042126168922666386,-0.21955198773937923,0.0,-0.012376720608187175,0.3793741100468887,0.0,0.39350089835905977,-0.024999999999999994,0.0,0.38999999999999996,3.0,129.75246148302804,0.005428024161515249,True,False,False
4.265,0.4048003901824283,0.42051778176157384,0.08230064080362474,0.04195341839666351,-0.21955198773937923,0.0,-0.012376720608187175,0.379785368585294,0.0,0.39348730140851784,-0.024999999999999994,0.0,0.38999999999999996,3.0,129.75247432685174,0.002492594680149611,True,False,False
4.2700000000000005,0.4052115219416186,0.4325108950123261,0.08230051336428784,0.04177306014278027,-0.21955198773937923,0.0,-0.012376720608187175,0.38019663612482013,0.0,0.3934732675354695,-0.024999999999999994,0.0,0.38999999999999996,3.0,129.75248772878936,0.0004010950883648126,True,False,False
4.275,0.40562261028854774,0.4444512865463681,0.08229070190853478,0.04158540189081128,-0.21955198773937923,0.0,-0.012376720608187175,0.3806078632984552,0.0,0.39345878703546566,-0.024999999999999994,0.0,0.38999999999999996,3.0,129.7525016470222,0.0032531585157810697,True,False,False
4.28,0.40603360603754773,0.45633690779826624,0.08227125293776077,0.04139074001622517,-0.21955198773937923,0.0,-0.012376720608187175,0.38101900094135893,0.0,0.39344385052453584,-0.024999999999999994,0.0,0.38999999999999996,3.0,129.75251603974573,0.006063734917313206,True,False,False
4.285,0.40644446021977076,0.46816579342998893,0.0822422148292834,0.04118935913755368,-0.21955198773937923,0.0,-0.012376720608187175,0.38143000010002026,0.0,0.39342844892602125,-0.024999999999999994,0.0,0.38999999999999996,3.0,129.75253086526408,0.00883298748612723,True,False,False
4.29,0.4068551240920233,0.4799360579127985,0.08220363780228011,0.04098153171436235,-0.21955198773937923,0.0,-0.012376720608187175,0.38184081204119125,0.0,0.39341257345704433,-0.024999999999999994,0.0,0.38999999999999996,3.0,129.75254608207734,0.01156110137264664,True,False,False
4.295,0.40726554914539087,0.49164589197022424,0.08215557388987273,0.040767517564318796,-0.21955198773937923,0.0,-0.012376720608187175,0.3822513882606128,0.0,0.39339621561453264,-0.024999999999999994,0.0,0.38999999999999996,3.0,129.75256164896413,0.014248281949267451,True,False,False
4.3,0.4076756871136658,0.5032935588784113,0.08209807691947348,0.0405475632575612,-0.22933359052135932,0.0,-0.008308685380048652,0.3826616804915477,0.0,0.3933793671606989,-0.024999999999999994,0.0,0.38999999999999996,3.0,129.80896274691352,0.0016138529040268176,True,False,False
4.305,0.40808548985391413,0.5148776224324682,0.08203005139327335,0.04032353197359879,-0.22933359052135932,0.0,-0.008308685380048652,0.3830716401417067,0.0,0.3933620739680251,-0.024999999999999994,0.0,0.38999999999999996,3.0,129.80898467637,0.004771721349458587,True,False,False
4.3100000000000005,0.40849490945012934,0.5263967240245068,0.08195264886383635,0.04009407474024557,-0.22933359052135932,0.0,-0.008308685380048652,0.3834812188514505,0.0,0.39334438220046547,-0.024999999999999994,0.0,0.38999999999999996,3.0,129.80900719396976,0.007874930876410759,True,False,False
4.315,0.40890389836454527,0.5378493349432328,0.08186592720296906,0.039859367018145214,-0.22933359052135932,0.0,-0.008308685380048652,0.38389036908420787,0.0,0.39332628439894013,-0.024999999999999994,0.0,0.38999999999999996,3.0,129.80903024048268,0.01092389452760846,True,False,False
4.32,0.40931240933480445,0.5492339735132206,0.08176994633758987,0.03961956233899643,-0.22933359052135932,0.0,-0.008308685380048652,0.384299043575021,0.0,0.39330777327451166,-0.024999999999999994,0.0,0.38999999999999996,3.0,129.80905375743995,0.013919056529469544,True,False,False
4.325,0.40972039538238936,0.5605491992904074,0.08166476814138739,0.0393747955774141,-0.22933359052135932,0.0,-0.008308685380048652,0.38470719533914777,0.0,0.3932888416852858,-0.024999999999999994,0.0,0.38999999999999996,3.0,129.80907768723281,0.01686089019479159,True,False,False
4.33,0.41012780982061525,0.5717936081886473,0.08155045632201126,0.0391251862374148,-0.22933359052135932,0.0,-0.008308685380048652,0.38511477768019026,0.0,0.39326948261700645,-0.024999999999999994,0.0,0.38999999999999996,3.0,129.8091019732027,0.019749895733806137,True,False,False
4.335,0.4105346062621689,0.58296582853018,0.08142707631002478,0.03887084155665348,-0.22933359052135932,0.0,-0.008308685380048652,0.3855217441977341,0.0,0.39324968916731967,-0.024999999999999994,0.0,0.38999999999999996,3.0,129.8091265597241,0.022586598030700226,True,False,False
4.34,0.4109407386262098,0.5940645179383873,0.08129469515494146,0.0386118592763729,-0.22933359052135932,0.0,-0.008308685380048652,0.38592804879451975,0.0,0.3932294545334627,-0.024999999999999994,0.0,0.38999999999999996,3.0,129.80915139227858,0.02537154443592042,True,False,False
4.345,0.4113461611450781,0.6050883609586506,0.08115338143254884,0.038348329972788135,-0.22933359052135932,0.0,-0.008308685380048652,0.38633364568319256,0.0,0.39320877200286675,-0.024999999999999994,0.0,0.38999999999999996,3.0,129.809176417522,0.028105302613672827,True,False,False
4.3500000000000005,0.4117508283706498,0.6160360672874685,0.08100320516645917,0.038080338893129166,-0.2391010955267151,0.0,-0.004169243407854727,0.3867384893926801,0.0,0.39318763494619,-0.024999999999999994,0.0,0.38999999999999996,3.0,129.86659463174968,0.015545932558581943,True,False,False
4.355,0.4121546949137141,0.6269066031713179,0.08084278158828835,0.03780960402500809,-0.2391010955267151,0.0,-0.004169243407854727,0.38714253408675675,0.0,0.39316609159111104,-0.024999999999999994,0.0,0.38999999999999996,3.0,129.86662761472866,0.018729716913598135,True,False,False
4.36,0.4125577156826413,0.6376989708511076,0.08067358209917563,0.03753463116079641,-0.2391010955267151,0.0,-0.004169243407854727,0.387545734236358,0.0,0.39314419030330133,-0.024999999999999994,0.0,0.38999999999999996,3.0,129.86666099840636,0.021849698421647135,True,False,False
4.365,0.41295984617222514,0.648411963449922,0.08049567940785997,0.037255468909508635,-0.2391010955267151,0.0,-0.004169243407854727,0.38794804532331684,0.0,0.3931219247652217,-0.024999999999999994,0.0,0.38999999999999996,3.0,129.86669471123466,0.024906645864838525,True,False,False
4.37,0.4133610422203447,0.6590443867554862,0.0803091477509184,0.036972157861035984,-0.2391010955267151,0.0,-0.004169243407854727,0.38834942317009946,0.0,0.39309928869833377,-0.024999999999999994,0.0,0.38999999999999996,3.0,129.86672868343723,0.027901355527463062,True,False,False
4.375,0.41376126001394364,0.66959505750055,0.08011406275221956,0.03668473446607353,-0.2391010955267151,0.0,-0.004169243407854727,0.3887498239458038,0.0,0.39307627585606536,-0.024999999999999994,0.0,0.38999999999999996,3.0,129.8667628470808,0.03083464811288468,True,False,False
4.38,0.4141604561230265,0.6800627364491127,0.07991053174042667,0.03639246675979414,-0.2391010955267151,0.0,-0.004169243407854727,0.38914920420206583,0.0,0.3930528797599955,-0.024999999999999994,0.0,0.38999999999999996,3.0,129.86679713613825,0.03370737760998135,True,False,False
4.385,0.4145585876226799,0.6904458651372398,0.07969866887046358,0.036094539650193685,-0.2391010955267151,0.0,-0.004169243407854727,0.3895475210025398,0.0,0.3930290926628298,-0.024999999999999994,0.0,0.38999999999999996,3.0,129.8668314865437,0.03652039838483104,True,False,False
4.39,0.41495561205205167,0.7007426900468162,0.07947861521632145,0.035789535398391546,-0.2391010955267151,0.0,-0.004169243407854727,0.38994473187784373,0.0,0.39300490604131877,-0.024999999999999994,0.0,0.38999999999999996,3.0,129.86686583619203,0.0392743418475223,True,False,False
4.3950000000000005,0.4153514875133727,0.7109510558584274,0.07925048119160442,0.03547691167616788,-0.2391010955267151,0.0,-0.004169243407854727,0.39034079493010043,0.0,0.3929803097831648,-0.024999999999999994,0.0,0.38999999999999996,3.0,129.866900124983,0.0419705826883277,True,False,False
4.4,0.41574617264335184,0.7210684997314232,0.07901444579328437,0.035154537302283136,-0.24842630992038744,0.0,-6.925473633371398e-05,0.39073566880154575,0.0,0.3929552924943498,-0.024999999999999994,0.0,0.38999999999999996,3.0,129.9237682796846,0.030079735946610925,True,False,False
4.405,0.41613962614373606,0.7310926743862666,0.07876879872366531,0.0348260358884065,-0.24842630992038744,0.0,-6.925473633371398e-05,0.39112931181709043,0.0,0.39292989653112625,-0.024999999999999994,0.0,0.38999999999999996,3.0,129.92381130170472,0.03319235357600665,True,False,False
4.41,0.4165318069716572,0.7410215565554891,0.07851532010292378,0.03448936523821178,-0.24842630992038744,0.0,-6.925473633371398e-05,0.39152168255870545,0.0,0.392904165549501,-0.024999999999999994,0.0,0.38999999999999996,3.0,129.92385442999438,0.03623861573845599,True,False,False
4.415,0.416922675089518,0.7508534789414701,0.07825409574952195,0.03415249718504219,-0.24842630992038744,0.0,-6.925473633371398e-05,0.3919127409836836,0.0,0.3928780912549478,-0.024999999999999994,0.0,0.38999999999999996,3.0,129.92389758878414,0.039219110340845575,True,False,False
4.42,0.41731219208645803,0.7605906458329977,0.07798524858461248,0.03382747440144725,-0.24842630992038744,0.0,-6.925473633371398e-05,0.3923024485699838,0.0,0.39285168046963453,-0.024999999999999994,0.0,0.38999999999999996,3.0,129.92394070473063,0.04213470725441046,True,False,False
4.425,0.4177003203566562,0.7702359868058396,0.07770888404187126,0.03351092428739351,-0.24842630992038744,0.0,-6.925473633371398e-05,0.39269076758293414,0.0,0.3928249428370425,-0.024999999999999994,0.0,0.38999999999999996,3.0,129.923983707032,0.04498636036045667,True,False,False
4.43,0.41808702252955066,0.7797915504612418,0.07742509154158285,0.03320038053814658,-0.24842630992038744,0.0,-6.925473633371398e-05,0.3930776605484336,0.0,0.39279788455331305,-0.024999999999999994,0.0,0.38999999999999996,3.0,129.9240265274564,0.047775005920655866,True,False,False
4.4350000000000005,0.4184722614888055,0.7892588112209786,0.07713395118067795,0.03289423886239348,-0.24842630992038744,0.0,-6.925473633371398e-05,0.3934630902627886,0.0,0.3927705095690926,-0.024999999999999994,0.0,0.38999999999999996,3.0,129.92406910034723,0.050501558769963005,True,False,False
4.44,0.41885600038749293,0.7986388699804355,0.0768355371508498,0.032591455800520516,-0.24842630992038744,0.0,-6.925473633371398e-05,0.3938470198019726,0.0,0.3927428203757123,-0.024999999999999994,0.0,0.38999999999999996,3.0,129.92411136262496,0.05316691394553278,True,False,False
4.445,0.4192382026589725,0.807932584855031,0.07652991986992122,0.032291353912979034,-0.24842630992038744,0.0,-6.925473633371398e-05,0.39422941252868016,0.0,0.3927148185175784,-0.024999999999999994,0.0,0.38999999999999996,3.0,129.92415325378352,0.0557719492903124,True,False,False
4.45,0.41961883202445344,0.8171406566092336,0.07621716731141506,0.03199349520189141,-0.25696755371851804,0.0,0.003809443833205639,0.3946102320974111,0.0,0.39268650492708645,-0.024999999999999994,0.0,0.38999999999999996,3.0,129.97797211240953,0.04502202271916704,True,False,False
4.455,0.4199978518601413,0.8262640355415768,0.07589538250906042,0.03170004560914119,-0.25696755371851804,0.0,0.003809443833205639,0.3949894414918192,0.0,0.39265793200121,-0.024999999999999994,0.0,0.38999999999999996,3.0,129.97802263353103,0.04798707607448463,True,False,False
4.46,0.42037522566997354,0.8353035899633856,0.07556650818702144,0.03140823945551001,-0.25696755371851804,0.0,0.003809443833205639,0.39536700384026924,0.0,0.39262915184732183,-0.024999999999999994,0.0,0.38999999999999996,3.0,129.97807290030894,0.05088173679603221,True,False,False
4.465,0.4207509178109802,0.8442597534407095,0.07523061117024872,0.031117833681984883,-0.25696755371851804,0.0,0.003809443833205639,0.39574288346185493,0.0,0.39260016441521384,-0.024999999999999994,0.0,0.38999999999999996,3.0,129.97812283825309,0.053707065019358124,True,False,False
4.47,0.4211248929456525,0.8531329029869954,0.07488775808830542,0.030828671551125036,-0.25696755371851804,0.0,0.003809443833205639,0.39611704498230804,0.0,0.3925709694389411,-0.024999999999999994,0.0,0.38999999999999996,3.0,129.97817237602226,0.05646409939312694,True,False,False
4.4750000000000005,0.4214971160466327,0.8619233798418824,0.0745380153582927,0.03054065638115184,-0.25696755371851804,0.0,0.003809443833205639,0.3964894533381118,0.0,0.39254156651854405,-0.024999999999999994,0.0,0.38999999999999996,3.0,129.97822144541087,0.05915386287583796,True,False,False
4.48,0.4218675523996465,0.8706315038586296,0.07418144917544284,0.03025373295677397,-0.25696755371851804,0.0,0.003809443833205639,0.3968600737790423,0.0,0.3925119551766439,-0.024999999999999994,0.0,0.38999999999999996,3.0,129.97826998133317,0.061777366644458626,True,False,False
4.485,0.4222361676050768,0.8792575833899553,0.07381812550980442,0.02996787437239866,-0.25696755371851804,0.0,0.003809443833205639,0.39722887186948,0.0,0.39248213489737455,-0.024999999999999994,0.0,0.38999999999999996,3.0,129.97831792180335,0.06433561269623354,True,False,False
4.49,0.42260292757857976,0.8878019219907417,0.07344811010758084,0.029683072724239305,-0.25696755371851804,0.0,0.003809443833205639,0.39759581348885353,0.0,0.3924521051528082,-0.024999999999999994,0.0,0.38999999999999996,3.0,129.97836520791097,0.06682959554756208,True,False,False
4.495,0.42296779855102745,0.8962648228596616,0.0730714684959362,0.029399332532131048,-0.25696755371851804,0.0,0.003809443833205639,0.39796086483147275,0.0,0.39242186542053126,-0.024999999999999994,0.0,0.38999999999999996,3.0,129.97841178379278,0.06926030330887525,True,False,False
4.5,0.42333074706797963,0.9046465917004667,0.0726882659903521,0.029116666098886895,-0.26439895151632836,0.0,0.0070404511746766305,0.3983239924059335,0.0,0.39239141519499693,-0.024999999999999994,0.0,0.38999999999999996,3.0,130.02343182205618,0.060063762379990546,True,False,False
4.505,0.42369173935370597,0.9129478364625122,0.07229673750182002,0.028837168508984934,-0.26439895151632836,0.0,0.0070404511746766305,0.39868516215747596,0.0,0.392360797357253,-0.024999999999999994,0.0,0.38999999999999996,3.0,130.02348601002333,0.06278673298084717,True,False,False
4.51,0.4240507418008469,0.9211691558345279,0.07189870820305709,0.028558661401677718,-0.26439895151632836,0.0,0.0070404511746766305,0.3990443402128436,0.0,0.3923300547853472,-0.024999999999999994,0.0,0.38999999999999996,3.0,130.0235395554136,0.06543837351989604,True,False,False
4.515,0.4244077216781082,0.9293108190096716,0.07149424495897871,0.028281050100518425,-0.26439895151632836,0.0,0.0070404511746766305,0.39940149382347806,0.0,0.39229918690038207,-0.024999999999999994,0.0,0.38999999999999996,3.0,130.02359239249984,0.06801984781376476,True,False,False
4.5200000000000005,0.424762646570609,0.9373730735823412,0.07108341468747802,0.028004276779828027,-0.26439895151632836,0.0,0.0070404511746766305,0.39975659055742885,0.0,0.3922681930466459,-0.024999999999999994,0.0,0.38999999999999996,3.0,130.02364445906613,0.07053230184848433,True,False,False
4.525,0.42511548438239344,0.945356154636257,0.07066628425256805,0.027728310486211584,-0.26439895151632836,0.0,0.0070404511746766305,0.40010959830164283,0.0,0.3922370725273989,-0.024999999999999994,0.0,0.38999999999999996,3.0,130.0236956963614,0.07297686789089664,True,False,False
4.53,0.42546620333783475,0.9532602913061378,0.07024292040054901,0.02745313953004602,-0.26439895151632836,0.0,0.0070404511746766305,0.4004604852632151,0.0,0.3922058246306687,-0.024999999999999994,0.0,0.38999999999999996,3.0,130.02374604905074,0.07535466715329231,True,False,False
4.535,0.4258147719821584,0.9610857114331652,0.06981338972303705,0.027178765756845705,-0.26439895151632836,0.0,0.0070404511746766305,0.4008092199698082,0.0,0.39217444864760287,-0.024999999999999994,0.0,0.38999999999999996,3.0,130.02379546516264,0.07766681148089558,True,False,False
4.54,0.4261611591813403,0.9688326448042649,0.06937775863676679,0.026905200277660867,-0.26439895151632836,0.0,0.0070404511746766305,0.40115577126948365,0.0,0.39214294388520965,-0.024999999999999994,0.0,0.38999999999999996,3.0,130.02384389603304,0.07991440438075206,True,False,False
4.545,0.4265053341215641,0.9765013253270567,0.06893609337389674,0.02663246031390635,-0.26439895151632836,0.0,0.0070404511746766305,0.4015001083301192,0.0,0.3921113096749672,-0.024999999999999994,0.0,0.38999999999999996,3.0,130.02389129624646,0.08209854160684667,True,False,False
4.55,0.4268472663083655,0.9840919924340882,0.06848845997893935,0.026360566883161934,-0.27041757387460236,0.0,0.009803407181996456,0.40184220063853093,0.0,0.39207954537838446,-0.024999999999999994,0.0,0.38999999999999996,3.0,130.0623733234017,0.07486620008531081,True,False,False
4.555,0.4271869249467602,0.9916051400015824,0.06803321162064564,0.026091272855232984,-0.27041757387460236,0.0,0.009803407181996456,0.4021820172030626,0.0,0.3920476874251849,-0.024999999999999994,0.0,0.38999999999999996,3.0,130.06242647625197,0.077263121362506,True,False,False
4.5600000000000005,0.427524279440725,0.9990412565219782,0.06757206916397346,0.025822773602658392,-0.27041757387460236,0.0,0.009803407181996456,0.40251952724235335,0.0,0.39201577225546247,-0.024999999999999994,0.0,0.38999999999999996,3.0,130.06247862556177,0.07959093917173603,True,False,False
4.565,0.42785930007121553,1.0064005590652094,0.06710509986163979,0.02555500059036016,-0.27041757387460236,0.0,0.009803407181996456,0.4028547010354369,0.0,0.39198379921045057,-0.024999999999999994,0.0,0.38999999999999996,3.0,130.0625297208491,0.0818508792833337,True,False,False
4.57,0.4281919574387431,1.013683249498116,0.06663237089929966,0.025287914877297948,-0.27041757387460236,0.0,0.009803407181996456,0.4031875091808893,0.0,0.39195176758047534,-0.024999999999999994,0.0,0.38999999999999996,3.0,130.0625797151491,0.08404414961623094,True,False,False
4.575,0.42852222246498667,1.0208895218041614,0.06615394932442345,0.025021499210371407,-0.27041757387460236,0.0,0.009803407181996456,0.4035179225982892,0.0,0.39191967663373806,-0.024999999999999994,0.0,0.38999999999999996,3.0,130.0626285649374,0.086171943472341,True,False,False
4.58,0.42885006639352125,1.0280195673893031,0.06566990200618822,0.024755751967003546,-0.27041757387460236,0.0,0.009803407181996456,0.4038459125288438,0.0,0.39188752563714624,-0.024999999999999994,0.0,0.38999999999999996,3.0,130.06267623005363,0.08823544161185662,True,False,False
4.585,0.42917546078983265,1.0350735788716305,0.06518029561411369,0.024490682572676604,-0.27041757387460236,0.0,0.009803407181996456,0.4041714505353361,0.0,0.39185531387121697,-0.024999999999999994,0.0,0.38999999999999996,3.0,130.06272267362175,0.09023581354781804,True,False,False
4.59,0.42949837754082554,1.0420517527306095,0.06468519660801059,0.024226308068287378,-0.27041757387460236,0.0,0.009803407181996456,0.40449450850159263,0.0,0.39182304064048745,-0.024999999999999994,0.0,0.38999999999999996,3.0,130.06276786196915,0.09217421831640776,True,False,False
4.595,0.42981878885396685,1.0489542911059804,0.06418467123477967,0.023962650558908432,-0.27041757387460236,0.0,0.009803407181996456,0.4048150586316038,0.0,0.3917907052805946,-0.024999999999999994,0.0,0.38999999999999996,3.0,130.06281176454334,0.09405180489576287,True,False,False
4.6000000000000005,0.4301366672561703,1.055781402962757,0.06367878552942238,0.023699735329768233,-0.2747803468701906,0.0,0.01215094320786262,0.40513307344839955,0.0,0.3917583071628786,-0.024999999999999994,0.0,0.38999999999999996,3.0,130.09533668471943,0.08910775817098925,True,False,False
4.605,0.43045198501440807,1.0625335008308243,0.06316603609062017,0.023438955451678012,-0.2747803468701906,0.0,0.01215094320786262,0.4054485250893019,0.0,0.3917258769622547,-0.024999999999999994,0.0,0.38999999999999996,3.0,130.0953838758007,0.0911104274705368,True,False,False
4.61,0.4307647146234585,1.0692109951977788,0.06264801162348488,0.023178895262828503,-0.2747803468701906,0.0,0.01215094320786262,0.4057613859289157,0.0,0.3916934453724349,-0.024999999999999994,0.0,0.38999999999999996,3.0,130.09542978412108,0.09304923186297341,True,False,False
4.615,0.43107482942816927,1.0758140860532686,0.06212477873298913,0.022919515638802755,-0.2747803468701906,0.0,0.01215094320786262,0.4060716293220452,0.0,0.39166101178877,-0.024999999999999994,0.0,0.38999999999999996,3.0,130.0954743787361,0.09492539652240715,True,False,False
4.62,0.4313823030909652,1.082342965387781,0.06159640385243428,0.02266079885630795,-0.2747803468701906,0.0,0.01215094320786262,0.4063792289408841,0.0,0.39162857558426384,-0.024999999999999994,0.0,0.38999999999999996,3.0,130.09551763185792,0.09674012903863317,True,False,False
4.625,0.4316871095923843,1.0887978224712358,0.061062953205652436,0.02240274280611174,-0.2747803468701906,0.0,0.01215094320786262,0.4066841587754647,0.0,0.39159613613034516,-0.024999999999999994,0.0,0.38999999999999996,3.0,130.09555951876118,0.09849462173077096,True,False,False
4.63,0.43198922323097283,1.0951788476622837,0.06052449278921984,0.022145356552627005,-0.2747803468701906,0.0,0.01215094320786262,0.4069863931334985,0.0,0.3915636928118259,-0.024999999999999994,0.0,0.38999999999999996,3.0,130.09560001768878,0.10019005312020132,True,False,False
4.635,0.4322886186226649,1.1014862351051944,0.05998108836636388,0.021888656968968766,-0.2747803468701906,0.0,0.01215094320786262,0.40728590663972253,0.0,0.3915312450375099,-0.024999999999999994,0.0,0.38999999999999996,3.0,130.09563910975763,0.10182758883887279,True,False,False
4.64,0.4325852706997913,1.107720184585903,0.05943280546768865,0.02163266621123385,-0.2747803468701906,0.0,0.01215094320786262,0.4075826742348918,0.0,0.3914987922475045,-0.024999999999999994,0.0,0.38999999999999996,3.0,130.09567677886284,0.10340838216003681,True,False,False
4.6450000000000005,0.4328791547098237,1.1138809027644416,0.05887970939592129,0.02137740983678862,-0.2747803468701906,0.0,0.01215094320786262,0.4078766711745184,0.0,0.39146633391808533,-0.024999999999999994,0.0,0.38999999999999996,3.0,130.09571301158283,0.10493357427736827,True,False,False
4.65,0.4331702462139311,1.1199686039369128,0.05832186523311965,0.021122915410682057,-0.27731513739103797,0.0,0.014124042560990917,0.4081678730274315,0.0,0.3914338695647137,-0.024999999999999994,0.0,0.38999999999999996,3.0,130.1227174921512,0.10250416918161531,True,False,False
4.655,0.43345852030450105,1.1259833020397982,0.057757868928941865,0.02086673909279881,-0.27731513739103797,0.0,0.014124042560990917,0.40845625481339565,0.0,0.3914014234592585,-0.024999999999999994,0.0,0.38999999999999996,3.0,130.1227542637965,0.10401666710274421,True,False,False
4.66,0.43374395169801855,1.1319238868358483,0.05718919571271313,0.02060543086162029,-0.27731513739103797,0.0,0.014124042560990917,0.40874179119615284,0.0,0.39136901591150774,-0.024999999999999994,0.0,0.38999999999999996,3.0,130.12278958253393,0.10541757145395222,True,False,False
4.665,0.4340265161399642,1.1377888595078889,0.05661598639437071,0.020338907548253297,-0.27731513739103797,0.0,0.014124042560990917,0.4090244579576137,0.0,0.39133664026357406,-0.024999999999999994,0.0,0.38999999999999996,3.0,130.12282342966623,0.10672166787469449,True,False,False
4.67,0.43430619001780923,1.1435767785463133,0.05603836493021941,0.02006759906712165,-0.27731513739103797,0.0,0.014124042560990917,0.40930423151919965,0.0,0.39130428996119265,-0.024999999999999994,0.0,0.38999999999999996,3.0,130.12285579351672,0.10794021990136474,True,False,False
4.675,0.4345829503373675,1.1492863705501188,0.05545644145246355,0.01979221802803501,-0.27731513739103797,0.0,0.014124042560990917,0.40958108891687783,0.0,0.3912719590211729,-0.024999999999999994,0.0,0.38999999999999996,3.0,130.12288666806407,0.10908199590750929,True,False,False
4.68,0.43485677469012823,1.1549165878283894,0.054870314898996776,0.019513607338404886,-0.27731513739103797,0.0,0.014124042560990917,0.40985500776801176,0.0,0.39123964228041674,-0.024999999999999994,0.0,0.38999999999999996,3.0,130.1229160519492,0.11015396311600328,True,False,False
4.6850000000000005,0.43512764121664715,1.1604666306610685,0.054280075205278125,0.019232642576340525,-0.27731513739103797,0.0,0.014124042560990917,0.4101259662347828,0.0,0.39120733550012854,-0.024999999999999994,0.0,0.38999999999999996,3.0,130.12294394772505,0.11116176296449454,True,False,False
4.69,0.43539552856957214,1.1659359473447577,0.05368580508983723,0.01895017210795623,-0.27731513739103797,0.0,0.014124042560990917,0.4103939429875388,0.0,0.3911750353785939,-0.024999999999999994,0.0,0.38999999999999996,3.0,130.12297036127794,0.11211004191815958,True,False,False
4.695,0.4356604158783145,1.1713242209812036,0.053087581490468744,0.018666982715783445,-0.27731513739103797,0.0,0.014124042560990917,0.4106589171699353,0.0,0.39114273950897666,-0.024999999999999994,0.0,0.38999999999999996,3.0,130.1229953013697,0.11300268573161155,True,False,False
4.7,0.4359222827163956,1.1766313490064342,0.052485476712468546,0.018383782100583564,-0.277839210990475,0.0,0.0159418822499022,0.41092086836680974,0.0,0.3911104463065069,-0.024999999999999994,0.0,0.38999999999999996,3.0,130.14726231679953,0.11309953193387275,True,False,False
4.705,0.4361811085497426,1.1818574633416716,0.0518781823179729,0.018101456475442215,-0.277839210990475,0.0,0.0159418822499022,0.4111797759960282,0.0,0.39107817797093536,-0.024999999999999994,0.0,0.38999999999999996,3.0,130.1472849822058,0.1139125075624057,True,False,False
4.71,0.4364368732000057,1.187002814700126,0.05126711511545911,0.017820039060821018,-0.277839210990475,0.0,0.0159418822499022,0.4114356198366498,0.0,0.3910459571679331,-0.024999999999999994,0.0,0.38999999999999996,3.0,130.14730621342355,0.11467695770637137,True,False,False
4.715,0.4366895573683639,1.1920677344409265,0.05065233868996064,0.017540014430749234,-0.277839210990475,0.0,0.0159418822499022,0.4116883806063289,0.0,0.3910137840004758,-0.024999999999999994,0.0,0.38999999999999996,3.0,130.14732602662903,0.11539522152235088,True,False,False
4.72,0.43693914211062873,1.1970526821437428,0.05003391437930596,0.017261793489760754,-0.277839210990475,0.0,0.0159418822499022,0.41193803937611045,0.0,0.39098165907157045,-0.024999999999999994,0.0,0.38999999999999996,3.0,130.1473444396483,0.11606935365263922,True,False,False
4.7250000000000005,0.4371856088181864,1.2019582251384544,0.04941190172428777,0.016985718562613814,-0.277839210990475,0.0,0.0159418822499022,0.41218457755172655,0.0,0.39094958340691993,-0.024999999999999994,0.0,0.38999999999999996,3.0,130.14736147178078,0.1167011761272326,True,False,False
4.73,0.4374289392013949,1.206785019742331,0.04878635883162092,0.01671206966881688,-0.277839210990475,0.0,0.0159418822499022,0.4124279768572995,0.0,0.39091755838370656,-0.024999999999999994,0.0,0.38999999999999996,3.0,130.1473771436467,0.11729231923563416,True,False,False
4.735,0.4376691152751424,1.211533794361821,0.048157342669753085,0.016441071196565137,-0.277839210990475,0.0,0.0159418822499022,0.4126682193211583,0.0,0.3908855856663127,-0.024999999999999994,0.0,0.38999999999999996,3.0,130.14739147705222,0.1178442541324438,True,False,False
4.74,0.43790611934618134,1.2162053360372462,0.0475249075260385,0.01617294912392907,-0.277839210990475,0.0,0.0159418822499022,0.4129052872633767,0.0,0.39085366715499315,-0.024999999999999994,0.0,0.38999999999999996,3.0,130.1474044948716,0.11835858677254606,True,False,False
4.745,0.4381399339856283,1.220800587725555,0.04688907445617079,0.01590869390062037,-0.277839210990475,0.0,0.0159418822499022,0.413139163267666,0.0,0.39082180535420985,-0.024999999999999994,0.0,0.38999999999999996,3.0,130.1474162211096,0.11884113487395771,True,False,False
4.75,0.4383705419696132,1.225320750525163,0.046249873278100644,0.015648715451471173,-0.27642349021371804,0.0,0.01749918355708933,0.41336983012154505,0.0,0.3907900037595843,-0.024999999999999994,0.0,0.38999999999999996,3.0,130.16752274138435,0.12159010838860713,True,False,False
4.755,0.4385979259748585,1.229767076844177,0.045606159977042135,0.015393229750397459,-0.27642349021371804,0.0,0.01749918355708933,0.4135972704808481,0.0,0.39075828503695126,-0.024999999999999994,0.0,0.38999999999999996,3.0,130.16753013955645,0.1219406883860695,True,False,False
4.76,0.43882206894656317,1.2341408233814044,0.04495916355592553,0.015141989242196598,-0.27642349021371804,0.0,0.01749918355708933,0.41382146727630664,0.0,0.39072667187338317,-0.024999999999999994,0.0,0.38999999999999996,3.0,130.16753633473994,0.12226565270703064,True,False,False
4.765,0.4390429543542418,1.2384431840852475,0.04430893059335883,0.014894832699103631,-0.27642349021371804,0.0,0.01749918355708933,0.41404240399975195,0.0,0.3906951677635508,-0.024999999999999994,0.0,0.38999999999999996,3.0,130.16754135563517,0.12256511956856007,True,False,False
4.7700000000000005,0.43926056586273654,1.2426753025401525,0.04365550967347214,0.014651572982939724,-0.27642349021371804,0.0,0.01749918355708933,0.4142600643393861,0.0,0.3906637760238737,-0.024999999999999994,0.0,0.38999999999999996,3.0,130.1675452311503,0.12283924619085547,True,False,False
4.775,0.4394748873360033,1.246838266822011,0.042998950978754516,0.014412011650709785,-0.27642349021371804,0.0,0.01749918355708933,0.41447443218352453,0.0,0.39063249977191916,-0.024999999999999994,0.0,0.38999999999999996,3.0,130.1675479903809,0.12308822562239136,True,False,False
4.78,0.4396859028407122,1.250933107683355,0.042339306012319645,0.01417594813248029,-0.27642349021371804,0.0,0.01749918355708933,0.4146854916241254,0.0,0.39060134191883056,-0.024999999999999994,0.0,0.38999999999999996,3.0,130.16754966258657,0.1233122833325889,True,False,False
4.785,0.43989359664964783,1.2549607988150437,0.04167662741074379,0.013943185360291103,-0.27642349021371804,0.0,0.01749918355708933,0.4148932269601069,0.0,0.3905703051699701,-0.024999999999999994,0.0,0.38999999999999996,3.0,130.16755027716664,0.12351167389631817,True,False,False
4.79,0.44009795324485723,1.2589222583716329,0.041010968821103264,0.013713533088062422,-0.27642349021371804,0.0,0.01749918355708933,0.4150976227004072,0.0,0.3905393920304866,-0.024999999999999994,0.0,0.38999999999999996,3.0,130.1675498636355,0.1236866779044317,True,False,False
4.795,0.44029895732052093,1.2628183512128237,0.040342384824401625,0.01348680971946064,-0.27642349021371804,0.0,0.01749918355708933,0.41529866356676726,0.0,0.390508604813779,-0.024999999999999994,0.0,0.38999999999999996,3.0,130.16754845159608,0.12383759914176735,True,False,False
4.8,0.4404965937855461,1.2666498915271982,0.039670930893452076,0.013262843180921864,-0.2732122755755454,0.0,0.018548449747795955,0.41549633449623924,0.0,0.39047794565144994,-0.024999999999999994,0.0,0.38999999999999996,3.0,130.18022654104593,0.12905983275542424,True,False,False
4.805,0.4406908477754743,1.2704176303626862,0.03899592520315748,0.013041455261284928,-0.2732122755755454,0.0,0.018548449747795955,0.41569062064093154,0.0,0.39044742840410207,-0.024999999999999994,0.0,0.38999999999999996,3.0,130.1802195457915,0.12899783006098414,True,False,False
4.8100000000000005,0.4408817048146268,1.2741223841098681,0.03831817251103245,0.012823109854606198,-0.2732122755755454,0.0,0.018548449747795955,0.4158815075450789,0.0,0.3904170671770979,-0.024999999999999994,0.0,0.38999999999999996,3.0,130.1802116915324,0.12891837516270216,True,False,False
4.815,0.4410691506908669,1.2777650094794442,0.037637719970365344,0.01260769534161955,-0.2732122755755454,0.0,0.018548449747795955,0.4160689810303966,0.0,0.3903868642788761,-0.024999999999999994,0.0,0.38999999999999996,3.0,130.1802030114566,0.1288214266032059,True,False,False
4.82,0.4412531713751659,1.2813463260966105,0.03695461712532948,0.012395068046718874,-0.2732122755755454,0.0,0.018548449747795955,0.4162530271021128,0.0,0.3903568218934754,-0.024999999999999994,0.0,0.38999999999999996,3.0,130.1801935384222,0.12870706807475985,True,False,False
4.825,0.44143375302425225,1.284867109675676,0.03626891561986144,0.012185067116517975,-0.2732122755755454,0.0,0.018548449747795955,0.4164336319515889,0.0,0.39032694205248564,-0.024999999999999994,0.0,0.38999999999999996,3.0,130.18018330494405,0.12857546927676508,True,False,False
4.83,0.4416108819834795,1.2883280886187594,0.03558066900688482,0.011977524429085434,-0.2732122755755454,0.0,0.018548449747795955,0.41661078195913936,0.0,0.3902972266207796,-0.024999999999999994,0.0,0.38999999999999996,3.0,130.18017234317944,0.12842685994263403,True,False,False
4.835,0.4417845447898676,1.291729942927039,0.034889932636963064,0.011772271072809117,-0.2732122755755454,0.0,0.018548449747795955,0.41678446369701383,0.0,0.3902676772915449,-0.024999999999999994,0.0,0.38999999999999996,3.0,130.18016068491232,0.1282615124150487,True,False,False
4.84,0.4419547281751494,1.2950733046137533,0.03419676361060151,0.011569141475673788,-0.2732122755755454,0.0,0.018548449747795955,0.41695466393238034,0.0,0.39023829558736467,-0.024999999999999994,0.0,0.38999999999999996,3.0,130.18014836153858,0.12807972978231758,True,False,False
4.845,0.44212141906873087,1.2983587590545937,0.0335012208165872,0.011367975784413738,-0.2732122755755454,0.0,0.018548449747795955,0.4171213696302225,0.0,0.39020908286507366,-0.024999999999999994,0.0,0.38999999999999996,3.0,130.18013540405047,0.12788184169378317,True,False,False
4.8500000000000005,0.4422846046549927,1.3015868350358486,0.03280340137102491,0.011168523118527427,-0.268346314133515,0.0,0.019189839194234008,0.4172845680106078,0.0,0.3901800402544989,-0.024999999999999994,0.0,0.38999999999999996,3.0,130.18673011573776,0.13535031560453156,True,False,False
4.855,0.4424442726076504,1.3047579882955889,0.03210298261491059,0.01097070193682723,-0.268346314133515,0.0,0.019189839194234008,0.41744424678085224,0.0,0.3901511748563241,-0.024999999999999994,0.0,0.38999999999999996,3.0,130.1867111090691,0.13487021649125971,True,False,False
4.86,0.4426004109199742,1.307872814417855,0.031400403734981666,0.01077528206429647,-0.268346314133515,0.0,0.019189839194234008,0.41760039396917126,0.0,0.39012249434442925,-0.024999999999999994,0.0,0.38999999999999996,3.0,130.18669167194474,0.13438403579673486,True,False,False
4.865,0.4427530076804772,1.3109319938772572,0.030695714492367333,0.010582198546233951,-0.268346314133515,0.0,0.019189839194234008,0.41775299770190594,0.0,0.39009400045120424,-0.024999999999999994,0.0,0.38999999999999996,3.0,130.1866718363471,0.13389133961429467,True,False,False
4.87,0.44290205117782033,1.3139361693082923,0.02998900047648633,0.010391247940285534,-0.268346314133515,0.0,0.019189839194234008,0.41790204630563427,0.0,0.39006569476696884,-0.024999999999999994,0.0,0.38999999999999996,3.0,130.18665163321245,0.13339544573068532,True,False,False
4.875,0.44304753003740155,1.3168859370349628,0.029280349822095156,0.01020240753069633,-0.268346314133515,0.0,0.019189839194234008,0.41804752844371734,0.0,0.3900375786608622,-0.024999999999999994,0.0,0.38999999999999996,3.0,130.18663109176902,0.13289948371956023,True,False,False
4.88,0.44318943304874286,1.3197820207780007,0.028569738887770636,0.010016623051907994,-0.268346314133515,0.0,0.019189839194234008,0.4181894329435957,0.0,0.39000965402661464,-0.024999999999999994,0.0,0.38999999999999996,3.0,130.18661024022023,0.13240188921304896,True,False,False
4.885,0.44332774895467947,1.3226253331430273,0.02785719499481684,0.009833923215694465,-0.268346314133515,0.0,0.019189839194234008,0.4183277485861512,0.0,0.38998192356172334,-0.024999999999999994,0.0,0.38999999999999996,3.0,130.1865891061274,0.13190241048495716,True,False,False
4.89,0.4434624665917685,1.3254166989484972,0.02714278831006515,0.00965390370253395,-0.268346314133515,0.0,0.019189839194234008,0.4184624642462429,0.0,0.3899543896379487,-0.024999999999999994,0.0,0.38999999999999996,3.0,130.18656771612825,0.13140146589938365,True,False,False
4.8950000000000005,0.44359357493071316,1.328156833228403,0.026426594737946396,0.009476203198431864,-0.268346314133515,0.0,0.019189839194234008,0.4185935689330066,0.0,0.38992705421082924,-0.024999999999999994,0.0,0.38999999999999996,3.0,130.1865460959274,0.13089938537155948,True,False,False
4.9,0.4437210630910084,1.3308463538591682,0.025708695475359374,0.009300504392950866,-0.2620098465491467,0.0,0.019524876520365084,0.41872105180437647,0.0,0.3898999188703335,-0.024999999999999994,0.0,0.38999999999999996,3.0,130.18845083828114,0.14037251602918027,True,False,False
4.905,0.4438449203786227,1.3334856825757737,0.02498905560353627,0.009125754467262374,-0.2620098465491467,0.0,0.019524876520365084,0.41884490220512016,0.0,0.38987298648398644,-0.024999999999999994,0.0,0.38999999999999996,3.0,130.18842348614712,0.13951106594057341,True,False,False
4.91,0.443965136374166,1.3360752000795846,0.024267906243411578,0.008952904104874924,-0.2620098465491467,0.0,0.019524876520365084,0.41896510975488005,0.0,0.38984625973471987,-0.024999999999999994,0.0,0.38999999999999996,3.0,130.18839617722242,0.1386635427653291,True,False,False
4.915,0.4440817009479383,1.3386155169756244,0.02354532810712664,0.00878224627854432,-0.2620098465491467,0.0,0.019524876520365084,0.41908166436274474,0.0,0.38981974010815,-0.024999999999999994,0.0,0.38999999999999996,3.0,130.18836893211014,0.137832560750433,True,False,False
4.92,0.4441946041015111,1.341107232959595,0.022821408568085694,0.00861355837971283,-0.2620098465491467,0.0,0.019524876520365084,0.41919455606902223,0.0,0.3897934290861136,-0.024999999999999994,0.0,0.38999999999999996,3.0,130.18834177059568,0.1370148109280165,True,False,False
4.925,0.4443038359482894,1.3435508687144406,0.022096252066914318,0.00844652581077595,-0.2620098465491467,0.0,0.019524876520365084,0.41930377502566263,0.0,0.389767327891956,-0.024999999999999994,0.0,0.38999999999999996,3.0,130.18831471214418,0.1362077549705206,True,False,False
4.93,0.444409386726665,1.3459468484249217,0.02136997876344428,0.008280796123987234,-0.2620098465491467,0.0,0.019524876520365084,0.41940931150928795,0.0,0.3897414374135038,-0.024999999999999994,0.0,0.38999999999999996,3.0,130.18828777577545,0.13540946160869616,True,False,False
4.9350000000000005,0.44451124681359616,1.3482954938749334,0.020642724960892256,0.008116011030407653,-0.2620098465491467,0.0,0.019524876520365084,0.4195111559346537,0.0,0.3897157581737852,-0.024999999999999994,0.0,0.38999999999999996,3.0,130.18826097998132,0.1346184426064519,True,False,False
4.94,0.4446094067381068,1.350597025824093,0.019914644290268076,0.007951825999191996,-0.2620098465491467,0.0,0.019524876520365084,0.4196092988680429,0.0,0.38969029033185176,-0.024999999999999994,0.0,0.38999999999999996,3.0,130.1882343426699,0.13383353876519302,True,False,False
4.945,0.44470385719409977,1.3528515697149421,0.01918590968107227,0.007787921441418199,-0.2620098465491467,0.0,0.019524876520365084,0.41970373103999176,0.0,0.3896650337016905,-0.024999999999999994,0.0,0.38999999999999996,3.0,130.18820788112959,0.13305383931593998,True,False,False
4.95,0.44479458905218827,1.355059163725425,0.018456716189726448,0.007624008315137428,-0.25441030526404634,0.0,0.019618619394707933,0.4197944433570492,0.0,0.38963998778112474,-0.024999999999999994,0.0,0.38999999999999996,3.0,130.18635620729737,0.14423023727921486,True,False,False
4.955,0.4448815940060696,1.357220324328728,0.01772747016844128,0.00746423445544046,-0.25441030526404634,0.0,0.019618619394707933,0.4198814275483968,0.0,0.38961515213149567,-0.024999999999999994,0.0,0.38999999999999996,3.0,130.18632499844023,0.1430981461886345,True,False,False
4.96,0.44496486412829583,1.3593360681706392,0.016998098410283727,0.007306848149451097,-0.25441030526404634,0.0,0.019618619394707933,0.4199646757233118,0.0,0.389590528192941,-0.024999999999999994,0.0,0.38999999999999996,3.0,130.18629428026554,0.14199100748831683,True,False,False
4.965,0.4450443910364123,1.3614069970065688,0.01626886747392021,0.0071512681130407665,-0.25441030526404634,0.0,0.019618619394707933,0.42004417953618745,0.0,0.3895661176048637,-0.024999999999999994,0.0,0.38999999999999996,3.0,130.18626406007832,0.14090585196786798,True,False,False
4.97,0.44512016643028074,1.3634335450670236,0.015540095371198237,0.006996916920735483,-0.25441030526404634,0.0,0.019618619394707933,0.42011993072307335,0.0,0.3895419213961899,-0.024999999999999994,0.0,0.38999999999999996,3.0,130.18623434507327,0.13984028004022123,True,False,False
4.9750000000000005,0.44519218211643125,1.3654159853473535,0.014812160293833629,0.00684324984525627,-0.25441030526404634,0.0,0.019618619394707933,0.4201919211258779,0.0,0.38951794000397444,-0.024999999999999994,0.0,0.38999999999999996,3.0,130.18620514221115,0.13879233229643506,True,False,False
4.98,0.44526043002991156,1.3673544414122119,0.01408551320160655,0.006689770098037634,-0.25441030526404634,0.0,0.019618619394707933,0.4202601427141065,0.0,0.3894941733150241,-0.024999999999999994,0.0,0.38999999999999996,3.0,130.18617645813364,0.13776039400216533,True,False,False
4.985,0.4453249022538663,1.369248902238675,0.0133606952473353,0.006536035436255033,-0.25441030526404634,0.0,0.019618619394707933,0.4203245876043606,0.0,0.3894706207203392,-0.024999999999999994,0.0,0.38999999999999996,3.0,130.18614829910194,0.13674312347038425,True,False,False
4.99,0.4453855910369196,1.3710992381214258,0.012638361543154624,0.0063816594431164355,-0.25441030526404634,0.0,0.019618619394707933,0.4203852480776682,0.0,0.3894472811744479,-0.024999999999999994,0.0,0.38999999999999996,3.0,130.1861206709539,0.1357393974239442,True,False,False
4.995,0.4454424888085068,1.3729052164555633,0.011919313511231025,0.006226309658981381,-0.25441030526404634,0.0,0.019618619394707933,0.42044211659478575,0.0,0.3894241532547825,-0.024999999999999994,0.0,0.38999999999999996,3.0,130.18609357907434,0.13474826865171746,True,False,False
5.0,0.44549558819234525,1.374666516705066,0.0112045431261764,0.006069703977591623,-0.24580582763602699,0.0,0.019562189463788997,0.42049518580965595,0.0,0.3894012352183236,-0.024999999999999994,0.0,0.38999999999999996,3.0,130.18179646732997,0.14729481018294696,True,False,False
5.005,0.4455448827969377,1.3763833664042555,0.010495827793169306,0.0059165389145436524,-0.24580582763602699,0.0,0.019562189463788997,0.420544449357513,0.0,0.389378523333131,-0.024999999999999994,0.0,0.38999999999999996,3.0,130.18176609958095,0.14591829776889445,True,False,False
5.01,0.44559036665240226,1.3780565764555317,0.009793961793928819,0.0057649480123936735,-0.24580582763602699,0.0,0.019562189463788997,0.42058990129726437,0.0,0.3893560160588526,-0.024999999999999994,0.0,0.38999999999999996,3.0,130.18173663076058,0.14457663833873194,True,False,False
5.015,0.44563203320731404,1.3796865133432428,0.009100935497808615,0.005614333429269604,-0.24580582763602699,0.0,0.019562189463788997,0.4206315351092175,0.0,0.3893337142603354,-0.024999999999999994,0.0,0.38999999999999996,3.0,130.18170805075528,0.14326636644343949,True,False,False
5.0200000000000005,0.44566987599583174,1.381273371171217,0.008419368514794126,0.005464101592381135,-0.24580582763602699,0.0,0.019562189463788997,0.42066934435812886,0.0,0.38931161817604987,-0.024999999999999994,0.0,0.38999999999999996,3.0,130.18168035009512,0.14198464286203333,True,False,False
5.025,0.44570388866456523,1.3828171785817565,0.007752748273099764,0.005313694756131196,-0.24580582763602699,0.0,0.019562189463788997,0.4207033227199496,0.0,0.38928972743849616,-0.024999999999999994,0.0,0.38999999999999996,3.0,130.1816535197352,0.1407291130365575,True,False,False
5.03,0.4457340649966171,1.384317811684772,0.007105773933525852,0.005162607630117926,-0.24580582763602699,0.0,0.019562189463788997,0.4207334640057957,0.0,0.3892680411196644,-0.024999999999999994,0.0,0.38999999999999996,3.0,130.18162755090012,0.13949780257286803,True,False,False
5.035,0.44576039893307606,1.3857750102853719,0.006484845571180268,0.00501039453588607,-0.24580582763602699,0.0,0.019562189463788997,0.42075976218341204,0.0,0.38924655779051576,-0.024999999999999994,0.0,0.38999999999999996,3.0,130.18160243496752,0.13828903883798643,True,False,False
5.04,0.44578288459206694,1.3871883952581427,0.005898737032223895,0.0048566707257448995,-0.24580582763602699,0.0,0.019562189463788997,0.42078221139622196,0.0,0.3892252755856822,-0.024999999999999994,0.0,0.38999999999999996,3.0,130.181578163382,0.13710139114038605,True,False,False
5.045,0.4458015162855132,1.3885574857567358,0.005359451369243049,0.004701110254962464,-0.24580582763602699,0.0,0.019562189463788997,0.42080080598011116,0.0,0.38920419226821484,-0.024999999999999994,0.0,0.38999999999999996,3.0,130.18155472759113,0.13593362436566933,True,False,False
5.05,0.4458162885338369,1.3898817155178924,0.0048831142857324586,0.004543441959547428,-0.23644011203565488,0.0,0.01945295037987123,0.4208155404781645,0.0,0.3891833052911845,-0.024999999999999994,0.0,0.38999999999999996,3.0,130.1762097134534,0.14950610162883549,True,False,False
5.055,0.44582719694652934,1.3911611226873624,0.004491345126132644,0.00438879700228605,-0.23644011203565488,0.0,0.01945295037987123,0.4208264105165519,0.0,0.38916260933465624,-0.024999999999999994,0.0,0.38999999999999996,3.0,130.1761847723956,0.14793063922323232,True,False,False
5.0600000000000005,0.44583423758745966,1.3923963908927453,0.004206548091733523,0.004235197462318765,-0.23644011203565488,0.0,0.01945295037987123,0.42083341217921844,0.0,0.38914210150569595,-0.024999999999999994,0.0,0.38999999999999996,3.0,130.17616106775048,0.1463986936911425,True,False,False
5.065,0.4458374058639056,1.3935877327130948,0.004052004992977755,0.004082027754547955,-0.23644011203565488,0.0,0.01945295037987123,0.42083654089922035,0.0,0.3891217822167983,-0.024999999999999994,0.0,0.38999999999999996,3.0,130.17613857038967,0.14490630231285584,True,False,False
5.07,0.4458366972736597,1.394735183111054,0.004043326531227985,0.00392867655841508,-0.23644011203565488,0.0,0.01945295037987123,0.42083579219863465,0.0,0.3891016512365649,-0.024999999999999994,0.0,0.38999999999999996,3.0,130.17611725283106,0.1434501874037003,True,False,False
5.075,0.44583210743414886,1.3958386068478257,0.0041820164402665465,0.0037745711071508923,-0.23644011203565488,0.0,0.01945295037987123,0.42083116171758006,0.0,0.38908170771136186,-0.024999999999999994,0.0,0.38999999999999996,3.0,130.17609708890419,0.1420276021507192,True,False,False
5.08,0.4458236321084291,1.3968977124197919,0.004454855018400946,0.003619195231348073,-0.23644011203565488,0.0,0.01945295037987123,0.42082264524018004,0.0,0.3890619502142252,-0.024999999999999994,0.0,0.38999999999999996,3.0,130.1760780535052,0.140636216819257,True,False,False
5.085,0.44581126722838227,1.3979120695720761,0.0048396512589726805,0.0034620970991876836,-0.23644011203565488,0.0,0.01945295037987123,0.4208102387177756,0.0,0.38904237680895315,-0.024999999999999994,0.0,0.38999999999999996,3.0,130.1760601224089,0.1392740333836639,True,False,False
5.09,0.44579500891522006,1.398881128046548,0.005312501566631309,0.0033028906081373362,-0.23644011203565488,0.0,0.01945295037987123,0.42079393828948053,0.0,0.3890229851198911,-0.024999999999999994,0.0,0.38999999999999996,3.0,130.1760432721246,0.1379393203990908,True,False,False
5.095,0.44577485349749324,1.3998042361396008,0.005852402776494738,0.0031412530307784125,-0.23644011203565488,0.0,0.01945295037987123,0.42077374030026027,0.0,0.3890037724016667,-0.024999999999999994,0.0,0.38999999999999996,3.0,130.1760274797846,0.13663056252960812,True,False,False
5.1000000000000005,0.4457507975268354,1.400680658260427,0.006442762658567513,0.0029769206039377966,-0.22656438824233216,0.0,0.019356502477554174,0.42074964131675874,0.0,0.3889847356055333,-0.024999999999999994,0.0,0.38999999999999996,3.0,130.17062148146633,0.15087114151215214,True,False,False
5.105,0.44572283870218476,1.4015103034363472,0.007071269615130837,0.002815332609688971,-0.22656438824233216,0.0,0.019356502477554174,0.4207216390459396,0.0,0.38896586899528235,-0.024999999999999994,0.0,0.38999999999999996,3.0,130.17060606825515,0.1491418139940272,True,False,False
5.11,0.44569097520324413,1.4022937680622845,0.007728135000919866,0.0026544217528526714,-0.22656438824233216,0.0,0.019356502477554174,0.42068973168045043,0.0,0.3889471694215817,-0.024999999999999994,0.0,0.38999999999999996,3.0,130.17059214043908,0.14746277573305122,True,False,False
5.115,0.44565520452483276,1.4030311579845929,0.00840689749594166,0.0024935634917100154,-0.22656438824233216,0.0,0.019356502477554174,0.42065391673525304,0.0,0.3889286370368977,-0.024999999999999994,0.0,0.38999999999999996,3.0,130.17057965023275,0.1458296646021853,True,False,False
5.12,0.4456155242612906,1.4037223988657863,0.00910281646745014,0.002332138212398627,-0.22656438824233216,0.0,0.019356502477554174,0.4206141918230569,0.0,0.3889102713417291,-0.024999999999999994,0.0,0.38999999999999996,3.0,130.17056855261495,0.14423884656622843,True,False,False
5.125,0.4455719321371179,1.4043672441010315,0.009812370207946324,0.0021695672220469063,-0.22656438824233216,0.0,0.019356502477554174,0.42057055468488463,0.0,0.388892071207778,-0.024999999999999994,0.0,0.38999999999999996,3.0,130.1705588048707,0.14268725270304278,True,False,False
5.13,0.4455244260342655,1.404965289568634,0.010532903789080587,0.0020053316286688435,-0.22656438824233216,0.0,0.019356502477554174,0.4205230032173672,0.0,0.3888740349296764,-0.024999999999999994,0.0,0.38999999999999996,3.0,130.17055036624876,0.14117225886897006,True,False,False
5.135,0.4454730040164254,1.4055159921154448,0.011262384375056486,0.0018389803738229236,-0.22656438824233216,0.0,0.019356502477554174,0.4204715354970977,0.0,0.3888561602926109,-0.024999999999999994,0.0,0.38999999999999996,3.0,130.1705431976951,0.13969159539740264,True,False,False
5.14,0.4454176643504536,1.4060186893052653,0.01199923096187159,0.001670131587448633,-0.22656438824233216,0.0,0.019356502477554174,0.42041614980215125,0.0,0.3888384446458045,-0.024999999999999994,0.0,0.38999999999999996,3.0,130.17053726164391,0.13824327819028898,True,False,False
5.1450000000000005,0.44535840552513206,1.406472618938929,0.01274219502082381,0.0014984700080540225,-0.22656438824233216,0.0,0.019356502477554174,0.4203568446309631,0.0,0.3888208849758631,-0.024999999999999994,0.0,0.38999999999999996,3.0,130.1705325218517,0.13682555530445692,True,False,False
5.15,0.44529522626752843,1.4068769374942343,0.013490275940634984,0.0013237422480049314,-0.2164252131707458,0.0,0.01931138621857691,0.4202936187188139,0.0,0.38880347797640197,-0.024999999999999994,0.0,0.38999999999999996,3.0,130.16569596691502,0.15137851493375531,True,False,False
5.155,0.44522812647314775,1.4072314709475224,0.0142424336677084,0.0011515687031891087,-0.2164252131707458,0.0,0.01931138621857691,0.4202264719631074,0.0,0.3887862182759786,-0.024999999999999994,0.0,0.38999999999999996,3.0,130.16569343403486,0.149536251209418,True,False,False
5.16,0.44515710653866614,1.4075367562156813,0.014997958305494058,0.0009798278104412629,-0.2164252131707458,0.0,0.01931138621857691,0.42015540476882823,0.0,0.3887691031813729,-0.024999999999999994,0.0,0.38999999999999996,3.0,130.16569253992398,0.147749028097298,True,False,False
5.165,0.44508216618528695,1.4077928296251299,0.015756384088046936,0.0008078985154549006,-0.2164252131707458,0.0,0.01931138621857691,0.42008041687259656,0.0,0.3887521327382202,-0.024999999999999994,0.0,0.38999999999999996,3.0,130.16569322007254,0.14601220193133518,True,False,False
5.17,0.4450033052462415,1.407999548359538,0.01651731841643447,0.0006351653308972992,-0.2164252131707458,0.0,0.01931138621857691,0.42000150812108394,0.0,0.38873530634521486,-0.024999999999999994,0.0,0.38999999999999996,3.0,130.16569541384746,0.14432188247648806,True,False,False
5.175,0.4449205236981324,1.4081565987095708,0.01728042386164403,0.00046105511621938485,-0.2164252131707458,0.0,0.01931138621857691,0.4199186785023036,0.0,0.3887186227783311,-0.024999999999999994,0.0,0.38999999999999996,3.0,130.16569906391496,0.14267476516539906,True,False,False
5.18,0.4448338216887773,1.4082635112907522,0.018045405537515352,0.00028505630855010994,-0.2164252131707458,0.0,0.01931138621857691,0.4198319281734961,0.0,0.3887020802442181,-0.024999999999999994,0.0,0.38999999999999996,3.0,130.1657041158032,0.14106800718913934,True,False,False
5.1850000000000005,0.44474319956193753,1.408319680051682,0.01881200205091126,0.0001067270367545801,-0.2164252131707458,0.0,0.01931138621857691,0.4197412574859618,0.0,0.3886856764497323,-0.024999999999999994,0.0,0.38999999999999996,3.0,130.16571051755815,0.13949913448162812,True,False,False
5.19,0.44464865787907176,1.4083243825485763,0.019579978874490127,7.430360227724127e-05,-0.2164252131707458,0.0,0.01931138621857691,0.41964666700695274,0.0,0.3886694086773723,-0.024999999999999994,0.0,0.38999999999999996,3.0,130.16571821946914,0.13796597071654812,True,False,False
5.195,0.4445501974383348,1.4082767999526211,0.020349123389375345,0.0002583382905328479,-0.2164252131707458,0.0,0.01931138621857691,0.41954815753882896,0.0,0.38865327386043697,-0.024999999999999994,0.0,0.38999999999999996,3.0,130.16572717384815,0.1364665822527618,True,False,False
5.2,0.4444478192910881,1.408176035921696,0.021119241100589943,0.0004456164335422814,-0.20625789385282606,0.0,0.01933546419234837,0.41944573013573117,0.0,0.3886372686543155,-0.024999999999999994,0.0,0.38999999999999996,3.0,130.16181276393854,0.15098814442160227,True,False,False
5.205,0.444341525239439,1.408021286850247,0.02189012313894143,0.0006350761391008398,-0.20625789385282606,0.0,0.01933546419234837,0.41933938659214376,0.0,0.38862138655586353,-0.024999999999999994,0.0,0.38999999999999996,3.0,130.16182558363846,0.1490107013221002,True,False,False
5.21,0.4442313175422608,1.407811987589144,0.02266151390851217,0.0008264381018623632,-0.20625789385282606,0.0,0.01933546419234837,0.4192291291610664,0.0,0.3886056219545853,-0.024999999999999994,0.0,0.38999999999999996,3.0,130.1618401611459,0.14708492857002972,True,False,False
5.215,0.4441171983464857,1.4075476003775786,0.023433270549931162,0.0010196545329002704,-0.20625789385282606,0.0,0.01933546419234837,0.4191149599941135,0.0,0.3885899728518034,-0.024999999999999994,0.0,0.38999999999999996,3.0,130.16185642150836,0.14520988231303888,True,False,False
5.22,0.4439991700471826,1.407227600119852,0.02420526171777747,0.0012146829151793606,-0.20625789385282606,0.0,0.01933546419234837,0.41899688149087,0.0,0.3885744373148524,-0.024999999999999994,0.0,0.38999999999999996,3.0,130.16187429116502,0.14338461058503896,True,False,False
5.2250000000000005,0.44387723529025574,1.4068514735621895,0.024977365731386772,0.0014114826947704121,-0.20625789385282606,0.0,0.01933546419234837,0.41887489630159624,0.0,0.3885590134739556,-0.024999999999999994,0.0,0.38999999999999996,3.0,130.16189369800196,0.14160815697916668,True,False,False
5.23,0.4437513969745998,1.4064187190062283,0.02574946908903539,0.0016100135605675277,-0.20625789385282606,0.0,0.01933546419234837,0.41874900732939585,0.0,0.38854369952114765,-0.024999999999999994,0.0,0.38999999999999996,3.0,130.16191457140033,0.1398795631863359,True,False,False
5.235,0.4436216582539738,1.4059288463722366,0.026521465255783083,0.0018102346213668612,-0.20625789385282606,0.0,0.01933546419234837,0.418619217732106,0.0,0.388528493710561,-0.024999999999999994,0.0,0.38999999999999996,3.0,130.16193684227576,0.13819787080798424,True,False,False
5.24,0.44348802253867353,1.4053813774209956,0.027293253662657987,0.002012104074177296,-0.20625789385282606,0.0,0.01933546419234837,0.41848553092398855,0.0,0.388513394359288,-0.024999999999999994,0.0,0.38999999999999996,3.0,130.16196044311224,0.13656212269694015,True,False,False
5.245,0.4433504934970496,1.4047758460307085,0.02806473887252453,0.0022155791290408336,-0.20625789385282606,0.0,0.01933546419234837,0.41834795057726654,0.0,0.38849839984847157,-0.024999999999999994,0.0,0.38999999999999996,3.0,130.1619853079893,0.1349713639881363,True,False,False
5.25,0.44320907505690776,1.40411179847468,0.028835829879676138,0.0024206160576819976,-0.19625945472453193,0.0,0.019487009520858255,0.4182064806235434,0.0,0.3884835086243727,-0.024999999999999994,0.0,0.38999999999999996,3.0,130.15986339769879,0.14915244562235608,True,False,False
5.255,0.44306377158904364,1.4033885990148531,0.02960646111315906,0.0026285388805956248,-0.19625945472453193,0.0,0.019487009520858255,0.4180611254288862,0.0,0.3884687167482676,-0.024999999999999994,0.0,0.38999999999999996,3.0,130.15989356123865,0.14708434002860224,True,False,False
5.26,0.4429145878681768,1.4026056298248784,0.030376477911184526,0.0028378486718823783,-0.19625945472453193,0.0,0.019487009520858255,0.4179118897628922,0.0,0.38845402034279336,-0.024999999999999994,0.0,0.38999999999999996,3.0,130.1599254965656,0.14507324680680445,True,False,False
5.265,0.44276152881596154,1.40176252359113,0.03114579798863295,0.0030483450213900118,-0.19625945472453193,0.0,0.019487009520858255,0.4177587785509131,0.0,0.38843941820108907,-0.024999999999999994,0.0,0.38999999999999996,3.0,130.15995911361762,0.14311796275925168,True,False,False
5.2700000000000005,0.44260459960794124,1.4008589630079142,0.031914344031734765,0.0032598771985478422,-0.19625945472453193,0.0,0.019487009520858255,0.41760179697273164,0.0,0.38842490933122836,-0.024999999999999994,0.0,0.38999999999999996,3.0,130.15999432454603,0.14121730642330682,True,False,False
5.275,0.4424438056704605,1.3998946683591889,0.03268204261497042,0.003472331692126317,-0.19625945472453193,0.0,0.019487009520858255,0.41744095045933804,0.0,0.38841049290728435,-0.024999999999999994,0.0,0.38999999999999996,3.0,130.16003104372894,0.13937011291267704,True,False,False
5.28,0.44227915267873247,1.3988693882861083,0.03344882338311196,0.0036856226564559997,-0.19625945472453193,0.0,0.019487009520858255,0.4172762446908951,0.0,0.3883961682329362,-0.024999999999999994,0.0,0.38999999999999996,3.0,130.16006918778388,0.13757523056983195,True,False,False
5.285,0.4421106465558116,1.3977828929473846,0.03421461842963718,0.0038996846717782472,-0.19625945472453193,0.0,0.019487009520858255,0.41710768559563605,0.0,0.38838193471455534,-0.024999999999999994,0.0,0.38999999999999996,3.0,130.16010867557762,0.13583151884221578,True,False,False
5.29,0.4419382934722155,1.3966349689839377,0.03497936182054149,0.004114467305624205,-0.19625945472453193,0.0,0.019487009520858255,0.4169352793494325,0.0,0.3883677918413431,-0.024999999999999994,0.0,0.38999999999999996,3.0,130.16014942823395,0.13413784698372544,True,False,False
5.295,0.4417620998459965,1.3954254158370458,0.03574298922602823,0.0043299310528078,-0.19625945472453193,0.0,0.019487009520858255,0.4167590323758265,0.0,0.3883537391708251,-0.024999999999999994,0.0,0.38999999999999996,3.0,130.16019136913633,0.13249309331265757,True,False,False
5.3,0.4415820723431344,1.3941540430682262,0.03650543763258132,0.004546044317635998,-0.1866534273765864,0.0,0.019703989226292167,0.4165789513463972,0.0,0.38833977631828104,-0.024999999999999994,0.0,0.38999999999999996,3.0,130.15914750120334,0.1460088236403507,True,False,False
5.305,0.4413982180248495,1.392820485057689,0.0372666241587336,0.004764070815741248,-0.1866534273765864,0.0,0.019703989226292167,0.4163950433226794,0.0,0.38832590153141466,-0.024999999999999994,0.0,0.38999999999999996,3.0,130.15919576873642,0.1439162000289379,True,False,False
5.3100000000000005,0.4412105443374473,1.3914243876111818,0.03802646550915402,0.004982618500511291,-0.1866534273765864,0.0,0.019703989226292167,0.4162073157511692,0.0,0.388312113097815,-0.024999999999999994,0.0,0.38999999999999996,3.0,130.15924570071414,0.14188346486369824,True,False,False
5.315,0.4410190588938298,1.3899656267477905,0.03878490053204063,0.0052015198533372714,-0.1866534273765864,0.0,0.019703989226292167,0.41601577625088276,0.0,0.38829841091016604,-0.024999999999999994,0.0,0.38999999999999996,3.0,130.15929719704016,0.13990927707304238,True,False,False
5.32,0.4408237695481049,1.3884441190033525,0.039541870704352985,0.005420657448940389,-0.1866534273765864,0.0,0.019703989226292167,0.4158204326826812,0.0,0.38828479504011226,-0.024999999999999994,0.0,0.38999999999999996,3.0,130.15935016051503,0.13799232032247338,True,False,False
5.325,0.44062468439263675,1.3868598089352642,0.040297319423017175,0.005639951229957449,-0.1866534273765864,0.0,0.019703989226292167,0.41562129314615814,0.0,0.38827126568898884,-0.024999999999999994,0.0,0.38999999999999996,3.0,130.15940449682438,0.1361312979192735,True,False,False
5.33,0.44042181175627515,1.3852126598774854,0.041051191483774,0.005859348757869114,-0.1866534273765864,0.0,0.019703989226292167,0.4154183659777462,0.0,0.38825782315137913,-0.024999999999999994,0.0,0.38999999999999996,3.0,130.15946011452698,0.1343249295089164,True,False,False
5.335,0.4402151602035216,1.3835026471347163,0.041803432697055526,0.006078817823919283,-0.1866534273765864,0.0,0.019703989226292167,0.415211659749791,0.0,0.38824446778827765,-0.024999999999999994,0.0,0.38999999999999996,3.0,130.15951692504075,0.13257194898125435,True,False,False
5.34,0.44000473853435595,1.381729753024738,0.042553989603701325,0.006298340891822603,-0.1866534273765864,0.0,0.019703989226292167,0.4150011832703107,0.0,0.38823120000750905,-0.024999999999999994,0.0,0.38999999999999996,3.0,130.15957484262626,0.13087110319152398,True,False,False
5.345,0.439790555784542,1.3798939632946454,0.043302809263390536,0.006517910940336416,-0.1866534273765864,0.0,0.019703989226292167,0.414786945583251,0.0,0.3882180202495774,-0.024999999999999994,0.0,0.38999999999999996,3.0,130.15963378436658,0.12922115122964672,True,False,False
5.3500000000000005,0.43957262122626817,1.3779952645790408,0.044049839096111175,0.006737528363290561,-0.17764749210152894,0.0,0.019903243304784997,0.41456895596909105,0.0,0.3882049289775856,-0.024999999999999994,0.0,0.38999999999999996,3.0,130.15866127230674,0.14178913284555997,True,False,False
5.355,0.43935094450694684,1.3760334706589883,0.04479499859957373,0.006958408012493138,-0.17764749210152894,0.0,0.019903243304784997,0.4143472240781023,0.0,0.38819192533008123,-0.024999999999999994,0.0,0.38999999999999996,3.0,130.15872705324017,0.1397288125477432,True,False,False
5.36,0.43912553563956525,1.374008397547454,0.045538223975960954,0.007179273911353824,-0.17764749210152894,0.0,0.019903243304784997,0.41412175992601463,0.0,0.3881790084528951,-0.024999999999999994,0.0,0.38999999999999996,3.0,130.15879428832125,0.13772912509637864,True,False,False
5.365,0.43889640479784464,1.3719200687729822,0.04627946268245978,0.007399997936346542,-0.17764749210152894,0.0,0.019903243304784997,0.4138925736953545,0.0,0.3881661789778335,-0.024999999999999994,0.0,0.38999999999999996,3.0,130.15886287301865,0.1357886387391575,True,False,False
5.37,0.43866356238700155,1.3697685376461077,0.04701866385813101,0.007620498313997019,-0.17764749210152894,0.0,0.019903243304784997,0.41365967580076457,0.0,0.38815343767423777,-0.024999999999999994,0.0,0.38999999999999996,3.0,130.15893270623312,0.13390594862145358,True,False,False
5.375,0.438427019041374,1.367553875736644,0.04775577778114503,0.00784072760576034,-0.17764749210152894,0.0,0.019903243304784997,0.4134230768864584,0.0,0.3881407854034967,-0.024999999999999994,0.0,0.38999999999999996,3.0,130.1590036902584,0.1320796720076979,True,False,False
5.38,0.4381867856231598,1.3652761644125069,0.04849075547447256,0.00806066349899025,-0.17764749210152894,0.0,0.019903243304784997,0.41318278782483,0.0,0.3881282230856635,-0.024999999999999994,0.0,0.38999999999999996,3.0,130.1590757307445,0.13030844518040535,True,False,False
5.385,0.43794287322204006,1.3629354886908804,0.04922354841945466,0.008280301822943894,-0.17764749210152894,0.0,0.019903243304784997,0.41293881971598045,0.0,0.3881157516751288,-0.024999999999999994,0.0,0.38999999999999996,3.0,130.15914873665886,0.1285909214707085,True,False,False
5.39,0.4376952931554243,1.360531932831051,0.04995410834759605,0.00849965129225329,-0.17764749210152894,0.0,0.019903243304784997,0.4126911838878933,0.0,0.3881033721431979,-0.024999999999999994,0.0,0.38999999999999996,3.0,130.15922262024498,0.12692577004978503,True,False,False
5.3950000000000005,0.43744405696914895,1.358065577230936,0.050682387089044545,0.008718729571172769,-0.17764749210152894,0.0,0.019903243304784997,0.41243989189707986,0.0,0.3880910854657466,-0.024999999999999994,0.0,0.38999999999999996,3.0,130.15929729697928,0.12531167523115033,True,False,False
5.4,0.43718917643849176,1.3555364963068774,0.051408336462185754,0.008937560336278898,-0.16941927788575864,0.0,0.020028584997353563,0.41218495552955736,0.0,0.38807889261476003,-0.024999999999999994,0.0,0.38999999999999996,3.0,130.15772669400798,0.13669038374567355,True,False,False
5.405,0.4369306637158856,1.3529445973745355,0.052131882277236315,0.009157294105805196,-0.16941927788575864,0.0,0.020028584997353563,0.41192638694014894,0.0,0.38806679265686406,-0.024999999999999994,0.0,0.38999999999999996,3.0,130.157808194142,0.13470999241253664,True,False,False
5.41,0.43666853130232447,1.3502897836537895,0.05285296550690479,0.009376767633564079,-0.16941927788575864,0.0,0.020028584997353563,0.4116641986320235,0.0,0.38805478464385096,-0.024999999999999994,0.0,0.38999999999999996,3.0,130.15789086103027,0.1327890327973587,True,False,False
5.415,0.4364027918400505,1.3475721446198292,0.053571537432116526,0.009595884471604922,-0.16941927788575864,0.0,0.020028584997353563,0.411398403258454,0.0,0.38804286963587176,-0.024999999999999994,0.0,0.38999999999999996,3.0,130.15797459134157,0.1309260304542405,True,False,False
5.42,0.4361334581979911,1.344791791195632,0.054287550492699,0.009814589544266356,-0.16941927788575864,0.0,0.020028584997353563,0.41112901369996324,0.0,0.38803104879793665,-0.024999999999999994,0.0,0.38999999999999996,3.0,130.15805928551242,0.12911953937003595,True,False,False
5.425,0.435860543470019,1.3419488455003208,0.055000957849729706,0.010032858145590668,-0.16941927788575864,0.0,0.020028584997353563,0.4108560430624149,0.0,0.3880193233593894,-0.024999999999999994,0.0,0.38999999999999996,3.0,130.15814484768535,0.12736813757149226,True,False,False
5.43,0.43558406097421637,1.3390434334145287,0.05571171307009379,0.010250687508202901,-0.16941927788575864,0.0,0.020028584997353563,0.4105795046761513,0.0,0.3880076945845091,-0.024999999999999994,0.0,0.38999999999999996,3.0,130.15823118564748,0.12567042426372396,True,False,False
5.4350000000000005,0.43530402425293796,1.336075679251393,0.056419769899591715,0.010468090411522185,-0.16941927788575864,0.0,0.020028584997353563,0.4102994120959631,0.0,0.3879961637513895,-0.024999999999999994,0.0,0.38999999999999996,3.0,130.15831821076927,0.12402501800066891,True,False,False
5.44,0.4350204470734381,1.33304570202644,0.05712508210011637,0.010685090373704152,-0.16941927788575864,0.0,0.020028584997353563,0.410015779101649,0.0,0.3879847321370854,-0.024999999999999994,0.0,0.38999999999999996,3.0,130.1584058379425,0.122430555548724,True,False,False
5.445,0.4347333434251061,1.3299536081606786,0.05782761049881197,0.01090185309112722,-0.16941927788575864,0.0,0.020028584997353563,0.4097286196951272,0.0,0.38797340099164257,-0.024999999999999994,0.0,0.38999999999999996,3.0,130.15849398581068,0.12088369831665426,True,False,False
5.45,0.4344427272744704,1.326799130912137,0.0585274265354654,0.011121055475664578,-0.16210971290125942,0.0,0.020053769880537642,0.4094379478496627,0.0,0.38796217030799096,-0.024999999999999994,0.0,0.38999999999999996,3.0,130.1560296044282,0.1308464615857781,True,False,False
5.455,0.43414861315938186,1.3235818627952245,0.05922423200305433,0.011339822887236771,-0.16210971290125942,0.0,0.020053769880537642,0.409143778096549,0.0,0.38795103726998603,-0.024999999999999994,0.0,0.38999999999999996,3.0,130.1561241278635,0.12897603589275244,True,False,False
5.46,0.43385101613679433,1.3203017273287643,0.059918145094917094,0.011560055708832551,-0.16210971290125942,0.0,0.020053769880537642,0.40884612549145855,0.0,0.38794000024791325,-0.024999999999999994,0.0,0.38999999999999996,3.0,130.15621950689075,0.12713876384274217,True,False,False
5.465,0.43354995099929716,1.3169582236057307,0.060609115560156065,0.011782293256622606,-0.16210971290125942,0.0,0.020053769880537642,0.40854500482928596,0.0,0.38792905841043196,-0.024999999999999994,0.0,0.38999999999999996,3.0,130.15631567202527,0.1253339303766443,True,False,False
5.47,0.4332454328179187,1.3135507202218444,0.06129708714299878,0.012006909984955858,-0.16210971290125942,0.0,0.020053769880537642,0.4082404311808291,0.0,0.38791821042489966,-0.024999999999999994,0.0,0.38999999999999996,3.0,130.15641255615935,0.12356056082591797,True,False,False
5.4750000000000005,0.43293747696077695,1.310078497486318,0.06198199918312797,0.012234153358809787,-0.16210971290125942,0.0,0.020053769880537642,0.40793241991218043,0.0,0.38790745462492693,-0.024999999999999994,0.0,0.38999999999999996,3.0,130.1565100947552,0.12181754575609424,True,False,False
5.48,0.4326260991067308,1.3065407793995194,0.06266378777269858,0.012464173331557336,-0.16210971290125942,0.0,0.020053769880537642,0.4076209866989484,0.0,0.38789678913678965,-0.024999999999999994,0.0,0.38999999999999996,3.0,130.1566082259231,0.12010371618184097,True,False,False
5.485,0.43231131525564975,1.302936758194199,0.0633423866023735,0.012697045022777152,-0.16210971290125942,0.0,0.020053769880537642,0.4073061475369733,0.0,0.3878862119759865,-0.024999999999999994,0.0,0.38999999999999996,3.0,130.1567068904232,0.11841788803234372,True,False,False
5.49,0.4319931417361919,1.2992656131809825,0.06401772758814006,0.012932786059202516,-0.16210971290125942,0.0,0.020053769880537642,0.4069879187504556,0.0,0.38787572112110175,-0.024999999999999994,0.0,0.38999999999999996,3.0,130.15680603162227,0.11675888762633187,True,False,False
5.495,0.4316715952117129,1.2955265252339108,0.06468974134251752,0.013171369810277833,-0.16210971290125942,0.0,0.020053769880537642,0.40666631699814304,0.0,0.3878653145703531,-0.024999999999999994,0.0,0.38999999999999996,3.0,130.15690559542716,0.11512556552450791,True,False,False
5.5,0.4313466926847308,1.2917186879587834,0.06535835753431947,0.013412735504998203,-0.15577845125131776,0.0,0.02006858066410834,0.4063413592780169,0.0,0.38785499038501564,-0.024999999999999994,0.0,0.38999999999999996,3.0,130.1547496835145,0.12347398092780693,True,False,False
5.505,0.43101845205032924,1.287841777301641,0.06602327873100942,0.013653144526449792,-0.15577845125131776,0.0,0.02006858066410834,0.4060130634788408,0.0,0.3878447463150063,-0.024999999999999994,0.0,0.38999999999999996,3.0,130.1548551965514,0.12158813189053828,True,False,False
5.51,0.4306868916957419,1.2838959716211105,0.06668460476007469,0.013893742238391335,-0.15577845125131776,0.0,0.02006858066410834,0.40568144799083483,0.0,0.3878345820132034,-0.024999999999999994,0.0,0.38999999999999996,3.0,130.15496137893444,0.11974262270555072,True,False,False
5.515,0.4303520297833828,1.2798811893131763,0.0673422898462574,0.014134728789309617,-0.15577845125131776,0.0,0.02006858066410834,0.40534653098535955,0.0,0.3878244983234812,-0.024999999999999994,0.0,0.38999999999999996,3.0,130.15506815455726,0.11793426557834638,True,False,False
5.5200000000000005,0.4300138847164142,1.2757972889582265,0.06799628515681935,0.014376312785343503,-0.15577845125131776,0.0,0.02006858066410834,0.40500833087358157,0.0,0.38781449588928485,-0.024999999999999994,0.0,0.38999999999999996,3.0,130.1551754525747,0.11616031828770092,True,False,False
5.525,0.42967247515374796,1.271644071091023,0.06864653893383223,0.014618688011541776,-0.15577845125131776,0.0,0.02006858066410834,0.40466686632145876,0.0,0.38780457515595523,-0.024999999999999994,0.0,0.38999999999999996,3.0,130.15528320678735,0.11441838677617705,True,False,False
5.53,0.42932782002311215,1.2674212844515749,0.06929299674675861,0.01486202084592723,-0.15577845125131776,0.0,0.02006858066410834,0.40432215626288787,0.0,0.3877947363916582,-0.024999999999999994,0.0,0.38999999999999996,3.0,130.15539135515786,0.11270635350578875,True,False,False
5.535,0.42897993853239963,1.2631286347908315,0.0699356017998827,0.015106444485541678,-0.15577845125131776,0.0,0.02006858066410834,0.4039742199111927,0.0,0.38778497971903225,-0.024999999999999994,0.0,0.38999999999999996,3.0,130.15549983941574,0.11102232390664611,True,False,False
5.54,0.4286288501793688,1.2587657946764916,0.07057429525512904,0.015352057397846874,-0.15577845125131776,0.0,0.02006858066410834,0.4036230767689927,0.0,0.3877753051512633,-0.024999999999999994,0.0,0.38999999999999996,3.0,130.15560860472857,0.10936458566684673,True,False,False
5.545,0.4282745747598063,1.2543324133462175,0.07120901654739047,0.015598924291805857,-0.15577845125131776,0.0,0.02006858066410834,0.40326874663654333,0.0,0.3877657126287908,-0.024999999999999994,0.0,0.38999999999999996,3.0,130.15571759942506,0.10773157728589877,True,False,False
5.55,0.42791713237429707,1.2498281260631283,0.07183970367996231,0.01584707849854624,-0.15050852629847875,0.0,0.0200915185938933,0.40291124961868063,0.0,0.387756202054352,-0.024999999999999994,0.0,0.38999999999999996,3.0,130.1541335903079,0.11441026889599194,True,False,False
5.555,0.42755654388627373,1.245252947001871,0.07246610463910853,0.016093481470752916,-0.15050852629847875,0.0,0.0200915185938933,0.40255060658217,0.0,0.387746773159758,-0.024999999999999994,0.0,0.38999999999999996,3.0,130.15424765250168,0.11257233003253231,True,False,False
5.5600000000000005,0.4271928305971828,1.24060728734765,0.07308830013623287,0.016339160769920424,-0.15050852629847875,0.0,0.0200915185938933,0.40218683883972,0.0,0.3877374271811867,-0.024999999999999994,0.0,0.38999999999999996,3.0,130.15436212775342,0.11077003070767023,True,False,False
5.565,0.42682601369737727,1.2358913783345322,0.07370621842387103,0.016583730792261126,-0.15050852629847875,0.0,0.0200915185938933,0.40181996759803673,0.0,0.38772816629029433,-0.024999999999999994,0.0,0.38999999999999996,3.0,130.15447694553308,0.10900857365413766,True,False,False
5.57,0.426456114842765,1.2311057676845565,0.07431975266312531,0.016825667137962422,-0.15050852629847875,0.0,0.0200915185938933,0.40145001453545004,0.0,0.3877189937527422,-0.024999999999999994,0.0,0.38999999999999996,3.0,130.15459202110884,0.10730356549932324,True,False,False
5.575,0.42608315600528857,1.2262512938165933,0.07492885930246622,0.01706435946375267,-0.15050852629847875,0.0,0.0200915185938933,0.4010770016524556,0.0,0.3877099139141812,-0.024999999999999994,0.0,0.38999999999999996,3.0,130.15470726509042,0.10565300863207613,True,False,False
5.58,0.42570715933891007,1.2213289606611628,0.07553350631727306,0.017299383430034277,-0.15050852629847875,0.0,0.0200915185938933,0.4007009511356875,0.0,0.3877009318028479,-0.024999999999999994,0.0,0.38999999999999996,3.0,130.1548225929625,0.10405493461294534,True,False,False
5.585,0.4253281471489029,1.216339826294076,0.07613365907359132,0.0175307287310968,-0.15050852629847875,0.0,0.0200915185938933,0.40032188532486185,0.0,0.38769205268174267,-0.024999999999999994,0.0,0.38999999999999996,3.0,130.154937924465,0.10250791369106454,True,False,False
5.59,0.424946141933994,1.2112849354671171,0.07672927874844047,0.017758463630846783,-0.15050852629847875,0.0,0.0200915185938933,0.39993982675345396,0.0,0.3876832817757224,-0.024999999999999994,0.0,0.38999999999999996,3.0,130.15505318316127,0.1010105759981529,True,False,False
5.595,0.42456116639503283,1.2061653102929941,0.07732032586265898,0.017982675059284782,-0.15050852629847875,0.0,0.0200915185938933,0.3995547981571546,0.0,0.38767462423498994,-0.024999999999999994,0.0,0.38999999999999996,3.0,130.1551682963639,0.09956154669133147,True,False,False
5.6000000000000005,0.42417324343790624,1.200981946937881,0.07790676054067112,0.018203455661286262,-0.1464197638217305,0.0,0.01993825833561305,0.3991668224766963,0.0,0.38766608512236433,-0.024999999999999994,0.0,0.38999999999999996,3.0,130.1517424476713,0.10458622885851948,True,False,False
5.605,0.4237823962427535,1.1957358075946698,0.07848855039011036,0.01842096010054891,-0.1464197638217305,0.0,0.01993825833561305,0.398775922909289,0.0,0.387657666200025,-0.024999999999999994,0.0,0.38999999999999996,3.0,130.15186098555196,0.10299790159308202,True,False,False
5.61,0.42338864819346167,1.1904278164268831,0.07906564728194827,0.018635275280957826,-0.1464197638217305,0.0,0.01993825833561305,0.3983821228552504,0.0,0.3876493690913803,-0.024999999999999994,0.0,0.38999999999999996,3.0,130.15197946299682,0.10145979881393231,True,False,False
5.615,0.42299202281783504,1.1850588770596213,0.07963800951433796,0.01884646959367406,-0.1464197638217305,0.0,0.01993825833561305,0.39798544587628526,0.0,0.38764119853229784,-0.024999999999999994,0.0,0.38999999999999996,3.0,130.15209780512305,0.0999704895807121,True,False,False
5.62,0.42259254382184086,1.1796299111847224,0.08020561192115551,0.01905429411945929,-0.1464197638217305,0.0,0.01993825833561305,0.39758591571319557,0.0,0.38763315935170006,-0.024999999999999994,0.0,0.38999999999999996,3.0,130.1522159411413,0.09852796932670108,True,False,False
5.625,0.42219023501024666,1.1741418999907742,0.08076843346027791,0.019258712286590873,-0.1464197638217305,0.0,0.01993825833561305,0.397183556207502,0.0,0.38762525664664393,-0.024999999999999994,0.0,0.38999999999999996,3.0,130.15233380464085,0.09713050751404168,True,False,False
5.63,0.4217851203189454,1.168595793287638,0.08132644681771738,0.019459908000993502,-0.1464197638217305,0.0,0.01993825833561305,0.39677839133170223,0.0,0.3876174954126648,-0.024999999999999994,0.0,0.38999999999999996,3.0,130.15245133291756,0.09577672715674407,True,False,False
5.635,0.42137722383163595,1.162992487235629,0.08187962377911946,0.01965807004719323,-0.1464197638217305,0.0,0.01993825833561305,0.3963704452054122,0.0,0.38760988045292655,-0.024999999999999994,0.0,0.38999999999999996,3.0,130.15256846674305,0.09446526129296383,True,False,False
5.64,0.42096656978387886,1.1573328239372904,0.08242793528934338,0.019853386341101977,-0.1464197638217305,0.0,0.01993825833561305,0.39595974209937673,0.0,0.38760241637651655,-0.024999999999999994,0.0,0.38999999999999996,3.0,130.1526851502694,0.09319475801977618,True,False,False
5.6450000000000005,0.42055318256681595,1.1516175921899476,0.08297135149981867,0.020046040687593216,-0.1464197638217305,0.0,0.01993825833561305,0.3955463064391692,0.0,0.38759510760116167,-0.024999999999999994,0.0,0.38999999999999996,3.0,130.15280133093066,0.09196388377221118,True,False,False
5.65,0.42013708673061445,1.1458475289510563,0.08350984180584853,0.02023621099744578,-0.14360123795282909,0.0,0.01941994117965303,0.39513016280863283,0.0,0.38758795835865945,-0.024999999999999994,0.0,0.38999999999999996,3.0,130.14504097627233,0.09519222946893309,True,False,False
5.655,0.4197183072349294,1.140023238413372,0.08404334190547723,0.020424647318476874,-0.14360123795282909,0.0,0.01941994117965303,0.3947113361562173,0.0,0.3875809650442012,-0.024999999999999994,0.0,0.38999999999999996,3.0,130.14515876580037,0.09387788700018558,True,False,False
5.66,0.41929686924733467,1.1341452799738305,0.08457183719383056,0.020610901151020523,-0.14360123795282909,0.0,0.01941994117965303,0.3942898516369099,0.0,0.3875741238872157,-0.024999999999999994,0.0,0.38999999999999996,3.0,130.14527609394563,0.092603490719214,True,False,False
5.665,0.4188727978765269,1.1282142629749643,0.08509529513566289,0.02079508485483751,-0.14360123795282909,0.0,0.01941994117965303,0.3938657343901871,0.0,0.38756743865874643,-0.024999999999999994,0.0,0.38999999999999996,3.0,130.14539290939433,0.09136772080944633,True,False,False
5.67,0.4184461183996786,1.1222307635337463,0.08561368291805721,0.02097731743821349,-0.14360123795282909,0.0,0.01941994117965303,0.39343900972356993,0.0,0.38756091301590756,-0.024999999999999994,0.0,0.38999999999999996,3.0,130.14550916395726,0.0901692859805352,True,False,False
5.675,0.4180168562640904,1.1161953231594555,0.08612696735302831,0.02115772098456707,-0.14360123795282909,0.0,0.01941994117965303,0.3930097031142179,0.0,0.3875545504959968,-0.024999999999999994,0.0,0.38999999999999996,3.0,130.14562481245954,0.08900692211742833,True,False,False
5.68,0.41758503708912126,1.1101084482774706,0.08663511481176826,0.021336417940474046,-0.14360123795282909,0.0,0.01941994117965303,0.39257784021082176,0.0,0.38754835451417774,-0.024999999999999994,0.0,0.38999999999999996,3.0,130.14573981263354,0.08787939135040562,True,False,False
5.6850000000000005,0.41715068666832406,1.103970610434301,0.08713809118199624,0.021513529080452135,-0.14360123795282909,0.0,0.01941994117965303,0.39214344683571734,0.0,0.38754232836381264,-0.024999999999999994,0.0,0.38999999999999996,3.0,130.14585412501313,0.08678548140485502,True,False,False
5.69,0.41671383097171794,1.0977822470003298,0.08763586184228928,0.02168917199528506,-0.14360123795282909,0.0,0.01941994117965303,0.3917065489871471,0.0,0.3875364752187327,-0.024999999999999994,0.0,0.38999999999999996,3.0,130.14596771283243,0.08572400513463546,True,False,False
5.695,0.41627449614812645,1.0915437622523319,0.08812839164899185,0.021863459981107308,-0.14360123795282909,0.0,0.01941994117965303,0.3912671728415974,0.0,0.3875307981370057,-0.024999999999999994,0.0,0.38999999999999996,3.0,130.1460805419237,0.08469380017422774,True,False,False
5.7,0.4158327085275477,1.0852555287237033,0.08861564493254027,0.022036501233182553,-0.14202295691941322,0.0,0.018633540096875283,0.3908253447561751,0.0,0.3875253000657439,-0.024999999999999994,0.0,0.38999999999999996,3.0,130.13523043256922,0.08615824642022837,True,False,False
5.705,0.4153884949309248,1.0789178170097566,0.0890975361779107,0.022208898474281532,-0.14202295691941322,0.0,0.018633540096875283,0.3903810915152941,0.0,0.3875199732780129,-0.024999999999999994,0.0,0.38999999999999996,3.0,130.13534318581335,0.08509853744034758,True,False,False
5.71,0.4149418823911046,1.0725308725442377,0.0895740665654039,0.02238022096801111,-0.14202295691941322,0.0,0.018633540096875283,0.3899344401140023,0.0,0.3875148099564152,-0.024999999999999994,0.0,0.38999999999999996,3.0,130.13545518598153,0.08406910475652112,True,False,False
5.715,0.41449289783396176,1.0660949939421092,0.0900451990181905,0.02255053393218756,-0.14202295691941322,0.0,0.018633540096875283,0.3894854175027757,0.0,0.3875098127892119,-0.024999999999999994,0.0,0.38999999999999996,3.0,130.13556640259077,0.0830688404745862,True,False,False
5.72,0.41404156837411965,1.0596104608543686,0.09051089618894678,0.022719904191315265,-0.14202295691941322,0.0,0.018633540096875283,0.3890340508205417,0.0,0.387504984402076,-0.024999999999999994,0.0,0.38999999999999996,3.0,130.13567680747946,0.08209666309313363,True,False,False
5.7250000000000005,0.4135879213164028,1.0530775338151845,0.09097112041547846,0.02288839806789586,-0.14202295691941322,0.0,0.018633540096875283,0.3885803673961092,0.0,0.38750032735695467,-0.024999999999999994,0.0,0.38999999999999996,3.0,130.1357863747131,0.08115151639966037,True,False,False
5.73,0.41313198415739666,1.0464964546269453,0.09142583369623494,0.023056079800177962,-0.14202295691941322,0.0,0.018633540096875283,0.3881243947497188,0.0,0.3874958441530304,-0.024999999999999994,0.0,0.38999999999999996,3.0,130.1358950804924,0.08023236866368764,True,False,False
5.735,0.4126737845870698,1.0398674471274416,0.09187499768024572,0.023223010379353645,-0.14202295691941322,0.0,0.018633540096875283,0.3876661605946662,0.0,0.3874915372292051,-0.024999999999999994,0.0,0.38999999999999996,3.0,130.13600290306462,0.07933821202704275,True,False,False
5.74,0.4122133504904094,1.0331907182522144,0.09231857366755448,0.023389246714388454,-0.14202295691941322,0.0,0.018633540096875283,0.3872056928389436,0.0,0.38748740896769956,-0.024999999999999994,0.0,0.38999999999999996,3.0,130.13610982263685,0.078468062023901,True,False,False
5.745,0.41175070994902807,1.0264664592893151,0.09275652261733144,0.023554841049241212,-0.14202295691941322,0.0,0.018633540096875283,0.3867430195868601,0.0,0.38748346169844206,-0.024999999999999994,0.0,0.38999999999999996,3.0,130.13621582129193,0.07762095718543842,True,False,False
5.75,0.4112858912427172,1.019694847277248,0.0931888051616328,0.02371984057263652,-0.14161642571434946,0.0,0.017691951055885672,0.38627816914061086,0.0,0.387479697703997,-0.024999999999999994,0.0,0.38999999999999996,3.0,130.12371958204437,0.07741408402988852,True,False,False
5.755,0.4108189231759706,1.0128759899975934,0.09361531700588481,0.023884679377134496,-0.14161642571434946,0.0,0.017691951055885672,0.38581117025252154,0.0,0.3874761071302879,-0.024999999999999994,0.0,0.38999999999999996,3.0,130.12382406195778,0.07658785579274167,True,False,False
5.76,0.41034983476419706,1.0060099872167216,0.09403607606452064,0.024048982297488173,-0.14161642571434946,0.0,0.017691951055885672,0.385342051884906,0.0,0.38747268009763086,-0.024999999999999994,0.0,0.38999999999999996,3.0,130.12392759946707,0.07578252683312203,True,False,False
5.765,0.4098786549048184,0.9990969889388833,0.09445104214610506,0.024212773411549992,-0.14161642571434946,0.0,0.017691951055885672,0.38487084295590684,0.0,0.38746941880240937,-0.024999999999999994,0.0,0.38999999999999996,3.0,130.1240301819954,0.07499721313632868,True,False,False
5.7700000000000005,0.4094054126982648,0.9921371387134051,0.09486017487934176,0.024376073607084693,-0.14161642571434946,0.0,0.017691951055885672,0.3843975725865625,0.0,0.3874663254220844,-0.024999999999999994,0.0,0.38999999999999996,3.0,130.12413179850313,0.07423105299356599,True,False,False
5.775,0.408930137448829,0.9851305746228127,0.09526343372178668,0.02453890008192935,-0.14161642571434946,0.0,0.017691951055885672,0.3839222701016733,0.0,0.38746340211850633,-0.024999999999999994,0.0,0.38999999999999996,3.0,130.12423243941473,0.0734832064652709,True,False,False
5.78,0.4084528586654545,0.9780774303945752,0.09566077797443745,0.02470126600659347,-0.14161642571434946,0.0,0.017691951055885672,0.38344496503060205,0.0,0.38746065104169863,-0.024999999999999994,0.0,0.38999999999999996,3.0,130.124332096549,0.07275285493267893,True,False,False
5.785,0.40797360606243954,0.9709778365852622,0.09605216680054916,0.024863180316114983,-0.14161642571434946,0.0,0.017691951055885672,0.3829656871079956,0.0,0.3874580743339713,-0.024999999999999994,0.0,0.38999999999999996,3.0,130.12443076305019,0.07203920070728452,True,False,False
5.79,0.4074924095600508,0.9638319218132791,0.09643755924748745,0.025024647602749875,-0.14161642571434946,0.0,0.017691951055885672,0.3824844662744147,0.0,0.3874556741341599,-0.024999999999999994,0.0,0.38999999999999996,3.0,130.12452843332287,0.0713414666778384,True,False,False
5.795,0.40700929928502444,0.9566398140073852,0.09681691427075187,0.025185668086186955,-0.14161642571434946,0.0,0.017691951055885672,0.3820013326768531,0.0,0.38745345258200004,-0.024999999999999994,0.0,0.38999999999999996,3.0,130.12462510296726,0.07065889598140004,True,False,False
5.8,0.4065243055709557,0.9494016416550624,0.09719019075954115,0.02534623764270519,-0.1422838388379491,0.0,0.016656292623188074,0.38151631666914565,0.0,0.38745141182246456,-0.024999999999999994,0.0,0.38999999999999996,3.0,130.1112346941096,0.06891722123300684,True,False,False
5.805,0.4060374592793684,0.9421174949257888,0.09755727075512607,0.025506624487302967,-0.1422838388379491,0.0,0.016656292623188074,0.38102944905203956,0.0,0.3874495411114873,-0.024999999999999994,0.0,0.38999999999999996,3.0,130.11132870824383,0.06830107085429828,True,False,False
5.8100000000000005,0.40554879147381295,0.9347874699277099,0.09791818781230392,0.025666527748295063,-0.1422838388379491,0.0,0.016656292623188074,0.3805407608278002,0.0,0.38744782973155,-0.024999999999999994,0.0,0.38999999999999996,3.0,130.1114216814872,0.06769693823477804,True,False,False
5.815,0.40505833310193773,0.9274117060212184,0.09827290070426137,0.025825940475370013,-0.1422838388379491,0.0,0.016656292623188074,0.3800502829635588,0.0,0.3874462798780472,-0.024999999999999994,0.0,0.38999999999999996,3.0,130.11151361574213,0.06710416138904919,True,False,False
5.82,0.4045661153190623,0.9199903455727246,0.09862136817485148,0.02598484875292586,-0.1422838388379491,0.0,0.016656292623188074,0.37955804663416776,0.0,0.3874448937588864,-0.024999999999999994,0.0,0.38999999999999996,3.0,130.11160451374053,0.06652209611240965,True,False,False
5.825,0.4040721694881796,0.9125235358213531,0.09896354898895204,0.02614323264529811,-0.1422838388379491,0.0,0.016656292623188074,0.3790640832222374,0.0,0.387443673601253,-0.024999999999999994,0.0,0.38999999999999996,3.0,130.11169437899486,0.06595011601475625,True,False,False
5.83,0.4035765271797524,0.9050114304822098,0.09929940197648535,0.026301066965587122,-0.1422838388379491,0.0,0.016656292623188074,0.3785684243179615,0.0,0.38744262165739235,-0.024999999999999994,0.0,0.38999999999999996,3.0,130.11178321574985,0.06538761244714675,True,False,False
5.835,0.4030792201713185,0.8974541911636217,0.09962888607186315,0.026458321904266887,-0.1422838388379491,0.0,0.016656292623188074,0.37807110171874525,0.0,0.38744174020960764,-0.024999999999999994,0.0,0.38999999999999996,3.0,130.11187102893672,0.06483399435518662,True,False,False
5.84,0.40258028044692173,0.889851988612655,0.09995196035009078,0.026614963548573463,-0.1422838388379491,0.0,0.016656292623188074,0.37757214742865663,0.0,0.3874410315746243,-0.024999999999999994,0.0,0.38999999999999996,3.0,130.11195782412824,0.06428868808259941,True,False,False
5.845,0.40207974019638243,0.8822050038262328,0.10026858406039127,0.026770954317969945,-0.1422838388379491,0.0,0.016656292623188074,0.37707159365771203,0.0,0.38744049810742986,-0.024999999999999994,0.0,0.38999999999999996,3.0,130.1120436074962,0.06375113714092168,True,False,False
5.8500000000000005,0.4015776318144175,0.8745134290483694,0.10057871665794865,0.02692625333567307,-0.14390626083730784,0.0,0.0155455743478669,0.3765694728210095,0.0,0.3874401422046587,-0.024999999999999994,0.0,0.38999999999999996,3.0,130.09795151374752,0.060642615878738634,True,False,False
5.855,0.4010739882096258,0.8667774435017248,0.10088223037479954,0.02708098787601235,-0.14390626083730784,0.0,0.0155455743478669,0.37606581776144543,0.0,0.387439952789868,-0.024999999999999994,0.0,0.38999999999999996,3.0,130.09803383472067,0.06021126097245397,True,False,False
5.86,0.4005688424745287,0.8589972420304682,0.101179174681424,0.027234935567147737,-0.14390626083730784,0.0,0.0155455743478669,0.3755606615056978,0.0,0.3874399188486381,-0.024999999999999994,0.0,0.38999999999999996,3.0,130.09811509246427,0.05978367805044435,True,False,False
5.865,0.4000622275842653,0.8511730533151742,0.10146950961771975,0.027388071804780614,-0.14390626083730784,0.0,0.0155455743478669,0.37505403704926477,0.0,0.38744004291638495,-0.024999999999999994,0.0,0.38999999999999996,3.0,130.09819529979765,0.059359418807579334,True,False,False
5.87,0.399554176715331,0.8433051145751052,0.10175319535921153,0.027540361929974583,-0.14390626083730784,0.0,0.0155455743478669,0.3745459775891272,0.0,0.3874403275571717,-0.024999999999999994,0.0,0.38999999999999996,3.0,130.09827446977164,0.058938048215861655,True,False,False
5.875,0.39904472324469614,0.8353936741275182,0.1020301922994276,0.02769176342600812,-0.14390626083730784,0.0,0.0155455743478669,0.37403651652291925,0.0,0.3874407753732694,-0.024999999999999994,0.0,0.38999999999999996,3.0,130.0983526156424,0.058519145092851346,True,False,False
5.88,0.39853390074860157,0.8274389933870684,0.1023004611156527,0.027842227637733804,-0.14390626083730784,0.0,0.0155455743478669,0.3735256874477615,0.0,0.3874413890125082,-0.024999999999999994,0.0,0.38999999999999996,3.0,130.09842975084462,0.05810230238708103,True,False,False
5.885,0.39802174300108206,0.8194413484223477,0.10256396282275494,0.02799170111164281,-0.14390626083730784,0.0,0.0155455743478669,0.3730135241588103,0.0,0.3874421711739105,-0.024999999999999994,0.0,0.38999999999999996,3.0,130.098505888966,0.0576871272721701,True,False,False
5.89,0.397508283972262,0.8114010311743395,0.1028206588183931,0.02814012664072312,-0.14390626083730784,0.0,0.0155455743478669,0.372500060647571,0.0,0.38744312461198105,-0.024999999999999994,0.0,0.38999999999999996,3.0,130.09858104372304,0.0572732411119916,True,False,False
5.8950000000000005,0.39699355782645535,0.8033183504107351,0.10307051092193234,0.028287444082815544,-0.14390626083730784,0.0,0.0155455743478669,0.37198533110000825,0.0,0.38744425213998257,-0.024999999999999994,0.0,0.38999999999999996,3.0,130.09865522893767,0.056860279339092365,True,False,False
5.9,0.39647759892009704,0.7951936324703467,0.10331348140870834,0.028433591006883058,-0.14635033416026194,0.0,0.014350905149237071,0.3714693698944813,0.0,0.38744555663239616,-0.024999999999999994,0.0,0.38999999999999996,3.0,130.08368546025608,0.05257413307171917,True,False,False
5.905,0.3959604421009339,0.787027208472193,0.10354943367981558,0.028578590995828327,-0.14635033416026194,0.0,0.014350905149237071,0.3709522118086991,0.0,0.3874470267204425,-0.024999999999999994,0.0,0.38999999999999996,3.0,130.08375569735838,0.05230077151674467,True,False,False
5.91,0.3954421223738014,0.7788194306286639,0.10377843582639981,0.02872229169926761,-0.14635033416026194,0.0,0.014350905149237071,0.37043389177759056,0.0,0.38744865111650467,-0.024999999999999994,0.0,0.38999999999999996,3.0,130.0838249088833,0.05202368557579139,True,False,False
5.915,0.3949226746128391,0.7705706750547928,0.10400045132293799,0.028864663582585985,-0.14635033416026194,0.0,0.014350905149237071,0.36991444469762436,0.0,0.38745043287490555,-0.024999999999999994,0.0,0.38999999999999996,3.0,130.08389311513196,0.051742628714578465,True,False,False
5.92,0.3944021338767158,0.7622813282169104,0.10421544393185257,0.029005664417764622,-0.14635033416026194,0.0,0.014350905149237071,0.3693939056498928,0.0,0.38745237508052244,-0.024999999999999994,0.0,0.38999999999999996,3.0,130.08396033616478,0.05145736344419938,True,False,False
5.925,0.3938805354069572,0.7539517901009166,0.10442337781014562,0.029145242535721247,-0.14635033416026194,0.0,0.014350905149237071,0.36887230989850406,0.0,0.3874544808607946,-0.024999999999999994,0.0,0.38999999999999996,3.0,130.08402659179393,0.051167662363268446,True,False,False
5.93,0.3933579146258665,0.7455824765370866,0.10462421759097915,0.029283339342699402,-0.14635033416026194,0.0,0.014350905149237071,0.36834969288854635,0.0,0.3874567533944353,-0.024999999999999994,0.0,0.38999999999999996,3.0,130.08409190157624,0.0508733087650214,True,False,False
5.9350000000000005,0.3928343071341056,0.7371738208987536,0.10481792844734349,0.029419891252454398,-0.14635033416026194,0.0,0.014350905149237071,0.3678260902436955,0.0,0.38745919591766703,-0.024999999999999994,0.0,0.38999999999999996,3.0,130.08415628480586,0.050574096950614975,True,False,False
5.94,0.39230974870801194,0.7287262753079556,0.1050044761428438,0.02955483116412952,-0.14635033416026194,0.0,0.014350905149237071,0.3673015377635449,0.0,0.38746181172853467,-0.024999999999999994,0.0,0.38999999999999996,3.0,130.08421976050747,0.05026983234455505,True,False,False
5.945,0.39178427529669685,0.7202403114769654,0.10518382707314596,0.02968808959195346,-0.14635033416026194,0.0,0.014350905149237071,0.3667760714207079,0.0,0.3874646041898113,-0.024999999999999994,0.0,0.38999999999999996,3.0,130.08428234742962,0.04996033147708162,True,False,False
5.95,0.3912579230189693,0.711716421258048,0.10535594830058005,0.02981959553084609,-0.14947406006604028,0.0,0.013049928770304692,0.3662497273577364,0.0,0.3874675767307567,-0.024999999999999994,0.0,0.38999999999999996,3.0,130.06808350268014,0.044698485375731525,True,False,False
5.955,0.3907307284579577,0.7031551113567536,0.10552069261413849,0.029949309915592776,-0.14947406006604028,0.0,0.013049928770304692,0.3657225420818311,0.0,0.38747071741436423,-0.024999999999999994,0.0,0.38999999999999996,3.0,130.06814194382991,0.044555318242759254,True,False,False
5.96,0.3902027283198164,0.6945569115919537,0.10567815146371679,0.030077132879928966,-0.14947406006604028,0.0,0.013049928770304692,0.3651945522235405,0.0,0.3874740143905423,-0.024999999999999994,0.0,0.38999999999999996,3.0,130.06819944068596,0.04440177950060764,True,False,False
5.965,0.3896739591535189,0.6859223669454302,0.10582829360074558,0.03020303980404047,-0.14947406006604028,0.0,0.013049928770304692,0.3646657943561258,0.0,0.3874774712711694,-0.024999999999999994,0.0,0.38999999999999996,3.0,130.0682560179157,0.04423781036073901,True,False,False
5.97,0.38914445766672057,0.6772520316894979,0.10597108819174057,0.03032699109163312,-0.14947406006604028,0.0,0.013049928770304692,0.3641363052114914,0.0,0.3874810916898143,-0.024999999999999994,0.0,0.38999999999999996,3.0,130.06831169960034,0.04406335723099522,True,False,False
5.9750000000000005,0.38861426072345767,0.6685464730822747,0.10610650494279948,0.03044893628355067,-0.14947406006604028,0.0,0.013049928770304692,0.3636061216779579,0.0,0.38748487931588144,-0.024999999999999994,0.0,0.38999999999999996,3.0,130.0683665092442,0.04387837315539449,True,False,False
5.98,0.3880834053413651,0.6598062740049967,0.10623451419237133,0.03056881722220464,-0.14947406006604028,0.0,0.013049928770304692,0.36307528079752793,0.0,0.38748883786462696,-0.024999999999999994,0.0,0.38999999999999996,3.0,130.06842046978275,0.04368281869283454,True,False,False
5.985,0.38755192868851146,0.6510320348092473,0.10635508698141126,0.030686570462982753,-0.14947406006604028,0.0,0.013049928770304692,0.3625438197627462,0.0,0.38749297110404485,-0.024999999999999994,0.0,0.38999999999999996,3.0,130.06847360359004,0.043476662416864764,True,False,False
5.99,0.3870198680799394,0.6422243745538415,0.10646819510732876,0.030802129100487234,-0.14947406006604028,0.0,0.013049928770304692,0.3620117759132502,0.0,0.38749728285939317,-0.024999999999999994,0.0,0.38999999999999996,3.0,130.0685259324865,0.04325988116020907,True,False,False
5.995,0.38648726097397396,0.6333839317901656,0.10657381116624004,0.030915424146727776,-0.14947406006604028,0.0,0.013049928770304692,0.3614791867320757,0.0,0.3875017770159568,-0.024999999999999994,0.0,0.38999999999999996,3.0,130.06857747774544,0.043032460087568405,True,False,False
6.0,0.38595414496835634,0.6245113650076254,0.10667190858670493,0.0310263855699113,-0.15313210517814407,0.0,0.011618754737879577,0.3609460898417779,0.0,0.387506457520453,-0.024999999999999994,0.0,0.38999999999999996,3.0,130.05078200762085,0.03700189514157751,True,False,False
6.005,0.38542055809417786,0.6156073507044098,0.10676232584039282,0.031134950443349917,-0.15313210517814407,0.0,0.011618754737879577,0.3604125231891163,0.0,0.38751131146457446,-0.024999999999999994,0.0,0.38999999999999996,3.0,130.05082944797655,0.03696085390547284,True,False,False
6.01,0.3848865384661413,0.6066725880693554,0.10684518358547304,0.031241049065785273,-0.15313210517814407,0.0,0.011618754737879577,0.3598785248049386,0.0,0.38751632602325436,-0.024999999999999994,0.0,0.38999999999999996,3.0,130.05087605341132,0.03690373002096815,True,False,False
6.015000000000001,0.38435212400537866,0.5977077851083601,0.10692045729539457,0.031344667976861876,-0.15313210517814407,0.0,0.011618754737879577,0.35934413263568854,0.0,0.3875215053023663,-0.024999999999999994,0.0,0.38999999999999996,3.0,130.05092185029483,0.036830636830857355,True,False,False
6.0200000000000005,0.38381735275873236,0.5887136562146753,0.10698812295777295,0.031445776812341286,-0.15313210517814407,0.0,0.011618754737879577,0.35880938475327206,0.0,0.38752685341398335,-0.024999999999999994,0.0,0.38999999999999996,3.0,130.05096686418645,0.03674168943344104,True,False,False
6.025,0.3832822628959911,0.5796909263139232,0.10704815721127246,0.03154433308913142,-0.15313210517814407,0.0,0.011618754737879577,0.3582743193523744,0.0,0.38753237449240313,-0.024999999999999994,0.0,0.38999999999999996,3.0,130.0510111198564,0.036637006436973804,True,False,False
6.03,0.3827468927065959,0.5706403337911932,0.10710053744575591,0.031640285873906576,-0.15313210517814407,0.0,0.011618754737879577,0.3577389747472164,0.0,0.38753807270536345,-0.024999999999999994,0.0,0.38999999999999996,3.0,130.0510546413056,0.036516711054017936,True,False,False
6.035,0.3822112805959231,0.5615626324901447,0.10714524187631978,0.03173357856647832,-0.15313210517814407,0.0,0.011618754737879577,0.357203389367863,0.0,0.3875439522616357,-0.024999999999999994,0.0,0.38999999999999996,3.0,130.0510974517842,0.03638093174994575,True,False,False
6.04,0.3816754650812533,0.5524585930252089,0.10718224959867051,0.031824150995644715,-0.15313210517814407,0.0,0.011618754737879577,0.35666760175619916,0.0,0.3875500174159131,-0.024999999999999994,0.0,0.38999999999999996,3.0,130.0511395738096,0.03622980259103624,True,False,False
6.045,0.38113948478750265,0.5433290035668991,0.10721154063108668,0.031911940989020095,-0.15313210517814407,0.0,0.011618754737879577,0.3561316505616533,0.0,0.38755627247166946,-0.024999999999999994,0.0,0.38999999999999996,3.0,130.05118102918328,0.0360634633903721,True,False,False
6.05,0.3806033784427786,0.5341746702394866,0.10723309594665915,0.03199688554478851,-0.15718082689029242,0.0,0.010040143341347733,0.35559557453673485,0.0,0.38756272178247414,-0.024999999999999994,0.0,0.38999999999999996,3.0,130.0315144632698,0.02946913554744844,True,False,False
6.055,0.3800671851718926,0.5249964147702919,0.10724673499182236,0.032078930784531556,-0.15718082689029242,0.0,0.010040143341347733,0.3550594127111363,0.0,0.3875693510842032,-0.024999999999999994,0.0,0.38999999999999996,3.0,130.03155203494057,0.029502775116026836,True,False,False
6.0600000000000005,0.37953094414033733,0.515795079663028,0.10725261371907457,0.03215801400516711,-0.15718082689029242,0.0,0.010040143341347733,0.3545232041558823,0.0,0.38757614618667047,-0.024999999999999994,0.0,0.38999999999999996,3.0,130.0315888952594,0.029515626275023812,True,False,False
6.065,0.37899469427921567,0.5065715128953748,0.10725071537642261,0.0322341358192342,-0.15718082689029242,0.0,0.010040143341347733,0.35398698782687343,0.0,0.3875831115645486,-0.024999999999999994,0.0,0.38999999999999996,3.0,130.03162507016722,0.029507957379499128,True,False,False
6.07,0.37845847460712817,0.49732656502669487,0.10724102379966308,0.032307278409055035,-0.15718082689029242,0.0,0.010040143341347733,0.3534508027670054,0.0,0.38759025168047234,-0.024999999999999994,0.0,0.38999999999999996,3.0,130.03166058467707,0.029480035490447032,True,False,False
6.075,0.3779223242271013,0.4880610937151941,0.10722352355678513,0.032377410799986586,-0.15718082689029242,0.0,0.010040143341347733,0.3529146881031838,0.0,0.38759757100259296,-0.024999999999999994,0.0,0.38999999999999996,3.0,130.03169546290363,0.029432128360647805,True,False,False
6.08,0.3773862823229453,0.4787759668860016,0.10719820005220826,0.0324444928952932,-0.15718082689029242,0.0,0.010040143341347733,0.3523786830427349,0.0,0.38760507401684197,-0.024999999999999994,0.0,0.38999999999999996,3.0,130.031729728091,0.029364505688332737,True,False,False
6.085,0.3768503881551649,0.4694720648805913,0.1071650396025317,0.032508478529416185,-0.15718082689029242,0.0,0.010040143341347733,0.35184282686934115,0.0,0.3876127652352064,-0.024999999999999994,0.0,0.38999999999999996,3.0,130.03176340263866,0.029277439876268088,True,False,False
6.09,0.3763146810565391,0.4601502818555076,0.10712402949198416,0.03256931775922511,-0.15718082689029242,0.0,0.010040143341347733,0.35130715893862613,0.0,0.3876206492010772,-0.024999999999999994,0.0,0.38999999999999996,3.0,130.03179650812615,0.029171206457555006,True,False,False
6.095,0.37577920042746393,0.450811526605506,0.1070751580133257,0.032626958572576734,-0.15718082689029242,0.0,0.010040143341347733,0.35077171867348683,0.0,0.38762873049233276,-0.024999999999999994,0.0,0.38999999999999996,3.0,130.03182906533652,0.029046084297046394,True,False,False
6.1000000000000005,0.37524398573111595,0.44145672296699684,0.10701841449824535,0.032681348156230604,-0.16148301499726586,0.0,0.008307899409989671,0.35023654555923484,0.0,0.3876370137227976,-0.024999999999999994,0.0,0.38999999999999996,3.0,130.01016873579445,0.02208433517680833,True,False,False
6.105,0.37470907678267606,0.4320868038989179,0.10695359442079964,0.03273246704099736,-0.16148301499726586,0.0,0.008307899409989671,0.34970167930370977,0.0,0.38764548299958473,-0.024999999999999994,0.0,0.38999999999999996,3.0,130.01019775111584,0.02216680988093756,True,False,False
6.11,0.3741745133931373,0.4227027205006963,0.10688089471085978,0.03278023858737256,-0.16148301499726586,0.0,0.008307899409989671,0.3491671596114603,0.0,0.3876541224918919,-0.024999999999999994,0.0,0.38999999999999996,3.0,130.0102261812381,0.022224839416699456,True,False,False
6.115,0.3736403350995943,0.4133054290368697,0.10680030709709117,0.03282467784006119,-0.16148301499726586,0.0,0.008307899409989671,0.34863302604208246,0.0,0.38766293689138465,-0.024999999999999994,0.0,0.38999999999999996,3.0,130.01025405010384,0.02225882852512305,True,False,False
6.12,0.3731065814848568,0.40389588438519697,0.10671182394892419,0.032865780338737806,-0.16148301499726586,0.0,0.008307899409989671,0.3480993182001193,0.0,0.38767193085966417,-0.024999999999999994,0.0,0.38999999999999996,3.0,130.01028138069861,0.022269177965468075,True,False,False
6.125,0.372573292168605,0.3944750518224494,0.10661544395322163,0.032903417635994636,-0.16148301499726586,0.0,0.008307899409989671,0.3475660757264892,0.0,0.3876811090761556,-0.024999999999999994,0.0,0.38999999999999996,3.0,130.01030819510612,0.0222560894072983,True,False,False
6.13,0.37204050672902006,0.3850439814575011,0.10651118596390786,0.03293724405552746,-0.16148301499726586,0.0,0.008307899409989671,0.3470333382220152,0.0,0.38769047654923755,-0.024999999999999994,0.0,0.38999999999999996,3.0,130.0103345147593,0.022219310469751175,True,False,False
6.135,0.37150826468406645,0.37560375775259014,0.10639905722754005,0.032967339882541684,-0.16148301499726586,0.0,0.008307899409989671,0.34650114522739306,0.0,0.3877000384129785,-0.024999999999999994,0.0,0.38999999999999996,3.0,130.01036036035745,0.022159268130852554,True,False,False
6.140000000000001,0.37097660553174083,0.3661554325535043,0.10627906191069852,0.03299382209065011,-0.16148301499726586,0.0,0.008307899409989671,0.3459695362616867,0.0,0.38770979965026,-0.024999999999999994,0.0,0.38999999999999996,3.0,130.0103857517126,0.022076454219966832,True,False,False
6.1450000000000005,0.3704455687587732,0.3567000254817459,0.10615120274962857,0.03301679724375655,-0.16148301499726586,0.0,0.008307899409989671,0.3454385508310126,0.0,0.38771976509319284,-0.024999999999999994,0.0,0.38999999999999996,3.0,130.01041070777475,0.021971362896143376,True,False,False
6.15,0.3699151938472803,0.347238527904561,0.10601548133347143,0.03303635534229076,-0.16590903315076888,0.0,0.006424135051138897,0.3449082284352635,0.0,0.38772993943784884,-0.024999999999999994,0.0,0.38999999999999996,3.0,129.98674894948005,0.014825082256601584,True,False,False
6.155,0.3693855206378673,0.33777181387901095,0.10587163051916058,0.033053207599621645,-0.16590903315076888,0.0,0.006424135051138897,0.3443786087919865,0.0,0.3877403044884563,-0.024999999999999994,0.0,0.38999999999999996,3.0,129.98677077480394,0.014929790206948457,True,False,False
6.16,0.3688565889777644,0.32830075971932565,0.10571991087176587,0.03306666496095426,-0.16590903315076888,0.0,0.006424135051138897,0.34384973162628846,0.0,0.3877508420405774,-0.024999999999999994,0.0,0.38999999999999996,3.0,129.98679213594392,0.015007131485062018,True,False,False
6.165,0.3683284383561691,0.31882633020678575,0.1055603239468894,0.0330767795195565,-0.16590903315076888,0.0,0.006424135051138897,0.34332163644446956,0.0,0.38776155662071876,-0.024999999999999994,0.0,0.38999999999999996,3.0,129.98681305389283,0.015057672132099471,True,False,False
6.17,0.3678011082612607,0.30934947731257545,0.10539287091157866,0.03308358829756837,-0.16590903315076888,0.0,0.006424135051138897,0.3427943627506293,0.0,0.3877724526783535,-0.024999999999999994,0.0,0.38999999999999996,3.0,129.98683354870218,0.01508198050603518,True,False,False
6.175,0.36727463818206707,0.2998711445928906,0.10521755273103818,0.033087113103482876,-0.16590903315076888,0.0,0.006424135051138897,0.34226795004861277,0.0,0.387783534602587,-0.024999999999999994,0.0,0.38999999999999996,3.0,129.98685363951597,0.015080626419657732,True,False,False
6.18,0.36674906760944215,0.29039227146355967,0.10503437034338726,0.0330873611775318,-0.16590903315076888,0.0,0.006424135051138897,0.3417424378430653,0.0,0.38779480673849837,-0.024999999999999994,0.0,0.38999999999999996,3.0,129.9868733446033,0.01505418026722248,True,False,False
6.1850000000000005,0.36622443603622307,0.2809137972207072,0.10484332482268345,0.03308432628866772,-0.16590903315076888,0.0,0.006424135051138897,0.3412178656396561,0.0,0.3878062734025387,-0.024999999999999994,0.0,0.38999999999999996,3.0,129.98689268138992,0.015003212163097558,True,False,False
6.19,0.36570078295661207,0.2714366647271752,0.10464441753066946,0.03307799007006736,-0.16590903315076888,0.0,0.006424135051138897,0.3406942729445189,0.0,0.3878179388966457,-0.024999999999999994,0.0,0.38999999999999996,3.0,129.9869116664887,0.014928291108240087,True,False,False
6.195,0.36517814786484215,0.2619618236645624,0.10443765025779421,0.03306832345967825,-0.16590903315076888,0.0,0.006424135051138897,0.34017169926296303,0.0,0.3878298075208329,-0.024999999999999994,0.0,0.38999999999999996,3.0,129.98693031572915,0.014829984194698574,True,False,False
6.2,0.36465657025316905,0.25249023340328675,0.1042230253540678,0.03305528816348915,-0.17034137996773285,0.0,0.004421844815187797,0.33965018409749975,0.0,0.38784188358424226,-0.024999999999999994,0.0,0.38999999999999996,3.0,129.9616737248201,0.007673627580510607,True,False,False
6.205,0.3641360899434406,0.24302276452427388,0.1040002381062327,0.033039524772344155,-0.17034137996773285,0.0,0.004421844815187797,0.3391297671363396,0.0,0.38785414713166966,-0.024999999999999994,0.0,0.38999999999999996,3.0,129.96168967100587,0.007783721470734549,True,False,False
6.21,0.36361674675089134,0.2335603217395678,0.10376959180797028,0.03302019319385271,-0.17034137996773285,0.0,0.004421844815187797,0.33861048806331756,0.0,0.3878665783215947,-0.024999999999999994,0.0,0.38999999999999996,3.0,129.96170525959238,0.007865516732658999,True,False,False
6.215,0.3630985801365873,0.22410393250286448,0.1035310929701514,0.032997256941978734,-0.17034137996773285,0.0,0.004421844815187797,0.3380923863519617,0.0,0.3878791816571291,-0.024999999999999994,0.0,0.38999999999999996,3.0,129.96172050780797,0.007919634964941795,True,False,False
6.22,0.3625816295350869,0.214654634796896,0.10328474886525732,0.032970678645022365,-0.17034137996773285,0.0,0.004421844815187797,0.3375755014485309,0.0,0.3878919616546805,-0.024999999999999994,0.0,0.38999999999999996,3.0,129.9617354320521,0.00794669615808117,True,False,False
6.2250000000000005,0.3620659343508122,0.20521347752898356,0.10303056760266216,0.03294041935291808,-0.17034137996773285,0.0,0.004421844815187797,0.3370598727683631,0.0,0.3879049228454704,-0.024999999999999994,0.0,0.38999999999999996,3.0,129.9617500479288,0.00794731814287087,True,False,False
6.23,0.36155153395405715,0.19578152101495688,0.10276855819974776,0.03290643837267945,-0.17034137996773285,0.0,0.004421844815187797,0.3365455396918629,0.0,0.38791806977751125,-0.024999999999999994,0.0,0.38999999999999996,3.0,129.96176437027628,0.007922116044564026,True,False,False
6.235,0.3610384676766736,0.18635983745892867,0.102498730648509,0.03286869342728142,-0.17034137996773285,0.0,0.004421844815187797,0.3360325415601667,0.0,0.3879314070175741,-0.024999999999999994,0.0,0.38999999999999996,3.0,129.96177841319778,0.007871701755512515,True,False,False
6.24,0.3605267748004372,0.17694948790868748,0.1022211010227507,0.03282754079005806,-0.17034137996773285,0.0,0.004421844815187797,0.3355209176629609,0.0,0.38794493906131255,-0.024999999999999994,0.0,0.38999999999999996,3.0,129.96179219009045,0.007796686534084184,True,False,False
6.245,0.3600164944532565,0.1675512123893186,0.10193570383161672,0.03278450669334092,-0.17034137996773285,0.0,0.004421844815187797,0.33501070712781256,0.0,0.3879586691243163,-0.024999999999999994,0.0,0.38999999999999996,3.0,129.9618057136691,0.007697688469490323,True,False,False
6.25,0.35950766561530817,0.15816552771129452,0.10164255793799487,0.032739617077384923,-0.1746980214407805,0.0,0.0023424482640195376,0.33450194892862856,0.0,0.38797259952500857,-0.024999999999999994,0.0,0.38999999999999996,3.0,129.93548346969854,0.0006544133646132835,True,False,False
6.255,0.3590003274696392,0.14879282005151664,0.10134133973895644,0.03269389047028637,-0.1746980214407805,0.0,0.0023424482640195376,0.33399468209892585,0.0,0.3879867071749516,-0.024999999999999994,0.0,0.38999999999999996,3.0,129.93549469508417,0.0007586644294738445,True,False,False
6.26,0.3584945191147752,0.13943351415866423,0.10103240007237758,0.03264602608074216,-0.1746980214407805,0.0,0.0023424482640195376,0.33348894559089787,0.0,0.3880009691197512,-0.024999999999999994,0.0,0.38999999999999996,3.0,129.93550565268225,0.0008342194016597651,True,False,False
6.265000000000001,0.3579902792837509,0.130088246927272,0.10071575757910527,0.03259585447506718,-0.1746980214407805,0.0,0.0023424482640195376,0.3329847781361692,0.0,0.3880153880843752,-0.024999999999999994,0.0,0.38999999999999996,3.0,129.93551635605968,0.0008817186251727296,True,False,False
6.2700000000000005,0.35748764662502064,0.12075770283728754,0.10039143139537937,0.03254321209746045,-0.1746980214407805,0.0,0.0023424482640195376,0.33248221838197595,0.0,0.388029966955373,-0.024999999999999994,0.0,0.38999999999999996,3.0,129.93552681808265,0.000901797505228237,True,False,False
6.275,0.3569866596999548,0.11144261290795734,0.10005944131894567,0.032487937018147645,-0.1746980214407805,0.0,0.0023424482640195376,0.3319813048885957,0.0,0.3880447087769808,-0.024999999999999994,0.0,0.38999999999999996,3.0,129.9355370509477,0.0008950868331123393,True,False,False
6.28,0.3564873569797372,0.10214375464798124,0.09971980792928814,0.03242986630834539,-0.1746980214407805,0.0,0.0023424482640195376,0.3314820761262003,0.0,0.3880596167511259,-0.024999999999999994,0.0,0.38999999999999996,3.0,129.93554706620924,0.000862213042292094,True,False,False
6.285,0.355989776841832,0.09286195256739994,0.09937255267520173,0.03236883458707199,-0.1746980214407805,0.0,0.0023424482640195376,0.3309845704712871,0.0,0.3880746942397172,-0.024999999999999994,0.0,0.38999999999999996,3.0,129.93555687480546,0.0008037984193360742,True,False,False
6.29,0.3554939575661401,0.08359807898318437,0.0990176979390679,0.03230467341394308,-0.1746980214407805,0.0,0.0023424482640195376,0.33048882620280434,0.0,0.38808994476807296,-0.024999999999999994,0.0,0.38999999999999996,3.0,129.93556648708451,0.0007204612858928011,True,False,False
6.295,0.35499993733092294,0.07435305490733238,0.09865526708446727,0.032237211293066725,-0.1746980214407805,0.0,0.0023424482640195376,0.32999488149804307,0.0,0.3881053720287099,-0.024999999999999994,0.0,0.38999999999999996,3.0,129.9355759128274,0.0006128161618943959,True,False,False
6.3,0.35450775420855857,0.06512785089303846,0.09828528449183854,0.0321662741173436,-0.178912285181074,0.0,0.00028448428768027695,0.3295027744283572,0.0,0.38812097988486527,-0.024999999999999994,0.0,0.38999999999999996,3.0,129.9094780090927,0.006217279330557358,True,False,False
6.305,0.3540174463880328,0.05592332492356883,0.0979074107266841,0.03209282334315708,-0.178912285181074,0.0,0.00028448428768027695,0.3290125430485953,0.0,0.3881367470997894,-0.024999999999999994,0.0,0.38999999999999996,3.0,129.90948550404943,0.006130235298408185,True,False,False
6.3100000000000005,0.3535290519343525,0.046740387620450394,0.09752202983067706,0.032015518921596584,-0.178912285181074,0.0,0.00028448428768027695,0.3285242252933892,0.0,0.38815265262847,-0.024999999999999994,0.0,0.38999999999999996,3.0,129.90949280482886,0.006071957714681338,True,False,False
6.315,0.3530426085579447,0.037580174952517066,0.09712917002792018,0.03193413957572709,-0.178912285181074,0.0,0.00028448428768027695,0.3280378588779137,0.0,0.3881687009265368,-0.024999999999999994,0.0,0.38999999999999996,3.0,129.90949992159565,0.006041781105125984,True,False,False
6.32,0.352558153841549,0.028443884630020618,0.09672886035851444,0.03184847517470693,-0.178912285181074,0.0,0.00028448428768027695,0.32755348138979407,0.0,0.38818489667029915,-0.024999999999999994,0.0,0.38999999999999996,3.0,129.90950686393637,0.006039039828685415,True,False,False
6.325,0.3520757252364817,0.019332773017465905,0.09632113073256685,0.03175832668812272,-0.178912285181074,0.0,0.00028448428768027695,0.3270711302852381,0.0,0.3882012447444189,-0.024999999999999994,0.0,0.38999999999999996,3.0,129.90951364088576,0.006063067891812771,True,False,False
6.33,0.35159536005868297,0.010248151868809018,0.09590601196993921,0.03166350652344281,-0.178912285181074,0.0,0.00028448428768027695,0.32659084288495127,0.0,0.38821775022949656,-0.024999999999999994,0.0,0.38999999999999996,3.0,129.90952026094843,0.006113198855509625,True,False,False
6.335,0.35111709548459746,0.001191384759511993,0.09548353582959265,0.03156383910770409,-0.178912285181074,0.0,0.00028448428768027695,0.3261126563698824,0.0,0.38823441838908584,-0.024999999999999994,0.0,0.38999999999999996,3.0,129.90952673212243,0.006188765821615712,True,False,False
6.34,0.35064096865098693,0.007836109553977446,0.09505365687156259,0.03145908331607016,-0.178912285181074,0.0,0.00028448428768027695,0.32563660788101745,0.0,0.3882512546794893,-0.024999999999999994,0.0,0.38999999999999996,3.0,129.90953306191983,0.006289101118754831,True,False,False
6.345,0.35016701736765615,0.01683282155916084,0.09461622934280164,0.031348907317215347,-0.178912285181074,0.0,0.00028448428768027695,0.3251627352327738,0.0,0.3882682648982066,-0.024999999999999994,0.0,0.38999999999999996,3.0,129.90953925738685,0.006413536320242462,True,False,False
6.3500000000000005,0.3496952796934403,0.025797176531667947,0.09417128236111416,0.03123316647772529,-0.18292605662749772,0.0,-0.0018102672469570372,0.3246910764883466,0.0,0.38828545507649126,-0.024999999999999994,0.0,0.38999999999999996,3.0,129.88288310411866,0.01294794923546182,True,False,False
6.355,0.3492257937066337,0.034727727128693264,0.0937184475694706,0.031112891020243318,-0.18292605662749772,0.0,-0.0018102672469570372,0.3242216696041898,0.0,0.38830280558261326,-0.024999999999999994,0.0,0.38999999999999996,3.0,129.8828876896674,0.012888299083151176,True,False,False
6.36,0.3487585973071251,0.043622992033878635,0.09325815958478412,0.030986802092262327,-0.18292605662749772,0.0,-0.0018102672469570372,0.32375455236189543,0.0,0.388320296904996,-0.024999999999999994,0.0,0.38999999999999996,3.0,129.88289213900157,0.012856736081848428,True,False,False
6.365,0.3482937280330262,0.05248128663525195,0.09279045819883097,0.030854770243723996,-0.18292605662749772,0.0,-0.0018102672469570372,0.3232897623080411,0.0,0.38833793545496526,-0.024999999999999994,0.0,0.38999999999999996,3.0,129.88289645916484,0.01285253255441628,True,False,False
6.37,0.347831223240041,0.061300893100836355,0.09231538405582473,0.030716692729728226,-0.18292605662749772,0.0,-0.0018102672469570372,0.32282733680584424,0.0,0.3883557277545777,-0.024999999999999994,0.0,0.38999999999999996,3.0,129.88290065673914,0.012874958872687855,True,False,False
6.375,0.347371120089059,0.07008004881749463,0.09183298544770721,0.030572283846895025,-0.18292605662749772,0.0,-0.0018102672469570372,0.32236731302292015,0.0,0.3883736804852433,-0.024999999999999994,0.0,0.38999999999999996,3.0,129.88290473787583,0.012923525168784922,True,False,False
6.38,0.3469134555135196,0.07881688756763969,0.09134331211784143,0.03042127174649044,-0.18292605662749772,0.0,-0.0018102672469570372,0.3219097278996869,0.0,0.38839180072878043,-0.024999999999999994,0.0,0.38999999999999996,3.0,129.88290870834055,0.01299764283373352,True,False,False
6.385,0.34645826624839576,0.08750952761199701,0.09084640435111703,0.03026373709138311,-0.18292605662749772,0.0,-0.0018102672469570372,0.32145461817655424,0.0,0.38841009560591655,-0.024999999999999994,0.0,0.38999999999999996,3.0,129.88291257348325,0.013096364392443494,True,False,False
6.390000000000001,0.3460055888412519,0.096156117701676,0.09034230275336186,0.03009980634764935,-0.18292605662749772,0.0,-0.0018102672469570372,0.32100202040408743,0.0,0.3884285720917214,-0.024999999999999994,0.0,0.38999999999999996,3.0,129.88291633824824,0.013218804754810274,True,False,False
6.3950000000000005,0.3455554596481184,0.10475484664386814,0.08983104886937643,0.029929629967308937,-0.18292605662749772,0.0,-0.0018102672469570372,0.3205519709387089,0.0,0.38844723698008,-0.024999999999999994,0.0,0.38999999999999996,3.0,129.8829200072003,0.013364125486110209,True,False,False
6.4,0.3451079148276619,0.11330394818403844,0.08931268553384193,0.02975336938850183,-0.18669611502330066,0.0,-0.004068248688710731,0.3201045059367855,0.0,0.3884660968662001,-0.024999999999999994,0.0,0.38999999999999996,3.0,129.85402381764172,0.01954140017413869,True,False,False
6.405,0.3446629904266816,0.12180176954544149,0.088786796651742,0.029571600567011736,-0.18669611502330066,0.0,-0.004068248688710731,0.31965966131931517,0.0,0.38848513065982343,-0.024999999999999994,0.0,0.38999999999999996,3.0,129.85402614550222,0.019514219627853283,True,False,False
6.41,0.34422072224591704,0.13024664788358412,0.08825388461647346,0.029383793320500944,-0.18669611502330066,0.0,-0.004068248688710731,0.3192174727650552,0.0,0.3885043172999476,-0.024999999999999994,0.0,0.38999999999999996,3.0,129.85402838041645,0.019513239677267875,True,False,False
6.415,0.34378114576262037,0.1386368841168152,0.0877139944469901,0.029190162695257194,-0.18669611502330066,0.0,-0.004068248688710731,0.31877797575052697,0.0,0.38852366307025266,-0.024999999999999994,0.0,0.38999999999999996,3.0,129.85403052670267,0.01953762527802661,True,False,False
6.42,0.3433442962337868,0.14697084024855203,0.08716717279770642,0.02899091899223276,-0.18669611502330066,0.0,-0.004068248688710731,0.3183412055292322,0.0,0.3885431739953338,-0.024999999999999994,0.0,0.38999999999999996,3.0,129.85403258833279,0.01958656479441384,True,False,False
6.425,0.3429102086883656,0.1552469375041147,0.0866134679909109,0.028786265095777298,-0.18669611502330066,0.0,-0.004068248688710731,0.3179071971239276,0.0,0.38856285584916217,-0.024999999999999994,0.0,0.38999999999999996,3.0,129.85403456895284,0.019659266600686183,True,False,False
6.43,0.3424789179195487,0.1634636540250821,0.0860529300072677,0.02857639527151496,-0.18669611502330066,0.0,-0.004068248688710731,0.31747598531898213,0.0,0.38858271416528195,-0.024999999999999994,0.0,0.38999999999999996,3.0,129.8540364719013,0.019754956644683207,True,False,False
6.4350000000000005,0.34205045847721877,0.17161952231449215,0.08548561045189496,0.028361494853810648,-0.18669611502330066,0.0,-0.004068248688710731,0.3170476046528953,0.0,0.38860275424774543,-0.024999999999999994,0.0,0.38999999999999996,3.0,129.85403830022696,0.019872876657368956,True,False,False
6.44,0.3416248646606248,0.1797131267170222,0.0849115625070871,0.028141740453013698,-0.18669611502330066,0.0,-0.004068248688710731,0.31662208941104086,0.0,0.38862298118204336,-0.024999999999999994,0.0,0.38999999999999996,3.0,129.8540400567049,0.020012282802422388,True,False,False
6.445,0.34120217051132046,0.18774310097928082,0.08433084087859939,0.027917300448513135,-0.18669611502330066,0.0,-0.004068248688710731,0.3161994736186695,0.0,0.38864339984556334,-0.024999999999999994,0.0,0.38999999999999996,3.0,129.8540417438518,0.020172444631743808,True,False,False
6.45,0.3407824098063759,0.19570812597717108,0.08374350173974544,0.02768833562134009,-0.19020748287773825,0.0,-0.006484435739817445,0.3157797910341805,0.0,0.3886640149173752,-0.024999999999999994,0.0,0.38999999999999996,3.0,129.82297114651763,0.025962132572121537,True,False,False
6.455,0.34036561609863225,0.2036070129903106,0.08314903690631287,0.02745554643193848,-0.19020748287773825,0.0,-0.006484435739817445,0.31536307507508554,0.0,0.3886848012951738,-0.024999999999999994,0.0,0.38999999999999996,3.0,129.8229717094007,0.025960068782833332,True,False,False
6.46,0.33995182263054763,0.2114385644632392,0.08254806261296502,0.027218277169948873,-0.19020748287773825,0.0,-0.006484435739817445,0.3149493588538062,0.0,0.38870573390779234,-0.024999999999999994,0.0,0.38999999999999996,3.0,129.82297221018354,0.025981914152247754,True,False,False
6.465,0.33954106230270403,0.21920152455535666,0.08194063657855494,0.02697672044596469,-0.19020748287773825,0.0,-0.006484435739817445,0.3145386752567457,0.0,0.38872681716046115,-0.024999999999999994,0.0,0.38999999999999996,3.0,129.8229726510664,0.026026889130555488,True,False,False
6.47,0.33913336758875834,0.22689510576793712,0.0813268583338653,0.026735420164132516,-0.19020748287773825,0.0,-0.006484435739817445,0.31413105673522734,0.0,0.38874805361941117,-0.024999999999999994,0.0,0.38999999999999996,3.0,129.82297303401322,0.026094250961195248,True,False,False
6.4750000000000005,0.3387287700742883,0.234520138491415,0.08070683679401792,0.026497783560214858,-0.19020748287773825,0.0,-0.006484435739817445,0.31372653482859314,0.0,0.38876943953666393,-0.024999999999999994,0.0,0.38999999999999996,3.0,129.8229733607673,0.026183352669948996,True,False,False
6.48,0.3383273009683891,0.24207737316282946,0.08008063308776628,0.02626183257609229,-0.19020748287773825,0.0,-0.006484435739817445,0.31332514070134765,0.0,0.3887909714774973,-0.024999999999999994,0.0,0.38999999999999996,3.0,129.82297363286557,0.026293553228958242,True,False,False
6.485,0.337928991273482,0.24956709072833036,0.07944830666909725,0.026026247113208858,-0.19020748287773825,0.0,-0.006484435739817445,0.31292690531822515,0.0,0.38881264783639236,-0.024999999999999994,0.0,0.38999999999999996,3.0,129.82297385165018,0.026424191798295728,True,False,False
6.49,0.33753387176410665,0.25698926133103517,0.0788099165806337,0.02579014681055913,-0.19020748287773825,0.0,-0.006484435739817445,0.3125318594203037,0.0,0.3888344682154732,-0.024999999999999994,0.0,0.38999999999999996,3.0,129.82297401828058,0.02657459328666448,True,False,False
6.495,0.3371419729704899,0.2643436473663356,0.07816552211726974,0.025552941708776856,-0.19020748287773825,0.0,-0.006484435739817445,0.3121400335068486,0.0,0.3888564330209669,-0.024999999999999994,0.0,0.38999999999999996,3.0,129.82297413374428,0.02674407333066354,True,False,False
6.5,0.33675332516530315,0.2716298717209603,0.07751518319391693,0.02531423474731767,-0.19347024839273919,0.0,-0.008799544730933978,0.3117514578209359,0.0,0.3888785431961754,-0.024999999999999994,0.0,0.38999999999999996,3.0,129.7931666058243,0.03214887038312678,True,False,False
6.505,0.3363679583517169,0.27884752822624437,0.07685834276449034,0.025074202368309265,-0.19347024839273919,0.0,-0.008799544730933978,0.31136616224423896,0.0,0.38890077173222887,-0.024999999999999994,0.0,0.38999999999999996,3.0,129.7931657708421,0.032166880167196966,True,False,False
6.51,0.3359859022108134,0.28599614179072413,0.07619567312178074,0.024832209361753288,-0.19347024839273919,0.0,-0.008799544730933978,0.31098417634367254,0.0,0.3889230918895985,-0.024999999999999994,0.0,0.38999999999999996,3.0,129.79316489595922,0.03220680255632137,True,False,False
6.515000000000001,0.3356071861176728,0.2930751394927736,0.07552723526641454,0.02458818238436827,-0.19347024839273919,0.0,-0.008799544730933978,0.3106055294760227,0.0,0.3889455053624065,-0.024999999999999994,0.0,0.38999999999999996,3.0,129.79316398176508,0.03226786517191942,True,False,False
6.5200000000000005,0.3352318391576681,0.30008393114930715,0.07485309088740756,0.024342072343943096,-0.19347024839273919,0.0,-0.008799544730933978,0.3102302507079713,0.0,0.38896801390351843,-0.024999999999999994,0.0,0.38999999999999996,3.0,129.7931630287012,0.032349305590428895,True,False,False
6.525,0.33485989012233275,0.3070219149331105,0.07417330245320798,0.02409384593170853,-0.19347024839273919,0.0,-0.008799544730933978,0.30985836881187473,0.0,0.3889906193031055,-0.024999999999999994,0.0,0.38999999999999996,3.0,129.79316203707316,0.03245037085467767,True,False,False
6.53,0.3344913675053004,0.313888481078143,0.07348793326905446,0.023843480308011426,-0.19347024839273919,0.0,-0.008799544730933978,0.3094899122616451,0.0,0.3890133233746821,-0.024999999999999994,0.0,0.38999999999999996,3.0,129.79316100706166,0.03257031726364648,True,False,False
6.535,0.33412629949827716,0.32068301434998686,0.07279704751347049,0.02359095976810212,-0.19347024839273919,0.0,-0.008799544730933978,0.3091249092286832,0.0,0.38903612794592807,-0.024999999999999994,0.0,0.38999999999999996,3.0,129.7931599387333,0.032708410324488214,True,False,False
6.54,0.3337647139870535,0.3274048957871123,0.07210071026183061,0.023336273652882475,-0.19347024839273919,0.0,-0.008799544730933978,0.3087633875778629,0.0,0.3890590348524819,-0.024999999999999994,0.0,0.38999999999999996,3.0,129.7931588320509,0.03286392479547175,True,False,False
6.545,0.3334066385475485,0.334053503929063,0.07139898750191043,0.02307941504319589,-0.19347024839273919,0.0,-0.008799544730933978,0.3084053748635552,0.0,0.38908204593364687,-0.024999999999999994,0.0,0.38999999999999996,3.0,129.79315768688156,0.033036144776955344,True,False,False
6.55,0.3330521004418951,0.340628215767899,0.07069194614447553,0.022820379947535958,-0.19649739528528648,0.0,-0.010850475026120125,0.30805089832569726,0.0,0.3891051630292234,-0.024999999999999994,0.0,0.38999999999999996,3.0,129.76677780218046,0.03806362750548353,True,False,False
6.555,0.33270112656593864,0.3471284630067447,0.0699790359183144,0.022559547183054397,-0.19649739528528648,0.0,-0.010850475026120125,0.30769998477169397,0.0,0.3891283629428825,-0.024999999999999994,0.0,0.38999999999999996,3.0,129.7667758477967,0.03809313417489731,True,False,False
6.5600000000000005,0.33235374345537816,0.3535536754012543,0.06926093408619054,0.022296550056859016,-0.19649739528528648,0.0,-0.010850475026120125,0.30735266065491573,0.0,0.3891516224886769,-0.024999999999999994,0.0,0.38999999999999996,3.0,129.76677386997108,0.038141809468576975,True,False,False
6.565,0.33200997735322596,0.3599032409268709,0.06853770816563375,0.02203143900692487,-0.19649739528528648,0.0,-0.010850475026120125,0.3070089522042948,0.0,0.38917494345896536,-0.024999999999999994,0.0,0.38999999999999996,3.0,129.7667718681655,0.03820889667702176,True,False,False
6.57,0.3316698541760454,0.36617655886796263,0.0678094267476983,0.021764246361985113,-0.19649739528528648,0.0,-0.010850475026120125,0.30666888532166836,0.0,0.389198327597333,-0.024999999999999994,0.0,0.38999999999999996,3.0,129.766769841772,0.03829365334497938,True,False,False
6.575,0.3313333995114474,0.3723730364422372,0.06707615919425584,0.021494995666435902,-0.19649739528528648,0.0,-0.010850475026120125,0.3063324855793217,0.0,0.3892217766124067,-0.024999999999999994,0.0,0.38999999999999996,3.0,129.76676779012146,0.038395350085064686,True,False,False
6.58,0.3310006386155241,0.37849208667776973,0.06633797568849509,0.02122370435186982,-0.19649739528528648,0.0,-0.010850475026120125,0.3059997782174504,0.0,0.3892452921867219,-0.024999999999999994,0.0,0.38999999999999996,3.0,129.76676571249155,0.038513269601328726,True,False,False
6.585,0.33067159640998073,0.3845331269740817,0.06559494727065673,0.0209503857733486,-0.19649739528528648,0.0,-0.010850475026120125,0.3056707881413127,0.0,0.38926887598295845,-0.024999999999999994,0.0,0.38999999999999996,3.0,129.76676360811555,0.038646706056564686,True,False,False
6.59,0.3303462974790687,0.39049557815640157,0.06484714586392414,0.02067505074581074,-0.19649739528528648,0.0,-0.010850475026120125,0.3053455399181752,0.0,0.38929252964820227,-0.024999999999999994,0.0,0.38999999999999996,3.0,129.76676147618844,0.038794964669323424,True,False,False
6.595,0.3300247660663875,0.3963788639293509,0.06409464429381476,0.020397708694242716,-0.19649739528528648,0.0,-0.010850475026120125,0.3050240577741236,0.0,0.389316254816662,-0.024999999999999994,0.0,0.38999999999999996,3.0,129.76675931587408,0.038957361463918115,True,False,False
6.6000000000000005,0.32970702607160474,0.40218241060533827,0.06333751630336228,0.02011836850929514,-0.19932180098594574,0.0,-0.012725091889027103,0.3047063655907874,0.0,0.38934005311129516,-0.024999999999999994,0.0,0.38999999999999996,3.0,129.74265414032575,0.04364890021377769,True,False,False
6.605,0.3293931009619168,0.40790569700346346,0.06257519174363142,0.019837380408395007,-0.19932180098594574,0.0,-0.012725091889027103,0.30439248677265485,0.0,0.38936390328258824,-0.024999999999999994,0.0,0.38999999999999996,3.0,129.74265128644052,0.04367515210434427,True,False,False
6.61,0.32908301381524785,0.4135482003841847,0.0618083803424901,0.01955440696402635,-0.19932180098594574,0.0,-0.012725091889027103,0.3040824443409429,0.0,0.3893877840929711,-0.024999999999999994,0.0,0.38999999999999996,3.0,129.74264842319204,0.04371780399383612,True,False,False
6.615,0.3287767874215458,0.4191093599489887,0.06103715672396713,0.019269501390931535,-0.19932180098594574,0.0,-0.012725091889027103,0.3037762610757586,0.0,0.3894116971214433,-0.024999999999999994,0.0,0.38999999999999996,3.0,129.7426455493387,0.043776139940833514,True,False,False
6.62,0.3284744442150789,0.4245886282487862,0.0602615962367663,0.018982704257572418,-0.19932180098594574,0.0,-0.012725091889027103,0.30347395940103306,0.0,0.3894356438948141,-0.024999999999999994,0.0,0.38999999999999996,3.0,129.74264266363042,0.04384945898173634,True,False,False
6.625,0.32817600627270227,0.42998546809411237,0.059481775024628994,0.018694047124467907,-0.19932180098594574,0.0,-0.012725091889027103,0.3031755613828263,0.0,0.38945962590042177,-0.024999999999999994,0.0,0.38999999999999996,3.0,129.7426397648144,0.04393707361803578,True,False,False
6.63,0.3278814953117281,0.4352993503857188,0.05869777007711895,0.018403555323351143,-0.19932180098594574,0.0,-0.012725091889027103,0.30288108872722547,0.0,0.38948364459517093,-0.024999999999999994,0.0,0.38999999999999996,3.0,129.74263685164115,0.04403830880683354,True,False,False
6.635,0.32759093268750533,0.44052975264578903,0.0579096592678326,0.018111250054605465,-0.19932180098594574,0.0,-0.012725091889027103,0.30259056277794355,0.0,0.38950770141184166,-0.024999999999999994,0.0,0.38999999999999996,3.0,129.74263392286974,0.044152501290512756,True,False,False
6.640000000000001,0.32730433939080084,0.44567615807212974,0.05711752138475987,0.017817149955102484,-0.19932180098594574,0.0,-0.012725091889027103,0.30230400451371525,0.0,0.38953179776332447,-0.024999999999999994,0.0,0.38999999999999996,3.0,129.74263097727393,0.04427899915420189,True,False,False
6.6450000000000005,0.32702173604506357,0.4507380549741644,0.05632143615602303,0.01752127226086465,-0.19932180098594574,0.0,-0.012725091889027103,0.30202143454557123,0.0,0.38955593504535985,-0.024999999999999994,0.0,0.38999999999999996,3.0,129.74262801364554,0.04441716153587837,True,False,False
6.65,0.3267431429036151,0.4557149365077137,0.05552148427324054,0.01722363366321501,-0.20199028036280975,0.0,-0.014421527065132646,0.3017428731140362,0.0,0.3895801146381214,-0.024999999999999994,0.0,0.38999999999999996,3.0,129.72083555990463,0.04883184508248941,True,False,False
6.655,0.32646857973460414,0.46060634390805094,0.054717072377473856,0.016924546265943512,-0.20199028036280975,0.0,-0.014421527065132646,0.3014683399490612,0.0,0.3896043172561695,-0.024999999999999994,0.0,0.38999999999999996,3.0,129.72083200257228,0.04883802742431523,True,False,False
6.66,0.3261980658939848,0.4654118195430821,0.053908943969570064,0.016623727872216474,-0.20199028036280975,0.0,-0.014421527065132646,0.3011978543741127,0.0,0.38962852361894956,-0.024999999999999994,0.0,0.38999999999999996,3.0,129.72082845058804,0.04885803313200468,True,False,False
6.665,0.32593162045310764,0.47013087623439864,0.053097180486201934,0.01632123709583262,-0.20199028036280975,0.0,-0.014421527065132646,0.30093143545574375,0.0,0.38965273504790415,-0.024999999999999994,0.0,0.38999999999999996,3.0,129.72082490231608,0.048891193996096385,True,False,False
6.67,0.32566926210331965,0.47476304180287027,0.05228186419196865,0.01601712058771707,-0.20199028036280975,0.0,-0.014421527065132646,0.3006691018801659,0.0,0.3896769528101479,-0.024999999999999994,0.0,0.38999999999999996,3.0,129.7208213561581,0.04893685661252077,True,False,False
6.675,0.32541100915469473,0.4793078561437841,0.051463078256264304,0.015711416471884135,-0.20199028036280975,0.0,-0.014421527065132646,0.3004108719520095,0.0,0.3897011781304811,-0.024999999999999994,0.0,0.38999999999999996,3.0,129.72081781055718,0.048994380918144176,True,False,False
6.68,0.32515687953439426,0.48376486917164835,0.05064090681512209,0.015404156965965952,-0.20199028036280975,0.0,-0.014421527065132646,0.3001567635927086,0.0,0.38972541219991413,-0.024999999999999994,0.0,0.38999999999999996,3.0,129.72081426400206,0.04906313920461014,True,False,False
6.6850000000000005,0.3249068907847559,0.48813363942844745,0.049815435024734823,0.015095370355135952,-0.20199028036280975,0.0,-0.014421527065132646,0.299906794338607,0.0,0.3897496561816232,-0.024999999999999994,0.0,0.38999999999999996,3.0,129.72081071503055,0.049142515454844965,True,False,False
6.69,0.3246610600612088,0.4924137331758433,0.04898674911125695,0.014785082464026982,-0.20199028036280975,0.0,-0.014421527065132646,0.29966098133888697,0.0,0.3897739112149642,-0.024999999999999994,0.0,0.38999999999999996,3.0,129.72080716223326,0.049231904896600426,True,False,False
6.695,0.32441940413008025,0.49660472385413607,0.04815493642015365,0.014473317744846967,-0.20199028036280975,0.0,-0.014421527065132646,0.29941934135338694,0.0,0.3897981784180558,-0.024999999999999994,0.0,0.38999999999999996,3.0,129.72080360425636,0.04933071370173894,True,False,False
6.7,0.3241819393663437,0.5007061918110142,0.04732008546752615,0.014160100075385842,-0.20455614699255534,0.0,-0.015935976414215076,0.29918189075035906,0.0,0.3898224588893081,-0.024999999999999994,0.0,0.38999999999999996,3.0,129.7013887588577,0.05353731798786806,True,False,False
6.705,0.3239486816216015,0.5047177594435686,0.046481574803543285,0.01384569282113566,-0.20455614699255534,0.0,-0.015935976414215076,0.29894864536576793,0.0,0.3898467353346419,-0.024999999999999994,0.0,0.38999999999999996,3.0,129.7013847004619,0.05350578923164087,True,False,False
6.71,0.323719646316782,0.5086390528065521,0.04564018737672271,0.013529878715034823,-0.20455614699255534,0.0,-0.015935976414215076,0.2987196206101826,0.0,0.3898709904580706,-0.024999999999999994,0.0,0.38999999999999996,3.0,129.70138066514,0.05348582426883075,True,False,False
6.715,0.3234948485870011,0.5124696783429753,0.04479601268891541,0.013212721744537515,-0.20455614699255534,0.0,-0.015935976414215076,0.29849483161958823,0.0,0.3898952252844705,-0.024999999999999994,0.0,0.38999999999999996,3.0,129.70137665104807,0.053476803923898225,True,False,False
6.72,0.3232743031683829,0.5162092590833833,0.043949141417798855,0.012894274242825281,-0.20455614699255534,0.0,-0.015935976414215076,0.2982742931307961,0.0,0.3899194407818686,-0.024999999999999994,0.0,0.38999999999999996,3.0,129.70137265641347,0.05347812347881353,True,False,False
6.7250000000000005,0.3230580243973573,0.519857431784587,0.04309966553506092,0.012574580186979824,-0.20455614699255534,0.0,-0.015935976414215076,0.2980580194807647,0.0,0.3899436378731075,-0.024999999999999994,0.0,0.38999999999999996,3.0,129.7013686795368,0.05348919124053211,True,False,False
6.73,0.3228460262096017,0.5234138449150874,0.042247678418935314,0.012253677711956313,-0.20455614699255534,0.0,-0.015935976414215076,0.29784602460556014,0.0,0.38996781744415066,-0.024999999999999994,0.0,0.38999999999999996,3.0,129.70136471879516,0.0535094275706559,True,False,False
6.735,0.3226383221387252,0.5268781572610323,0.041393274968455115,0.01193160100280924,-0.20455614699255534,0.0,-0.015935976414215076,0.29763832203905505,0.0,0.3899919803499203,-0.024999999999999994,0.0,0.38999999999999996,3.0,129.70136077264397,0.05353826422714925,True,False,False
6.74,0.3224349253147843,0.5302500370107963,0.04053655172499829,0.011608381704331296,-0.20455614699255534,0.0,-0.015935976414215076,0.297434924911457,0.0,0.3900161274183024,-0.024999999999999994,0.0,0.38999999999999996,3.0,129.70135683961837,0.05357514391621106,True,False,False
6.745,0.32223584846270364,0.533529161180733,0.039677607005697384,0.011284049961872053,-0.20455614699255534,0.0,-0.015935976414215076,0.29723584594773905,0.0,0.39004025945274146,-0.024999999999999994,0.0,0.38999999999999996,3.0,129.70135291833577,0.05361951998552337,True,False,False
6.75,0.3220411039006395,0.5367152153023358,0.03881654105282216,0.01095863518351723,-0.20707497327684382,0.0,-0.017263896553865905,0.2970410974660133,0.0,0.3900643772338297,-0.024999999999999994,0.0,0.38999999999999996,3.0,129.684390610599,0.05769055481294036,True,False,False
6.755,0.321850703400248,0.5398079189445649,0.037952697719018956,0.01063233977342553,-0.20707497327684382,0.0,-0.017263896553865905,0.296850691242212,0.0,0.39008846550022735,-0.024999999999999994,0.0,0.38999999999999996,3.0,129.6843862838866,0.05760375939629239,True,False,False
6.76,0.3216646582891627,0.5428069973734023,0.037086912864423525,0.01030502051107689,-0.20707497327684382,0.0,-0.017263896553865905,0.2966646386129699,0.0,0.3901125089831273,-0.024999999999999994,0.0,0.38999999999999996,3.0,129.6843820026582,0.05752667182959403,True,False,False
6.765000000000001,0.32148297960434585,0.5457121673672729,0.03621928959954902,0.009976745665939972,-0.20707497327684382,0.0,-0.017263896553865905,0.2964829506221926,0.0,0.3901365083776528,-0.024999999999999994,0.0,0.38999999999999996,3.0,129.6843777649251,0.05745871994209245,True,False,False
6.7700000000000005,0.32130567797079623,0.5485231635140687,0.03534993345351559,0.009647571807077695,-0.20707497327684382,0.0,-0.017263896553865905,0.29630563790178815,0.0,0.3901604643201234,-0.024999999999999994,0.0,0.38999999999999996,3.0,129.68437356879406,0.057399345608491914,True,False,False
6.775,0.32113276360147447,0.551239735326831,0.0344789526740226,0.009317547044348682,-0.20707497327684382,0.0,-0.017263896553865905,0.29613271067160846,0.0,0.3901843773996984,-0.024999999999999994,0.0,0.38999999999999996,3.0,129.68436941246816,0.057348003325696464,True,False,False
6.78,0.3209642462968735,0.5538616451929917,0.03360645855658108,0.00898671349910737,-0.20707497327684382,0.0,-0.017263896553865905,0.29596417873903175,0.0,0.3902082481667528,-0.024999999999999994,0.0,0.38999999999999996,3.0,129.6843652942474,0.05730415924573412,True,False,False
6.785,0.3208001354443362,0.5563886669378549,0.032732565816519364,0.008655109164087588,-0.20707497327684382,0.0,-0.017263896553865905,0.295800051498291,0.0,0.39023207713878144,-0.024999999999999994,0.0,0.38999999999999996,3.0,129.68436121253018,0.05726729051688484,True,False,False
6.79,0.3206404400172025,0.5588205848480178,0.0318573930170201,0.00832276928926836,-0.20707497327684382,0.0,-0.017263896553865905,0.29564033792962957,0.0,0.3902558648045305,-0.024999999999999994,0.0,0.38999999999999996,3.0,129.68435716581408,0.057236884832566656,True,False,False
6.795,0.3204851685738619,0.5611571930434995,0.030981063067385316,0.007989727405561078,-0.20707497327684382,0.0,-0.017263896553865905,0.29548504659836294,0.0,0.39027961162671115,-0.024999999999999994,0.0,0.38999999999999996,3.0,129.6843531526954,0.05721244012018122,True,False,False
6.8,0.3203343292567484,0.5633982950936871,0.03010370380770569,0.007656016074970703,-0.20960095096857495,0.0,-0.018400353891367155,0.29533418565388114,0.0,0.3903033180437552,-0.024999999999999994,0.0,0.38999999999999996,3.0,129.6699229291909,0.06121902456027839,True,False,False
6.805,0.3201879296536652,0.5655437184294634,0.029224620406371898,0.00732176402521468,-0.20960095096857495,0.0,-0.018400353891367155,0.29518776270485525,0.0,0.3903269708851669,-0.024999999999999994,0.0,0.38999999999999996,3.0,129.66991861486056,0.06106029631914907,True,False,False
6.8100000000000005,0.3200459769004722,0.5675932975732513,0.02834473935936368,0.006986910443258067,-0.20960095096857495,0.0,-0.018400353891367155,0.2950457849120792,0.0,0.390350556969271,-0.024999999999999994,0.0,0.38999999999999996,3.0,129.6699143740123,0.06090987931427428,True,False,False
6.815,0.3199084778345768,0.5695468706742148,0.027464201421519424,0.006651526241344997,-0.20960095096857495,0.0,-0.018400353891367155,0.29490825912611596,0.0,0.3903740766415325,-0.024999999999999994,0.0,0.38999999999999996,3.0,129.6699102044584,0.06076724397670455,True,False,False
6.82,0.3197754388747082,0.5714042944015677,0.02658315525293641,0.006315670299621406,-0.20960095096857495,0.0,-0.018400353891367155,0.2947751917789466,0.0,0.39039753018769663,-0.024999999999999994,0.0,0.38999999999999996,3.0,129.66990610412287,0.06063187438107598,True,False,False
6.825,0.3196468660214926,0.573165440967339,0.025701758746005218,0.00597939272783666,-0.20960095096857495,0.0,-0.018400353891367155,0.2946465888845511,0.0,0.39042091784567956,-0.024999999999999994,0.0,0.38999999999999996,3.0,129.66990207104146,0.06050326680728895,True,False,False
6.83,0.3195227648576649,0.5748301959882213,0.024820180616663044,0.005642737352945291,-0.20960095096857495,0.0,-0.018400353891367155,0.2945224560391243,0.0,0.3904442398141701,-0.024999999999999994,0.0,0.38999999999999996,3.0,129.66989810336162,0.06038092876231589,True,False,False
6.835,0.31940314054801505,0.5763984569660702,0.023938602334341714,0.005305743593085046,-0.20960095096857495,0.0,-0.018400353891367155,0.2944027984210268,0.0,0.39046749625877675,-0.024999999999999994,0.0,0.38999999999999996,3.0,129.66989419934225,0.0602643783130104,True,False,False
6.84,0.31928799783916223,0.5778701322355503,0.023057220483515203,0.004968447855403855,-0.20960095096857495,0.0,-0.018400353891367155,0.29428762079056314,0.0,0.3904906873163283,-0.024999999999999994,0.0,0.38999999999999996,3.0,129.66989035735384,0.06015314362869768,True,False,False
6.845,0.3191773410592212,0.5792451402551776,0.02217624967593471,0.004630884570122715,-0.20960095096857495,0.0,-0.018400353891367155,0.2941769274896526,0.0,0.39051381309781175,-0.024999999999999994,0.0,0.38999999999999996,3.0,129.66988657587805,0.06004676266522254,True,False,False
6.8500000000000005,0.31907117411741015,0.5805234091593938,0.02129592616898506,0.004293086949918189,-0.2121837074074956,0.0,-0.019340854915216376,0.2940707224414414,0.0,0.3905368736902878,-0.024999999999999994,0.0,0.38999999999999996,3.0,129.65806094694796,0.06405416595572076,True,False,False
6.855,0.3189695003743979,0.581704878724023,0.02041556075633474,0.003955098229889801,-0.2121837074074956,0.0,-0.019340854915216376,0.29396900904009937,0.0,0.3905598580802735,-0.024999999999999994,0.0,0.38999999999999996,3.0,129.65805698452135,0.06380844178392801,True,False,False
6.86,0.3188723227363924,0.5827894965220367,0.019536325486210596,0.0036169473175644484,-0.2121837074074956,0.0,-0.019340854915216376,0.2938717902286605,0.0,0.39058275524116115,-0.024999999999999994,0.0,0.38999999999999996,3.0,129.65805312925522,0.06357011992091374,True,False,False
6.865,0.31877964380113183,0.5837772267144287,0.01865854002011635,0.0032787060716781453,-0.2121837074074956,0.0,-0.019340854915216376,0.2937790686240371,0.0,0.39060556516409595,-0.024999999999999994,0.0,0.38999999999999996,3.0,129.65804937859807,0.06333870740075036,True,False,False
6.87,0.31869146574710455,0.5846680521728399,0.017782570368447,0.00294043376692655,-0.2121837074074956,0.0,-0.019340854915216376,0.2936908464240896,0.0,0.3906282877805937,-0.024999999999999994,0.0,0.38999999999999996,3.0,129.65804573012204,0.06311372455698389,True,False,False
6.875,0.3186077903347637,0.5854619713538151,0.016908840498511445,0.0026021804454388615,-0.2121837074074956,0.0,-0.019340854915216376,0.29360712540883566,0.0,0.3906509229748918,-0.024999999999999994,0.0,0.38999999999999996,3.0,129.6580421815225,0.0628947035454261,True,False,False
6.88,0.3185286189234879,0.5861589785583482,0.016037848869179992,0.002263539355167601,-0.2121837074074956,0.0,-0.019340854915216376,0.2935279069572844,0.0,0.3906734706497981,-0.024999999999999994,0.0,0.38999999999999996,3.0,129.6580387309002,0.06267459392173344,True,False,False
6.885,0.3184539530891668,0.58675830427739,0.015170276529168195,0.0019193232433655548,-0.2121837074074956,0.0,-0.019340854915216376,0.29345319265945574,0.0,0.39069593327038166,-0.024999999999999994,0.0,0.38999999999999996,3.0,129.65803538745436,0.062390123560056444,True,False,False
6.890000000000001,0.31838379470968303,0.5872579125849928,0.014307051880143038,0.0015672714177914309,-0.2121837074074956,0.0,-0.019340854915216376,0.29338298439657395,0.0,0.3907183178046767,-0.024999999999999994,0.0,0.38999999999999996,3.0,129.65803217275314,0.06203903946947456,True,False,False
6.8950000000000005,0.318318144977284,0.5876555018636169,0.013449251810249085,0.001207108239933227,-0.2121837074074956,0.0,-0.019340854915216376,0.29331728335947227,0.0,0.39074063244907786,-0.024999999999999994,0.0,0.38999999999999996,3.0,129.65802910489998,0.06163404911361465,True,False,False
6.9,0.31825700429525566,0.587948780974035,0.012598150108051251,0.00083913446487838,-0.2149005706472929,0.0,-0.020134813737850244,0.29325608994745667,0.0,0.3907628855397386,-0.024999999999999994,0.0,0.38999999999999996,3.0,129.64817389864595,0.06550127275813147,True,False,False
6.905,0.31820037194153067,0.5881358408912714,0.011753892181983713,0.000465868375492146,-0.2149005706472929,0.0,-0.020134813737850244,0.2931994034579194,0.0,0.39078507499811954,-0.024999999999999994,0.0,0.38999999999999996,3.0,129.64817096245176,0.06488339512984301,True,False,False
6.91,0.31814824632013117,0.5882151848413781,0.010919530731048102,8.726019986803968e-05,-0.2149005706472929,0.0,-0.020134813737850244,0.2931472223187471,0.0,0.3908071972748625,-0.024999999999999994,0.0,0.38999999999999996,3.0,129.64816826800754,0.06424095011699263,True,False,False
6.915,0.3181006254059428,0.5881853892097517,0.010097482652259541,0.00029594358360033923,-0.2149005706472929,0.0,-0.020134813737850244,0.2930995445066505,0.0,0.390829257688206,-0.024999999999999994,0.0,0.38999999999999996,3.0,129.64816582152977,0.0635770726274254,True,False,False
6.92,0.31805750649433634,0.5880452443734786,0.009290920030242672,0.0006830000089976777,-0.2149005706472929,0.0,-0.020134813737850244,0.2930563673194915,0.0,0.3908512607846551,-0.024999999999999994,0.0,0.38999999999999996,3.0,129.64816362816296,0.06289416842786498,True,False,False
6.925,0.3180188862215039,0.587793752341299,0.008504082894024349,0.0010731035101895887,-0.2149005706472929,0.0,-0.020134813737850244,0.29301768739689055,0.0,0.3908732103409113,-0.024999999999999994,0.0,0.38999999999999996,3.0,129.6481616921398,0.062195511042145414,True,False,False
6.93,0.31798476035622825,0.5874303934035476,0.007742593990579755,0.0014634470968523882,-0.2149005706472929,0.0,-0.020134813737850244,0.29298350051477273,0.0,0.3908951084735556,-0.024999999999999994,0.0,0.38999999999999996,3.0,129.64816001254752,0.061509170248873216,True,False,False
6.9350000000000005,0.3179551236878468,0.5869554275181111,0.007014190553862817,0.0018520492548040192,-0.2149005706472929,0.0,-0.020134813737850244,0.29295380147710254,0.0,0.3909169545317154,-0.024999999999999994,0.0,0.38999999999999996,3.0,129.64815858107443,0.06084229407365778,True,False,False
6.94,0.31792997044216764,0.586369521114422,0.006329737945603212,0.002237802767652084,-0.2149005706472929,0.0,-0.020134813737850244,0.2929285845292229,0.0,0.3909387462928562,-0.024999999999999994,0.0,0.38999999999999996,3.0,129.6481573891178,0.06019371402742158,True,False,False
6.945,0.3179092943760276,0.5856736087233914,0.005704439132370844,0.0026199281770495717,-0.2149005706472929,0.0,-0.020134813737850244,0.2929078434513781,0.0,0.39096048048280363,-0.024999999999999994,0.0,0.38999999999999996,3.0,129.64815642842382,0.059562409613015226,True,False,False
6.95,0.3178930888226485,0.5848688109747768,0.005159124221292584,0.0029978939889356146,-0.2178501206842535,0.0,-0.02104117394390972,0.29289157160342577,0.0,0.39098215309820705,-0.024999999999999994,0.0,0.38999999999999996,3.0,129.63687029619868,0.0636362469980309,True,False,False
6.955,0.3178813465811624,0.583956365595084,0.004716951761152727,0.0033714103260485354,-0.2178501206842535,0.0,-0.02104117394390972,0.29287976184706277,0.0,0.3910037491258901,-0.024999999999999994,0.0,0.38999999999999996,3.0,129.6368697629415,0.06286833303919115,True,False,False
6.96,0.3178740600448005,0.5829375873466486,0.004412276461418667,0.003740202917844142,-0.2178501206842535,0.0,-0.02104117394390972,0.2928724066431818,0.0,0.3910252532550873,-0.024999999999999994,0.0,0.38999999999999996,3.0,129.63686951631925,0.06211957519314309,True,False,False
6.965,0.3178712213814758,0.5818138540725376,0.004273625590277947,0.004104104457360308,-0.2178501206842535,0.0,-0.02104117394390972,0.29286949819759567,0.0,0.39104666047976255,-0.024999999999999994,0.0,0.38999999999999996,3.0,129.63686954632536,0.06138912035172873,True,False,False
6.97,0.3178728224586505,0.5805866173797893,0.00431595267181664,0.004462711953763484,-0.2178501206842535,0.0,-0.02104117394390972,0.2928710284180348,0.0,0.39106796549084333,-0.024999999999999994,0.0,0.38999999999999996,3.0,129.63686984335442,0.060675539666590804,True,False,False
6.9750000000000005,0.3178788549226863,0.5792574093521551,0.004533230265094349,0.004816046340188388,-0.2178501206842535,0.0,-0.02104117394390972,0.29287698899372394,0.0,0.39108916263346366,-0.024999999999999994,0.0,0.38999999999999996,3.0,129.63687039829546,0.05997794700331712,True,False,False
6.98,0.3178893101487896,0.577827699260615,0.004901379098400554,0.005164396792918823,-0.2178501206842535,0.0,-0.02104117394390972,0.2928873713433387,0.0,0.3911102465021981,-0.024999999999999994,0.0,0.38999999999999996,3.0,129.63687120226254,0.059295866576165535,True,False,False
6.985,0.31790417921499153,0.5762988743163975,0.005388737226401627,0.005508043628405491,-0.2178501206842535,0.0,-0.02104117394390972,0.29290216658858864,0.0,0.3911312120220005,-0.024999999999999994,0.0,0.38999999999999996,3.0,129.63687224656596,0.058628807068470255,True,False,False
6.99,0.3179234528873123,0.5746722445543292,0.005965369080792953,0.005847243703855169,-0.2178501206842535,0.0,-0.02104117394390972,0.29292136553931514,0.0,0.39115205442935885,-0.024999999999999994,0.0,0.38999999999999996,3.0,129.63687352272373,0.05797626398242153,True,False,False
6.995,0.317947121607676,0.5729490506054579,0.006607190001586052,0.006182224108166991,-0.2178501206842535,0.0,-0.02104117394390972,0.2929449586813913,0.0,0.3911727692418808,-0.024999999999999994,0.0,0.38999999999999996,3.0,129.63687502247174,0.05733772143901973,True,False,False
7.0,0.31797517548448845,0.5711304725108745,0.007296299339704751,0.006513180837573566,-0.2208390108143404,0.0,-0.021521107174867042,0.2929729361673119,0.0,0.3911933522236899,-0.024999999999999994,0.0,0.38999999999999996,3.0,129.63124629683207,0.061449166375289445,True,False,False
7.005,0.3180076042437943,0.569217664274185,0.008018739302231414,0.0068401097544207035,-0.2208390108143404,0.0,-0.021521107174867042,0.293005287787755,0.0,0.3912137940125383,-0.024999999999999994,0.0,0.38999999999999996,3.0,129.63124840161038,0.06066618514386023,True,False,False
7.01,0.31804439727038625,0.5672117252046823,0.008766631877491772,0.007163376394542154,-0.2208390108143404,0.0,-0.021521107174867042,0.2930420029935386,0.0,0.39123408546756827,-0.024999999999999994,0.0,0.38999999999999996,3.0,129.63125078857658,0.05990005554277803,True,False,False
7.015000000000001,0.3180855436388376,0.5651136888403318,0.009533355289848248,0.007483085814247508,-0.2208390108143404,0.0,-0.021521107174867042,0.2930830709057108,0.0,0.3912542229496645,-0.024999999999999994,0.0,0.38999999999999996,3.0,129.6312534471804,0.059150184282812775,True,False,False
7.0200000000000005,0.31813103211006105,0.5629245580660506,0.010314125018884174,0.00779936713105343,-0.2208390108143404,0.0,-0.021521107174867042,0.29312848033187017,0.0,0.39127420294601006,-0.024999999999999994,0.0,0.38999999999999996,3.0,129.6312563671521,0.05841602767726516,True,False,False
7.025,0.3181808512129609,0.5606452853362377,0.011105419611737501,0.008112426049758023,-0.2208390108143404,0.0,-0.021521107174867042,0.29317821984746223,0.0,0.3912940221421519,-0.024999999999999994,0.0,0.38999999999999996,3.0,129.6312595385011,0.057696981507722005,True,False,False
7.03,0.31823498913921816,0.5582767714559728,0.011904582952120834,0.00842240553922913,-0.2208390108143404,0.0,-0.021521107174867042,0.29323227769044113,0.0,0.39131367743082623,-0.024999999999999994,0.0,0.38999999999999996,3.0,129.63126295155325,0.05699238640866156,True,False,False
7.035,0.3182934337104898,0.5558198865129251,0.012709583555924294,0.008729380344500194,-0.2208390108143404,0.0,-0.021521107174867042,0.29329064172872105,0.0,0.3913331658309846,-0.024999999999999994,0.0,0.38999999999999996,3.0,129.6312665969611,0.05630158183880605,True,False,False
7.04,0.3183561723723987,0.5532754867171085,0.013518842451889841,0.009033375385865555,-0.2208390108143404,0.0,-0.021521107174867042,0.2933532994543856,0.0,0.3913524844216158,-0.024999999999999994,0.0,0.38999999999999996,3.0,129.6312704657061,0.05562390895223761,True,False,False
7.045,0.3184231921788647,0.5506444357326663,0.014331095295505698,0.009334249549786112,-0.2208390108143404,0.0,-0.021521107174867042,0.29342023796834615,0.0,0.3913716302563032,-0.024999999999999994,0.0,0.38999999999999996,3.0,129.63127454912208,0.05495847447087871,True,False,False
7.05,0.31849447969096695,0.547927693137766,0.015145300730286889,0.009631595939466631,-0.22384072880163156,0.0,-0.02155996515882898,0.2934914438807495,0.0,0.39139060000546433,-0.024999999999999994,0.0,0.38999999999999996,3.0,129.63149270373006,0.05904537428944657,True,False,False
7.055,0.31857002112031474,0.5451262382954671,0.01596072557977623,0.009925675925417533,-0.22384072880163156,0.0,-0.02155996515882898,0.293566903451827,0.0,0.3914093905463293,-0.024999999999999994,0.0,0.38999999999999996,3.0,129.63149755366925,0.05823134355792725,True,False,False
7.0600000000000005,0.3186498023682578,0.5422410249552673,0.01677666274286848,0.010216344297941606,-0.22384072880163156,0.0,-0.02155996515882898,0.2936466026314627,0.0,0.3914279988643038,-0.024999999999999994,0.0,0.38999999999999996,3.0,129.6315026791871,0.05743207768490805,True,False,False
7.065,0.31873380896331077,0.539273026070445,0.0175925718758325,0.010503635416899207,-0.22384072880163156,0.0,-0.02155996515882898,0.2937305269986417,0.0,0.3914464215942943,-0.024999999999999994,0.0,0.38999999999999996,3.0,129.63150806943145,0.056647072096066245,True,False,False
7.07,0.3188220261267941,0.5362232072712155,0.018408010298313984,0.01078751993515426,-0.22384072880163156,0.0,-0.02155996515882898,0.293818661825407,0.0,0.3914646554034933,-0.024999999999999994,0.0,0.38999999999999996,3.0,129.6315137138695,0.055875652183016426,True,False,False
7.075,0.31891443899323,0.533092568420991,0.01922265078129892,0.011067912766316822,-0.22384072880163156,0.0,-0.02155996515882898,0.29391099229812806,0.0,0.3914826967963685,-0.024999999999999994,0.0,0.38999999999999996,3.0,129.63151960245665,0.055116708246994425,True,False,False
7.08,0.3190110325933521,0.5298820580084637,0.020036192255045614,0.011345190047262352,-0.22384072880163156,0.0,-0.02155996515882898,0.2940075034989246,0.0,0.3915005424553688,-0.024999999999999994,0.0,0.38999999999999996,3.0,129.63152572559153,0.054369645570041474,True,False,False
7.085,0.3191117916983967,0.5265925194142356,0.020848364786935594,0.011619682899294602,-0.22384072880163156,0.0,-0.02155996515882898,0.29410818024876995,0.0,0.3915181894741664,-0.024999999999999994,0.0,0.38999999999999996,3.0,129.63153207398884,0.05363392451256781,True,False,False
7.09,0.3192167008060698,0.5232247106111462,0.02165892710638746,0.011891659455757174,-0.22384072880163156,0.0,-0.02155996515882898,0.2942130070936869,0.0,0.39153563528144963,-0.024999999999999994,0.0,0.38999999999999996,3.0,129.63153863867365,0.05290901169064453,True,False,False
7.095,0.31932574413234377,0.519779319878362,0.02246766210604411,0.012161340346714079,-0.22384072880163156,0.0,-0.02155996515882898,0.2943219682967294,0.0,0.39155287757971685,-0.024999999999999994,0.0,0.38999999999999996,3.0,129.63154541097862,0.05219438129888272,True,False,False
7.1000000000000005,0.3194389056052951,0.5162569776896456,0.02327437308773674,0.012428910133505812,-0.22684787305725823,0.0,-0.02127278959054789,0.2944350478319536,0.0,0.39156991429897664,-0.024999999999999994,0.0,0.38999999999999996,3.0,129.636087600049,0.05622735651143736,True,False,False
7.105,0.31955616888023625,0.5126581894198591,0.02407913642803402,0.012695060832270741,-0.22684787305725823,0.0,-0.02127278959054789,0.2945522293764874,0.0,0.39158674822540607,-0.024999999999999994,0.0,0.38999999999999996,3.0,129.6360952957068,0.055361800559940715,True,False,False
7.11,0.3196775172720807,0.5089834212519216,0.024881494444721482,0.01295936154326577,-0.22684787305725823,0.0,-0.02127278959054789,0.2946734962652199,0.0,0.3916033823037255,-0.024999999999999994,0.0,0.38999999999999996,3.0,129.63610326158906,0.05450948480357477,True,False,False
7.115,0.31980293375395125,0.5052331929705444,0.025681295767216512,0.0132218837221931,-0.22684787305725823,0.0,-0.02127278959054789,0.29479883151335423,0.0,0.3916198149052918,-0.024999999999999994,0.0,0.38999999999999996,3.0,129.63611148644532,0.0536698432130031,True,False,False
7.12,0.31993240099837833,0.5014080036873555,0.026478400476511208,0.013482700068865757,-0.22684787305725823,0.0,-0.02127278959054789,0.2949282178349314,0.0,0.39163604448344314,-0.024999999999999994,0.0,0.38999999999999996,3.0,129.63611995938172,0.05284232614134315,True,False,False
7.125,0.32006590137712176,0.4975083316844442,0.02727267826354052,0.013741883061960898,-0.22684787305725823,0.0,-0.02127278959054789,0.29506163764261273,0.0,0.3916520695742922,-0.024999999999999994,0.0,0.38999999999999996,3.0,129.63612866985395,0.052026398892403375,True,False,False
7.13,0.32020341696077775,0.4935346346636507,0.02806400692973972,0.013999503740873602,-0.22684787305725823,0.0,-0.02127278959054789,0.2951990730472564,0.0,0.391667888795897,-0.024999999999999994,0.0,0.38999999999999996,3.0,129.63613760766046,0.05122154074610162,True,False,False
7.135,0.3203449295182111,0.48948735029871665,0.02885227116049256,0.014255630736047905,-0.22684787305725823,0.0,-0.02127278959054789,0.29534050585732735,0.0,0.39168350084623293,-0.024999999999999994,0.0,0.38999999999999996,3.0,129.63614676293426,0.050427244283110385,True,False,False
7.140000000000001,0.3204904205158887,0.48536689703693153,0.029637361516898632,0.0145103295231212,-0.22684787305725823,0.0,-0.02127278959054789,0.29548591757821546,0.0,0.39169890450010747,-0.024999999999999994,0.0,0.38999999999999996,3.0,129.6361561261375,0.04964301490443085,True,False,False
7.1450000000000005,0.32063987111715625,0.481173675090642,0.030419173602941472,0.014763661867024231,-0.22684787305725823,0.0,-0.02127278959054789,0.2956352894115018,0.0,0.3917140986054063,-0.024999999999999994,0.0,0.38999999999999996,3.0,129.6361656880528,0.04886837047758549,True,False,False
7.15,0.3207932621815022,0.47690806755802007,0.031197607374277868,0.015015685421557701,-0.2298629250149742,0.0,-0.020788962786442905,0.2957886022542181,0.0,0.3917290820787565,-0.024999999999999994,0.0,0.38999999999999996,3.0,129.643321580903,0.05284552717340593,True,False,False
7.155,0.3209505743100533,0.4725703543181944,0.03197283026832873,0.015267064585118067,-0.2298629250149742,0.0,-0.020788962786442905,0.2959458367054073,0.0,0.39174386106643966,-0.024999999999999994,0.0,0.38999999999999996,3.0,129.64333221677927,0.05191857295017592,True,False,False
7.16,0.3211117877533172,0.4681608038201946,0.03274445144069319,0.015517202459875671,-0.2298629250149742,0.0,-0.020788962786442905,0.29610697301162936,0.0,0.39175844176478836,-0.024999999999999994,0.0,0.38999999999999996,3.0,129.64334311464805,0.05100431419385905,True,False,False
7.165,0.32127688238641905,0.4636797723528701,0.03351238140040005,0.015766096295784147,-0.2298629250149742,0.0,-0.020788962786442905,0.2962719910820475,0.0,0.39177282320430645,-0.024999999999999994,0.0,0.38999999999999996,3.0,129.64335426246657,0.050102236007209464,True,False,False
7.17,0.32144583777921065,0.4591276153993079,0.03427653391864378,0.01601375387136973,-0.2298629250149742,0.0,-0.020788962786442905,0.29644087052019713,0.0,0.39178700441983216,-0.024999999999999994,0.0,0.38999999999999996,3.0,129.6433656485628,0.04921183997507401,True,False,False
7.175,0.3216186331976763,0.4545046851652536,0.03503682549473292,0.01626018969530582,-0.2298629250149742,0.0,-0.020788962786442905,0.29661359062532705,0.0,0.3918009844602378,-0.024999999999999994,0.0,0.38999999999999996,3.0,129.6433772616265,0.048332642307195084,True,False,False
7.18,0.32179524760490297,0.4498113290938168,0.03579317493717879,0.01650542212698067,-0.2298629250149742,0.0,-0.020788962786442905,0.2967901303933248,0.0,0.3918147623943116,-0.024999999999999994,0.0,0.38999999999999996,3.0,129.6433890907016,0.04746417254671606,True,False,False
7.1850000000000005,0.32197565966173114,0.4450478890784171,0.03654550303313308,0.01674947122899544,-0.2298629250149742,0.0,-0.020788962786442905,0.29697046851733744,0.0,0.39182833731382916,-0.024999999999999994,0.0,0.38999999999999996,3.0,129.64340112517783,0.046605972660739375,True,False,False
7.19,0.3221598477272029,0.44021470121580075,0.03729373228579141,0.016992357189821398,-0.2298629250149742,0.0,-0.020788962786442905,0.2971545833882007,0.0,0.39184170833451265,-0.024999999999999994,0.0,0.38999999999999996,3.0,129.64341335478343,0.04575759638853494,True,False,False
7.195,0.3223477898588907,0.43531209593993203,0.038037786704335295,0.017234099183510664,-0.2298629250149742,0.0,-0.020788962786442905,0.2973424530947586,0.0,0.39185487459546475,-0.024999999999999994,0.0,0.38999999999999996,3.0,129.6434257695766,0.044918608763659794,True,False,False
7.2,0.32253946381316845,0.4303403984381454,0.038777591634759155,0.017474714560437397,-0.23287397156802137,0.0,-0.020207324850738975,0.2975340554241319,0.0,0.391867835257507,-0.024999999999999994,0.0,0.38999999999999996,3.0,129.65188574924358,0.04882073521914353,True,False,False
7.205,0.3227348471018271,0.42529983679370276,0.03951328972355159,0.017714865000073455,-0.23287397156802137,0.0,-0.020207324850738975,0.29772936786934295,0.0,0.3918805979086527,-0.024999999999999994,0.0,0.38999999999999996,3.0,129.65189937554476,0.04782957314804609,True,False,False
7.21,0.3229339168898405,0.4201906386943454,0.04024456337138966,0.01795387986978457,-0.23287397156802137,0.0,-0.020207324850738975,0.2979283675749539,0.0,0.3918931701428796,-0.024999999999999994,0.0,0.38999999999999996,3.0,129.65191324961995,0.04685103448348467,True,False,False
7.215,0.32313664996182184,0.4150131351549239,0.04097134148340179,0.018191721681041068,-0.23287397156802137,0.0,-0.020207324850738975,0.29813103135343694,0.0,0.3919055511048374,-0.024999999999999994,0.0,0.38999999999999996,3.0,129.65192735849044,0.04588464626955952,True,False,False
7.22,0.3233430228036234,0.4097676661125688,0.04169355453972301,0.018428365024800435,-0.23287397156802137,0.0,-0.020207324850738975,0.2983373357183537,0.0,0.3919177399044633,-0.024999999999999994,0.0,0.38999999999999996,3.0,129.65194168956648,0.0449299506289054,True,False,False
7.2250000000000005,0.32355301160467687,0.40445457752517555,0.042411134324783356,0.01866379271639254,-0.23287397156802137,0.0,-0.020207324850738975,0.29854725688662714,0.0,0.3919297356282847,-0.024999999999999994,0.0,0.38999999999999996,3.0,129.6519562306383,0.04398650290048734,True,False,False
7.23,0.323766592259897,0.3990742194504934,0.043124013726226935,0.01889799287626274,-0.23287397156802137,0.0,-0.020207324850738975,0.29876077078039764,0.0,0.39194153734684617,-0.024999999999999994,0.0,0.38999999999999996,3.0,129.65197096986745,0.04305387035046518,True,False,False
7.235,0.32398374037126243,0.3936269448596221,0.04383212658564894,0.01913095675370939,-0.23287397156802137,0.0,-0.020207324850738975,0.2989778530285719,0.0,0.39195314411928417,-0.024999999999999994,0.0,0.38999999999999996,3.0,129.6519858957789,0.04213163127090999,True,False,False
7.24,0.3242044312491903,0.3881131089775707,0.044535407587832324,0.019362677127739203,-0.23287397156802137,0.0,-0.020207324850738975,0.2991984789681771,0.0,0.39196455499576055,-0.024999999999999994,0.0,0.38999999999999996,3.0,129.65200099725294,0.041219374340805005,True,False,False
7.245,0.32442863991378745,0.38253306902303336,0.04523379217860507,0.019593147149049483,-0.23287397156802137,0.0,-0.020207324850738975,0.2994226236456022,0.0,0.39197576901836556,-0.024999999999999994,0.0,0.38999999999999996,3.0,129.65201626351708,0.04031669816471847,True,False,False
7.25,0.3246563410960393,0.37688718422136624,0.04592721650403035,0.019822359515104315,-0.235860367873648,0.0,-0.019562591122459845,0.2996502618177811,0.0,0.39198678522089947,-0.024999999999999994,0.0,0.38999999999999996,3.0,129.66131722167432,0.04411341435676109,True,False,False
7.255,0.32488750929834825,0.37117572079177436,0.04661578552886762,0.020050971769369152,-0.235860367873648,0.0,-0.019562591122459845,0.29988136795614884,0.0,0.39199761183059795,-0.024999999999999994,0.0,0.38999999999999996,3.0,129.66133381470664,0.04306055058282608,True,False,False
7.26,0.32512211868980034,0.3653989512352341,0.04729924306863796,0.020278271264839734,-0.235860367873648,0.0,-0.019562591122459845,0.30011591619752326,0.0,0.3920082570526934,-0.024999999999999994,0.0,0.38999999999999996,3.0,129.66135063280717,0.042020555814307414,True,False,False
7.265000000000001,0.32536014307073313,0.35955726025689205,0.04797752726760309,0.020504200287159477,-0.235860367873648,0.0,-0.019562591122459845,0.3003538803661104,0.0,0.3920187198227275,-0.024999999999999994,0.0,0.38999999999999996,3.0,129.6613676620342,0.04099298607932202,True,False,False
7.2700000000000005,0.3256015559584122,0.3536510471035545,0.04865057744835934,0.020728714377803287,-0.235860367873648,0.0,-0.019562591122459845,0.30059523400308796,0.0,0.3920289990175995,-0.024999999999999994,0.0,0.38999999999999996,3.0,129.6613848888605,0.03997741119934297,True,False,False
7.275,0.3258463305902228,0.34768072233213554,0.049318333916682125,0.020951778494531927,-0.235860367873648,0.0,-0.019562591122459845,0.30083995036971917,0.0,0.39203909346811644,-0.024999999999999994,0.0,0.38999999999999996,3.0,129.66140230016302,0.038973412968398624,True,False,False
7.28,0.32609443992692083,0.3416467060695739,0.04998073815379202,0.021173357213771546,-0.235860367873648,0.0,-0.019562591122459845,0.30108800245056067,0.0,0.3920490019656684,-0.024999999999999994,0.0,0.38999999999999996,3.0,129.66141988321544,0.03798058427755119,True,False,False
7.285,0.3263458566586698,0.3355494299032316,0.05063773291570316,0.02139341204493555,-0.235860367873648,0.0,-0.019562591122459845,0.301339362959542,0.0,0.39205872325515984,-0.024999999999999994,0.0,0.38999999999999996,3.0,129.66143762567853,0.036998528326609006,True,False,False
7.29,0.3266005532057012,0.32938933331168285,0.05128926097701117,0.021611923389534056,-0.235860367873648,0.0,-0.019562591122459845,0.30159400434053907,0.0,0.39206825604845685,-0.024999999999999994,0.0,0.38999999999999996,3.0,129.66145551559217,0.0360268566130956,True,False,False
7.295,0.32685850171850966,0.32316686105298104,0.051935265688878844,0.02182887333244841,-0.235860367873648,0.0,-0.019562591122459845,0.30185189876750357,0.0,0.3920775990341223,-0.024999999999999994,0.0,0.38999999999999996,3.0,129.6614735413676,0.035065189330532244,True,False,False
7.3,0.32711967407976134,0.31688246295885497,0.05257569097829447,0.022044244294935563,-0.23879280778905543,0.0,-0.018859583437178966,0.30211301814636227,0.0,0.39208675087802913,-0.024999999999999994,0.0,0.38999999999999996,3.0,129.6715455527841,0.038715258586924504,True,False,False
7.305,0.32738404196545307,0.3105364967658953,0.053210609670575476,0.022258697440100558,-0.23879280778905543,0.0,-0.018859583437178966,0.3023773341126256,0.0,0.39209572015017746,-0.024999999999999994,0.0,0.38999999999999996,3.0,129.67156498726203,0.03760747035874011,True,False,False
7.3100000000000005,0.3276515767410419,0.30412932923933217,0.05383981546261854,0.022471498018745106,-0.23879280778905543,0.0,-0.018859583437178966,0.30264481799028026,0.0,0.392104515385312,-0.024999999999999994,0.0,0.38999999999999996,3.0,129.6715846138991,0.03651295027960684,True,False,False
7.315,0.32792224942689124,0.29766144340365597,0.05446325398780238,0.022682581608193333,-0.23879280778905543,0.0,-0.018859583437178966,0.3029154408215398,0.0,0.39211313511341067,-0.024999999999999994,0.0,0.38999999999999996,3.0,129.67160441790708,0.035431273222135025,True,False,False
7.32,0.3281960307844971,0.29113333866459135,0.05508087196245,0.02289189770539579,-0.23879280778905543,0.0,-0.018859583437178966,0.30318917338991236,0.0,0.39212157779602985,-0.024999999999999994,0.0,0.38999999999999996,3.0,129.67162438494205,0.03436202683698885,True,False,False
7.325,0.32847289132032575,0.2845455273520919,0.055692617022452,0.023099405953877997,-0.23879280778905543,0.0,-0.018859583437178966,0.30346598622395116,0.0,0.3921298418395844,-0.024999999999999994,0.0,0.38999999999999996,3.0,129.67164450109453,0.033304809801012546,True,False,False
7.33,0.3287528012892057,0.2778985322630325,0.056298437607209886,0.023305073270361895,-0.23879280778905543,0.0,-0.018859583437178966,0.3037458496005817,0.0,0.3921379256048051,-0.024999999999999994,0.0,0.38999999999999996,3.0,129.67166475288053,0.03225923062416953,True,False,False
7.335,0.3290357306973737,0.27119288489618326,0.05689828287804241,0.023508871686338313,-0.23879280778905543,0.0,-0.018859583437178966,0.30402873354809984,0.0,0.3921458274134126,-0.024999999999999994,0.0,0.38999999999999996,3.0,129.67168512723205,0.031224906834587687,True,False,False
7.34,0.32932164930529323,0.26442912422516474,0.0574921026615921,0.02371077674523265,-0.23879280778905543,0.0,-0.018859583437178966,0.30431460784895525,0.0,0.39215354555265064,-0.024999999999999994,0.0,0.38999999999999996,3.0,129.67170561148865,0.030201464419189472,True,False,False
7.345,0.3296105266303177,0.25760779586803345,0.058079847411312654,0.02391076632428983,-0.23879280778905543,0.0,-0.018859583437178966,0.304603442042389,0.0,0.3921610782782845,-0.024999999999999994,0.0,0.38999999999999996,3.0,129.67172619338857,0.029188537437315178,True,False,False
7.3500000000000005,0.3299023319492609,0.25072945155452625,0.058661468182006286,0.024108819777108617,-0.24163465570096487,0.0,-0.01808648756775524,0.3048952054269848,0.0,0.3921684238164691,-0.024999999999999994,0.0,0.38999999999999996,3.0,129.6827171131219,0.032641428669472006,True,False,False
7.355,0.3301970343585843,0.2437945498843546,0.059237011959304725,0.024305608308278027,-0.24163465570096487,0.0,-0.01808648756775524,0.3051898670497539,0.0,0.39217559115412254,-0.024999999999999994,0.0,0.38999999999999996,3.0,129.68273914114224,0.031488692671243206,True,False,False
7.36,0.33049460267312,0.23680355911698486,0.05980631423768867,0.024500383498452485,-0.24163465570096487,0.0,-0.01808648756775524,0.30548739567536276,0.0,0.39218258923749605,-0.024999999999999994,0.0,0.38999999999999996,3.0,129.68276131752995,0.03034963583489747,True,False,False
7.365,0.33079500539348966,0.2297570654780247,0.06036932785049348,0.024693082085164908,-0.24163465570096487,0.0,-0.01808648756775524,0.3057877598252843,0.0,0.39218941614337877,-0.024999999999999994,0.0,0.38999999999999996,3.0,129.68278362690504,0.029223846789213942,True,False,False
7.37,0.3310982107910193,0.22265567118742655,0.060926006695784136,0.024883655048935256,-0.24163465570096487,0.0,-0.01808648756775524,0.30609092779190156,0.0,0.3921960698786966,-0.024999999999999994,0.0,0.38999999999999996,3.0,129.68280605436297,0.02811092621168715,True,False,False
7.375,0.3314041869120176,0.21549999091678773,0.061476305590041344,0.025072063901151968,-0.24163465570096487,0.0,-0.01808648756775524,0.30639686764269036,0.0,0.3922025483941688,-0.024999999999999994,0.0,0.38999999999999996,3.0,129.68282858546297,0.027010485148439775,True,False,False
7.38,0.3317129015816006,0.2082906492063526,0.06202018016425614,0.025258277850181508,-0.24163465570096487,0.0,-0.01808648756775524,0.30670554722397203,0.0,0.392208849594219,-0.024999999999999994,0.0,0.38999999999999996,3.0,129.68285120621846,0.0259221438777111,True,False,False
7.385,0.33202432240716984,0.20102827857717878,0.06255758679078673,0.025442271665296563,-0.24163465570096487,0.0,-0.01808648756775524,0.30701693416433606,0.0,0.3922149713441023,-0.024999999999999994,0.0,0.38999999999999996,3.0,129.6828739030872,0.024845531140907436,True,False,False
7.390000000000001,0.3323384167816454,0.1937135181749991,0.0630884825324542,0.025624024082893576,-0.24163465570096487,0.0,-0.01808648756775524,0.3073309958778312,0.0,0.39222091147495175,-0.024999999999999994,0.0,0.38999999999999996,3.0,129.68289666296164,0.023780283621862235,True,False,False
7.3950000000000005,0.3326551518865348,0.1863470128147293,0.06361282510767473,0.025803516627329798,-0.24163465570096487,0.0,-0.01808648756775524,0.30764769956700233,0.0,0.392226667787272,-0.024999999999999994,0.0,0.38999999999999996,3.0,129.6829194731595,0.022726045593845022,True,False,False
7.4,0.332974494694893,0.17892941231683748,0.06413057286713587,0.0259807327448952,-0.24434387201003227,0.0,-0.017226976361674223,0.30796701222582507,0.0,0.3922322380532994,-0.024999999999999994,0.0,0.38999999999999996,3.0,129.6950346974864,0.025924643686946594,True,False,False
7.405,0.33329641202858157,0.17146127036460707,0.06464175010839422,0.026156360076815308,-0.24434387201003227,0.0,-0.017226976361674223,0.3082889006174208,0.0,0.3922376318636083,-0.024999999999999994,0.0,0.38999999999999996,3.0,129.69505893678675,0.024739268590556626,True,False,False
7.41,0.3336208704615254,0.16394314918203945,0.06514623084035899,0.026329642832045478,-0.24434387201003227,0.0,-0.017226976361674223,0.3086133312564796,0.0,0.39224285876958387,-0.024999999999999994,0.0,0.38999999999999996,3.0,129.69508327016385,0.023567893876920876,True,False,False
7.415,0.3339478362903978,0.1563757288098885,0.0656439752890639,0.026500525159204272,-0.24434387201003227,0.0,-0.017226976361674223,0.30894027045998385,0.0,0.39224791640217593,-0.024999999999999994,0.0,0.38999999999999996,3.0,129.69510768201474,0.02241012025932366,True,False,False
7.42,0.3342772756160457,0.14875970321666596,0.06613494472714554,0.026668965147046454,-0.24434387201003227,0.0,-0.017226976361674223,0.3092696843492663,0.0,0.3922528023276867,-0.024999999999999994,0.0,0.38999999999999996,3.0,129.6951321572379,0.02126555992988234,True,False,False
7.425,0.33460915434798466,0.14109577680643165,0.06661910134171474,0.0268349312595458,-0.24434387201003227,0.0,-0.017226976361674223,0.30960153885440683,0.0,0.39225751406116066,-0.024999999999999994,0.0,0.38999999999999996,3.0,129.69515668122065,0.020133834971489323,True,False,False
7.43,0.3349434382084475,0.13338466187765283,0.06709640814025514,0.026998399607912303,-0.24434387201003227,0.0,-0.017226976361674223,0.3099357997182042,0.0,0.39226204907619294,-0.024999999999999994,0.0,0.38999999999999996,3.0,129.6951812398287,0.019014576288638313,True,False,False
7.4350000000000005,0.3352800927360855,0.12562707672098872,0.06756682888403077,0.02715935188818239,-0.24434387201003227,0.0,-0.017226976361674223,0.31027243249981923,0.0,0.392266404812087,-0.024999999999999994,0.0,0.38999999999999996,3.0,129.69520581939491,0.017907422888783636,True,False,False
7.44,0.3356190832894296,0.11782374425807712,0.06803032804134697,0.027317773836447817,-0.24434387201003227,0.0,-0.017226976361674223,0.31061140257818987,0.0,0.3922705786789339,-0.024999999999999994,0.0,0.38999999999999996,3.0,129.69523040671004,0.016812021400093052,True,False,False
7.445,0.33596037505017573,0.10997539106910469,0.06848687075511077,0.027473654080181563,-0.24434387201003227,0.0,-0.017226976361674223,0.31095267515528047,0.0,0.39227456806126854,-0.024999999999999994,0.0,0.38999999999999996,3.0,129.69525498901092,0.01572802574865584,True,False,False
7.45,0.336303933026359,0.10208274666650675,0.06893642282068774,0.027626983288989743,-0.24687489974144744,0.0,-0.016265693494768443,0.3112962152592268,0.0,0.3922783703205446,-0.024999999999999994,0.0,0.38999999999999996,3.0,129.70868512306615,0.01861123898390909,True,False,False
7.455,0.33664972210375865,0.0941464407701746,0.06937898556111041,0.02777846715396435,-0.24687489974144744,0.0,-0.016265693494768443,0.3116419877070522,0.0,0.3922819958770437,-0.024999999999999994,0.0,0.38999999999999996,3.0,129.70871105543065,0.017407182216086413,True,False,False
7.46,0.33699770695676523,0.08616710973481763,0.06981447180512566,0.027927346380443054,-0.24687489974144744,0.0,-0.016265693494768443,0.31198995710410793,0.0,0.3922854551164477,-0.024999999999999994,0.0,0.38999999999999996,3.0,129.70873701848404,0.016217280418090625,True,False,False
7.465,0.337347852024683,0.07814550661534063,0.07024284928642305,0.028073575505687322,-0.24687489974144744,0.0,-0.016265693494768443,0.3123400879094028,0.0,0.39228874527717333,-0.024999999999999994,0.0,0.38999999999999996,3.0,129.70876299685267,0.015041147735538773,True,False,False
7.47,0.33770012158648416,0.07008239551285236,0.07066408675342571,0.028217122215653277,-0.24687489974144744,0.0,-0.016265693494768443,0.3126923444217136,0.0,0.3922918635415167,-0.024999999999999994,0.0,0.38999999999999996,3.0,129.7087889756804,0.013878409304598237,True,False,False
7.4750000000000005,0.33805447976533914,0.06197854829277075,0.07107815385094596,0.028357963997567702,-0.24687489974144744,0.0,-0.016265693494768443,0.31304669078401753,0.0,0.3922948070483012,-0.024999999999999994,0.0,0.38999999999999996,3.0,129.7088149406159,0.012728699772137732,True,False,False
7.48,0.3384108905327208,0.053834742207549184,0.07148502103568229,0.02849608557357249,-0.24687489974144744,0.0,-0.016265693494768443,0.3134030909875208,0.0,0.39229757290219064,-0.024999999999999994,0.0,0.38999999999999996,3.0,129.7088408778012,0.011591662301757871,True,False,False
7.485,0.3387693177121798,0.045651758072307695,0.07188465951614395,0.02863147695623601,-0.24687489974144744,0.0,-0.016265693494768443,0.31376150887537496,0.0,0.3923001581804487,-0.024999999999999994,0.0,0.38999999999999996,3.0,129.70886677386045,0.010466947907735072,True,False,False
7.49,0.33912972498287997,0.037430378997896016,0.07227704121017622,0.028764131988205866,-0.24687489974144744,0.0,-0.016265693494768443,0.31412190814616586,0.0,0.3923025599378259,-0.024999999999999994,0.0,0.38999999999999996,3.0,129.7088926158884,0.009354215009805579,True,False,False
7.495,0.3394920758829691,0.029171389419815702,0.07266213871516289,0.028894047252698365,-0.24687489974144744,0.0,-0.016265693494768443,0.314484252357247,0.0,0.39230477521001234,-0.024999999999999994,0.0,0.38999999999999996,3.0,129.7089183914393,0.008253129136643646,True,False,False
7.5,0.3398563338128287,0.020875574496032535,0.07303992528735875,0.029021221264620638,-0.24918048539308546,0.0,-0.015191861538447878,0.31484850492795935,0.0,0.39230680101604404,-0.024999999999999994,0.0,0.38999999999999996,3.0,129.72379177977663,0.010758453947250092,True,False,False
7.505,0.34022246207648726,0.012543616169368893,0.07341037638331054,0.02914637487009016,-0.24918048539308546,0.0,-0.015191861538447878,0.3152146290830633,0.0,0.392308648795388,-0.024999999999999994,0.0,0.38999999999999996,3.0,129.72381876001276,0.009550766421821365,True,False,False
7.51,0.3405904238045456,0.004176201042937235,0.0737734464507319,0.029268749004785405,-0.24918048539308546,0.0,-0.015191861538447878,0.3155825878738435,0.0,0.3923103299581645,-0.024999999999999994,0.0,0.38999999999999996,3.0,129.72384570077142,0.00835716902765056,True,False,False
7.515000000000001,0.3409601819532777,0.004225869851569506,0.07412912869386541,0.02938832478773016,-0.24918048539308546,0.0,-0.015191861538447878,0.3159523442753278,0.0,0.39231184142417863,-0.024999999999999994,0.0,0.38999999999999996,3.0,129.72387258740503,0.007177293100642454,True,False,False
7.5200000000000005,0.34133169981677375,0.012661810432659114,0.07447756383918383,0.029505219038640826,-0.24918048539308546,0.0,-0.015191861538447878,0.31632386159975945,0.0,0.39231318015648675,-0.024999999999999994,0.0,0.38999999999999996,3.0,129.72389940578682,0.006010782914090088,True,False,False
7.525,0.34170494116394784,0.02113085717652327,0.07481876863505992,0.02961944700041632,-0.24918048539308546,0.0,-0.015191861538447878,0.3166971036333644,0.0,0.3923143431955732,-0.024999999999999994,0.0,0.38999999999999996,3.0,129.72392614229716,0.0048572918201052195,True,False,False
7.53,0.3420798696901164,0.029632244362049656,0.07515272093219685,0.02973099631701894,-0.24918048539308546,0.0,-0.015191861538447878,0.31707203408858997,0.0,0.39231532755814924,-0.024999999999999994,0.0,0.38999999999999996,3.0,129.7239527838116,0.003716481016860562,True,False,False
7.535,0.3424564489788715,0.038165203487619995,0.07547939929544864,0.029839859613970385,-0.24918048539308546,0.0,-0.015191861538447878,0.3174486165659768,0.0,0.39231613023533474,-0.024999999999999994,0.0,0.38999999999999996,3.0,129.72397931768904,0.0025880192172283017,True,False,False
7.54,0.34283464250547147,0.0467289644350535,0.0757987829642943,0.02994603313634091,-0.24918048539308546,0.0,-0.015191861538447878,0.3178268145575033,0.0,0.3923167481972918,-0.024999999999999994,0.0,0.38999999999999996,3.0,129.7240057317599,0.0014715822093259723,True,False,False
7.545,0.3432144136400623,0.05532275642059375,0.07611085182513119,0.030049515725061444,-0.24918048539308546,0.0,-0.015191861538447878,0.3182065914497715,0.0,0.3923171783965407,-0.024999999999999994,0.0,0.38999999999999996,3.0,129.72403201431436,0.0003668525625622199,True,False,False
7.55,0.3435957256507851,0.06394580861952216,0.07641558639205345,0.030150308052630498,-0.2512132889030214,0.0,-0.014004564298787412,0.3185879105270842,0.0,0.3923174177702805,-0.024999999999999994,0.0,0.38999999999999996,3.0,129.74034512308125,0.002432846095717145,True,False,False
7.555,0.34397854172979175,0.07259745411743519,0.0767129318951558,0.0302491334048241,-0.2512132889030214,0.0,-0.014004564298787412,0.31897073489108585,0.0,0.39231747902696423,-0.024999999999999994,0.0,0.38999999999999996,3.0,129.7403723981635,0.0012373035872442761,True,False,False
7.5600000000000005,0.34436282493384573,0.08127702163445764,0.0770028883498581,0.03034523472471507,-0.2512132889030214,0.0,-0.014004564298787412,0.3193550275083001,0.0,0.39231737484589985,-0.024999999999999994,0.0,0.38999999999999996,3.0,129.74039955987078,5.555039879248658e-05,True,False,False
7.565,0.34474853818377144,0.08998372650501586,0.07728543813775994,0.030438583990284422,-0.2512132889030214,0.0,-0.014004564298787412,0.31974075131589574,0.0,0.3923171020691835,-0.024999999999999994,0.0,0.38999999999999996,3.0,129.7404265947801,0.0011127593705324013,True,False,False
7.57,0.34513564431128657,0.09871677759428579,0.07756056452538364,0.03052916372579544,-0.2512132889030214,0.0,-0.014004564298787412,0.32012786916185876,0.0,0.39231665749773414,-0.024999999999999994,0.0,0.38999999999999996,3.0,129.7404534899785,0.0022679619007405227,True,False,False
7.575,0.3455241060631092,0.10747537994748427,0.07782825157608654,0.03061696430117708,-0.2512132889030214,0.0,-0.014004564298787412,0.3205163438090151,0.0,0.3923160379015026,-0.024999999999999994,0.0,0.38999999999999996,3.0,129.7404802330496,0.0034103848569670414,True,False,False
7.58,0.34591388610472373,0.11625873672318886,0.07808848408723926,0.03070198185677995,-0.2512132889030214,0.0,-0.014004564298787412,0.32090613793873235,0.0,0.3923152400269587,-0.024999999999999994,0.0,0.38999999999999996,3.0,129.74050681206114,0.004540348200123209,True,False,False
7.585,0.34630494702387593,0.125066050617474,0.07834124754553788,0.030784216727642078,-0.2512132889030214,0.0,-0.014004564298787412,0.32129721415436346,0.0,0.39231426060254226,-0.024999999999999994,0.0,0.38999999999999996,3.0,129.74053321555272,0.005658164731129775,True,False,False
7.59,0.3466972513338741,0.1338965248564006,0.07858652809533195,0.030863672257614726,-0.2512132889030214,0.0,-0.014004564298787412,0.3216895349845066,0.0,0.3923130963425716,-0.024999999999999994,0.0,0.38999999999999996,3.0,129.74055943252364,0.006764140456065659,True,False,False
7.595,0.3470907614767472,0.1427493639596148,0.07882431251630034,0.030940353912741567,-0.2512132889030214,0.0,-0.014004564298787412,0.32208306288613076,0.0,0.3923117439500142,-0.024999999999999994,0.0,0.38999999999999996,3.0,129.74058545242104,0.007858574831034616,True,False,False
7.6000000000000005,0.34748543982630736,0.15162377423838524,0.07905458820785469,0.03101426862153738,-0.25292713975356446,0.0,-0.012712743995201415,0.32247776024760966,0.0,0.3923102001183832,-0.024999999999999994,0.0,0.38999999999999996,3.0,129.75820319667253,0.006290601717676508,True,False,False
7.605,0.34788124869334647,0.16051906631940002,0.07927726593634667,0.031086135507061425,-0.25292713975356446,0.0,-0.012712743995201415,0.32287358928106213,0.0,0.3923084785363605,-0.024999999999999994,0.0,0.38999999999999996,3.0,129.75822993388724,0.007457917400884556,True,False,False
7.61,0.3482781502902686,0.16943454793044538,0.0794923949770663,0.031155214239637335,-0.25292713975356446,0.0,-0.012712743995201415,0.3232705121007993,0.0,0.3923065928678339,-0.024999999999999994,0.0,0.38999999999999996,3.0,129.75825648376986,0.008612035619279083,True,False,False
7.615,0.348676106749706,0.17836941757815067,0.07969996455621586,0.031221487324297796,-0.25292713975356446,0.0,-0.012712743995201415,0.32366849085450894,0.0,0.3923045397309691,-0.024999999999999994,0.0,0.38999999999999996,3.0,129.75828283460396,0.009753276537393225,True,False,False
7.62,0.34907508014872957,0.18732287007385606,0.07989996472658628,0.03128494603781477,-0.25292713975356446,0.0,-0.012712743995201415,0.32406748763412796,0.0,0.3923023157124663,-0.024999999999999994,0.0,0.38999999999999996,3.0,129.7583089751554,0.010881951274440825,True,False,False
7.625,0.3494750325127314,0.19629409871223824,0.08009238629595962,0.031345588158416676,-0.25292713975356446,0.0,-0.012712743995201415,0.32446746447965363,0.0,0.3922999173760627,-0.024999999999999994,0.0,0.38999999999999996,3.0,129.75833489465913,0.011998362935426277,True,False,False
7.63,0.34987592581902416,0.20528229686152158,0.08027722077611107,0.03140341621817547,-0.25292713975356446,0.0,-0.012712743995201415,0.324868383382686,0.0,0.3922973412687608,-0.024999999999999994,0.0,0.38999999999999996,3.0,129.75836058280657,0.013102807306393599,True,False,False
7.635,0.35027772200020807,0.21428665913441367,0.0804544603465588,0.03145843617414855,-0.25292713975356446,0.0,-0.012712743995201415,0.32527020628975084,0.0,0.39229458392534566,-0.024999999999999994,0.0,0.38999999999999996,3.0,129.75838602973323,0.01419557332364755,True,False,False
7.640000000000001,0.35068038294737525,0.22330638222154925,0.08062409782888223,0.03151065640712424,-0.25292713975356446,0.0,-0.012712743995201415,0.3256728951054674,0.0,0.39229164187159044,-0.024999999999999994,0.0,0.38999999999999996,3.0,129.75841122600676,0.015276943391286137,True,False,False
7.6450000000000005,0.3510838705131926,0.23234066546992788,0.08078612666862471,0.03156008697232712,-0.25292713975356446,0.0,-0.012712743995201415,0.3260764116956016,0.0,0.3922885116265107,-0.024999999999999994,0.0,0.38999999999999996,3.0,129.75843616261497,0.016347193597060647,True,False,False
7.65,0.35148814651490007,0.24138871127542189,0.08094054092265587,0.03160673904150034,-0.25427883944089036,0.0,-0.011317893120603646,0.32648071789003885,0.0,0.39228518970388426,-0.024999999999999994,0.0,0.38999999999999996,3.0,129.77732154842002,0.015331543199624827,True,False,False
7.655,0.3518931727136268,0.2504498251353191,0.08108721254817994,0.031651318307106824,-0.25427883944089036,0.0,-0.011317893120603646,0.32688577534416163,0.0,0.3922816907986363,-0.024999999999999994,0.0,0.38999999999999996,3.0,129.7773468724182,0.016454804991398966,True,False,False
7.66,0.35229891080871545,0.25952331058194983,0.08122624403468116,0.03169310686539628,-0.25427883944089036,0.0,-0.011317893120603646,0.3272915456524941,0.0,0.39227802958363445,-0.024999999999999994,0.0,0.38999999999999996,3.0,129.77737193916136,0.017565764694396142,True,False,False
7.665,0.3527053224802088,0.2686083667707564,0.08135763120626181,0.031732096459464294,-0.25427883944089036,0.0,-0.011317893120603646,0.32769799050859183,0.0,0.39227420251282996,-0.024999999999999994,0.0,0.38999999999999996,3.0,129.77739673904716,0.018664710335069598,True,False,False
7.67,0.3531123693850339,0.2777041915033919,0.08148137065366948,0.03176828562690883,-0.25427883944089036,0.0,-0.011317893120603646,0.32810507158259683,0.0,0.3922702060174662,-0.024999999999999994,0.0,0.38999999999999996,3.0,129.77742126291008,0.01975192169482793,True,False,False
7.675,0.35352001316062676,0.28680998292225923,0.08159745967973449,0.031801677915084446,-0.25427883944089036,0.0,-0.011317893120603646,0.3285127505248048,0.0,0.3922660365126849,-0.024999999999999994,0.0,0.38999999999999996,3.0,129.77744550200896,0.020827671147695938,True,False,False
7.68,0.3539282154283362,0.2959249407415082,0.08170589626064668,0.03183228050427451,-0.25427883944089036,0.0,-0.011317893120603646,0.328920988969022,0.0,0.39226169040236436,-0.024999999999999994,0.0,0.38999999999999996,3.0,129.77746944801453,0.0218922242287692,True,False,False
7.6850000000000005,0.35433693779664555,0.30504826711402,0.08180667901854241,0.03186010315924689,-0.25427883944089036,0.0,-0.011317893120603646,0.3293297485357504,0.0,0.39225716408258904,-0.024999999999999994,0.0,0.38999999999999996,3.0,129.77749309299804,0.022945840021784798,True,False,False
7.69,0.3547461418642622,0.31417916726468315,0.08189980720217782,0.03188515743863057,-0.25427883944089036,0.0,-0.011317893120603646,0.32973899083524616,0.0,0.3922524539441123,-0.024999999999999994,0.0,0.38999999999999996,3.0,129.77751642941925,0.023988771425533705,True,False,False
7.695,0.3551557892231145,0.3233168499201707,0.08198528067340136,0.03190745610314574,-0.25427883944089036,0.0,-0.011317893120603646,0.33014867747049104,0.0,0.3922475563740341,-0.024999999999999994,0.0,0.38999999999999996,3.0,129.7775394501153,0.025021265339247832,True,False,False
7.7,0.3555658414612791,0.3324605275776478,0.082063099897798,0.0319270126752358,-0.25522960287605484,0.0,-0.00982506633197394,0.33055877004009704,0.0,0.39224246775692917,-0.024999999999999994,0.0,0.38999999999999996,3.0,129.79760834937565,0.024605382569979295,True,False,False
7.705,0.35597626011161076,0.3416095129399675,0.08213309373252978,0.031944509657104644,-0.25522960287605484,0.0,-0.00982506633197394,0.33096922996570216,0.0,0.39223720376233717,-0.024999999999999994,0.0,0.38999999999999996,3.0,129.79763138558724,0.025669347165205435,True,False,False
7.71,0.35638700668117135,0.3507631171927426,0.08219542175662022,0.03195925799274363,-0.25522960287605484,0.0,-0.00982506633197394,0.33138001864445615,0.0,0.39223178003898485,-0.024999999999999994,0.0,0.38999999999999996,3.0,129.79765410282707,0.02672220630082281,True,False,False
7.715,0.356798042722057,0.35992055273404217,0.08225008612812178,0.031971257408409504,-0.25522960287605484,0.0,-0.00982506633197394,0.331791097640285,0.0,0.39222619292322525,-0.024999999999999994,0.0,0.38999999999999996,3.0,129.79767649390348,0.02776420935862542,True,False,False
7.72,0.3572093297944274,0.3690810325871276,0.08229708971371544,0.03198051227966453,-0.25522960287605484,0.0,-0.00982506633197394,0.3322024285247808,0.0,0.3922204387365627,-0.024999999999999994,0.0,0.38999999999999996,3.0,129.79769855199973,0.028795598427001953,True,False,False
7.7250000000000005,0.35762082946986046,0.3782437715447237,0.08233643605149725,0.031987030386076726,-0.25522960287605484,0.0,-0.00982506633197394,0.33261397288051253,0.0,0.3922145137902113,-0.024999999999999994,0.0,0.38999999999999996,3.0,129.79772027066278,0.029816608924884927,True,False,False
7.73,0.35803250333455183,0.38740798699653134,0.08236812932475203,0.03199082194679516,-0.25522960287605484,0.0,-0.00982506633197394,0.33302569230419043,0.0,0.392208414388428,-0.024999999999999994,0.0,0.38999999999999996,3.0,129.79774164379177,0.03082747003025306,True,False,False
7.735,0.358444312992386,0.39657289951512176,0.08239217434354863,0.0319918988843577,-0.25522960287605484,0.0,-0.00982506633197394,0.33343754840970785,0.0,0.3922021368308742,-0.024999999999999994,0.0,0.38999999999999996,3.0,129.79776266562777,0.031828404977643034,True,False,False
7.74,0.35885622006791484,0.40573773327267426,0.08240857653191644,0.03199027426890767,-0.25522960287605484,0.0,-0.00982506633197394,0.33384950283109505,0.0,0.39219567741428923,-0.024999999999999994,0.0,0.38999999999999996,3.0,129.79778333074282,0.03281963126819015,True,False,False
7.745,0.3592681862092681,0.41490171629118766,0.08241734191901909,0.03198596190228519,-0.25522960287605484,0.0,-0.00982506633197394,0.33426151722540776,0.0,0.3921890324336003,-0.024999999999999994,0.0,0.38999999999999996,3.0,129.7978036340298,0.03380136082137714,True,False,False
7.75,0.3596801730910178,0.424064080617769,0.0824184771332038,0.03197897600906752,-0.25574614520304595,0.0,-0.008242106217549844,0.3346735532755726,0.0,0.3921821981826508,-0.024999999999999994,0.0,0.38999999999999996,3.0,129.81893557018319,0.03402439100411166,True,False,False
7.755,0.36009214232794057,0.4332241540068225,0.08241176397675899,0.03196996629724867,-0.25574614520304595,0.0,-0.008242106217549844,0.33508557248166304,0.0,0.3921751912281,-0.024999999999999994,0.0,0.38999999999999996,3.0,129.8189554915129,0.035014691488253216,True,False,False
7.76,0.36050405554432324,0.4423812627081001,0.08239742265780393,0.031958279383192324,-0.25574614520304595,0.0,-0.008242106217549844,0.3354975363549567,0.0,0.39216802811586193,-0.024999999999999994,0.0,0.38999999999999996,3.0,129.8189750443443,0.035995373739137075,True,False,False
7.765000000000001,0.3609158744770126,0.4515346406473769,0.08237546141000214,0.031943921940235834,-0.25574614520304595,0.0,-0.008242106217549844,0.33590940664241137,0.0,0.392160705100034,-0.024999999999999994,0.0,0.38999999999999996,3.0,129.81899422405337,0.036966642219360316,True,False,False
7.7700000000000005,0.3613275609008114,0.4606835240217477,0.08234588912219837,0.03192690302360217,-0.25574614520304595,0.0,-0.008242106217549844,0.3363211451284507,0.0,0.3921532184270642,-0.024999999999999994,0.0,0.38999999999999996,3.0,129.81901302631547,0.03792869520261364,True,False,False
7.775,0.36173907663155547,0.46982715188482743,0.08230871531841275,0.031907233409444805,-0.25574614520304595,0.0,-0.008242106217549844,0.3367327136380136,0.0,0.39214556433815817,-0.024999999999999994,0.0,0.38999999999999996,3.0,129.8190314470959,0.038881725165333274,True,False,False
7.78,0.362150383529115,0.4789647665602993,0.08226395014396043,0.03188492507722706,-0.25574614520304595,0.0,-0.008242106217549844,0.33714407403953106,0.0,0.3921377390710111,-0.024999999999999994,0.0,0.38999999999999996,3.0,129.81904948264008,0.03982591906284563,True,False,False
7.785,0.3625614435003207,0.48809561392376016,0.08221160435591962,0.03185999081182342,-0.25574614520304595,0.0,-0.008242106217549844,0.33755518824783076,0.0,0.39212973886105484,-0.024999999999999994,0.0,0.38999999999999996,3.0,129.81906712946454,0.04076145852856471,True,False,False
7.79,0.36297221850183675,0.49721894359864804,0.08215168931670051,0.03183244390209476,-0.25574614520304595,0.0,-0.008242106217549844,0.3379660182269909,0.0,0.3921215599423077,-0.024999999999999994,0.0,0.38999999999999996,3.0,129.81908438434795,0.04168852002216701,True,False,False
7.795,0.36338267054299644,0.5063340090521531,0.08208421698983491,0.03180229791534319,-0.25574614520304595,0.0,-0.008242106217549844,0.3383765259931589,0.0,0.39211319854793414,-0.024999999999999994,0.0,0.38999999999999996,3.0,129.81910124432224,0.04260727494404632,True,False,False
7.8,0.36379276168861174,0.515440067663838,0.08200919993736547,0.03176956653044347,-0.25580159490080573,0.0,-0.006578497617845417,0.3387866736173435,0.0,0.3921046509105914,-0.024999999999999994,0.0,0.38999999999999996,3.0,129.84115512871907,0.04349890525451121,True,False,False
7.805000000000001,0.3642024539345536,0.5245364665883244,0.08192636933558946,0.031734857926085165,-0.25580159490080573,0.0,-0.006578497617845417,0.33919642297939673,0.0,0.39209593438900003,-0.024999999999999994,0.0,0.38999999999999996,3.0,129.84117120268962,0.04440232203857722,True,False,False
7.8100000000000005,0.3646117093207845,0.5336225512036777,0.08183600917992949,0.03169756114926359,-0.25580159490080573,0.0,-0.006578497617845417,0.3396057360053435,0.0,0.39208706632046064,-0.024999999999999994,0.0,0.38999999999999996,3.0,129.84118687436344,0.04529788056888706,True,False,False
7.815,0.36502049006968756,0.5426975818947255,0.08173813353718358,0.03165768910484364,-0.25580159490080573,0.0,-0.006578497617845417,0.34001457492599163,0.0,0.39207804290439724,-0.024999999999999994,0.0,0.38999999999999996,3.0,129.84120214168144,0.046185734543810905,True,False,False
7.82,0.36542875847023887,0.5517608227534891,0.08163275708197572,0.03161525472636493,-0.25580159490080573,0.0,-0.006578497617845417,0.3404229020381672,0.0,0.3920688603394714,-0.024999999999999994,0.0,0.38999999999999996,3.0,129.84121700279871,0.04706603271941655,True,False,False
7.825,0.3658364768808179,0.5608115415776039,0.08151989509338106,0.03157027093441257,-0.25580159490080573,0.0,-0.006578497617845417,0.3408306797075117,0.0,0.3920595148237258,-0.024999999999999994,0.0,0.38999999999999996,3.0,129.8412314560773,0.047938919053044426,True,False,False
7.83,0.36624360773201076,0.5698490098567435,0.08139956345289928,0.03152275059243821,-0.25580159490080573,0.0,-0.006578497617845417,0.341237870371272,0.0,0.39205000255471545,-0.024999999999999994,0.0,0.38999999999999996,3.0,129.84124550007851,0.04880453281636658,True,False,False
7.835,0.3666501135294016,0.5788725027548183,0.08127177864339741,0.03147270646713346,-0.25580159490080573,0.0,-0.006578497617845417,0.34164443654107746,0.0,0.3920403197295759,-0.024999999999999994,0.0,0.38999999999999996,3.0,129.84125913355606,0.04966300868893443,True,False,False
7.84,0.3670559568563486,0.5878812990742948,0.08113655774875367,0.03142015119614215,-0.25580159490080573,0.0,-0.006578497617845417,0.342050340805703,0.0,0.392030462545072,-0.024999999999999994,0.0,0.38999999999999996,3.0,129.84127235544915,0.050514476839424866,True,False,False
7.845,0.36746110037675445,0.5968746812174913,0.0809939184540148,0.03136509726365832,-0.25580159490080573,0.0,-0.006578497617845417,0.3424555458338251,0.0,0.39202042719761054,-0.024999999999999994,0.0,0.38999999999999996,3.0,129.84128516487576,0.05135906299925358,True,False,False
7.8500000000000005,0.367865506837829,0.6058519351374793,0.08084387904593392,0.03130755698338748,-0.25537624227399713,0.0,-0.004844565817453205,0.34286001437677094,0.0,0.3920102098832333,-0.024999999999999994,0.0,0.38999999999999996,3.0,129.86411050115905,0.05293859980939762,True,False,False
7.855,0.36826913890516044,0.6148124294476234,0.0806861167868916,0.0312480895569359,-0.25537624227399713,0.0,-0.004844565817453205,0.3432637089849883,0.0,0.3919998286347124,-0.024999999999999994,0.0,0.38999999999999996,3.0,129.86412213454614,0.0537433079338929,True,False,False
7.86,0.36867195932224844,0.6237555305422604,0.08052098232252884,0.031186132738327044,-0.25537624227399713,0.0,-0.004844565817453205,0.3436665922892896,0.0,0.3919893014624063,-0.024999999999999994,0.0,0.38999999999999996,3.0,129.8641333504207,0.05454216595625143,True,False,False
7.865,0.3690739310862184,0.6326805280038095,0.08034849532702532,0.031121705255449935,-0.25537624227399713,0.0,-0.004844565817453205,0.34406862729360344,0.0,0.3919786245348534,-0.024999999999999994,0.0,0.38999999999999996,3.0,129.86414414911525,0.055335271524719516,True,False,False
7.87,0.3694750172882152,0.6415867164291361,0.08016867604206436,0.031054823456801176,-0.25537624227399713,0.0,-0.004844565817453205,0.3444697770952252,0.0,0.39196779402670096,-0.024999999999999994,0.0,0.38999999999999996,3.0,129.86415453108688,0.05612271871615078,True,False,False
7.875,0.3698751811159498,0.6504733948303167,0.0799815452891143,0.030985501913833178,-0.25537624227399713,0.0,-0.004844565817453205,0.3448700048873643,0.0,0.3919568061165527,-0.024999999999999994,0.0,0.38999999999999996,3.0,129.86416449691194,0.056904597919370775,True,False,False
7.88,0.3702743858563159,0.6593398661989094,0.07978712447847705,0.03091375386888688,-0.25537624227399713,0.0,-0.004844565817453205,0.3452692739617574,0.0,0.3919456569854349,-0.024999999999999994,0.0,0.38999999999999996,3.0,129.8641740472816,0.05768099577677755,True,False,False
7.885,0.37067259489804916,0.6681854371665511,0.07958543561609537,0.030839591567715492,-0.25537624227399713,0.0,-0.004844565817453205,0.34566754771132124,0.0,0.3919343428156986,-0.024999999999999994,0.0,0.38999999999999996,3.0,129.8641831829978,0.05845199516639505,True,False,False
7.890000000000001,0.37106977173441313,0.6770094177626497,0.07937650130880393,0.030763026506461982,-0.25537624227399713,0.0,-0.004844565817453205,0.34606478963283005,0.0,0.3919228597902719,-0.024999999999999994,0.0,0.38999999999999996,3.0,129.86419190496787,0.05921767521203805,True,False,False
7.8950000000000005,0.37146587996590996,0.6858111212236897,0.07916034476850337,0.030684069615642993,-0.25537624227399713,0.0,-0.004844565817453205,0.3464609633296157,0.0,0.3919112040921285,-0.024999999999999994,0.0,0.38999999999999996,3.0,129.86420021420116,0.059978111313068475,True,False,False
7.9,0.37186088330300154,0.694589863852692,0.07893698981558656,0.030602731397989733,-0.2544581155215894,0.0,-0.00305104032634009,0.3468560325142769,0.0,0.39189937190396135,-0.024999999999999994,0.0,0.38999999999999996,3.0,129.88764345945813,0.06225379658424608,True,False,False
7.905,0.3722547453593865,0.7033450365739747,0.07870605661362996,0.030519516090509336,-0.2544581155215894,0.0,-0.00305104032634009,0.34724996068835323,0.0,0.3918873818111769,-0.024999999999999994,0.0,0.38999999999999996,3.0,129.8876502374973,0.06294958215310717,True,False,False
7.91,0.37264742985965693,0.7120760275716809,0.07846796518474572,0.030433915637450543,-0.2544581155215894,0.0,-0.00305104032634009,0.3476427114670766,0.0,0.391875252375822,-0.024999999999999994,0.0,0.38999999999999996,3.0,129.88765660335628,0.06364174285249599,True,False,False
7.915,0.3730389008534985,0.720782157167681,0.07822274059840059,0.0303459544103144,-0.2544581155215894,0.0,-0.00305104032634009,0.348034248905384,0.0,0.3918629797589701,-0.024999999999999994,0.0,0.38999999999999996,3.0,129.88766255941655,0.06433031565332842,True,False,False
7.92,0.3734291225108485,0.7294627519496055,0.07797040845915852,0.03025565196769479,-0.2544581155215894,0.0,-0.00305104032634009,0.34842453717774013,0.0,0.3918505601348846,-0.024999999999999994,0.0,0.38999999999999996,3.0,129.8876681080945,0.06501533542914094,True,False,False
7.925,0.37381805912418453,0.738117143572324,0.07771099493329847,0.030163024315639643,-0.2544581155215894,0.0,-0.00305104032634009,0.34881354058044034,0.0,0.3918379896865305,-0.024999999999999994,0.0,0.38999999999999996,3.0,129.8876732518401,0.0656968345713444,True,False,False
7.930000000000001,0.37420567511095587,0.7467446678871622,0.07744452676791894,0.030068084858256863,-0.2544581155215894,0.0,-0.00305104032634009,0.3492012235340466,0.0,0.39182526460238815,-0.024999999999999994,0.0,0.38999999999999996,3.0,129.88767799313607,0.0663748427538082,True,False,False
7.9350000000000005,0.37459193501611426,0.7553446642972198,0.07717103130484253,0.029970845110140056,-0.2544581155215894,0.0,-0.00305104032634009,0.34958755058591945,0.0,0.39181238107417826,-0.024999999999999994,0.0,0.38999999999999996,3.0,129.8876823344944,0.06704938679942962,True,False,False
7.94,0.3749768035147142,0.7639164752995198,0.07689053649091375,0.029871315228151733,-0.2544581155215894,0.0,-0.00305104032634009,0.3499724864128136,0.0,0.3917993352953068,-0.024999999999999994,0.0,0.38999999999999996,3.0,129.8876862784562,0.06772049061628818,True,False,False
7.945,0.3753602454145619,0.7724594461562057,0.07660307088579002,0.02976950440762599,-0.2544581155215894,0.0,-0.00305104032634009,0.35035599582352006,0.0,0.39178612345982033,-0.024999999999999994,0.0,0.38999999999999996,3.0,129.8876898275897,0.0683881751813195,True,False,False
7.95,0.3757422256588988,0.780972924660416,0.07630866366798765,0.02966542117762301,-0.2530433693268408,0.0,-0.0012089250989605234,0.3507380437615401,0.0,0.3917727417617452,-0.024999999999999994,0.0,0.38999999999999996,3.0,129.91159666324376,0.07135675874829461,True,False,False
7.955,0.37612270907765777,0.7894563245047166,0.07600687460460326,0.029559510283345115,-0.2530433693268408,0.0,-0.0012089250989605234,0.35111859494957187,0.0,0.39175920921900953,-0.024999999999999994,0.0,0.38999999999999996,3.0,129.91159838071906,0.07193519558892296,True,False,False
7.96,0.3765016606436873,0.7979090561346327,0.0756981958786601,0.029451322357983683,-0.2530433693268408,0.0,-0.0012089250989605234,0.35149761425634085,0.0,0.39174554482549623,-0.024999999999999994,0.0,0.38999999999999996,3.0,129.91159971282053,0.07251241260932882,True,False,False
7.965,0.3768790457255167,0.8063304717095457,0.07538265775425813,0.02934088736675432,-0.2530433693268408,0.0,-0.0012089250989605234,0.3518750670541383,0.0,0.39173174476030825,-0.024999999999999994,0.0,0.38999999999999996,3.0,129.91160066347643,0.07308838222662033,True,False,False
7.97,0.37725482983694314,0.8147199308946341,0.07506029100741658,0.02922822803346367,-0.2530433693268408,0.0,-0.0012089250989605234,0.3522509188597376,0.0,0.39171780522313104,-0.024999999999999994,0.0,0.38999999999999996,3.0,129.91160123656877,0.07366307631527798,True,False,False
7.9750000000000005,0.37762897863906847,0.8230767990651602,0.07473112696541398,0.029113361762113987,-0.2530433693268408,0.0,-0.0012089250989605234,0.35262513533645545,0.0,0.3917037224274156,-0.024999999999999994,0.0,0.38999999999999996,3.0,129.91160143593459,0.07423646555097076,True,False,False
7.98,0.3780014579425456,0.8314004459968425,0.0743951975347485,0.028996302092535436,-0.2530433693268408,0.0,-0.0012089250989605234,0.3529976822964126,0.0,0.3916894925955293,-0.024999999999999994,0.0,0.38999999999999996,3.0,129.91160126536755,0.07480851899563105,True,False,False
7.985,0.3783722337099819,0.8396902449262333,0.07405253522127625,0.028877059794310336,-0.2530433693268408,0.0,-0.0012089250989605234,0.3533685257029426,0.0,0.39167511195532395,-0.024999999999999994,0.0,0.38999999999999996,3.0,129.9116007286191,0.07537920384661063,True,False,False
7.99,0.3787412720584491,0.8479455718771152,0.07370317314495954,0.02875564368433784,-0.2530433693268408,0.0,-0.0012089250989605234,0.3537376316731017,0.0,0.39166057673778887,-0.024999999999999994,0.0,0.38999999999999996,3.0,129.9115998293999,0.07594848529725984,True,False,False
7.995,0.37910853926207133,0.8561658051956029,0.07334714505089464,0.02863206123574045,-0.2530433693268408,0.0,-0.0012089250989605234,0.3541049664802536,0.0,0.391645883175468,-0.024999999999999994,0.0,0.38999999999999996,3.0,129.91159857138197,0.07651632647320357,True,False,False
8.0,0.37947400175466167,0.8643503252307093,0.07298448531776432,0.028506319030638196,-0.2511364705203126,0.0,0.0006704212078298324,0.35447049655669705,0.0,0.39163102750152823,-0.024999999999999994,0.0,0.38999999999999996,3.0,129.93581332701893,0.08016291444962781,True,False,False
8.005,0.3798376258398228,0.8724985690551194,0.0726146896667453,0.028378799151491885,-0.2511364705203126,0.0,0.0006704212078298324,0.3548341881054783,0.0,0.39161602904841475,-0.024999999999999994,0.0,0.38999999999999996,3.0,129.93581000899857,0.08061749302428187,True,False,False
8.01,0.38019937799496606,0.8806099700362463,0.07223832550833,0.028249114354061404,-0.2511364705203126,0.0,0.0006704212078298324,0.35519600750683633,0.0,0.3916009071243221,-0.024999999999999994,0.0,0.38999999999999996,3.0,129.93580635368,0.08107339384326556,True,False,False
8.015,0.3805592251616954,0.8886839133131176,0.07185542811492608,0.02811730018419591,-0.2511364705203126,0.0,0.0006704212078298324,0.3555559217047066,0.0,0.39158565795527867,-0.024999999999999994,0.0,0.38999999999999996,3.0,129.9358023659029,0.08153052173769734,True,False,False
8.02,0.3809171344506317,0.896719792775687,0.07146603325918421,0.02798338255543211,-0.2511364705203126,0.0,0.0006704212078298324,0.35591389781120525,0.0,0.39157027779560305,-0.024999999999999994,0.0,0.38999999999999996,3.0,129.93579805039172,0.08198878260913692,True,False,False
8.025,0.38127307314319814,0.9047170086704719,0.07107017726422844,0.027847380324203797,-0.2511364705203126,0.0,0.0006704212078298324,0.35626990310844736,0.0,0.39155476291879643,-0.024999999999999994,0.0,0.38999999999999996,3.0,129.93579341176093,0.08244808250333,True,False,False
8.03,0.38162700869368366,0.912674965876472,0.07066789703916895,0.02770930724461452,-0.2511364705203126,0.0,0.0006704212078298324,0.35662390505063235,0.0,0.39153910961105026,-0.024999999999999994,0.0,0.38999999999999996,3.0,129.93578845451907,0.0829083270164361,True,False,False
8.035,0.38197890873151547,0.9205930726617646,0.07025923010459695,0.027569173439295654,-0.2511364705203126,0.0,0.0006704212078298324,0.35697587126632624,0.0,0.39152331416666913,-0.024999999999999994,0.0,0.38999999999999996,3.0,129.93578318307394,0.08336942092694198,True,False,False
8.040000000000001,0.3823287410636737,0.9284707398095297,0.06984421461124678,0.02742698649917756,-0.2511364705203126,0.0,0.0006704212078298324,0.3573257695608804,0.0,0.39150737288493354,-0.024999999999999994,0.0,0.38999999999999996,3.0,129.93577760173633,0.08383126798050855,True,False,False
8.045,0.38267647367720886,0.936307380014914,0.06942288935399407,0.027282752302262545,-0.2511364705203126,0.0,0.0006704212078298324,0.35767356791894717,0.0,0.39149128206804157,-0.024999999999999994,0.0,0.38999999999999996,3.0,129.93577171472467,0.08429377077846087,True,False,False
8.05,0.38302207474182803,0.9441024074865475,0.06899529378266937,0.027136475621630896,-0.24875017036157823,0.0,0.0025750950321945243,0.3580192345070604,0.0,0.39147503801983713,-0.024999999999999994,0.0,0.38999999999999996,3.0,129.96013523784026,0.08859196504334371,True,False,False
8.055,0.38336551228080934,0.9518552837108569,0.06856085528828776,0.026988473907771943,-0.24875017036157823,0.0,0.0025750950321945243,0.35836273725617185,0.0,0.39145866026980747,-0.024999999999999994,0.0,0.38999999999999996,3.0,129.9601271484665,0.0889181681822303,True,False,False
8.06,0.38370675452081465,0.9595654660886145,0.0681202201362317,0.02683842441552181,-0.24875017036157823,0.0,0.0025750950321945243,0.3587040443042312,0.0,0.39144216832349066,-0.024999999999999994,0.0,0.38999999999999996,3.0,129.9601187897954,0.08924832530534746,True,False,False
8.065,0.3840457702178804,0.9672323741731381,0.0676734284482755,0.026686368224168856,-0.24875017036157823,0.0,0.0025750950321945243,0.3590431244082445,0.0,0.39142555848656774,-0.024999999999999994,0.0,0.38999999999999996,3.0,129.96011016683983,0.08958227156404253,True,False,False
8.07,0.38438252831946274,0.9748554375036996,0.06722052085032836,0.026532334461917644,-0.24875017036157823,0.0,0.0025750950321945243,0.35937994651576477,0.0,0.39140882710094754,-0.024999999999999994,0.0,0.38999999999999996,3.0,129.96010128444811,0.08991984482935382,True,False,False
8.075,0.3847169979659748,0.9824340926456706,0.0667615385316352,0.026376343516304315,-0.24875017036157823,0.0,0.0025750950321945243,0.3597144797664703,0.0,0.3913919705334374,-0.024999999999999994,0.0,0.38999999999999996,3.0,129.9600921473118,0.09026088450168733,True,False,False
8.08,0.38504914849266786,0.9899677810521765,0.06629652328658037,0.026218409474066673,-0.24875017036157823,0.0,0.0025750950321945243,0.3600466934940714,0.0,0.39137498516763947,-0.024999999999999994,0.0,0.38999999999999996,3.0,129.96008275997335,0.09060523074195716,True,False,False
8.085,0.38537894943176526,0.997455947534097,0.06582551754480727,0.02605854195827185,-0.24875017036157823,0.0,0.0025750950321945243,0.36037655722845907,0.0,0.3913578673982715,-0.024999999999999994,0.0,0.38999999999999996,3.0,129.96007312683338,0.09095272398849039,True,False,False
8.09,0.38570637051477524,1.0048980391896118,0.06534856439349251,0.02589674750221241,-0.24875017036157823,0.0,0.0025750950321945243,0.36070404069802464,0.0,0.391340613627268,-0.024999999999999994,0.0,0.38999999999999996,3.0,129.96006325215816,0.09130320466733678,True,False,False
8.095,0.3860313816749288,1.0122935046697537,0.06486570759436014,0.025733030571917077,-0.24875017036157823,0.0,0.0025750950321945243,0.3610291138320979,0.0,0.391323220261227,-0.024999999999999994,0.0,0.38999999999999996,3.0,129.96005314008636,0.09165651303346153,True,False,False
8.1,0.3863539530497013,1.019641793703058,0.06437699159718846,0.025567394324724917,-0.24590526140087185,0.0,0.004492431820890987,0.36135174676346504,0.0,0.3913056837098519,-0.024999999999999994,0.0,0.38999999999999996,3.0,129.98440019684426,0.0965688456583194,True,False,False
8.105,0.386674054615666,1.0269423937357354,0.06388177015909226,0.02540009064195474,-0.24590526140087185,0.0,0.004492431820890987,0.3616719093859504,0.0,0.3912880235799146,-0.024999999999999994,0.0,0.38999999999999996,3.0,129.98438783539055,0.09676416895356053,True,False,False
8.11,0.38699165658082874,1.0341947878396782,0.06338077298813569,0.025230862667848117,-0.24590526140087185,0.0,0.004492431820890987,0.36198957182861,0.0,0.39127025945505656,-0.024999999999999994,0.0,0.38999999999999996,3.0,129.98437529014257,0.0969661170947996,True,False,False
8.115,0.38730672974312347,1.0413984317782679,0.06287404495624184,0.025059756889040333,-0.24590526140087185,0.0,0.004492431820890987,0.3623047048890827,0.0,0.3912523877568504,-0.024999999999999994,0.0,0.38999999999999996,3.0,129.98436256548834,0.0971744544859507,True,False,False
8.120000000000001,0.3876192451128689,1.0485527925186775,0.062361631466488904,0.024886805629904453,-0.24590526140087185,0.0,0.004492431820890987,0.3626172795765005,0.0,0.39123440495112827,-0.024999999999999994,0.0,0.38999999999999996,3.0,129.98434966562596,0.09738894991414579,True,False,False
8.125,0.3879291739140626,1.0556573447284763,0.061843578519558504,0.024712030869336363,-0.24590526140087185,0.0,0.004492431820890987,0.3629272671128294,0.0,0.3912163075345161,-0.024999999999999994,0.0,0.38999999999999996,3.0,129.9843365945732,0.09760937510578703,True,False,False
8.13,0.38823648758607404,1.0627115682448733,0.06131993276092719,0.024535447143759218,-0.24590526140087185,0.0,0.004492431820890987,0.3632346389345905,0.0,0.39119809202482003,-0.024999999999999994,0.0,0.38999999999999996,3.0,129.98432335617852,0.09783550378930689,True,False,False
8.135,0.38854115778563686,1.0697149462721318,0.06079074151538458,0.024357063733925512,-0.24590526140087185,0.0,0.004492431820890987,0.3635393666948706,0.0,0.3911797549542628,-0.024999999999999994,0.0,0.38999999999999996,3.0,129.9843099541304,0.09806711110124013,True,False,False
8.14,0.38884315638905054,1.0766669641198303,0.06025605281325102,0.02417688630046467,-0.24590526140087185,0.0,0.004492431820890987,0.3638414222655319,0.0,0.39116129286486295,-0.024999999999999994,0.0,0.38999999999999996,3.0,129.98429639196735,0.09830397322445047,True,False,False
8.145,0.38914245549452564,1.0835671083505225,0.059715915411213204,0.023994918100784492,-0.24590526140087185,0.0,0.004492431820890987,0.36414077773956055,0.0,0.39114270230540604,-0.024999999999999994,0.0,0.38999999999999996,3.0,129.98428267308694,0.09854586718331632,True,False,False
8.15,0.3894390274246295,1.0904148662279953,0.05917037880973985,0.023811160891216095,-0.2426301267277459,0.0,0.006408823944057902,0.3644374054335099,0.0,0.3911239798296005,-0.024999999999999994,0.0,0.38999999999999996,3.0,130.00843965232434,0.10402451980608698,True,False,False
8.155,0.38973284432937794,1.0972097531832024,0.05861871621610449,0.023625800913386334,-0.2426301267277459,0.0,0.006408823944057902,0.36473127742536127,0.0,0.391105144996459,-0.024999999999999994,0.0,0.38999999999999996,3.0,130.0084237365976,0.10408843781105356,True,False,False
8.16,0.39002387861653653,1.10395128008024,0.05806174697803507,0.02343864771536851,-0.2426301267277459,0.0,0.006408823944057902,0.3650223660547818,0.0,0.3910862173431812,-0.024999999999999994,0.0,0.38999999999999996,3.0,130.00840773671845,0.10416163843721629,True,False,False
8.165000000000001,0.39031210333838734,1.1106389410287263,0.0574995207509441,0.02324975296513972,-0.2426301267277459,0.0,0.006408823944057902,0.3653106443726385,0.0,0.39106719344621843,-0.024999999999999994,0.0,0.38999999999999996,3.0,130.00839165563852,0.10424381537169479,True,False,False
8.17,0.3905974917790258,1.1172722425184423,0.056932087786670436,0.023059152099766004,-0.2426301267277459,0.0,0.006408823944057902,0.3655960856607232,0.0,0.3910480699342545,-0.024999999999999994,0.0,0.38999999999999996,3.0,130.00837549612038,0.1043346683408077,True,False,False
8.175,0.3908800174554163,1.1238506994032038,0.05635949900635759,0.02286686870984997,-0.2426301267277459,0.0,0.006408823944057902,0.365878663432855,0.0,0.39102884347272604,-0.024999999999999994,0.0,0.38999999999999996,3.0,130.0083592607504,0.10443390142707112,True,False,False
8.18,0.3911596541188961,1.1303738320056977,0.05578180605329284,0.022672917876205276,-0.2426301267277459,0.0,0.006408823944057902,0.3661583514364156,0.0,0.39100951075277524,-0.024999999999999994,0.0,0.38999999999999996,3.0,130.0083429519509,0.10454122197301434,True,False,False
8.185,0.3914363757570181,1.136841164059352,0.0551990613330073,0.022477308684108833,-0.2426301267277459,0.0,0.006408823944057902,0.3664351236542111,0.0,0.39099006848348017,-0.024999999999999994,0.0,0.38999999999999996,3.0,130.00832657199217,0.10465633988236883,True,False,False
8.19,0.3917101565956295,1.143252221272987,0.054611318045430325,0.022280046103846433,-0.2426301267277459,0.0,0.006408823944057902,0.3667089543065605,0.0,0.39097051338655375,-0.024999999999999994,0.0,0.38999999999999996,3.0,130.00831012300367,0.10477896718980864,True,False,False
8.195,0.39198097110111363,1.149606530359249,0.054018630212271185,0.022081132389582602,-0.2426301267277459,0.0,0.006408823944057902,0.3669798178535425,0.0,0.3909508421928559,-0.024999999999999994,0.0,0.38999999999999996,3.0,130.0082936069854,0.10490881781212583,True,False,False
8.2,0.3922487939827436,1.155903618417834,0.05342105270175009,0.021880568115836038,-0.2389600990411649,0.0,0.008309608232546199,0.3672476889973476,0.0,0.39093105164027936,-0.024999999999999994,0.0,0.38999999999999996,3.0,130.03207698763302,0.11089660200527365,True,False,False
8.205,0.3925135997695133,1.1621430312781718,0.0528177686551754,0.02167847452761921,-0.2389600990411649,0.0,0.008309608232546199,0.36751254220656226,0.0,0.39091116110722773,-0.024999999999999994,0.0,0.38999999999999996,3.0,130.03205842567104,0.11083048427781964,True,False,False
8.21,0.3927753632725476,1.1683243101082523,0.05220969601791011,0.02147472734588338,-0.2389600990411649,0.0,0.008309608232546199,0.36777435223592575,0.0,0.39089118995206373,-0.024999999999999994,0.0,0.38999999999999996,3.0,130.0320398892319,0.11077624166972544,True,False,False
8.215,0.3930340599947622,1.1744469897638974,0.05159688956449573,0.02126938309106657,-0.2389600990411649,0.0,0.008309608232546199,0.3680330945860293,0.0,0.39087113494688086,-0.024999999999999994,0.0,0.38999999999999996,3.0,130.03202137905188,0.11073349832830502,True,False,False
8.22,0.39328966568868284,1.1805106185869754,0.050979404803023896,0.02106248015945491,-0.2389600990411649,0.0,0.008309608232546199,0.36828874500621,0.0,0.3908509929237239,-0.024999999999999994,0.0,0.38999999999999996,3.0,130.03200289570904,0.11070188606668321,True,False,False
8.225,0.39354215635726403,1.186514753924282,0.05035729805652964,0.02085404372752764,-0.2389600990411649,0.0,0.008309608232546199,0.36854127949541643,0.0,0.3908307607572634,-0.024999999999999994,0.0,0.38999999999999996,3.0,130.03198443963828,0.11068104246004079,True,False,False
8.23,0.393791508255202,1.1924589588980383,0.04973062652518147,0.020644089485943703,-0.2389600990411649,0.0,0.008309608232546199,0.36879067430355217,0.0,0.3908104353524437,-0.024999999999999994,0.0,0.38999999999999996,3.0,130.031966011143,0.11067060960237256,True,False,False
8.235,0.39403769789061943,1.1983428001127683,0.04909944833716457,0.02043262645383609,-0.2389600990411649,0.0,0.008309608232546199,0.3690369059331807,0.0,0.39079001363577914,-0.024999999999999994,0.0,0.38999999999999996,3.0,130.03194761040947,0.11067023331033976,True,False,False
8.24,0.39428070202701276,1.20416584605893,0.04846382259340168,0.02021965908384295,-0.2389600990411649,0.0,0.008309608232546199,0.36927995114148326,0.0,0.39076949254940807,-0.024999999999999994,0.0,0.38999999999999996,3.0,130.03192923751897,0.11067956262912453,True,False,False
8.245000000000001,0.39452049768537434,1.2099276660404052,0.04782380940951791,0.020005188827673714,-0.2389600990411649,0.0,0.008309608232546199,0.369519786942386,0.0,0.3907488690471966,-0.024999999999999994,0.0,0.38999999999999996,3.0,130.03191089246013,0.11069824954220975,True,False,False
8.25,0.3947570621464397,1.2156278294903573,0.04717946995735907,0.0197892152955862,-0.23493665523214158,0.0,0.010179038891425723,0.36975639060880816,0.0,0.3907281400923593,-0.024999999999999994,0.0,0.38999999999999996,3.0,130.05512668159793,0.11712981206635295,True,False,False
8.255,0.39499037250793756,1.2212659153314172,0.04652988347305938,0.019571795953112824,-0.23493665523214158,0.0,0.010179038891425723,0.36998973919036293,0.0,0.3907073247403636,-0.024999999999999994,0.0,0.38999999999999996,3.0,130.055106533391,0.11693679534531953,True,False,False
8.26,0.3952204061719837,1.2268414978230002,0.04587608042787307,0.019352871854482277,-0.23493665523214158,0.0,0.010179038891425723,0.37021981004510496,0.0,0.39068644202879654,-0.024999999999999994,0.0,0.38999999999999996,3.0,130.05508652580946,0.11675813046014405,True,False,False
8.265,0.39544714127112207,1.232354155140165,0.04521812178821776,0.019132503949424125,-0.23493665523214158,0.0,0.010179038891425723,0.3704465813026303,0.0,0.39066548896682546,-0.024999999999999994,0.0,0.38999999999999996,3.0,130.0550666566756,0.11659337435920503,True,False,False
8.27,0.3956705562035715,1.2378034799594366,0.044556069548415074,0.018910733375128313,-0.23493665523214158,0.0,0.010179038891425723,0.3706700313573939,0.0,0.39064446263087393,-0.024999999999999994,0.0,0.38999999999999996,3.0,130.05504692371412,0.11644209323219185,True,False,False
8.275,0.39589062963381483,1.243189074562026,0.04388998683209184,0.018687586824705803,-0.23493665523214158,0.0,0.010179038891425723,0.37089013886934236,0.0,0.3906233601456523,-0.024999999999999994,0.0,0.38999999999999996,3.0,130.05502732456645,0.11630386040716396,True,False,False
8.28,0.3961073404937168,1.248510547308682,0.04321993797838239,0.01846308063602041,-0.23493665523214158,0.0,0.010179038891425723,0.3711068827650612,0.0,0.3906021786706165,-0.024999999999999994,0.0,0.38999999999999996,3.0,130.05500785680456,0.1161782549742865,True,False,False
8.285,0.3963206679840459,1.253767510134085,0.042545988621491726,0.018237223874016623,-0.23493665523214158,0.0,0.010179038891425723,0.37132024223931526,0.0,0.3905809153904223,-0.024999999999999994,0.0,0.38999999999999996,3.0,130.05498851794474,0.11606486090127117,True,False,False
8.290000000000001,0.3965305915762734,1.2589595768119475,0.04186820576928078,0.01801002063629046,-0.23493665523214158,0.0,0.010179038891425723,0.3715301967568584,0.0,0.3905595675084171,-0.024999999999999994,0.0,0.38999999999999996,3.0,130.0549693054601,0.1159632664808248,True,False,False
8.295,0.39673709101456556,1.2640863617883855,0.04118665788477328,0.017781471767538085,-0.23493665523214158,0.0,0.010179038891425723,0.371736726054432,0.0,0.3905381322423509,-0.024999999999999994,0.0,0.38999999999999996,3.0,130.05495021679366,0.11587306400217662,True,False,False
8.3,0.39694014631790414,1.2691474794409219,0.040501414973442715,0.017551576128835997,-0.23060647840127685,0.0,0.012000347687618049,0.37193981014288663,0.0,0.3905166068217732,-0.024999999999999994,0.0,0.38999999999999996,3.0,130.07739439214953,0.12267627160304395,True,False,False
8.305,0.3971397373255627,1.2741425446518884,0.03981143112244282,0.017320329069945913,-0.23060647840127685,0.0,0.012000347687618049,0.372139428826059,0.0,0.3904950098266902,-0.024999999999999994,0.0,0.38999999999999996,3.0,130.07737382374046,0.12236109594715984,True,False,False
8.31,0.39733584420115464,1.279071167737519,0.039117872898054254,0.01708773566343027,-0.23060647840127685,0.0,0.012000347687618049,0.3723355622361575,0.0,0.3904733598217365,-0.024999999999999994,0.0,0.38999999999999996,3.0,130.07735351164928,0.1220625858020932,True,False,False
8.315,0.39752844786746605,1.283932972854455,0.03842081054652101,0.016853860785288163,-0.23060647840127685,0.0,0.012000347687618049,0.3725281912927634,0.0,0.390451654094174,-0.024999999999999994,0.0,0.38999999999999996,3.0,130.0773334502052,0.12178023440562229,True,False,False
8.32,0.3977175295271999,1.2887275995688325,0.03772031605081243,0.016618748040378623,-0.23060647840127685,0.0,0.012000347687618049,0.3727172971946311,0.0,0.3904298900052584,-0.024999999999999994,0.0,0.38999999999999996,3.0,130.07731363372815,0.12151354573981663,True,False,False
8.325,0.39790307066333946,1.293454697597707,0.0370164632983362,0.0163824255324335,-0.23060647840127685,0.0,0.012000347687618049,0.37290286142008944,0.0,0.39040806496983027,-0.024999999999999994,0.0,0.38999999999999996,3.0,130.07729405654246,0.12126203225323541,True,False,False
8.33,0.3980850530400701,1.2981139230275485,0.03630932824659505,0.016144910260093594,-0.23060647840127685,0.0,0.012000347687618049,0.37308486572798927,0.0,0.390386176441746,-0.024999999999999994,0.0,0.38999999999999996,3.0,130.0772747129905,0.12102521336748015,True,False,False
8.335,0.3982634587041263,1.3027049356297378,0.03559898909710593,0.0159062114313597,-0.23060647840127685,0.0,0.012000347687618049,0.37326329215906684,0.0,0.39036422190360165,-0.024999999999999994,0.0,0.38999999999999996,3.0,130.0772555974455,0.12080261451432552,True,False,False
8.34,0.39843826998643445,1.3072273970029171,0.03488552648515751,0.015666332942842552,-0.23060647840127685,0.0,0.012000347687618049,0.37343812303759694,0.0,0.3903421988597108,-0.024999999999999994,0.0,0.38999999999999996,3.0,130.07723670432398,0.12059376653097852,True,False,False
8.345,0.39860946950395637,1.311680969327069,0.03416902369155687,0.015425275223117811,-0.23060647840127685,0.0,0.012000347687618049,0.37360934097324205,0.0,0.3903201048314833,-0.024999999999999994,0.0,0.38999999999999996,3.0,130.07721802809806,0.12039820529695144,True,False,False
8.35,0.3987770401616684,1.3160653145745598,0.033449566881957334,0.015183036597017575,-0.22602042319687785,0.0,0.01375588515140681,0.3737769288630344,0.0,0.3902979373546096,-0.024999999999999994,0.0,0.38999999999999996,3.0,130.09867791987088,0.12749565783816758,True,False,False
8.355,0.39894096469507306,1.3203800865378446,0.03272595094158845,0.014939552291836779,-0.22602042319687785,0.0,0.01375588515140681,0.37394086941979393,0.0,0.3902757143711948,-0.024999999999999994,0.0,0.38999999999999996,3.0,130.0986581526117,0.12706447542291185,True,False,False
8.36,0.3991012261815044,1.3246249346402974,0.03199952319248954,0.01469488973169307,-0.22602042319687785,0.0,0.01375588515140681,0.37410114570212166,0.0,0.39025345381075716,-0.024999999999999994,0.0,0.38999999999999996,3.0,130.09863875315497,0.12665206650626137,True,False,False
8.365,0.399257808475185,1.328799531707759,0.031270372797008124,0.014449117152095951,-0.22602042319687785,0.0,0.01375588515140681,0.3742577415612244,0.0,0.39023115327821195,-0.024999999999999994,0.0,0.38999999999999996,3.0,130.09861971190998,0.12625786520035867,True,False,False
8.370000000000001,0.3994106957225838,1.332903566755965,0.030538592748533825,0.014202280308297783,-0.22602042319687785,0.0,0.01375588515140681,0.3744106411399061,0.0,0.3902088104584967,-0.024999999999999994,0.0,0.38999999999999996,3.0,130.09860101938966,0.12588131777141126,True,False,False
8.375,0.39955987236255885,1.336936739436329,0.0298042803136995,0.013954408578893253,-0.22602042319687785,0.0,0.01375588515140681,0.37455982887274086,0.0,0.39018642309495066,-0.024999999999999994,0.0,0.38999999999999996,3.0,130.09858266622328,0.125521880213567,True,False,False
8.38,0.39970532312707724,1.3408987560395016,0.02906753752688298,0.013705519617292878,-0.22602042319687785,0.0,0.01375588515140681,0.37470528948681386,0.0,0.39016398897388604,-0.024999999999999994,0.0,0.38999999999999996,3.0,130.09856464316783,0.12517901665558392,True,False,False
8.385,0.3998470330423808,1.344789326665376,0.02832847175716525,0.01345562285927318,-0.22602042319687785,0.0,0.01375588515140681,0.37484700800289994,0.0,0.3901415059136941,-0.024999999999999994,0.0,0.38999999999999996,3.0,130.09854694112002,0.1248521983306941,True,False,False
8.39,0.399984987430458,1.348608163260682,0.027587196367343466,0.013204722146716606,-0.22602042319687785,0.0,0.01375588515140681,0.37498496973694473,0.0,0.39011897175739135,-0.024999999999999994,0.0,0.38999999999999996,3.0,130.0985295511274,0.12454090292650163,True,False,False
8.395,0.4001191719107232,1.3523549783112474,0.02684383148608261,0.012952817678169398,-0.22602042319687785,0.0,0.01375588515140681,0.37511916030174874,0.0,0.39009638436771504,-0.024999999999999994,0.0,0.38999999999999996,3.0,130.0985124643983,0.12424461419117658,True,False,False
8.4,0.4002495724018369,1.3560294840157547,0.026098504917476898,0.012699907452078444,-0.2212324221065991,0.0,0.015427332744983448,0.3752495656087913,0.0,0.390073741624116,-0.024999999999999994,0.0,0.38999999999999996,3.0,130.11876896859627,0.13155523237295574,True,False,False
8.405,0.4003761746709097,1.3596313760376317,0.025349798643394896,0.012445868789407623,-0.2212324221065991,0.0,0.015427332744983448,0.3753761714149829,0.0,0.39005106065954964,-0.024999999999999994,0.0,0.38999999999999996,3.0,130.1187512265322,0.13101539792688566,True,False,False
8.41,0.4004989648417641,1.36316034596838,0.024599342285454046,0.012190829556719105,-0.2212324221065991,0.0,0.015427332744983448,0.375498963837754,0.0,0.39002835859739077,-0.024999999999999994,0.0,0.38999999999999996,3.0,130.11873395504506,0.1304962023733583,True,False,False
8.415000000000001,0.4006179298208431,1.3666161179554543,0.02384728110546137,0.011934860733806172,-0.2212324221065991,0.0,0.015427332744983448,0.37561792978123537,0.0,0.39000563339732225,-0.024999999999999994,0.0,0.38999999999999996,3.0,130.11871714037224,0.1299970262972933,True,False,False
8.42,0.40073305681716714,1.369998432980579,0.023093772718505483,0.011678009874645928,-0.2212324221065991,0.0,0.015427332744983448,0.375733056451602,0.0,0.38998288310421225,-0.024999999999999994,0.0,0.38999999999999996,3.0,130.11870076898813,0.12951726373473885,True,False,False
8.425,0.40084433334225517,1.3733070430729757,0.022338989089842616,0.011420307472686644,-0.2212324221065991,0.0,0.015427332744983448,0.3758443313570143,0.0,0.38996010582559004,-0.024999999999999994,0.0,0.38999999999999996,3.0,130.11868482761355,0.129056319626615,True,False,False
8.43,0.40095174721064475,1.3765417071476929,0.02158311894568187,0.011161771812984231,-0.2212324221065991,0.0,0.015427332744983448,0.3759517423081524,0.0,0.3899372997154784,-0.024999999999999994,0.0,0.38999999999999996,3.0,130.11866930322572,0.12861360814389233,True,False,False
8.435,0.4010552865408628,1.3797021880584934,0.02082637071084344,0.01090241263155614,-0.2212324221065991,0.0,0.015427332744983448,0.3760552774191968,0.0,0.3899144629630379,-0.024999999999999994,0.0,0.38999999999999996,3.0,130.1186541830672,0.12818855160196133,True,False,False
8.44,0.401154939756715,1.3827882505591254,0.020068976113773722,0.010642233852724078,-0.2212324221065991,0.0,0.015427332744983448,0.3761549251091231,0.0,0.389891593784748,-0.024999999999999994,0.0,0.38999999999999996,3.0,130.11863945465507,0.12778057977246424,True,False,False
8.445,0.40125069558878373,1.385799659945183,0.019311194638708715,0.010381235623912086,-0.2212324221065991,0.0,0.015427332744983448,0.37625067410320545,0.0,0.38986869041927485,-0.024999999999999994,0.0,0.38999999999999996,3.0,130.11862510578857,0.12738912946309336,True,False,False
8.45,0.40134254307607226,1.3887361811983177,0.01855331905914581,0.01011941582083624,-0.216298370098575,0.0,0.01699597491224383,0.3763425134346638,0.0,0.3898457511243046,-0.024999999999999994,0.0,0.38999999999999996,3.0,130.1374556128593,0.13482976380846892,True,False,False
8.455,0.40143047113217706,1.391597554763571,0.01779367457277189,0.009856596201875832,-0.216298370098575,0.0,0.01699597491224383,0.37643043201872783,0.0,0.3898227920454835,-0.024999999999999994,0.0,0.38999999999999996,3.0,130.13744107117935,0.13418961548664654,True,False,False
8.46,0.40151446903954696,1.3943835174036543,0.01703450177136606,0.009592963017167671,-0.216298370098575,0.0,0.01699597491224383,0.37651441914308503,0.0,0.38979982932204216,-0.024999999999999994,0.0,0.38999999999999996,3.0,130.13742709015793,0.133571698537703,True,False,False
8.465,0.40159452685627234,1.3970938471571677,0.01627621362353686,0.009328589340379364,-0.216298370098575,0.0,0.01699597491224383,0.3765944648647871,0.0,0.3897768613021237,-0.024999999999999994,0.0,0.38999999999999996,3.0,130.13741365179513,0.1329753465196617,True,False,False
8.47,0.40167063495126554,1.3997283393957383,0.015519293267015285,0.00906352414573245,-0.216298370098575,0.0,0.01699597491224383,0.3766705595513072,0.0,0.38975388642331316,-0.024999999999999994,0.0,0.38999999999999996,3.0,130.13740073847495,0.13239990760818873,True,False,False
8.475,0.40174278400396946,1.4022868008717837,0.014764311296776052,0.008797798860650111,-0.216298370098575,0.0,0.01699597491224383,0.37674269388025783,0.0,0.38973090318938264,-0.024999999999999994,0.0,0.38999999999999996,3.0,130.13738833297163,0.1318447419594772,True,False,False
8.48,0.40181096500466706,1.4047690454391508,0.014011948346213983,0.008531432361919859,-0.216298370098575,0.0,0.01699597491224383,0.37681085883970755,0.0,0.3897079101536335,-0.024999999999999994,0.0,0.38999999999999996,3.0,130.1373764184566,0.13130921997306283,True,False,False
8.485,0.4018751692552504,1.4071748910238573,0.013263024866868612,0.008264434744148303,-0.216298370098575,0.0,0.01699597491224383,0.376875045728954,0.0,0.3896849059071733,-0.024999999999999994,0.0,0.38999999999999996,3.0,130.137364978504,0.1307927211629639,True,False,False
8.49,0.40193538837031234,1.409504157531871,0.012518540780804097,0.00799681013876805,-0.216298370098575,0.0,0.01699597491224383,0.3769352461596189,0.0,0.38966188907082944,-0.024999999999999994,0.0,0.38999999999999996,3.0,130.1373539970968,0.13029463343908695,True,False,False
8.495000000000001,0.4019916142784493,1.4117566654554152,0.011779728788866543,0.00772855880933623,-0.216298370098575,0.0,0.01699597491224383,0.3769914520569545,0.0,0.389638858289842,-0.024999999999999994,0.0,0.38999999999999996,3.0,130.13734345863148,0.12981435266514665,True,False,False
8.5,0.4020438392237091,1.413932234998793,0.011048126713119328,0.007459678701116088,-0.2112750231063802,0.0,0.018443020186169775,0.3770436556612944,0.0,0.38961581223055175,-0.024999999999999994,0.0,0.38999999999999996,3.0,130.1545253876177,0.13730136336353502,True,False,False
8.505,0.40209205535935216,1.416030654182367,0.010322630164123978,0.0071899384001753285,-0.2112750231063802,0.0,0.018443020186169775,0.3770918491383165,0.0,0.3895927658687828,-0.024999999999999994,0.0,0.38999999999999996,3.0,130.1545151248688,0.1365700023082892,True,False,False
8.51,0.4021362552167795,1.418051707826455,0.009608358346693864,0.006919580405069077,-0.2112750231063802,0.0,0.018443020186169775,0.377136025035182,0.0,0.3895697341771556,-0.024999999999999994,0.0,0.38999999999999996,3.0,130.15450549688163,0.13586216901876727,True,False,False
8.515,0.4021764320828998,1.4199952302970826,0.00890842698617169,0.006648679208876871,-0.2112750231063802,0.0,0.018443020186169775,0.377176176639636,0.0,0.38954671592171164,-0.024999999999999994,0.0,0.38999999999999996,3.0,130.15449648153967,0.1351771572937178,True,False,False
8.52,0.40221257956152645,1.421861073641014,0.008226925626692794,0.006377284806363235,-0.2112750231063802,0.0,0.018443020186169775,0.3772122975560743,0.0,0.3895237099611188,-0.024999999999999994,0.0,0.38999999999999996,3.0,130.15448805726476,0.1345142765697527,True,False,False
8.525,0.40224469157287013,1.4236491015326078,0.0075692759271689105,0.006105429358714434,-0.2112750231063802,0.0,0.018443020186169775,0.3772443817050337,0.0,0.3895007152229939,-0.024999999999999994,0.0,0.38999999999999996,3.0,130.15448020302006,0.1338728492231815,True,False,False
8.53,0.40227276235363363,1.4253591849284977,0.006942714418852629,0.005833132276359219,-0.2112750231063802,0.0,0.018443020186169775,0.37727242332328426,0.0,0.38947773068694436,-0.024999999999999994,0.0,0.38999999999999996,3.0,130.15447289831113,0.13325220878996777,True,False,False
8.535,0.40229678645757466,1.4269911989901112,0.006356907538968025,0.0055604040532666685,-0.2112750231063802,0.0,0.018443020186169775,0.37729641696439165,0.0,0.38945475537255136,-0.024999999999999994,0.0,0.38999999999999996,3.0,130.15446612319033,0.13265169880618283,True,False,False
8.540000000000001,0.40231675875638057,1.42854502095961,0.005824641597326762,0.005287249135266342,-0.2112750231063802,0.0,0.018443020186169775,0.37731635749959147,0.0,0.38943178833116054,-0.024999999999999994,0.0,0.38999999999999996,3.0,130.15445985825744,0.13207067206683026,True,False,False
8.545,0.4023326744407618,1.430020528747661,0.005362364861058596,0.005013668051806283,-0.2112750231063802,0.0,0.018443020186169775,0.3773322401188844,0.0,0.3894088286404111,-0.024999999999999994,0.0,0.38999999999999996,3.0,130.1544540846612,0.13150849016657135,True,False,False
8.55,0.4023445290216855,1.4314176000497847,0.004990043683628917,0.0047396589921503895,-0.20621894262969587,0.0,0.019749961039116866,0.37734406033227164,0.0,0.38938587540086345,-0.024999999999999994,0.0,0.38999999999999996,3.0,130.16976892046443,0.1389592522108066,True,False,False
8.555,0.40235231796237547,1.4327360730790515,0.0047237727031156475,0.004464939743106495,-0.20621894262969587,0.0,0.019749961039116866,0.37735181362471837,0.0,0.3893629422346696,-0.024999999999999994,0.0,0.38999999999999996,3.0,130.16976387681686,0.13814632823062736,True,False,False
8.56,0.4023560371105245,1.4339757834191322,0.004588396734986567,0.004189806892934807,-0.20621894262969587,0.0,0.019749961039116866,0.3773554958686814,0.0,0.3893400427640511,-0.024999999999999994,0.0,0.38999999999999996,3.0,130.16975952359093,0.137357916566737,True,False,False
8.565,0.4023556830359403,1.4351366240126695,0.00459585055006452,0.0039143356649648025,-0.20621894262969587,0.0,0.019749961039116866,0.3773551036372877,0.0,0.3893171761972442,-0.024999999999999994,0.0,0.38999999999999996,3.0,130.16975583485043,0.13659327914175232,True,False,False
8.57,0.4023512526291752,1.4362185056734391,0.004745763977044669,0.003638576657746874,-0.20621894262969587,0.0,0.019749961039116866,0.37735063382430956,0.0,0.3892943418371966,-0.024999999999999994,0.0,0.38999999999999996,3.0,130.16975278535298,0.1358516943768047,True,False,False
8.575000000000001,0.40234274310080664,1.4372213510009737,0.005025652333761265,0.0033625625470819864,-0.20621894262969587,0.0,0.019749961039116866,0.37734208364343047,0.0,0.3892715390577134,-0.024999999999999994,0.0,0.38999999999999996,3.0,130.1697503505463,0.13513245446213332,True,False,False
8.58,0.40233015198131544,1.4381450900174988,0.005415594755397582,0.0030863131984802893,-0.20621894262969587,0.0,0.019749961039116866,0.37732945062811185,0.0,0.3892487672863346,-0.024999999999999994,0.0,0.38999999999999996,3.0,130.1697485065683,0.13443486355372963,True,False,False
8.585,0.40231347712142346,1.4389896570723613,0.005893932467875505,0.002809839524303471,-0.20621894262969587,0.0,0.019749961039116866,0.37731273263192333,0.0,0.3892260259922544,-0.024999999999999994,0.0,0.38999999999999996,3.0,130.16974723024404,0.13375823659570357,True,False,False
8.59,0.4022927166927463,1.4397549887133172,0.00644110267698083,0.002533146369243072,-0.20621894262969587,0.0,0.019749961039116866,0.37729192782919213,0.0,0.38920331467798186,-0.024999999999999994,0.0,0.38999999999999996,3.0,130.16974649908383,0.13310189856445734,True,False,False
8.595,0.4022678691886589,1.4404410222701596,0.007041139604547072,0.0022562346546493263,-0.20621894262969587,0.0,0.019749961039116866,0.377267034715867,0.0,0.38918063287382154,-0.024999999999999994,0.0,0.38999999999999996,3.0,130.16974629128023,0.1324651839969938,True,False,False
8.6,0.4022389334252991,1.4410476949695745,0.007681695136832616,0.0019791029636891644,-0.20118551451037237,0.0,0.020898962325336938,0.3772380521105234,0.0,0.3891579801344197,-0.024999999999999994,0.0,0.38999999999999996,3.0,130.18298402320522,0.1397994783185086,True,False,False
8.605,0.40220590822211877,1.4415748975958207,0.008350845620381317,0.0017014205964012332,-0.20118551451037237,0.0,0.020898962325336938,0.3772049788618105,0.0,0.3891353685467228,-0.024999999999999994,0.0,0.38999999999999996,3.0,130.18298496652272,0.13891498809943276,True,False,False
8.61,0.4021687927863324,1.4420225189504545,0.009044647542688756,0.0014235360793503446,-0.20118551451037237,0.0,0.020898962325336938,0.37716781420879064,0.0,0.3891128102009209,-0.024999999999999994,0.0,0.38999999999999996,3.0,130.18298663590159,0.1380556745720003,True,False,False
8.615,0.40212758700087303,1.4423905125544934,0.009757789973150965,0.001145524670411582,-0.20118551451037237,0.0,0.020898962325336938,0.3771265580407811,0.0,0.38909030476587037,-0.024999999999999994,0.0,0.38999999999999996,3.0,130.18298900203976,0.1372207761185918,True,False,False
8.620000000000001,0.40208229107094956,1.4426788498290868,0.01048626003102533,0.0008674371415656066,-0.20118551451037237,0.0,0.020898962325336938,0.37708121056943356,0.0,0.3890678520060493,-0.024999999999999994,0.0,0.38999999999999996,3.0,130.18299203647675,0.1364095483106332,True,False,False
8.625,0.4020329055231143,1.4428875140488606,0.011226994242416292,0.0005893064452119936,-0.20118551451037237,0.0,0.020898962325336938,0.3770317723277734,0.0,0.3890454517577726,-0.024999999999999994,0.0,0.38999999999999996,3.0,130.18299571158659,0.13562126117728118,True,False,False
8.63,0.40197943120491836,1.4430164959991505,0.011977625835144907,0.00031115280059118355,-0.20118551451037237,0.0,0.020898962325336938,0.3769782441698346,0.0,0.3890231039121256,-0.024999999999999994,0.0,0.38999999999999996,3.0,130.18300000057113,0.13485519739801052,True,False,False
8.635,0.4019218692850188,1.4430657909036049,0.012736303011115616,3.2987531782210987e-05,-0.20118551451037237,0.0,0.020898962325336938,0.37692062727075354,0.0,0.38900080840288553,-0.024999999999999994,0.0,0.38999999999999996,3.0,130.18300487745375,0.13411065111936502,True,False,False
8.64,0.40186022125359566,1.443035396309643,0.013501558178682505,0.0002451840610583549,-0.20118551451037237,0.0,0.020898962325336938,0.3768589231271772,0.0,0.38897856519817964,-0.024999999999999994,0.0,0.38999999999999996,3.0,130.18301031707276,0.1333869271923648,True,False,False
8.645,0.40179448892297426,1.4429253106811606,0.014272213348582063,0.0005233605681166727,-0.20118551451037237,0.0,0.020898962325336938,0.3767931335578818,0.0,0.38895637429495356,-0.024999999999999994,0.0,0.38999999999999996,3.0,130.18301629507405,0.13268334069320248,True,False,False
8.65,0.401724674428385,1.442735532521597,0.015047311144736947,0.0008015428930287164,-0.19622806504320917,0.0,0.021873267779943098,0.37672326070453244,0.0,0.38893423571548014,-0.024999999999999994,0.0,0.38999999999999996,3.0,130.19398014623707,0.13982459922502297,True,False,False
8.655,0.4016507799666669,1.4424660072574957,0.015825000257291423,0.001080112307148349,-0.19622806504320917,0.0,0.021873267779943098,0.3766493067983683,0.0,0.3889121598361296,-0.024999999999999994,0.0,0.38999999999999996,3.0,130.19398764710994,0.13887863444263587,True,False,False
8.66,0.4015728079540632,1.4421164424567496,0.016605989689487864,0.001360939524282209,-0.19622806504320917,0.0,0.021873267779943098,0.3765712742900379,0.0,0.3888901562335014,-0.024999999999999994,0.0,0.38999999999999996,3.0,130.1939958989889,0.13792854678712374,True,False,False
8.665000000000001,0.40149076099039394,1.4416858062398568,0.017389849384219284,0.001646210153206237,-0.19622806504320917,0.0,0.021873267779943098,0.3764891657788709,0.0,0.3888682213856541,-0.024999999999999994,0.0,0.38999999999999996,3.0,130.19400490642226,0.136958288125599,True,False,False
8.67,0.40140464207319776,1.4411727549686202,0.018176056564744275,0.001936338796562046,-0.19622806504320917,0.0,0.021873267779943098,0.3764029842575861,0.0,0.3888463505662196,-0.024999999999999994,0.0,0.38999999999999996,3.0,130.194014674336,0.13597394213261124,True,False,False
8.675,0.40131445472637506,1.4405758830185849,0.0189641351351874,0.00223137457817216,-0.19622806504320917,0.0,0.021873267779943098,0.3763127332433005,0.0,0.3888245387631916,-0.024999999999999994,0.0,0.38999999999999996,3.0,130.19402520283688,0.13497979333196675,True,False,False
8.68,0.40122020300027,1.4398938060951498,0.019753655823235003,0.0025311382933679,-0.19622806504320917,0.0,0.021873267779943098,0.37621841677856493,0.0,0.3888027810226971,-0.024999999999999994,0.0,0.38999999999999996,3.0,130.19403648864102,0.13397888647413675,True,False,False
8.685,0.4011218914655162,1.4391252123299716,0.02054423345348033,0.002835316257599929,-0.19622806504320917,0.0,0.021873267779943098,0.3761200394258748,0.0,0.38878107266090894,-0.024999999999999994,0.0,0.38999999999999996,3.0,130.19404852604495,0.13297339835409078,True,False,False
8.69,0.4010195252033873,1.4382688911823605,0.021335522877439433,0.003143523181218029,-0.19622806504320917,0.0,0.021873267779943098,0.37601760625847513,0.0,0.3887594093855072,-0.024999999999999994,0.0,0.38999999999999996,3.0,130.19406130761524,0.13196488758831146,True,False,False
8.695,0.40091310979461325,1.43732374763594,0.02212721445778419,0.003455343273554511,-0.19622806504320917,0.0,0.021873267779943098,0.37591112284948164,0.0,0.38873778735726006,-0.024999999999999994,0.0,0.38999999999999996,3.0,130.19407482468188,0.13095446462795404,True,False,False
8.700000000000001,0.40080265130783177,1.4362888069098296,0.02291902960820225,0.0037703562924278925,-0.19132695813107486,0.0,0.022799107069347277,0.3758005952605318,0.0,0.3887162032128319,-0.024999999999999994,0.0,0.38999999999999996,3.0,130.20443276181356,0.1376768110828907,True,False,False
8.705,0.4006881563530643,1.435163611924448,0.023709837118987172,0.004085039246485116,-0.19132695813107486,0.0,0.022799107069347277,0.375686030132174,0.0,0.3886946653546628,-0.024999999999999994,0.0,0.38999999999999996,3.0,130.2044486214858,0.13643108947030952,True,False,False
8.71,0.4005696321118652,1.4339481822691873,0.024500248392493734,0.0044002864695812,-0.19132695813107486,0.0,0.022799107069347277,0.37556743468427367,0.0,0.3886731840010274,-0.024999999999999994,0.0,0.38999999999999996,3.0,130.20446543292414,0.13519895597722212,True,False,False
8.715,0.40044708613661273,1.4326423745856145,0.025290082439197503,0.004715982419704778,-0.19132695813107486,0.0,0.022799107069347277,0.37544481647476047,0.0,0.3886517589981253,-0.024999999999999994,0.0,0.38999999999999996,3.0,130.2044831697468,0.13397893637809916,True,False,False
8.72,0.40032052634426846,1.431246071526985,0.026079172610589306,0.005032053939612672,-0.19132695813107486,0.0,0.022799107069347277,0.3753181834264939,0.0,0.38863039032417357,-0.024999999999999994,0.0,0.38999999999999996,3.0,130.2045018070013,0.13276976113971484,True,False,False
8.725,0.4001899610193575,1.4297591731687074,0.026867363663323703,0.00534844989657264,-0.19132695813107486,0.0,0.022799107069347277,0.37518754383015784,0.0,0.3886090780538199,-0.024999999999999994,0.0,0.38999999999999996,3.0,130.20452132098126,0.13157031616272621,True,False,False
8.73,0.40005539881652086,1.428181592663269,0.027654509650937457,0.005665128494880895,-0.19132695813107486,0.0,0.022799107069347277,0.37505290634677485,0.0,0.3885878223397205,-0.024999999999999994,0.0,0.38999999999999996,3.0,130.20454168908938,0.13037960782287333,True,False,False
8.735,0.39991684876268735,1.4265132547555517,0.028440472375861902,0.005982049643814531,-0.19132695813107486,0.0,0.022799107069347277,0.37491428000987503,0.0,0.38856662340558895,-0.024999999999999994,0.0,0.38999999999999996,3.0,130.20456288973065,0.12919673782055677,True,False,False
8.74,0.3997743203315071,1.4247541974830418,0.029225051298817927,0.006298152609091959,-0.19132695813107486,0.0,0.022799107069347277,0.3747716743012057,0.0,0.38854548189109345,-0.024999999999999994,0.0,0.38999999999999996,3.0,130.2045848977449,0.12803428388000362,True,False,False
8.745000000000001,0.39962782362287,1.422904917436701,0.03000803845610674,0.006611793337604089,-0.19132695813107486,0.0,0.022799107069347277,0.3746250993348593,0.0,0.38852440006928946,-0.024999999999999994,0.0,0.38999999999999996,3.0,130.20460767305383,0.12690546170009392,True,False,False
8.75,0.39947736913486714,1.4209662194366817,0.030789319624416066,0.006922312008729041,-0.1865689345374003,0.0,0.023669751724354333,0.37447456562798725,0.0,0.38850338139600693,-0.024999999999999994,0.0,0.38999999999999996,3.0,130.21430989253193,0.13331487935860814,True,False,False
8.755,0.39932296729922884,1.4189391458558565,0.031568396684586233,0.007228635510964169,-0.1865689345374003,0.0,0.023669751724354333,0.3743200836712429,0.0,0.38848243963794094,-0.024999999999999994,0.0,0.38999999999999996,3.0,130.2143354028026,0.13197836461452553,True,False,False
8.76,0.39916462874272807,1.4168249042782721,0.032345622886524705,0.007530869644701784,-0.1865689345374003,0.0,0.023669751724354333,0.3741616641558656,0.0,0.38846158924864693,-0.024999999999999994,0.0,0.38999999999999996,3.0,130.21436184364518,0.1306780801944672,True,False,False
8.765,0.3990023646348595,1.414624655187487,0.03312092076888415,0.007829098082785278,-0.1865689345374003,0.0,0.023669751724354333,0.3739993182816902,0.0,0.3884408351736044,-0.024999999999999994,0.0,0.38999999999999996,3.0,130.21438916449173,0.1294132077896812,True,False,False
8.77,0.39883618641974133,1.4123395308577713,0.033894213943393335,0.008123429541579255,-0.1865689345374003,0.0,0.023669751724354333,0.373833057523796,0.0,0.388420182269016,-0.024999999999999994,0.0,0.38999999999999996,3.0,130.21441731621988,0.12818290894257112,True,False,False
8.775,0.3986661058242548,1.4099706314485774,0.03466542671144058,0.008413977013882757,-0.1865689345374003,0.0,0.023669751724354333,0.3736628936405547,0.0,0.3883996352866612,-0.024999999999999994,0.0,0.38999999999999996,3.0,130.21444625117257,0.12698632824281436,True,False,False
8.78,0.3984921348636048,1.4075190255184475,0.035434484021022464,0.008700846894915076,-0.1865689345374003,0.0,0.023669751724354333,0.3734888386791658,0.0,0.38837919887613354,-0.024999999999999994,0.0,0.38999999999999996,3.0,130.21447592317222,0.12582259585269695,True,False,False
8.785,0.39831428584459283,1.4049857527123228,0.03620131159623332,0.008984134202737377,-0.1865689345374003,0.0,0.023669751724354333,0.3733109049789395,0.0,0.3883588775955933,-0.024999999999999994,0.0,0.38999999999999996,3.0,130.21450628753047,0.12469082963533942,True,False,False
8.790000000000001,0.3981325713669103,1.402371827249828,0.0369658361399074,0.009263921444883548,-0.1865689345374003,0.0,0.023669751724354333,0.3731291051726162,0.0,0.3883386759257199,-0.024999999999999994,0.0,0.38999999999999996,3.0,130.21453730105324,0.12359013705398532,True,False,False
8.795,0.3979470043227596,1.3996782414090354,0.03772798555214924,0.0095402795659493,-0.1865689345374003,0.0,0.023669751724354333,0.37294345218601943,0.0,0.3883185982836697,-0.024999999999999994,0.0,0.38999999999999996,3.0,130.21456892204256,0.12251961694422772,True,False,False
8.8,0.3977575978950789,1.396905968563526,0.038487689133206285,0.00981326998610994,-0.18212841425815113,0.0,0.024126627221911102,0.3727539592363077,0.0,0.3882986490353416,-0.024999999999999994,0.0,0.38999999999999996,3.0,130.21893983754,0.12847204253336295,True,False,False
8.805,0.39756436539201245,1.3940559859710135,0.039244759727390804,0.010082818195479435,-0.18212841425815113,0.0,0.024126627221911102,0.3725606396853813,0.0,0.388278836874657,-0.024999999999999994,0.0,0.38999999999999996,3.0,130.21897414840507,0.1272071177751944,True,False,False
8.81,0.3973673204013883,1.3911292406802742,0.03999925955191521,0.010349180470859694,-0.18212841425815113,0.0,0.024126627221911102,0.37236350717605726,0.0,0.38825917039230323,-0.024999999999999994,0.0,0.38999999999999996,3.0,130.21900921707433,0.12597619660430837,True,False,False
8.815,0.3971664769598725,1.3881266409109727,0.04075111984723259,0.010612387014744743,-0.18212841425815113,0.0,0.024126627221911102,0.37216257578201933,0.0,0.38823965375317293,-0.024999999999999994,0.0,0.38999999999999996,3.0,130.21904499552576,0.1247782933987766,True,False,False
8.82,0.3969618493890674,1.3850490868581564,0.04150027388058059,0.010872464511178502,-0.18212841425815113,0.0,0.024126627221911102,0.3719578598625684,0.0,0.38822029111420353,-0.024999999999999994,0.0,0.38999999999999996,3.0,130.21908143743948,0.12361241851779947,True,False,False
8.825000000000001,0.3967534522891727,1.3818974710959098,0.042246657028349836,0.011129440040756307,-0.18212841425815113,0.0,0.024126627221911102,0.37174937405628167,0.0,0.3882010866264416,-0.024999999999999994,0.0,0.38999999999999996,3.0,130.21911849818932,0.12247757997502218,True,False,False
8.83,0.39654130053238623,1.378672678022255,0.04299020681873451,0.01138334331936111,-0.18212841425815113,0.0,0.024126627221911102,0.37153713327439336,0.0,0.38818204443336146,-0.024999999999999994,0.0,0.38999999999999996,3.0,130.2191561348303,0.12137278391034562,True,False,False
8.835,0.3963254092002647,1.3753756424545502,0.0437308824360828,0.0116336624667538,-0.18212841425815113,0.0,0.024126627221911102,0.37132115263926435,0.0,0.3881631689130065,-0.024999999999999994,0.0,0.38999999999999996,3.0,130.21919430644988,0.12029602510896303,True,False,False
8.84,0.3961057934250636,1.3720074360314922,0.044468658821701396,0.011880276621373219,-0.18212841425815113,0.0,0.024126627221911102,0.3711014473274691,0.0,0.38814446504118094,-0.024999999999999994,0.0,0.38999999999999996,3.0,130.2192329747939,0.11924576321857902,True,False,False
8.845,0.39588246848258374,1.3685690630298566,0.04520350022906998,0.012123579525304424,-0.18212841425815113,0.0,0.024126627221911102,0.3708780326588429,0.0,0.3881259375602651,-0.024999999999999994,0.0,0.38999999999999996,3.0,130.21927210318273,0.11822129962596259,True,False,False
8.85,0.3956554498414633,1.3650614206598415,0.04593536681760981,0.012363922745336016,-0.1781013959258695,0.0,0.02413297016160274,0.3706509241449222,0.0,0.3881075908159935,-0.024999999999999994,0.0,0.38999999999999996,3.0,130.21786151372305,0.12355222265580165,True,False,False
8.855,0.3954247532672189,1.3614852311280448,0.04666422658415497,0.012602180580824735,-0.1781013959258695,0.0,0.02413297016160274,0.37042013758576314,0.0,0.38808942728557827,-0.024999999999999994,0.0,0.38999999999999996,3.0,130.21790316592478,0.12234984563274237,True,False,False
8.86,0.3951903947989926,1.357841135980635,0.04739000321340918,0.012838022782443049,-0.1781013959258695,0.0,0.02413297016160274,0.3701856890538586,0.0,0.3880714491423385,-0.024999999999999994,0.0,0.38999999999999996,3.0,130.2179454146863,0.12117690691496755,True,False,False
8.865,0.39495239063583376,1.3541298021267676,0.04811264877479918,0.013071623240208071,-0.1781013959258695,0.0,0.02413297016160274,0.36994759478835204,0.0,0.3880536598817608,-0.024999999999999994,0.0,0.38999999999999996,3.0,130.21798821745364,0.12003249288531119,True,False,False
8.870000000000001,0.39471075720277793,1.350351847890139,0.04883211465275355,0.013303147258012349,-0.1781013959258695,0.0,0.02413297016160274,0.3697058712540222,0.0,0.3880360628336051,-0.024999999999999994,0.0,0.38999999999999996,3.0,130.21803153329614,0.11891569885870337,True,False,False
8.875,0.39446551115422707,1.3465078455236121,0.04954835160756512,0.013532751143974458,-0.1781013959258695,0.0,0.02413297016160274,0.36946053514466093,0.0,0.38801866117149547,-0.024999999999999994,0.0,0.38999999999999996,3.0,130.21807532287818,0.11782563154451722,True,False,False
8.88,0.3942166693769815,1.3425983237870696,0.050261309827091066,0.01376058226019462,-0.1781013959258695,0.0,0.02413297016160274,0.3692116033861075,0.0,0.3880014579227201,-0.024999999999999994,0.0,0.38999999999999996,3.0,130.2181195484292,0.11676141067763562,True,False,False
8.885,0.393964248993063,1.3386237704784612,0.050970938969645045,0.013986779273916415,-0.1781013959258695,0.0,0.02413297016160274,0.3689590931390754,0.0,0.3879844559777946,-0.024999999999999994,0.0,0.38999999999999996,3.0,130.21816417371105,0.11572217010580266,True,False,False
8.89,0.3937082673623717,1.3345846348755175,0.051677188199508235,0.014211472474231993,-0.1781013959258695,0.0,0.02413297016160274,0.36870302180181574,0.0,0.3879676580996849,-0.024999999999999994,0.0,0.38999999999999996,3.0,130.2182091639843,0.11470705851628352,True,False,False
8.895,0.39344874208521385,1.330481330095073,0.05238000621675555,0.014434784087938395,-0.1781013959258695,0.0,0.02413297016160274,0.3684434070126511,0.0,0.38795106693264453,-0.024999999999999994,0.0,0.38999999999999996,3.0,130.2182544859731,0.11371523991999806,True,False,False
8.9,0.39318569100471856,1.3263142353576716,0.053079341282988815,0.01465682856645074,-0.17450875570716007,0.0,0.023785430753876617,0.3681802666524008,0.0,0.38793468501070427,-0.024999999999999994,0.0,0.38999999999999996,3.0,130.21234717670586,0.11838362480400921,True,False,False
8.905,0.3929191324285359,1.3220836089118986,0.05377520257156807,0.014878338388140499,-0.17450875570716007,0.0,0.023785430753876617,0.36791361903524156,0.0,0.38791850894252466,-0.024999999999999994,0.0,0.38999999999999996,3.0,130.2123947861077,0.11723348659616374,True,False,False
8.91,0.39264908496511647,1.317789682507634,0.054467453211804295,0.015098750365013675,-0.17450875570716007,0.0,0.023785430753876617,0.36764348277481856,0.0,0.3879025352436776,-0.024999999999999994,0.0,0.38999999999999996,3.0,130.21244284580274,0.11610956531141403,True,False,False
8.915000000000001,0.3923755672779461,1.3134327656828078,0.055156040295225944,0.015318101381736605,-0.17450875570716007,0.0,0.023785430753876617,0.3673698765701712,0.0,0.38788676622244317,-0.024999999999999994,0.0,0.38999999999999996,3.0,130.21249131782938,0.11501099324096267,True,False,False
8.92,0.392098598278292,1.309013155716344,0.05584091123209428,0.015536439443960522,-0.17450875570716007,0.0,0.023785430753876617,0.36709281936816385,0.0,0.3878712041606003,-0.024999999999999994,0.0,0.38999999999999996,3.0,130.21254016577677,0.11393692464579414,True,False,False
8.925,0.39181819712568405,1.3045311350723525,0.05652201356680748,0.015753819320390872,-0.17450875570716007,0.0,0.023785430753876617,0.36681233036389516,0.0,0.3878558513029019,-0.024999999999999994,0.0,0.38999999999999996,3.0,130.21258935474356,0.1128865337138624,True,False,False
8.93,0.39153438322872935,1.2999869699647089,0.057199294850274245,0.015970299222063056,-0.17450875570716007,0.0,0.023785430753876617,0.3665284290014631,0.0,0.38784070985095953,-0.024999999999999994,0.0,0.38999999999999996,3.0,130.21263885129702,0.11185901315688823,True,False,False
8.935,0.39124717624617383,1.295380909743564,0.05787270255389695,0.016185938311924056,-0.17450875570716007,0.0,0.023785430753876617,0.36624113497499305,0.0,0.387825781960357,-0.024999999999999994,0.0,0.38999999999999996,3.0,130.2126886234339,0.11085357323697857,True,False,False
8.94,0.3909565960881174,1.290713186898752,0.058542184013844284,0.016400794864083405,-0.17450875570716007,0.0,0.023785430753876617,0.3659504682298321,0.0,0.3878110697401834,-0.024999999999999994,0.0,0.38999999999999996,3.0,130.2127386405418,0.10986944108101984,True,False,False
8.945,0.3906626629172962,1.2859840175191644,0.0592076863973336,0.016614924923206983,-0.17450875570716007,0.0,0.023785430753876617,0.365656448963822,0.0,0.38779657525435984,-0.024999999999999994,0.0,0.38999999999999996,3.0,130.21278887336086,0.10890586018733524,True,False,False
8.950000000000001,0.39036539715040247,1.2811936020756156,0.05986915668489778,0.01682838134444453,-0.17136715850263345,0.0,0.02322113391852946,0.365359097628615,0.0,0.38778230052422136,-0.024999999999999994,0.0,0.38999999999999996,3.0,130.2042024101051,0.11288527754857217,True,False,False
8.955,0.3900648197503507,1.2763420352859969,0.06052659679186411,0.017041850800545703,-0.17136715850263345,0.0,0.02322113391852946,0.36505843517398257,0.0,0.38776823914864633,-0.024999999999999994,0.0,0.38999999999999996,3.0,130.20425463422387,0.11178371937330076,True,False,False
8.96,0.38976095198470706,1.271429401976172,0.061179875971639625,0.017254703260562367,-0.17136715850263345,0.0,0.02322113391852946,0.36475448285289647,0.0,0.38775438469538465,-0.024999999999999994,0.0,0.38999999999999996,3.0,130.20430717438617,0.11070520445378766,True,False,False
8.965,0.38945381511028104,1.2664558804583266,0.06182894080158204,0.017466930033456264,-0.17136715850263345,0.0,0.02322113391852946,0.3644472619550694,0.0,0.38774073913579343,-0.024999999999999994,0.0,0.38999999999999996,3.0,130.20435999744083,0.1096489554036757,True,False,False
8.97,0.38914343063942797,1.261421649851474,0.06247373822389229,0.017678533494438185,-0.17136715850263345,0.0,0.02322113391852946,0.36413679402597426,0.0,0.38772730446170767,-0.024999999999999994,0.0,0.38999999999999996,3.0,130.20441307164904,0.10861421519241327,True,False,False
8.975,0.38882982033978963,1.2563268875038478,0.0631142153991606,0.017889523049038174,-0.17136715850263345,0.0,0.02322113391852946,0.3638231008665193,0.0,0.3877140826748007,-0.024999999999999994,0.0,0.38999999999999996,3.0,130.20446636664244,0.10760024520655279,True,False,False
8.98,0.3885130062343215,1.2511717674373768,0.06375031960747525,0.018099912078807415,-0.17136715850263345,0.0,0.02322113391852946,0.36350620453302984,0.0,0.3877010757799638,-0.024999999999999994,0.0,0.38999999999999996,3.0,130.20451985338346,0.1066063239049616,True,False,False
8.985,0.38819301060152317,1.2459564595481514,0.06438199818396535,0.01830971566756518,-0.17136715850263345,0.0,0.02322113391852946,0.36318612733745004,0.0,0.3876882857816583,-0.024999999999999994,0.0,0.38999999999999996,3.0,130.20457350412815,0.10563174587465485,True,False,False
8.99,0.3878698559757771,1.240681129374632,0.06500919847918889,0.018518948934924742,-0.17136715850263345,0.0,0.02322113391852946,0.36286289184766446,0.0,0.3876757146825255,-0.024999999999999994,0.0,0.38999999999999996,3.0,130.2046272923866,0.10467582115626584,True,False,False
8.995000000000001,0.3875435651477439,1.2353459382643694,0.06563186783740806,0.018727625834863638,-0.17136715850263345,0.0,0.02322113391852946,0.3625365208878858,0.0,0.38766336448352634,-0.024999999999999994,0.0,0.38999999999999996,3.0,130.20468119288708,0.10373787475096963,True,False,False
9.0,0.3872141611647569,1.229951043841614,0.06624995358771504,0.018935758306221646,-0.16868382965068213,0.0,0.022503209158307898,0.36220703753904904,0.0,0.38765123718528083,-0.024999999999999994,0.0,0.38999999999999996,3.0,130.19424929008903,0.10701641380922156,True,False,False
9.005,0.38688166766601445,1.2244965108491013,0.06686343508707204,0.019143983232587022,-0.16868382965068213,0.0,0.022503209158307898,0.36187446541211804,0.0,0.3876393246465546,-0.024999999999999994,0.0,0.38999999999999996,3.0,130.19430484392632,0.10596153327481544,True,False,False
9.01,0.38654610859028704,1.2189824055532548,0.06747220743460129,0.01935164377438472,-0.16868382965068213,0.0,0.022503209158307898,0.36153882841628526,0.0,0.3876276187364672,-0.024999999999999994,0.0,0.38999999999999996,3.0,130.19436059166276,0.10492667787273077,True,False,False
9.015,0.3862075078188928,1.2134088954564142,0.0680762181442598,0.019558701291225566,-0.16868382965068213,0.0,0.022503209158307898,0.3612001504648502,0.0,0.3876161215200507,-0.024999999999999994,0.0,0.38999999999999996,3.0,130.19441650495145,0.10391115800262876,True,False,False
9.02,0.3858658894880881,1.2077761575846397,0.06867541517094092,0.019765127369495636,-0.16868382965068213,0.0,0.022503209158307898,0.36085845572644276,0.0,0.3876048351125113,-0.024999999999999994,0.0,0.38999999999999996,3.0,130.19447255670173,0.10291430224100567,True,False,False
9.025,0.38552127798802327,1.2020843760577071,0.06926974679915701,0.019970900385304077,-0.16868382965068213,0.0,0.022503209158307898,0.3605137686239157,0.0,0.38759376166918835,-0.024999999999999994,0.0,0.38999999999999996,3.0,130.19452872104054,0.10193545564652987,True,False,False
9.03,0.38517369796192463,1.1963337405378744,0.06985916156919281,0.020176002907383143,-0.16868382965068213,0.0,0.022503209158307898,0.3601661138334841,0.0,0.3875829033789467,-0.024999999999999994,0.0,0.38999999999999996,3.0,130.194584973275,0.10097397857959786,True,False,False
9.035,0.3848231743054418,1.1905244453172867,0.0704436082302158,0.02038041976753928,-0.16868382965068213,0.0,0.022503209158307898,0.359815516284042,0.0,0.38757226246009874,-0.024999999999999994,0.0,0.38999999999999996,3.0,130.1946412898564,0.10002924586930713,True,False,False
9.040000000000001,0.3844697321660802,1.1846566888817471,0.07102303571271898,0.020584136649991345,-0.16868382965068213,0.0,0.022503209158307898,0.3594620011565768,0.0,0.38756184115820935,-0.024999999999999994,0.0,0.38999999999999996,3.0,130.1946976483447,0.09910064621478751,True,False,False
9.045,0.3841133969426658,1.1787306738219225,0.07159739311478745,0.020787139077510414,-0.16868382965068213,0.0,0.022503209158307898,0.3591055938836224,0.0,0.3875516417452473,-0.024999999999999994,0.0,0.38999999999999996,3.0,130.1947540273743,0.09818758174474937,True,False,False
9.05,0.38375419428480567,1.1727466069867407,0.07216662969822313,0.020989411697256412,-0.16645849031078244,0.0,0.021653658480476692,0.35874632014871494,0.0,0.3875416665197025,-0.024999999999999994,0.0,0.38999999999999996,3.0,130.18276258416785,0.10076565780793051,True,False,False
9.055,0.38339215045928565,1.1667046123704172,0.07273069971608057,0.021191547941011652,-0.16645849031078244,0.0,0.021653658480476692,0.35838420617793565,0.0,0.38753190617892136,-0.024999999999999994,0.0,0.38999999999999996,3.0,130.18282025167878,0.0997569226003455,True,False,False
9.06,0.3830272920185545,1.1606048229363364,0.07328953004262719,0.02139288537447096,-0.16645849031078244,0.0,0.021653658480476692,0.3580192784818575,0.0,0.3875223514566521,-0.024999999999999994,0.0,0.38999999999999996,3.0,130.18287800298194,0.09876531119324233,True,False,False
9.065,0.38265964541392616,1.154447475669971,0.07384307066168475,0.0215933689426855,-0.16645849031078244,0.0,0.021653658480476692,0.35765156354457495,0.0,0.3875130047841263,-0.024999999999999994,0.0,0.38999999999999996,3.0,130.18293581445744,0.09779021729440057,True,False,False
9.07,0.3822892373424933,1.1482328219220916,0.07439127208700366,0.02179295291754934,-0.16645849031078244,0.0,0.021653658480476692,0.3572810880964754,0.0,0.38750386865730846,-0.024999999999999994,0.0,0.38999999999999996,3.0,130.18299366357815,0.09683105064739742,True,False,False
9.075000000000001,0.38191609474534305,1.1419611251592192,0.07493408527751926,0.021991598040498415,-0.16645849031078244,0.0,0.021653658480476692,0.3569078791123913,0.0,0.387494945627548,-0.024999999999999994,0.0,0.38999999999999996,3.0,130.18305152887345,0.09588723560258851,True,False,False
9.08,0.38154024480595655,1.1356326594306887,0.07547146158174624,0.022189269361895005,-0.16645849031078244,0.0,0.021653658480476692,0.3565319638099542,0.0,0.3874862382950989,-0.024999999999999994,0.0,0.38999999999999996,3.0,130.18310938989535,0.09495821011988581,True,False,False
9.085,0.381161714948744,1.129247708380019,0.07600335270302547,0.02238593463426624,-0.16645849031078244,0.0,0.021653658480476692,0.35615336964809563,0.0,0.3874777493047397,-0.024999999999999994,0.0,0.38999999999999996,3.0,130.18316722718535,0.09404342506343506,True,False,False
9.09,0.3807805328376488,1.1228065646464083,0.07652971067964634,0.02258156313598705,-0.16645849031078244,0.0,0.021653658480476692,0.35577212432562627,0.0,0.3874694813429712,-0.024999999999999994,0.0,0.38999999999999996,3.0,130.1832250222425,0.09314234369337594,True,False,False
9.095,0.38039672637477817,1.1163095295542194,0.07705048787554951,0.022776124823943963,-0.16645849031078244,0.0,0.021653658480476692,0.3553882557798479,0.0,0.3874614371363245,-0.024999999999999994,0.0,0.38999999999999996,3.0,130.18328275749215,0.09225444129080862,True,False,False
9.1,0.38001032369902965,1.109756913012634,0.0775656369785285,0.02296958973442398,-0.16468503247850613,0.0,0.02067073580293528,0.35500179218516636,0.0,0.3874536194504937,-0.024999999999999994,0.0,0.38999999999999996,3.0,130.16970077754144,0.09414191127828139,True,False,False
9.105,0.3796213535807776,1.1031489482301542,0.07807508730242085,0.023162522174646562,-0.16468503247850613,0.0,0.02067073580293528,0.35461276225936267,0.0,0.387446017948703,-0.024999999999999994,0.0,0.38999999999999996,3.0,130.1697594232117,0.09317942838525656,True,False,False
9.11,0.3792298450542814,1.0964858812972538,0.07857880006878708,0.023354264454908222,-0.16468503247850613,0.0,0.02067073580293528,0.35422119498307614,0.0,0.3874386223429571,-0.024999999999999994,0.0,0.38999999999999996,3.0,130.1698180548109,0.09223125267733666,True,False,False
9.115,0.3788358270042549,1.089768061923184,0.07907672912612836,0.023544757030856775,-0.16468503247850613,0.0,0.02067073580293528,0.35382711927567956,0.0,0.3874314355589576,-0.024999999999999994,0.0,0.38999999999999996,3.0,130.16987665330544,0.09129685762327144,True,False,False
9.120000000000001,0.37843932854440726,1.0829958556433414,0.07956882892952816,0.023733948560431137,-0.16468503247850613,0.0,0.02067073580293528,0.3534305642860813,0.0,0.3874244605885526,-0.024999999999999994,0.0,0.38999999999999996,3.0,130.16993520058577,0.09037573076092946,True,False,False
9.125,0.3780403790150515,1.0761696418075974,0.0800550544769713,0.023921793604581822,-0.16468503247850613,0.0,0.02067073580293528,0.3530315593902709,0.0,0.387417700481379,-0.024999999999999994,0.0,0.38999999999999996,3.0,130.16999367943447,0.08946737253551916,True,False,False
9.13,0.3776390079808666,1.0692898121514447,0.0805353612678034,0.02410825088452861,-0.16468503247850613,0.0,0.02067073580293528,0.3526301341890319,0.0,0.3874111583387944,-0.024999999999999994,0.0,0.38999999999999996,3.0,130.17005207349584,0.08857129548722796,True,False,False
9.135,0.3772352452287672,1.0623567698010057,0.0810097052769631,0.024293281981911614,-0.16468503247850613,0.0,0.02067073580293528,0.3522263185057719,0.0,0.3874048373095188,-0.024999999999999994,0.0,0.38999999999999996,3.0,130.17011036724648,0.08768702367501537,True,False,False
9.14,0.3768291207658331,1.0553709285935586,0.0814780429404184,0.024476850383341346,-0.16468503247850613,0.0,0.02067073580293528,0.35182014238442016,0.0,0.3873987405865343,-0.024999999999999994,0.0,0.38999999999999996,3.0,130.17016854596665,0.08681409225979321,True,False,False
9.145,0.37642066481726205,1.0483327126416702,0.0819403311485361,0.024658920788217912,-0.16468503247850613,0.0,0.02067073580293528,0.3514116360873535,0.0,0.38739287140491313,-0.024999999999999994,0.0,0.38999999999999996,3.0,130.17022659571262,0.08595204719528717,True,False,False
9.15,0.37600990782432164,1.0412425560554048,0.08239652724504817,0.024839458615172165,-0.16335226014262533,0.0,0.01954190696077042,0.3510008300933246,0.0,0.3873872330403076,-0.024999999999999994,0.0,0.38999999999999996,3.0,130.1548782491631,0.0871668317518001,True,False,False
9.155,0.37559688086767934,1.0341008186475815,0.08284653491387338,0.02501901522202886,-0.16335226014262533,0.0,0.01954190696077042,0.35058775541746656,0.0,0.387381813986942,-0.024999999999999994,0.0,0.38999999999999996,3.0,130.1549368307598,0.08625080420965836,True,False,False
9.16,0.3751816152638311,1.0269078743469833,0.08329035248270175,0.025196940211527834,-0.16335226014262533,0.0,0.01954190696077042,0.35017244330981373,0.0,0.3873766027898913,-0.024999999999999994,0.0,0.38999999999999996,3.0,130.15499531299028,0.0853463408220337,True,False,False
9.165000000000001,0.37476414212493797,1.019664198669361,0.08372793877882488,0.02537317838000408,-0.16335226014262533,0.0,0.01954190696077042,0.3497549249192407,0.0,0.38737160288102623,-0.024999999999999994,0.0,0.38999999999999996,3.0,130.15505368119048,0.08445299275448546,True,False,False
9.17,0.37434449276928283,1.0123702819272151,0.08415925329054705,0.025547681321400104,-0.16335226014262533,0.0,0.01954190696077042,0.3493352316012094,0.0,0.38736681775022097,-0.024999999999999994,0.0,0.38999999999999996,3.0,130.15511192145095,0.083570323468376,True,False,False
9.175,0.3739226987184417,1.0050266275424484,0.08458425612112623,0.025720405669097595,-0.16335226014262533,0.0,0.01954190696077042,0.3489133949148786,0.0,0.3873622509382887,-0.024999999999999994,0.0,0.38999999999999996,3.0,130.15517002058954,0.08269790781683757,True,False,False
9.18,0.37349879169457095,0.9976337508027238,0.08500290795885056,0.02589131175852978,-0.16335226014262533,0.0,0.01954190696077042,0.3484894466203392,0.0,0.3873579060317028,-0.024999999999999994,0.0,0.38999999999999996,3.0,130.15522796612362,0.08183533140946046,True,False,False
9.185,0.37307280361778594,0.9901921779503527,0.08541517005856801,0.026060362625369156,-0.16335226014262533,0.0,0.01954190696077042,0.3480634186759494,0.0,0.3873537866585679,-0.024999999999999994,0.0,0.38999999999999996,3.0,130.15528574624645,0.08098219015840327,True,False,False
9.19,0.37264476660358176,0.9827024455223825,0.08582100423132037,0.02622752326505645,-0.16335226014262533,0.0,0.01954190696077042,0.34763534323571754,0.0,0.3873498964856267,-0.024999999999999994,0.0,0.38999999999999996,3.0,130.1553433498015,0.08013808994676853,True,False,False
9.195,0.3722147129602751,0.9751650998690934,0.08622037283969586,0.026392760092328483,-0.16335226014262533,0.0,0.01954190696077042,0.3472052526467099,0.0,0.38734623921597244,-0.024999999999999994,0.0,0.38999999999999996,3.0,130.15540076625825,0.07930264637942881,True,False,False
9.200000000000001,0.37178267518645036,0.9675806968066978,0.08661323879720248,0.026556040551760845,-0.16244448604052852,0.0,0.01825383373305841,0.346773179446465,0.0,0.38734281858727165,-0.024999999999999994,0.0,0.38999999999999996,3.0,130.13809799240997,0.07986971980910898,True,False,False
9.205,0.3713486864225336,0.9599497173043366,0.08699947801280464,0.02671791699757518,-0.16244448604052852,0.0,0.01825383373305841,0.34633915669505533,0.0,0.3873396216911217,-0.024999999999999994,0.0,0.38999999999999996,3.0,130.1381555729689,0.07900015217731925,True,False,False
9.21,0.3709127800121442,0.9522726559625907,0.08737912950473851,0.026877744344332846,-0.16244448604052852,0.0,0.01825383373305841,0.3459032176549016,0.0,0.38733663566555554,-0.024999999999999994,0.0,0.38999999999999996,3.0,130.13821298164132,0.0781394893490906,True,False,False
9.215,0.37047498903583653,0.9445501064548426,0.0877521578830965,0.027035477142500465,-0.16244448604052852,0.0,0.01825383373305841,0.345465395444655,0.0,0.38733386438105444,-0.024999999999999994,0.0,0.38999999999999996,3.0,130.13827020783418,0.07728735931762272,True,False,False
9.22,0.37003534675296174,0.9367826747058289,0.08811852845065717,0.027191075095708537,-0.16244448604052852,0.0,0.01825383373305841,0.345025723362067,0.0,0.3873313117522439,-0.024999999999999994,0.0,0.38999999999999996,3.0,130.13832724154204,0.07644340075270899,True,False,False
9.225,0.36959388659855913,0.9289709775957316,0.08847820717224077,0.027344501827832067,-0.16244448604052852,0.0,0.01825383373305841,0.34458423488082224,0.0,0.3873289817324125,-0.024999999999999994,0.0,0.38999999999999996,3.0,130.13838407332392,0.07560726233918755,True,False,False
9.23,0.3691506421803268,0.9211156419803517,0.0888311606549634,0.02749572394053674,-0.16244448604052852,0.0,0.01825383373305841,0.3441409636474584,0.0,0.3873268783092728,-0.024999999999999994,0.0,0.38999999999999996,3.0,130.13844069428134,0.07477860230630821,True,False,False
9.235,0.3687056472756531,0.9132173039431515,0.08917735613620024,0.02764471030345019,-0.16244448604052852,0.0,0.01825383373305841,0.343695943478352,0.0,0.38732500550165816,-0.024999999999999994,0.0,0.38999999999999996,3.0,130.13849709603605,0.07395708808572597,True,False,False
9.24,0.3682589358286876,0.9052766082269508,0.08951676147698855,0.02779143152606475,-0.16244448604052852,0.0,0.01825383373305841,0.34324920835674755,0.0,0.3873233673568898,-0.024999999999999994,0.0,0.38999999999999996,3.0,130.13855327071073,0.07314239605594766,True,False,False
9.245000000000001,0.3678105419474222,0.8972942077917095,0.0898493451592542,0.027935859569057798,-0.16244448604052852,0.0,0.01825383373305841,0.34280079242979955,0.0,0.3873219679486817,-0.024999999999999994,0.0,0.38999999999999996,3.0,130.13860921090793,0.07233421134487343,True,False,False
9.25,0.36736049990077546,0.889270763471967,0.09017507628571755,0.028077967461102717,-0.1619422611264158,0.0,0.01679878803084944,0.34235073000561955,0.0,0.3873208113754245,-0.024999999999999994,0.0,0.38999999999999996,3.0,130.11923709199667,0.07228450166940503,True,False,False
9.255,0.3669088445949896,0.881206858811165,0.09049379998194496,0.02821831821697834,-0.1619422611264158,0.0,0.01679878803084944,0.3418990558934433,0.0,0.3873198831125807,-0.024999999999999994,0.0,0.38999999999999996,3.0,130.11929284878684,0.07146113544580641,True,False,False
9.26,0.36645561110381203,0.8731030896263627,0.0908055998786009,0.028356268441715,-0.1619422611264158,0.0,0.01679878803084944,0.3414458050692787,0.0,0.387319168674365,-0.024999999999999994,0.0,0.38999999999999996,3.0,130.11934837385678,0.07064412368019365,True,False,False
9.265,0.3660008341797099,0.8649601484722792,0.09111044689709061,0.028491784901438093,-0.1619422611264158,0.0,0.01679878803084944,0.3409910123237859,0.0,0.3873186722591501,-0.024999999999999994,0.0,0.38999999999999996,3.0,130.11940366030842,0.06983317087477899,True,False,False
9.27,0.36554454872361325,0.8567787369212985,0.0914083126645932,0.028624837719940375,-0.1619422611264158,0.0,0.01679878803084944,0.3405347125961683,0.0,0.3873183980931686,-0.024999999999999994,0.0,0.38999999999999996,3.0,130.11945870167088,0.06902799068472634,True,False,False
9.275,0.3650867897816466,0.8485595647141899,0.09169916949728389,0.02875539965310806,-0.1619422611264158,0.0,0.01679878803084944,0.340076940970852,0.0,0.3873183504268318,-0.024999999999999994,0.0,0.38999999999999996,3.0,130.11951349188195,0.06822830548182537,True,False,False
9.28,0.36462759254190763,0.8403033490870097,0.0919829903898363,0.028883445529857263,-0.1619422611264158,0.0,0.01679878803084944,0.33961773267421735,0.0,0.3873185335317514,-0.024999999999999994,0.0,0.38999999999999996,3.0,130.11956802526987,0.06743384603500666,True,False,False
9.285,0.3641669923312802,0.832010814241184,0.09225974900935076,0.029008951827749693,-0.1619422611264158,0.0,0.01679878803084944,0.339157123071367,0.0,0.3873189516983166,-0.024999999999999994,0.0,0.38999999999999996,3.0,130.1196222965371,0.06664435126925894,True,False,False
9.290000000000001,0.3637050246122693,0.8236826909209105,0.09252941969239137,0.029131896354588578,-0.1619422611264158,0.0,0.01679878803084944,0.3386951476629175,0.0,0.38731960923369524,-0.024999999999999994,0.0,0.38999999999999996,3.0,130.11967630074224,0.06585956807696304,True,False,False
9.295,0.3632417249798391,0.8153197160664301,0.0927919774441997,0.029252258011780788,-0.1619422611264158,0.0,0.01679878803084944,0.338231842081796,0.0,0.3873205104601406,-0.024999999999999994,0.0,0.38999999999999996,3.0,130.1197300332857,0.06507925116423222,True,False,False
9.3,0.3627771291582522,0.806922632525512,0.09304739793942304,0.029370016619858396,-0.16182331638097378,0.0,0.015177748717794048,0.3377672420900393,0.0,0.3873216597135518,-0.024999999999999994,0.0,0.38999999999999996,3.0,130.09828829431623,0.06444828632624668,True,False,False
9.305,0.3623112734951946,0.7984921025535667,0.0932954925244945,0.029485750687249145,-0.16182331638097378,0.0,0.015177748717794048,0.337301383920593,0.0,0.38732304073008156,-0.024999999999999994,0.0,0.38999999999999996,3.0,130.0983415232846,0.06367070739534923,True,False,False
9.31,0.36184419446829225,0.7900287990547484,0.09353639295984623,0.029598815396487323,-0.16182331638097378,0.0,0.015177748717794048,0.33683430393579833,0.0,0.38732463727624944,-0.024999999999999994,0.0,0.38999999999999996,3.0,130.09839447292944,0.06289707383695137,True,False,False
9.315,0.3613759281810015,0.781533489751565,0.09377007679313229,0.029709190057479958,-0.16182331638097378,0.0,0.015177748717794048,0.33636603827579925,0.0,0.3873264537531671,-0.024999999999999994,0.0,0.38999999999999996,3.0,130.09844713961218,0.06212716621991553,True,False,False
9.32,0.36090651085300607,0.7730069480661996,0.09399652227793102,0.029816855490327542,-0.16182331638097378,0.0,0.015177748717794048,0.33589662319679225,0.0,0.38732849457355834,-0.024999999999999994,0.0,0.38999999999999996,3.0,130.09849951997106,0.061360772784740905,True,False,False
9.325000000000001,0.3604359788168853,0.7644499527302692,0.09421570836958063,0.029921793785613868,-0.16182331638097378,0.0,0.015177748717794048,0.33542609506765225,0.0,0.3873307641599224,-0.024999999999999994,0.0,0.38999999999999996,3.0,130.0985516109072,0.06059768921557089,True,False,False
9.33,0.3599643685147926,0.7558632874440758,0.09442761472319271,0.030023988114327865,-0.16182331638097378,0.0,0.015177748717794048,0.33495449036656805,0.0,0.38733326694291903,-0.024999999999999994,0.0,0.38999999999999996,3.0,130.09860340957164,0.05983771845918803,True,False,False
9.335,0.3594917164951368,0.7472477405966249,0.09463222169318762,0.030123422580025427,-0.16182331638097378,0.0,0.015177748717794048,0.33448184567768313,0.0,0.3873360073599623,-0.024999999999999994,0.0,0.38999999999999996,3.0,130.09865491335165,0.05908067057511163,True,False,False
9.34,0.3590180594092687,0.7386041050074923,0.0948295103338862,0.030220082105417323,-0.16182331638097378,0.0,0.015177748717794048,0.3340081976877405,0.0,0.3873389898539425,-0.024999999999999994,0.0,0.38999999999999996,3.0,130.09870611985932,0.05832636260613125,True,False,False
9.345,0.3585434340081625,0.729933177710424,0.0950194624008258,0.030313952346213924,-0.16182331638097378,0.0,0.015177748717794048,0.3335335831827218,0.0,0.38734221887207854,-0.024999999999999994,0.0,0.38999999999999996,3.0,130.09875702691897,0.05757461846219991,True,False,False
9.35,0.35806787713909,0.7212357597504797,0.09520206035256633,0.03040501962611397,-0.1620636723749512,0.0,0.013400939610967739,0.33305803904448017,0.0,0.3873456988648676,-0.024999999999999994,0.0,0.38999999999999996,3.0,130.07536767318257,0.05640094670405811,True,False,False
9.355,0.35759142624717133,0.7125125682711206,0.0953770795238771,0.03049387833045223,-0.1620636723749512,0.0,0.013400939610967739,0.3325816025857779,0.0,0.3873494118250868,-0.024999999999999994,0.0,0.38999999999999996,3.0,130.07541778851615,0.05566879386946502,True,False,False
9.36,0.35711411886889033,0.703764329541204,0.0955447022967533,0.03057988094672108,-0.1620636723749512,0.0,0.013400939610967739,0.332104311210494,0.0,0.38735333976820885,-0.024999999999999994,0.0,0.38999999999999996,3.0,130.07546758836742,0.05493834986427805,True,False,False
9.365,0.3566359921229855,0.6949918630689466,0.0957049130105778,0.030663018382620956,-0.1620636723749512,0.0,0.013400939610967739,0.33162620207092414,0.0,0.38735748717796986,-0.024999999999999994,0.0,0.38999999999999996,3.0,130.07551707188617,0.05420947024249699,True,False,False
9.370000000000001,0.3561570832110814,0.686195991010263,0.09585769670298867,0.03074328124165684,-0.1620636723749512,0.0,0.013400939610967739,0.33114731240181444,0.0,0.3873618585349541,-0.024999999999999994,0.0,0.38999999999999996,3.0,130.0755662383623,0.05348201675477751,True,False,False
9.375,0.3556774294143581,0.6773775382286342,0.09600303911716156,0.030820660044192857,-0.1620636723749512,0.0,0.013400939610967739,0.3306676795169998,0.0,0.38736645831657024,-0.024999999999999994,0.0,0.38999999999999996,3.0,130.07561508721702,0.052755857313480356,True,False,False
9.38,0.35519706809018586,0.6685373322953634,0.09614092670761622,0.030895145388768842,-0.1620636723749512,0.0,0.013400939610967739,0.3301873408060046,0.0,0.3873712909968431,-0.024999999999999994,0.0,0.38999999999999996,3.0,130.07566361799343,0.05203086593927746,True,False,False
9.385,0.3547160366687439,0.6596762034505067,0.0962713466449705,0.030966728069032598,-0.1620636723749512,0.0,0.013400939610967739,0.3297063337306238,0.0,0.38737636104598566,-0.024999999999999994,0.0,0.38999999999999996,3.0,130.07571183034904,0.05130692269462202,True,False,False
9.39,0.35423437264961327,0.650794984531804,0.09639428681992881,0.031035399157954544,-0.1620636723749512,0.0,0.013400939610967739,0.32922469582147895,0.0,0.38738167292994924,-0.024999999999999994,0.0,0.38999999999999996,3.0,130.07575972404564,0.05058391360779971,True,False,False
9.395,0.3537521135983597,0.6418945108882275,0.09650973584671388,0.0311011500680789,-0.1620636723749512,0.0,0.013400939610967739,0.32874246467456136,0.0,0.3873872311098269,-0.024999999999999994,0.0,0.38999999999999996,3.0,130.07580729894264,0.049861730590213565,True,False,False
9.4,0.35326929714310046,0.6329756202741629,0.09661768306607968,0.031163972594314852,-0.16263880973447567,0.0,0.011486713849458152,0.32825967794775796,0.0,0.38739304004124525,-0.024999999999999994,0.0,0.38999999999999996,3.0,130.0507003294023,0.048185245410058114,True,False,False
9.405,0.3527859614710999,0.6240390638514332,0.09671786680679163,0.031224473765216077,-0.16263880973447567,0.0,0.011486713849458152,0.3277763736798367,0.0,0.38739908008723895,-0.024999999999999994,0.0,0.38999999999999996,3.0,130.05074685889852,0.047498453692947626,True,False,False
9.41,0.3523021448219789,0.615085600654716,0.09681052116340232,0.03128200454958742,-0.16263880973447567,0.0,0.011486713849458152,0.32729258996209726,0.0,0.38740533162730656,-0.024999999999999994,0.0,0.38999999999999996,3.0,130.05079304719033,0.04681133112501992,True,False,False
9.415000000000001,0.35181788498597105,0.6061160814432967,0.09689563733490715,0.03133656594954388,-0.16263880973447567,0.0,0.011486713849458152,0.3268083646137829,0.0,0.3874117991234114,-0.024999999999999994,0.0,0.38999999999999996,3.0,130.05083889573652,0.046123806242066176,True,False,False
9.42,0.35133321980228227,0.597131356989846,0.09697320720668129,0.03138815694100301,-0.16263880973447567,0.0,0.011486713849458152,0.3263237355024306,0.0,0.38741848702173043,-0.024999999999999994,0.0,0.38999999999999996,3.0,130.0508844060164,0.04543581229171276,True,False,False
9.425,0.3508481871558013,0.5881322785717997,0.09704322336804758,0.03143677512784378,-0.16263880973447567,0.0,0.011486713849458152,0.3258387405405618,0.0,0.38742539975441437,-0.024999999999999994,0.0,0.38999999999999996,3.0,130.05092957952473,0.044747287378276504,True,False,False
9.43,0.35036282497374116,0.5791196982871772,0.09710567912511522,0.03148241723456021,-0.16263880973447567,0.0,0.011486713849458152,0.3253534176822982,0.0,0.38743254174065667,-0.024999999999999994,0.0,0.38999999999999996,3.0,130.0509744177673,0.044058174528115834,True,False,False
9.435,0.34987717122222495,0.5700944692536102,0.09716056851027656,0.031525079473788985,-0.16263880973447567,0.0,0.011486713849458152,0.3248678049199188,0.0,0.3874399173873146,-0.024999999999999994,0.0,0.38999999999999996,3.0,130.05101892225593,0.04336842170062066,True,False,False
9.44,0.34939126390283715,0.5610574457145525,0.09720788628933094,0.03156475781843864,-0.16263880973447567,0.0,0.011486713849458152,0.32438194028037737,0.0,0.3874475310891582,-0.024999999999999994,0.0,0.38999999999999996,3.0,130.05106309450437,0.04267798176202221,True,False,False
9.445,0.3489051410491434,0.5520094830763954,0.09724762796691315,0.031601448201963825,-0.16263880973447567,0.0,0.011486713849458152,0.3238958618217872,0.0,0.38745538722887085,-0.024999999999999994,0.0,0.38999999999999996,3.0,130.051106936024,0.04198681243375926,True,False,False
9.450000000000001,0.3484188407231886,0.5429514378986109,0.09727978979069817,0.03163514666502246,-0.16352477923788108,0.0,0.009459602499361518,0.32340960762988136,0.0,0.3874634901768767,-0.024999999999999994,0.0,0.38999999999999996,3.0,130.02459491883855,0.03984714420372612,True,False,False
9.455,0.34793240149401655,0.5338840784928666,0.097304073511533,0.03166646697770143,-0.16352477923788108,0.0,0.009459602499361518,0.3229232161118469,0.0,0.38747181887858717,-0.024999999999999994,0.0,0.38999999999999996,3.0,130.02463749644977,0.039206170852031055,True,False,False
9.46,0.34744586194399224,0.5248081800671281,0.09732076450305968,0.03169476227369474,-0.16352477923788108,0.0,0.009459602499361518,0.3224367256889049,0.0,0.38748035229122424,-0.024999999999999994,0.0,0.38999999999999996,3.0,130.02467971648434,0.038563037650485577,True,False,False
9.465,0.34695926018748635,0.5157246077658936,0.09732986082828371,0.03172004208780043,-0.16352477923788108,0.0,0.009459602499361518,0.3219501744988393,0.0,0.3874890947702345,-0.024999999999999994,0.0,0.38999999999999996,3.0,130.02472158224708,0.03791774313535949,True,False,False
9.47,0.3464726343537225,0.5066342245426496,0.09733136122243442,0.031742312330441315,-0.16352477923788108,0.0,0.009459602499361518,0.32146360069339597,0.0,0.38749805064492693,-0.024999999999999994,0.0,0.38999999999999996,3.0,130.02476309696158,0.03727028906063637,True,False,False
9.475,0.34598602258355876,0.4975378920461281,0.09732526511966011,0.031761576346337396,-0.16352477923788108,0.0,0.009459602499361518,0.3209770424350591,0.0,0.38750722422184997,-0.024999999999999994,0.0,0.38999999999999996,3.0,130.0248042637696,0.03662068071148308,True,False,False
9.48,0.34549946302616047,0.48843647123552736,0.09731157267209566,0.03177783571726038,-0.16352477923788108,0.0,0.009459602499361518,0.3204905378937078,0.0,0.38751661978711993,-0.024999999999999994,0.0,0.38999999999999996,3.0,130.0248450857299,0.03596892708129079,True,False,False
9.485,0.3450129938355931,0.4793308227961761,0.09729028476356175,0.03179109086462159,-0.16352477923788108,0.0,0.009459602499361518,0.3200041252431871,0.0,0.3875262416079497,-0.024999999999999994,0.0,0.38999999999999996,3.0,130.0248855658173,0.03531504095596136,True,False,False
9.49,0.3445266531673539,0.47022180740471464,0.09726140301946766,0.031801341498316406,-0.16352477923788108,0.0,0.009459602499361518,0.3195178426578138,0.0,0.3875360939336062,-0.024999999999999994,0.0,0.38999999999999996,3.0,130.02492570692195,0.03465903893519803,True,False,False
9.495000000000001,0.344040479174866,0.4611102858791907,0.09722492981401559,0.0318085869490683,-0.16352477923788108,0.0,0.009459602499361518,0.31903172830883875,0.0,0.38754618099592764,-0.024999999999999994,0.0,0.38999999999999996,3.0,130.02496551184888,0.03400094141101566,True,False,False
9.5,0.34355451000593856,0.451997119256732,0.09718086827547133,0.03181282641339651,-0.1646991468017851,0.0,0.007348142549882546,0.3185458203608743,0.0,0.38755650700954847,-0.024999999999999994,0.0,0.38999999999999996,3.0,129.997415138332,0.03143606228686881,True,False,False
9.505,0.3430687842506015,0.44288307994324966,0.09712888537238006,0.03181467270263709,-0.1646991468017851,0.0,0.007348142549882546,0.31806015723257863,0.0,0.38756704978592604,-0.024999999999999994,0.0,0.38999999999999996,3.0,129.9974534955052,0.030842060914486658,True,False,False
9.51,0.34258334047344013,0.43376894648821435,0.09706931587931494,0.03181348700424253,-0.1646991468017851,0.0,0.007348142549882546,0.31757477731850964,0.0,0.3875777871450712,-0.024999999999999994,0.0,0.38999999999999996,3.0,129.99749148704805,0.030244283472213404,True,False,False
9.515,0.34209821676523605,0.42465558496526445,0.09700216468139553,0.03180928604713078,-0.1646991468017851,0.0,0.007348142549882546,0.3170897187266637,0.0,0.3875887232704386,-0.024999999999999994,0.0,0.38999999999999996,3.0,129.9975291176834,0.029642794656885768,True,False,False
9.52,0.34161345119757097,0.4155438574126194,0.09692743732007064,0.03180208146902309,-0.1646991468017851,0.0,0.007348142549882546,0.31660501954477965,0.0,0.3875998623110508,-0.024999999999999994,0.0,0.38999999999999996,3.0,129.99756639196977,0.029037660891258657,True,False,False
9.525,0.3411290818197077,0.40643462308792544,0.09684514002781777,0.031791881251838724,-0.1646991468017851,0.0,0.007348142549882546,0.31612071783722484,0.0,0.3876112083863896,-0.024999999999999994,0.0,0.38999999999999996,3.0,129.99760331430463,0.028428950796720545,True,False,False
9.53,0.34064514665508033,0.397328739670878,0.09675528017111651,0.03177868211909097,-0.1646991468017851,0.0,0.007348142549882546,0.31563685164149036,0.0,0.3876227655911819,-0.024999999999999994,0.0,0.38999999999999996,3.0,129.99763988892784,0.027816720186231186,True,False,False
9.535,0.34016168369141603,0.3882270706574864,0.09665786828415628,0.03176244513435909,-0.1646991468017851,0.0,0.007348142549882546,0.3151534589584961,0.0,0.38763453802616904,-0.024999999999999994,0.0,0.38999999999999996,3.0,129.99767611994818,0.027200960317853226,True,False,False
9.540000000000001,0.3396787308669995,0.3791304894823231,0.09655291565013599,0.0317431675354462,-0.1646991468017851,0.0,0.007348142549882546,0.31467057773894574,0.0,0.38764652981614167,-0.024999999999999994,0.0,0.38999999999999996,3.0,129.99771201136423,0.026581714441927473,True,False,False
9.545,0.33919632607572375,0.37003986283713947,0.09644043252661583,0.0317208796443124,-0.1646991468017851,0.0,0.007348142549882546,0.3141882458878642,0.0,0.3876587450411233,-0.024999999999999994,0.0,0.38999999999999996,3.0,129.9977475670147,0.025959083926638024,True,False,False
9.55,0.338714507167388,0.3609560490336357,0.09632042943218123,0.031695609374905134,-0.16614141271882754,0.0,0.005182451837876139,0.31370650126481847,0.0,0.3876711877293253,-0.024999999999999994,0.0,0.38999999999999996,3.0,129.96954765820968,0.023004234845146604,True,False,False
9.555,0.3382333123756292,0.35187979024790994,0.09619253227602173,0.031668129503957934,-0.16614141271882754,0.0,0.005182451837876139,0.3132253819264413,0.0,0.3876838347850577,-0.024999999999999994,0.0,0.38999999999999996,3.0,129.96958161633822,0.02245891706231888,True,False,False
9.56,0.33775277988504826,0.34281183337693133,0.09605712715900255,0.031637655735306594,-0.16614141271882754,0.0,0.005182451837876139,0.31274492588234104,0.0,0.3876966631141319,-0.024999999999999994,0.0,0.38999999999999996,3.0,129.96961520835106,0.02190836175478461,True,False,False
9.565,0.3372729473982553,0.33375303227333286,0.09591422606488544,0.03160421432961302,-0.16614141271882754,0.0,0.005182451837876139,0.31226517084597466,0.0,0.38770967667307804,-0.024999999999999994,0.0,0.38999999999999996,3.0,129.9696484400251,0.02135270270084924,True,False,False
9.57,0.3367938525635713,0.3247042337986644,0.0957638413820132,0.03156782768163075,-0.16614141271882754,0.0,0.005182451837876139,0.31178615447529545,0.0,0.3877228793718794,-0.024999999999999994,0.0,0.38999999999999996,3.0,129.96968131690318,0.020792076100266885,True,False,False
9.575000000000001,0.3363155329731426,0.31566627896509497,0.09560598595515632,0.0315285142666776,-0.16614141271882754,0.0,0.005182451837876139,0.3113079143708754,0.0,0.3877362750783457,-0.024999999999999994,0.0,0.38999999999999996,3.0,129.96971384429966,0.020226620362224085,True,False,False
9.58,0.3358380261608157,0.30664000403194525,0.0954406731324872,0.031486288821811995,-0.16614141271882754,0.0,0.005182451837876139,0.31083048807378394,0.0,0.38774986762238195,-0.024999999999999994,0.0,0.38999999999999996,3.0,129.9697460273055,0.019656475886783223,True,False,False
9.585,0.33536136959979534,0.29762624153736206,0.09526791680808432,0.03144116265768304,-0.16614141271882754,0.0,0.005182451837876139,0.3103539130632488,0.0,0.38776366079998675,-0.024999999999999994,0.0,0.38999999999999996,3.0,129.96977787079342,0.019081784846413527,True,False,False
9.59,0.3348856007001065,0.28862582122398767,0.09508773146035708,0.03139314403580107,-0.16614141271882754,0.0,0.005182451837876139,0.3098782267541163,0.0,0.38777765837688405,-0.024999999999999994,0.0,0.38999999999999996,3.0,129.96980937942396,0.018502690972033317,True,False,False
9.595,0.3344107568058758,0.27963957085763747,0.09490013218675122,0.03134223857091146,-0.16614141271882754,0.0,0.005182451837876139,0.30940346649412775,0.0,0.3877918640917384,-0.024999999999999994,0.0,0.38999999999999996,3.0,129.96984055765006,0.01791933934634267,True,False,False
9.6,0.3339368751924518,0.27066831692560445,0.09470513473506055,0.031288449634105486,-0.16783359003422493,0.0,0.002995005281913562,0.30892966956103074,0.0,0.3878062816589374,-0.024999999999999994,0.0,0.38999999999999996,3.0,129.94141247217107,0.014607608279134973,True,False,False
9.605,0.3334639934460721,0.2617127746055908,0.0945023338098831,0.03123254032842049,-0.16783359003422493,0.0,0.002995005281913562,0.3084568733638957,0.0,0.3878208874795446,-0.024999999999999994,0.0,0.38999999999999996,3.0,129.94144193503828,0.014114259564868364,True,False,False
9.61,0.3329921490755379,0.2527736707953669,0.09429215797731329,0.031173688844841417,-0.16783359003422493,0.0,0.002995005281913562,0.3079851152372767,0.0,0.3878356579838621,-0.024999999999999994,0.0,0.38999999999999996,3.0,129.94147103778167,0.01361455162293626,True,False,False
9.615,0.3325213791239899,0.24385184693099082,0.0940746254564077,0.031111905237639965,-0.16783359003422493,0.0,0.002995005281913562,0.3075144322293327,0.0,0.38785059689107027,-0.024999999999999994,0.0,0.38999999999999996,3.0,129.9414997868387,0.013108661601467453,True,False,False
9.620000000000001,0.3320517205489234,0.23494814162865293,0.09384975509222435,0.031047199026568623,-0.16783359003422493,0.0,0.002995005281913562,0.30704486130143893,0.0,0.38786570789054386,-0.024999999999999994,0.0,0.38999999999999996,3.0,129.94152818837404,0.012596768340883316,True,False,False
9.625,0.33158321021925397,0.22606339087761365,0.0936175663766556,0.03097957894361176,-0.16783359003422493,0.0,0.002995005281913562,0.30657643932523587,0.0,0.38788099464272574,-0.024999999999999994,0.0,0.38999999999999996,3.0,129.94155624828693,0.012079052194909186,True,False,False
9.63,0.33111588491228744,0.21719842829693475,0.09337807946726728,0.03090905285708567,-0.16783359003422493,0.0,0.002995005281913562,0.30610920307958484,0.0,0.3878964607801461,-0.024999999999999994,0.0,0.38999999999999996,3.0,129.9415839722184,0.011555694848141729,True,False,False
9.635,0.33064978131060974,0.2083540853647534,0.09313131520431042,0.03083562780265054,-0.16783359003422493,0.0,0.002995005281913562,0.30564318924744205,0.0,0.38791210990848,-0.024999999999999994,0.0,0.38999999999999996,3.0,129.94161136555851,0.011026879134258837,True,False,False
9.64,0.33018493599890253,0.19953119165706804,0.09287729512605843,0.030759310076309335,-0.16783359003422493,0.0,0.002995005281913562,0.30517843441265813,0.0,0.38792794560752875,-0.024999999999999994,0.0,0.38999999999999996,3.0,129.94163843345387,0.010492788857748098,True,False,False
9.645,0.3297213854606896,0.19073057503776134,0.09261604148260742,0.03068010536095186,-0.16783359003422493,0.0,0.002995005281913562,0.3047149750567067,0.0,0.3879439714321206,-0.024999999999999994,0.0,0.38999999999999996,3.0,129.941665180814,0.009953608620980332,True,False,False
9.65,0.32925916607502576,0.18195306180913853,0.09234757724826057,0.03059801886861639,-0.1697630931332136,0.0,0.0008166220638225023,0.3042528475553542,0.0,0.3879601909128373,-0.024999999999999994,0.0,0.38999999999999996,3.0,129.9134104724558,0.006310321225155471,True,False,False
9.655,0.32879831443438046,0.17319937557674125,0.09207147749854445,0.030513735756425197,-0.1697630931332136,0.0,0.0008166220638225023,0.3037920883298795,0.0,0.3879765804769002,-0.024999999999999994,0.0,0.38999999999999996,3.0,129.9134354164601,0.005873016372881346,True,False,False
9.66,0.3283388669895569,0.16447027104399242,0.09178821468633408,0.030426420270610828,-0.1697630931332136,0.0,0.0008166220638225023,0.3033327336639855,0.0,0.387993116665004,-0.024999999999999994,0.0,0.38999999999999996,3.0,129.9134600127011,0.005428065093527008,True,False,False
9.665000000000001,0.3278808597288733,0.15576660555425853,0.09149781524273644,0.030336149482133184,-0.1697630931332136,0.0,0.0008166220638225023,0.3028748195467317,0.0,0.38800980308933497,-0.024999999999999994,0.0,0.38999999999999996,3.0,129.91348426811857,0.0049757497899432165,True,False,False
9.67,0.32742432851373815,0.14708921652335702,0.09120030565090242,0.030242985316814686,-0.1697630931332136,0.0,0.0008166220638225023,0.30241838183869674,0.0,0.3880266432654802,-0.024999999999999994,0.0,0.38999999999999996,3.0,129.91350818932628,0.004516334676984694,True,False,False
9.675,0.32696930907843064,0.1384389255771546,0.09089571266378464,0.03014697646596462,-0.1697630931332136,0.0,0.0008166220638225023,0.3019634562718562,0.0,0.3880436406290571,-0.024999999999999994,0.0,0.38999999999999996,3.0,129.91353178262852,0.004050072014456674,True,False,False
9.68,0.3265158370289348,0.1298165420155231,0.09058406345492877,0.030048160726052157,-0.1697630931332136,0.0,0.0008166220638225023,0.3015100784484924,0.0,0.3880607985496096,-0.024999999999999994,0.0,0.38999999999999996,3.0,129.9135550540343,0.003577206162281514,True,False,False
9.685,0.3260639478410946,0.12122286558623747,0.0902653857228234,0.029946567285115914,-0.1697630931332136,0.0,0.0008166220638225023,0.30105828383940736,0.0,0.3880781203418221,-0.024999999999999994,0.0,0.38999999999999996,3.0,129.91357800926983,0.003097976215950142,True,False,False
9.69,0.3256136768582806,0.11265868867180119,0.08993970776302665,0.029842218744091365,-0.1697630931332136,0.0,0.0008166220638225023,0.30060810778162855,0.0,0.38809560927430287,-0.024999999999999994,0.0,0.38999999999999996,3.0,129.91360065378908,0.0026126177134792594,True,False,False
9.695,0.3251650592887148,0.10412479791328905,0.08960705851791254,0.029735132805653708,-0.1697630931332136,0.0,0.0008166220638225023,0.3001595854757598,0.0,0.388113268576229,-0.024999999999999994,0.0,0.38999999999999996,3.0,129.91362299278438,0.0021213637326450638,True,False,False
9.700000000000001,0.32471813020255236,0.09562197541555982,0.08926746761084489,0.029625323635392782,-0.1719170449362237,0.0,-0.0013310958655975164,0.29971275198307623,0.0,0.3881311014423039,-0.024999999999999994,0.0,0.38999999999999996,3.0,129.88582160600265,0.001829032933541079,True,False,False
9.705,0.3242729247711168,0.08715092517156552,0.08892049896156204,0.029513314838759463,-0.1719170449362237,0.0,-0.0013310958655975164,0.29926764231333985,0.0,0.3881490845069829,-0.024999999999999994,0.0,0.38999999999999996,3.0,129.88584208610786,0.002207369038065142,True,False,False
9.71,0.3238294779927137,0.07871235354289652,0.08856664635038371,0.02939858824583242,-0.1719170449362237,0.0,-0.0013310958655975164,0.2988242913073014,0.0,0.3881671944027095,-0.024999999999999994,0.0,0.38999999999999996,3.0,129.88586223743533,0.0025941440178807937,True,False,False
9.715,0.32338782446173414,0.07030703291031327,0.0882059406601131,0.02928118501979853,-0.1719170449362237,0.0,-0.0013310958655975164,0.29838273355454453,0.0,0.38818543424372454,-0.024999999999999994,0.0,0.38999999999999996,3.0,129.88588206703005,0.002989073982716424,True,False,False
9.72,0.32294799862297363,0.06193572554221914,0.08783841332302304,0.02916113545990913,-0.1719170449362237,0.0,-0.0013310958655975164,0.29794300349381586,0.0,0.3882038070879187,-0.024999999999999994,0.0,0.38999999999999996,3.0,129.88590158161063,0.003391879224927105,True,False,False
9.725,0.32251003476927936,0.05359918618197224,0.0874640963826816,0.029038461957254385,-0.1719170449362237,0.0,-0.0013310958655975164,0.29750513541072765,0.0,0.3882223159476469,-0.024999999999999994,0.0,0.38999999999999996,3.0,129.88592078758185,0.0038022830840057087,True,False,False
9.73,0.322073967038887,0.045298163999465214,0.08708302253654066,0.028913181249525736,-0.1719170449362237,0.0,-0.0013310958655975164,0.29706916343513,0.0,0.38824096379753253,-0.024999999999999994,0.0,0.38999999999999996,3.0,129.8859396910463,0.004220011214861069,True,False,False
9.735,0.3216398294125225,0.03703340402914184,0.08669522516519532,0.028785306122506647,-0.1719170449362237,0.0,-0.0013310958655975164,0.29663512153823407,0.0,0.3882597535800878,-0.024999999999999994,0.0,0.38999999999999996,3.0,129.88595829781562,0.004644791129180523,True,False,False
9.74,0.3212076557103425,0.028805647983422687,0.08630073835236608,0.028654846683581422,-0.1719170449362237,0.0,-0.0013310958655975164,0.29620304352956295,0.0,0.38827868820965056,-0.024999999999999994,0.0,0.38999999999999996,3.0,129.88597661342163,0.005076351921167711,True,False,False
9.745000000000001,0.3207774795887604,0.020615635007689294,0.08589959689838682,0.02852181130901886,-0.1719170449362237,0.0,-0.0013310958655975164,0.2957729630537814,0.0,0.38829777057510834,-0.024999999999999994,0.0,0.38999999999999996,3.0,129.88599464312628,0.005514424117680855,True,False,False
9.75,0.3203493345372005,0.012464101977440873,0.085491836329118,0.02838620734531634,-0.17428457018549506,0.0,-0.0034184668332587313,0.2953449135874464,0.0,0.3883170035416977,-0.024999999999999994,0.0,0.38999999999999996,3.0,129.8590345218788,0.009748710458902271,True,False,False
9.755,0.319923254056339,0.00435171618560058,0.08507700550534569,0.028248505594871465,-0.17428457018549506,0.0,-0.0034184668332587313,0.2949189284836207,0.0,0.3883363642559777,-0.024999999999999994,0.0,0.38999999999999996,3.0,129.8590506687033,0.010062861626069335,True,False,False
9.76,0.3194992714517439,0.003720851340649967,0.08465561067040132,0.028108222243630725,-0.17428457018549506,0.0,-0.0034184668332587313,0.29449504090483053,0.0,0.3883558298701776,-0.024999999999999994,0.0,0.38999999999999996,3.0,129.8590665116268,0.010386278237443217,True,False,False
9.765,0.31907742011341705,0.011752848265306455,0.08422751756289563,0.02796525310279892,-0.17428457018549506,0.0,-0.0034184668332587313,0.2940732842337577,0.0,0.38837540327535935,-0.024999999999999994,0.0,0.38999999999999996,3.0,129.85908205762772,0.01071863738017808,True,False,False
9.77,0.31865773390529134,0.019743501563827766,0.08379271773189735,0.02781959546684868,-0.17428457018549506,0.0,-0.0034184668332587313,0.29365369232647986,0.0,0.3883950874302411,-0.024999999999999994,0.0,0.38999999999999996,3.0,129.85909731335417,0.01105962135020331,True,False,False
9.775,0.31824024655356176,0.027692045643098327,0.08335125107383337,0.027671280154985194,-0.17428457018549506,0.0,-0.0034184668332587313,0.2932362989002085,0.0,0.3884148852505568,-0.024999999999999994,0.0,0.38999999999999996,3.0,129.85911228513677,0.011408915957957816,True,False,False
9.78,0.3178249915908015,0.03559772284052106,0.08290315815521702,0.02752033195476173,-0.17428457018549506,0.0,-0.0034184668332587313,0.2928211374773905,0.0,0.3884347996068463,-0.024999999999999994,0.0,0.38999999999999996,3.0,129.85912697900147,0.011766210106421031,True,False,False
9.785,0.3174120023530659,0.043459781888208045,0.08244848024285764,0.027366771393032438,-0.17428457018549506,0.0,-0.0034184668332587313,0.2924082413828383,0.0,0.3884548333305005,-0.024999999999999994,0.0,0.38999999999999996,3.0,129.8591414006822,0.012131195279949492,True,False,False
9.790000000000001,0.3170013119768173,0.05127747699596233,0.08198725932403061,0.02721061606904449,-0.17428457018549506,0.0,-0.0034184668332587313,0.2919976437406729,0.0,0.38847498921809465,-0.024999999999999994,0.0,0.38999999999999996,3.0,129.85915555563201,0.012503565234024808,True,False,False
9.795,0.31659295339574006,0.059050067072895084,0.08151953811970876,0.02705188164984346,-0.17428457018549506,0.0,-0.0034184668332587313,0.2915893774711461,0.0,0.3884952700343905,-0.024999999999999994,0.0,0.38999999999999996,3.0,129.8591694490348,0.012883015820700477,True,False,False
9.8,0.316186959337472,0.06677681539584543,0.08104536009297031,0.026890582608890864,-0.1768580754325297,0.0,-0.005425316489320483,0.29118347528737737,0.0,0.3885156785144016,-0.024999999999999994,0.0,0.38999999999999996,3.0,129.83331405053733,0.017383296793002698,True,False,False
9.805,0.3157833624431228,0.07445704886755224,0.08056426462345599,0.02672714149458936,-0.1768580754325297,0.0,-0.005425316489320483,0.2907799697007942,0.0,0.3885361927551393,-0.024999999999999994,0.0,0.38999999999999996,3.0,129.8333260687268,0.017628191397987263,True,False,False
9.81,0.3153821951058748,0.08209009357343221,0.08007679892390583,0.026561152910004715,-0.1768580754325297,0.0,-0.005425316489320483,0.2903788929797785,0.0,0.38855679085040123,-0.024999999999999994,0.0,0.38999999999999996,3.0,129.83333781393628,0.017883129230479793,True,False,False
9.815,0.31498348936277243,0.08967522752872743,0.07958300757456525,0.02639266916702502,-0.1768580754325297,0.0,-0.005425316489320483,0.28998027715246677,0.0,0.3885774754473189,-0.024999999999999994,0.0,0.38999999999999996,3.0,129.83334929287525,0.018147746948312345,True,False,False
9.82,0.31458727703308165,0.09721174192187365,0.07908293569297316,0.026221730366257308,-0.1768580754325297,0.0,-0.005425316489320483,0.2895841540281146,0.0,0.3885982491289958,-0.024999999999999994,0.0,0.38999999999999996,3.0,129.83336051192654,0.018421687339620553,True,False,False
9.825000000000001,0.31419358971623285,0.10469893807377906,0.07857662899807699,0.026048367684948042,-0.1768580754325297,0.0,-0.005425316489320483,0.2891905551951013,0.0,0.38861911442673003,-0.024999999999999994,0.0,0.38999999999999996,3.0,129.8333714771602,0.018704598024919666,True,False,False
9.83,0.3138024587894143,0.11213612527503869,0.07806413385384774,0.025872605889663974,-0.1768580754325297,0.0,-0.005425316489320483,0.28879951201856774,0.0,0.3886400738288916,-0.024999999999999994,0.0,0.38999999999999996,3.0,129.83338219434867,0.0189961306155894,True,False,False
9.835,0.3134139154048974,0.1195226192158209,0.07754549729885486,0.025694465234844373,-0.1768580754325297,0.0,-0.005425316489320483,0.2884110556377708,0.0,0.38866112978736905,-0.024999999999999994,0.0,0.38999999999999996,3.0,129.83339266897858,0.019295940180926265,True,False,False
9.84,0.31302799048717955,0.12685774092733135,0.07702076706618884,0.025513962885027507,-0.1768580754325297,0.0,-0.005425316489320483,0.28802521696324773,0.0,0.38868228472215427,-0.024999999999999994,0.0,0.38999999999999996,3.0,129.83340290626353,0.019603684923369225,True,False,False
9.845,0.3126447147300054,0.13414081603720407,0.07648999159671663,0.025331113973284063,-0.1768580754325297,0.0,-0.005425316489320483,0.28764202667384847,0.0,0.3887035410245336,-0.024999999999999994,0.0,0.38999999999999996,3.0,129.83341291115593,0.019919025994057864,True,False,False
9.85,0.31226411859330494,0.14137117431718307,0.07595322004771146,0.025145932384980293,-0.1796306980559111,0.0,-0.007338278807394832,0.2872615152136826,0.0,0.38872490105926316,-0.024999999999999994,0.0,0.38999999999999996,3.0,129.80883620001293,0.02466863847629902,True,False,False
9.855,0.3118862323684965,0.1485482004329483,0.07540998158892803,0.02495877987767808,-0.1796306980559111,0.0,-0.007338278807394832,0.28688371276354535,0.0,0.388746343810236,-0.024999999999999994,0.0,0.38999999999999996,3.0,129.80884437036792,0.02483908951041036,True,False,False
9.86,0.3115110860687235,0.15567127841222997,0.07486084519842608,0.02476931393139109,-0.1796306980559111,0.0,-0.007338278807394832,0.28650864923113384,0.0,0.3887678482601227,-0.024999999999999994,0.0,0.38999999999999996,3.0,129.80885230463406,0.02502029882092755,True,False,False
9.865,0.3111387093767112,0.1627397537158394,0.07430586094380427,0.02457758941649416,-0.1796306980559111,0.0,-0.007338278807394832,0.28613635428965195,0.0,0.3887894166902951,-0.024999999999999994,0.0,0.38999999999999996,3.0,129.8088600090438,0.02521186632308082,True,False,False
9.870000000000001,0.31076913173052734,0.16975298555120533,0.07374507939695787,0.02438364799972697,-0.1796306980559111,0.0,-0.007338278807394832,0.2857668573667059,0.0,0.3888110513184517,-0.024999999999999994,0.0,0.38999999999999996,3.0,129.8088674895176,0.025413399232451072,True,False,False
9.875,0.31040238232186457,0.17671034359981544,0.07317855170138853,0.024187521697540838,-0.1796306980559111,0.0,-0.007338278807394832,0.2854001876426501,0.0,0.3888327543118113,-0.024999999999999994,0.0,0.38999999999999996,3.0,129.80887475167887,0.025624510646912145,True,False,False
9.88,0.31003849009393253,0.18361120567364797,0.07260632961805039,0.023989235592928343,-0.1796306980559111,0.0,-0.007338278807394832,0.2850363740485252,0.0,0.3888545277967385,-0.024999999999999994,0.0,0.38999999999999996,3.0,129.80888180086785,0.02584481862313869,True,False,False
9.885,0.3096774837390574,0.19045495602876245,0.07202846555660118,0.023788809889207438,-0.1796306980559111,0.0,-0.007338278807394832,0.2846754452636897,0.0,0.3888763738657033,-0.024999999999999994,0.0,0.38999999999999996,3.0,129.80888864215493,0.026073945587369276,True,False,False
9.89,0.3093193916960804,0.19724098419040637,0.07144501259669653,0.02358626144929393,-0.1796306980559111,0.0,-0.007338278807394832,0.28431742971324087,0.0,0.3888982945822234,-0.024999999999999994,0.0,0.38999999999999996,3.0,129.80889528035348,0.026311517971582415,True,False,False
9.895,0.3089642421476197,0.20396868418906772,0.07085602450246987,0.02338160494184549,-0.1796306980559111,0.0,-0.007338278807394832,0.28396235556529187,0.0,0.38892029198431227,-0.024999999999999994,0.0,0.38999999999999996,3.0,129.8089017200322,0.026557166001558302,True,False,False
9.9,0.3086120630172384,0.210637454035748,0.07026155573233757,0.02317485369045876,-0.1825963742142296,0.0,-0.009135486808276664,0.28361025072815094,0.0,0.3889423680868339,-0.024999999999999994,0.0,0.38999999999999996,3.0,129.78589084260307,0.031540330971718974,True,False,False
9.905,0.30826288198583673,0.217246736625163,0.06966112906922022,0.0229663002408595,-0.1825963742142296,0.0,-0.009135486808276664,0.2832611427934024,0.0,0.38896450305676633,-0.024999999999999994,0.0,0.38999999999999996,3.0,129.78589552267357,0.031631068166526735,True,False,False
9.91,0.3079167264284505,0.22379597451208125,0.06905533048279168,0.0227556736413101,-0.1825963742142296,0.0,-0.009135486808276664,0.28291505905206393,0.0,0.38898667706173684,-0.024999999999999994,0.0,0.38999999999999996,3.0,129.78590000930816,0.031733243933651775,True,False,False
9.915000000000001,0.30757362341280814,0.23028458236737626,0.06844421512132215,0.022543031221131014,-0.1825963742142296,0.0,-0.009135486808276664,0.28257202656335867,0.0,0.3890088920379268,-0.024999999999999994,0.0,0.38999999999999996,3.0,129.78590430805892,0.03184642524552934,True,False,False
9.92,0.3072335997377034,0.23671198916726352,0.06782783861353711,0.02232841613646828,-0.1825963742142296,0.0,-0.009135486808276664,0.2822320721168129,0.0,0.3890311498584276,-0.024999999999999994,0.0,0.38999999999999996,3.0,129.78590842418913,0.03197018749124434,True,False,False
9.925,0.30689668193163044,0.24307763470307736,0.06720625713882605,0.02211186118752926,-0.1825963742142296,0.0,-0.009135486808276664,0.28189522223095254,0.0,0.3890534523474252,-0.024999999999999994,0.0,0.38999999999999996,3.0,129.78591236268832,0.03210411293790599,True,False,False
9.93,0.3065628962509988,0.24938096701833512,0.06657952747529503,0.02189339173769935,-0.1825963742142296,0.0,-0.009135486808276664,0.28156150315156336,0.0,0.389075801290491,-0.024999999999999994,0.0,0.38999999999999996,3.0,129.78591612828612,0.03224778972445838,True,False,False
9.935,0.3062322686780233,0.25562144064331976,0.06594770703290696,0.0216730279205767,-0.1825963742142296,0.0,-0.009135486808276664,0.28123094084961286,0.0,0.3890981984420432,-0.024999999999999994,0.0,0.38999999999999996,3.0,129.78591972546604,0.03240081121528249,True,False,False
9.94,0.3059048249183972,0.26179851532034093,0.0653108538765761,0.021450786294302637,-0.1825963742142296,0.0,-0.009135486808276664,0.28090356101894665,0.0,0.389120645530618,-0.024999999999999994,0.0,0.38999999999999996,3.0,129.78592315847808,0.03256277559638596,True,False,False
9.945,0.3055805903988124,0.2679116551779336,0.06466902674249551,0.021226681073480143,-0.1825963742142296,0.0,-0.009135486808276664,0.2805793890738248,0.0,0.38914314426254126,-0.024999999999999994,0.0,0.38999999999999996,3.0,129.78592643135124,0.03273328563502268,True,False,False
9.950000000000001,0.30525959026437866,0.273960328196277,0.06402228504992265,0.021000725041948984,-0.18574923651320147,0.0,-0.010799672784154099,0.28025845014635264,0.0,0.38916569632443204,-0.024999999999999994,0.0,0.38999999999999996,3.0,129.76470815252978,0.03793476591085786,True,False,False
9.955,0.30494184935311414,0.2799440362527425,0.06337014816276658,0.02077313484068259,-0.18574923651320147,0.0,-0.010799672784154099,0.2799407690075323,0.0,0.38918828330545974,-0.024999999999999994,0.0,0.38999999999999996,3.0,129.76470977608093,0.0379406975293136,True,False,False
9.96,0.3046273921725011,0.28586228122284557,0.06271321513480248,0.02054371806709686,-0.18574923651320147,0.0,-0.010799672784154099,0.2796263701030687,0.0,0.38921088679709787,-0.024999999999999994,0.0,0.38999999999999996,3.0,129.76471125424428,0.037958739463750606,True,False,False
9.965,0.3043162429416712,0.2917145487928459,0.062051545848082715,0.020312534478990323,-0.18574923651320147,0.0,-0.010799672784154099,0.27931527764602854,0.0,0.38923350841177534,-0.024999999999999994,0.0,0.38999999999999996,3.0,129.76471259168218,0.037988429121665244,True,False,False
9.97,0.3040084255893163,0.29750033951203336,0.06138520065946291,0.02007962872047318,-0.18574923651320147,0.0,-0.010799672784154099,0.2790075155584567,0.0,0.38925614969949873,-0.024999999999999994,0.0,0.38999999999999996,3.0,129.76471379279943,0.03802931337356767,True,False,False
9.975,0.30370396375269965,0.3032191650536063,0.06071424047395465,0.019845034395930963,-0.18574923651320147,0.0,-0.010799672784154099,0.2787031074704452,0.0,0.38927881216293403,-0.024999999999999994,0.0,0.38999999999999996,3.0,129.76471486175814,0.03808094689609149,True,False,False
9.98,0.30340288077620925,0.30887054551618065,0.060038726795661426,0.019608777185576787,-0.18574923651320147,0.0,-0.010799672784154099,0.2784020767187274,0.0,0.389301497268375,-0.024999999999999994,0.0,0.38999999999999996,3.0,129.7647158024913,0.03814289108453408,True,False,False
9.985,0.3031051997095619,0.3144540075091657,0.05935872176388432,0.019370877200998435,-0.18574923651320147,0.0,-0.010799672784154099,0.2781044463449127,0.0,0.38932420645363713,-0.024999999999999994,0.0,0.38999999999999996,3.0,129.76471661871625,0.03821471335015965,True,False,False
9.99,0.30281094330576713,0.31996908282363595,0.05867428817946301,0.01913135075072129,-0.18574923651320147,0.0,-0.010799672784154099,0.2778102390934719,0.0,0.38934694113367263,-0.024999999999999994,0.0,0.38999999999999996,3.0,129.76471731394685,0.038295986676897376,True,False,False
9.995000000000001,0.3025201340189279,0.32541530753922765,0.05798548952475494,0.01889021165480682,-0.18574923651320147,0.0,-0.010799672784154099,0.27751947740955346,0.0,0.38936970270442856,-0.024999999999999994,0.0,0.38999999999999996,3.0,129.76471789150582,0.038386289352792036,True,False,False
10.0,0.30223279400193137,0.33079222145573073,0.057292389979556026,0.01864747221868965,-0.18908279916993487,0.0,-0.01231805422596519,0.2772321834366859,0.0,0.3893924925454565,-0.024999999999999994,0.0,0.38999999999999996,3.0,129.74545990881143,0.043790340745236446,True,False,False
10.005,0.30194894504713904,0.3360993866155409,0.05659450728692098,0.018403268354266648,-0.18908279916993487,0.0,-0.01231805422596519,0.27694837892228824,0.0,0.38941529384950196,-0.024999999999999994,0.0,0.38999999999999996,3.0,129.7454589835323,0.04370682732362644,True,False,False
10.01,0.30166860859478933,0.34133636544858953,0.05589245100115711,0.018157491291964308,-0.18908279916993487,0.0,-0.01231805422596519,0.2766680852666685,0.0,0.3894380898129877,-0.024999999999999994,0.0,0.38999999999999996,3.0,129.7454579656892,0.04363610796679096,True,False,False
10.015,0.30139180581084685,0.3465027167824566,0.055186285314705964,0.01791020647636227,-0.18908279916993487,0.0,-0.01231805422596519,0.2763913236332955,0.0,0.3894608817445389,-0.024999999999999994,0.0,0.38999999999999996,3.0,129.7454568588362,0.04357769358770438,True,False,False
10.02,0.30111855755539313,0.3515980178302814,0.05447607399211374,0.01766147445492198,-0.18908279916993487,0.0,-0.01231805422596519,0.276118114879328,0.0,0.38948367087975394,-0.024999999999999994,0.0,0.38999999999999996,3.0,129.7454556663082,0.04353110617796328,True,False,False
10.025,0.3008488843818891,0.35662185925379747,0.05376188236007669,0.01741132891480206,-0.18908279916993487,0.0,-0.01231805422596519,0.27584847955493674,0.0,0.38950645840085857,-0.024999999999999994,0.0,0.38999999999999996,3.0,129.74545439123509,0.043495875533172766,True,False,False
10.03,0.30058280653365593,0.3615738396634311,0.05304377654002677,0.01715979355096056,-0.18908279916993487,0.0,-0.01231805422596519,0.27558243789983916,0.0,0.38952924545827344,-0.024999999999999994,0.0,0.38999999999999996,3.0,129.745453036556,0.04347153874429496,True,False,False
10.035,0.30032034394226015,0.36645356361625564,0.05232182334465813,0.016906886548496383,-0.18908279916993487,0.0,-0.01231805422596519,0.2753200098417096,0.0,0.3895520331788261,-0.024999999999999994,0.0,0.38999999999999996,3.0,129.74545160503064,0.04345763958469877,True,False,False
10.040000000000001,0.3000615162257436,0.37126064031155454,0.05159609031110918,0.016652622354138873,-0.18908279916993487,0.0,-0.01231805422596519,0.2750612149944263,0.0,0.3895748226712462,-0.024999999999999994,0.0,0.38999999999999996,3.0,129.7454500992521,0.04345372805243719,True,False,False
10.045,0.2998063426866829,0.3759946827091334,0.050866645729247914,0.016397012996987374,-0.18908279916993487,0.0,-0.01231805422596519,0.2748060726561432,0.0,0.3895976150299604,-0.024999999999999994,0.0,0.38999999999999996,3.0,129.7454485216583,0.043459360091481054,True,False,False
10.05,0.29955484231013685,0.38065530699269645,0.050133558667383435,0.01614006906801068,-0.1925891362702537,0.0,-0.013681513378595321,0.274554601807247,0.0,0.38962041133760444,-0.024999999999999994,0.0,0.38999999999999996,3.0,129.72827013877378,0.049048641939222856,True,False,False
10.055,0.2993070336791196,0.38524213912286975,0.0493963457786731,0.01588184143999216,-0.1925891362702537,0.0,-0.013681513378595321,0.27430682100658316,0.0,0.38964319651508383,-0.024999999999999994,0.0,0.38999999999999996,3.0,129.72826724120367,0.04887176016039381,True,False,False
10.06,0.29906293500640235,0.3897548055567039,0.048655626320798326,0.015622307215734925,-0.1925891362702537,0.0,-0.013681513378595321,0.27406274844739265,0.0,0.38966595548921446,-0.024999999999999994,0.0,0.38999999999999996,3.0,129.72826430773097,0.048708380381949266,True,False,False
10.065,0.2988225642389908,0.3941929415233275,0.047911469527323,0.015361529870643641,-0.1925891362702537,0.0,-0.013681513378595321,0.27382240207856057,0.0,0.3896886892792649,-0.024999999999999994,0.0,0.38999999999999996,3.0,129.72826134057198,0.04855798878701229,True,False,False
10.07,0.29858593899965663,0.3985561979190006,0.047163945272055946,0.015099556027150988,-0.1925891362702537,0.0,-0.013681513378595321,0.2735857995244911,0.0,0.38971139884420813,-0.024999999999999994,0.0,0.38999999999999996,3.0,129.72825834177084,0.04842008290961577,True,False,False
10.075000000000001,0.29835307658673466,0.4028442371350959,0.04641312416085685,0.01483642000642227,-0.1925891362702537,0.0,-0.013681513378595321,0.2733529580849428,0.0,0.38973408509944646,-0.024999999999999994,0.0,0.38999999999999996,3.0,129.72825531321146,0.048294169755011815,True,False,False
10.08,0.2981239939733895,0.40705673006475157,0.045659077603802244,0.01457214730945538,-0.1925891362702537,0.0,-0.013681513378595321,0.2731238947343235,0.0,0.3897567489289544,-0.024999999999999994,0.0,0.38999999999999996,3.0,129.72825225663047,0.048179764559136175,True,False,False
10.085,0.2978987078064811,0.41119335396345197,0.04490187787607258,0.014306757248913676,-0.1925891362702537,0.0,-0.013681513378595321,0.27289862612057464,0.0,0.3897793911939804,-0.024999999999999994,0.0,0.38999999999999996,3.0,129.72824917362888,0.04807638997988255,True,False,False
10.09,0.29767723440515037,0.41525379097450626,0.044141598173190265,0.014040264921488329,-0.1925891362702537,0.0,-0.013681513378595321,0.27267716856377044,0.0,0.389802012739186,-0.024999999999999994,0.0,0.38999999999999996,3.0,129.7282460656834,0.047983575579450224,True,False,False
10.095,0.2974595897592138,0.4192377271429079,0.0433783126645031,0.013772682676051515,-0.1925891362702537,0.0,-0.013681513378595321,0.2724595380545226,0.0,0.3898246143968529,-0.024999999999999994,0.0,0.38999999999999996,3.0,129.7282429341572,0.04790085750277448,True,False,False
10.1,0.2972457895274312,0.42314485179269967,0.04261209654771981,0.013504021200721231,-0.19625816017068895,0.0,-0.014884512526107549,0.272245750252255,0.0,0.3898471969896625,-0.024999999999999994,0.0,0.38999999999999996,3.0,129.71321602315854,0.05365546925774927,True,False,False
10.105,0.29703584893637974,0.4269748518432029,0.041842464490345385,0.01323424652065705,-0.19625816017068895,0.0,-0.014884512526107549,0.27203582037791646,0.0,0.3898697472688379,-0.024999999999999994,0.0,0.38999999999999996,3.0,129.71321179000793,0.05338221607930673,True,False,False
10.11,0.29682978282728284,0.43072741526460145,0.041070048137906545,0.012963424411076004,-0.19625816017068895,0.0,-0.014884512526107549,0.27182976327123703,0.0,0.3898922519917377,-0.024999999999999994,0.0,0.38999999999999996,3.0,129.71320758016128,0.05312320319595226,True,False,False
10.115,0.2966276057786792,0.4344022519032442,0.04029492317809313,0.012691620793551904,-0.19625816017068895,0.0,-0.014884512526107549,0.27162759351741833,0.0,0.38991471191889815,-0.024999999999999994,0.0,0.38999999999999996,3.0,129.7132033942656,0.052877894862146155,True,False,False
10.120000000000001,0.29642933203255034,0.43799908784350766,0.039517166334805384,0.012418883853748904,-0.19625816017068895,0.0,-0.014884512526107549,0.27142932536499187,0.0,0.38993712775060374,-0.024999999999999994,0.0,0.38999999999999996,3.0,129.71319923284764,0.052645767512091074,True,False,False
10.125,0.2962349754945363,0.4415176610164871,0.03873685550440526,0.012145248828677941,-0.19625816017068895,0.0,-0.014884512526107549,0.2712349727260613,0.0,0.3899595001444536,-0.024999999999999994,0.0,0.38999999999999996,3.0,129.71319509632582,0.052426307773856075,True,False,False
10.13,0.2960445497335902,0.4449577180470704,0.037954069880417586,0.011870741667080272,-0.19625816017068895,0.0,-0.014884512526107549,0.2710445491759735,0.0,0.3899818297280813,-0.024999999999999994,0.0,0.38999999999999996,3.0,129.7131909850217,0.052219011155956105,True,False,False
10.135,0.29585806798119946,0.4483190119959414,0.037168890076313764,0.01159538179617381,-0.19625816017068895,0.0,-0.014884512526107549,0.27085806795255296,0.0,0.39000411710827887,-0.024999999999999994,0.0,0.38999999999999996,3.0,129.71318689917092,0.05202338118825953,True,False,False
10.14,0.2956755431303125,0.45160130081453687,0.03638139825338286,0.011319184194624162,-0.19625816017068895,0.0,-0.014884512526107549,0.2706755419550355,0.0,0.3900263628774052,-0.024999999999999994,0.0,0.38999999999999996,3.0,129.71318283893308,0.051838928869178943,True,False,False
10.145,0.29549698773405775,0.4548043462934107,0.03559167825918062,0.011042160935165883,-0.19625816017068895,0.0,-0.014884512526107549,0.2704969837427929,0.0,0.39004856761778,-0.024999999999999994,0.0,0.38999999999999996,3.0,129.71317880440188,0.051665172319221464,True,False,False
10.15,0.2953224140043276,0.45792791341125966,0.03479981578128081,0.010764322326432766,-0.20007698560345874,0.0,-0.015925365104269062,0.2703224055339201,0.0,0.39007073190457253,-0.024999999999999994,0.0,0.38999999999999996,3.0,129.70032407229397,0.057561874297197016,True,False,False
10.155,0.29515183370212045,0.4609717525233102,0.03400532111293414,0.010485549777468687,-0.20007698560345874,0.0,-0.015925365104269062,0.2701518190993424,0.0,0.3900928443493995,-0.024999999999999994,0.0,0.38999999999999996,3.0,129.70031918766165,0.05719040567092538,True,False,False
10.16,0.29498525819149346,0.4639356154751259,0.03320884900031458,0.010205996676522215,-0.20007698560345874,0.0,-0.015925365104269062,0.2699852358165906,0.0,0.3901148935702821,-0.024999999999999994,0.0,0.38999999999999996,3.0,129.70031438643838,0.056833947484396546,True,False,False
10.165000000000001,0.29482269857228793,0.4668192888689107,0.03241048769587106,0.009925730883984366,-0.20007698560345874,0.0,-0.015925365104269062,0.2698226667969907,0.0,0.39013688008181635,-0.024999999999999994,0.0,0.38999999999999996,3.0,129.70030966747234,0.056491943897649624,True,False,False
10.17,0.29466416559883235,0.46962257597841645,0.031610327829044806,0.009644801727224588,-0.20007698560345874,0.0,-0.015925365104269062,0.2696641228063541,0.0,0.3901588043385345,-0.024999999999999994,0.0,0.38999999999999996,3.0,129.70030502955152,0.056163851999295994,True,False,False
10.175,0.2945096696805791,0.4723452921634383,0.03080846273257133,0.00936324499745607,-0.20007698560345874,0.0,-0.015925365104269062,0.26950961426562653,0.0,0.3901806667532138,-0.024999999999999994,0.0,0.38999999999999996,3.0,129.70030047141364,0.05584913972485583,True,False,False
10.18,0.29435922088214955,0.47498726157081156,0.03000498879439095,0.009081086770150877,-0.20007698560345874,0.0,-0.015925365104269062,0.2693591512509378,0.0,0.3902024677100957,-0.024999999999999994,0.0,0.38999999999999996,3.0,129.70029599175714,0.0555472844777984,True,False,False
10.185,0.2942128289229145,0.4775483147751349,0.02920000585208382,0.008798346292560348,-0.20007698560345874,0.0,-0.015925365104269062,0.26921274349318686,0.0,0.3902242075744138,-0.024999999999999994,0.0,0.38999999999999996,3.0,129.7002915892498,0.055257772225346585,True,False,False
10.19,0.2940705031762679,0.48002828715576096,0.0283936176457481,0.008515038147012812,-0.20007698560345874,0.0,-0.015925365104269062,0.26907040037731544,0.0,0.3902458866990288,-0.024999999999999994,0.0,0.38999999999999996,3.0,129.7002872625379,0.05498009691433613,True,False,False
10.195,0.29393225266867545,0.48242701779714137,0.027585932345904788,0.008231173860602898,-0.20007698560345874,0.0,-0.015925365104269062,0.26893213094135787,0.0,0.39026750542898503,-0.024999999999999994,0.0,0.38999999999999996,3.0,129.70028301025505,0.05471376010272777,True,False,False
10.200000000000001,0.2937980860785817,0.4847443487938783,0.026777063175091608,0.007946763096523243,-0.2040293543703329,0.0,-0.016804516328639486,0.2687979438753464,0.0,0.39028906410448694,-0.024999999999999994,0.0,0.38999999999999996,3.0,129.68959261465943,0.06072516563584765,True,False,False
10.205,0.29366801162548933,0.48698009562852107,0.025966519102939154,0.007661604447971853,-0.2040293543703329,0.0,-0.016804516328639486,0.2686678474208214,0.0,0.39031055319944974,-0.024999999999999994,0.0,0.38999999999999996,3.0,129.68958779295156,0.060254964784823645,True,False,False
10.21,0.2935420371239592,0.48913407561878336,0.025155012831908324,0.007375936428171603,-0.2040293543703329,0.0,-0.016804516328639486,0.2685418494172874,0.0,0.3903319631943398,-0.024999999999999994,0.0,0.38999999999999996,3.0,129.6895831136862,0.059800567216727385,True,False,False
10.215,0.29342017011903465,0.49120615327634504,0.024342671274713356,0.007089828308216193,-0.2040293543703329,0.0,-0.016804516328639486,0.268419957425822,0.0,0.3903532943702715,-0.024999999999999994,0.0,0.38999999999999996,3.0,129.68957857370268,0.05936139871587101,True,False,False
10.22,0.29330241780469624,0.4931962100808255,0.02352962975439329,0.006803330106669031,-0.2040293543703329,0.0,-0.016804516328639486,0.2683021786565246,0.0,0.3903745469485813,-0.024999999999999994,0.0,0.38999999999999996,3.0,129.68957416984645,0.05893689867386985,True,False,False
10.225,0.29318878702491324,0.49510413971637457,0.022716033488901527,0.006516477774631095,-0.2040293543703329,0.0,-0.016804516328639486,0.26818851996956367,0.0,0.39039572110978216,-0.024999999999999994,0.0,0.38999999999999996,3.0,129.6895698989781,0.05852651792229343,True,False,False
10.23,0.2930792842740703,0.4969298446387995,0.021902039380182967,0.006229297159937725,-0.2040293543703329,0.0,-0.016804516328639486,0.2680789878755961,0.0,0.39041681700727876,-0.024999999999999994,0.0,0.38999999999999996,3.0,129.68956575798146,0.05812971729515488,True,False,False
10.235,0.2929739156969137,0.49867323362827526,0.0210878182009435,0.005941807003284738,-0.2040293543703329,0.0,-0.016804516328639486,0.2679735885357078,0.0,0.3904378347771798,-0.024999999999999994,0.0,0.38999999999999996,3.0,129.689561743772,0.05774596668447629,True,False,False
10.24,0.29287268708816366,0.500334220090435,0.020273557295794994,0.005654021182846661,-0.2040293543703329,0.0,-0.016804516328639486,0.2678723277610197,0.0,0.3904587745451764,-0.024999999999999994,0.0,0.38999999999999996,3.0,129.68955785330414,0.05737474442824802,True,False,False
10.245000000000001,0.2927756038918952,0.5019127209154112,0.019459463947782255,0.00536595038443937,-0.2040293543703329,0.0,-0.016804516328639486,0.26777521101206264,0.0,0.3904796364312219,-0.024999999999999994,0.0,0.38999999999999996,3.0,129.68955408357823,0.05701553692235281,True,False,False
10.25,0.2926826712007683,0.5034086557499805,0.01864576960995812,0.005077603337575502,-0.20809528478193917,0.0,-0.01752421750789002,0.2676822433980025,0.0,0.39050042055258605,-0.024999999999999994,0.0,0.38999999999999996,3.0,129.68099583032043,0.06310965562643972,True,False,False
10.255,0.2925938936500866,0.5048219060358367,0.017832050598026544,0.0047886989658783045,-0.20809528478193917,0.0,-0.01752421750789002,0.2675934295845923,0.0,0.3905211192228268,-0.024999999999999994,0.0,0.38999999999999996,3.0,129.68099179507448,0.06254164564770048,True,False,False
10.26,0.2925092754658067,0.5061523553046563,0.017019240803827364,0.004499556981860455,-0.20809528478193917,0.0,-0.01752421750789002,0.26750877383048416,0.0,0.39054172476208454,-0.024999999999999994,0.0,0.38999999999999996,3.0,129.68098795802172,0.06199023908091942,True,False,False
10.265,0.29242882059632436,0.5073999460538369,0.01620766959823212,0.0042102474699577015,-0.20809528478193917,0.0,-0.01752421750789002,0.2674282801041215,0.0,0.39056223722993877,-0.024999999999999994,0.0,0.38999999999999996,3.0,129.68098431381685,0.06145484512051145,True,False,False
10.27,0.29235253263679944,0.5085646378913802,0.0153977212256737,0.003920820643945344,-0.20809528478193917,0.0,-0.01752421750789002,0.26735195202085854,0.0,0.39058265662660907,-0.024999999999999994,0.0,0.38999999999999996,3.0,129.68098085719367,0.06093488717685172,True,False,False
10.275,0.29228041483061157,0.5096464026138368,0.014589849552713271,0.0036313121937636555,-0.20809528478193917,0.0,-0.01752421750789002,0.2672797928443936,0.0,0.39060298291245277,-0.024999999999999994,0.0,0.38999999999999996,3.0,129.680977582971,0.06042980063514295,True,False,False
10.28,0.29221247007015766,0.5106452206669624,0.013784597754840814,0.003341747373351855,-0.20809528478193917,0.0,-0.01752421750789002,0.2672118054875481,0.0,0.39062321602205663,-0.024999999999999994,0.0,0.38999999999999996,3.0,129.68097448606147,0.059939031367447645,True,False,False
10.285,0.2921487008971509,0.5115610786137599,0.012982624949412488,0.00305214409022035,-0.20809528478193917,0.0,-0.01752421750789002,0.2671479925125482,0.0,0.3906433558743307,-0.024999999999999994,0.0,0.38999999999999996,3.0,129.6809715614761,0.0594620347535286,True,False,False
10.290000000000001,0.292089109502568,0.5123939673772956,0.012184742726768942,0.0027625152200915827,-0.20809528478193917,0.0,-0.01752421750789002,0.26708835613095905,0.0,0.39066340237955677,-0.024999999999999994,0.0,0.38999999999999996,3.0,129.68096880433112,0.05899827504467035,True,False,False
10.295,0.2920336977263571,0.5131438810620816,0.011391965989557025,0.0024728703291832027,-0.20809528478193917,0.0,-0.01752421750789002,0.267032898203381,0.0,0.3906833554441626,-0.024999999999999994,0.0,0.38999999999999996,3.0,129.68096620985264,0.058547224958589425,True,False,False
10.3,0.29198246705697845,0.5138108161952635,0.010605584787763595,0.002183216948853961,-0.21225090610886693,0.0,-0.018088201805458972,0.2669816202389802,0.0,0.39070321497385774,-0.024999999999999994,0.0,0.38999999999999996,3.0,129.67448774502657,0.06468726215097337,True,False,False
10.305,0.29193541853551264,0.5143947201024889,0.00982637005183739,0.0018931987656649173,-0.21225090610886693,0.0,-0.018088201805458972,0.26693452331394574,0.0,0.3907229750785301,-0.024999999999999994,0.0,0.38999999999999996,3.0,129.67448520431236,0.06402387281807918,True,False,False
10.31,0.2918925527928459,0.5148955423589433,0.009057280654162626,0.0016032114865419992,-0.21225090610886693,0.0,-0.018088201805458972,0.2668916080958714,0.0,0.39074262987453384,-0.024999999999999994,0.0,0.38999999999999996,3.0,129.6744829119156,0.06337787393655868,True,False,False
10.315,0.29185387017263376,0.5153133024278119,0.008301220130645923,0.0013133253877210993,-0.21225090610886693,0.0,-0.018088201805458972,0.2668528749517377,0.0,0.3907621792111465,-0.024999999999999994,0.0,0.38999999999999996,3.0,129.6744808601815,0.0627486600993764,True,False,False
10.32,0.2918193706664228,0.5156480368617844,0.007562165691580083,0.0010235903816362842,-0.21225090610886693,0.0,-0.018088201805458972,0.2668183238966024,0.0,0.39078162287880325,-0.024999999999999994,0.0,0.38999999999999996,3.0,129.67447904161293,0.06213564065083772,True,False,False
10.325000000000001,0.2917890540214653,0.5158996727130906,0.006845774764823509,0.0007325003219834609,-0.21225090610886693,0.0,-0.018088201805458972,0.2667879547002745,0.0,0.39080096103036166,-0.024999999999999994,0.0,0.38999999999999996,3.0,129.6744774509249,0.061517283942144514,True,False,False
10.33,0.29176292030960765,0.5160672378118487,0.006160355463310523,0.0004364531721239819,-0.21225090610886693,0.0,-0.018088201805458972,0.266761767448467,0.0,0.39082019688921765,-0.024999999999999994,0.0,0.38999999999999996,3.0,129.67447609580395,0.06085809001550185,True,False,False
10.335,0.2917409693917708,0.5161491931876449,0.005517667817351519,0.00013478118567745848,-0.21225090610886693,0.0,-0.018088201805458972,0.2667397620089118,0.0,0.39083933582887,-0.024999999999999994,0.0,0.38999999999999996,3.0,129.67447498679638,0.060166632216804516,True,False,False
10.34,0.291723200543445,0.5161439049946086,0.00493449113860604,0.00017260413162221115,-0.21225090610886693,0.0,-0.018088201805458972,0.2667219376609921,0.0,0.39085838372962,-0.024999999999999994,0.0,0.38999999999999996,3.0,129.67447413148213,0.0594497622577655,True,False,False
10.345,0.291709612435414,0.5160497642799381,0.004434271703807497,0.0004854677336394865,-0.21225090610886693,0.0,-0.018088201805458972,0.26670829307782046,0.0,0.3908773464787886,-0.024999999999999994,0.0,0.38999999999999996,3.0,129.6744735352514,0.05871247330084502,True,False,False
10.35,0.29170020313176903,0.5158652589879873,0.004047635052355078,0.0008033865705176567,-0.21650860705332617,0.0,-0.018568979806684226,0.26669882632519964,0.0,0.39089622966718374,-0.024999999999999994,0.0,0.38999999999999996,3.0,129.66912124892264,0.06469621635332155,True,False,False
10.355,0.291694969678705,0.5155893516584917,0.0038065247643625736,0.001123191874234761,-0.21650860705332617,0.0,-0.018568979806684226,0.2666935344699768,0.0,0.3909150323890837,-0.024999999999999994,0.0,0.38999999999999996,3.0,129.6691212122519,0.06372461484114163,True,False,False
10.36,0.2916939083918226,0.5152214788019779,0.003740735740898953,0.0014453641634621902,-0.21650860705332617,0.0,-0.018568979806684226,0.26669241385425724,0.0,0.3909337519872451,-0.024999999999999994,0.0,0.38999999999999996,3.0,129.66912154916278,0.06275321397294505,True,False,False
10.365,0.2916970154345925,0.5147610126974881,0.0038586783774039145,0.0017695606311194348,-0.21650860705332617,0.0,-0.018568979806684226,0.2666954606523534,0.0,0.3909523908127673,-0.024999999999999994,0.0,0.38999999999999996,3.0,129.66912225525527,0.06178212421342154,True,False,False
10.370000000000001,0.29170428649959756,0.5142074183660315,0.0041441027882975325,0.002095473059846656,-0.21650860705332617,0.0,-0.018568979806684226,0.26670267056822305,0.0,0.3909709508772452,-0.024999999999999994,0.0,0.38999999999999996,3.0,129.6691233259767,0.06081135533385171,True,False,False
10.375,0.2917157168156546,0.5135602448218445,0.004565105641361154,0.0024228225031645593,-0.21650860705332617,0.0,-0.018568979806684226,0.26671403884259204,0.0,0.39098943388555635,-0.024999999999999994,0.0,0.38999999999999996,3.0,129.66912475665958,0.0598408406359163,True,False,False
10.38,0.2917313011545394,0.5128191173094027,0.0050875507514666265,0.0027513551065811957,-0.21650860705332617,0.0,-0.018568979806684226,0.266729560259678,0.0,0.39100784126500504,-0.024999999999999994,0.0,0.38999999999999996,3.0,129.66912654255322,0.05887045467146992,True,False,False
10.385,0.29175103383715234,0.5119837306117951,0.005682953660270147,0.0030808387244601557,-0.21650860705332617,0.0,-0.018568979806684226,0.2667492291533571,0.0,0.39102617419044877,-0.024999999999999994,0.0,0.38999999999999996,3.0,129.66912867884903,0.057900026561984244,True,False,False
10.39,0.291774908739188,0.5110538432484885,0.006330201022550017,0.0034110601195822374,-0.21650860705332617,0.0,-0.018568979806684226,0.2667730394128352,0.0,0.39104443360613705,-0.024999999999999994,0.0,0.38999999999999996,3.0,129.66913116070057,0.05692935023835917,True,False,False
10.395,0.29180291928896956,0.5100292805111694,0.0070143869162308595,0.003741645131702062,-0.21650860705332617,0.0,-0.018568979806684226,0.26680098448058165,0.0,0.39106262021825144,-0.024999999999999994,0.0,0.38999999999999996,3.0,129.66913398308,0.05596075456939795,True,False,False
10.4,0.29183505824504086,0.5089102111037961,0.00772493131767712,0.004070541539013168,-0.2208699463025229,0.0,-0.019137647516789483,0.2668330571334316,0.0,0.39108073356645956,-0.024999999999999994,0.0,0.38999999999999996,3.0,129.6626480734128,0.06192125146555805,True,False,False
10.405,0.2918713175836559,0.5076972458095558,0.008453542745045704,0.004397039968265567,-0.2208699463025229,0.0,-0.019137647516789483,0.2668692493945007,0.0,0.391098765630201,-0.024999999999999994,0.0,0.38999999999999996,3.0,129.66265197035958,0.06075503079113415,True,False,False
10.41,0.29191168883180363,0.5063912299437379,0.00919628800282043,0.004719986065226004,-0.2208699463025229,0.0,-0.019137647516789483,0.2669095528430849,0.0,0.3911167074755718,-0.024999999999999994,0.0,0.38999999999999996,3.0,129.66265630358612,0.05962024269278275,True,False,False
10.415000000000001,0.29195616332259383,0.5049933288843997,0.009949466402195998,0.005038422617328068,-0.2208699463025229,0.0,-0.019137647516789483,0.26695395884842354,0.0,0.39113455488279364,-0.024999999999999994,0.0,0.38999999999999996,3.0,129.6626610532943,0.05851484734414087,True,False,False
10.42,0.2920047321887065,0.503504861622365,0.010710433468018725,0.005352276059031363,-0.2208699463025229,0.0,-0.019137647516789483,0.2670024585827959,0.0,0.3911523029986733,-0.024999999999999994,0.0,0.38999999999999996,3.0,129.66266620043467,0.05743797277103896,True,False,False
10.425,0.2920573863075821,0.5019271226080669,0.01147722139133475,0.005661682824103901,-0.2208699463025229,0.0,-0.019137647516789483,0.2670550429639313,0.0,0.39116994707253006,-0.024999999999999994,0.0,0.38999999999999996,3.0,129.6626717263639,0.056388978734565595,True,False,False
10.43,0.29211411628145084,0.5002613627739015,0.012248330516545754,0.00596680497013613,-0.2208699463025229,0.0,-0.019137647516789483,0.2671117026346736,0.0,0.39118748253251123,-0.024999999999999994,0.0,0.38999999999999996,3.0,129.66267761285047,0.055367203285881426,True,False,False
10.435,0.2921749124267719,0.49850878600016585,0.01302259585365912,0.006267806007023308,-0.2208699463025229,0.0,-0.019137647516789483,0.2671724279522877,0.0,0.3912049049991978,-0.024999999999999994,0.0,0.38999999999999996,3.0,129.66268384209633,0.054371966058550616,True,False,False
10.44,0.2922397647658222,0.49667055073019095,0.013799096079615915,0.0065648381912274695,-0.2208699463025229,0.0,-0.019137647516789483,0.2672372089799949,0.0,0.3912222102789059,-0.024999999999999994,0.0,0.38999999999999996,3.0,129.66269039675464,0.05340257078821622,True,False,False
10.445,0.2923086630205109,0.49474777413271026,0.014577090411708907,0.00685803689643345,-0.2208699463025229,0.0,-0.019137647516789483,0.26730603548078086,0.0,0.3912393943468882,-0.024999999999999994,0.0,0.38999999999999996,3.0,129.66269725994547,0.05245830737388338,True,False,False
10.450000000000001,0.2923815966083299,0.4927415372116508,0.01535597406048685,0.007147519232397157,-0.2251488600356107,0.0,-0.019435340574256815,0.2673788969133614,0.0,0.3912564533266879,-0.024999999999999994,0.0,0.38999999999999996,3.0,129.65978830100244,0.05830416314384795,True,False,False
10.455,0.29245855463771353,0.490652905894876,0.016135023005060187,0.007433286443354921,-0.2251488600356107,0.0,-0.019435340574256815,0.2674557824394393,0.0,0.39127338074268236,-0.024999999999999994,0.0,0.38999999999999996,3.0,129.6597965166203,0.05716402228708508,True,False,False
10.46,0.2925395259157647,0.48848290530144395,0.016914069265962523,0.007715594838231995,-0.2251488600356107,0.0,-0.019435340574256815,0.2675366809199467,0.0,0.3912901702839864,-0.024999999999999994,0.0,0.38999999999999996,3.0,129.65980512874995,0.05605317710411395,True,False,False
10.465,0.29262449894026593,0.48623251786858207,0.01769274991355129,0.007994500655197872,-0.2251488600356107,0.0,-0.019435340574256815,0.2676215808950433,0.0,0.3913068184752774,-0.024999999999999994,0.0,0.38999999999999996,3.0,129.6598141162692,0.054970814262467485,True,False,False
10.47,0.29271346189478537,0.48390271188162404,0.018470753311726727,0.008270047469618867,-0.2251488600356107,0.0,-0.019435340574256815,0.26771047059094844,0.0,0.3913233219016733,-0.024999999999999994,0.0,0.38999999999999996,3.0,129.65982345866297,0.05391611112256075,True,False,False
10.475,0.2928064026529104,0.48149444435646216,0.019247809308656907,0.008542271110791559,-0.2251488600356107,0.0,-0.019435340574256815,0.26780333792419087,0.0,0.39133967719633866,-0.024999999999999994,0.0,0.38999999999999996,3.0,129.65983313603485,0.05288823730739374,True,False,False
10.48,0.2929033087834333,0.47900866266452513,0.020023681655151893,0.008811203703233883,-0.2251488600356107,0.0,-0.019435340574256815,0.2679001705067914,0.0,0.39135588103306124,-0.024999999999999994,0.0,0.38999999999999996,3.0,129.65984312911462,0.05188635632122918,True,False,False
10.485,0.2930041675562737,0.476446305104632,0.020798162076924937,0.00907687696503983,-0.2251488600356107,0.0,-0.019435340574256815,0.2680009556521664,0.0,0.3913719301228884,-0.024999999999999994,0.0,0.38999999999999996,3.0,129.65985341926574,0.050909627201044944,True,False,False
10.49,0.2931089659489235,0.4738083006176843,0.021571065587935576,0.009339324869547206,-0.2251488600356107,0.0,-0.019435340574256815,0.2681056803815386,0.0,0.3913878212141792,-0.024999999999999994,0.0,0.38999999999999996,3.0,129.65986398848813,0.049957206185831216,True,False,False
10.495000000000001,0.29321769065332653,0.47109556799673363,0.0223422267618697,0.009598577455965054,-0.2251488600356107,0.0,-0.019435340574256815,0.26821433143077184,0.0,0.3914035510946867,-0.024999999999999994,0.0,0.38999999999999996,3.0,129.65987481941994,0.04902823396838754,True,False,False
10.5,0.29333032814203996,0.468309090887807,0.023111507605848573,0.009854038584010287,-0.22923230721289367,0.0,-0.019351720411356167,0.26832689531803916,0.0,0.39141911627323017,-0.024999999999999994,0.0,0.38999999999999996,3.0,129.66197916029995,0.054563971452317304,True,False,False
10.505,0.2934468647900964,0.4654498965153262,0.02387891549726917,0.010106315305637369,-0.22923230721289367,0.0,-0.019351720411356167,0.2684433584553173,0.0,0.3914345151101636,-0.024999999999999994,0.0,0.38999999999999996,3.0,129.66199151558467,0.053445397831022624,True,False,False
10.51,0.2935672867595933,0.46251892630936176,0.024644217542712243,0.010355181037745288,-0.22923230721289367,0.0,-0.019351720411356167,0.2685637070399738,0.0,0.39144974630115803,-0.024999999999999994,0.0,0.38999999999999996,3.0,129.66200421606467,0.052352569464092724,True,False,False
10.515,0.29369158000893375,0.45951711327324585,0.02540732004474869,0.010600939679892946,-0.22923230721289367,0.0,-0.019351720411356167,0.26868792707578687,0.0,0.3914648064961798,-0.024999999999999994,0.0,0.38999999999999996,3.0,129.66201724108987,0.051284780233408274,True,False,False
10.52,0.293819730289376,0.45644530726427957,0.026168132604313422,0.01084386758796067,-0.22923230721289367,0.0,-0.019351720411356167,0.2688160043580408,0.0,0.391479692669924,-0.024999999999999994,0.0,0.38999999999999996,3.0,129.66203057065434,0.05024129461840935,True,False,False
10.525,0.2939517231351524,0.45330428297284214,0.026926567791658012,0.011084213411594573,-0.22923230721289367,0.0,-0.019351720411356167,0.26894792446370225,0.0,0.39149440209009867,-0.024999999999999994,0.0,0.38999999999999996,3.0,129.66204418540872,0.049221362502854915,True,False,False
10.53,0.29408754385561087,0.450094747577601,0.027682540890176525,0.011322200262796164,-0.22923230721289367,0.0,-0.019351720411356167,0.26908367274362305,0.0,0.39150893228724803,-0.024999999999999994,0.0,0.38999999999999996,3.0,129.6620580666624,0.0482242289048093,True,False,False
10.535,0.2942271775288254,0.4468173476493573,0.028435969667050177,0.01155802869860734,-0.22923230721289367,0.0,-0.019351720411356167,0.2692232343162068,0.0,0.39152328102771355,-0.024999999999999994,0.0,0.38999999999999996,3.0,129.66207219638363,0.04724914040796044,True,False,False
10.540000000000001,0.2943706089962912,0.44347267516420014,0.029186774153563362,0.011791879749992731,-0.22923230721289367,0.0,-0.019351720411356167,0.26936659406215313,0.0,0.39153744629009174,-0.024999999999999994,0.0,0.38999999999999996,3.0,129.6620865571944,0.04629534943571063,True,False,False
10.545,0.29451782285842054,0.44006127270907613,0.029934876431203565,0.01202391764826629,-0.22923230721289367,0.0,-0.019351720411356167,0.2695137366199921,0.0,0.3915514262450698,-0.024999999999999994,0.0,0.38999999999999996,3.0,129.66210113236306,0.04536211710525879,True,False,False
10.55,0.29466880347063507,0.4365836379435809,0.030680200424962865,0.012254292126276715,-0.23308285948193297,0.0,-0.018980618129728455,0.2696646463822095,0.0,0.39156521923806664,-0.024999999999999994,0.0,0.38999999999999996,3.0,129.66796915050378,0.05051332340010127,True,False,False
10.555,0.2948235349597863,0.43304012997690583,0.03142287051120367,0.012483823621445296,-0.23308285948193297,0.0,-0.018980618129728455,0.2698193074795587,0.0,0.39157882977479985,-0.024999999999999994,0.0,0.38999999999999996,3.0,129.66798534732848,0.049401482270796895,True,False,False
10.56,0.2949820011446164,0.42943107350751625,0.03216258206334961,0.012711915045420833,-0.23308285948193297,0.0,-0.018980618129728455,0.2699777037326904,0.0,0.3915922625008503,-0.024999999999999994,0.0,0.38999999999999996,3.0,129.668001835534,0.04831378537229079,True,False,False
10.565,0.2951441855406088,0.42575687332358614,0.03289926347873953,0.012938622620722762,-0.23308285948193297,0.0,-0.018980618129728455,0.27013981869003345,0.0,0.39160551612993594,-0.024999999999999994,0.0,0.38999999999999996,3.0,129.66801859461611,0.04724943984933343,True,False,False
10.57,0.29531007140772786,0.4220179165299982,0.033632845249808974,0.013164012901846146,-0.23308285948193297,0.0,-0.018980618129728455,0.27030563564390364,0.0,0.39161858944372796,-0.024999999999999994,0.0,0.38999999999999996,3.0,129.66803560481029,0.04620767292046921,True,False,False
10.575000000000001,0.2954796417503193,0.418214570194964,0.03436325951765264,0.01338815861080171,-0.23308285948193297,0.0,-0.018980618129728455,0.27047513763032655,0.0,0.39163148130135395,-0.024999999999999994,0.0,0.38999999999999996,3.0,129.6680528470769,0.04518772993601245,True,False,False
10.58,0.29565287931649714,0.4143471800593233,0.03509043972911366,0.013611135447661491,-0.23308285948193297,0.0,-0.018980618129728455,0.27064830742836854,0.0,0.3916441906446913,-0.024999999999999994,0.0,0.38999999999999996,3.0,129.66807030308757,0.04418887305393789,True,False,False
10.585,0.2958297665971368,0.4104160700476346,0.035814320372563595,0.013833019686681401,-0.23308285948193297,0.0,-0.018980618129728455,0.2708251275590925,0.0,0.39165671650051215,-0.024999999999999994,0.0,0.38999999999999996,3.0,129.66808795521092,0.04321038033043097,True,False,False
10.59,0.2960102858246095,0.40642154236893663,0.036534836773528485,0.014053886390153298,-0.23308285948193297,0.0,-0.018980618129728455,0.2710055802842667,0.0,0.39166905798027984,-0.024999999999999994,0.0,0.38999999999999996,3.0,129.66810578649788,0.04225154508742025,True,False,False
10.595,0.29619441897135096,0.4023638780648217,0.03725192493597544,0.014273808099785578,-0.23308285948193297,0.0,-0.018980618129728455,0.2711896476049205,0.0,0.39168121427819086,-0.024999999999999994,0.0,0.38999999999999996,3.0,129.6681237806673,0.041311675464588866,True,False,False
10.6,0.29638214774833477,0.39824333787156707,0.03796552141862742,0.014492853892779033,-0.2366747634067356,0.0,-0.0184731586464787,0.27137731125981274,0.0,0.3916931846679731,-0.024999999999999994,0.0,0.38999999999999996,3.0,129.67574914369447,0.046040658299459865,True,False,False
10.605,0.2965734536409546,0.39406006363788904,0.03867574311109413,0.01471178655865554,-0.2366747634067356,0.0,-0.0184731586464787,0.2715685527173169,0.0,0.39170497615218214,-0.024999999999999994,0.0,0.38999999999999996,3.0,129.67576878406405,0.044934031241088294,True,False,False
10.61,0.29676831781619567,0.3898141828042485,0.039382318406272696,0.014929928814965354,-0.2366747634067356,0.0,-0.0184731586464787,0.2717633531255661,0.0,0.39171659579548107,-0.024999999999999994,0.0,0.38999999999999996,3.0,129.67578865715848,0.04384972352971268,True,False,False
10.615,0.2969667211099269,0.3855059222050323,0.04008518510990672,0.015147280424896395,-0.2366747634067356,0.0,-0.0184731586464787,0.27196169334466475,0.0,0.39172804301174147,-0.024999999999999994,0.0,0.38999999999999996,3.0,129.67580874315396,0.04278700432859419,True,False,False
10.620000000000001,0.29716864409186744,0.38113550675872176,0.04078428208875939,0.015363854203707748,-0.2366747634067356,0.0,-0.0184731586464787,0.2721635539681809,0.0,0.3917393172220681,-0.024999999999999994,0.0,0.38999999999999996,3.0,129.67582902297337,0.041745162516649885,True,False,False
10.625,0.29737406706638886,0.37670315641633817,0.04147954899094137,0.015579671395644154,-0.2366747634067356,0.0,-0.0184731586464787,0.272368915323872,0.0,0.39175041786696374,-0.024999999999999994,0.0,0.38999999999999996,3.0,129.67584947826916,0.04072350452545058,True,False,False
10.63,0.29758297007278417,0.3722090842564989,0.04217092604303177,0.015794758168120895,-0.2366747634067356,0.0,-0.0184731586464787,0.2725777574739002,0.0,0.391761344413853,-0.024999999999999994,0.0,0.38999999999999996,3.0,129.6758700914068,0.039721352851155696,True,False,False
10.635,0.2977953328851349,0.3676534954847489,0.04285835390395536,0.016009142993941832,-0.2366747634067356,0.0,-0.0184731586464787,0.27279006021466695,0.0,0.3917720963611871,-0.024999999999999994,0.0,0.38999999999999996,3.0,129.67589084544795,0.038738045021784816,True,False,False
10.64,0.2980111350119232,0.3630365870505997,0.04354177356069323,0.016222854724311883,-0.2366747634067356,0.0,-0.0184731586464787,0.273005803076407,0.0,0.39178267323995963,-0.024999999999999994,0.0,0.38999999999999996,3.0,129.67591172413424,0.03777293287101806,True,False,False
10.645,0.29823035569548617,0.35835854776034204,0.044221126254803615,0.016435921190879315,-0.2366747634067356,0.0,-0.0184731586464787,0.2732249653226353,0.0,0.39179307461338747,-0.024999999999999994,0.0,0.38999999999999996,3.0,129.67593271187062,0.036825382018315846,True,False,False
10.65,0.2984529739113874,0.35361955871755774,0.0448963534316615,0.016648368208244363,-0.23998140434891266,0.0,-0.017915966495390567,0.2734475259495211,0.0,0.3918033000752154,-0.024999999999999994,0.0,0.38999999999999996,3.0,129.68416167472077,0.04109248731900452,True,False,False
10.655,0.2986789684099255,0.34881969746368485,0.045567534584256005,0.016860894371986696,-0.23998140434891266,0.0,-0.017915966495390567,0.27367346367764045,0.0,0.3918133574436508,-0.024999999999999994,0.0,0.38999999999999996,3.0,129.68418426724583,0.03999179286590284,True,False,False
10.66,0.29890831762297904,0.34395903893671126,0.04623444899016393,0.017072805919407946,-0.23998140434891266,0.0,-0.017915966495390567,0.2739027569077225,0.0,0.3918232545523471,-0.024999999999999994,0.0,0.38999999999999996,3.0,129.6842070303636,0.038911751464274405,True,False,False
10.665000000000001,0.29914099964682656,0.33903776557268034,0.04689703908136024,0.017284058061990716,-0.23998140434891266,0.0,-0.017915966495390567,0.2741353837540902,0.0,0.3918329909972178,-0.024999999999999994,0.0,0.38999999999999996,3.0,129.68422994523127,0.03785169334269758,True,False,False
10.67,0.29937699231359,0.3340560711535301,0.047555248126291805,0.017494621798015045,-0.23998140434891266,0.0,-0.017915966495390567,0.27437132206684595,0.0,0.3918425663299221,-0.024999999999999994,0.0,0.38999999999999996,3.0,129.68425299374098,0.0368109666544823,True,False,False
10.675,0.29961627319049783,0.32901415464877665,0.04820901958715979,0.01770448598861893,-0.23998140434891266,0.0,-0.017915966495390567,0.27461054943099056,0.0,0.39185198008170397,-0.024999999999999994,0.0,0.38999999999999996,3.0,129.68427615850214,0.035788934991500564,True,False,False
10.68,0.2998588195801733,0.3239122174124292,0.04885829735719234,0.017913644664330115,-0.23998140434891266,0.0,-0.017915966495390567,0.27485304316664444,0.0,0.39186123177423293,-0.024999999999999994,0.0,0.38999999999999996,3.0,129.68429942282302,0.034784976510105155,True,False,False
10.685,0.30010460852133664,0.3187504620499372,0.049503025667251815,0.018122094723835174,-0.23998140434891266,0.0,-0.017915966495390567,0.2750987803297205,0.0,0.39187032092403745,-0.024999999999999994,0.0,0.38999999999999996,3.0,129.68432277069343,0.03379848299042284,True,False,False
10.69,0.3003536167892931,0.3135290918586711,0.050143149022803354,0.018329834242386153,-0.23998140434891266,0.0,-0.017915966495390567,0.2753477377123965,0.0,0.3918792470446945,-0.024999999999999994,0.0,0.38999999999999996,3.0,129.68434618676739,0.032828859174959944,True,False,False
10.695,0.30060582089629395,0.3082483106601366,0.05077861216296931,0.018536861246977305,-0.23998140434891266,0.0,-0.017915966495390567,0.27559989184347056,0.0,0.3918880096473666,-0.024999999999999994,0.0,0.38999999999999996,3.0,129.6843696563455,0.031875522295524365,True,False,False
10.700000000000001,0.30086119709183445,0.3029083229604437,0.05140936003562557,0.018743172844538608,-0.24298012581073838,0.0,-0.01734114708580821,0.27585521898866056,0.0,0.39189660824019185,-0.024999999999999994,0.0,0.38999999999999996,3.0,129.6927701574874,0.035648291098683726,True,False,False
10.705,0.3011197214043648,0.297509243105333,0.05203543792551921,0.018949402508287402,-0.24298012581073838,0.0,-0.01734114708580821,0.2761136951396639,0.0,0.3919050506502063,-0.024999999999999994,0.0,0.38999999999999996,3.0,129.6927951299133,0.034556895135531465,True,False,False
10.71,0.3013813695537891,0.2920511904327174,0.052656670190454634,0.01915487015205373,-0.24298012581073838,0.0,-0.01734114708580821,0.276375295978652,0.0,0.391913344688631,-0.024999999999999994,0.0,0.38999999999999996,3.0,129.69282020823235,0.03348456481078143,True,False,False
10.715,0.3016461169330898,0.2865343914776974,0.053273002383944106,0.019359520764665773,-0.24298012581073838,0.0,-0.01734114708580821,0.2766399969132605,0.0,0.3919214897812589,-0.024999999999999994,0.0,0.38999999999999996,3.0,129.69284537487118,0.03243068472896829,True,False,False
10.72,0.3019139386751111,0.2809590866077824,0.05388438080831535,0.019563312104230037,-0.24298012581073838,0.0,-0.01734114708580821,0.2769077730910585,0.0,0.39192948529838034,-0.024999999999999994,0.0,0.38999999999999996,3.0,129.6928706129671,0.03139465585691728,True,False,False
10.725,0.3021848096548838,0.2753255269338832,0.05449075235813067,0.019766210847479693,-0.24298012581073838,0.0,-0.01734114708580821,0.27717859940179934,0.0,0.39193733056684044,-0.024999999999999994,0.0,0.38999999999999996,3.0,129.6928959063487,0.030375893698710986,True,False,False
10.73,0.302458704491519,0.26963397219886165,0.05509206441144845,0.019968189671521096,-0.24298012581073838,0.0,-0.01734114708580821,0.2774524504792629,0.0,0.3919450248782498,-0.024999999999999994,0.0,0.38999999999999996,3.0,129.6929212395172,0.02937382704111742,True,False,False
10.735,0.3027355975497821,0.26388468937615245,0.05568826475587765,0.020169225075596754,-0.24298012581073838,0.0,-0.01734114708580821,0.27772930070279583,0.0,0.3919525674943197,-0.024999999999999994,0.0,0.38999999999999996,3.0,129.6929465976287,0.028387897084758223,True,False,False
10.74,0.3030154629414643,0.25807795182442533,0.056279301539831655,0.020369295777423777,-0.24298012581073838,0.0,-0.01734114708580821,0.2780091241986615,0.0,0.39195995765007496,-0.024999999999999994,0.0,0.38999999999999996,3.0,129.6929719664757,0.027417556835779663,True,False,False
10.745000000000001,0.30329827452662733,0.2522140388231234,0.056865123241972904,0.020568381548494434,-0.24298012581073838,0.0,-0.01734114708580821,0.2782918948412735,0.0,0.39196719455552376,-0.024999999999999994,0.0,0.38999999999999996,3.0,129.69299733246993,0.026462270673621613,True,False,False
10.75,0.3035840059147874,0.2462932353976471,0.05744567865375758,0.020766462380626575,-0.2456507705727131,0.0,-0.016749537376667296,0.2785775862543752,0.0,0.3919742773961887,-0.024999999999999994,0.0,0.38999999999999996,3.0,129.70155090706427,0.0297128830970936,True,False,False
10.755,0.3038726305052786,0.24031574692391336,0.05802098816806191,0.020964115084598035,-0.2456507705727131,0.0,-0.016749537376667296,0.27886617179643,0.0,0.39198121376435613,-0.024999999999999994,0.0,0.38999999999999996,3.0,129.70157761898633,0.02863582816673335,True,False,False
10.76,0.3041641214071181,0.23428178807818723,0.058590912001376234,0.021160688032806678,-0.2456507705727131,0.0,-0.016749537376667296,0.27915762453498244,0.0,0.39198801121746063,-0.024999999999999994,0.0,0.38999999999999996,3.0,129.70160437081577,0.02757625076332154,True,False,False
10.765,0.30445845142166306,0.22819167761271383,0.05915539988987498,0.021356117699118025,-0.2456507705727131,0.0,-0.016749537376667296,0.27945191728485985,0.0,0.3919946688070943,-0.024999999999999994,0.0,0.38999999999999996,3.0,129.7016311465286,0.02653358720380694,True,False,False
10.77,0.30475559310568706,0.22204575064801488,0.059714402344713764,0.02155035282774754,-0.2456507705727131,0.0,-0.016749537376667296,0.2797490226165181,0.0,0.3920011855176558,-0.024999999999999994,0.0,0.38999999999999996,3.0,129.70165793077294,0.025507288641597015,True,False,False
10.775,0.3050555187743277,0.21584435564749663,0.06026787052393055,0.02174335098231255,-0.2456507705727131,0.0,-0.016749537376667296,0.2800489128589126,0.0,0.3920075602779928,-0.024999999999999994,0.0,0.38999999999999996,3.0,129.70168470885005,0.02449681944675685,True,False,False
10.78,0.30535820050364265,0.20958785229590474,0.06081575614379063,0.02193507592562752,-0.2456507705727131,0.0,-0.016749537376667296,0.2803515601020012,0.0,0.3920137919695976,-0.024999999999999994,0.0,0.38999999999999996,3.0,129.7017114666952,0.023501656095840574,True,False,False
10.785,0.30566361013287585,0.2032766100081386,0.06135801141870158,0.022125495658762782,-0.2456507705727131,0.0,-0.016749537376667296,0.28065693619897114,0.0,0.3920198794322392,-0.024999999999999994,0.0,0.38999999999999996,3.0,129.70173819085994,0.022521286406317655,True,False,False
10.790000000000001,0.305971719266535,0.1969110069313822,0.06189458902174509,0.022314580971878203,-0.2456507705727131,0.0,-0.016749537376667296,0.28096501276829106,0.0,0.3920258214676586,-0.024999999999999994,0.0,0.38999999999999996,3.0,129.7017648684938,0.02155520900368052,True,False,False
10.795,0.3062824992763525,0.1904914293234325,0.062425442060038465,0.022502304385931676,-0.2456507705727131,0.0,-0.016749537376667296,0.281275761195653,0.0,0.3920316168418724,-0.024999999999999994,0.0,0.38999999999999996,3.0,129.70179148732723,0.020602932945801677,True,False,False
10.8,0.30659592130317825,0.18401827115340352,0.06295052406073509,0.022688639389243145,-0.24797594958596872,0.0,-0.016124721208918055,0.2815891526358553,0.0,0.3920372642864677,-0.024999999999999994,0.0,0.38999999999999996,3.0,129.7107078820598,0.02330832457700128,True,False,False
10.805,0.30691195629593715,0.17749185374215465,0.0634698384675396,0.0228741199873295,-0.24797594958596872,0.0,-0.016124721208918055,0.2819051579935759,0.0,0.3920427712396341,-0.024999999999999994,0.0,0.38999999999999996,3.0,129.7107356417047,0.02225152924157183,True,False,False
10.81,0.30723057493872136,0.17091250916092457,0.06398327455211231,0.023058129140182137,-0.24797594958596872,0.0,-0.016124721208918055,0.28222374790833155,0.0,0.39204814509624414,-0.024999999999999994,0.0,0.38999999999999996,3.0,129.71076337562292,0.021210570861806756,True,False,False
10.815,0.30755174763411064,0.16428066816658948,0.06449078711955583,0.023240604605261308,-0.24797594958596872,0.0,-0.016124721208918055,0.2825448927964171,0.0,0.39205338443454013,-0.024999999999999994,0.0,0.38999999999999996,3.0,129.71079106959064,0.020184936229231037,True,False,False
10.82,0.3078754445623951,0.15759677764928853,0.06499233177715563,0.0234214954823525,-0.24797594958596872,0.0,-0.016124721208918055,0.2828685628521,0.0,0.39205848776410734,-0.024999999999999994,0.0,0.38999999999999996,3.0,129.71081871000516,0.019174125618994696,True,False,False
10.825000000000001,0.30820163568495373,0.1508612978366763,0.06548786482872837,0.023600759187515096,-0.24797594958596872,0.0,-0.016124721208918055,0.283194728050924,0.0,0.3920634535366658,-0.024999999999999994,0.0,0.38999999999999996,3.0,129.71084628386583,0.018177651383529378,True,False,False
10.83,0.3085302907472865,0.14407470023565347,0.06597734320139108,0.023778359149714146,-0.24797594958596872,0.0,-0.016124721208918055,0.28352335815268565,0.0,0.3920682801538528,-0.024999999999999994,0.0,0.38999999999999996,3.0,129.710873778756,0.017195036990905306,True,False,False
10.835,0.30886137928178525,0.1372374661787112,0.06646072439574496,0.023954263081243318,-0.24797594958596872,0.0,-0.016124721208918055,0.2838544227041645,0.0,0.39207296597272306,-0.024999999999999994,0.0,0.38999999999999996,3.0,129.7109011828254,0.016225816363685808,True,False,False
10.84,0.30919487061033135,0.13035008580831545,0.06693796645291483,0.02412844169374425,-0.24797594958596872,0.0,-0.016124721208918055,0.2841878910416903,0.0,0.39207750930958396,-0.024999999999999994,0.0,0.38999999999999996,3.0,129.71092848477207,0.015269533420499477,True,False,False
10.845,0.3095307338467835,0.12341305733005578,0.06740902793369107,0.024300867754672995,-0.24797594958596872,0.0,-0.016124721208918055,0.28452373229360794,0.0,0.3920819084425675,-0.024999999999999994,0.0,0.38999999999999996,3.0,129.71095567382602,0.014325741754429827,True,False,False
10.85,0.30986893789939857,0.11642688654621161,0.06787386790634001,0.024471515400672248,-0.2499414953121802,0.0,-0.015442687419965129,0.28486191538268224,0.0,0.3920861616132949,-0.024999999999999994,0.0,0.38999999999999996,3.0,129.72054522077568,0.016468095338991802,True,False,False
10.855,0.3102094515082319,0.10939201063420219,0.06833247728936907,0.02464088936813925,-0.2499414953121802,0.0,-0.015442687419965129,0.2852024090004985,0.0,0.39209027637541016,-0.024999999999999994,0.0,0.38999999999999996,3.0,129.72057330555523,0.015437754228075286,True,False,False
10.86,0.3105522431792646,0.10230887714738938,0.06878477107171915,0.02480840666444969,-0.2499414953121802,0.0,-0.015442687419965129,0.2855451816044323,0.0,0.3920942602377042,-0.024999999999999994,0.0,0.38999999999999996,3.0,129.72060130118993,0.014421531067337165,True,False,False
10.865,0.31089728116814375,0.09517802606464378,0.06923070986230138,0.024974012699539076,-0.2499414953121802,0.0,-0.015442687419965129,0.2858902014646922,0.0,0.3920981112904083,-0.024999999999999994,0.0,0.38999999999999996,3.0,129.7206291954555,0.013418964035883094,True,False,False
10.870000000000001,0.3112445335353909,0.08800001152387284,0.06967025508314649,0.025137662903401175,-0.2499414953121802,0.0,-0.015442687419965129,0.2862374366565979,0.0,0.39210182756032,-0.024999999999999994,0.0,0.38999999999999996,3.0,129.72065697668563,0.012429603579715072,True,False,False
10.875,0.3115939681500237,0.08077539928378157,0.070103368883342,0.025299320148052893,-0.2499414953121802,0.0,-0.015442687419965129,0.2865868550641323,0.0,0.3921054070203678,-0.024999999999999994,0.0,0.38999999999999996,3.0,129.7206846337539,0.011453011219354665,True,False,False
10.88,0.31194555269288093,0.07350476494938138,0.07053001407920198,0.02545895277996898,-0.2499414953121802,0.0,-0.015442687419965129,0.28693842438321276,0.0,0.39210884759658315,-0.024999999999999994,0.0,0.38999999999999996,3.0,129.72071215605663,0.010488758734631495,True,False,False
10.885,0.3122992546597211,0.06618869255872754,0.07095015411333738,0.02561653313769805,-0.2499414953121802,0.0,-0.015442687419965129,0.28729211212474814,0.0,0.39211214717314885,-0.024999999999999994,0.0,0.38999999999999996,3.0,129.72073953349562,0.009536427604064424,True,False,False
10.89,0.31265504136416533,0.05882777366619147,0.07136375302731103,0.025772036446583553,-0.2499414953121802,0.0,-0.015442687419965129,0.28764788561755006,0.0,0.3921153035959978,-0.024999999999999994,0.0,0.38999999999999996,3.0,129.7207667564616,0.008595608615755451,True,False,False
10.895,0.3130128799405422,0.05142260658534428,0.07177077544403766,0.0259254400018377,-0.2499414953121802,0.0,-0.015442687419965129,0.28800571201115255,0.0,0.39211831467533015,-0.024999999999999994,0.0,0.38999999999999996,3.0,129.72079381581838,0.007665901593804925,True,False,False
10.9,0.31337273734666726,0.043973795924472224,0.07217118655716107,0.02607672256939887,-0.25153684383956887,0.0,-0.01467935591216724,0.28836555827857147,0.0,0.39212117818735603,-0.024999999999999994,0.0,0.38999999999999996,3.0,129.7313680456529,0.009233189214007204,True,False,False
10.905,0.31373458039839175,0.036481879603497656,0.07256496556973299,0.02622637036903283,-0.25153684383956887,0.0,-0.01467935591216724,0.28872739118141705,0.0,0.39212390212982956,-0.024999999999999994,0.0,0.38999999999999996,3.0,129.73139572512528,0.00823539934678709,True,False,False
10.91,0.3140983757116814,0.02894740451148523,0.07295205314748214,0.0263738304725514,-0.25153684383956887,0.0,-0.01467935591216724,0.2890911772814343,0.0,0.3921264944578252,-0.024999999999999994,0.0,0.38999999999999996,3.0,129.7314232561565,0.007249928570805295,True,False,False
10.915000000000001,0.3144640896877708,0.0213710039095358,0.073332416205105,0.0265190592457514,-0.25153684383956887,0.0,-0.01467935591216724,0.28945688299525585,0.0,0.39212895280978904,-0.024999999999999994,0.0,0.38999999999999996,3.0,129.73145062865032,0.00627636883128288,True,False,False
10.92,0.3148316885630854,0.01375332219944574,0.07370602246328828,0.026662021436150665,-0.25153684383956887,0.0,-0.01467935591216724,0.2898244745748657,0.0,0.39213127476955456,-0.024999999999999994,0.0,0.38999999999999996,3.0,129.73147783299544,0.005314323192345011,True,False,False
10.925,0.3152011384129563,0.006095012985358623,0.07407284038088272,0.02680268806539372,-0.25153684383956887,0.0,-0.01467935591216724,0.29019391811125106,0.0,0.3921334578743415,-0.024999999999999994,0.0,0.38999999999999996,3.0,129.7315048600484,0.004363404856224537,True,False,False
10.93,0.31557240515525076,0.0016032623373896772,0.07443283942720948,0.026941035090668728,-0.25153684383956887,0.0,-0.01467935591216724,0.29056517953798366,0.0,0.39213549962066835,-0.024999999999999994,0.0,0.38999999999999996,3.0,129.7315317011176,0.00342323649399226,True,False,False
10.935,0.3159454547830323,0.009340847767026237,0.07478611275271319,0.027077146594320017,-0.25153684383956887,0.0,-0.01467935591216724,0.29093822486354376,0.0,0.3921373975133373,-0.024999999999999994,0.0,0.38999999999999996,3.0,129.73155834794764,0.0024934514976893835,True,False,False
10.94,0.31632025380929435,0.01711711307284062,0.0751327112990857,0.02721106884981462,-0.25153684383956887,0.0,-0.01467935591216724,0.2913130206154652,0.0,0.39213914915251424,-0.024999999999999994,0.0,0.38999999999999996,3.0,129.73158479270276,0.0015736928801021594,True,False,False
10.945,0.3166967687201232,0.02493142818434714,0.07547260637296534,0.027342780476601724,-0.25153684383956887,0.0,-0.01467935591216724,0.2916895332942063,0.0,0.3921407521259982,-0.024999999999999994,0.0,0.38999999999999996,3.0,129.73161102795288,0.0006636114774772883,True,False,False
10.950000000000001,0.3170749658578563,0.03278315685758405,0.07580576987412517,0.027472261646467534,-0.25275514689195105,0.0,-0.013816062228782545,0.2920677292564432,0.0,0.39214220398738125,-0.024999999999999994,0.0,0.38999999999999996,3.0,129.7434102629717,0.0016498488123016103,True,False,False
10.955,0.31745481144979365,0.040671727598824356,0.0761321673869361,0.027599982215129788,-0.25275514689195105,0.0,-0.013816062228782545,0.29244757466683136,0.0,0.392143513650655,-0.024999999999999994,0.0,0.38999999999999996,3.0,129.74343682234266,0.0006904636693206151,True,False,False
10.96,0.317836271560663,0.048596560168050744,0.0764517679866192,0.027725410355095396,-0.25275514689195105,0.0,-0.013816062228782545,0.2928290355276655,0.0,0.39214468998632745,-0.024999999999999994,0.0,0.38999999999999996,3.0,129.7434631798701,0.0002584533673730127,True,False,False
10.965,0.3182193120817179,0.05655699254380145,0.07676454534073723,0.027848510163409824,-0.25275514689195105,0.0,-0.013816062228782545,0.2932120777449318,0.0,0.3921457304153243,-0.024999999999999994,0.0,0.38999999999999996,3.0,129.7434893276302,0.00119725201467627,True,False,False
10.97,0.31860389877242923,0.06455235335747345,0.07707047387599861,0.027969252392928204,-0.25275514689195105,0.0,-0.013816062228782545,0.2935966670929212,0.0,0.3921466323100747,-0.024999999999999994,0.0,0.38999999999999996,3.0,129.74351525810155,0.0021262721812562585,True,False,False
10.975,0.3189899972640487,0.07258196363783273,0.07736952872752013,0.028087612822118708,-0.25275514689195105,0.0,-0.013816062228782545,0.2939827692177395,0.0,0.39214739300085627,-0.024999999999999994,0.0,0.38999999999999996,3.0,129.74354096415198,0.0030458447464725424,True,False,False
10.98,0.3193775730629851,0.08064513804630678,0.07766168570358023,0.028203571004663818,-0.25275514689195105,0.0,-0.013816062228782545,0.2943703496406408,0.0,0.3921480097805218,-0.024999999999999994,0.0,0.38999999999999996,3.0,129.74356643902377,0.003956292098752048,True,False,False
10.985,0.31976659155403325,0.08874118581361015,0.07794692126147848,0.028317109322406903,-0.25275514689195105,0.0,-0.013816062228782545,0.29475937376122197,0.0,0.3921484799080024,-0.024999999999999994,0.0,0.38999999999999996,3.0,129.7435916763201,0.0048579285119371984,True,False,False
10.99,0.32015701800350144,0.09686941142222877,0.07822521249134547,0.02842821227496042,-0.25275514689195105,0.0,-0.013816062228782545,0.2951498068605212,0.0,0.39214880061088586,-0.024999999999999994,0.0,0.38999999999999996,3.0,129.74361666999175,0.005751060412788417,True,False,False
10.995000000000001,0.3205488175622717,0.10502911517601972,0.07849653710563827,0.028536865950835266,-0.25275514689195105,0.0,-0.013816062228782545,0.2955416141040541,0.0,0.3921489690873061,-0.024999999999999994,0.0,0.38999999999999996,3.0,129.74364141432355,0.006635986575443106,True,False,False
11.0,0.32094195526881514,0.11321959355772772,0.07876087343269861,0.0286430576360419,-0.2535929077141399,0.0,-0.012848355507594713,0.2959347605448082,0.0,0.39214898250731844,-0.024999999999999994,0.0,0.38999999999999996,3.0,129.7567183853331,0.006230894504898846,True,False,False
11.005,0.32133639606773956,0.12144020732488948,0.07901816928613782,0.028747246667478167,-0.2535929077141399,0.0,-0.012848355507594713,0.29632921105761256,0.0,0.39214885059868465,-0.024999999999999994,0.0,0.38999999999999996,3.0,129.75674314759644,0.007146224923746156,True,False,False
11.01,0.3217321047769744,0.1296903102967996,0.07926842565438898,0.028848926712065223,-0.2535929077141399,0.0,-0.012848355507594713,0.2967249303910065,0.0,0.39214858305030653,-0.024999999999999994,0.0,0.38999999999999996,3.0,129.75676766205044,0.008052981875040534,True,False,False
11.015,0.3221290460851841,0.13796918021768553,0.07951162268130131,0.028948074339542076,-0.2535929077141399,0.0,-0.012848355507594713,0.29712188324866484,0.0,0.3921481769210652,-0.024999999999999994,0.0,0.38999999999999996,3.0,129.75679192291338,0.008951457088567184,True,False,False
11.02,0.32252718458094887,0.14627608881823892,0.07974774124082216,0.029044670777103154,-0.2535929077141399,0.0,-0.012848355507594713,0.29752003423414475,0.0,0.39214762923232427,-0.024999999999999994,0.0,0.38999999999999996,3.0,129.756815924723,0.00984193367776385,True,False,False
11.025,0.32292648475624014,0.15461030298616388,0.07997676290337156,0.029138700792423672,-0.2535929077141399,0.0,-0.012848355507594713,0.29791934785431917,0.0,0.3921469369723836,-0.024999999999999994,0.0,0.38999999999999996,3.0,129.7568396623234,0.0107246867026135,True,False,False
11.03,0.3233269110097736,0.16297108563290566,0.08019866991255883,0.02923015183333203,-0.2535929077141399,0.0,-0.012848355507594713,0.29831978852269514,0.0,0.3921460970997988,-0.024999999999999994,0.0,0.38999999999999996,3.0,129.75686313085373,0.011599983564695812,True,False,False
11.035,0.32372842765025794,0.17135769639219683,0.08041344516930224,0.02931901337355235,-0.2535929077141399,0.0,-0.012848355507594713,0.29872132056263323,0.0,0.39214510654587137,-0.024999999999999994,0.0,0.38999999999999996,3.0,129.75688632573628,0.01246808428953914,True,False,False
11.040000000000001,0.32413099889957164,0.1797693921029299,0.08062107222124491,0.029405276419882984,-0.2535929077141399,0.0,-0.012848355507594713,0.2991239082104995,0.0,0.39214396221650255,-0.024999999999999994,0.0,0.38999999999999996,3.0,129.7569092426651,0.013329241733554209,True,False,False
11.045,0.3245345888958981,0.18820542720355024,0.08082153525595855,0.02948893314363196,-0.2535929077141399,0.0,-0.012848355507594713,0.2995275156187781,0.0,0.39214266099355777,-0.024999999999999994,0.0,0.38999999999999996,3.0,129.75693187759512,0.014183701740606597,True,False,False
11.05,0.32493916169682363,0.19666505403145618,0.08101481909685468,0.02956997660645845,-0.25404982735850123,0.0,-0.01176757048131175,0.29993210685914906,0.0,0.39214119973589884,-0.024999999999999994,0.0,0.38999999999999996,3.0,129.7713957883057,0.014355159975444884,True,False,False
11.055,0.32534468128289135,0.20514758876656639,0.08120084895037456,0.029648856769271908,-0.25404982735850123,0.0,-0.01176757048131175,0.3003376458347197,0.0,0.3921395891635209,-0.024999999999999994,0.0,0.38999999999999996,3.0,129.77141813470834,0.015221171071412014,True,False,False
11.06,0.3257511115441693,0.21365234203203698,0.08137966251338594,0.029725088905851797,-0.25404982735850123,0.0,-0.01176757048131175,0.3007440963587257,0.0,0.3921378399610528,-0.024999999999999994,0.0,0.38999999999999996,3.0,129.77144019612444,0.016080532718555467,True,False,False
11.065,0.32615841629075526,0.22217855340289233,0.08155124644020284,0.02979866078802457,-0.25404982735850123,0.0,-0.01176757048131175,0.301151422256003,0.0,0.39213594889452763,-0.024999999999999994,0.0,0.38999999999999996,3.0,129.77146196881097,0.016933476035463406,True,False,False
11.07,0.3265665592646555,0.23072545934741803,0.08171558808323849,0.029869562837882894,-0.25404982735850123,0.0,-0.01176757048131175,0.3015595872831384,0.0,0.3921339127025417,-0.024999999999999994,0.0,0.38999999999999996,3.0,129.77148344925877,0.017780224743578453,True,False,False
11.075000000000001,0.326975504143134,0.23929229388956982,0.0818726754751803,0.02993778751648432,-0.25404982735850123,0.0,-0.01176757048131175,0.3019685551317887,0.0,0.3921317280987734,-0.024999999999999994,0.0,0.38999999999999996,3.0,129.77150463418286,0.018620995524869288,True,False,False
11.08,0.32738521454199504,0.24787828912868254,0.0820224973168452,0.03000332884863212,-0.25404982735850123,0.0,-0.01176757048131175,0.30237828943193734,0.0,0.3921293917739001,-0.024999999999999994,0.0,0.38999999999999996,3.0,129.77152552051305,0.0194559982819157,True,False,False
11.085,0.32779565401880867,0.2564826756330359,0.08216504296909617,0.030066182058734316,-0.25404982735850123,0.0,-0.01176757048131175,0.30278875375509673,0.0,0.39212690039706843,-0.024999999999999994,0.0,0.38999999999999996,3.0,129.77154610538423,0.02028543633284658,True,False,False
11.09,0.32820678607610043,0.2651046827446455,0.08230030244766245,0.030126343294742362,-0.25404982735850123,0.0,-0.01176757048131175,0.30319991161747656,0.0,0.39212425061698675,-0.024999999999999994,0.0,0.38999999999999996,3.0,129.77156638612777,0.0211095065629908,True,False,False
11.095,0.32861857416451346,0.27374353879954594,0.08242826642003381,0.03018380942053517,-0.25404982735850123,0.0,-0.01176757048131175,0.30361172648312595,0.0,0.3921214390627684,-0.024999999999999994,0.0,0.38999999999999996,3.0,129.77158636026275,0.021928399547869036,True,False,False
11.1,0.32903098168595374,0.28239847132893814,0.08254892620383827,0.03023857786072513,-0.25412870500373735,0.0,-0.010568471351041624,0.3040241617670608,0.0,0.39211846234458214,-0.024999999999999994,0.0,0.38999999999999996,3.0,129.78750185300643,0.022666937422163726,True,False,False
11.105,0.3294439719766671,0.29106877111154406,0.08266217860788819,0.03029108935132419,-0.25412870500373735,0.0,-0.010568471351041624,0.3044371807204226,0.0,0.39211533230075674,-0.024999999999999994,0.0,0.38999999999999996,3.0,129.78752124146936,0.023478708203345557,True,False,False
11.11,0.3298575083184901,0.29975372432829,0.08276810366418687,0.030340877615634202,-0.25412870500373735,0.0,-0.010568471351041624,0.3048507465408068,0.0,0.392112060736616,-0.024999999999999994,0.0,0.38999999999999996,3.0,129.7875403176021,0.024285754495298663,True,False,False
11.115,0.330271553967898,0.30845255044551656,0.08286669450580109,0.0303879401236317,-0.25412870500373735,0.0,-0.010568471351041624,0.3052648224986631,0.0,0.3921086441844741,-0.024999999999999994,0.0,0.38999999999999996,3.0,129.787559079525,0.02508824482968145,True,False,False
11.120000000000001,0.33068607214516055,0.31716446831171097,0.08295794493180624,0.03043227499161614,-0.25412870500373735,0.0,-0.010568471351041624,0.3056793718279569,0.0,0.3921050791581661,-0.024999999999999994,0.0,0.38999999999999996,3.0,129.78757752551022,0.025886341630028564,True,False,False
11.125,0.33110102603753705,0.32588869630582207,0.08304184940431625,0.03047388087718505,-0.25412870500373735,0.0,-0.010568471351041624,0.306094357729347,0.0,0.3921013621536891,-0.024999999999999994,0.0,0.38999999999999996,3.0,129.78759565397328,0.026680201367615515,True,False,False
11.13,0.33151637880247053,0.33462445249781503,0.08311840304684755,0.03051275689028091,-0.25412870500373735,0.0,-0.010568471351041624,0.30650974337336234,0.0,0.3920974896496858,-0.024999999999999994,0.0,0.38999999999999996,3.0,129.78761346346778,0.027469974689081682,True,False,False
11.135,0.3319320935707663,0.3433709547554527,0.08318760164363657,0.03054890252076627,-0.25412870500373735,0.0,-0.010568471351041624,0.3069254919035631,0.0,0.39209345810791274,-0.024999999999999994,0.0,0.38999999999999996,3.0,129.78763095267766,0.02825580652578999,True,False,False
11.14,0.33234813344976877,0.3521274208458621,0.08324944163964332,0.030582317581042486,-0.25412870500373735,0.0,-0.010568471351041624,0.3073415664397006,0.0,0.3920892639736003,-0.024999999999999994,0.0,0.38999999999999996,3.0,129.78764812041106,0.02903783619151528,True,False,False
11.145,0.3327644615265333,0.3608930685256238,0.08330392014104267,0.0306130021615114,-0.25412870500373735,0.0,-0.010568471351041624,0.3077579300808719,0.0,0.392084903675769,-0.024999999999999994,0.0,0.38999999999999996,3.0,129.78766496559433,0.029816197472781705,True,False,False
11.15,0.33318104087099615,0.36966711560939564,0.0833510349160634,0.030640956596589466,-0.25383496946344164,0.0,-0.009250957486858015,0.30817454590867277,0.0,0.392080373627524,-0.024999999999999994,0.0,0.38999999999999996,3.0,129.8050295744788,0.031108064730352693,True,False,False
11.155,0.3335978344928466,0.3784488421771057,0.08339064815202803,0.030666611061160143,-0.25383496946344164,0.0,-0.009250957486858015,0.30859137684069876,0.0,0.39207568683659405,-0.024999999999999994,0.0,0.38999999999999996,3.0,129.8050455548859,0.03186092441927843,True,False,False
11.16,0.3340148053830593,0.3872375242351031,0.08342288821493833,0.030689516149955937,-0.25383496946344164,0.0,-0.009250957486858015,0.309008385776996,0.0,0.3920708562790266,-0.024999999999999994,0.0,0.38999999999999996,3.0,129.805061206193,0.03261096070637593,True,False,False
11.165000000000001,0.33443191656719884,0.3960323749882357,0.0834477546501657,0.03070967754730351,-0.25383496946344164,0.0,-0.009250957486858015,0.30942553575594633,0.0,0.39206587830185746,-0.024999999999999994,0.0,0.38999999999999996,3.0,129.80507652815047,0.03335827849003028,True,False,False
11.17,0.3348491310661792,0.40483260907897695,0.08346524763972513,0.030727099628450317,-0.25383496946344164,0.0,-0.009250957486858015,0.30984278981088803,0.0,0.3920607492415982,-0.024999999999999994,0.0,0.38999999999999996,3.0,129.80509152058332,0.03410297792036775,True,False,False
11.175,0.3352664118993015,0.4136374422683338,0.083475368012984,0.03074178585630327,-0.25383496946344164,0.0,-0.009250957486858015,0.31026011097314726,0.0,0.3920554654229885,-0.024999999999999994,0.0,0.38999999999999996,3.0,129.8051061833868,0.03484515435616197,True,False,False
11.18,0.33568372208734437,0.42244609121083904,0.08347811725468084,0.03075373907551744,-0.25383496946344164,0.0,-0.009250957486858015,0.3106774622751198,0.0,0.39205002315816895,-0.024999999999999994,0.0,0.38999999999999996,3.0,129.80512051652204,0.035584898361620036,True,False,False
11.185,0.3361010246556898,0.43125777331031084,0.08347349751104337,0.030762961729594453,-0.25383496946344164,0.0,-0.009250957486858015,0.3110948067533847,0.0,0.3920444187461527,-0.024999999999999994,0.0,0.38999999999999996,3.0,129.8051345200123,0.0363222957309192,True,False,False
11.19,0.33651828263747424,0.4400717066418377,0.08346151159455736,0.030769456020776853,-0.25383496946344164,0.0,-0.009250957486858015,0.3115121074518428,0.0,0.39203864847249725,-0.024999999999999994,0.0,0.38999999999999996,3.0,129.8051481939389,0.03705742753207565,True,False,False
11.195,0.3369354590767592,0.4488871098838565,0.08344216298777511,0.030773224027762475,-0.25383496946344164,0.0,-0.009250957486858015,0.3119293274248722,0.0,0.3920327086091482,-0.024999999999999994,0.0,0.38999999999999996,3.0,129.80516153843791,0.03779037016431997,True,False,False
11.200000000000001,0.3373525170317145,0.4577032023059917,0.083415455846434,0.03077426779251061,-0.2531761958240802,0.0,-0.007818796827375166,0.3123464297404962,0.0,0.3920265954144001,-0.024999999999999994,0.0,0.38999999999999996,3.0,129.82392246152637,0.03961830025772491,True,False,False
11.205,0.3377694194997493,0.46651926396557414,0.0833812113945835,0.03077300483560736,-0.2531761958240802,0.0,-0.007818796827375166,0.3127633772982708,0.0,0.39202032305921564,-0.024999999999999994,0.0,0.38999999999999996,3.0,129.82393468790073,0.040307750034901196,True,False,False
11.21,0.33818612949476157,0.475334571063484,0.08333961241515127,0.030769002414249257,-0.2531761958240802,0.0,-0.007818796827375166,0.31318013301574305,0.0,0.3920139056834876,-0.024999999999999994,0.0,0.38999999999999996,3.0,129.82394657944755,0.0409962346962855,True,False,False
11.215,0.3386026101302333,0.4841483407013632,0.08329066478265922,0.030762273214644656,-0.2531761958240802,0.0,-0.007818796827375166,0.31359666001776,0.0,0.3920073394890315,-0.024999999999999994,0.0,0.38999999999999996,3.0,129.82395813726845,0.041683795412346014,True,False,False
11.22,0.33901882454609766,0.4929597931387978,0.08323437498281275,0.030752826732663503,-0.2531761958240802,0.0,-0.007818796827375166,0.3140129214551194,0.0,0.39200062067438596,-0.024999999999999994,0.0,0.38999999999999996,3.0,129.82396936247093,0.04237047002297377,True,False,False
11.225,0.3394347359116196,0.5017681510071837,0.08317075013551133,0.030740670163074177,-0.2531761958240802,0.0,-0.007818796827375166,0.31442888050745516,0.0,0.39199374543177024,-0.024999999999999994,0.0,0.38999999999999996,3.0,129.82398025616754,0.0430562927983226,True,False,False
11.23,0.33985030742838107,0.5105726387560356,0.08309979801149833,0.03072580906952752,-0.2531761958240802,0.0,-0.007818796827375166,0.31484450038622025,0.0,0.39198670994497653,-0.024999999999999994,0.0,0.38999999999999996,3.0,129.82399081947372,0.043741294306132404,True,False,False
11.235,0.3402655023333432,0.5193724822487494,0.0830215270445212,0.030708247885714732,-0.2531761958240802,0.0,-0.007818796827375166,0.3152597443377433,0.0,0.3919795103879319,-0.024999999999999994,0.0,0.38999999999999996,3.0,129.8240010535068,0.04442550135177499,True,False,False
11.24,0.3406802839019671,0.5281669085124856,0.08293594634031194,0.030687990288371787,-0.2531761958240802,0.0,-0.007818796827375166,0.31567457564633916,0.0,0.3919721429237335,-0.024999999999999994,0.0,0.38999999999999996,3.0,129.8240109593848,0.04510893696791424,True,False,False
11.245000000000001,0.3410946154513724,0.5369551455437351,0.08284306568330775,0.03066503947405831,-0.2531761958240802,0.0,-0.007818796827375166,0.31608895763745504,0.0,0.39196460370405595,-0.024999999999999994,0.0,0.38999999999999996,3.0,129.82402053822548,0.04579162043802963,True,False,False
11.25,0.3415084603435222,0.5457364222193996,0.08274289554175683,0.03063939836428881,-0.2521616884799764,0.0,-0.006278582782081455,0.3165028536808412,0.0,0.3919568888688568,-0.024999999999999994,0.0,0.38999999999999996,3.0,129.84408844912147,0.04813551116803248,True,False,False
11.255,0.34192178187361644,0.5545100262629516,0.08263520986615244,0.030611469445736245,-0.2521616884799764,0.0,-0.006278582782081455,0.31691622696971244,0.0,0.3919490137057047,-0.024999999999999994,0.0,0.38999999999999996,3.0,129.844096688941,0.048757178435749816,True,False,False
11.26,0.3423345433879711,0.5632752415579756,0.08252025187276861,0.030580837512747275,-0.2521616884799764,0.0,-0.006278582782081455,0.31732904075026175,0.0,0.3919409934714771,-0.024999999999999994,0.0,0.38999999999999996,3.0,129.84410459947702,0.04937968336272415,True,False,False
11.265,0.3427467084018904,0.5720312965733056,0.08239803366909629,0.030547521396148337,-0.2521616884799764,0.0,-0.006278582782081455,0.31774125854748947,0.0,0.39193282425829384,-0.024999999999999994,0.0,0.38999999999999996,3.0,129.84411218286894,0.05000300414785831,True,False,False
11.27,0.3431582404876878,0.5807774244306179,0.08226856795237315,0.030511534938824643,-0.2521616884799764,0.0,-0.006278582782081455,0.31815284394280446,0.0,0.39192450216187935,-0.024999999999999994,0.0,0.38999999999999996,3.0,129.8441194412048,0.05062711711488019,True,False,False
11.275,0.3435691032773963,0.5895128616735006,0.08213186804338929,0.030472888364587856,-0.2521616884799764,0.0,-0.006278582782081455,0.3185637605767475,0.0,0.39191602327687786,-0.024999999999999994,0.0,0.38999999999999996,3.0,129.8441263765221,0.051251996280438625,True,False,False
11.28,0.34397926046564886,0.5982368473780892,0.08198794791064086,0.030431589314014615,-0.2521616884799764,0.0,-0.006278582782081455,0.3189739721518773,0.0,0.39190738369350275,-0.024999999999999994,0.0,0.38999999999999996,3.0,129.84413299080927,0.051877613093523,True,False,False
11.285,0.34438867581266897,0.6069486225376024,0.08183682218769153,0.030387643621858713,-0.2521616884799764,0.0,-0.006278582782081455,0.3193834424357591,0.0,0.3918985794952471,-0.024999999999999994,0.0,0.38999999999999996,3.0,129.84413928600674,0.05250393629139424,True,False,False
11.290000000000001,0.344797313147349,0.6156474296312827,0.08167850618574211,0.03034105589708833,-0.2521616884799764,0.0,-0.006278582782081455,0.3197921352640365,0.0,0.39188960675734225,-0.024999999999999994,0.0,0.38999999999999996,3.0,129.84414526400818,0.05313093183460488,True,False,False
11.295,0.34520513637038386,0.6243325123310062,0.08151301590280613,0.030291829953964726,-0.2521616884799764,0.0,-0.006278582782081455,0.3202000145435543,0.0,0.3918804615457925,-0.024999999999999994,0.0,0.38999999999999996,3.0,129.84415092666165,0.05375856289569968,True,False,False
11.3,0.3456121094574481,0.6330031153310806,0.08134036803047044,0.030239969131717732,-0.2508021697002911,0.0,-0.004639033858036744,0.32060704425552256,0.0,0.3918711399168213,-0.024999999999999994,0.0,0.38999999999999996,3.0,129.86540926154197,0.05659601028622099,True,False,False
11.305,0.346018196306654,0.6416585398199028,0.08116028300905477,0.030185858437096508,-0.2508021697002911,0.0,-0.004639033858036744,0.32101318819382485,0.0,0.39186165820033136,-0.024999999999999994,0.0,0.38999999999999996,3.0,129.8654134024471,0.057145640578114804,True,False,False
11.31,0.34642336090117515,0.6502980830598039,0.08097307037789732,0.03012910188500174,-0.2508021697002911,0.0,-0.004639033858036744,0.32141841023963863,0.0,0.39185203269606583,-0.024999999999999994,0.0,0.38999999999999996,3.0,129.86541723089493,0.057697848533067,True,False,False
11.315,0.34682756746606996,0.6589209907445582,0.08077874836392823,0.030069723917922564,-0.2508021697002911,0.0,-0.004639033858036744,0.3218226746258905,0.0,0.3918422594212062,-0.024999999999999994,0.0,0.38999999999999996,3.0,129.86542074972488,0.05825255082638766,True,False,False
11.32,0.34723078031328375,0.667526514571453,0.08057733576613363,0.03000774227639725,-0.2508021697002911,0.0,-0.004639033858036744,0.3222259456716992,0.0,0.39183233440346654,-0.024999999999999994,0.0,0.38999999999999996,3.0,129.8654239616796,0.05880966372930534,True,False,False
11.325000000000001,0.3476329638441937,0.6761139105849011,0.08036885199859163,0.029943169832030707,-0.2508021697002911,0.0,-0.004639033858036744,0.32262818778494257,0.0,0.39182225367476464,-0.024999999999999994,0.0,0.38999999999999996,3.0,129.86542686940842,0.059369102488326456,True,False,False
11.33,0.3480340825523682,0.6846824379894008,0.08015331712095967,0.029876015977125685,-0.2508021697002911,0.0,-0.004639033858036744,0.32302936546502764,0.0,0.391812013266746,-0.024999999999999994,0.0,0.38999999999999996,3.0,129.86542947547085,0.05993078093881301,True,False,False
11.335,0.3484341010264757,0.6932313583101235,0.07993075186017626,0.02980628766898242,-0.2508021697002911,0.0,-0.004639033858036744,0.3234294433058019,0.0,0.3918016092076849,-0.024999999999999994,0.0,0.38999999999999996,3.0,129.86543178234027,0.06049461127753811,True,False,False
11.34,0.3488329839533046,0.7017599348117883,0.07970117762599323,0.029733990209684102,-0.2508021697002911,0.0,-0.004639033858036744,0.32382838599856945,0.0,0.3917910375204035,-0.024999999999999994,0.0,0.38999999999999996,3.0,129.8654337924072,0.06106050394292715,True,False,False
11.345,0.34923069612085866,0.7102674321137352,0.07946461652215846,0.02965912782577706,-0.2508021697002911,0.0,-0.004639033858036744,0.3242261583351774,0.0,0.39178029422095384,-0.024999999999999994,0.0,0.38999999999999996,3.0,129.86543550798294,0.061628367568210954,True,False,False
11.35,0.3496272024215007,0.7187531159420987,0.0792210913545163,0.029581704097987604,-0.2491095860093207,0.0,-0.002910628802805985,0.3246227252111473,0.0,0.39176937531789713,-0.024999999999999994,0.0,0.38999999999999996,3.0,129.8877453310012,0.0649350305566634,True,False,False
11.355,0.3500224676553269,0.7272163057796663,0.07897026287571221,0.029502084078888074,-0.2491095860093207,0.0,-0.002910628802805985,0.32501805132214756,0.0,0.39175829808929497,-0.024999999999999994,0.0,0.38999999999999996,3.0,129.88774538504813,0.06540851452251151,True,False,False
11.36,0.3504164567406091,0.7356563170870043,0.07871251270207567,0.02941989327935331,-0.2491095860093207,0.0,-0.002910628802805985,0.3254121014846255,0.0,0.391747079784003,-0.024999999999999994,0.0,0.38999999999999996,3.0,129.88774515454517,0.06588625024542916,True,False,False
11.365,0.35080913491268817,0.7440724178708096,0.07844786504281902,0.029335161455783222,-0.2491095860093207,0.0,-0.002910628802805985,0.3258048409398486,0.0,0.3917357163812698,-0.024999999999999994,0.0,0.38999999999999996,3.0,129.88774464267655,0.06636809484650127,True,False,False
11.370000000000001,0.35120046752282774,0.7524638834190227,0.07817634466518977,0.02924791002813214,-0.2491095860093207,0.0,-0.002910628802805985,0.32619623504422696,0.0,0.3917242038779998,-0.024999999999999994,0.0,0.38999999999999996,3.0,129.88774385249775,0.06685390650894207,True,False,False
11.375,0.3515904200405831,0.7608299942406554,0.07789797694515785,0.029158154359675437,-0.2491095860093207,0.0,-0.002910628802805985,0.32658624927171165,0.0,0.39171253828088065,-0.024999999999999994,0.0,0.38999999999999996,3.0,129.88774278694106,0.06734354367357454,True,False,False
11.38,0.35197895805642404,0.7691700345931782,0.07761278790307977,0.02906590548696077,-0.2491095860093207,0.0,-0.002910628802805985,0.3269748492164334,0.0,0.39170071560082614,-0.024999999999999994,0.0,0.38999999999999996,3.0,129.88774144882132,0.06783686452929026,True,False,False
11.385,0.3523660472845466,0.7774832914312865,0.07732080422891041,0.02897117142060677,-0.2491095860093207,0.0,-0.002910628802805985,0.3273620005955198,0.0,0.39168873184911884,-0.024999999999999994,0.0,0.38999999999999996,3.0,129.88773984084114,0.06833372670352077,True,False,False
11.39,0.35275165356581506,0.785769053693082,0.07702205330011914,0.028873958116827355,-0.2491095860093207,0.0,-0.002910628802805985,0.3277476692520366,0.0,0.3916765830348114,-0.024999999999999994,0.0,0.38999999999999996,3.0,129.88773796559664,0.06883398708803382,True,False,False
11.395,0.3531357428707938,0.7940266118181076,0.07671656319449205,0.02877427019951575,-0.2491095860093207,0.0,-0.002910628802805985,0.3281318211580121,0.0,0.39166426516311376,-0.024999999999999994,0.0,0.38999999999999996,3.0,129.88773582558213,0.06933750175623689,True,False,False
11.4,0.35351828130284524,0.8022552574428824,0.07640436269933834,0.028672111495173132,-0.24709702545946452,0.0,-0.0011054945556835966,0.3285144224175247,0.0,0.3916517742344282,-0.024999999999999994,0.0,0.38999999999999996,3.0,129.91093736896042,0.0730873058043992,True,False,False
11.405,0.3538992348554957,0.8104543328439504,0.07608504671852762,0.028567824536090507,-0.24709702545946452,0.0,-0.0011054945556835966,0.32889543892159817,0.0,0.39163912836431636,-0.024999999999999994,0.0,0.38999999999999996,3.0,129.91093347443365,0.07348073453447482,True,False,False
11.41,0.35427856967253796,0.8186231762239691,0.07575907458523999,0.028461059047631913,-0.24709702545946452,0.0,-0.0011054945556835966,0.3292748367144871,0.0,0.39162634564064186,-0.024999999999999994,0.0,0.38999999999999996,3.0,129.91092933392642,0.07388002271727856,True,False,False
11.415000000000001,0.3546562522908566,0.8267610827965396,0.07542647632687174,0.028351849933436677,-0.24709702545946452,0.0,-0.0011054945556835966,0.3296525823369943,0.0,0.39161342204560473,-0.024999999999999994,0.0,0.38999999999999996,3.0,129.91092495060175,0.07428497025984625,True,False,False
11.42,0.3550322493912425,0.834867356298778,0.07508728251912904,0.02824022220157035,-0.24709702545946452,0.0,-0.0011054945556835966,0.33002864247297514,0.0,0.3916003535864893,-0.024999999999999994,0.0,0.38999999999999996,3.0,129.91092032747542,0.074695379575315,True,False,False
11.425,0.3554065278005701,0.8429413065446992,0.0747415243428183,0.028126193672106534,-0.24709702545946452,0.0,-0.0011054945556835966,0.3304029839515506,0.0,0.3915871362863013,-0.024999999999999994,0.0,0.38999999999999996,3.0,129.91091546742473,0.07511105460028634,True,False,False
11.43,0.3557790544942684,0.8509822476766521,0.07438923362358621,0.02800977703285172,-0.24709702545946452,0.0,-0.0011054945556835966,0.33077557374959726,0.0,0.3915737661771985,-0.024999999999999994,0.0,0.38999999999999996,3.0,129.91091037319396,0.07553180016562316,True,False,False
11.435,0.35614979659901363,0.8589894969270297,0.07403044285989285,0.027890981385528837,-0.24709702545946452,0.0,-0.0011054945556835966,0.33114637899445004,0.0,0.39156023929587014,-0.024999999999999994,0.0,0.38999999999999996,3.0,129.9109050474029,0.07595742160674156,True,False,False
11.44,0.3565187213955715,0.8669623737623742,0.07366518524283185,0.027769813400566695,-0.24709702545946452,0.0,-0.0011054945556835966,0.3315153669667448,0.0,0.39154655168048397,-0.024999999999999994,0.0,0.38999999999999996,3.0,129.9108994925535,0.07638772453583044,True,False,False
11.445,0.3568857963217429,0.8749001993188438,0.07329349467028663,0.02764627817512215,-0.24709702545946452,0.0,-0.0011054945556835966,0.3318825051033597,0.0,0.3915326993687405,-0.024999999999999994,0.0,0.38999999999999996,3.0,129.91089371103658,0.07682251472348232,True,False,False
11.450000000000001,0.357250988975381,0.8828022960432597,0.07291540575713729,0.027520379868268323,-0.24477872714052343,0.0,0.0007625627328441114,0.3322477610004224,0.0,0.39151867839677434,-0.024999999999999994,0.0,0.38999999999999996,3.0,129.9348060392166,0.0809877212459155,True,False,False
11.455,0.35761426682529435,0.8906680335168193,0.07253044134327792,0.02739243573837014,-0.24477872714052343,0.0,0.0007625627328441114,0.33261110202830974,0.0,0.3915045075907573,-0.024999999999999994,0.0,0.38999999999999996,3.0,129.93479845988944,0.08129746170883648,True,False,False
11.46,0.35797559752139235,0.8984967772625022,0.0721391440620896,0.027262122792915764,-0.24477872714052343,0.0,0.0007625627328441114,0.33297249574180526,0.0,0.391490205751283,-0.024999999999999994,0.0,0.38999999999999996,3.0,129.93479068316296,0.0816146037329672,True,False,False
11.465,0.3583349491818602,0.9062878546818885,0.07174154957190523,0.02712948095524421,-0.24477872714052343,0.0,0.0007625627328441114,0.33333191026099573,0.0,0.39147576890874747,-0.024999999999999994,0.0,0.38999999999999996,3.0,129.93478271180675,0.08193889260629117,True,False,False
11.47,0.3586922900954799,0.914040602918076,0.07133769407579776,0.02699453876744074,-0.24477872714052343,0.0,0.0007625627328441114,0.33368931387565415,0.0,0.3914611931263143,-0.024999999999999994,0.0,0.38999999999999996,3.0,129.93477454844012,0.08227007753095805,True,False,False
11.475,0.3590475887236015,0.921754366040167,0.07092761438300338,0.026857316505389077,-0.24477872714052343,0.0,0.0007625627328441114,0.3340446750472491,0.0,0.3914464744891586,-0.024999999999999994,0.0,0.38999999999999996,3.0,129.93476619554056,0.08260791046920231,True,False,False
11.48,0.35940081370244475,0.9294284930321264,0.07051134795175697,0.026717828544756413,-0.24477872714052343,0.0,0.0007625627328441114,0.33439796241127073,0.0,0.391431609096867,-0.024999999999999994,0.0,0.38999999999999996,3.0,129.93475765545296,0.08295214539866123,True,False,False
11.485,0.35975193384564785,0.9370623363701968,0.07008893291942288,0.026576085140813256,-0.24477872714052343,0.0,0.0007625627328441114,0.33474914477979095,0.0,0.3914165930581504,-0.024999999999999994,0.0,0.38999999999999996,3.0,129.93474893039738,0.08330253784499754,True,False,False
11.49,0.3601009181469853,0.944655251041048,0.0696604081239213,0.026432093757628453,-0.24477872714052343,0.0,0.0007625627328441114,0.3350981911441848,0.0,0.39140142248731014,-0.024999999999999994,0.0,0.38999999999999996,3.0,129.93474002247746,0.08365884460192399,True,False,False
11.495000000000001,0.3604477357832029,0.9522065938907975,0.06922581311917793,0.026285860055360957,-0.24477872714052343,0.0,0.0007625627328441114,0.33544507067796253,0.0,0.3913860935019854,-0.024999999999999994,0.0,0.38999999999999996,3.0,129.93473093368846,0.08402082357779408,True,False,False
11.5,0.36079235611692834,0.9597157232179743,0.06878518818646484,0.026137388620688047,-0.24217015882063703,0.0,0.0026779871828357584,0.3357897527396722,0.0,0.39137060222189135,-0.024999999999999994,0.0,0.38999999999999996,3.0,129.9591510959503,0.08857200076769295,True,False,False
11.505,0.3611347483622626,0.9671820405212039,0.0683379777039683,0.025986968418292768,-0.24217015882063703,0.0,0.0026779871828357584,0.3361322064511646,0.0,0.39135496803953757,-0.024999999999999994,0.0,0.38999999999999996,3.0,129.9591402176018,0.08879478336550684,True,False,False
11.51,0.3614748819437426,0.9746049433289482,0.06788481326006955,0.025834307093685973,-0.24217015882063703,0.0,0.0026779871828357584,0.336472401148344,0.0,0.39133921032452895,-0.024999999999999994,0.0,0.38999999999999996,3.0,129.95912919954756,0.08902644506308324,True,False,False
11.515,0.3618127268266532,0.9819837963595278,0.06742573594936388,0.025679449434684854,-0.24217015882063703,0.0,0.0026779871828357584,0.3368103067964504,0.0,0.39132332520449165,-0.024999999999999994,0.0,0.38999999999999996,3.0,129.95911804379242,0.08926667930107479,True,False,False
11.52,0.36214825317202815,0.9893179752530971,0.06696078741766871,0.02552242743687589,-0.24217015882063703,0.0,0.0026779871828357584,0.33714589355552305,0.0,0.39130730884765375,-0.024999999999999994,0.0,0.38999999999999996,3.0,129.95910675220154,0.08951518479611306,True,False,False
11.525,0.36248143133839555,0.9966068634127222,0.06649000992679327,0.025363263804314046,-0.24217015882063703,0.0,0.0026779871828357584,0.33747913178218875,0.0,0.3912911574507538,-0.024999999999999994,0.0,0.38999999999999996,3.0,129.95909532651012,0.08977166422284376,True,False,False
11.53,0.3628122318838923,1.0038498497405353,0.06601344639972191,0.025201974609227802,-0.24217015882063703,0.0,0.0026779871828357584,0.3378099920318015,0.0,0.39127486723047034,-0.024999999999999994,0.0,0.38999999999999996,3.0,129.95908376833322,0.09003582335864471,True,False,False
11.535,0.3631406255686448,1.0110463270380536,0.06553114045259267,0.02503857129303983,-0.24217015882063703,0.0,0.0026779871828357584,0.33813844506083846,0.0,0.3912584344174709,-0.024999999999999994,0.0,0.38999999999999996,3.0,129.95907207917463,0.09030737054163973,True,False,False
11.540000000000001,0.36346658335734094,1.0181956909046161,0.06504313641777092,0.02487306216067297,-0.24217015882063703,0.0,0.0026779871828357584,0.3384644618294764,0.0,0.3912418552524071,-0.024999999999999994,0.0,0.38999999999999996,3.0,129.95906026043627,0.09058601634037242,True,False,False
11.545,0.3637900764219253,1.0252973390063034,0.06454947936092337,0.02470545349019375,-0.24217015882063703,0.0,0.0026779871828357584,0.33878801350428667,0.0,0.39122512598338155,-0.024999999999999994,0.0,0.38999999999999996,3.0,129.95904831342668,0.09087147336638086,True,False,False
11.55,0.3641110761443793,1.0323506706175465,0.06405021509406687,0.024535750353346323,-0.23928813768187965,0.0,0.0046234425185002394,0.3391090714610093,0.0,0.3912082428644951,-0.024999999999999994,0.0,0.38999999999999996,3.0,129.98375102690082,0.09577740533690823,True,False,False
11.555,0.36442955373991787,1.0393551238019454,0.06354470270276495,0.02436421010099233,-0.23928813768187965,0.0,0.0046234425185002394,0.3394276068308048,0.0,0.3911912256914899,-0.024999999999999994,0.0,0.38999999999999996,3.0,129.98373735086514,0.0959104166920374,True,False,False
11.56,0.36474548066178203,1.0463101328074156,0.06303366872699707,0.024190574611411116,-0.23928813768187965,0.0,0.0046234425185002394,0.33974359098674956,0.0,0.39117409424030486,-0.024999999999999994,0.0,0.38999999999999996,3.0,129.98372360077113,0.09605372054044549,True,False,False
11.565,0.36505882897171327,1.0532151048457845,0.06251715953195436,0.024014893314786043,-0.23928813768187965,0.0,0.0046234425185002394,0.3400569959887585,0.0,0.3911568447873897,-0.024999999999999994,0.0,0.38999999999999996,3.0,129.98370977749343,0.09620696137969376,True,False,False
11.57,0.36536957095056743,1.0600694591823094,0.06199522205818389,0.023837201517222423,-0.23928813768187965,0.0,0.0046234425185002394,0.34036779411489637,0.0,0.39113947365762247,-0.024999999999999994,0.0,0.38999999999999996,3.0,129.98369588179227,0.0963697902910742,True,False,False
11.575000000000001,0.36567767909982407,1.0668726236453419,0.061467903888848645,0.02365752426361048,-0.23928813768187965,0.0,0.0046234425185002394,0.3406759578629309,0.0,0.39112197721094266,-0.024999999999999994,0.0,0.38999999999999996,3.0,129.9836819143232,0.09654186346619628,True,False,False
11.58,0.36598312614349066,1.0736240321289772,0.0609352532970425,0.023475879273326974,-0.23928813768187965,0.0,0.0046234425185002394,0.3409814599522652,0.0,0.39110435183285075,-0.024999999999999994,0.0,0.38999999999999996,3.0,129.98366787564768,0.09672284124663408,True,False,False
11.585,0.36628588503029824,1.0803231228249923,0.060397319279933505,0.02329227914919745,-0.23928813768187965,0.0,0.0046234425185002394,0.34128427332614875,0.0,0.3910865939278226,-0.024999999999999994,0.0,0.38999999999999996,3.0,129.98365376624227,0.09691238751089574,True,False,False
11.59,0.3665859289361009,1.0869693370045934,0.059854151584253716,0.023106733027062547,-0.23928813768187965,0.0,0.0046234425185002394,0.34158437115408513,0.0,0.39106869991484455,-0.024999999999999994,0.0,0.38999999999999996,3.0,129.98363958650833,0.09711016929598107,True,False,False
11.595,0.3668832312664098,1.0935621182107522,0.05930580072615728,0.022919247800496638,-0.23928813768187965,0.0,0.0046234425185002394,0.34188172683436613,0.0,0.3910506662245955,-0.024999999999999994,0.0,0.38999999999999996,3.0,129.98362533678105,0.09731585657728481,True,False,False
11.6,0.36717776565901783,1.1001009117504246,0.058752318007488306,0.022729829026098703,-0.23615097092935272,0.0,0.006579870401052432,0.34217631399669357,0.0,0.39103248929779516,-0.024999999999999994,0.0,0.38999999999999996,3.0,130.00836384122596,0.10254342459295276,True,False,False
11.605,0.36746950556957064,1.1065851967824933,0.05819296947405715,0.02253869883908807,-0.23615097092935272,0.0,0.006579870401052432,0.3424681060227013,0.0,0.3910141891507287,-0.024999999999999994,0.0,0.38999999999999996,3.0,130.00834797478737,0.10258440005930622,True,False,False
11.61,0.36775842471734643,1.1130144488605112,0.05762858350011734,0.022345637129590874,-0.23615097092935272,0.0,0.006579870401052432,0.3427570765617678,0.0,0.3909957857832947,-0.024999999999999994,0.0,0.38999999999999996,3.0,130.00833210646792,0.10263701657607502,True,False,False
11.615,0.36804449749107715,1.1193881227525486,0.0570592116627936,0.02215069766565111,-0.23615097092935272,0.0,0.006579870401052432,0.3430431999992906,0.0,0.3909772756733325,-0.024999999999999994,0.0,0.38999999999999996,3.0,130.00831623566063,0.10270087271664584,True,False,False
11.620000000000001,0.3683276985199677,1.125705686334682,0.056484906171667584,0.02195391884557206,-0.23615097092935272,0.0,0.006579870401052432,0.343326450960187,0.0,0.3909586553547416,-0.024999999999999994,0.0,0.38999999999999996,3.0,130.00830036168287,0.10277557488566802,True,False,False
11.625,0.36860800267495347,1.1319666167962534,0.05590571993877864,0.021755327897574114,-0.23615097092935272,0.0,0.006579870401052432,0.3436068043101957,0.0,0.39093992140289086,-0.024999999999999994,0.0,0.38999999999999996,3.0,130.00828448378635,0.10286073569949883,True,False,False
11.63,0.36888538507038,1.138170397919279,0.05532170662916019,0.02155494407239106,-0.23615097092935272,0.0,0.006579870401052432,0.34388423515758454,0.0,0.39092107042425933,-0.024999999999999994,0.0,0.38999999999999996,3.0,130.0082686011672,0.10295597292693437,True,False,False
11.635,0.36915982106599476,1.144316518151153,0.05473292069898391,0.02135278104592202,-0.23615097092935272,0.0,0.006579870401052432,0.34415871885515953,0.0,0.3909020990492148,-0.024999999999999994,0.0,0.38999999999999996,3.0,130.00825271297597,0.10306090880915232,True,False,False
11.64,0.3694312862691519,1.1504044692791595,0.054139417425975125,0.021148848713503816,-0.23615097092935272,0.0,0.006579870401052432,0.34443023100247866,0.0,0.39088300392713965,-0.024999999999999994,0.0,0.38999999999999996,3.0,130.00823681832665,0.10317516963572976,True,False,False
11.645,0.36969975653716425,1.1564337455482887,0.05354125293519746,0.02094315452193897,-0.23615097092935272,0.0,0.006579870401052432,0.34469874744820683,0.0,0.39086378172330083,-0.024999999999999994,0.0,0.38999999999999996,3.0,130.00822091630567,0.10329838549347378,True,False,False
11.65,0.3699652079797502,1.1624038431056825,0.05293848422229015,0.02073570445386294,-0.23277859618861954,0.0,0.008526658736882391,0.34496424429256156,0.0,0.3908444291170107,-0.024999999999999994,0.0,0.38999999999999996,3.0,130.0327292691936,0.1088124498024081,True,False,False
11.655,0.3702276165136061,1.1683142864472083,0.0523302747279284,0.02052668161284405,-0.23277859618861954,0.0,0.008526658736882391,0.3452266973898669,0.0,0.3908249661433492,-0.024999999999999994,0.0,0.38999999999999996,3.0,130.0327119127104,0.10875976146640617,True,False,False
11.66,0.37048695834246614,1.174164596716485,0.051717563499635404,0.02031590779498387,-0.23277859618861954,0.0,0.008526658736882391,0.34548608288576005,0.0,0.39080541282458126,-0.024999999999999994,0.0,0.38999999999999996,3.0,130.03269463137352,0.10871999579611213,True,False,False
11.665000000000001,0.37074321039161434,1.1799542810001917,0.05110040755033318,0.02010344072076872,-0.23277859618861954,0.0,0.008526658736882391,0.3457423777010718,0.0,0.39078576589176933,-0.024999999999999994,0.0,0.38999999999999996,3.0,130.03267742276483,0.10869270857457941,True,False,False
11.67,0.37099634984596075,1.1856828604550012,0.050478864649328326,0.01988932159038516,-0.23277859618861954,0.0,0.008526658736882391,0.34599555901534546,0.0,0.39076602213926415,-0.024999999999999994,0.0,0.38999999999999996,3.0,130.03266028444227,0.10867746459813979,True,False,False
11.675,0.3712463541510389,1.191349866226038,0.049852993398374505,0.0196735795927003,-0.23277859618861954,0.0,0.008526658736882391,0.34624560426787626,0.0,0.39074617840899517,-0.024999999999999994,0.0,0.38999999999999996,3.0,130.03264321394985,0.10867383592090353,True,False,False
11.68,0.3714932010144477,1.196954836519389,0.04922285329008936,0.01945623533408371,-0.23277859618861954,0.0,0.008526658736882391,0.3464924911591809,0.0,0.3907262315792842,-0.024999999999999994,0.0,0.38999999999999996,3.0,130.03262620882714,0.10868140070334667,True,False,False
11.685,0.3717368684076194,1.202497314532871,0.048588504756044044,0.0192373034193408,-0.23277859618861954,0.0,0.008526658736882391,0.3467361976527834,0.0,0.3907061785570429,-0.024999999999999994,0.0,0.38999999999999996,3.0,130.03260926661855,0.10869974246967576,True,False,False
11.69,0.3719773345678172,1.2079768470240333,0.04795000920932264,0.01901679437929227,-0.23277859618861954,0.0,0.008526658736882391,0.34697670197722286,0.0,0.39068601627248023,-0.024999999999999994,0.0,0.38999999999999996,3.0,130.0325923848823,0.10872844964118103,True,False,False
11.695,0.3722145780002832,1.2133929833602382,0.047307429084743946,0.018794716101733375,-0.23277859618861954,0.0,0.008526658736882391,0.3472139826282056,0.0,0.3906657416756919,-0.024999999999999994,0.0,0.38999999999999996,3.0,130.03257556119874,0.10876711525580585,True,False,False
11.700000000000001,0.372448577480488,1.218745274918752,0.04666082787893121,0.01857107488875665,-0.22919270509406806,0.0,0.010441918999905117,0.34744801837085626,0.0,0.39064535173462234,-0.024999999999999994,0.0,0.38999999999999996,3.0,130.05657235193394,0.114530420278144,True,False,False
11.705,0.37267931158610224,1.224033295331869,0.046009253392337926,0.01834601088705783,-0.22919270509406806,0.0,0.010441918999905117,0.34767878773337496,0.0,0.390624866284224,-0.024999999999999994,0.0,0.38999999999999996,3.0,130.05655428269716,0.11438315721971755,True,False,False
11.71,0.3729067592028459,1.2292566151673128,0.04535376828110591,0.018119391720616523,-0.22919270509406806,0.0,0.010441918999905117,0.3479062695563788,0.0,0.39060430515024347,-0.024999999999999994,0.0,0.38999999999999996,3.0,130.056536368568,0.11425002785488156,True,False,False
11.715,0.37313089997928045,1.2344147981368196,0.0446944359407983,0.01789127860748486,-0.22919270509406806,0.0,0.010441918999905117,0.3481304434833586,0.0,0.39058366536642053,-0.024999999999999994,0.0,0.38999999999999996,3.0,130.0565186050183,0.1141305484360744,True,False,False
11.72,0.37335171384038085,1.2395074228677712,0.044031320799630416,0.017661715199971655,-0.22919270509406806,0.0,0.010441918999905117,0.3483512894333719,0.0,0.3905629440364489,-0.024999999999999994,0.0,0.38999999999999996,3.0,130.05650098756033,0.11402424534048436,True,False,False
11.725,0.3735691809882641,1.2445340785626788,0.04336448841346001,0.017430732373196287,-0.22919270509406806,0.0,0.010441918999905117,0.3485687876018116,0.0,0.3905421383172219,-0.024999999999999994,0.0,0.38999999999999996,3.0,130.05648351175572,0.11393065318973256,True,False,False
11.73,0.37378328190338167,1.2494943618852956,0.04269400554779758,0.017198351867746115,-0.22919270509406806,0.0,0.010441918999905117,0.34878291846162346,0.0,0.3905212454068969,-0.024999999999999994,0.0,0.38999999999999996,3.0,130.0564661732242,0.11384931361371481,True,False,False
11.735,0.3739939973460523,1.2543878747559345,0.04201994025455446,0.01696458903219413,-0.22919270509406806,0.0,0.010441918999905117,0.3489936627648569,0.0,0.39050026253655,-0.024999999999999994,0.0,0.38999999999999996,3.0,130.05644896765173,0.11377977445025919,True,False,False
11.74,0.37420130835823673,1.259214222827061,0.04134236194868348,0.016729454871626758,-0.22919270509406806,0.0,0.010441918999905117,0.34920100154444966,0.0,0.39047918696447925,-0.024999999999999994,0.0,0.38999999999999996,3.0,130.05643189079876,0.11372158923897292,True,False,False
11.745000000000001,0.3744051962654659,1.263973014469176,0.04066134148830791,0.016492957568445033,-0.22919270509406806,0.0,0.010441918999905117,0.34940491611616287,0.0,0.39045801597252916,-0.024999999999999994,0.0,0.38999999999999996,3.0,130.05641493850766,0.11367431691354828,True,False,False
11.75,0.3746056426788766,1.2686638601294442,0.0399769512610249,0.01625510360599606,-0.22541683677607288,0.0,0.012302857152179396,0.3496053880806188,0.0,0.3904367468638647,-0.024999999999999994,0.0,0.38999999999999996,3.0,130.07960821031705,0.11964743720877868,True,False,False
11.755,0.37480262901456096,1.2732863858246106,0.03928810392632561,0.016015986268355722,-0.22541683677607288,0.0,0.012302857152179396,0.3498023988181823,0.0,0.3904153990404452,-0.024999999999999994,0.0,0.38999999999999996,3.0,130.07959026329348,0.11940547550766928,True,False,False
11.76,0.3749961370151069,1.2778402148214507,0.038596007362439275,0.015775522853457968,-0.22541683677607288,0.0,0.012302857152179396,0.3499959300400961,0.0,0.3903939918985916,-0.024999999999999994,0.0,0.38999999999999996,3.0,130.07957255215734,0.11917878275407567,True,False,False
11.765,0.3751861492147105,1.2823249711848828,0.03790073429877472,0.015533777568194969,-0.22541683677607288,0.0,0.012302857152179396,0.35018596427546617,0.0,0.3903725228203209,-0.024999999999999994,0.0,0.38999999999999996,3.0,130.07955507001293,0.11896683907130398,True,False,False
11.77,0.3753726484382703,1.2867402946108577,0.037202359182649476,0.015290796123831127,-0.22541683677607288,0.0,0.012302857152179396,0.35037248434334944,0.0,0.3903509892635604,-0.024999999999999994,0.0,0.38999999999999996,3.0,130.0795378100802,0.11876913574321701,True,False,False
11.775,0.3755556178018453,1.2910858358585746,0.03650095834092779,0.015046610771996082,-0.22541683677607288,0.0,0.012302857152179396,0.35055547335324616,0.0,0.3903293887444432,-0.024999999999999994,0.0,0.38999999999999996,3.0,130.07952076570226,0.11858517322119898,True,False,False
11.78,0.3757350407135891,1.2953612534682553,0.03579661014211637,0.014801244136965892,-0.22541683677607288,0.0,0.012302857152179396,0.3507349147060563,0.0,0.3903077188246949,-0.024999999999999994,0.0,0.38999999999999996,3.0,130.07950393035262,0.11841445981130065,True,False,False
11.785,0.37591090087504014,1.2995662114363706,0.03508939516821429,0.014554712101688811,-0.22541683677607288,0.0,0.012302857152179396,0.35091079209538656,0.0,0.39028597710276125,-0.024999999999999994,0.0,0.38999999999999996,3.0,130.07948729764254,0.11825651082148728,True,False,False
11.790000000000001,0.3760831822826568,1.3037003776073088,0.03437939640329168,0.014307025963865103,-0.22541683677607288,0.0,0.012302857152179396,0.35108308950909556,0.0,0.39026416120778346,-0.024999999999999994,0.0,0.38999999999999996,3.0,130.0794708613277,0.11811084801941368,True,False,False
11.795,0.3762518692295183,1.307763422603059,0.033666699444603376,0.014058194036722715,-0.22541683677607288,0.0,0.012302857152179396,0.3512517912310016,0.0,0.3902422687956355,-0.024999999999999994,0.0,0.38999999999999996,3.0,130.07945461531435,0.11797699929964756,True,False,False
11.8,0.37641694630712935,1.311755019145395,0.03295139274163907,0.013808222831727198,-0.22147643087678945,0.0,0.014086215117737931,0.35141688184269215,0.0,0.39022029754653564,-0.024999999999999994,0.0,0.38999999999999996,3.0,130.10154768371265,0.12411833918260512,True,False,False
11.805,0.3765783979234257,1.3156748482647358,0.032232222621492265,0.013557155023395703,-0.22147643087678945,0.0,0.014086215117737931,0.35157834573046426,0.0,0.3901982661869726,-0.024999999999999994,0.0,0.38999999999999996,3.0,130.10153072948225,0.1237823996434258,True,False,False
11.81,0.3767362088285797,1.3195225885852757,0.03151058372574867,0.013304961238637183,-0.22147643087678945,0.0,0.014086215117737931,0.3517361676271639,0.0,0.39017619344119325,-0.024999999999999994,0.0,0.38999999999999996,3.0,130.10151409047427,0.12346278189399028,True,False,False
11.815,0.3768903645791929,1.3232979275958276,0.030786567596521368,0.0130517081263439,-0.22147643087678945,0.0,0.014086215117737931,0.35189033308495765,0.0,0.39015407708004873,-0.024999999999999994,0.0,0.38999999999999996,3.0,130.10149775721848,0.12315893348849341,True,False,False
11.82,0.37704085103426804,1.3270005689994173,0.03006026955477613,0.012797443035815924,-0.22147643087678945,0.0,0.014086215117737931,0.3520408279577818,0.0,0.39013191495538735,-0.024999999999999994,0.0,0.38999999999999996,3.0,130.10148172044507,0.12287031409643996,True,False,False
11.825000000000001,0.37718765435539464,1.3306302279387427,0.029331789137582907,0.012542199265639986,-0.22147643087678945,0.0,0.014086215117737931,0.3521876384015543,0.0,0.39010970498153463,-0.024999999999999994,0.0,0.38999999999999996,3.0,130.10146597109016,0.1225963934100062,True,False,False
11.83,0.377330761007418,1.334186627575243,0.02860123058989446,0.012286000059519873,-0.22147643087678945,0.0,0.014086215117737931,0.3523307508748629,0.0,0.39008744512206545,-0.024999999999999994,0.0,0.38999999999999996,3.0,130.10145050030178,0.12233664976320616,True,False,False
11.835,0.3774701577594783,1.3376694966565619,0.027868703429844204,0.012028861616314205,-0.22147643087678945,0.0,0.014086215117737931,0.35247015214001776,0.0,0.3900651333805015,-0.024999999999999994,0.0,0.38999999999999996,3.0,130.10143529944474,0.12209056923246855,True,False,False
11.84,0.37760583168630113,1.3410785678384094,0.027134323106472662,0.011770795339196595,-0.22147643087678945,0.0,0.014086215117737931,0.3526058292643521,0.0,0.3900427677939357,-0.024999999999999994,0.0,0.38999999999999996,3.0,130.10142036010592,0.12185764506206283,True,False,False
11.845,0.37773777016965804,1.3444135765608713,0.02639821177054429,0.01151180950572673,-0.22147643087678945,0.0,0.014086215117737931,0.35273776962168907,0.0,0.3900203464288334,-0.024999999999999994,0.0,0.38999999999999996,3.0,130.1014056740998,0.12163737730859184,True,False,False
11.85,0.37786596089993035,1.3476742603404903,0.02566049918244244,0.011251910501796896,-0.2173988322722384,0.0,0.01576875736319016,0.3528659608939122,0.0,0.38999786737848396,-0.024999999999999994,0.0,0.38999999999999996,3.0,130.12210350063518,0.12790323320611696,True,False,False
11.855,0.37799039140497664,1.350860357215008,0.02491971612495548,0.01099108694355406,-0.2173988322722384,0.0,0.01576875736319016,0.35299039060112153,0.0,0.3899753484468994,-0.024999999999999994,0.0,0.38999999999999996,3.0,130.12208842100495,0.12747492512862837,True,False,False
11.86,0.3781110495678054,1.3539716031807674,0.024177540623730922,0.01072936613001729,-0.2173988322722384,0.0,0.01576875736319016,0.3531110466227211,0.0,0.38995280743902194,-0.024999999999999994,0.0,0.38999999999999996,3.0,130.1220737321394,0.12706390134070422,True,False,False
11.865,0.37822792407771455,1.3570077515374583,0.023434119936192776,0.010466816580736334,-0.2173988322722384,0.0,0.01576875736319016,0.3532279176449505,0.0,0.389930242549008,-0.024999999999999994,0.0,0.38999999999999996,3.0,130.12205942184758,0.1266695805610174,True,False,False
11.870000000000001,0.37834100393544806,1.3599685722324386,0.022689613544803682,0.010203486847526897,-0.2173988322722384,0.0,0.01576875736319016,0.3533409926650032,0.0,0.3899076520561522,-0.024999999999999994,0.0,0.38999999999999996,3.0,130.12204547823126,0.12629139449157167,True,False,False
11.875,0.3784502784531042,1.362853846925554,0.021944195142631538,0.009939410939306522,-0.2173988322722384,0.0,0.01576875736319016,0.353450260990954,0.0,0.3898850343056648,-0.024999999999999994,0.0,0.38999999999999996,3.0,130.1220318896883,0.1259287856396186,True,False,False
11.88,0.37855573725454333,1.3656633654430348,0.021198055031469,0.009674612453557442,-0.2173988322722384,0.0,0.01576875736319016,0.3535557122421802,0.0,0.38986238769492043,-0.024999999999999994,0.0,0.38999999999999996,3.0,130.12201864491632,0.12558120587825583,True,False,False
11.885,0.37865737027616836,1.3683969232613664,0.020451403043271425,0.00940910768946809,-0.2173988322722384,0.0,0.01576875736319016,0.3536573363501518,0.0,0.38983971066376977,-0.024999999999999994,0.0,0.38999999999999996,3.0,130.12200573291585,0.12524811550652074,True,False,False
11.89,0.37875516776796475,1.3710543197667393,0.019704472123296665,0.00914290797462814,-0.2173988322722384,0.0,0.01576875736319016,0.35375512355947997,0.0,0.3898170016878715,-0.024999999999999994,0.0,0.38999999999999996,3.0,130.12199314299366,0.12492898264647925,True,False,False
11.895,0.37884912029470885,1.3736353570899156,0.01895752275232931,0.008876021392903133,-0.2173988322722384,0.0,0.01576875736319016,0.3538490644291319,0.0,0.38979425927429623,-0.024999999999999994,0.0,0.38999999999999996,3.0,130.1219808647654,0.12462328286752337,True,False,False
11.9,0.3789392187372901,1.376139839370498,0.0182108484390146,0.00860845406116193,-0.2132132419599823,0.0,0.017327778140137213,0.35393914983375974,0.0,0.38977148195878913,-0.024999999999999994,0.0,0.38999999999999996,3.0,130.14099665982263,0.13096797432406643,True,False,False
11.905,0.3790254538451347,1.3785675630163572,0.01746272814167078,0.008340137518096992,-0.2132132419599823,0.0,0.017327778140137213,0.35402537052811284,0.0,0.3897486863768972,-0.024999999999999994,0.0,0.38999999999999996,3.0,130.14098432175928,0.13044982394986798,True,False,False
11.91,0.3791078167328069,1.3809183227829582,0.016715442299291002,0.008071158645751732,-0.2132132419599823,0.0,0.017327778140137213,0.35410771763598703,0.0,0.3897258891679967,-0.024999999999999994,0.0,0.38999999999999996,3.0,130.14097244385448,0.12994982101256608,True,False,False
11.915000000000001,0.37918629930550396,1.383191939470345,0.0159694038407909,0.007801587249155905,-0.2132132419599823,0.0,0.017327778140137213,0.3541861830616298,0.0,0.38970308897720696,-0.024999999999999994,0.0,0.38999999999999996,3.0,130.14096101111969,0.12946735931414027,True,False,False
11.92,0.37926089378622124,1.3853882508147317,0.015225095147748842,0.007531472642458053,-0.2132132419599823,0.0,0.017327778140137213,0.35426075902675014,0.0,0.38968028453788267,-0.024999999999999994,0.0,0.38999999999999996,3.0,130.14095000895685,0.1290018464153015,True,False,False
11.925,0.3793315927153903,1.3875071064263578,0.01448308513603663,0.007260849210533138,-0.2132132419599823,0.0,0.017327778140137213,0.35433143807016654,0.0,0.38965747465183326,-0.024999999999999994,0.0,0.38999999999999996,3.0,130.14093942315947,0.1285527013871724,True,False,False
11.93,0.3793983889510201,1.3895483641465414,0.013744051540358189,0.006989740646398671,-0.2132132419599823,0.0,0.017327778140137213,0.3543982130479539,0.0,0.3896346581751503,-0.024999999999999994,0.0,0.38999999999999996,3.0,130.14092923991336,0.128119353323419,True,False,False
11.935,0.3794612756692196,1.3915118874632533,0.013008810260940655,0.0067181631451943115,-0.2132132419599823,0.0,0.017327778140137213,0.35446107713397207,0.0,0.38961183400818755,-0.024999999999999994,0.0,0.38999999999999996,3.0,130.14091944579786,0.1277012403665076,True,False,False
11.94,0.3795202463649798,1.393397543724793,0.01227835437527567,0.0064461277918307965,-0.2132132419599823,0.0,0.017327778140137213,0.35452002382065406,0.0,0.38958900108865485,-0.024999999999999994,0.0,0.38999999999999996,3.0,130.14091002778665,0.12729780908075905,True,False,False
11.945,0.37957529485313096,1.3952052029388533,0.011553906485691507,0.006173642334391409,-0.2132132419599823,0.0,0.017327778140137213,0.35457504691996833,0.0,0.38956615838702363,-0.024999999999999994,0.0,0.38999999999999996,3.0,130.14090097324834,0.12690851405917963,True,False,False
11.950000000000001,0.3796264152694087,1.3969347370172744,0.010836989600385384,0.005900712494591749,-0.2089506107117188,0.0,0.018741607741940176,0.3546261405644908,0.0,0.38954330490367484,-0.024999999999999994,0.0,0.38999999999999996,3.0,130.15796274072474,0.1332845864876497,True,False,False
11.955,0.3796736016591506,1.398586001500963,0.01012646286890624,0.005627210263247297,-0.2089506107117188,0.0,0.018741607741940176,0.35467329881656856,0.0,0.38952045586645107,-0.024999999999999994,0.0,0.38999999999999996,3.0,130.1579539693998,0.1326800490738851,True,False,False
11.96,0.3797168484398183,1.4001588506934592,0.009427426020268163,0.0053532844696574594,-0.2089506107117188,0.0,0.018741607741940176,0.3547165161142508,0.0,0.3894976265096009,-0.024999999999999994,0.0,0.38999999999999996,3.0,130.15794571919926,0.13209441306361194,True,False,False
11.965,0.3797561507882813,1.4016531739058085,0.008742949260326172,0.005079005613177308,-0.2089506107117188,0.0,0.018741607741940176,0.35475578763627147,0.0,0.38947481594950417,-0.024999999999999994,0.0,0.38999999999999996,3.0,130.1579379723369,0.13152705145350338,True,False,False
11.97,0.3797915042028598,1.403068877529809,0.008077052411393084,0.004804423332363911,-0.2089506107117188,0.0,0.018741607741940176,0.35479110888264453,0.0,0.3894520233927677,-0.024999999999999994,0.0,0.38999999999999996,3.0,130.15793071151845,0.130977351675775,True,False,False
11.975,0.3798229045026951,1.404405879881808,0.007435049221084285,0.004529572062103915,-0.2089506107117188,0.0,0.018741607741940176,0.3548224756740317,0.0,0.38942924811605073,-0.024999999999999994,0.0,0.38999999999999996,3.0,130.1579239199383,0.13044471329586288,True,False,False
11.98,0.3798503478276277,1.4056641074931275,0.006824007662948714,0.004254475345677429,-0.2089506107117188,0.0,0.018741607741940176,0.35484988415161933,0.0,0.3894064894515612,-0.024999999999999994,0.0,0.38999999999999996,3.0,130.15791758127926,0.12992854648687435,True,False,False
11.985,0.3798738306384602,1.4068434924786928,0.0062533299496024125,0.0039791490860510165,-0.2089506107117188,0.0,0.018741607741940176,0.3548733307773822,0.0,0.3893837467767821,-0.024999999999999994,0.0,0.38999999999999996,3.0,130.15791167971037,0.12942827102909685,True,False,False
11.99,0.3798933497174807,1.4079439707126493,0.005735391690351571,0.0037036039769361333,-0.2089506107117188,0.0,0.018741607741940176,0.35489281233460857,0.0,0.38936101950737667,-0.024999999999999994,0.0,0.38999999999999996,3.0,130.15790619988488,0.12894331566361422,True,False,False
11.995000000000001,0.37990890216916234,1.4089654806092577,0.0052860217669777575,0.0034278473087095435,-0.2089506107117188,0.0,0.018741607741940176,0.3549083259286038,0.0,0.38933830709244527,-0.024999999999999994,0.0,0.38999999999999996,3.0,130.1579011269387,0.1284731176845825,True,False,False
12.0,0.3799204854209734,1.4099079623461288,0.004924312756922208,0.003151884303004788,-0.20464347418056736,0.0,0.019990099547637297,0.35491986898750494,0.0,0.3893156090115351,-0.024999999999999994,0.0,0.38999999999999996,3.0,130.17275791103876,0.13483161733914473,True,False,False
