time_s,position_error_3d_m,orientation_error_deg,tip_speed_m_s,cutter_angular_speed_rad_s,ax_cmd_m_s2,ay_cmd_m_s2,az_cmd_m_s2,tip_x_m,tip_y_m,tip_z_m,target_x_m,target_y_m,target_z_m,wind_x_m_s,thrust_N,max_abs_torque_Nm,safe,task_success,anchor_active
0.0,0.0,0.0,0.0,0.0,0.0,0.0,0.0,0.225,0.0,0.38999999999999996,0.225,0.0,0.38999999999999996,0.0,129.8844,0.0,True,True,False
0.005,0.0,0.0,1.0733273954080062e-17,0.0,0.0,0.0,0.0,0.225,0.0,0.38999999999999996,0.225,0.0,0.38999999999999996,0.0,129.8844,0.0,True,True,False
0.01,0.0,0.0,2.1466547908160123e-17,0.0,0.0,0.0,0.0,0.225,0.0,0.38999999999999996,0.225,0.0,0.38999999999999996,0.0,129.8844,0.0,True,True,False
0.015,0.0,0.0,3.219982186224018e-17,0.0,0.0,0.0,0.0,0.225,0.0,0.38999999999999996,0.225,0.0,0.38999999999999996,0.0,129.8844,0.0,True,True,False
0.02,0.0,0.0,4.293309581632023e-17,0.0,0.0,0.0,0.0,0.225,0.0,0.38999999999999996,0.225,0.0,0.38999999999999996,0.0,129.8844,0.0,True,True,False
0.025,0.0,0.0,5.3666369770400276e-17,0.0,0.0,0.0,0.0,0.225,0.0,0.38999999999999996,0.225,0.0,0.38999999999999996,0.0,129.8844,0.0,True,True,False
0.03,0.0,0.0,6.439964372448032e-17,0.0,0.0,0.0,0.0,0.225,0.0,0.38999999999999996,0.225,0.0,0.38999999999999996,0.0,129.8844,0.0,True,True,False
0.035,0.0,0.0,7.513291767856037e-17,0.0,0.0,0.0,0.0,0.225,0.0,0.38999999999999996,0.225,0.0,0.38999999999999996,0.0,129.8844,0.0,True,True,False
0.04,0.0,0.0,8.586619163264042e-17,0.0,0.0,0.0,0.0,0.225,0.0,0.38999999999999996,0.225,0.0,0.38999999999999996,0.0,129.8844,0.0,True,True,False
0.045,0.0,0.0,9.659946558672047e-17,0.0,0.0,0.0,0.0,0.225,0.0,0.38999999999999996,0.225,0.0,0.38999999999999996,0.0,129.8844,0.0,True,True,False
0.05,0.0,0.0,1.0733273954080052e-16,0.0,-1.68529355612149e-32,0.0,3.756645883928018e-16,0.225,0.0,0.38999999999999996,0.225,0.0,0.38999999999999996,0.0,129.8844,2.6567034045501574e-32,True,True,False
0.055,9.618753328191058e-37,0.0,1.1806601349488058e-16,5.704769079989936e-38,-1.68529355612149e-32,0.0,3.756645883928018e-16,0.225,9.618753328191058e-37,0.38999999999999996,0.225,0.0,0.38999999999999996,0.0,129.8844,2.5614340263635285e-32,True,True,False
0.06,3.8115501411129124e-36,0.0,1.2879928744896062e-16,9.479281401265413e-39,-1.68529355612149e-32,0.0,3.756645883928018e-16,0.225,3.8115501411129124e-36,0.38999999999999996,0.225,0.0,0.38999999999999996,0.0,129.8844,2.469691238764959e-32,True,True,False
0.065,8.478592697456777e-36,0.0,1.3953256140304067e-16,1.0063722556230737e-37,-1.68529355612149e-32,0.0,3.756645883928018e-16,0.225,8.478592697456777e-36,0.38999999999999996,0.225,0.0,0.38999999999999996,0.0,129.8844,2.381374368999409e-32,True,True,False
0.07,1.4894445081563348e-35,0.0,1.5026583535712072e-16,2.234994146600314e-37,-1.68529355612149e-32,0.0,3.756645883928018e-16,0.225,1.4894445081563348e-35,0.38999999999999996,0.225,0.0,0.38999999999999996,0.0,129.8844,2.296383493569993e-32,True,True,False
0.075,2.2992411280334738e-35,0.0,1.6099910931120077e-16,3.0922957242627415e-37,-1.68529355612149e-32,0.0,3.756645883928018e-16,0.225,2.2992411280334738e-35,0.38999999999999996,0.225,0.0,0.38999999999999996,0.0,129.8844,2.2146195864725441e-32,True,True,False
0.08,3.270764365446404e-35,0.0,1.7173238326528081e-16,3.144383747519089e-37,-1.68529355612149e-32,0.0,3.756645883928018e-16,0.225,3.270764365446404e-35,0.38999999999999996,0.225,0.0,0.38999999999999996,0.0,129.8844,2.1359847049251438e-32,True,True,False
0.085,4.397712189316587e-35,0.0,1.8246565721936086e-16,2.139136505300607e-37,-1.68529355612149e-32,0.0,3.756645883928018e-16,0.225,4.397712189316587e-35,0.38999999999999996,0.225,0.0,0.38999999999999996,0.0,129.8844,2.060382308079896e-32,True,True,False
0.09,5.673962989259958e-35,0.0,1.931989311734409e-16,1.4605393056073055e-37,-1.68529355612149e-32,0.0,3.756645883928018e-16,0.225,5.673962989259958e-35,0.38999999999999996,0.225,0.0,0.38999999999999996,0.0,129.8844,1.9877173219991642e-32,True,True,False
0.095,7.093572857366639e-35,0.0,2.0393220512752096e-16,4.845008315814403e-37,-1.68529355612149e-32,0.0,3.756645883928018e-16,0.225,7.093572857366639e-35,0.38999999999999996,0.225,0.0,0.38999999999999996,0.0,129.8844,1.9178963974561176e-32,True,True,False
0.1,8.650772408720365e-35,0.0,2.14665479081601e-16,9.86738042478268e-37,-2.9920110428329717e-32,-5.76238087245951e-36,7.513291767856035e-16,0.225,8.650772408720365e-35,0.38999999999999996,0.225,0.0,0.38999999999999996,0.0,129.8844,3.9107426885707825e-32,True,True,False
0.105,1.0342501239715494e-34,0.0,2.253987530356811e-16,1.542672298610303e-36,-2.9920110428329717e-32,-5.76238087245951e-36,7.513291767856035e-16,0.225,1.0342501239715494e-34,0.38999999999999996,0.225,0.0,0.38999999999999996,0.0,129.8844,3.8438016331583013e-32,True,True,False
0.11,1.216864929428264e-34,0.0,2.3613202698976125e-16,2.100532880322901e-36,-2.9920110428329717e-32,-5.76238087245951e-36,7.513291767856035e-16,0.225,1.216864929428264e-34,0.38999999999999996,0.225,0.0,0.38999999999999996,0.0,129.8844,3.77686057774582e-32,True,True,False
0.115,1.4129217012367308e-34,0.0,2.468653009438414e-16,2.6591076784755406e-36,-2.9920110428329717e-32,-5.76238087245951e-36,7.513291767856035e-16,0.225,1.4129217012367308e-34,0.38999999999999996,0.225,0.0,0.38999999999999996,0.0,129.8844,3.7099195223333394e-32,True,True,False
0.12,1.6224204395871469e-34,0.0,2.575985748979216e-16,3.2180248001108975e-36,-2.9920110428329717e-32,-5.76238087245951e-36,7.513291767856035e-16,0.225,1.6224204395871469e-34,0.38999999999999996,0.225,0.0,0.38999999999999996,0.0,129.8844,3.642978466920858e-32,True,True,False
0.125,1.8453611446351622e-34,0.0,2.6833184885200176e-16,3.777132283429193e-36,-2.9920110428329717e-32,-5.76238087245951e-36,7.513291767856035e-16,0.225,1.8453611446351622e-34,0.38999999999999996,0.225,0.0,0.38999999999999996,0.0,129.8844,3.576037411508377e-32,True,True,False
0.13,2.0817438165097736e-34,0.0,2.7906512280608193e-16,4.3363564962893556e-36,-2.9920110428329717e-32,-5.76238087245951e-36,7.513291767856035e-16,0.225,2.0817438165097736e-34,0.38999999999999996,0.225,0.0,0.38999999999999996,0.0,129.8844,3.5090963560958963e-32,True,True,False
0.135,2.3315684553190816e-34,0.0,2.897983967601621e-16,4.8956574372898795e-36,-2.9920110428329717e-32,-5.76238087245951e-36,7.513291767856035e-16,0.225,2.3315684553190816e-34,0.38999999999999996,0.225,0.0,0.38999999999999996,0.0,129.8844,3.442155300683415e-32,True,True,False
0.14,2.5948350611545725e-34,0.0,3.005316707142423e-16,5.455011505731693e-36,-2.9920110428329717e-32,-5.76238087245951e-36,7.513291767856035e-16,0.225,2.5948350611545725e-34,0.38999999999999996,0.225,0.0,0.38999999999999996,0.0,129.8844,3.375214245270934e-32,True,True,False
0.145,2.8715436340943594e-34,0.0,3.1126494466832245e-16,6.01440387869257e-36,-2.9920110428329717e-32,-5.76238087245951e-36,7.513291767856035e-16,0.225,2.8715436340943594e-34,0.38999999999999996,0.225,0.0,0.38999999999999996,0.0,129.8844,3.308273189858453e-32,True,True,False
0.15,3.1616941742056683e-34,0.0,3.219982186224026e-16,6.573824777737076e-36,-4.4031123424632467e-32,-2.0363038983707312e-35,1.126993765178409e-15,0.225,3.1616941742056683e-34,0.38999999999999996,0.225,0.0,0.38999999999999996,0.0,129.88440000000003,5.465797785119029e-32,True,True,False
0.155,3.47769248268176e-34,0.0,3.219982186224026e-16,7.169789562954199e-36,-4.4031123424632467e-32,-2.0363038983707312e-35,1.126993765178409e-15,0.225,3.47769248268176e-34,0.38999999999999996,0.225,0.0,0.38999999999999996,0.0,129.88440000000003,5.275050748606376e-32,True,True,False
0.16,3.831163064757316e-34,0.0,3.219982186224026e-16,6.666888114062314e-36,-4.4031123424632467e-32,-2.0363038983707312e-35,1.126993765178409e-15,0.225,3.831163064757316e-34,0.38999999999999996,0.225,0.0,0.38999999999999996,0.0,129.88440000000003,5.091695584277362e-32,True,True,False
0.165,4.220605949289497e-34,0.0,3.219982186224026e-16,5.079443839039329e-36,-4.4031123424632467e-32,-2.0363038983707312e-35,1.126993765178409e-15,0.225,4.220605949289497e-34,0.38999999999999996,0.225,0.0,0.38999999999999996,0.0,129.88440000000003,4.9155101387950887e-32,True,True,False
0.17,4.644562823651437e-34,0.0,3.219982186224026e-16,2.993244055849353e-36,-4.4031123424632467e-32,-2.0363038983707312e-35,1.126993765178409e-15,0.225,4.644562823651437e-34,0.38999999999999996,0.225,0.0,0.38999999999999996,0.0,129.88440000000003,4.746274610093101e-32,True,True,False
0.17500000000000002,5.101616573954183e-34,0.0,3.219982186224026e-16,3.984721902260308e-36,-4.4031123424632467e-32,-2.0363038983707312e-35,1.126993765178409e-15,0.225,5.101616573954183e-34,0.38999999999999996,0.225,0.0,0.38999999999999996,0.0,129.88440000000003,4.583771768218061e-32,True,True,False
0.18,5.5903908572379995e-34,0.0,3.219982186224026e-16,8.546904807439869e-36,-4.4031123424632467e-32,-2.0363038983707312e-35,1.126993765178409e-15,0.225,5.5903908572379995e-34,0.38999999999999996,0.225,0.0,0.38999999999999996,0.0,129.88440000000003,4.427787391601975e-32,True,True,False
0.185,6.1095495298100535e-34,0.0,3.219982186224026e-16,1.4359100301580885e-35,-4.4031123424632467e-32,-2.0363038983707312e-35,1.126993765178409e-15,0.225,6.1095495298100535e-34,0.38999999999999996,0.225,0.0,0.38999999999999996,0.0,129.88440000000003,4.2781107254978035e-32,True,True,False
0.19,6.657796042662895e-34,0.0,3.219982186224026e-16,2.0849014417984594e-35,-4.4031123424632467e-32,-2.0363038983707312e-35,1.126993765178409e-15,0.225,6.657796042662895e-34,0.38999999999999996,0.225,0.0,0.38999999999999996,0.0,129.88440000000003,4.134534787120407e-32,True,True,False
0.195,7.2338727318777e-34,0.0,3.219982186224026e-16,2.769461459985906e-35,-4.4031123424632467e-32,-2.0363038983707312e-35,1.126993765178409e-15,0.225,7.2338727318777e-34,0.38999999999999996,0.225,0.0,0.38999999999999996,0.0,129.88440000000003,3.9968568754710536e-32,True,True,False
0.2,7.836560013958564e-34,0.0,3.219982186224026e-16,3.460718953319668e-35,-3.697644420874282e-32,-1.564280157760902e-35,1.126993765178409e-15,0.225,7.836560013958564e-34,0.38999999999999996,0.225,0.0,0.38999999999999996,0.0,129.88440000000003,2.752776569361158e-32,True,True,False
0.20500000000000002,8.460649088841184e-34,0.0,3.219982186224026e-16,4.1333170255844526e-35,-3.697644420874282e-32,-1.564280157760902e-35,1.126993765178409e-15,0.225,8.460649088841184e-34,0.38999999999999996,0.225,0.0,0.38999999999999996,0.0,129.88440000000003,2.666185768809679e-32,True,True,False
0.21,9.101117890585619e-34,0.0,3.219982186224026e-16,4.7540998963643816e-35,-3.697644420874282e-32,-1.564280157760902e-35,1.126993765178409e-15,0.225,9.101117890585619e-34,0.38999999999999996,0.225,0.0,0.38999999999999996,0.0,129.88440000000003,2.583438165196441e-32,True,True,False
0.215,9.757150332938138e-34,0.0,3.219982186224026e-16,5.300401282258876e-35,-3.697644420874282e-32,-1.564280157760902e-35,1.126993765178409e-15,0.225,9.757150332938138e-34,0.38999999999999996,0.225,0.0,0.38999999999999996,0.0,129.88440000000003,2.504391396058247e-32,True,True,False
0.22,1.0427991932629243e-33,0.0,3.219982186224026e-16,5.802656629223802e-35,-3.697644420874282e-32,-1.564280157760902e-35,1.126993765178409e-15,0.225,1.0427991932629243e-33,0.38999999999999996,0.225,0.0,0.38999999999999996,0.0,129.88440000000003,2.4285498926827858e-32,True,True,False
0.225,1.111294524671982e-33,0.0,3.219982186224026e-16,6.197904932137453e-35,-3.697644420874282e-32,-1.564280157760902e-35,1.126993765178409e-15,0.225,1.111294524671982e-33,0.38999999999999996,0.225,0.0,0.38999999999999996,0.0,129.88440000000003,2.356160130197219e-32,True,True,False
0.23,1.181126858213814e-33,0.0,3.219982186224026e-16,6.468948386580803e-35,-3.697644420874282e-32,-1.564280157760902e-35,1.126993765178409e-15,0.225,1.181126858213814e-33,0.38999999999999996,0.225,0.0,0.38999999999999996,0.0,129.88440000000003,2.2870969538563604e-32,True,True,False
0.23500000000000001,1.2522243613994805e-33,0.0,3.219982186224026e-16,6.601335891994548e-35,-3.697644420874282e-32,-1.564280157760902e-35,1.126993765178409e-15,0.225,1.2522243613994805e-33,0.38999999999999996,0.225,0.0,0.38999999999999996,0.0,129.88440000000003,2.2212405397008848e-32,True,True,False
0.24,1.3245174521535487e-33,0.0,3.219982186224026e-16,6.583172846790063e-35,-3.697644420874282e-32,-1.564280157760902e-35,1.126993765178409e-15,0.225,1.3245174521535487e-33,0.38999999999999996,0.225,0.0,0.38999999999999996,0.0,129.88440000000003,2.1584762174733013e-32,True,True,False
0.245,1.3979387027338651e-33,0.0,3.219982186224026e-16,6.405044651823765e-35,-3.697644420874282e-32,-1.564280157760902e-35,1.126993765178409e-15,0.225,1.3979387027338651e-33,0.38999999999999996,0.225,0.0,0.38999999999999996,0.0,129.88440000000003,2.0986942226989207e-32,True,True,False
0.25,1.4724227489786034e-33,0.0,3.219982186224026e-16,6.060390045934532e-35,-3.470603506639865e-32,2.3689206057049103e-35,1.126993765178409e-15,0.225,1.4724227489786034e-33,0.38999999999999996,0.225,0.0,0.38999999999999996,0.0,129.88440000000003,1.6838812057065565e-32,True,True,False
0.255,1.5477766026177576e-33,0.0,3.219982186224026e-16,5.548979484688762e-35,-3.470603506639865e-32,2.3689206057049103e-35,1.126993765178409e-15,0.225,1.5477766026177576e-33,0.38999999999999996,0.225,0.0,0.38999999999999996,0.0,129.88440000000003,1.6425932801278368e-32,True,True,False
0.26,1.6238394549988193e-33,0.0,3.219982186224026e-16,5.059700616492315e-35,-3.470603506639865e-32,2.3689206057049103e-35,1.126993765178409e-15,0.225,1.6238394549988193e-33,0.38999999999999996,0.225,0.0,0.38999999999999996,0.0,129.88440000000003,1.6013053545491172e-32,True,True,False
0.265,1.7006113106852704e-33,0.0,3.219982186224026e-16,4.5996215637778615e-35,-3.470603506639865e-32,2.3689206057049103e-35,1.126993765178409e-15,0.225,1.7006113106852704e-33,0.38999999999999996,0.225,0.0,0.38999999999999996,0.0,129.88440000000003,1.560017428970398e-32,True,True,False
0.27,1.778092174096808e-33,0.0,3.219982186224026e-16,4.178398966806491e-35,-3.470603506639865e-32,2.3689206057049103e-35,1.126993765178409e-15,0.225,1.778092174096808e-33,0.38999999999999996,0.225,0.0,0.38999999999999996,0.0,129.88440000000003,1.5187295033916785e-32,True,True,False
0.275,1.8562820495153208e-33,0.0,3.219982186224026e-16,3.80894585365171e-35,-3.470603506639865e-32,2.3689206057049103e-35,1.126993765178409e-15,0.225,1.8562820495153208e-33,0.38999999999999996,0.225,0.0,0.38999999999999996,0.0,129.88440000000003,1.4774415778129594e-32,True,True,False
0.28,1.9351809410905617e-33,0.0,3.219982186224026e-16,3.5076588061972587e-35,-3.470603506639865e-32,2.3689206057049103e-35,1.126993765178409e-15,0.225,1.9351809410905617e-33,0.38999999999999996,0.225,0.0,0.38999999999999996,0.0,129.88440000000003,1.4361536522342398e-32,True,True,False
0.28500000000000003,2.0147888528455254e-33,0.0,3.219982186224026e-16,3.293299755524451e-35,-3.470603506639865e-32,2.3689206057049103e-35,1.126993765178409e-15,0.225,2.0147888528455254e-33,0.38999999999999996,0.225,0.0,0.38999999999999996,0.0,129.88440000000003,1.3948657266555202e-32,True,True,False
0.29,2.0951057886815606e-33,0.0,3.219982186224026e-16,3.183477258153943e-35,-3.470603506639865e-32,2.3689206057049103e-35,1.126993765178409e-15,0.225,2.0951057886815606e-33,0.38999999999999996,0.225,0.0,0.38999999999999996,0.0,129.88440000000003,1.353577801076801e-32,True,True,False
0.295,2.176131752383224e-33,0.0,3.219982186224026e-16,3.189009692840521e-35,-3.470603506639865e-32,2.3689206057049103e-35,1.126993765178409e-15,0.225,2.176131752383224e-33,0.38999999999999996,0.225,0.0,0.38999999999999996,0.0,129.88440000000003,1.3122898754980815e-32,True,True,False
0.3,2.257866747622895e-33,0.0,3.219982186224026e-16,3.3093185678141897e-35,-3.436140743234647e-32,9.162792368424473e-35,1.126993765178409e-15,0.225,2.257866747622895e-33,0.38999999999999996,0.225,0.0,0.38999999999999996,0.0,129.88440000000003,1.2166747138504355e-32,True,True,False
0.305,2.3403107779651685e-33,0.0,3.219982186224026e-16,3.5326968649928514e-35,-3.436140743234647e-32,9.162792368424473e-35,1.126993765178409e-15,0.225,2.3403107779651685e-33,0.38999999999999996,0.225,0.0,0.38999999999999996,0.0,129.88440000000003,1.1753867882717164e-32,True,True,False
0.31,2.423463846871025e-33,0.0,3.219982186224026e-16,3.841205031104494e-35,-3.436140743234647e-32,9.162792368424473e-35,1.126993765178409e-15,0.225,2.423463846871025e-33,0.38999999999999996,0.225,0.0,0.38999999999999996,0.0,129.88440000000003,1.1340988626929967e-32,True,True,False
0.315,2.5073259577018154e-33,0.0,3.219982186224026e-16,4.2161968925129624e-35,-3.436140743234647e-32,9.162792368424473e-35,1.126993765178409e-15,0.225,2.5073259577018154e-33,0.38999999999999996,0.225,0.0,0.38999999999999996,0.0,129.88440000000003,1.0928109371142771e-32,True,True,False
0.32,2.591897113723042e-33,0.0,3.219982186224026e-16,4.6415867519945393e-35,-3.436140743234647e-32,9.162792368424473e-35,1.126993765178409e-15,0.225,2.591897113723042e-33,0.38999999999999996,0.225,0.0,0.38999999999999996,0.0,129.88440000000003,1.0515230115355575e-32,True,True,False
0.325,2.677177318107973e-33,0.0,3.219982186224026e-16,5.104790897828056e-35,-3.436140743234647e-32,9.162792368424473e-35,1.126993765178409e-15,0.225,2.677177318107973e-33,0.38999999999999996,0.225,0.0,0.38999999999999996,0.0,129.88440000000003,1.0102350859568379e-32,True,True,False
0.33,2.763166573941078e-33,0.0,3.219982186224026e-16,5.596427774858397e-35,-3.436140743234647e-32,9.162792368424473e-35,1.126993765178409e-15,0.225,2.763166573941078e-33,0.38999999999999996,0.225,0.0,0.38999999999999996,0.0,129.88440000000003,1.0412070814189857e-32,True,True,False
0.335,2.849864884221314e-33,0.0,3.219982186224026e-16,6.109637367492979e-35,-3.436140743234647e-32,9.162792368424473e-35,1.126993765178409e-15,0.225,2.849864884221314e-33,0.38999999999999996,0.225,0.0,0.38999999999999996,0.0,129.88440000000003,1.0741631874189221e-32,True,True,False
0.34,2.937272251865257e-33,0.0,3.219982186224026e-16,6.639419016730919e-35,-3.436140743234647e-32,9.162792368424473e-35,1.126993765178409e-15,0.225,2.937272251865257e-33,0.38999999999999996,0.225,0.0,0.38999999999999996,0.0,129.88440000000003,1.1074306230589671e-32,True,True,False
0.34500000000000003,3.0253886797100916e-33,0.0,3.219982186224026e-16,7.182106389604015e-35,-3.436140743234647e-32,9.162792368424473e-35,1.126993765178409e-15,0.225,3.0253886797100916e-33,0.38999999999999996,0.225,0.0,0.38999999999999996,0.0,129.88440000000003,1.1410093893985936e-32,True,True,False
0.35000000000000003,3.114214170516462e-33,0.0,3.219982186224026e-16,7.7349835615763e-35,-3.4859653046809e-32,1.5247629888651304e-34,1.126993765178409e-15,0.225,3.114214170516462e-33,0.38999999999999996,0.225,0.0,0.38999999999999996,0.0,129.88440000000003,1.1814081092148329e-32,True,True,False
0.355,3.2037487269712084e-33,0.0,3.219982186224026e-16,8.296013524490054e-35,-3.4859653046809e-32,1.5247629888651304e-34,1.126993765178409e-15,0.225,3.2037487269712084e-33,0.38999999999999996,0.225,0.0,0.38999999999999996,0.0,129.88440000000003,1.2156095400187402e-32,True,True,False
0.36,3.2939923516899676e-33,0.0,3.219982186224026e-16,8.86364830606392e-35,-3.4859653046809e-32,1.5247629888651304e-34,1.126993765178409e-15,0.225,3.2939923516899676e-33,0.38999999999999996,0.225,0.0,0.38999999999999996,0.0,129.88440000000003,1.2501223045331966e-32,True,True,False
0.365,3.384945047219669e-33,0.0,3.219982186224026e-16,9.436696105261564e-35,-3.4859653046809e-32,1.5247629888651304e-34,1.126993765178409e-15,0.225,3.384945047219669e-33,0.38999999999999996,0.225,0.0,0.38999999999999996,0.0,129.88440000000003,1.2849464037092873e-32,True,True,False
0.37,3.476606816040921e-33,0.0,3.219982186224026e-16,1.0014227711957113e-34,-3.4859653046809e-32,1.5247629888651304e-34,1.126993765178409e-15,0.225,3.476606816040921e-33,0.38999999999999996,0.225,0.0,0.38999999999999996,0.0,129.88440000000003,1.3200818384733323e-32,True,True,False
0.375,3.568977660570292e-33,0.0,3.219982186224026e-16,1.0595509952107187e-34,-3.4859653046809e-32,1.5247629888651304e-34,1.126993765178409e-15,0.225,3.568977660570292e-33,0.38999999999999996,0.225,0.0,0.38999999999999996,0.0,129.88440000000003,1.3555286097277372e-32,True,True,False
0.38,3.6620575831624966e-33,0.0,3.219982186224026e-16,1.1179957818251222e-34,-3.4859653046809e-32,1.5247629888651304e-34,1.126993765178409e-15,0.225,3.6620575831624966e-33,0.38999999999999996,0.225,0.0,0.38999999999999996,0.0,129.88440000000003,1.39128671835181e-32,True,True,False
0.385,3.7558465861124885e-33,0.0,3.219982186224026e-16,1.176709962926092e-34,-3.4859653046809e-32,1.5247629888651304e-34,1.126993765178409e-15,0.225,3.7558465861124885e-33,0.38999999999999996,0.225,0.0,0.38999999999999996,0.0,129.88440000000003,1.427356165202543e-32,True,True,False
0.39,3.850344671657466e-33,0.0,3.219982186224026e-16,1.235655136947318e-34,-3.4859653046809e-32,1.5247629888651304e-34,1.126993765178409e-15,0.225,3.850344671657466e-33,0.38999999999999996,0.225,0.0,0.38999999999999996,0.0,129.88440000000003,1.4637369511153594e-32,True,True,False
0.395,3.945551841978791e-33,0.0,3.219982186224026e-16,1.2947997567280762e-34,-3.4859653046809e-32,1.5247629888651304e-34,1.126993765178409e-15,0.225,3.945551841978791e-33,0.38999999999999996,0.225,0.0,0.38999999999999996,0.0,129.88440000000003,1.5004290769048344e-32,True,True,False
0.4,4.041468099203837e-33,0.0,3.219982186224026e-16,1.3541176885802396e-34,-3.620077190978623e-32,2.0623402350939836e-34,1.126993765178409e-15,0.225,4.041468099203837e-33,0.38999999999999996,0.225,0.0,0.38999999999999996,0.0,129.88440000000003,1.5431827165514407e-32,True,True,False
0.405,4.138093445407751e-33,0.0,3.219982186224026e-16,1.413587114744865e-34,-3.620077190978623e-32,2.0623402350939836e-34,1.126993765178409e-15,0.225,4.138093445407751e-33,0.38999999999999996,0.225,0.0,0.38999999999999996,0.0,129.88440000000003,1.5804975244579687e-32,True,True,False
0.41000000000000003,4.23542788261515e-33,0.0,3.219982186224026e-16,1.4731896888600428e-34,-3.620077190978623e-32,2.0623402350939836e-34,1.126993765178409e-15,0.225,4.23542788261515e-33,0.38999999999999996,0.225,0.0,0.38999999999999996,0.0,129.88440000000003,1.6181236745665208e-32,True,True,False
0.41500000000000004,4.3334714128017536e-33,0.0,3.219982186224026e-16,1.5329098798358642e-34,-3.620077190978623e-32,2.0623402350939836e-34,1.126993765178409e-15,0.225,4.3334714128017536e-33,0.38999999999999996,0.225,0.0,0.38999999999999996,0.0,129.88440000000003,1.6560611676148776e-32,True,True,False
0.42,4.432224037895935e-33,0.0,3.219982186224026e-16,1.592734457459018e-34,-3.620077190978623e-32,2.0623402350939836e-34,1.126993765178409e-15,0.225,4.432224037895935e-33,0.38999999999999996,0.225,0.0,0.38999999999999996,0.0,129.88440000000003,1.6943100043231412e-32,True,True,False
0.425,4.531685759780233e-33,0.0,3.219982186224026e-16,1.652652085649051e-34,-3.620077190978623e-32,2.0623402350939836e-34,1.126993765178409e-15,0.225,4.531685759780233e-33,0.38999999999999996,0.225,0.0,0.38999999999999996,0.0,129.88440000000003,1.732870185394298e-32,True,True,False
0.43,4.631856580292785e-33,0.0,3.219982186224026e-16,1.7126529982360873e-34,-3.620077190978623e-32,2.0623402350939836e-34,1.126993765178409e-15,0.225,4.631856580292785e-33,0.38999999999999996,0.225,0.0,0.38999999999999996,0.0,129.88440000000003,1.7717417115147537e-32,True,True,False
0.435,4.732736501228718e-33,0.0,3.219982186224026e-16,1.7727287385491292e-34,-3.620077190978623e-32,2.0623402350939836e-34,1.126993765178409e-15,0.225,4.732736501228718e-33,0.38999999999999996,0.225,0.0,0.38999999999999996,0.0,129.88440000000003,1.8109245833548522e-32,True,True,False
0.44,4.8343255243414774e-33,0.0,3.219982186224026e-16,1.8328719487549885e-34,-3.620077190978623e-32,2.0623402350939836e-34,1.126993765178409e-15,0.225,4.8343255243414774e-33,0.38999999999999996,0.225,0.0,0.38999999999999996,0.0,129.88440000000003,1.850418801569373e-32,True,True,False
0.445,4.9366236513441085e-33,0.0,3.219982186224026e-16,1.893076198289931e-34,-3.620077190978623e-32,2.0623402350939836e-34,1.126993765178409e-15,0.225,4.9366236513441085e-33,0.38999999999999996,0.225,0.0,0.38999999999999996,0.0,129.88440000000003,1.890224366798008e-32,True,True,False
0.45,5.039630883910484e-33,0.0,3.219982186224026e-16,1.9533358432371075e-34,-3.838476402127818e-32,2.5290086253035633e-34,1.126993765178409e-15,0.225,5.039630883910484e-33,0.38999999999999996,0.225,0.0,0.38999999999999996,0.0,129.88440000000003,1.935332979152714e-32,True,True,False
0.455,5.143347223676493e-33,0.0,3.219982186224026e-16,2.013645910372974e-34,-3.838476402127818e-32,2.5290086253035633e-34,1.126993765178409e-15,0.225,5.143347223676493e-33,0.38999999999999996,0.225,0.0,0.38999999999999996,0.0,129.88440000000003,1.9757612402705903e-32,True,True,False
0.46,5.2477726722411825e-33,0.0,3.219982186224026e-16,2.074002001009835e-34,-3.838476402127818e-32,2.5290086253035633e-34,1.126993765178409e-15,0.225,5.2477726722411825e-33,0.38999999999999996,0.225,0.0,0.38999999999999996,0.0,129.88440000000003,2.0165008502356511e-32,True,True,False
0.465,5.352907231167855e-33,0.0,3.219982186224026e-16,2.1344002108245334e-34,-3.838476402127818e-32,2.5290086253035633e-34,1.126993765178409e-15,0.225,5.352907231167855e-33,0.38999999999999996,0.225,0.0,0.38999999999999996,0.0,129.88440000000003,2.0575518096316717e-32,True,True,False
0.47000000000000003,5.4587509019851234e-33,0.0,3.219982186224026e-16,2.1948370626738653e-34,-3.838476402127818e-32,2.5290086253035633e-34,1.126993765178409e-15,0.225,5.4587509019851234e-33,0.38999999999999996,0.225,0.0,0.38999999999999996,0.0,129.88440000000003,2.0989141190294732e-32,True,True,False
0.47500000000000003,5.565303686187932e-33,0.0,3.219982186224026e-16,2.255309450020082e-34,-3.838476402127818e-32,2.5290086253035633e-34,1.126993765178409e-15,0.225,5.565303686187932e-33,0.38999999999999996,0.225,0.0,0.38999999999999996,0.0,129.88440000000003,2.140587778987304e-32,True,True,False
0.48,5.672565585238533e-33,0.0,3.219982186224026e-16,2.3158145890716176e-34,-3.838476402127818e-32,2.5290086253035633e-34,1.126993765178409e-15,0.225,5.672565585238533e-33,0.38999999999999996,0.225,0.0,0.38999999999999996,0.0,129.88440000000003,2.1825727900512053e-32,True,True,False
0.485,5.780536600567441e-33,0.0,3.219982186224026e-16,2.376349978119389e-34,-3.838476402127818e-32,2.5290086253035633e-34,1.126993765178409e-15,0.225,5.780536600567441e-33,0.38999999999999996,0.225,0.0,0.38999999999999996,0.0,129.88440000000003,2.2248691527553667e-32,True,True,False
0.49,5.8892167335743415e-33,0.0,3.219982186224026e-16,2.4369133628430684e-34,-3.838476402127818e-32,2.5290086253035633e-34,1.126993765178409e-15,0.225,5.8892167335743415e-33,0.38999999999999996,0.225,0.0,0.38999999999999996,0.0,129.88440000000003,2.267476867622464e-32,True,True,False
0.495,5.9986059856289684e-33,0.0,3.219982186224026e-16,2.4975027065935727e-34,-3.838476402127818e-32,2.5290086253035633e-34,1.126993765178409e-15,0.225,5.9986059856289684e-33,0.38999999999999996,0.225,0.0,0.38999999999999996,0.0,129.88440000000003,2.31039593516399e-32,True,True,False
0.5,6.108704358071952e-33,0.0,3.219982186224026e-16,2.5581161648418834e-34,-4.141162938128481e-32,2.924766326058324e-34,1.126993765178409e-15,0.225,6.108704358071952e-33,0.38999999999999996,0.225,0.0,0.38999999999999996,0.0,129.88440000000003,2.3578595620570216e-32,True,True,False
0.505,6.219511852215641e-33,0.0,3.219982186224026e-16,2.6187520631309267e-34,-4.141162938128481e-32,2.924766326058324e-34,1.126993765178409e-15,0.225,6.219511852215641e-33,0.38999999999999996,0.225,0.0,0.38999999999999996,0.0,129.88440000000003,2.4014013364387155e-32,True,True,False
0.51,6.33102846934489e-33,0.0,3.219982186224026e-16,2.6794088779847768e-34,-4.141162938128481e-32,2.924766326058324e-34,1.126993765178409e-15,0.225,6.33102846934489e-33,0.38999999999999996,0.225,0.0,0.38999999999999996,0.0,129.88440000000003,2.4452544649653213e-32,True,True,False
0.515,6.443254210717824e-33,0.0,3.219982186224026e-16,2.740085220324144e-34,-4.141162938128481e-32,2.924766326058324e-34,1.126993765178409e-15,0.225,6.443254210717824e-33,0.38999999999999996,0.225,0.0,0.38999999999999996,0.0,129.88440000000003,2.489418948106654e-32,True,True,False
0.52,6.556189077566575e-33,0.0,3.219982186224026e-16,2.8007798210137833e-34,-4.141162938128481e-32,2.924766326058324e-34,1.126993765178409e-15,0.225,6.556189077566575e-33,0.38999999999999996,0.225,0.0,0.38999999999999996,0.0,129.88440000000003,2.53389478632282e-32,True,True,False
0.525,6.669833071097987e-33,0.0,3.219982186224026e-16,2.8614915182298204e-34,-4.141162938128481e-32,2.924766326058324e-34,1.126993765178409e-15,0.225,6.669833071097987e-33,0.38999999999999996,0.225,0.0,0.38999999999999996,0.0,129.88440000000003,2.5786819800644864e-32,True,True,False
0.53,6.784186192494313e-33,0.0,3.219982186224026e-16,2.922219246385942e-34,-4.141162938128481e-32,2.924766326058324e-34,1.126993765178409e-15,0.225,6.784186192494313e-33,0.38999999999999996,0.225,0.0,0.38999999999999996,0.0,129.88440000000003,2.623780529773134e-32,True,True,False
0.535,6.89924844291387e-33,0.0,3.219982186224026e-16,2.982962026399206e-34,-4.141162938128481e-32,2.924766326058324e-34,1.126993765178409e-15,0.225,6.89924844291387e-33,0.38999999999999996,0.225,0.0,0.38999999999999996,0.0,129.88440000000003,2.669190435881308e-32,True,True,False
0.54,7.015019823491688e-33,0.0,3.219982186224026e-16,3.0437189571106773e-34,-4.141162938128481e-32,2.924766326058324e-34,1.126993765178409e-15,0.225,7.015019823491688e-33,0.38999999999999996,0.225,0.0,0.38999999999999996,0.0,129.88440000000003,2.714911698812855e-32,True,True,False
0.545,7.131500335340122e-33,0.0,3.219982186224026e-16,3.1044892077045745e-34,-4.141162938128481e-32,2.924766326058324e-34,1.126993765178409e-15,0.225,7.131500335340122e-33,0.38999999999999996,0.225,0.0,0.38999999999999996,0.0,129.88440000000003,2.760944318983156e-32,True,True,False
0.55,7.248689979549461e-33,0.0,3.219982186224026e-16,3.165272010993276e-34,-4.528136798980616e-32,3.249611879497086e-34,1.126993765178409e-15,0.225,7.248689979549461e-33,0.38999999999999996,0.225,0.0,0.38999999999999996,0.0,129.88440000000003,2.8107629940714145e-32,True,True,False
0.555,7.366588757188499e-33,0.0,3.219982186224026e-16,3.2260666574552852e-34,-4.528136798980616e-32,3.249611879497086e-34,1.126993765178409e-15,0.225,7.366588757188499e-33,0.38999999999999996,0.225,0.0,0.38999999999999996,0.0,129.88440000000003,2.857418329932619e-32,True,True,False
0.56,7.485196669305102e-33,0.0,3.219982186224026e-16,3.2868724899295934e-34,-4.528136798980616e-32,3.249611879497086e-34,1.126993765178409e-15,0.225,7.485196669305102e-33,0.38999999999999996,0.225,0.0,0.38999999999999996,0.0,129.88440000000003,2.904385024230131e-32,True,True,False
0.5650000000000001,7.604513716926752e-33,0.0,3.219982186224026e-16,3.3476888988840027e-34,-4.528136798980616e-32,3.249611879497086e-34,1.126993765178409e-15,0.225,7.604513716926752e-33,0.38999999999999996,0.225,0.0,0.38999999999999996,0.0,129.88440000000003,2.9516630773476366e-32,True,True,False
0.5700000000000001,7.724539901061063e-33,0.0,3.219982186224026e-16,3.408515318186266e-34,-4.528136798980616e-32,3.249611879497086e-34,1.126993765178409e-15,0.225,7.724539901061063e-33,0.38999999999999996,0.225,0.0,0.38999999999999996,0.0,129.88440000000003,2.999252489661404e-32,True,True,False
0.5750000000000001,7.845275222696304e-33,0.0,3.219982186224026e-16,3.4693512213169867e-34,-4.528136798980616e-32,3.249611879497086e-34,1.126993765178409e-15,0.225,7.845275222696304e-33,0.38999999999999996,0.225,0.0,0.38999999999999996,0.0,129.88440000000003,3.0471532615404774e-32,True,True,False
0.58,7.966719682801879e-33,0.0,3.219982186224026e-16,3.5301961179714823e-34,-4.528136798980616e-32,3.249611879497086e-34,1.126993765178409e-15,0.225,7.966719682801879e-33,0.38999999999999996,0.225,0.0,0.38999999999999996,0.0,129.88440000000003,3.0953653933468546e-32,True,True,False
0.585,8.088873282328808e-33,0.0,3.219982186224026e-16,3.591049551004858e-34,-4.528136798980616e-32,3.249611879497086e-34,1.126993765178409e-15,0.225,8.088873282328808e-33,0.38999999999999996,0.225,0.0,0.38999999999999996,0.0,129.88440000000003,3.1438888854356717e-32,True,True,False
0.59,8.211736022210195e-33,0.0,3.219982186224026e-16,3.651911093680605e-34,-4.528136798980616e-32,3.249611879497086e-34,1.126993765178409e-15,0.225,8.211736022210195e-33,0.38999999999999996,0.225,0.0,0.38999999999999996,0.0,129.88440000000003,3.1927237381553707e-32,True,True,False
0.595,8.335307903361662e-33,0.0,3.219982186224026e-16,3.7127803471881773e-34,-4.528136798980616e-32,3.249611879497086e-34,1.126993765178409e-15,0.225,8.335307903361662e-33,0.38999999999999996,0.225,0.0,0.38999999999999996,0.0,129.88440000000003,3.241869951847869e-32,True,True,False
0.6,8.459588926681796e-33,0.0,3.219982186224026e-16,3.773656938399421e-34,-4.999397984684215e-32,3.50354410728102e-34,1.126993765178409e-15,0.225,8.459588926681796e-33,0.38999999999999996,0.225,0.0,0.38999999999999996,0.0,129.88440000000003,3.2940437026123373e-32,True,True,False
0.605,8.58457909305256e-33,0.0,3.219982186224026e-16,3.834540517837484e-34,-4.999397984684215e-32,3.50354410728102e-34,1.126993765178409e-15,0.225,8.58457909305256e-33,0.38999999999999996,0.225,0.0,0.38999999999999996,0.0,129.88440000000003,3.343812639250887e-32,True,True,False
0.61,8.710278403339711e-33,0.0,3.219982186224026e-16,3.8954307578352275e-34,-4.999397984684215e-32,3.50354410728102e-34,1.126993765178409e-15,0.225,8.710278403339711e-33,0.38999999999999996,0.225,0.0,0.38999999999999996,0.0,129.88440000000003,3.3938929378504307e-32,True,True,False
0.615,8.836686858393186e-33,0.0,3.219982186224026e-16,3.9563273508626694e-34,-4.999397984684215e-32,3.50354410728102e-34,1.126993765178409e-15,0.225,8.836686858393186e-33,0.38999999999999996,0.225,0.0,0.38999999999999996,0.0,129.88440000000003,3.444284598728355e-32,True,True,False
0.62,8.963804459047473e-33,0.0,3.219982186224026e-16,4.017230008005969e-34,-4.999397984684215e-32,3.50354410728102e-34,1.126993765178409e-15,0.225,8.963804459047473e-33,0.38999999999999996,0.225,0.0,0.38999999999999996,0.0,129.88440000000003,3.49498762219628e-32,True,True,False
0.625,9.091631206122016e-33,0.0,3.219982186224026e-16,4.078138457581751e-34,-4.999397984684215e-32,3.50354410728102e-34,1.126993765178409e-15,0.225,9.091631206122016e-33,0.38999999999999996,0.225,0.0,0.38999999999999996,0.0,129.88440000000003,3.546002008560204e-32,True,True,False
0.63,9.220167100421547e-33,0.0,3.219982186224026e-16,4.139052443873467e-34,-4.999397984684215e-32,3.50354410728102e-34,1.126993765178409e-15,0.225,9.220167100421547e-33,0.38999999999999996,0.225,0.0,0.38999999999999996,0.0,129.88440000000003,3.597327758120634e-32,True,True,False
0.635,9.349412142736444e-33,0.0,3.219982186224026e-16,4.1999717259770436e-34,-4.999397984684215e-32,3.50354410728102e-34,1.126993765178409e-15,0.225,9.349412142736444e-33,0.38999999999999996,0.225,0.0,0.38999999999999996,0.0,129.88440000000003,3.6489648711727173e-32,True,True,False
0.64,9.479366333843073e-33,0.0,3.219982186224026e-16,4.260896076745158e-34,-4.999397984684215e-32,3.50354410728102e-34,1.126993765178409e-15,0.225,9.479366333843073e-33,0.38999999999999996,0.225,0.0,0.38999999999999996,0.0,129.88440000000003,3.700913348006368e-32,True,True,False
0.645,9.610029674504111e-33,0.0,3.219982186224026e-16,4.321825281820401e-34,-4.999397984684215e-32,3.50354410728102e-34,1.126993765178409e-15,0.225,9.610029674504111e-33,0.38999999999999996,0.225,0.0,0.38999999999999996,0.0,129.88440000000003,3.753173188906388e-32,True,True,False
0.65,9.741402165468878e-33,0.0,3.219982186224026e-16,4.382759138748754e-34,-5.554946495239288e-32,3.6865620434102075e-34,1.126993765178409e-15,0.225,9.741402165468878e-33,0.38999999999999996,0.225,0.0,0.38999999999999996,0.0,129.88440000000003,3.8077020380749865e-32,True,True,False
0.655,9.873483807473627e-33,0.0,3.219982186224026e-16,4.443697456165695e-34,-5.554946495239288e-32,3.6865620434102075e-34,1.126993765178409e-15,0.225,9.873483807473627e-33,0.38999999999999996,0.225,0.0,0.38999999999999996,0.0,129.88440000000003,3.8605846079423084e-32,True,True,False
0.66,1.0006274601241875e-32,0.0,3.219982186224026e-16,4.504640053048105e-34,-5.554946495239288e-32,3.6865620434102075e-34,1.126993765178409e-15,0.225,1.0006274601241875e-32,0.38999999999999996,0.225,0.0,0.38999999999999996,0.0,129.88440000000003,3.913778542700927e-32,True,True,False
0.665,1.013977454748466e-32,0.0,3.219982186224026e-16,4.565586758025854e-34,-5.554946495239288e-32,3.6865620434102075e-34,1.126993765178409e-15,0.225,1.013977454748466e-32,0.38999999999999996,0.225,0.0,0.38999999999999996,0.0,129.88440000000003,3.967283842616363e-32,True,True,False
0.67,1.0273983646900861e-32,0.0,3.219982186224026e-16,4.626537408747587e-34,-5.554946495239288e-32,3.6865620434102075e-34,1.126993765178409e-15,0.225,1.0273983646900861e-32,0.38999999999999996,0.225,0.0,0.38999999999999996,0.0,129.88440000000003,4.021100507949593e-32,True,True,False
0.675,1.0408901900177445e-32,0.0,3.219982186224026e-16,4.687491851295816e-34,-5.554946495239288e-32,3.6865620434102075e-34,1.126993765178409e-15,0.225,1.0408901900177445e-32,0.38999999999999996,0.225,0.0,0.38999999999999996,0.0,129.88440000000003,4.075228538957149e-32,True,True,False
0.68,1.054452930798976e-32,0.0,3.219982186224026e-16,4.748449939646887e-34,-5.554946495239288e-32,3.6865620434102075e-34,1.126993765178409e-15,0.225,1.054452930798976e-32,0.38999999999999996,0.225,0.0,0.38999999999999996,0.0,129.88440000000003,4.1296679358912204e-32,True,True,False
0.685,1.0680865871001768e-32,0.0,3.219982186224026e-16,4.809411535171885e-34,-5.554946495239288e-32,3.6865620434102075e-34,1.126993765178409e-15,0.225,1.0680865871001768e-32,0.38999999999999996,0.225,0.0,0.38999999999999996,0.0,129.88440000000003,4.184418698999749e-32,True,True,False
0.6900000000000001,1.0817911589866327e-32,0.0,3.219982186224026e-16,4.870376506174885e-34,-5.554946495239288e-32,3.6865620434102075e-34,1.126993765178409e-15,0.225,1.0817911589866327e-32,0.38999999999999996,0.225,0.0,0.38999999999999996,0.0,129.88440000000003,4.239480828526527e-32,True,True,False
0.6950000000000001,1.095566646522543e-32,0.0,3.219982186224026e-16,4.9313447274653385e-34,-5.554946495239288e-32,3.6865620434102075e-34,1.126993765178409e-15,0.225,1.095566646522543e-32,0.38999999999999996,0.225,0.0,0.38999999999999996,0.0,129.88440000000003,4.294854324711289e-32,True,True,False
0.7000000000000001,1.1094130497710426e-32,0.0,3.219982186224026e-16,4.992316079961696e-34,-6.194782330645835e-32,3.7986648860849314e-34,1.126993765178409e-15,0.225,1.1094130497710426e-32,0.38999999999999996,0.225,0.0,0.38999999999999996,0.0,129.88440000000003,4.3517382912945515e-32,True,True,False
0.705,1.1233303687942281e-32,0.0,3.219982186224026e-16,5.053290450323638e-34,-6.194782330645835e-32,3.7986648860849314e-34,1.126993765178409e-15,0.225,1.1233303687942281e-32,0.38999999999999996,0.225,0.0,0.38999999999999996,0.0,129.88440000000003,4.407734521498691e-32,True,True,False
0.71,1.1373186036531781e-32,0.0,3.219982186224026e-16,5.1142677306105295e-34,-6.194782330645835e-32,3.7986648860849314e-34,1.126993765178409e-15,0.225,1.1373186036531781e-32,0.38999999999999996,0.225,0.0,0.38999999999999996,0.0,129.88440000000003,4.4640421190565436e-32,True,True,False
0.715,1.1513777544079775e-32,0.0,3.219982186224026e-16,5.175247817963918e-34,-6.194782330645835e-32,3.7986648860849314e-34,1.126993765178409e-15,0.225,1.1513777544079775e-32,0.38999999999999996,0.225,0.0,0.38999999999999996,0.0,129.88440000000003,4.520661084192479e-32,True,True,False
0.72,1.1655078211177373e-32,0.0,3.219982186224026e-16,5.236230614312212e-34,-6.194782330645835e-32,3.7986648860849314e-34,1.126993765178409e-15,0.225,1.1655078211177373e-32,0.38999999999999996,0.225,0.0,0.38999999999999996,0.0,129.88440000000003,4.577591417127235e-32,True,True,False
0.725,1.1797088038406162e-32,0.0,3.219982186224026e-16,5.297216026095666e-34,-6.194782330645835e-32,3.7986648860849314e-34,1.126993765178409e-15,0.225,1.1797088038406162e-32,0.38999999999999996,0.225,0.0,0.38999999999999996,0.0,129.88440000000003,4.6348331180779886e-32,True,True,False
0.73,1.1939807026338408e-32,0.0,3.219982186224026e-16,5.358203964010045e-34,-6.194782330645835e-32,3.7986648860849314e-34,1.126993765178409e-15,0.225,1.1939807026338408e-32,0.38999999999999996,0.225,0.0,0.38999999999999996,0.0,129.88440000000003,4.6923861872584386e-32,True,True,False
0.735,1.2083235175537255e-32,0.0,3.219982186224026e-16,5.419194342767675e-34,-6.194782330645835e-32,3.7986648860849314e-34,1.126993765178409e-15,0.225,1.2083235175537255e-32,0.38999999999999996,0.225,0.0,0.38999999999999996,0.0,129.88440000000003,4.750250624878876e-32,True,True,False
0.74,1.2227372486556912e-32,0.0,3.219982186224026e-16,5.480187080874285e-34,-6.194782330645835e-32,3.7986648860849314e-34,1.126993765178409e-15,0.225,1.2227372486556912e-32,0.38999999999999996,0.225,0.0,0.38999999999999996,0.0,129.88440000000003,4.808426431146257e-32,True,True,False
0.745,1.2372218959942858e-32,0.0,3.219982186224026e-16,5.5411821004206035e-34,-6.194782330645835e-32,3.7986648860849314e-34,1.126993765178409e-15,0.225,1.2372218959942858e-32,0.38999999999999996,0.225,0.0,0.38999999999999996,0.0,129.88440000000003,4.8669136062642755e-32,True,True,False
0.75,1.2517774596232007e-32,0.0,3.219982186224026e-16,5.602179326887539e-34,-6.918905490903856e-32,3.8398519624796197e-34,1.126993765178409e-15,0.225,1.2517774596232007e-32,0.38999999999999996,0.225,0.0,0.38999999999999996,0.0,129.88440000000003,4.926152706323691e-32,True,True,False
0.755,1.2664039395952882e-32,0.0,3.219982186224026e-16,5.663178688963862e-34,-6.918905490903856e-32,3.8398519624796197e-34,1.126993765178409e-15,0.225,1.2664039395952882e-32,0.38999999999999996,0.225,0.0,0.38999999999999996,0.0,129.88440000000003,4.985262619741345e-32,True,True,False
0.76,1.2811013359625815e-32,0.0,3.219982186224026e-16,5.724180118375624e-34,-6.918905490903856e-32,3.8398519624796197e-34,1.126993765178409e-15,0.225,1.2811013359625815e-32,0.38999999999999996,0.225,0.0,0.38999999999999996,0.0,129.88440000000003,5.0446839026018e-32,True,True,False
0.765,1.2958696487763092e-32,0.0,3.219982186224026e-16,5.785183549726256e-34,-6.918905490903856e-32,3.8398519624796197e-34,1.126993765178409e-15,0.225,1.2958696487763092e-32,0.38999999999999996,0.225,0.0,0.38999999999999996,0.0,129.88440000000003,5.104416555096359e-32,True,True,False
0.77,1.3107088780869123e-32,0.0,3.219982186224026e-16,5.846188920346628e-34,-6.918905490903856e-32,3.8398519624796197e-34,1.126993765178409e-15,0.225,1.3107088780869123e-32,0.38999999999999996,0.225,0.0,0.38999999999999996,0.0,129.88440000000003,5.16446057741338e-32,True,True,False
0.775,1.325619023944061e-32,0.0,3.219982186224026e-16,5.907196170154507e-34,-6.918905490903856e-32,3.8398519624796197e-34,1.126993765178409e-15,0.225,1.325619023944061e-32,0.38999999999999996,0.225,0.0,0.38999999999999996,0.0,129.88440000000003,5.224815969738344e-32,True,True,False
0.78,1.3406000863966695e-32,0.0,3.219982186224026e-16,5.968205241522489e-34,-6.918905490903856e-32,3.8398519624796197e-34,1.126993765178409e-15,0.225,1.3406000863966695e-32,0.38999999999999996,0.225,0.0,0.38999999999999996,0.0,129.88440000000003,5.285482732253908e-32,True,True,False
0.785,1.355652065492912e-32,0.0,3.219982186224026e-16,6.029216079153986e-34,-6.918905490903856e-32,3.8398519624796197e-34,1.126993765178409e-15,0.225,1.355652065492912e-32,0.38999999999999996,0.225,0.0,0.38999999999999996,0.0,129.88440000000003,5.346460865139968e-32,True,True,False
0.79,1.3707749612802368e-32,0.0,3.219982186224026e-16,6.0902286299666615e-34,-6.918905490903856e-32,3.8398519624796197e-34,1.126993765178409e-15,0.225,1.3707749612802368e-32,0.38999999999999996,0.225,0.0,0.38999999999999996,0.0,129.88440000000003,5.407750368573705e-32,True,True,False
0.795,1.385968773805381e-32,0.0,3.219982186224026e-16,6.151242842982718e-34,-6.918905490903856e-32,3.8398519624796197e-34,1.126993765178409e-15,0.225,1.385968773805381e-32,0.38999999999999996,0.225,0.0,0.38999999999999996,0.0,129.88440000000003,5.469351242729649e-32,True,True,False
0.8,1.4012335031143855e-32,0.0,3.219982186224026e-16,6.212258669225761e-34,-7.727315976013352e-32,3.8101227024840423e-34,1.126993765178409e-15,0.225,1.4012335031143855e-32,0.38999999999999996,0.225,0.0,0.38999999999999996,0.0,129.88440000000003,5.530945489957336e-32,True,True,False
0.805,1.4165691492526075e-32,0.0,3.219982186224026e-16,6.273276061623558e-34,-7.727315976013352e-32,3.8101227024840423e-34,1.126993765178409e-15,0.225,1.4165691492526075e-32,0.38999999999999996,0.225,0.0,0.38999999999999996,0.0,129.88440000000003,5.593169106070922e-32,True,True,False
0.81,1.431975712264734e-32,0.0,3.219982186224026e-16,6.3342949749164476e-34,-7.727315976013352e-32,3.8101227024840423e-34,1.126993765178409e-15,0.225,1.431975712264734e-32,0.38999999999999996,0.225,0.0,0.38999999999999996,0.0,129.88440000000003,5.655704093414891e-32,True,True,False
0.8150000000000001,1.4474531921947968e-32,0.0,3.219982186224026e-16,6.395315365570986e-34,-7.727315976013352e-32,3.8101227024840423e-34,1.126993765178409e-15,0.225,1.4474531921947968e-32,0.38999999999999996,0.225,0.0,0.38999999999999996,0.0,129.88440000000003,5.718550452153666e-32,True,True,False
0.8200000000000001,1.463001589086183e-32,0.0,3.219982186224026e-16,6.456337191698477e-34,-7.727315976013352e-32,3.8101227024840423e-34,1.126993765178409e-15,0.225,1.463001589086183e-32,0.38999999999999996,0.225,0.0,0.38999999999999996,0.0,129.88440000000003,5.781708182449265e-32,True,True,False
0.8250000000000001,1.478620902981649e-32,0.0,3.219982186224026e-16,6.517360412978065e-34,-7.727315976013352e-32,3.8101227024840423e-34,1.126993765178409e-15,0.225,1.478620902981649e-32,0.38999999999999996,0.225,0.0,0.38999999999999996,0.0,129.88440000000003,5.84517728446135e-32,True,True,False
0.8300000000000001,1.494311133923331e-32,0.0,3.219982186224026e-16,6.5783849905841215e-34,-7.727315976013352e-32,3.8101227024840423e-34,1.126993765178409e-15,0.225,1.494311133923331e-32,0.38999999999999996,0.225,0.0,0.38999999999999996,0.0,129.88440000000003,5.908957758347272e-32,True,True,False
0.835,1.5100722819527594e-32,0.0,3.219982186224026e-16,6.639410887117505e-34,-7.727315976013352e-32,3.8101227024840423e-34,1.126993765178409e-15,0.225,1.5100722819527594e-32,0.38999999999999996,0.225,0.0,0.38999999999999996,0.0,129.88440000000003,5.973049604262113e-32,True,True,False
0.84,1.5259043471108685e-32,0.0,3.219982186224026e-16,6.700438066540882e-34,-7.727315976013352e-32,3.8101227024840423e-34,1.126993765178409e-15,0.225,1.5259043471108685e-32,0.38999999999999996,0.225,0.0,0.38999999999999996,0.0,129.88440000000003,6.03745282235873e-32,True,True,False
0.845,1.541807329438008e-32,0.0,3.219982186224026e-16,6.761466494117243e-34,-7.727315976013352e-32,3.8101227024840423e-34,1.126993765178409e-15,0.225,1.541807329438008e-32,0.38999999999999996,0.225,0.0,0.38999999999999996,0.0,129.88440000000003,6.102167412787801e-32,True,True,False
0.85,1.5577812289739546e-32,0.0,3.219982186224026e-16,6.822496136351707e-34,-8.620013785974305e-32,3.709476618804621e-34,1.126993765178409e-15,0.225,1.5577812289739546e-32,0.38999999999999996,0.225,0.0,0.38999999999999996,0.0,129.88440000000003,6.1661168189505e-32,True,True,False
0.855,1.5738260457579234e-32,0.0,3.219982186224026e-16,6.883526960936655e-34,-8.620013785974305e-32,3.709476618804621e-34,1.126993765178409e-15,0.225,1.5738260457579234e-32,0.38999999999999996,0.225,0.0,0.38999999999999996,0.0,129.88440000000003,6.231454154487988e-32,True,True,False
0.86,1.5899417798285764e-32,0.0,3.219982186224026e-16,6.944558936699557e-34,-8.620013785974305e-32,3.709476618804621e-34,1.126993765178409e-15,0.225,1.5899417798285764e-32,0.38999999999999996,0.225,0.0,0.38999999999999996,0.0,129.88440000000003,6.297102862797277e-32,True,True,False
0.865,1.6061284312240344e-32,0.0,3.219982186224026e-16,7.0055920335535915e-34,-8.620013785974305e-32,3.709476618804621e-34,1.126993765178409e-15,0.225,1.6061284312240344e-32,0.38999999999999996,0.225,0.0,0.38999999999999996,0.0,129.88440000000003,6.363062944020722e-32,True,True,False
0.87,1.622385999981888e-32,0.0,3.219982186224026e-16,7.066626222450825e-34,-8.620013785974305e-32,3.709476618804621e-34,1.126993765178409e-15,0.225,1.622385999981888e-32,0.38999999999999996,0.225,0.0,0.38999999999999996,0.0,129.88440000000003,6.42933439829869e-32,True,True,False
0.875,1.638714486139204e-32,0.0,3.219982186224026e-16,7.12766147533772e-34,-8.620013785974305e-32,3.709476618804621e-34,1.126993765178409e-15,0.225,1.638714486139204e-32,0.38999999999999996,0.225,0.0,0.38999999999999996,0.0,129.88440000000003,6.495917225769603e-32,True,True,False
0.88,1.6551138897325398e-32,0.0,3.219982186224026e-16,7.188697765113052e-34,-8.620013785974305e-32,3.709476618804621e-34,1.126993765178409e-15,0.225,1.6551138897325398e-32,0.38999999999999996,0.225,0.0,0.38999999999999996,0.0,129.88440000000003,6.562811426569971e-32,True,True,False
0.885,1.671584210797948e-32,0.0,3.219982186224026e-16,7.249735065587795e-34,-8.620013785974305e-32,3.709476618804621e-34,1.126993765178409e-15,0.225,1.671584210797948e-32,0.38999999999999996,0.225,0.0,0.38999999999999996,0.0,129.88440000000003,6.630017000834425e-32,True,True,False
0.89,1.6881254493709888e-32,0.0,3.219982186224026e-16,7.310773351447108e-34,-8.620013785974305e-32,3.709476618804621e-34,1.126993765178409e-15,0.225,1.6881254493709888e-32,0.38999999999999996,0.225,0.0,0.38999999999999996,0.0,129.88440000000003,6.697533948695757e-32,True,True,False
0.895,1.7047376054867372e-32,0.0,3.219982186224026e-16,7.371812598214166e-34,-8.620013785974305e-32,3.709476618804621e-34,1.126993765178409e-15,0.225,1.7047376054867372e-32,0.38999999999999996,0.225,0.0,0.38999999999999996,0.0,129.88440000000003,6.765362270284945e-32,True,True,False
0.9,1.7214206791797927e-32,0.0,3.219982186224026e-16,7.43285278221579e-34,-9.596998920786702e-32,3.5379132916625116e-34,1.126993765178409e-15,0.225,1.7214206791797927e-32,0.38999999999999996,0.225,0.0,0.38999999999999996,0.0,129.88440000000003,6.831666845568715e-32,True,True,False
0.905,1.738174670484289e-32,0.0,3.219982186224026e-16,7.493893880549746e-34,-9.596998920786702e-32,3.5379132916625116e-34,1.126993765178409e-15,0.225,1.738174670484289e-32,0.38999999999999996,0.225,0.0,0.38999999999999996,0.0,129.88440000000003,6.900117914999482e-32,True,True,False
0.91,1.7549995794338994e-32,0.0,3.219982186224026e-16,7.554935871053649e-34,-9.596998920786702e-32,3.5379132916625116e-34,1.126993765178409e-15,0.225,1.7549995794338994e-32,0.38999999999999996,0.225,0.0,0.38999999999999996,0.0,129.88440000000003,6.968880358540513e-32,True,True,False
0.915,1.771895406061846e-32,0.0,3.219982186224026e-16,7.615978732275255e-34,-9.596998920786702e-32,3.5379132916625116e-34,1.126993765178409e-15,0.225,1.771895406061846e-32,0.38999999999999996,0.225,0.0,0.38999999999999996,0.0,129.88440000000003,7.037954176315875e-32,True,True,False
0.92,1.788862150400911e-32,0.0,3.219982186224026e-16,7.677022443444388e-34,-9.596998920786702e-32,3.5379132916625116e-34,1.126993765178409e-15,0.225,1.788862150400911e-32,0.38999999999999996,0.225,0.0,0.38999999999999996,0.0,129.88440000000003,7.107339368447974e-32,True,True,False
0.925,1.8058998124834383e-32,0.0,3.219982186224026e-16,7.73806698444598e-34,-9.596998920786702e-32,3.5379132916625116e-34,1.126993765178409e-15,0.225,1.8058998124834383e-32,0.38999999999999996,0.225,0.0,0.38999999999999996,0.0,129.88440000000003,7.177035935057601e-32,True,True,False
0.93,1.8230083923413483e-32,0.0,3.219982186224026e-16,7.799112335794425e-34,-9.596998920786702e-32,3.5379132916625116e-34,1.126993765178409e-15,0.225,1.8230083923413483e-32,0.38999999999999996,0.225,0.0,0.38999999999999996,0.0,129.88440000000003,7.247043876263945e-32,True,True,False
0.935,1.8401878900061395e-32,0.0,3.219982186224026e-16,7.860158478609248e-34,-9.596998920786702e-32,3.5379132916625116e-34,1.126993765178409e-15,0.225,1.8401878900061395e-32,0.38999999999999996,0.225,0.0,0.38999999999999996,0.0,129.88440000000003,7.317363192184634e-32,True,True,False
0.9400000000000001,1.8574383055088983e-32,0.0,3.219982186224026e-16,7.921205394591717e-34,-9.596998920786702e-32,3.5379132916625116e-34,1.126993765178409e-15,0.225,1.8574383055088983e-32,0.38999999999999996,0.225,0.0,0.38999999999999996,0.0,129.88440000000003,7.38799388293575e-32,True,True,False
0.9450000000000001,1.8747596388803058e-32,0.0,3.219982186224026e-16,7.982253066002657e-34,-9.596998920786702e-32,3.5379132916625116e-34,1.126993765178409e-15,0.225,1.8747596388803058e-32,0.38999999999999996,0.225,0.0,0.38999999999999996,0.0,129.88440000000003,7.458935948631867e-32,True,True,False
0.9500000000000001,1.892151890150646e-32,0.0,3.219982186224026e-16,8.04330147564126e-34,-1.0658271380450582e-31,3.295432356870249e-34,1.126993765178409e-15,0.225,1.892151890150646e-32,0.38999999999999996,0.225,0.0,0.38999999999999996,0.0,129.88440000000003,7.52759570191296e-32,True,True,False
0.9550000000000001,1.9096150593498115e-32,0.0,3.219982186224026e-16,8.10435060682477e-34,-1.0658271380450582e-31,3.295432356870249e-34,1.126993765178409e-15,0.225,1.9096150593498115e-32,0.38999999999999996,0.225,0.0,0.38999999999999996,0.0,129.88440000000003,7.599160517836877e-32,True,True,False
0.96,1.9271491465073097e-32,0.0,3.219982186224026e-16,8.16540044336915e-34,-1.0658271380450582e-31,3.295432356870249e-34,1.126993765178409e-15,0.225,1.9271491465073097e-32,0.38999999999999996,0.225,0.0,0.38999999999999996,0.0,129.88440000000003,7.671036709040692e-32,True,True,False
0.965,1.9447541516522697e-32,0.0,3.219982186224026e-16,8.22645096957061e-34,-1.0658271380450582e-31,3.295432356870249e-34,1.126993765178409e-15,0.225,1.9447541516522697e-32,0.38999999999999996,0.225,0.0,0.38999999999999996,0.0,129.88440000000003,7.743224275633185e-32,True,True,False
0.97,1.9624300748134495e-32,0.0,3.219982186224026e-16,8.2875021701879e-34,-1.0658271380450582e-31,3.295432356870249e-34,1.126993765178409e-15,0.225,1.9624300748134495e-32,0.38999999999999996,0.225,0.0,0.38999999999999996,0.0,129.88440000000003,7.815723217721746e-32,True,True,False
0.975,1.9801769160192425e-32,0.0,3.219982186224026e-16,8.348554030425466e-34,-1.0658271380450582e-31,3.295432356870249e-34,1.126993765178409e-15,0.225,1.9801769160192425e-32,0.38999999999999996,0.225,0.0,0.38999999999999996,0.0,129.88440000000003,7.888533535412396e-32,True,True,False
0.98,1.9979946752976815e-32,0.0,3.219982186224026e-16,8.409606535917222e-34,-1.0658271380450582e-31,3.295432356870249e-34,1.126993765178409e-15,0.225,1.9979946752976815e-32,0.38999999999999996,0.225,0.0,0.38999999999999996,0.0,129.88440000000003,7.961655228809825e-32,True,True,False
0.985,2.0158833526764477e-32,0.0,3.219982186224026e-16,8.47065967271103e-34,-1.0658271380450582e-31,3.295432356870249e-34,1.126993765178409e-15,0.225,2.0158833526764477e-32,0.38999999999999996,0.225,0.0,0.38999999999999996,0.0,129.88440000000003,8.035088298017393e-32,True,True,False
0.99,2.0338429481828738e-32,0.0,3.219982186224026e-16,8.53171342725409e-34,-1.0658271380450582e-31,3.295432356870249e-34,1.126993765178409e-15,0.225,2.0338429481828738e-32,0.38999999999999996,0.225,0.0,0.38999999999999996,0.0,129.88440000000003,8.108832743137176e-32,True,True,False
0.995,2.0518734618439527e-32,0.0,3.219982186224026e-16,8.592767786378657e-34,-1.0658271380450582e-31,3.295432356870249e-34,1.126993765178409e-15,0.225,2.0518734618439527e-32,0.38999999999999996,0.225,0.0,0.38999999999999996,0.0,129.88440000000003,8.182888564269964e-32,True,True,False
1.0,0.14999999999999997,0.0,3.219982186224026e-16,8.653822737288405e-34,7.743365942623432e-17,2.9820334964295777e-34,0.2500000000000011,0.225,2.06997489368634e-32,0.38999999999999996,0.225,0.0,0.5399999999999999,0.0,133.1944,1.1903325858452897e-16,True,True,False
1.0050000000000001,0.14999687499999986,0.0,0.0012499999999996676,2.5510224848589816e-22,7.743365942623432e-17,2.9820334964295777e-34,0.2500000000000011,0.225,4.3096659704340306e-21,0.39000312500000006,0.225,0.0,0.5399999999999999,0.0,133.1944,1.1476473289912834e-16,True,True,False
1.01,0.14998749999999955,0.0,0.002499999999999658,3.958850599709075e-23,7.743365942623432e-17,2.9820334964295777e-34,0.2500000000000011,0.225,1.7077535939658947e-20,0.3900125000000004,0.225,0.0,0.5399999999999999,0.0,133.1944,1.1065425444152142e-16,True,True,False
1.0150000000000001,0.14997187499999903,0.0,0.0037499999999996477,4.572941533686671e-22,7.743365942623432e-17,2.9820334964295777e-34,0.2500000000000011,0.225,3.798790003949269e-20,0.3900281250000009,0.225,0.0,0.5399999999999999,0.0,133.1944,1.0669734630531961e-16,True,True,False
1.02,0.1499499999999992,0.0,0.004999999999999637,1.0094700035248486e-21,7.743365942623432e-17,2.9820334964295777e-34,0.2500000000000011,0.225,6.673336344262441e-20,0.39005000000000073,0.225,0.0,0.5399999999999999,0.0,133.1944,1.0288955954111139e-16,True,True,False
1.025,0.14992187499999915,0.0,0.006249999999999625,1.3896927160101175e-21,7.743365942623432e-17,2.9820334964295777e-34,0.2500000000000011,0.225,1.0301480473832458e-19,0.3900781250000008,0.225,0.0,0.5399999999999999,0.0,133.1944,9.922648016564175e-17,True,True,False
1.03,0.1498874999999989,0.0,0.007499999999999613,1.400251504470552e-21,7.743365942623432e-17,2.9820334964295777e-34,0.2500000000000011,0.225,1.4654132616488198e-19,0.39011250000000103,0.225,0.0,0.5399999999999999,0.0,133.1944,9.570373799899827e-17,True,True,False
1.035,0.14984687499999932,0.0,0.008749999999999605,9.287884904407467e-22,7.743365942623432e-17,2.9820334964295777e-34,0.2500000000000011,0.225,1.9703016865831895e-19,0.3901531250000006,0.225,0.0,0.5399999999999999,0.0,133.1944,9.23170216696153e-17,True,True,False
1.04,0.14979999999999954,0.0,0.009999999999999596,6.830349687866576e-22,7.743365942623432e-17,2.9820334964295777e-34,0.2500000000000011,0.225,2.5420661657530623e-19,0.3902000000000004,0.225,0.0,0.5399999999999999,0.0,133.1944,8.906208201037468e-17,True,True,False
1.045,0.14974687499999956,0.0,0.011249999999999588,2.270975338313757e-21,7.743365942623432e-17,2.9820334964295777e-34,0.2500000000000011,0.225,3.178038829319668e-19,0.39025312500000037,0.225,0.0,0.5399999999999999,0.0,133.1944,8.593474430978665e-17,True,True,False
1.05,0.14968749999999936,0.0,0.012499999999999581,4.5667422313298476e-21,6.227292692815129e-17,-2.5518963005409143e-20,0.5000000000000011,0.225,3.8756297264577464e-19,0.39031250000000056,0.225,0.0,0.5399999999999999,0.0,136.5044,5.730416575512801e-17,True,True,False
1.055,0.14961874999999975,0.0,0.014999999999999574,7.218697878598267e-21,6.227292692815129e-17,-2.5518963005409143e-20,0.5000000000000011,0.225,4.623025517868784e-19,0.3903812500000002,0.225,0.0,0.5399999999999999,0.0,136.5044,5.534052054901077e-17,True,True,False
1.06,0.1495374999999997,0.0,0.01749999999999956,1.0088673621781103e-20,6.227292692815129e-17,-2.5518963005409143e-20,0.5000000000000011,0.225,5.408830780941145e-19,0.3904625000000002,0.225,0.0,0.5399999999999999,0.0,136.5044,5.345862861856421e-17,True,True,False
1.065,0.14944374999999926,0.0,0.019999999999999546,1.2798557900454356e-20,6.227292692815129e-17,-2.5518963005409143e-20,0.5000000000000011,0.225,6.231354087718617e-19,0.39055625000000066,0.225,0.0,0.5399999999999999,0.0,136.5044,5.1655640254144175e-17,True,True,False
1.07,0.1493374999999993,0.0,0.02249999999999953,1.491895048003869e-20,6.227292692815129e-17,-2.5518963005409143e-20,0.5000000000000011,0.225,7.088957250403253e-19,0.39066250000000063,0.225,0.0,0.5399999999999999,0.0,136.5044,4.992880607532139e-17,True,True,False
1.075,0.1492187499999998,0.0,0.02499999999999952,1.6006831354221642e-20,6.227292692815129e-17,-2.5518963005409143e-20,0.5000000000000011,0.225,7.9800534334187325e-19,0.39078125000000014,0.225,0.0,0.5399999999999999,0.0,136.5044,4.827547729840749e-17,True,True,False
1.08,0.14908749999999987,0.0,0.027499999999999504,1.6069583592141534e-20,6.227292692815129e-17,-2.5518963005409143e-20,0.5000000000000011,0.225,8.903123451279043e-19,0.39091250000000005,0.225,0.0,0.5399999999999999,0.0,136.5044,4.66902598063169e-17,True,True,False
1.085,0.14894374999999954,0.0,0.02999999999999949,1.4974090695158995e-20,6.227292692815129e-17,-2.5518963005409143e-20,0.5000000000000011,0.225,9.856772535816562e-19,0.3910562500000004,0.225,0.0,0.5399999999999999,0.0,136.5044,4.51705962052608e-17,True,True,False
1.09,0.14878749999999968,0.0,0.03249999999999948,1.2238866999355936e-20,6.227292692815129e-17,-2.5518963005409143e-20,0.5000000000000011,0.225,1.0839603387156621e-18,0.39121250000000024,0.225,0.0,0.5399999999999999,0.0,136.5044,4.371719198872688e-17,True,True,False
1.095,0.1486187499999994,0.0,0.03499999999999948,8.91068990329236e-21,6.227292692815129e-17,-2.5518963005409143e-20,0.5000000000000011,0.225,1.185021527693016e-18,0.3913812500000005,0.225,0.0,0.5399999999999999,0.0,136.5044,4.2327766240895994e-17,True,True,False
1.1,0.1484374999999996,0.0,0.037499999999999485,1.0419758669155729e-20,5.924937824260426e-17,-3.4435082738120523e-20,0.7500000000000011,0.225,1.288725003926339e-18,0.3915625000000003,0.225,0.0,0.5399999999999999,0.0,139.8144,3.436098247464664e-17,True,True,False
1.105,0.1482406249999993,0.0,0.04124999999999949,1.98911943278101e-20,5.924937824260426e-17,-3.4435082738120523e-20,0.7500000000000011,0.225,1.3946927199097627e-18,0.39175937500000063,0.225,0.0,0.5399999999999999,0.0,139.8144,3.33356043688285e-17,True,True,False
1.11,0.14802499999999924,0.0,0.04499999999999949,3.392412120508606e-20,5.924937824260426e-17,-3.4435082738120523e-20,0.7500000000000011,0.225,1.5025592272777347e-18,0.3919750000000007,0.225,0.0,0.5399999999999999,0.0,139.8144,3.235919036859774e-17,True,True,False
1.115,0.14779062499999945,0.0,0.048749999999999495,5.112895623174051e-20,5.924937824260426e-17,-3.4435082738120523e-20,0.7500000000000011,0.225,1.6122176484257117e-18,0.39220937500000047,0.225,0.0,0.5399999999999999,0.0,139.8144,3.1430010977272035e-17,True,True,False
1.12,0.14753749999999993,0.0,0.0524999999999995,7.084623161231918e-20,5.924937824260426e-17,-3.4435082738120523e-20,0.7500000000000011,0.225,1.7235643505814525e-18,0.3924625,0.225,0.0,0.5399999999999999,0.0,139.8144,3.054640467489769e-17,True,True,False
1.125,0.1472656249999998,0.0,0.0562499999999995,9.242520657377471e-20,5.924937824260426e-17,-3.4435082738120523e-20,0.7500000000000011,0.225,1.8364988224340746e-18,0.39273437500000014,0.225,0.0,0.5399999999999999,0.0,139.8144,2.9706772787604285e-17,True,True,False
1.1300000000000001,0.1469749999999999,0.0,0.059999999999999505,1.1509386757781552e-19,5.924937824260426e-17,-3.4435082738120523e-20,0.7500000000000011,0.225,1.9509235603470764e-18,0.393025,0.225,0.0,0.5399999999999999,0.0,139.8144,2.8909574825610625e-17,True,True,False
1.135,0.1466656249999994,0.0,0.0637499999999995,1.3794059010276136e-19,5.924937824260426e-17,-3.4435082738120523e-20,0.7500000000000011,0.225,2.06674396313936e-18,0.3933343750000005,0.225,0.0,0.5399999999999999,0.0,139.8144,2.815332437039091e-17,True,True,False
1.1400000000000001,0.14633749999999918,0.0,0.0674999999999995,1.5992692447143106e-19,5.924937824260426e-17,-3.4435082738120523e-20,0.7500000000000011,0.225,2.183868234320463e-18,0.39366250000000075,0.225,0.0,0.5399999999999999,0.0,139.8144,2.7436585526539972e-17,True,True,False
1.145,0.1459906249999992,0.0,0.07124999999999951,1.7991384624559064e-19,5.924937824260426e-17,-3.4435082738120523e-20,0.7500000000000011,0.225,2.302207290687267e-18,0.3940093750000007,0.225,0.0,0.5399999999999999,0.0,139.8144,2.6757969901205536e-17,True,True,False
1.1500000000000001,0.1456249999999995,0.0,0.07499999999999951,1.9669576598170618e-19,6.167664292933783e-17,4.123485156575729e-20,0.6112499999999987,0.225,2.4216746763022873e-18,0.3943750000000004,0.225,0.0,0.5399999999999999,0.0,137.97734999999997,3.087328518138881e-17,True,True,False
1.155,0.14524235937499924,0.0,0.07805624999999948,2.0885233537804937e-19,6.167664292933783e-17,4.123485156575729e-20,0.6112499999999987,0.225,2.5423644016457634e-18,0.3947576406250007,0.225,0.0,0.5399999999999999,0.0,137.97734999999997,3.0092204811133766e-17,True,True,False
1.16,0.14484443750000026,0.0,0.08111249999999945,2.134585478681627e-19,6.167664292933783e-17,4.123485156575729e-20,0.6112499999999987,0.225,2.664364775943041e-18,0.39515556249999967,0.225,0.0,0.5399999999999999,0.0,137.97734999999997,2.935539035219759e-17,True,True,False
1.165,0.14443123437499988,0.0,0.08416874999999942,2.0957297762423994e-19,6.167664292933783e-17,4.123485156575729e-20,0.6112499999999987,0.225,2.787571035818601e-18,0.39556876562500004,0.225,0.0,0.5399999999999999,0.0,137.97734999999997,2.8660085433026277e-17,True,True,False
1.17,0.1440027499999999,0.0,0.08722499999999939,1.9759556573770776e-19,6.167664292933783e-17,4.123485156575729e-20,0.6112499999999987,0.225,2.911891500167981e-18,0.39599725,0.225,0.0,0.5399999999999999,0.0,137.97734999999997,2.800234072391704e-17,True,True,False
1.175,0.14355898437499942,0.0,0.09028124999999936,1.7687854254422474e-19,6.167664292933783e-17,4.123485156575729e-20,0.6112499999999987,0.225,3.037240270989158e-18,0.3964410156250005,0.225,0.0,0.5399999999999999,0.0,137.97734999999997,2.7380840297488258e-17,True,True,False
1.18,0.14309993749999933,0.0,0.09333749999999932,1.4719361448084305e-19,6.167664292933783e-17,4.123485156575729e-20,0.6112499999999987,0.225,3.163533958290259e-18,0.3969000625000006,0.225,0.0,0.5399999999999999,0.0,137.97734999999997,2.6794302415219974e-17,True,True,False
1.185,0.14262560937499963,0.0,0.09639374999999929,1.0937649819640119e-19,6.167664292933783e-17,4.123485156575729e-20,0.6112499999999987,0.225,3.29069161906951e-18,0.3973743906250003,0.225,0.0,0.5399999999999999,0.0,137.97734999999997,2.624147803795143e-17,True,True,False
1.19,0.14213599999999943,0.0,0.09944999999999926,6.89720163851309e-20,6.167664292933783e-17,4.123485156575729e-20,0.6112499999999987,0.225,3.41863469897502e-18,0.3978640000000005,0.225,0.0,0.5399999999999999,0.0,137.97734999999997,2.572114944219249e-17,True,True,False
1.195,0.14163110937499962,0.0,0.10250624999999923,5.834547248049343e-20,6.167664292933783e-17,4.123485156575729e-20,0.6112499999999987,0.225,3.547286976404399e-18,0.3983688906250003,0.225,0.0,0.5399999999999999,0.0,137.97734999999997,2.523212897563249e-17,True,True,False
1.2,0.1411109374999993,0.0,0.1055624999999992,1.0931154465686432e-19,6.289140558110604e-17,2.3427910739712035e-19,0.4771968749999987,0.225,3.6765745087302e-18,0.3988890625000006,0.225,0.0,0.5399999999999999,0.0,136.20248662499998,2.779204649721246e-17,True,True,False
1.205,0.140577160039062,0.0,0.10794848437499921,1.8621961697720563e-19,6.289140558110604e-17,2.3427910739712035e-19,0.4771968749999987,0.225,3.806542849412752e-18,0.3994228399609379,0.225,0.0,0.5399999999999999,0.0,136.20248662499998,2.7248339072703068e-17,True,True,False
1.21,0.14003145265624944,0.0,0.11033446874999922,2.763916960170203e-19,6.289140558110604e-17,2.3427910739712035e-19,0.4771968749999987,0.225,3.937235752355682e-18,0.3999685473437505,0.225,0.0,0.5399999999999999,0.0,136.20248662499998,2.6736603557957235e-17,True,True,False
1.215,0.1394738153515625,0.0,0.11272045312499923,3.7675727991089503e-19,6.289140558110604e-17,2.3427910739712035e-19,0.4771968749999987,0.225,4.068577858584592e-18,0.4005261846484374,0.225,0.0,0.5399999999999999,0.0,136.20248662499998,2.625565337793272e-17,True,True,False
1.22,0.1389042481250003,0.0,0.11510643749999924,4.857892813036008e-19,6.289140558110604e-17,2.3427910739712035e-19,0.4771968749999987,0.225,4.200496089830362e-18,0.40109575187499963,0.225,0.0,0.5399999999999999,0.0,136.20248662499998,2.5804329884487916e-17,True,True,False
1.225,0.13832275097656282,0.0,0.11749242187499925,6.0224533912342e-19,6.289140558110604e-17,2.3427910739712035e-19,0.4771968749999987,0.225,4.332919597512216e-18,0.4016772490234371,0.225,0.0,0.5399999999999999,0.0,136.20248662499998,2.538150286065745e-17,True,True,False
1.23,0.1377293239062501,0.0,0.11987840624999926,7.249047026184622e-19,6.289140558110604e-17,2.3427910739712035e-19,0.4771968749999987,0.225,4.46577971000659e-18,0.40227067609374983,0.225,0.0,0.5399999999999999,0.0,136.20248662499998,2.498607118953828e-17,True,True,False
1.235,0.1371239669140621,0.0,0.12226439062499928,8.525043443571535e-19,6.289140558110604e-17,2.3427910739712035e-19,0.4771968749999987,0.225,4.599009878065283e-18,0.40287603308593783,0.225,0.0,0.5399999999999999,0.0,136.20248662499998,2.4616963779288986e-17,True,True,False
1.24,0.1365066799999997,0.0,0.12465037499999929,9.837291928423254e-19,6.289140558110604e-17,2.3427910739712035e-19,0.4771968749999987,0.225,4.732545618000639e-18,0.4034933200000002,0.225,0.0,0.5399999999999999,0.0,136.20248662499998,2.42731406496469e-17,True,True,False
1.245,0.13587746316406207,0.0,0.1270363593749993,1.1172205284939875e-18,6.289140558110604e-17,2.3427910739712035e-19,0.4771968749999987,0.225,4.866324452390981e-18,0.40412253683593785,0.225,0.0,0.5399999999999999,0.0,136.20248662499998,2.3953594105275853e-17,True,True,False
1.25,0.13523631640625006,0.0,0.1294223437499993,1.2515718344669545e-18,6.264815192087873e-17,5.558894795467032e-19,0.35843969531250275,0.225,5.000287937366093e-18,0.40476368359374987,0.225,0.0,0.5399999999999999,0.0,134.63014156593752,2.4388705136369028e-17,True,True,False
1.2550000000000001,0.13458472419130768,0.0,0.13121454222656176,1.384476797221286e-18,6.264815192087873e-17,5.558894795467032e-19,0.35843969531250275,0.225,5.134424060703419e-18,0.40541527580869224,0.225,0.0,0.5399999999999999,0.0,134.63014156593752,2.4076423462058686e-17,True,True,False
1.26,0.1339241709839843,0.0,0.1330067407031242,1.5162173326677253e-18,6.264815192087873e-17,5.558894795467032e-19,0.35843969531250275,0.225,5.2687158346715386e-18,0.40607582901601563,0.225,0.0,0.5399999999999999,0.0,134.63014156593752,2.378692330202337e-17,True,True,False
1.2650000000000001,0.13325465678427723,0.0,0.13479893917968666,1.6454345483449841e-18,6.264815192087873e-17,5.558894795467032e-19,0.35843969531250275,0.225,5.403105703408031e-18,0.4067453432157227,0.225,0.0,0.5399999999999999,0.0,134.63014156593752,2.3519295644452584e-17,True,True,False
1.27,0.13257618159218737,0.0,0.1365911376562491,1.770793652706697e-18,6.264815192087873e-17,5.558894795467032e-19,0.35843969531250275,0.225,5.537537862096086e-18,0.40742381840781255,0.225,0.0,0.5399999999999999,0.0,134.63014156593752,2.3272667094883077e-17,True,True,False
1.2750000000000001,0.13188874540771472,0.0,0.13838333613281156,1.8961584300770532e-18,6.264815192087873e-17,5.558894795467032e-19,0.35843969531250275,0.225,5.671984857902025e-18,0.4081112545922852,0.225,0.0,0.5399999999999999,0.0,134.63014156593752,2.302603854531357e-17,True,True,False
1.28,0.1311923482308593,0.0,0.14017553460937401,2.0215278250237134e-18,6.264815192087873e-17,5.558894795467032e-19,0.35843969531250275,0.225,5.806446730760595e-18,0.40880765176914063,0.225,0.0,0.5399999999999999,0.0,134.63014156593752,2.2779409995744076e-17,True,True,False
1.285,0.13048699006162107,0.0,0.14196773308593647,2.146901028609568e-18,6.264815192087873e-17,5.558894795467032e-19,0.35843969531250275,0.225,5.940923520198893e-18,0.40951300993837886,0.225,0.0,0.5399999999999999,0.0,134.63014156593752,2.2828550810565506e-17,True,True,False
1.29,0.12977267090000005,0.0,0.14375993156249892,2.243756715284082e-18,6.264815192087873e-17,5.558894795467032e-19,0.35843969531250275,0.225,6.075308991247999e-18,0.41022732909999987,0.225,0.0,0.5399999999999999,0.0,134.63014156593752,2.334717509447478e-17,True,True,False
1.295,0.12904939074599536,0.0,0.14555213003906137,2.3406124051721324e-18,6.264815192087873e-17,5.558894795467032e-19,0.35843969531250275,0.225,6.209496916286511e-18,0.41095060925400456,0.225,0.0,0.5399999999999999,0.0,134.63014156593752,2.386705945368775e-17,True,True,False
1.3,0.12831714959960966,0.0,0.14734432851562382,2.437468097890638e-18,6.095410784479775e-17,9.971477517725996e-19,0.25419774779297455,0.225,6.343487345244829e-18,0.41168285040039027,0.225,0.0,0.5399999999999999,0.0,133.24997818077895,2.4854214486581366e-17,True,True,False
1.305,0.1275772504851838,0.0,0.1486153172545887,2.5007886277614374e-18,6.095410784479775e-17,9.971477517725996e-19,0.25419774779297455,0.225,6.4771613178195096e-18,0.4124227495148161,0.225,0.0,0.5399999999999999,0.0,133.24997818077895,2.5373528450548224e-17,True,True,False
1.31,0.12683099642706314,0.0,0.1498863059935536,2.5641120641891223e-18,6.095410784479775e-17,9.971477517725996e-19,0.25419774779297455,0.225,6.6103998827613226e-18,0.4131690035729368,0.225,0.0,0.5399999999999999,0.0,133.24997818077895,2.58933339416933e-17,True,True,False
1.315,0.12607838742524852,0.0,0.1511572947325185,2.595780847574761e-18,6.095410784479775e-17,9.971477517725996e-19,0.25419774779297455,0.225,6.743158192531794e-18,0.4139216125747514,0.225,0.0,0.5399999999999999,0.0,133.24997818077895,2.6412131117087604e-17,True,True,False
1.32,0.12531942347973818,0.0,0.15242828347148338,2.6142423824098092e-18,6.095410784479775e-17,9.971477517725996e-19,0.25419774779297455,0.225,6.875367254950362e-18,0.41468057652026175,0.225,0.0,0.5399999999999999,0.0,133.24997818077895,2.6930445633426212e-17,True,True,False
1.325,0.1245541045905339,0.0,0.15369927221044827,2.6192987555306936e-18,6.095410784479775e-17,9.971477517725996e-19,0.25419774779297455,0.225,7.006990758174695e-18,0.415445895409466,0.225,0.0,0.5399999999999999,0.0,133.24997818077895,2.7448190377989966e-17,True,True,False
1.33,0.1237824307576339,0.0,0.15497026094941316,2.6108444888939e-18,6.095410784479775e-17,9.971477517725996e-19,0.25419774779297455,0.225,7.137993273379467e-18,0.416217569242366,0.225,0.0,0.5399999999999999,0.0,133.24997818077895,2.796528163163823e-17,True,True,False
1.335,0.12300440198103907,0.0,0.15624124968837805,2.5888604276055258e-18,6.095410784479775e-17,9.971477517725996e-19,0.25419774779297455,0.225,7.2683401863633e-18,0.41699559801896086,0.225,0.0,0.5399999999999999,0.0,133.24997818077895,2.848166192309493e-17,True,True,False
1.34,0.1222200182607503,0.0,0.15751223842734294,2.553408694027999e-18,6.095410784479775e-17,9.971477517725996e-19,0.25419774779297455,0.225,7.397997695299714e-18,0.41777998173924963,0.225,0.0,0.5399999999999999,0.0,133.24997818077895,2.899723073983653e-17,True,True,False
1.345,0.1214292795967658,0.0,0.15878322716630783,2.5046250389391518e-18,6.095410784479775e-17,9.971477517725996e-19,0.25419774779297455,0.225,7.526932805758083e-18,0.4185707204032341,0.225,0.0,0.5399999999999999,0.0,133.24997818077895,2.951191376746318e-17,True,True,False
1.35,0.12063218598908737,0.0,0.16005421590527272,2.442712749298321e-18,5.752924583500515e-17,1.6024840007006066e-18,0.1636033602660697,0.225,7.655113325018648e-18,0.41936781401091255,0.225,0.0,0.5399999999999999,0.0,132.05050848992275,3.067195757414285e-17,True,True,False
1.355,0.11982986986755734,0.0,0.1608722327066031,2.3684684203822203e-18,5.752924583500515e-17,1.6024840007006066e-18,0.1636033602660697,0.225,7.782357041392356e-18,0.4201701301324426,0.225,0.0,0.5399999999999999,0.0,132.05050848992275,3.118319537044665e-17,True,True,False
1.36,0.1190234636620216,0.0,0.1616902495079335,2.282150682840157e-18,5.752924583500515e-17,1.6024840007006066e-18,0.1636033602660697,0.225,7.908486056097037e-18,0.4209765363379783,0.225,0.0,0.5399999999999999,0.0,132.05050848992275,3.169236317388264e-17,True,True,False
1.365,0.11821296737247838,0.0,0.1625082663092639,2.1837810845903625e-18,5.752924583500515e-17,1.6024840007006066e-18,0.1636033602660697,0.225,8.033481963454868e-18,0.42178703262752154,0.225,0.0,0.5399999999999999,0.0,132.05050848992275,3.2199281970388757e-17,True,True,False
1.37,0.11739838099892858,0.0,0.1633262831105943,2.073611659109179e-18,5.752924583500515e-17,1.6024840007006066e-18,0.1636033602660697,0.225,8.15732769132283e-18,0.42260161900107135,0.225,0.0,0.5399999999999999,0.0,132.05050848992275,3.270389323023476e-17,True,True,False
1.375,0.11657970454137218,0.0,0.1641442999119247,1.9522631798592306e-18,5.752924583500515e-17,1.6024840007006066e-18,0.1636033602660697,0.225,8.280006324907555e-18,0.42342029545862775,0.225,0.0,0.5399999999999999,0.0,132.05050848992275,3.32062291858029e-17,True,True,False
1.3800000000000001,0.11575693799980918,0.0,0.1649623167132551,1.8202530702807513e-18,5.752924583500515e-17,1.6024840007006066e-18,0.1636033602660697,0.225,8.401501338063084e-18,0.42424306200019074,0.225,0.0,0.5399999999999999,0.0,132.05050848992275,3.370627790293608e-17,True,True,False
1.385,0.1149300813742396,0.0,0.1657803335145855,1.6783147056203784e-18,5.752924583500515e-17,1.6024840007006066e-18,0.1636033602660697,0.225,8.521796215261235e-18,0.4250699186257603,0.225,0.0,0.5399999999999999,0.0,132.05050848992275,3.4204071475644633e-17,True,True,False
1.3900000000000001,0.11409913466466343,0.0,0.16659835031591588,1.5270025142391361e-18,5.752924583500515e-17,1.6024840007006066e-18,0.1636033602660697,0.225,8.640875375070016e-18,0.4259008653353365,0.225,0.0,0.5399999999999999,0.0,132.05050848992275,3.4699556350418833e-17,True,True,False
1.395,0.11326409787108066,0.0,0.16741636711724628,1.3671874330665052e-18,5.752924583500515e-17,1.6024840007006066e-18,0.1636033602660697,0.225,8.758723934879816e-18,0.42673590212891926,0.225,0.0,0.5399999999999999,0.0,132.05050848992275,3.519272634183169e-17,True,True,False
1.4000000000000001,0.1124249709934913,0.0,0.16823438391857667,1.2000366360186212e-18,5.244403098520264e-17,2.3618284290029384e-18,0.08572948224592947,0.225,8.875327568855269e-18,0.4275750290065086,0.225,0.0,0.5399999999999999,0.0,131.01945834493608,3.650203800829376e-17,True,True,False
1.405,0.11158272745536962,0.0,0.16866303132980626,1.0284039432922435e-18,5.244403098520264e-17,2.3618284290029384e-18,0.08572948224592947,0.225,8.990423536384097e-18,0.4284172725446303,0.225,0.0,0.5399999999999999,0.0,131.01945834493608,3.698837815176448e-17,True,True,False
1.41,0.11073834068019256,0.0,0.16909167874103584,8.56750063904963e-19,5.244403098520264e-17,2.3618284290029384e-18,0.08572948224592947,0.225,9.103744469129429e-18,0.42926165931980736,0.225,0.0,0.5399999999999999,0.0,131.01945834493608,3.747102971505825e-17,True,True,False
1.415,0.10989181066796011,0.0,0.16952032615226542,6.885388475978154e-19,5.244403098520264e-17,2.3618284290029384e-18,0.08572948224592947,0.225,9.215289891822226e-18,0.4301081893320398,0.225,0.0,0.5399999999999999,0.0,131.01945834493608,3.79495932021979e-17,True,True,False
1.42,0.1090431374186705,0.0,0.169948973563495,5.397660997045501e-19,5.244403098520264e-17,2.3618284290029384e-18,0.08572948224592947,0.225,9.32506210189379e-18,0.4309568625813294,0.225,0.0,0.5399999999999999,0.0,131.01945834493608,3.842463568837355e-17,True,True,False
1.425,0.10819232093232461,0.0,0.1703776209747246,4.310519286790894e-19,5.244403098520264e-17,2.3618284290029384e-18,0.08572948224592947,0.225,9.433061274410743e-18,0.4318076790676753,0.225,0.0,0.5399999999999999,0.0,131.01945834493608,3.889615755746171e-17,True,True,False
1.43,0.10733936120892246,0.0,0.17080626838595417,3.968131967745391e-19,5.244403098520264e-17,2.3618284290029384e-18,0.08572948224592947,0.225,9.539287650406609e-18,0.43266063879107747,0.225,0.0,0.5399999999999999,0.0,131.01945834493608,3.9364159709540456e-17,True,True,False
1.435,0.10648425824846491,0.0,0.17123491579718375,4.54216122720959e-19,5.244403098520264e-17,2.3618284290029384e-18,0.08572948224592947,0.225,9.64374147586747e-18,0.433515741751535,0.225,0.0,0.5399999999999999,0.0,131.01945834493608,3.9828643063181934e-17,True,True,False
1.44,0.1056270120509511,0.0,0.17166356320841333,5.765071415287575e-19,5.244403098520264e-17,2.3618284290029384e-18,0.08572948224592947,0.225,9.746423001867245e-18,0.4343729879490488,0.225,0.0,0.5399999999999999,0.0,131.01945834493608,4.0289608555957517e-17,True,True,False
1.445,0.104767622616381,0.0,0.17209221061964292,7.318506045747463e-19,5.244403098520264e-17,2.3618284290029384e-18,0.08572948224592947,0.225,9.847332484707579e-18,0.4352323773836189,0.225,0.0,0.5399999999999999,0.0,131.01945834493608,4.074705714496016e-17,True,True,False
1.45,0.10390608994475464,0.0,0.1725208580308725,9.03353062588461e-19,4.6399769509737434e-17,3.2287922428532596e-18,0.019613536560474154,0.225,9.946470186062474e-18,0.4360939100552453,0.225,0.0,0.5399999999999999,0.0,130.14408322406067,4.214332907595174e-17,True,True,False
1.455,0.10304324048539254,0.0,0.17261892571367482,1.1274947274765244e-18,4.6399769509737434e-17,3.2287922428532596e-18,0.019613536560474154,0.225,1.0043576001507423e-17,0.4369567595146074,0.225,0.0,0.5399999999999999,0.0,130.14408322406067,4.258604772261656e-17,True,True,False
1.46,0.10217990068761612,0.0,0.17271699339647714,1.3585462592020363e-18,4.6399769509737434e-17,3.2287922428532596e-18,0.019613536560474154,0.225,1.0138389920710307e-17,0.4378200993123838,0.225,0.0,0.5399999999999999,0.0,130.14408322406067,4.302362990637914e-17,True,True,False
1.465,0.10131607055142805,0.0,0.17281506107927946,1.5935047817315788e-18,4.6399769509737434e-17,3.2287922428532596e-18,0.019613536560474154,0.225,1.0230912359579319e-17,0.4386839294485719,0.225,0.0,0.5399999999999999,0.0,130.14408322406067,4.3456077180342306e-17,True,True,False
1.47,0.10045175007682478,0.0,0.17291312876208179,1.830866738328064e-18,4.6399769509737434e-17,3.2287922428532596e-18,0.019613536560474154,0.225,1.0321143747270948e-17,0.43954824992317515,0.225,0.0,0.5399999999999999,0.0,130.14408322406067,4.388339114708123e-17,True,True,False
1.475,0.09958693926380807,0.0,0.1730111964448841,2.0698054282313e-18,4.6399769509737434e-17,3.2287922428532596e-18,0.019613536560474154,0.225,1.0409084526754289e-17,0.44041306073619185,0.225,0.0,0.5399999999999999,0.0,130.14408322406067,4.430557346075078e-17,True,True,False
1.48,0.09872163811237616,0.0,0.17310926412768643,2.3098315914933156e-18,4.6399769509737434e-17,3.2287922428532596e-18,0.019613536560474154,0.225,1.0494735155405484e-17,0.44127836188762376,0.225,0.0,0.5399999999999999,0.0,130.14408322406067,4.4722625829305266e-17,True,True,False
1.485,0.09785584662253083,0.0,0.17320733181048875,2.55063823865526e-18,4.6399769509737434e-17,3.2287922428532596e-18,0.019613536560474154,0.225,1.0578096105634237e-17,0.4421441533774691,0.225,0.0,0.5399999999999999,0.0,130.14408322406067,4.5134550016837915e-17,True,True,False
1.49,0.09698956479427029,0.0,0.17330539949329107,2.7920234313173923e-18,4.6399769509737434e-17,3.2287922428532596e-18,0.019613536560474154,0.225,1.0659167865544427e-17,0.44301043520572964,0.225,0.0,0.5399999999999999,0.0,130.14408322406067,4.5541347846047907e-17,True,True,False
1.495,0.09612279262759632,0.0,0.1734034671760934,3.033849078425847e-18,4.6399769509737434e-17,3.2287922428532596e-18,0.019613536560474154,0.225,1.0737950939631138e-17,0.4438772073724036,0.225,0.0,0.5399999999999999,0.0,130.14408322406067,4.594302120084316e-17,True,True,False
1.5,0.09525553012250981,0.0,0.17350153485889572,3.2760176424144074e-18,3.913691843264671e-17,4.225932667849834e-18,-0.03572219127107612,0.225,1.0814445849516434e-17,0.4447444698774901,0.225,0.0,0.5399999999999999,0.0,129.41143818757095,4.742957073919144e-17,True,True,False
1.5050000000000001,0.09438846897560588,0.0,0.17332292390254037,3.540713896180258e-18,3.913691843264671e-17,4.225932667849834e-18,-0.03572219127107612,0.225,1.0888420842439929e-17,0.44561153102439405,0.225,0.0,0.5399999999999999,0.0,129.41143818757095,4.78132584728244e-17,True,True,False
1.51,0.09352230088348407,0.0,0.17314431294618501,3.8056606857354864e-18,3.913691843264671e-17,4.225932667849834e-18,-0.03572219127107612,0.225,1.095964433068891e-17,0.44647769911651586,0.225,0.0,0.5399999999999999,0.0,129.41143818757095,4.819046929165559e-17,True,True,False
1.5150000000000001,0.09265702584614438,0.0,0.17296570198982966,4.070809093344533e-18,3.913691843264671e-17,4.225932667849834e-18,-0.03572219127107612,0.225,1.1028117121978186e-17,0.44734297415385554,0.225,0.0,0.5399999999999999,0.0,129.41143818757095,4.856120621188946e-17,True,True,False
1.52,0.09179264386358593,0.0,0.1727870910334743,4.3361221330949106e-18,3.913691843264671e-17,4.225932667849834e-18,-0.03572219127107612,0.225,1.1093840060708453e-17,0.448207356136414,0.225,0.0,0.5399999999999999,0.0,129.41143818757095,4.89254723867246e-17,True,True,False
1.5250000000000001,0.09092915493580872,0.0,0.17260848007711896,4.6015713284626725e-18,3.913691843264671e-17,4.225932667849834e-18,-0.03572219127107612,0.225,1.115681403020262e-17,0.4490708450641912,0.225,0.0,0.5399999999999999,0.0,129.41143818757095,4.928327111470457e-17,True,True,False
1.53,0.09006655906281452,0.0,0.1724298691207636,4.86713440207881e-18,3.913691843264671e-17,4.225932667849834e-18,-0.03572219127107612,0.225,1.1217039955113534e-17,0.4499334409371854,0.225,0.0,0.5399999999999999,0.0,129.41143818757095,4.9634605848709066e-17,True,True,False
1.5350000000000001,0.08920485624460156,0.0,0.17225125816440826,5.13279367830264e-18,3.913691843264671e-17,4.225932667849834e-18,-0.03572219127107612,0.225,1.1274518804019057e-17,0.45079514375539836,0.225,0.0,0.5399999999999999,0.0,129.41143818757095,4.997948020564451e-17,True,True,False
1.54,0.08834404648117072,0.0,0.1720726472080529,5.398534954902413e-18,3.913691843264671e-17,4.225932667849834e-18,-0.03572219127107612,0.225,1.1329251592222006e-17,0.4516559535188292,0.225,0.0,0.5399999999999999,0.0,129.41143818757095,5.031789797689972e-17,True,True,False
1.545,0.08748412977252112,0.0,0.17189403625169755,5.664346690814219e-18,3.913691843264671e-17,4.225932667849834e-18,-0.03572219127107612,0.225,1.1381239384774543e-17,0.4525158702274788,0.225,0.0,0.5399999999999999,0.0,129.41143818757095,5.0649863139639743e-17,True,True,False
1.55,0.08662510611865365,0.0,0.1717154252953422,5.905708780451332e-18,2.995200133705742e-17,5.377870536117409e-18,-0.08125335182177584,0.225,1.1430615925907165e-17,0.4533748938813463,0.225,0.0,0.5399999999999999,0.0,128.80860562187968,5.2236363734002573e-17,True,True,False
1.555,0.08576754465907449,0.0,0.17130915853623335,6.133030608356001e-18,2.995200133705742e-17,5.377870536117409e-18,-0.08125335182177584,0.225,1.1477200294813505e-17,0.45423245534092543,0.225,0.0,0.5399999999999999,0.0,128.80860562187968,5.2549753944763526e-17,True,True,False
1.56,0.08491201453329073,0.0,0.1709028917771245,6.354367846390753e-18,2.995200133705742e-17,5.377870536117409e-18,-0.08125335182177584,0.225,1.1520525171250956e-17,0.4550879854667092,0.225,0.0,0.5399999999999999,0.0,128.80860562187968,5.2854890802048644e-17,True,True,False
1.565,0.08405851574130324,0.0,0.17049662501801566,6.568750784028329e-18,2.995200133705742e-17,5.377870536117409e-18,-0.08125335182177584,0.225,1.1560656423635703e-17,0.4559414842586967,0.225,0.0,0.5399999999999999,0.0,128.80860562187968,5.3151849052291676e-17,True,True,False
1.57,0.08320704828311115,0.0,0.1700903582589068,6.77627550027954e-18,2.995200133705742e-17,5.377870536117409e-18,-0.08125335182177584,0.225,1.1597664410184329e-17,0.4567929517168888,0.225,0.0,0.5399999999999999,0.0,128.80860562187968,5.3440961445581463e-17,True,True,False
1.575,0.08235761215871445,0.0,0.16968409149979796,6.976692108013519e-18,2.995200133705742e-17,5.377870536117409e-18,-0.08125335182177584,0.225,1.1631621242287116e-17,0.45764238784128547,0.225,0.0,0.5399999999999999,0.0,128.80860562187968,5.372248737092599e-17,True,True,False
1.58,0.08151020736811315,0.0,0.16927782474068911,7.170402486685339e-18,2.995200133705742e-17,5.377870536117409e-18,-0.08125335182177584,0.225,1.166259251179393e-17,0.4584897926318868,0.225,0.0,0.5399999999999999,0.0,128.80860562187968,5.399676480340961e-17,True,True,False
1.585,0.08066483391130813,0.0,0.16887155798158027,7.357626517901444e-18,2.995200133705742e-17,5.377870536117409e-18,-0.08125335182177584,0.225,1.169063834154884e-17,0.4593351660886918,0.225,0.0,0.5399999999999999,0.0,128.80860562187968,5.426405705936114e-17,True,True,False
1.59,0.0798214917882985,0.0,0.16846529122247142,7.538673829443339e-18,2.995200133705742e-17,5.377870536117409e-18,-0.08125335182177584,0.225,1.171581656626063e-17,0.4601785082117014,0.225,0.0,0.5399999999999999,0.0,128.80860562187968,5.452461798688493e-17,True,True,False
1.595,0.07898018099908427,0.0,0.16805902446336257,7.713938418895219e-18,2.995200133705742e-17,5.377870536117409e-18,-0.08125335182177584,0.225,1.1738182846323021e-17,0.46101981900091565,0.225,0.0,0.5399999999999999,0.0,128.80860562187968,5.477869244373836e-17,True,True,False
1.6,0.07814090154366543,0.0,0.16765275770425372,7.88388789717417e-18,1.7800245365786858e-17,6.702878169823962e-18,-0.11793924270289546,0.225,1.1757790771465976e-17,0.4618590984563345,0.225,0.0,0.5399999999999999,0.0,128.32288442661365,5.648300784506414e-17,True,True,False
1.605,0.07730411199567794,0.0,0.16706306149073924,8.048369911559874e-18,1.7800245365786858e-17,6.702878169823962e-18,-0.11793924270289546,0.225,1.1774022305136867e-17,0.462695888004322,0.225,0.0,0.5399999999999999,0.0,128.32288442661365,5.672027533935587e-17,True,True,False
1.61,0.07647027092875774,0.0,0.16647336527722476,8.208624764417448e-18,1.7800245365786858e-17,6.702878169823962e-18,-0.11793924270289546,0.225,1.1786274173643425e-17,0.4635297290712422,0.225,0.0,0.5399999999999999,0.0,128.32288442661365,5.694678772557228e-17,True,True,False
1.615,0.07563937834290574,0.0,0.16588366906371027,8.365313431695363e-18,1.7800245365786858e-17,6.702878169823962e-18,-0.11793924270289546,0.225,1.1794646399345552e-17,0.4643606216570942,0.225,0.0,0.5399999999999999,0.0,128.32288442661365,5.716295816322974e-17,True,True,False
1.62,0.07481143423812103,0.0,0.16529397285019579,8.520173802790742e-18,1.7800245365786858e-17,6.702878169823962e-18,-0.11793924270289546,0.225,1.1799236894099804e-17,0.4651885657618789,0.225,0.0,0.5399999999999999,0.0,128.32288442661365,5.736918759214298e-17,True,True,False
1.625,0.07398643861440363,0.0,0.1647042766366813,8.672749842854867e-18,1.7800245365786858e-17,6.702878169823962e-18,-0.11793924270289546,0.225,1.1800141933035103e-17,0.4660135613855963,0.225,0.0,0.5399999999999999,0.0,128.32288442661365,5.756586455495035e-17,True,True,False
1.6300000000000001,0.07316439147175441,0.0,0.16411458042316682,8.823476053774163e-18,1.7800245365786858e-17,6.702878169823962e-18,-0.11793924270289546,0.225,1.1797453429284047e-17,0.4668356085282455,0.225,0.0,0.5399999999999999,0.0,128.32288442661365,5.77533670697329e-17,True,True,False
1.635,0.0723452928101716,0.0,0.16352488420965233,8.973077117609568e-18,1.7800245365786858e-17,6.702878169823962e-18,-0.11793924270289546,0.225,1.179126051454357e-17,0.4676547071898283,0.225,0.0,0.5399999999999999,0.0,128.32288442661365,5.793206276603074e-17,True,True,False
1.6400000000000001,0.07152914262965698,0.0,0.16293518799613785,9.122263126788388e-18,1.7800245365786858e-17,6.702878169823962e-18,-0.11793924270289546,0.225,1.1781649937195402e-17,0.46847085737034294,0.225,0.0,0.5399999999999999,0.0,128.32288442661365,5.810230915973655e-17,True,True,False
1.645,0.07071594093021055,0.0,0.16234549178262336,9.271712584659918e-18,1.7800245365786858e-17,6.702878169823962e-18,-0.11793924270289546,0.225,1.1768706157251664e-17,0.46928405906978937,0.225,0.0,0.5399999999999999,0.0,128.32288442661365,5.826445405015505e-17,True,True,False
1.6500000000000001,0.06990568771183142,0.0,0.16175579556910888,9.422056616131658e-18,3.7944821393892e-18,8.139107299565103e-18,-0.14671115822089253,0.225,1.1752511437945082e-17,0.4700943122881685,0.225,0.0,0.5399999999999999,0.0,127.94194426515539,6.000002368146832e-17,True,True,False
1.655,0.0690987426234631,0.0,0.16102223977800437,9.573572662977632e-18,3.7944821393892e-18,8.139107299565103e-18,-0.14671115822089253,0.225,1.1732367171291083e-17,0.4709012573765368,0.225,0.0,0.5399999999999999,0.0,127.94194426515539,6.014194140591287e-17,True,True,False
1.6600000000000001,0.0682954653140509,0.0,0.16028868398689985,9.726917470233662e-18,3.7944821393892e-18,8.139107299565103e-18,-0.14671115822089253,0.225,1.1707609989798185e-17,0.47170453468594903,0.225,0.0,0.5399999999999999,0.0,127.94194426515539,6.027105635223246e-17,True,True,False
1.665,0.0674958557835948,0.0,0.15955512819579534,9.882530565225302e-18,3.7944821393892e-18,8.139107299565103e-18,-0.14671115822089253,0.225,1.1678386974377155e-17,0.47250414421640513,0.225,0.0,0.5399999999999999,0.0,127.94194426515539,6.038795295309433e-17,True,True,False
1.67,0.06669991403209391,0.0,0.15882157240469083,1.0040773966430319e-17,3.7944821393892e-18,8.139107299565103e-18,-0.14671115822089253,0.225,1.164484382365486e-17,0.473300085967906,0.225,0.0,0.5399999999999999,0.0,127.94194426515539,6.049320868101897e-17,True,True,False
1.675,0.06590764005954824,0.0,0.15808801661358632,1.0201920556403488e-17,3.7944821393892e-18,8.139107299565103e-18,-0.14671115822089253,0.225,1.1607125227874172e-17,0.4740923599404517,0.225,0.0,0.5399999999999999,0.0,127.94194426515539,6.058739550044816e-17,True,True,False
1.68,0.0651190338659578,0.0,0.1573544608224818,1.0366144310898624e-17,3.7944821393892e-18,8.139107299565103e-18,-0.14671115822089253,0.225,1.156537527483362e-17,0.4748809661340421,0.225,0.0,0.5399999999999999,0.0,127.94194426515539,6.067108143706904e-17,True,True,False
1.685,0.06433409545132346,0.0,0.1566209050313773,1.0533512824997288e-17,3.7944821393892e-18,8.139107299565103e-18,-0.14671115822089253,0.225,1.1519737887525801e-17,0.47566590454867647,0.225,0.0,0.5399999999999999,0.0,127.94194426515539,6.074483226308842e-17,True,True,False
1.69,0.06355282481564434,0.0,0.15588734924027278,1.070398247563059e-17,3.7944821393892e-18,8.139107299565103e-18,-0.14671115822089253,0.225,1.1470357289770245e-17,0.4764471751843556,0.225,0.0,0.5399999999999999,0.0,127.94194426515539,6.080921328460304e-17,True,True,False
1.695,0.06277522195892044,0.0,0.15515379344916827,1.0877396443791748e-17,3.7944821393892e-18,8.139107299565103e-18,-0.14671115822089253,0.225,1.141737849117848e-17,0.4772247780410795,0.225,0.0,0.5399999999999999,0.0,127.94194426515539,6.086479119872581e-17,True,True,False
1.7,0.06200128688115264,0.0,0.15442023765806376,1.1053485696153782e-17,-1.125081456439452e-17,9.670840620320417e-18,-0.16846311051630736,0.225,1.1360947775761e-17,0.4779987131188473,0.225,0.0,0.5399999999999999,0.0,127.65394841676407,6.259911511364315e-17,True,True,False
1.705,0.0612312914817435,0.0,0.15357792210548227,1.123249238320055e-17,-1.125081456439452e-17,9.670840620320417e-18,-0.16846311051630736,0.225,1.130047928735509e-17,0.4787687085182564,0.225,0.0,0.5399999999999999,0.0,127.65394841676407,6.263380052443027e-17,True,True,False
1.71,0.06046550766009823,0.0,0.15273560655290078,1.1412806210521214e-17,-1.125081456439452e-17,9.670840620320417e-18,-0.16846311051630736,0.225,1.1235502389508037e-17,0.4795344923399017,0.225,0.0,0.5399999999999999,0.0,127.65394841676407,6.265634529718483e-17,True,True,False
1.715,0.05970393541621505,0.0,0.15189329100031929,1.1593829767767811e-17,-1.125081456439452e-17,9.670840620320417e-18,-0.16846311051630736,0.225,1.1166380835916925e-17,0.4802960645837849,0.225,0.0,0.5399999999999999,0.0,127.65394841676407,6.266813303077485e-17,True,True,False
1.72,0.05894657475009485,0.0,0.1510509754477378,1.177490959956843e-17,-1.125081456439452e-17,9.670840620320417e-18,-0.16846311051630736,0.225,1.1093529207352656e-17,0.4810534252499051,0.225,0.0,0.5399999999999999,0.0,127.65394841676407,6.267073438887234e-17,True,True,False
1.725,0.05819342566173763,0.0,0.1502086598951563,1.1955782711909615e-17,-1.125081456439452e-17,9.670840620320417e-18,-0.16846311051630736,0.225,1.1017419195666342e-17,0.4818065743382623,0.225,0.0,0.5399999999999999,0.0,127.65394841676407,6.266592929590655e-17,True,True,False
1.73,0.0574444881511425,0.0,0.1493663443425748,1.2135709397179942e-17,-1.125081456439452e-17,9.670840620320417e-18,-0.16846311051630736,0.225,1.0938579661053076e-17,0.4825555118488574,0.225,0.0,0.5399999999999999,0.0,127.65394841676407,6.265570714389475e-17,True,True,False
1.735,0.056699762218311245,0.0,0.14852402878999332,1.2313947157749132e-17,-1.125081456439452e-17,9.670840620320417e-18,-0.16846311051630736,0.225,1.0857583109271534e-17,0.4833002377816887,0.225,0.0,0.5399999999999999,0.0,127.65394841676407,6.264221960575458e-17,True,True,False
1.74,0.05595924786324297,0.0,0.14768171323741183,1.2489721923760847e-17,-1.125081456439452e-17,9.670840620320417e-18,-0.16846311051630736,0.225,1.077500558045697e-17,0.48404075213675696,0.225,0.0,0.5399999999999999,0.0,127.65394841676407,6.262762832407382e-17,True,True,False
1.745,0.05522294508593678,0.0,0.14683939768483034,1.2662238346109448e-17,-1.125081456439452e-17,9.670840620320417e-18,-0.16846311051630736,0.225,1.069138016212145e-17,0.48477705491406314,0.225,0.0,0.5399999999999999,0.0,127.65394841676407,6.261393147630457e-17,True,True,False
1.75,0.054490853886394464,0.0,0.14599708213224885,1.2830690907095224e-17,-2.656626337999819e-17,1.1272345895991394e-17,-0.18404466414450416,0.225,1.0607158199938535e-17,0.48550914611360546,0.225,0.0,0.5399999999999999,0.0,127.44764864672675,6.43656527156509e-17,True,True,False
1.7550000000000001,0.053763169034035274,0.0,0.1450768588115263,1.2979295755971891e-17,-2.656626337999819e-17,1.1272345895991394e-17,-0.18404466414450416,0.225,1.0522974873250335e-17,0.48623683096596465,0.225,0.0,0.5399999999999999,0.0,127.44764864672675,6.435713853814042e-17,True,True,False
1.76,0.05304008529827936,0.0,0.14415663549080374,1.306514447182149e-17,-2.656626337999819e-17,1.1272345895991394e-17,-0.18404466414450416,0.225,1.0437593432780347e-17,0.48695991470172056,0.225,0.0,0.5399999999999999,0.0,127.44764864672675,6.434894466660346e-17,True,True,False
1.7650000000000001,0.05232160267912761,0.0,0.14323641217008118,1.3205887330145316e-17,-2.656626337999819e-17,1.1272345895991394e-17,-0.18404466414450416,0.225,1.0350841876480631e-17,0.4876783973208723,0.225,0.0,0.5399999999999999,0.0,127.44764864672675,6.434044948398258e-17,True,True,False
1.77,0.051607721176579135,0.0,0.14231618884935862,1.3363299817380987e-17,-2.656626337999819e-17,1.1272345895991394e-17,-0.18404466414450416,0.225,1.0264752591729937e-17,0.4883922788234208,0.225,0.0,0.5399999999999999,0.0,127.44764864672675,6.433923686579439e-17,True,True,False
1.7750000000000001,0.050898440790633936,0.0,0.14139596552863606,1.3520712450502305e-17,-2.656626337999819e-17,1.1272345895991394e-17,-0.18404466414450416,0.225,1.0180025527250567e-17,0.489101559209366,0.225,0.0,0.5399999999999999,0.0,127.44764864672675,6.43479156318649e-17,True,True,False
1.78,0.0501937615212929,0.0,0.1404757422079135,1.3678125224472561e-17,-2.656626337999819e-17,1.1272345895991394e-17,-0.18404466414450416,0.225,1.0097129865950825e-17,0.489806238478707,0.225,0.0,0.5399999999999999,0.0,127.44764864672675,6.436823782582574e-17,True,True,False
1.7850000000000001,0.04949368336855514,0.0,0.13955551888719095,1.383553813448426e-17,-2.656626337999819e-17,1.1272345895991394e-17,-0.18404466414450416,0.225,1.0016397651307956e-17,0.4905063166314448,0.225,0.0,0.5399999999999999,0.0,127.44764864672675,6.44014433791609e-17,True,True,False
1.79,0.04879820633242066,0.0,0.1386352955664684,1.3992951175946233e-17,-2.656626337999819e-17,1.1272345895991394e-17,-0.18404466414450416,0.225,9.938064438847371e-18,0.49120179366757927,0.225,0.0,0.5399999999999999,0.0,127.44764864672675,6.444841191376383e-17,True,True,False
1.795,0.04810733041289034,0.0,0.13771507224574583,1.416078259409639e-17,-2.656626337999819e-17,1.1272345895991394e-17,-0.18404466414450416,0.225,9.861550192516128e-18,0.4918926695871096,0.225,0.0,0.5399999999999999,0.0,127.44764864672675,6.450692620309958e-17,True,True,False
1.8,0.04742105560996329,0.0,0.13679484892502328,1.434223798917671e-17,-4.567745774694271e-17,1.2899012472304223e-17,-0.19425563757780173,0.225,9.781031199468537e-18,0.49257894439003663,0.225,0.0,0.5399999999999999,0.0,127.31245535846989,6.634342028788465e-17,True,True,False
1.805,0.04673950956080791,0.0,0.13582357073713427,1.4463916763345662e-17,-4.567745774694271e-17,1.2899012472304223e-17,-0.19425563757780173,0.225,9.69970660987813e-18,0.493260490439192,0.225,0.0,0.5399999999999999,0.0,127.31245535846989,6.63910795819806e-17,True,True,False
1.81,0.0460628199025917,0.0,0.13485229254924527,1.4585597796468403e-17,-4.567745774694271e-17,1.2899012472304223e-17,-0.19425563757780173,0.225,9.622069338564843e-18,0.4939371800974082,0.225,0.0,0.5399999999999999,0.0,127.31245535846989,6.645737520301352e-17,True,True,False
1.815,0.045390986635314656,0.0,0.13388101436135627,1.4845229468510662e-17,-4.567745774694271e-17,1.2899012472304223e-17,-0.19425563757780173,0.225,9.547036852547424e-18,0.49460901336468527,0.225,0.0,0.5399999999999999,0.0,127.31245535846989,6.653818351156081e-17,True,True,False
1.82,0.04472400975897767,0.0,0.13290973617346727,1.5210373558443762e-17,-4.567745774694271e-17,1.2899012472304223e-17,-0.19425563757780173,0.225,9.468727801530697e-18,0.49527599024102226,0.225,0.0,0.5399999999999999,0.0,127.31245535846989,6.661158612840498e-17,True,True,False
1.825,0.044061889273579846,0.0,0.13193845798557827,1.5388488607616172e-17,-4.567745774694271e-17,1.2899012472304223e-17,-0.19425563757780173,0.225,9.388637005514668e-18,0.4959381107264201,0.225,0.0,0.5399999999999999,0.0,127.31245535846989,6.668308327199424e-17,True,True,False
1.83,0.04340462517912119,0.0,0.13096717979768926,1.5509658946032386e-17,-4.567745774694271e-17,1.2899012472304223e-17,-0.19425563757780173,0.225,9.311890536255532e-18,0.49659537482087873,0.225,0.0,0.5399999999999999,0.0,127.31245535846989,6.677194357273815e-17,True,True,False
1.835,0.042752217475601706,0.0,0.12999590160980026,1.5799770101642315e-17,-4.567745774694271e-17,1.2899012472304223e-17,-0.19425563757780173,0.225,9.237561013869518e-18,0.4972477825243982,0.225,0.0,0.5399999999999999,0.0,127.31245535846989,6.68746365041638e-17,True,True,False
1.84,0.042104666163022275,0.0,0.12902462342191126,1.6219102005037492e-17,-4.567745774694271e-17,1.2899012472304223e-17,-0.19425563757780173,0.225,9.15990795566502e-18,0.49789533383697765,0.225,0.0,0.5399999999999999,0.0,127.31245535846989,6.69697786091905e-17,True,True,False
1.845,0.04146197124138201,0.0,0.12805334523402226,1.6511294685691792e-17,-4.567745774694271e-17,1.2899012472304223e-17,-0.19425563757780173,0.225,9.078943878662745e-18,0.4985380287586179,0.225,0.0,0.5399999999999999,0.0,127.31245535846989,6.705740099398548e-17,True,True,False
1.85,0.040824132710681804,0.0,0.12708206704613326,1.663718983789729e-17,-6.638677875306239e-17,1.4559820363964116e-17,-0.1998424383973756,0.225,9.00016140513766e-18,0.4991758672893181,0.225,0.0,0.5399999999999999,0.0,127.23848611561874,8.333241230172751e-17,True,True,False
1.855,0.04019122040593143,0.0,0.12608285485414636,1.6993053149231128e-17,-6.638677875306239e-17,1.4559820363964116e-17,-0.1998424383973756,0.225,8.922480814859144e-18,0.4998087795940685,0.225,0.0,0.5399999999999999,0.0,127.23848611561874,8.345808954942665e-17,True,True,False
1.86,0.03956330416214071,0.0,0.12508364266215946,1.7356808288319184e-17,-6.638677875306239e-17,1.4559820363964116e-17,-0.1998424383973756,0.225,8.84312753030535e-18,0.5004366958378592,0.225,0.0,0.5399999999999999,0.0,127.23848611561874,8.3714593238846e-17,True,True,False
1.865,0.03894038397931043,0.0,0.12408443047017256,1.772058119484228e-17,-6.638677875306239e-17,1.4559820363964116e-17,-0.1998424383973756,0.225,8.762105964340657e-18,0.5010596160206895,0.225,0.0,0.5399999999999999,0.0,127.23848611561874,8.397109692826533e-17,True,True,False
1.87,0.03832245985743887,0.0,0.12308521827818567,1.7951989849112122e-17,-6.638677875306239e-17,1.4559820363964116e-17,-0.1998424383973756,0.225,8.68054497138204e-18,0.501677540142561,0.225,0.0,0.5399999999999999,0.0,127.23848611561874,8.19852154898287e-17,True,True,False
1.875,0.037709531796528695,0.0,0.12208600608619877,1.8135638907302535e-17,-6.638677875306239e-17,1.4559820363964116e-17,-0.1998424383973756,0.225,8.603053198745416e-18,0.5022904682034712,0.225,0.0,0.5399999999999999,0.0,127.23848611561874,7.998500731974346e-17,True,True,False
1.8800000000000001,0.037101599796577234,0.0,0.12108679389421187,1.8389450114329083e-17,-6.638677875306239e-17,1.4559820363964116e-17,-0.1998424383973756,0.225,8.525191668526366e-18,0.5028984002034227,0.225,0.0,0.5399999999999999,0.0,127.23848611561874,8.010372879392369e-17,True,True,False
1.885,0.036498663857586267,0.0,0.12008758170222497,1.864326316920659e-17,-6.638677875306239e-17,1.4559820363964116e-17,-0.1998424383973756,0.225,8.4458734867598e-18,0.5035013361424137,0.225,0.0,0.5399999999999999,0.0,127.23848611561874,8.022245026810392e-17,True,True,False
1.8900000000000001,0.035900723979554905,0.0,0.11908836951023807,1.8897077997477728e-17,-6.638677875306239e-17,1.4559820363964116e-17,-0.1998424383973756,0.225,8.365100734235568e-18,0.504099276020445,0.225,0.0,0.5399999999999999,0.0,127.23848611561874,8.034117174228414e-17,True,True,False
1.895,0.03530778016248404,0.0,0.11808915731825118,1.91508945286319e-17,-6.638677875306239e-17,1.4559820363964116e-17,-0.1998424383973756,0.225,8.28287550165242e-18,0.5046922198375159,0.225,0.0,0.5399999999999999,0.0,127.23848611561874,8.045989321646437e-17,True,True,False
1.9000000000000001,0.03471983240637189,0.0,0.11708994512626428,1.9404712695847225e-17,-9.074591191760484e-17,1.6267801777891548e-17,-0.20149581350369367,0.225,8.199199889460042e-18,0.505280167593628,0.225,0.0,0.5399999999999999,0.0,127.21659542921108,1.198020970792743e-16,True,True,False
1.905,0.03413690137840997,0.0,0.11608246605874582,1.9541197348745307e-17,-9.074591191760484e-17,1.6267801777891548e-17,-0.20149581350369367,0.225,8.116821912697958e-18,0.50586309862159,0.225,0.0,0.5399999999999999,0.0,127.21659542921108,1.1749988159711089e-16,True,True,False
1.9100000000000001,0.033559007745784464,0.0,0.11507498699122737,1.967845315523853e-17,-9.074591191760484e-17,1.6267801777891548e-17,-0.20149581350369367,0.225,8.036061437625797e-18,0.5064409922542155,0.225,0.0,0.5399999999999999,0.0,127.21659542921108,1.1601319948703018e-16,True,True,False
1.915,0.03298615150849715,0.0,0.11406750792370891,1.9815711265784265e-17,-9.074591191760484e-17,1.6267801777891548e-17,-0.20149581350369367,0.225,7.956765372400186e-18,0.5070138484915028,0.225,0.0,0.5399999999999999,0.0,127.21659542921108,1.145265173769495e-16,True,True,False
1.92,0.03241833266654803,0.0,0.11306002885619046,1.9952971632833236e-17,-9.074591191760484e-17,1.6267801777891548e-17,-0.20149581350369367,0.225,7.878947319713527e-18,0.5075816673334519,0.225,0.0,0.5399999999999999,0.0,127.21659542921108,1.130398352668688e-16,True,True,False
1.925,0.03185555121993533,0.0,0.112052549788672,2.0090234210134833e-17,-9.074591191760484e-17,1.6267801777891548e-17,-0.20149581350369367,0.225,7.802619297417254e-18,0.5081444487800646,0.225,0.0,0.5399999999999999,0.0,127.21659542921108,1.1155315315678812e-16,True,True,False
1.93,0.03129780716866082,0.0,0.11104507072115355,2.0227498952693133e-17,-9.074591191760484e-17,1.6267801777891548e-17,-0.20149581350369367,0.225,7.727791970272608e-18,0.5087021928313391,0.225,0.0,0.5399999999999999,0.0,127.21659542921108,1.1006647104670742e-16,True,True,False
1.935,0.03074510051272361,0.0,0.1100375916536351,2.0364765816724663e-17,-9.074591191760484e-17,1.6267801777891548e-17,-0.20149581350369367,0.225,7.65447484174207e-18,0.5092548994872763,0.225,0.0,0.5399999999999999,0.0,127.21659542921108,1.0857978893662671e-16,True,True,False
1.94,0.030197431252124596,0.0,0.10903011258611664,2.0502034759617856e-17,-9.074591191760484e-17,1.6267801777891548e-17,-0.20149581350369367,0.225,7.582676413630533e-18,0.5098025687478753,0.225,0.0,0.5399999999999999,0.0,127.21659542921108,1.0709310682654602e-16,True,True,False
1.945,0.029654799386862885,0.0,0.10802263351859819,2.063930573989411e-17,-9.074591191760484e-17,1.6267801777891548e-17,-0.20149581350369367,0.225,7.512404319703033e-18,0.510345200613137,0.225,0.0,0.5399999999999999,0.0,127.21659542921108,1.0560642471646533e-16,True,True,False
1.95,0.029117204916938477,0.0,0.10701515445107973,2.0776578717170418e-17,-1.0959953894829425e-16,1.801619271669194e-17,-0.19984981107714817,0.225,7.443665438114622e-18,0.5108827950830614,0.225,0.0,0.5399999999999999,0.0,127.23838850133853,1.3443372675101347e-16,True,True,False
1.955,0.028584627267321694,0.0,0.10601590539569397,2.0632462907822888e-17,-1.0959953894829425e-16,1.801619271669194e-17,-0.19984981107714817,0.225,7.375437714939608e-18,0.5114153727326782,0.225,0.0,0.5399999999999999,0.0,127.23838850133853,1.3399746887692996e-16,True,True,False
1.96,0.028057045862981966,0.0,0.10501665634030821,2.0488412173007772e-17,-1.0959953894829425e-16,1.801619271669194e-17,-0.19984981107714817,0.225,7.306694830452001e-18,0.511942954137018,0.225,0.0,0.5399999999999999,0.0,127.23838850133853,1.3356121100284645e-16,True,True,False
1.965,0.027534460703918406,0.0,0.10401740728492245,2.0388252104274038e-17,-1.0959953894829425e-16,1.801619271669194e-17,-0.19984981107714817,0.225,7.237513372188353e-18,0.5124655392960815,0.225,0.0,0.5399999999999999,0.0,127.23838850133853,1.3293388151311678e-16,True,True,False
1.97,0.02701687179013279,0.0,0.1030181582295367,2.0345444063949693e-17,-1.0959953894829425e-16,1.801619271669194e-17,-0.19984981107714817,0.225,7.168506370136817e-18,0.5129831282098671,0.225,0.0,0.5399999999999999,0.0,127.23838850133853,1.320566891413883e-16,True,True,False
1.975,0.026504279121623342,0.0,0.10201890917415093,2.030267025808653e-17,-1.0959953894829425e-16,1.801619271669194e-17,-0.19984981107714817,0.225,7.099806007772656e-18,0.5134957208783766,0.225,0.0,0.5399999999999999,0.0,127.23838850133853,1.3117949676965984e-16,True,True,False
1.98,0.02599668269839095,0.0,0.10101966011876518,2.025993090351721e-17,-1.0959953894829425e-16,1.801619271669194e-17,-0.19984981107714817,0.225,7.031413176744963e-18,0.514003317301609,0.225,0.0,0.5399999999999999,0.0,127.23838850133853,1.303023043979314e-16,True,True,False
1.985,0.025494082520435613,0.0,0.10002041106337942,2.0217226218732536e-17,-1.0959953894829425e-16,1.801619271669194e-17,-0.19984981107714817,0.225,6.963328720847604e-18,0.5145059174795643,0.225,0.0,0.5399999999999999,0.0,127.23838850133853,1.2942511202620292e-16,True,True,False
1.99,0.02499647858775733,0.0,0.09902116200799366,2.0174556423895305e-17,-1.0959953894829425e-16,1.801619271669194e-17,-0.19984981107714817,0.225,6.8955534393631566e-18,0.5150035214122426,0.225,0.0,0.5399999999999999,0.0,127.23838850133853,1.2854791965447445e-16,True,True,False
1.995,0.024503870900356106,0.0,0.0980219129526079,2.0131921740854224e-17,-1.0959953894829425e-16,1.801619271669194e-17,-0.19984981107714817,0.225,6.828088090121589e-18,0.5154961290996438,0.225,0.0,0.5399999999999999,0.0,127.23838850133853,1.2767072728274599e-16,True,True,False
2.0,0.02401625945823105,0.0,0.09702266389722214,2.008932239315794e-17,-1.302628430724633e-16,1.9847985902096986e-17,-0.1954817668908912,0.225,6.760933392302062e-18,0.5159837405417689,0.225,0.0,0.5399999999999999,0.0,127.2962214063646,1.599494094353843e-16,True,True,False
2.005,0.02353358966083141,0.0,0.09604525506276766,2.0099136467823405e-17,-1.302628430724633e-16,1.9847985902096986e-17,-0.1954817668908912,0.225,6.694038108473182e-18,0.5164664103391685,0.225,0.0,0.5399999999999999,0.0,127.2962214063646,1.590979776326405e-16,True,True,False
2.0100000000000002,0.023055806907602894,0.0,0.09506784622831319,2.010897406264005e-17,-1.302628430724633e-16,1.9847985902096986e-17,-0.1954817668908912,0.225,6.627350870898896e-18,0.516944193092397,0.225,0.0,0.5399999999999999,0.0,127.2962214063646,1.5824654582989672e-16,True,True,False
2.015,0.02258291119854816,0.0,0.09409043739385871,2.007014818793774e-17,-1.302628430724633e-16,1.9847985902096986e-17,-0.1954817668908912,0.225,6.560875697193017e-18,0.5174170888014518,0.225,0.0,0.5399999999999999,0.0,127.2962214063646,1.5738048050872545e-16,True,True,False
2.02,0.02211490253366455,0.0,0.09311302855940423,1.9947283296297548e-17,-1.302628430724633e-16,1.9847985902096986e-17,-0.1954817668908912,0.225,6.494651994608056e-18,0.5178850974663354,0.225,0.0,0.5399999999999999,0.0,127.2962214063646,1.5648913911027032e-16,True,True,False
2.025,0.021651780912953833,0.0,0.09213561972494975,1.9824491463197945e-17,-1.302628430724633e-16,1.9847985902096986e-17,-0.1954817668908912,0.225,6.4286908990201266e-18,0.5183482190870461,0.225,0.0,0.5399999999999999,0.0,127.2962214063646,1.5559779771181517e-16,True,True,False
2.0300000000000002,0.021193546336415126,0.0,0.09115821089049528,1.9701774054656898e-17,-1.302628430724633e-16,1.9847985902096986e-17,-0.1954817668908912,0.225,6.362992912891697e-18,0.5188064536635848,0.225,0.0,0.5399999999999999,0.0,127.2962214063646,1.5470645631336005e-16,True,True,False
2.035,0.020740198804049315,0.0,0.0901808020560408,1.957913247010147e-17,-1.302628430724633e-16,1.9847985902096986e-17,-0.1954817668908912,0.225,6.297558515313283e-18,0.5192598011959506,0.225,0.0,0.5399999999999999,0.0,127.2962214063646,1.5381511491490493e-16,True,True,False
2.04,0.020291738315854624,0.0,0.08920339322158632,1.9456568143367373e-17,-1.302628430724633e-16,1.9847985902096986e-17,-0.1954817668908912,0.225,6.232388163425219e-18,0.5197082616841453,0.225,0.0,0.5399999999999999,0.0,127.2962214063646,1.5292377351644978e-16,True,True,False
2.045,0.01984816487183283,0.0,0.08822598438713185,1.933408254373351e-17,-1.302628430724633e-16,1.9847985902096986e-17,-0.1954817668908912,0.225,6.167482293733393e-18,0.5201518351281671,0.225,0.0,0.5399999999999999,0.0,127.2962214063646,1.5203243211799466e-16,True,True,False
2.05,0.019409478471983932,0.0,0.08724857555267737,1.925280316526724e-17,-1.4804486319560842e-16,2.1781641695575427e-17,-0.1889131436024672,0.225,6.102663373722158e-18,0.520590521528016,0.225,0.0,0.5399999999999999,0.0,127.38318997870331,1.7999384631361341e-16,True,True,False
2.055,0.018975597008515366,0.0,0.08630400983466499,1.9207648846243295e-17,-1.4804486319560842e-16,2.1781641695575427e-17,-0.1889131436024672,0.225,6.037381986587443e-18,0.5210244029914846,0.225,0.0,0.5399999999999999,0.0,127.38318997870331,1.791514232615057e-16,True,True,False
2.06,0.01854643837363723,0.0,0.08535944411665261,1.9162543329138456e-17,-1.4804486319560842e-16,2.1781641695575427e-17,-0.1889131436024672,0.225,5.972207107166953e-18,0.5214535616263627,0.225,0.0,0.5399999999999999,0.0,127.38318997870331,1.78309000209398e-16,True,True,False
2.065,0.01812200256734864,0.0,0.08441487839864023,1.91174869593803e-17,-1.4804486319560842e-16,2.1781641695575427e-17,-0.1889131436024672,0.225,5.907138973006494e-18,0.5218779974326513,0.225,0.0,0.5399999999999999,0.0,127.38318997870331,1.7746657715729028e-16,True,True,False
2.07,0.017702289589650477,0.0,0.08347031268062785,1.899392025371393e-17,-1.4804486319560842e-16,2.1781641695575427e-17,-0.1889131436024672,0.225,5.842129425984268e-18,0.5222977104103494,0.225,0.0,0.5399999999999999,0.0,127.38318997870331,1.7670245751954402e-16,True,True,False
2.075,0.017287299440542747,0.0,0.08252574696261547,1.8810396122472777e-17,-1.4804486319560842e-16,2.1781641695575427e-17,-0.1889131436024672,0.225,5.776952816122767e-18,0.5227127005594572,0.225,0.0,0.5399999999999999,0.0,127.38318997870331,1.7599821696336832e-16,True,True,False
2.08,0.01687703212002456,0.0,0.08158118124460309,1.862701201406407e-17,-1.4804486319560842e-16,2.1781641695575427e-17,-0.1889131436024672,0.225,5.711580974729483e-18,0.5231229678799754,0.225,0.0,0.5399999999999999,0.0,127.38318997870331,1.7529397640719262e-16,True,True,False
2.085,0.016471487628096804,0.0,0.08063661552659071,1.8443772105176577e-17,-1.4804486319560842e-16,2.1781641695575427e-17,-0.1889131436024672,0.225,5.6460139516613824e-18,0.5235285123719031,0.225,0.0,0.5399999999999999,0.0,127.38318997870331,1.7458973585101695e-16,True,True,False
2.09,0.01607066596475859,0.0,0.07969204980857833,1.827496585810211e-17,-1.4804486319560842e-16,2.1781641695575427e-17,-0.1889131436024672,0.225,5.580228920677263e-18,0.5239293340352413,0.225,0.0,0.5399999999999999,0.0,127.38318997870331,1.739800696583992e-16,True,True,False
2.095,0.015674567130010808,0.0,0.07874748409056595,1.817769992604866e-17,-1.4804486319560842e-16,2.1781641695575427e-17,-0.1889131436024672,0.225,5.513516916138249e-18,0.5243254328699891,0.225,0.0,0.5399999999999999,0.0,127.38318997870331,1.738432752835712e-16,True,True,False
2.1,0.015283191123852569,0.0,0.07780291837255357,1.8080523621658044e-17,-1.632929355416517e-16,2.3845868589867313e-17,-0.18061106756082207,0.225,5.445459006323139e-18,0.5247168088761474,0.225,0.0,0.5399999999999999,0.0,127.49310946549471,1.9798928763789843e-16,True,True,False
2.105,0.014896434170335149,0.0,0.07689986303474942,1.7908644023208427e-17,-1.632929355416517e-16,2.3845868589867313e-17,-0.18061106756082207,0.225,5.376808583429403e-18,0.5251035658296648,0.225,0.0,0.5399999999999999,0.0,127.49310946549471,1.9707084927515724e-16,True,True,False
2.11,0.014514192493505385,0.0,0.07599680769694528,1.7736926408959313e-17,-1.632929355416517e-16,2.3845868589867313e-17,-0.18061106756082207,0.225,5.308311269489397e-18,0.5254858075064945,0.225,0.0,0.5399999999999999,0.0,127.49310946549471,1.9615241091241607e-16,True,True,False
2.115,0.014136466093365052,0.0,0.07509375235914113,1.756537552954256e-17,-1.632929355416517e-16,2.3845868589867313e-17,-0.18061106756082207,0.225,5.2399673213131545e-18,0.5258635339066349,0.225,0.0,0.5399999999999999,0.0,127.49310946549471,1.952339725496749e-16,True,True,False
2.12,0.013763254969914152,0.0,0.07419069702133699,1.7393996318300227e-17,-1.632929355416517e-16,2.3845868589867313e-17,-0.18061106756082207,0.225,5.1717769855225e-18,0.5262367450300858,0.225,0.0,0.5399999999999999,0.0,127.49310946549471,1.9431553418693372e-16,True,True,False
2.125,0.013394559123151795,0.0,0.07328764168353284,1.722279389989922e-17,-1.632929355416517e-16,2.3845868589867313e-17,-0.18061106756082207,0.225,5.10374049908171e-18,0.5266054408768481,0.225,0.0,0.5399999999999999,0.0,127.49310946549471,1.9339709582419256e-16,True,True,False
2.13,0.01303037855307887,0.0,0.0723845863457287,1.7051773599421992e-17,-1.632929355416517e-16,2.3845868589867313e-17,-0.18061106756082207,0.225,5.0358580897941556e-18,0.526969621446921,0.225,0.0,0.5399999999999999,0.0,127.49310946549471,1.924786574614514e-16,True,True,False
2.1350000000000002,0.012670713259694488,0.0,0.07148153100792455,1.688094095196292e-17,-1.632929355416517e-16,2.3845868589867313e-17,-0.18061106756082207,0.225,4.968129976767483e-18,0.5273292867403054,0.225,0.0,0.5399999999999999,0.0,127.49310946549471,1.915602190987102e-16,True,True,False
2.14,0.012315563242999539,0.0,0.0705784756701204,1.6710301712762326e-17,-1.632929355416517e-16,2.3845868589867313e-17,-0.18061106756082207,0.225,4.900556370849669e-18,0.5276844367570004,0.225,0.0,0.5399999999999999,0.0,127.49310946549471,1.9064178073596904e-16,True,True,False
2.145,0.011964928502993133,0.0,0.06967542033231626,1.6539861867912057e-17,-1.632929355416517e-16,2.3845868589867313e-17,-0.18061106756082207,0.225,4.8331374750381995e-18,0.5280350714970068,0.225,0.0,0.5399999999999999,0.0,127.49310946549471,1.8972334237322788e-16,True,True,False
2.15,0.011618809039676159,0.0,0.06877236499451211,1.636962764566897e-17,-1.7402523763344838e-16,2.6005049867473938e-17,-0.17099042324273545,0.225,4.765873484864215e-18,0.5283811909603238,0.225,0.0,0.5399999999999999,0.0,127.62048679626618,2.0576172655333077e-16,True,True,False
2.1550000000000002,0.011277084594994435,0.0,0.0679174128782984,1.6165331511075518e-17,-1.7402523763344838e-16,2.6005049867473938e-17,-0.17099042324273545,0.225,4.698061969079216e-18,0.5287229154050055,0.225,0.0,0.5399999999999999,0.0,127.62048679626618,2.0550997630557162e-16,True,True,False
2.16,0.010939634910892893,0.0,0.06706246076208469,1.5961323233960954e-17,-1.7402523763344838e-16,2.6005049867473938e-17,-0.17099042324273545,0.225,4.6290006012512705e-18,0.529060365089107,0.225,0.0,0.5399999999999999,0.0,127.62048679626618,2.0525822605781246e-16,True,True,False
2.165,0.010606459987373307,0.0,0.06620750864587098,1.5757613994697363e-17,-1.7402523763344838e-16,2.6005049867473938e-17,-0.17099042324273545,0.225,4.558689724945008e-18,0.5293935400126266,0.225,0.0,0.5399999999999999,0.0,127.62048679626618,2.050064758100533e-16,True,True,False
2.17,0.010277559824433902,0.0,0.06535255652965727,1.5554215542536117e-17,-1.7402523763344838e-16,2.6005049867473938e-17,-0.17099042324273545,0.225,4.4871296797887435e-18,0.529722440175566,0.225,0.0,0.5399999999999999,0.0,127.62048679626618,2.0475472556229412e-16,True,True,False
2.1750000000000003,0.009952934422076454,0.0,0.06449760441344356,1.5351140231017097e-17,-1.7402523763344838e-16,2.6005049867473938e-17,-0.17099042324273545,0.225,4.414320801532192e-18,0.5300470655779235,0.225,0.0,0.5399999999999999,0.0,127.62048679626618,2.0450297531453497e-16,True,True,False
2.18,0.009632583780299186,0.0,0.06364265229722985,1.514936898705143e-17,-1.7402523763344838e-16,2.6005049867473938e-17,-0.17099042324273545,0.225,4.3402634221031765e-18,0.5303674162197007,0.225,0.0,0.5399999999999999,0.0,127.62048679626618,2.0424902076290264e-16,True,True,False
2.185,0.009316507899103876,0.0,0.06278770018101613,1.4975989668755355e-17,-1.7402523763344838e-16,2.6005049867473938e-17,-0.17099042324273545,0.225,4.264985642786477e-18,0.530683492100896,0.225,0.0,0.5399999999999999,0.0,127.62048679626618,2.0393114139894797e-16,True,True,False
2.19,0.009004706778488747,0.0,0.06193274806480245,1.4802917851961855e-17,-1.7402523763344838e-16,2.6005049867473938e-17,-0.17099042324273545,0.225,4.188512034176873e-18,0.5309952932215112,0.225,0.0,0.5399999999999999,0.0,127.62048679626618,2.036132620349933e-16,True,True,False
2.195,0.008697180418455575,0.0,0.061077795948588774,1.4613367284140773e-17,-1.7402523763344838e-16,2.6005049867473938e-17,-0.17099042324273545,0.225,4.1108260247982456e-18,0.5313028195815443,0.225,0.0,0.5399999999999999,0.0,127.62048679626618,2.0336476218807315e-16,True,True,False
2.2,0.008393928819002583,0.0,0.0602228438323751,1.434032068295224e-17,-1.8303667972962692e-16,2.83561934197999e-17,-0.16041638049929735,0.225,4.031406900648862e-18,0.5316060711809973,0.225,0.0,0.5399999999999999,0.0,127.76048712218929,2.1759904152327197e-16,True,True,False
2.205,0.008094819804597031,0.0,0.059420761929878586,1.4072547871703974e-17,-1.8303667972962692e-16,2.83561934197999e-17,-0.16041638049929735,0.225,3.9503774550466246e-18,0.5319051801954029,0.225,0.0,0.5399999999999999,0.0,127.76048712218929,2.172463498472243e-16,True,True,False
2.21,0.007799721199704401,0.0,0.058618680027382075,1.380544310627129e-17,-1.8303667972962692e-16,2.83561934197999e-17,-0.16041638049929735,0.225,3.8681737437341665e-18,0.5322002788002955,0.225,0.0,0.5399999999999999,0.0,127.76048712218929,2.168936581711766e-16,True,True,False
2.215,0.007508633004323806,0.0,0.057816598124885564,1.3539045925292816e-17,-1.8303667972962692e-16,2.83561934197999e-17,-0.16041638049929735,0.225,3.784795987070926e-18,0.5324913669956761,0.225,0.0,0.5399999999999999,0.0,127.76048712218929,2.1654096649512895e-16,True,True,False
2.22,0.0072215552184552445,0.0,0.05701451622238905,1.3273398932507214e-17,-1.8303667972962692e-16,2.83561934197999e-17,-0.16041638049929735,0.225,3.7002444021515595e-18,0.5327784447815447,0.225,0.0,0.5399999999999999,0.0,127.76048712218929,2.161882748190813e-16,True,True,False
2.225,0.0069384878420996055,0.0,0.05621243431989254,1.3008548086676718e-17,-1.8303667972962692e-16,2.83561934197999e-17,-0.16041638049929735,0.225,3.614519202869239e-18,0.5330615121579003,0.225,0.0,0.5399999999999999,0.0,127.76048712218929,2.1583558314303364e-16,True,True,False
2.23,0.0066594308752560005,0.0,0.05541035241739603,1.2744543023305248e-17,-1.8303667972962692e-16,2.83561934197999e-17,-0.16041638049929735,0.225,3.527620599977491e-18,0.5333405691247439,0.225,0.0,0.5399999999999999,0.0,127.76048712218929,2.1548289146698595e-16,True,True,False
2.235,0.006384384317925318,0.0,0.05460827051489952,1.2481437412012191e-17,-1.8303667972962692e-16,2.83561934197999e-17,-0.16041638049929735,0.225,3.4395488011505567e-18,0.5336156156820746,0.225,0.0,0.5399999999999999,0.0,127.76048712218929,2.1513019979093827e-16,True,True,False
2.24,0.006113348170107558,0.0,0.05380618861240301,1.2219289353914074e-17,-1.8303667972962692e-16,2.83561934197999e-17,-0.16041638049929735,0.225,3.350304011042267e-18,0.5338866518298924,0.225,0.0,0.5399999999999999,0.0,127.76048712218929,2.1477750811489062e-16,True,True,False
2.245,0.005846322431800943,0.0,0.0530041067099065,1.195816182391672e-17,-1.8303667972962692e-16,2.83561934197999e-17,-0.16041638049929735,0.225,3.2598864313436334e-18,0.534153677568199,0.225,0.0,0.5399999999999999,0.0,127.76048712218929,2.1442481643884296e-16,True,True,False
2.25,0.005583307103008139,0.0,0.052202024807409986,1.1698123163434457e-17,-1.8716048644523287e-16,3.0838909218384583e-17,-0.1492072442078861,0.225,3.168296260839026e-18,0.5344166928969918,0.225,0.0,0.5399999999999999,0.0,127.90889608668758,2.2033296229273141e-16,True,True,False
2.255,0.005324162069523575,0.0,0.051455988586370544,1.1429943935902253e-17,-1.8716048644523287e-16,3.0838909218384583e-17,-0.1492072442078861,0.225,3.0752190010993393e-18,0.5346758379304763,0.225,0.0,0.5399999999999999,0.0,127.90889608668758,2.2024132063950514e-16,True,True,False
2.2600000000000002,0.005068747217144343,0.0,0.0507099523653311,1.1163127058337519e-17,-1.8716048644523287e-16,3.0838909218384583e-17,-0.1492072442078861,0.225,2.980340564571531e-18,0.5349312527828556,0.225,0.0,0.5399999999999999,0.0,127.90889608668758,2.2014967898627885e-16,True,True,False
2.265,0.004817062545870443,0.0,0.04996391614429166,1.0897772596959319e-17,-1.8716048644523287e-16,3.0838909218384583e-17,-0.1492072442078861,0.225,2.8836617577268857e-18,0.5351829374541295,0.225,0.0,0.5399999999999999,0.0,127.90889608668758,2.2005803733305258e-16,True,True,False
2.27,0.004569108055700988,0.0,0.04921787992325222,1.0632894692025659e-17,-1.8716048644523287e-16,3.0838909218384583e-17,-0.1492072442078861,0.225,2.785183382538776e-18,0.5354308919442989,0.225,0.0,0.5399999999999999,0.0,127.90889608668758,2.1997385132349324e-16,True,True,False
2.275,0.004324883746637753,0.0,0.048471843702212775,1.0338127836266606e-17,-1.8716048644523287e-16,3.0838909218384583e-17,-0.1492072442078861,0.225,2.6846509163127195e-18,0.5356751162533622,0.225,0.0,0.5399999999999999,0.0,127.90889608668758,2.2010587898027465e-16,True,True,False
2.2800000000000002,0.004084389618678963,0.0,0.04772580748117333,1.004557373290666e-17,-1.8716048644523287e-16,3.0838909218384583e-17,-0.1492072442078861,0.225,2.581842278160643e-18,0.535915610381321,0.225,0.0,0.5399999999999999,0.0,127.90889608668758,2.2023790663705607e-16,True,True,False
2.285,0.0038476256718255053,0.0,0.04697977126013389,9.755431457630602e-18,-1.8716048644523287e-16,3.0838909218384583e-17,-0.1492072442078861,0.225,2.476759030482731e-18,0.5361523743281744,0.225,0.0,0.5399999999999999,0.0,127.90889608668758,2.2036993429383749e-16,True,True,False
2.29,0.0036145919060782683,0.0,0.04623373503909445,9.467922742755349e-18,-1.8716048644523287e-16,3.0838909218384583e-17,-0.1492072442078861,0.225,2.3694027386740182e-18,0.5363854080939217,0.225,0.0,0.5399999999999999,0.0,127.90889608668758,2.205019619506189e-16,True,True,False
2.295,0.0033852883214345875,0.0,0.045487698818055006,9.181224864656058e-18,-1.8716048644523287e-16,3.0838909218384583e-17,-0.1492072442078861,0.225,2.259777882991579e-18,0.5366147116785653,0.225,0.0,0.5399999999999999,0.0,127.90889608668758,2.2061434994461674e-16,True,True,False
2.3000000000000003,0.0031597149178971273,0.0,0.044741662597015563,8.887491211118557e-18,-1.8679651353904475e-16,3.354876688599259e-17,-0.1376375295821717,0.225,2.14797621080045e-18,0.5368402850821028,0.225,0.0,0.5399999999999999,0.0,128.06207910833203,2.1968823959559834e-16,True,True,False
2.305,0.0029377270740319483,0.0,0.0440534749491047,8.581401195660881e-18,-1.8679651353904475e-16,3.354876688599259e-17,-0.1376375295821717,0.225,2.033922063949029e-18,0.537062272925968,0.225,0.0,0.5399999999999999,0.0,128.06207910833203,2.198384059756783e-16,True,True,False
2.31,0.0027191801684068873,0.0,0.043365287301193836,8.279931968708881e-18,-1.8679651353904475e-16,3.354876688599259e-17,-0.1376375295821717,0.225,1.9174858009658745e-18,0.537280819831593,0.225,0.0,0.5399999999999999,0.0,128.06207910833203,2.1998857235575827e-16,True,True,False
2.315,0.0025040742010201678,0.0,0.04267709965328297,7.983607004630274e-18,-1.8679651353904475e-16,3.354876688599259e-17,-0.1376375295821717,0.225,1.7986692282451297e-18,0.5374959257989798,0.225,0.0,0.5399999999999999,0.0,128.06207910833203,2.2013873873583826e-16,True,True,False
2.32,0.002292409171873566,0.0,0.04198891200537211,7.693020776957042e-18,-1.8679651353904475e-16,3.354876688599259e-17,-0.1376375295821717,0.225,1.6774741561843193e-18,0.5377075908281264,0.225,0.0,0.5399999999999999,0.0,128.06207910833203,2.202889051159182e-16,True,True,False
2.325,0.0020841850809661944,0.0,0.041300724357461245,7.40884856218433e-18,-1.8679651353904475e-16,3.354876688599259e-17,-0.1376375295821717,0.225,1.5539023991376616e-18,0.5379158149190337,0.225,0.0,0.5399999999999999,0.0,128.06207910833203,2.204390714959982e-16,True,True,False
2.33,0.0018794019282989405,0.0,0.04061253670955038,7.131857109648639e-18,-1.8679651353904475e-16,3.354876688599259e-17,-0.1376375295821717,0.225,1.4279557753688959e-18,0.538120598071701,0.225,0.0,0.5399999999999999,0.0,128.06207910833203,2.2058923787607814e-16,True,True,False
2.335,0.0016780597138709163,0.0,0.03992434906163952,6.862915934199378e-18,-1.8679651353904475e-16,3.354876688599259e-17,-0.1376375295821717,0.225,1.299636107003369e-18,0.538321940286129,0.225,0.0,0.5399999999999999,0.0,128.06207910833203,2.2073940425615813e-16,True,True,False
2.34,0.001480158437682122,0.0,0.039236161413728654,6.60300877477128e-18,-1.8679651353904475e-16,3.354876688599259e-17,-0.1376375295821717,0.225,1.1689452199796913e-18,0.5385198415623178,0.225,0.0,0.5399999999999999,0.0,128.06207910833203,2.208895706362381e-16,True,True,False
2.345,0.0012856980997334455,0.0,0.03854797376581779,6.353244455544132e-18,-1.8679651353904475e-16,3.354876688599259e-17,-0.1376375295821717,0.225,1.0358849440006799e-18,0.5387143019002665,0.225,0.0,0.5399999999999999,0.0,128.06207910833203,2.2103973701631806e-16,True,True,False
2.35,0.0010946787000239988,0.0,0.03785978611790693,6.114865968807078e-18,-1.8156592326305993e-16,3.640749235965105e-17,-0.12594117921253026,0.225,9.004571124837679e-19,0.5389053212999759,0.225,0.0,0.5399999999999999,0.0,128.2169387872261,2.1247643102395085e-16,True,True,False
2.355,0.0009069540341745119,0.0,0.03723008022184427,5.861630489356972e-18,-1.8156592326305993e-16,3.640749235965105e-17,-0.12594117921253026,0.225,7.622232529571306e-19,0.5390930459658254,0.225,0.0,0.5399999999999999,0.0,128.2169387872261,2.1302595679612293e-16,True,True,False
2.36,0.0007223778978057149,0.0,0.036600374325781615,5.6264328607916725e-18,-1.8156592326305993e-16,3.640749235965105e-17,-0.12594117921253026,0.225,6.207467589783777e-19,0.5392776221021942,0.225,0.0,0.5399999999999999,0.0,128.2169387872261,2.1357548256829503e-16,True,True,False
2.365,0.0005409502909167196,0.0,0.03597066842971896,5.411625453242883e-18,-1.8156592326305993e-16,3.640749235965105e-17,-0.12594117921253026,0.225,4.760323051802299e-19,0.5394590497090832,0.225,0.0,0.5399999999999999,0.0,128.2169387872261,2.141250083404671e-16,True,True,False
2.37,0.00036267121350841425,0.0,0.0353409625336563,5.225533252730312e-18,-1.8156592326305993e-16,3.640749235965105e-17,-0.12594117921253026,0.225,3.282077479733988e-19,0.5396373287864915,0.225,0.0,0.5399999999999999,0.0,128.2169387872261,2.1448419699887973e-16,True,True,False
2.375,0.00018754066557991056,0.0,0.03471125663759365,5.0652273290468325e-18,-1.8156592326305993e-16,3.640749235965105e-17,-0.12594117921253026,0.225,1.7756234803329984e-19,0.53981245933442,0.225,0.0,0.5399999999999999,0.0,128.2169387872261,2.14785456970496e-16,True,True,False
2.38,1.555864713209676e-05,0.0,0.03408155074153099,4.9310889562096885e-18,-1.8156592326305993e-16,3.640749235965105e-17,-0.12594117921253026,0.22499999999999998,2.4110356456976215e-20,0.5399844413528678,0.225,0.0,0.5399999999999999,0.0,128.2169387872261,2.1508671694211225e-16,True,True,False
2.3850000000000002,0.00015327484183502715,0.0,0.033451844845468336,4.825300920438121e-18,-1.8156592326305993e-16,3.640749235965105e-17,-0.12594117921253026,0.22499999999999998,-1.3214516238425627e-19,0.540153274841835,0.225,0.0,0.5399999999999999,0.0,128.2169387872261,2.1538797691372854e-16,True,True,False
2.39,0.00031895980132234936,0.0,0.03282213894940568,4.747526069301736e-18,-1.8156592326305993e-16,3.640749235965105e-17,-0.12594117921253026,0.22499999999999998,-2.912056115503262e-19,0.5403189598013223,0.225,0.0,0.5399999999999999,0.0,128.2169387872261,2.1570395437845946e-16,True,True,False
2.395,0.00048149623132898167,0.0,0.032192433053343024,4.696091670114935e-18,-1.8156592326305993e-16,3.640749235965105e-17,-0.12594117921253026,0.22499999999999998,-4.532068346444771e-19,0.5404814962313289,0.225,0.0,0.5399999999999999,0.0,128.2169387872261,2.1609351930876387e-16,True,True,False
2.4,0.0006408841318558123,0.0,0.03156272715728037,4.687465041504645e-18,-1.71141293405631e-16,3.9514994959830593e-17,-0.11431484984161616,0.22499999999999998,-6.182273377566505e-19,0.5406408841318557,0.225,0.0,0.5399999999999999,0.0,128.370871388097,1.9950822363709286e-16,True,True,False
2.4050000000000002,0.000797268832019582,0.0,0.03099115290807228,4.721728369778689e-18,-1.71141293405631e-16,3.9514994959830593e-17,-0.11431484984161616,0.22499999999999998,-7.866036046481619e-19,0.5407972688320195,0.225,0.0,0.5399999999999999,0.0,128.370871388097,2.002575202235208e-16,True,True,False
2.41,0.0009507956609370316,0.0,0.03041957865886419,4.791173563222088e-18,-1.71141293405631e-16,3.9514994959830593e-17,-0.11431484984161616,0.22499999999999998,-9.586710706089304e-19,0.540950795660937,0.225,0.0,0.5399999999999999,0.0,128.370871388097,2.0100681680994877e-16,True,True,False
2.415,0.0011014646186081611,0.0,0.0298480044096561,4.894303266059848e-18,-1.71141293405631e-16,3.9514994959830593e-17,-0.11431484984161616,0.22499999999999998,-1.1344219406822047e-18,0.5411014646186081,0.225,0.0,0.5399999999999999,0.0,128.370871388097,2.0175611339637674e-16,True,True,False
2.42,0.0012492757050329706,0.0,0.02927643016044801,5.029045619171743e-18,-1.71141293405631e-16,3.9514994959830593e-17,-0.11431484984161616,0.22499999999999998,-1.313848250115615e-18,0.5412492757050329,0.225,0.0,0.5399999999999999,0.0,128.370871388097,2.025054099828047e-16,True,True,False
2.4250000000000003,0.0013942289202123481,0.0,0.02870485591123992,5.192940424418275e-18,-1.71141293405631e-16,3.9514994959830593e-17,-0.11431484984161616,0.22499999999999998,-1.4969418606232375e-18,0.5413942289202123,0.225,0.0,0.5399999999999999,0.0,128.370871388097,2.0325470656923265e-16,True,True,False
2.43,0.0015363242641454056,0.0,0.02813328166203183,5.383325709606e-18,-1.71141293405631e-16,3.9514994959830593e-17,-0.11431484984161616,0.22499999999999998,-1.6836944566004195e-18,0.5415363242641453,0.225,0.0,0.5399999999999999,0.0,128.370871388097,2.040040031556606e-16,True,True,False
2.435,0.0016755617368330311,0.0,0.02756170741282374,5.5974990997902776e-18,-1.71141293405631e-16,3.9514994959830593e-17,-0.11431484984161616,0.22499999999999998,-1.8740975412945472e-18,0.541675561736833,0.225,0.0,0.5399999999999999,0.0,128.370871388097,2.0475329974208855e-16,True,True,False
2.44,0.0018119413382743366,0.0,0.026990133163615652,5.832840789949742e-18,-1.71141293405631e-16,3.9514994959830593e-17,-0.11431484984161616,0.22499999999999998,-2.0681424329346957e-18,0.5418119413382743,0.225,0.0,0.5399999999999999,0.0,128.370871388097,2.0550259632851652e-16,True,True,False
2.445,0.001945463068469322,0.0,0.026418558914407562,6.086895943085494e-18,-1.71141293405631e-16,3.9514994959830593e-17,-0.11431484984161616,0.22499999999999998,-2.265820260824204e-18,0.5419454630684692,0.225,0.0,0.5399999999999999,0.0,128.370871388097,2.062518929149445e-16,True,True,False
2.45,0.002076126927417987,0.0,0.025846984665199472,6.357421473781668e-18,-1.5670521970773937e-16,4.2774145342123664e-17,-0.10292120789270608,0.22499999999999998,-2.467121961399639e-18,0.5420761269274179,0.225,0.0,0.5399999999999999,0.0,128.52172320750057,1.8368242376250642e-16,True,True,False
2.455,0.0022040753356454834,0.0,0.025332378625735927,6.6941300913843325e-18,-1.5670521970773937e-16,4.2774145342123664e-17,-0.10292120789270608,0.22499999999999998,-2.6722511985447755e-18,0.5422040753356454,0.225,0.0,0.5399999999999999,0.0,128.52172320750057,1.8460552726466206e-16,True,True,False
2.46,0.0023294507136760734,0.0,0.024817772586272383,7.048698636318399e-18,-1.5670521970773937e-16,4.2774145342123664e-17,-0.10292120789270608,0.22499999999999998,-2.8814091767901817e-18,0.542329450713676,0.225,0.0,0.5399999999999999,0.0,128.52172320750057,1.855286307668177e-16,True,True,False
2.465,0.0024522530615079807,0.0,0.02430316654680884,7.418566718112015e-18,-1.5670521970773937e-16,4.2774145342123664e-17,-0.10292120789270608,0.22499999999999998,-3.0945827456100877e-18,0.5424522530615079,0.225,0.0,0.5399999999999999,0.0,128.52172320750057,1.8645173426897333e-16,True,True,False
2.47,0.00257248237914387,0.0,0.023788560507345295,7.801558609451347e-18,-1.5670521970773937e-16,4.2774145342123664e-17,-0.10292120789270608,0.22499999999999998,-3.3117583905065075e-18,0.5425724823791438,0.225,0.0,0.5399999999999999,0.0,128.52172320750057,1.8737483777112897e-16,True,True,False
2.475,0.002690138666581965,0.0,0.023273954467881754,8.195834687358716e-18,-1.5670521970773937e-16,4.2774145342123664e-17,-0.10292120789270608,0.22499999999999998,-3.5329222233043486e-18,0.5426901386665819,0.225,0.0,0.5399999999999999,0.0,128.52172320750057,1.882979412732846e-16,True,True,False
2.48,0.0028052219238222653,0.0,0.02275934842841821,8.597128257532556e-18,-1.5670521970773937e-16,4.2774145342123664e-17,-0.10292120789270608,0.22499999999999998,-3.758059972351829e-18,0.5428052219238222,0.225,0.0,0.5399999999999999,0.0,128.52172320750057,1.8920410091876386e-16,True,True,False
2.485,0.0029177321508656595,0.0,0.02224474238895466,8.926386004812336e-18,-1.5670521970773937e-16,4.2774145342123664e-17,-0.10292120789270608,0.22499999999999998,-3.986729245307621e-18,0.5429177321508656,0.225,0.0,0.5399999999999999,0.0,128.52172320750057,1.8961888872062826e-16,True,True,False
2.49,0.0030276693477121475,0.0,0.021730136349491117,9.259991430861907e-18,-1.5670521970773937e-16,4.2774145342123664e-17,-0.10292120789270608,0.22499999999999998,-4.218547002077218e-18,0.5430276693477121,0.225,0.0,0.5399999999999999,0.0,128.52172320750057,1.9003367652249266e-16,True,True,False
2.495,0.003135033514360841,0.0,0.021215530310027573,9.609832884505128e-18,-1.5670521970773937e-16,4.2774145342123664e-17,-0.10292120789270608,0.22499999999999998,-4.453507088625678e-18,0.5431350335143608,0.225,0.0,0.5399999999999999,0.0,128.52172320750057,1.904450555152253e-16,True,True,False
2.5,0.0032398246508126283,0.0,0.02070092427056403,1.002608821285827e-17,-1.3624228120752534e-16,4.6269653468410453e-17,-0.09189218285184987,0.22499999999999998,-4.691601999897446e-18,0.5432398246508126,0.225,0.0,0.5399999999999999,0.0,128.6677474990415,1.579931844452734e-16,True,True,False
2.505,0.0033421806198793425,0.0,0.02024146335630477,1.0425179240533116e-17,-1.3624228120752534e-16,4.6269653468410453e-17,-0.09189218285184987,0.22499999999999998,-4.933606171384451e-18,0.5433421806198793,0.225,0.0,0.5399999999999999,0.0,128.6677474990415,1.5931170503463194e-16,True,True,False
2.5100000000000002,0.003442239284375481,0.0,0.019782002442045515,1.0828107146460011e-17,-1.3624228120752534e-16,4.6269653468410453e-17,-0.09189218285184987,0.22499999999999998,-5.1802803518137905e-18,0.5434422392843754,0.225,0.0,0.5399999999999999,0.0,128.6677474990415,1.606302256239905e-16,True,True,False
2.515,0.0035400006443001564,0.0,0.01932254152778626,1.1234459105179152e-17,-1.3624228120752534e-16,4.6269653468410453e-17,-0.09189218285184987,0.22499999999999998,-5.431596001684409e-18,0.5435400006443001,0.225,0.0,0.5399999999999999,0.0,128.6677474990415,1.6194874621334903e-16,True,True,False
2.52,0.003635464699653368,0.0,0.018863080613527,1.1643876640939464e-17,-1.3624228120752534e-16,4.6269653468410453e-17,-0.09189218285184987,0.22499999999999998,-5.687523405660358e-18,0.5436354646996533,0.225,0.0,0.5399999999999999,0.0,128.6677474990415,1.632672668027076e-16,True,True,False
2.525,0.003728631450435116,0.0,0.018403619699267744,1.2056047441248617e-17,-1.3624228120752534e-16,4.6269653468410453e-17,-0.09189218285184987,0.22499999999999998,-5.948031627542465e-18,0.543728631450435,0.225,0.0,0.5399999999999999,0.0,128.6677474990415,1.6458578739206613e-16,True,True,False
2.5300000000000002,0.0038195008966462884,0.0,0.017944158785008487,1.2470698513499858e-17,-1.3624228120752534e-16,4.6269653468410453e-17,-0.09189218285184987,0.22499999999999998,-6.213088464935864e-18,0.5438195008966462,0.225,0.0,0.5399999999999999,0.0,128.6677474990415,1.6590430798142466e-16,True,True,False
2.535,0.003908073038285109,0.0,0.01748469787074923,1.288759045579609e-17,-1.3624228120752534e-16,4.6269653468410453e-17,-0.09189218285184987,0.22499999999999998,-6.482660403869426e-18,0.543908073038285,0.225,0.0,0.5399999999999999,0.0,128.6677474990415,1.6722282857078322e-16,True,True,False
2.54,0.0039943478753533546,0.0,0.017025236956489973,1.3306512650983876e-17,-1.3624228120752534e-16,4.6269653468410453e-17,-0.09189218285184987,0.22499999999999998,-6.756712573664492e-18,0.5439943478753533,0.225,0.0,0.5399999999999999,0.0,128.6677474990415,1.6854134916014175e-16,True,True,False
2.545,0.004078325407850136,0.0,0.016565776042230716,1.3727279225615324e-17,-1.3624228120752534e-16,4.6269653468410453e-17,-0.09189218285184987,0.22499999999999998,-7.035208702394106e-18,0.5440783254078501,0.225,0.0,0.5399999999999999,0.0,128.6677474990415,1.6985986974950026e-16,True,True,False
2.5500000000000003,0.0041600056357754545,0.0,0.01610631512797146,1.4149725643205063e-17,-1.131495780930181e-16,4.991860980019967e-17,-0.08133213676255283,0.22499999999999998,-7.318111073320656e-18,0.5441600056357754,0.225,0.0,0.5399999999999999,0.0,128.8075625092638,1.5726957564841915e-16,True,True,False
2.555,0.004239520559706,0.0,0.01569965444415868,1.452794714291846e-17,-1.131495780930181e-16,4.991860980019967e-17,-0.08133213676255283,0.22499999999999998,-7.605285461632982e-18,0.5442395205597059,0.225,0.0,0.5399999999999999,0.0,128.8075625092638,1.5751977885224158e-16,True,True,False
2.56,0.004317002180216689,0.0,0.015292993760345897,1.4907177264505343e-17,-1.131495780930181e-16,4.991860980019967e-17,-0.08133213676255283,0.22499999999999998,-7.896601798948058e-18,0.5443170021802166,0.225,0.0,0.5399999999999999,0.0,128.8075625092638,1.5776534335611603e-16,True,True,False
2.565,0.004392450497309297,0.0,0.014886333076533117,1.5287340946084513e-17,-1.131495780930181e-16,4.991860980019967e-17,-0.08133213676255283,0.22499999999999998,-8.192026702509569e-18,0.5443924504973092,0.225,0.0,0.5399999999999999,0.0,128.8075625092638,1.5800639381941218e-16,True,True,False
2.57,0.004465865510982048,0.0,0.014479672392720338,1.5688646367646576e-17,-1.131495780930181e-16,4.991860980019967e-17,-0.08133213676255283,0.22499999999999998,-8.49152109209326e-18,0.544465865510982,0.225,0.0,0.5399999999999999,0.0,128.8075625092638,1.5824291511051394e-16,True,True,False
2.575,0.004537247221236718,0.0,0.014073011708907556,1.6192637909455742e-17,-1.131495780930181e-16,4.991860980019967e-17,-0.08133213676255283,0.22499999999999998,-8.794906481900839e-18,0.5445372472212366,0.225,0.0,0.5399999999999999,0.0,128.8075625092638,1.5847501082718959e-16,True,True,False
2.58,0.00460659562807153,0.0,0.013666351025094777,1.6698168944553214e-17,-1.131495780930181e-16,4.991860980019967e-17,-0.08133213676255283,0.22499999999999998,-9.102068822297583e-18,0.5446065956280715,0.225,0.0,0.5399999999999999,0.0,128.8075625092638,1.5870398249911654e-16,True,True,False
2.585,0.004673910731487374,0.0,0.013259690341281999,1.7205103770432888e-17,-1.131495780930181e-16,4.991860980019967e-17,-0.08133213676255283,0.22499999999999998,-9.412981888427896e-18,0.5446739107314873,0.225,0.0,0.5399999999999999,0.0,128.8075625092638,1.5892992705193032e-16,True,True,False
2.59,0.004739192531484249,0.0,0.012853029657469218,1.7649623625907364e-17,-1.131495780930181e-16,4.991860980019967e-17,-0.08133213676255283,0.22499999999999998,-9.727573917059227e-18,0.5447391925314842,0.225,0.0,0.5399999999999999,0.0,128.8075625092638,1.5915266943919557e-16,True,True,False
2.595,0.004802441028062154,0.0,0.012446368973656438,1.798474431249846e-17,-1.131495780930181e-16,4.991860980019967e-17,-0.08133213676255283,0.22499999999999998,-1.0045344907118051e-17,0.5448024410280621,0.225,0.0,0.5399999999999999,0.0,128.8075625092638,1.5937385137160415e-16,True,True,False
2.6,0.004863656221221091,0.0,0.01203970828984366,1.8320198099398813e-17,-8.307733678387803e-17,5.3784907308456887e-17,-0.07132091634177935,0.22499999999999998,-1.0366153971487857e-17,0.544863656221221,0.225,0.0,0.5399999999999999,0.0,128.94011106763483,1.6370531646376677e-16,True,True,False
2.605,0.004922963251215662,0.0,0.01168310370813475,1.8727040358207308e-17,-8.307733678387803e-17,5.3784907308456887e-17,-0.07132091634177935,0.22499999999999998,-1.0690881129615707e-17,0.5449229632512156,0.225,0.0,0.5399999999999999,0.0,128.94011106763483,1.6391642360139632e-16,True,True,False
2.61,0.004980487258302246,0.0,0.011326499126425842,1.91344013450993e-17,-8.307733678387803e-17,5.3784907308456887e-17,-0.07132091634177935,0.22499999999999998,-1.1020350727018501e-17,0.5449804872583022,0.225,0.0,0.5399999999999999,0.0,128.94011106763483,1.641210237958009e-16,True,True,False
2.615,0.0050362282424799565,0.0,0.010969894544716934,1.9542248621216905e-17,-8.307733678387803e-17,5.3784907308456887e-17,-0.07132091634177935,0.22499999999999998,-1.1354466973889303e-17,0.5450362282424799,0.225,0.0,0.5399999999999999,0.0,128.94011106763483,1.6431947474952741e-16,True,True,False
2.62,0.00509018620374968,0.0,0.010613289963008025,1.995055236308693e-17,-8.307733678387803e-17,5.3784907308456887e-17,-0.07132091634177935,0.22499999999999998,-1.1693129785977014e-17,0.5450901862037496,0.225,0.0,0.5399999999999999,0.0,128.94011106763483,1.645121502016265e-16,True,True,False
2.625,0.00514236114211053,0.0,0.010256685381299117,2.035928510758166e-17,-8.307733678387803e-17,5.3784907308456887e-17,-0.07132091634177935,0.22499999999999998,-1.2036234808962868e-17,0.5451423611421105,0.225,0.0,0.5399999999999999,0.0,128.94011106763483,1.6469943983662505e-16,True,True,False
2.63,0.005192753057562505,0.0,0.009900080799590207,2.076842152576894e-17,-8.307733678387803e-17,5.3784907308456887e-17,-0.07132091634177935,0.22499999999999998,-1.2383673485217663e-17,0.5451927530575624,0.225,0.0,0.5399999999999999,0.0,128.94011106763483,1.6488174903523833e-16,True,True,False
2.6350000000000002,0.005241361950106493,0.0,0.009543476217881298,2.1177938221955228e-17,-8.307733678387803e-17,5.3784907308456887e-17,-0.07132091634177935,0.22499999999999998,-1.2735333167207416e-17,0.5452413619501064,0.225,0.0,0.5399999999999999,0.0,128.94011106763483,1.6505949845088515e-16,True,True,False
2.64,0.005288187819741608,0.0,0.00918687163617239,2.1587813554748546e-17,-8.307733678387803e-17,5.3784907308456887e-17,-0.07132091634177935,0.22499999999999998,-1.3091097281105375e-17,0.5452881878197415,0.225,0.0,0.5399999999999999,0.0,128.94011106763483,1.652331233987214e-16,True,True,False
2.645,0.0053332306664678475,0.0,0.008830267054463482,2.199802747741082e-17,-8.307733678387803e-17,5.3784907308456887e-17,-0.07132091634177935,0.22499999999999998,-1.3450845543176209e-17,0.5453332306664678,0.225,0.0,0.5399999999999999,0.0,128.94011106763483,1.6540307304760791e-16,True,True,False
2.65,0.005376490490286101,0.0,0.008473662472754573,2.2408561395144515e-17,-5.2749845715458006e-17,5.77804949315725e-17,-0.06191676159635762,0.22499999999999998,-1.3814454230230125e-17,0.545376490490286,0.225,0.0,0.5399999999999999,0.0,129.06462207646422,1.6981491224311545e-16,True,True,False
2.6550000000000002,0.005418084843129889,0.0,0.008164078664772768,2.2751210583394623e-17,-5.2749845715458006e-17,5.77804949315725e-17,-0.06191676159635762,0.22499999999999998,-1.4181675141568088e-17,0.5454180848431298,0.225,0.0,0.5399999999999999,0.0,129.06462207646422,1.6997136999118323e-16,True,True,False
2.66,0.00545813127693362,0.0,0.007854494856790963,2.3094007291722583e-17,-5.2749845715458006e-17,5.77804949315725e-17,-0.06191676159635762,0.22499999999999998,-1.4552292819832632e-17,0.5454581312769335,0.225,0.0,0.5399999999999999,0.0,129.06462207646422,1.7012668786020979e-16,True,True,False
2.665,0.005496629791697294,0.0,0.007544911048809161,2.3436945047093197e-17,-5.2749845715458006e-17,5.77804949315725e-17,-0.06191676159635762,0.22499999999999998,-1.4926229515131668e-17,0.5454966297916972,0.225,0.0,0.5399999999999999,0.0,129.06462207646422,1.702811561872916e-16,True,True,False
2.67,0.005533580387421799,0.0,0.00723532724082736,2.3814450716241713e-17,-5.2749845715458006e-17,5.77804949315725e-17,-0.06191676159635762,0.22499999999999998,-1.5303403818031612e-17,0.5455335803874217,0.225,0.0,0.5399999999999999,0.0,129.06462207646422,1.7043493693294032e-16,True,True,False
2.6750000000000003,0.005568983064106248,0.0,0.00692574343284556,2.4305401283774093e-17,-5.2749845715458006e-17,5.77804949315725e-17,-0.06191676159635762,0.22499999999999998,-1.568366415938383e-17,0.5455689830641062,0.225,0.0,0.5399999999999999,0.0,129.06462207646422,1.7058834837818597e-16,True,True,False
2.68,0.005602837821750639,0.0,0.00661615962486376,2.4796751098066536e-17,-5.2749845715458006e-17,5.77804949315725e-17,-0.06191676159635762,0.22499999999999998,-1.60669220738011e-17,0.5456028378217506,0.225,0.0,0.5399999999999999,0.0,129.06462207646422,1.707422349400139e-16,True,True,False
2.685,0.005635144660354974,0.0,0.006306575816881959,2.5288476887286728e-17,-5.2749845715458006e-17,5.77804949315725e-17,-0.06191676159635762,0.22499999999999998,-1.6453126354259258e-17,0.5456351446603549,0.225,0.0,0.5399999999999999,0.0,129.06462207646422,1.7089678783796553e-16,True,True,False
2.69,0.005665903579919251,0.0,0.005996992008900158,2.569621920922947e-17,-5.2749845715458006e-17,5.77804949315725e-17,-0.06191676159635762,0.22499999999999998,-1.6842212668650187e-17,0.5456659035799192,0.225,0.0,0.5399999999999999,0.0,129.06462207646422,1.7105195416546388e-16,True,True,False
2.695,0.005695114580443472,0.0,0.005687408200918357,2.5958413622623045e-17,-5.2749845715458006e-17,5.77804949315725e-17,-0.06191676159635762,0.22499999999999998,-1.723399592863774e-17,0.5456951145804434,0.225,0.0,0.5399999999999999,0.0,129.06462207646422,1.712082988717118e-16,True,True,False
2.7,0.005722777661928524,0.0,0.005377824392936557,2.6220633715021523e-17,-1.5747503909855214e-17,6.195905560138073e-17,-0.0531590513468491,0.22499999999999998,-1.762842346284605e-17,0.5457227776619284,0.225,0.0,0.5399999999999999,0.0,129.1805741601677,1.7580466941262634e-16,True,True,False
2.705,0.005749002295750372,0.0,0.005112029136202298,2.6562126901405735e-17,-1.5747503909855214e-17,6.195905560138073e-17,-0.0531590513468491,0.22499999999999998,-1.802572990778175e-17,0.5457490022957503,0.225,0.0,0.5399999999999999,0.0,129.1805741601677,1.759574589302367e-16,True,True,False
2.71,0.005773897953290308,0.0,0.004846233879468039,2.6903701285605165e-17,-1.5747503909855214e-17,6.195905560138073e-17,-0.0531590513468491,0.22499999999999998,-1.8426035306336325e-17,0.5457738979532902,0.225,0.0,0.5399999999999999,0.0,129.1805741601677,1.761109167898412e-16,True,True,False
2.715,0.005797464634545668,0.0,0.00458043862273378,2.7245353813694463e-17,-1.5747503909855214e-17,6.195905560138073e-17,-0.0531590513468491,0.22499999999999998,-1.882915967448826e-17,0.5457974646345456,0.225,0.0,0.5399999999999999,0.0,129.1805741601677,1.7626571509575823e-16,True,True,False
2.72,0.005819702339517341,0.0,0.0043146433659995214,2.7587081582352098e-17,-1.5747503909855214e-17,6.195905560138073e-17,-0.0531590513468491,0.22499999999999998,-1.9234924874980613e-17,0.5458197023395173,0.225,0.0,0.5399999999999999,0.0,129.1805741601677,1.764225190560357e-16,True,True,False
2.725,0.005840611068205326,0.0,0.0040488481092652625,2.7928881829728465e-17,-1.5747503909855214e-17,6.195905560138073e-17,-0.0531590513468491,0.22499999999999998,-1.9643155487019044e-17,0.5458406110682053,0.225,0.0,0.5399999999999999,0.0,129.1805741601677,1.7658198373478636e-16,True,True,False
2.73,0.005860190820609623,0.0,0.0037830528525310035,2.827075192696782e-17,-1.5747503909855214e-17,6.195905560138073e-17,-0.0531590513468491,0.225,-2.0053679609123055e-17,0.5458601908206095,0.225,0.0,0.5399999999999999,0.0,129.1805741601677,1.7674475105414523e-16,True,True,False
2.735,0.005878441596731121,0.0,0.0035172575957967446,2.8612689370330166e-17,-1.5747503909855214e-17,6.195905560138073e-17,-0.0531590513468491,0.225,-2.046632957876303e-17,0.545878441596731,0.225,0.0,0.5399999999999999,0.0,129.1805741601677,1.7691144710696868e-16,True,True,False
2.74,0.005895363396568043,0.0,0.0032514623390624852,2.895469177386433e-17,-1.5747503909855214e-17,6.195905560138073e-17,-0.0531590513468491,0.225,-2.0880942596789316e-17,0.545895363396568,0.225,0.0,0.5399999999999999,0.0,129.1805741601677,1.7708267982506422e-16,True,True,False
2.745,0.005910956220121277,0.0,0.002985667082328227,2.929675686258805e-17,-1.5747503909855214e-17,6.195905560138073e-17,-0.0531590513468491,0.225,-2.12973612492919e-17,0.5459109562201212,0.225,0.0,0.5399999999999999,0.0,129.1805741601677,1.772590370304382e-16,True,True,False
2.75,0.005925220067391712,0.0,0.002719871825593968,2.9638882466134673e-17,1.943382659092085e-17,6.624461309469508e-17,-0.045070871793929164,0.225,-2.1715433924052062e-17,0.5459252200673916,0.225,0.0,0.5399999999999999,0.0,129.28766165744838,1.8199107874004056e-16,True,True,False
2.755,0.0059382560406223694,0.0,0.002494517466624314,2.9889938195533954e-17,1.943382659092085e-17,6.624461309469508e-17,-0.045070871793929164,0.225,-2.2135213084527873e-17,0.5459382560406223,0.225,0.0,0.5399999999999999,0.0,129.28766165744838,1.821705232973638e-16,True,True,False
2.7600000000000002,0.0059501652420580475,0.0,0.00226916310765466,3.0141001321046865e-17,1.943382659092085e-17,6.624461309469508e-17,-0.045070871793929164,0.225,-2.2556807058187346e-17,0.545950165242058,0.225,0.0,0.5399999999999999,0.0,129.28766165744838,1.8235539361552536e-16,True,True,False
2.765,0.005960947671698746,0.0,0.0020438087486850066,3.039207165937976e-17,1.943382659092085e-17,6.624461309469508e-17,-0.045070871793929164,0.225,-2.298015399917749e-17,0.5459609476716987,0.225,0.0,0.5399999999999999,0.0,129.28766165744838,1.825459206420531e-16,True,True,False
2.77,0.005970603329544466,0.0,0.0018184543897153517,3.070087013376655e-17,1.943382659092085e-17,6.624461309469508e-17,-0.045070871793929164,0.225,-2.340521074494274e-17,0.5459706033295444,0.225,0.0,0.5399999999999999,0.0,129.28766165744838,1.8274200282417903e-16,True,True,False
2.775,0.005979132215596095,0.0,0.0015931000307456964,3.110944177047105e-17,1.943382659092085e-17,6.624461309469508e-17,-0.045070871793929164,0.225,-2.3832107017465583e-17,0.545979132215596,0.225,0.0,0.5399999999999999,0.0,129.28766165744838,1.8294305806120643e-16,True,True,False
2.7800000000000002,0.005986534329851856,0.0,0.0013677456717760416,3.15181139538542e-17,1.943382659092085e-17,6.624461309469508e-17,-0.045070871793929164,0.225,-2.4260858697977466e-17,0.5459865343298518,0.225,0.0,0.5399999999999999,0.0,129.28766165744838,1.8314952383542204e-16,True,True,False
2.785,0.005992809672313526,0.0,0.001142391312806387,3.192688282284742e-17,1.943382659092085e-17,6.624461309469508e-17,-0.045070871793929164,0.225,-2.4691435463329546e-17,0.5459928096723135,0.225,0.0,0.5399999999999999,0.0,129.28766165744838,1.833615133808735e-16,True,True,False
2.79,0.005997958242980217,0.0,0.0009170369538367319,3.223739909438406e-17,1.943382659092085e-17,6.624461309469508e-17,-0.045070871793929164,0.225,-2.5123847026222182e-17,0.5459979582429801,0.225,0.0,0.5399999999999999,0.0,129.28766165744838,1.8357860113569206e-16,True,True,False
2.795,0.006001980041851929,0.0,0.0006916825948670774,3.237808036805217e-17,1.943382659092085e-17,6.624461309469508e-17,-0.045070871793929164,0.225,-2.5558501741627436e-17,0.5460019800418519,0.225,0.0,0.5399999999999999,0.0,129.28766165744838,1.8379908464373046e-16,True,True,False
2.8000000000000003,0.006004875068928661,0.0,0.0004663282358974228,3.251877012696207e-17,6.011541783273388e-17,7.069911989685782e-17,-0.037661399239212946,0.225,-2.599551277537646e-17,0.5460048750689286,0.225,0.0,0.5399999999999999,0.0,129.38576307407283,1.887523968242628e-16,True,True,False
2.805,0.00600673594261758,0.0,0.00027802123970134996,3.274537388618281e-17,6.011541783273388e-17,7.069911989685782e-17,-0.037661399239212946,0.225,-2.6434162370759844e-17,0.5460067359426175,0.225,0.0,0.5399999999999999,0.0,129.38576307407283,1.8897578853122978e-16,True,True,False
2.81,0.006007655281325852,0.0,8.971424350527721e-05,3.297197828527972e-17,6.011541783273388e-17,7.069911989685782e-17,-0.037661399239212946,0.225,-2.6873657318193896e-17,0.5460076552813258,0.225,0.0,0.5399999999999999,0.0,129.38576307407283,1.8920860168802542e-16,True,True,False
2.815,0.006007633085052588,0.0,9.859275269079556e-05,3.3198583311149934e-17,6.011541783273388e-17,7.069911989685782e-17,-0.037661399239212946,0.225,-2.7313888001086647e-17,0.5460076330850525,0.225,0.0,0.5399999999999999,0.0,129.38576307407283,1.8945124562979058e-16,True,True,False
2.82,0.006006669353798677,0.0,0.0002868997488868683,3.3425188951045884e-17,6.011541783273388e-17,7.069911989685782e-17,-0.037661399239212946,0.225,-2.7754751202852014e-17,0.5460066693537986,0.225,0.0,0.5399999999999999,0.0,129.38576307407283,1.897041057924801e-16,True,True,False
2.825,0.006004764087564118,0.0,0.0004752067450829412,3.365179519256331e-17,6.011541783273388e-17,7.069911989685782e-17,-0.037661399239212946,0.225,-2.819614984119221e-17,0.546004764087564,0.225,0.0,0.5399999999999999,0.0,129.38576307407283,1.8996754470511761e-16,True,True,False
2.83,0.006001917286348024,0.0,0.0006635137412790138,3.387840202362985e-17,6.011541783273388e-17,7.069911989685782e-17,-0.037661399239212946,0.225,-2.863799268451398e-17,0.546001917286348,0.225,0.0,0.5399999999999999,0.0,129.38576307407283,1.9024190304876612e-16,True,True,False
2.835,0.0059981289501512824,0.0,0.0008518207374750865,3.4105009432493896e-17,6.011541783273388e-17,7.069911989685782e-17,-0.037661399239212946,0.225,-2.9080194057910165e-17,0.5459981289501512,0.225,0.0,0.5399999999999999,0.0,129.38576307407283,1.90527500754465e-16,True,True,False
2.84,0.005993399078973005,0.0,0.001040127733671159,3.433161740771413e-17,6.011541783273388e-17,7.069911989685782e-17,-0.037661399239212946,0.225,-2.952267354487924e-17,0.5459933990789729,0.225,0.0,0.5399999999999999,0.0,129.38576307407283,1.908246381170818e-16,True,True,False
2.845,0.0059877276728140805,0.0,0.0012284347298672324,3.455822593814927e-17,6.011541783273388e-17,7.069911989685782e-17,-0.037661399239212946,0.225,-2.996535568978869e-17,0.545987727672814,0.225,0.0,0.5399999999999999,0.0,129.38576307407283,1.9113359690638725e-16,True,True,False
2.85,0.005981114731674508,0.0,0.0014167417260633056,3.4784835012948357e-17,9.681332099602017e-17,7.525912570888127e-17,-0.03092809234882548,0.225,-3.040816970503784e-17,0.5459811147316744,0.225,0.0,0.5399999999999999,0.0,129.47491205730154,1.962953890919066e-16,True,True,False
2.855,0.0059736444218895235,0.0,0.0015713821878074485,3.490065701323213e-17,9.681332099602017e-17,7.525912570888127e-17,-0.03092809234882548,0.225,-3.0851605510273585e-17,0.5459736444218894,0.225,0.0,0.5399999999999999,0.0,129.47491205730154,1.966168305694701e-16,True,True,False
2.86,0.005965400909796137,0.0,0.0017260226495515916,3.50164997701165e-17,9.681332099602017e-17,7.525912570888127e-17,-0.03092809234882548,0.225,-3.129618470683936e-17,0.5459654009097961,0.225,0.0,0.5399999999999999,0.0,129.47491205730154,1.96947018543193e-16,True,True,False
2.865,0.005956384195394349,0.0,0.0018806631112957342,3.513236307827779e-17,9.681332099602017e-17,7.525912570888127e-17,-0.03092809234882548,0.225,-3.1741887801738777e-17,0.5459563841953943,0.225,0.0,0.5399999999999999,0.0,129.47491205730154,1.9728602580468708e-16,True,True,False
2.87,0.00594659427868327,0.0,0.0020353035730398777,3.53175139363754e-17,9.681332099602017e-17,7.525912570888127e-17,-0.03092809234882548,0.225,-3.218873949663364e-17,0.5459465942786832,0.225,0.0,0.5399999999999999,0.0,129.47491205730154,1.9763320363012826e-16,True,True,False
2.875,0.0059360311596637905,0.0,0.0021899440347840204,3.559325552713979e-17,9.681332099602017e-17,7.525912570888127e-17,-0.03092809234882548,0.225,-3.263707183654777e-17,0.5459360311596637,0.225,0.0,0.5399999999999999,0.0,129.47491205730154,1.9798727226758953e-16,True,True,False
2.88,0.005924694838335021,0.0,0.0023445844965281635,3.5869003704832553e-17,9.681332099602017e-17,7.525912570888127e-17,-0.03092809234882548,0.225,-3.308695029906085e-17,0.545924694838335,0.225,0.0,0.5399999999999999,0.0,129.47491205730154,1.9834876654028675e-16,True,True,False
2.8850000000000002,0.005912585314697849,0.0,0.0024992249582723065,3.614475831869877e-17,9.681332099602017e-17,7.525912570888127e-17,-0.03092809234882548,0.225,-3.353836681388484e-17,0.5459125853146978,0.225,0.0,0.5399999999999999,0.0,129.47491205730154,1.9871771658464741e-16,True,True,False
2.89,0.005899702588752276,0.0,0.0026538654200164496,3.631660391690382e-17,9.681332099602017e-17,7.525912570888127e-17,-0.03092809234882548,0.225,-3.3991383589840173e-17,0.5458997025887522,0.225,0.0,0.5399999999999999,0.0,129.47491205730154,1.9909320326351548e-16,True,True,False
2.895,0.005886046660498301,0.0,0.0028085058817605923,3.63090295572851e-17,9.681332099602017e-17,7.525912570888127e-17,-0.03092809234882548,0.225,-3.4446765414319584e-17,0.5458860466604982,0.225,0.0,0.5399999999999999,0.0,129.47491205730154,1.994720208071963e-16,True,True,False
2.9,0.005871617529935036,0.0,0.0029631463435047353,3.630155497622301e-17,1.3715446400522648e-16,8.002406400261311e-17,-0.02485869297734364,0.225,-3.490472179454568e-17,0.545871617529935,0.225,0.0,0.5399999999999999,0.0,129.55527090497998,2.0491429736284623e-16,True,True,False
2.9050000000000002,0.005856491064555214,0.0,0.0030874398083914614,3.637729164761164e-17,1.3715446400522648e-16,8.002406400261311e-17,-0.02485869297734364,0.225,-3.536407300649106e-17,0.5458564910645551,0.225,0.0,0.5399999999999999,0.0,129.55527090497998,2.0529690683924502e-16,True,True,False
2.91,0.005840743131850679,0.0,0.003211733273278188,3.645307154923924e-17,1.3715446400522648e-16,8.002406400261311e-17,-0.02485869297734364,0.225,-3.582361243229204e-17,0.5458407431318506,0.225,0.0,0.5399999999999999,0.0,129.55527090497998,2.056923482034806e-16,True,True,False
2.915,0.005824373731822319,0.0,0.003336026738164914,3.6528894412059885e-17,1.3715446400522648e-16,8.002406400261311e-17,-0.02485869297734364,0.225,-3.6283301637548533e-17,0.5458243737318222,0.225,0.0,0.5399999999999999,0.0,129.55527090497998,2.0610076497899527e-16,True,True,False
2.92,0.005807382864469246,0.0,0.0034603202030516404,3.660475996910499e-17,1.3715446400522648e-16,8.002406400261311e-17,-0.02485869297734364,0.225,-3.674310433964221e-17,0.5458073828644692,0.225,0.0,0.5399999999999999,0.0,129.55527090497998,2.065222926539519e-16,True,True,False
2.9250000000000003,0.0057897705297923485,0.0,0.003584613667938366,3.6680667955464876e-17,1.3715446400522648e-16,8.002406400261311e-17,-0.02485869297734364,0.225,-3.720298627013482e-17,0.5457897705297923,0.225,0.0,0.5399999999999999,0.0,129.55527090497998,2.0695705919507286e-16,True,True,False
2.93,0.00577153672778985,0.0,0.003708907132825092,3.675661810827065e-17,1.3715446400522648e-16,8.002406400261311e-17,-0.02485869297734364,0.225,-3.766291504597775e-17,0.5457715367277898,0.225,0.0,0.5399999999999999,0.0,129.55527090497998,2.074051855285749e-16,True,True,False
2.935,0.005752681458463527,0.0,0.003833200597711818,3.683261016667619e-17,1.3715446400522648e-16,8.002406400261311e-17,-0.02485869297734364,0.225,-3.8122860049116804e-17,0.5457526814584635,0.225,0.0,0.5399999999999999,0.0,129.55527090497998,2.0786678598975454e-16,True,True,False
2.94,0.005733204721813379,0.0,0.003957494062598543,3.690864387184026e-17,1.3715446400522648e-16,8.002406400261311e-17,-0.02485869297734364,0.225,-3.858279231405666e-17,0.5457332047218133,0.225,0.0,0.5399999999999999,0.0,129.55527090497998,2.083419687428496e-16,True,True,False
2.945,0.0057131065178376295,0.0,0.004081787527485267,3.69847189669089e-17,1.3715446400522648e-16,8.002406400261311e-17,-0.02485869297734364,0.225,-3.90426844229417e-17,0.5457131065178376,0.225,0.0,0.5399999999999999,0.0,129.55527090497998,2.0883083617283262e-16,True,True,False
2.95,0.005692386846538056,0.0,0.004206080992371991,3.7060835196997867e-17,1.7151480535883645e-16,8.492298510444578e-17,-0.019433037605926365,0.225,-3.950251040771129e-17,0.545692386846538,0.225,0.0,0.5399999999999999,0.0,129.62710658209753,2.1453644109815264e-16,True,True,False
2.955,0.005671113528605942,0.0,0.004303246180401635,3.701287193003482e-17,1.7151480535883645e-16,8.492298510444578e-17,-0.019433037605926365,0.225,-3.9963022795798056e-17,0.5456711135286059,0.225,0.0,0.5399999999999999,0.0,129.62710658209753,2.1503750464788044e-16,True,True,False
2.96,0.005649354384734351,0.0,0.00440041136843128,3.696506701948405e-17,1.7151480535883645e-16,8.492298510444578e-17,-0.019433037605926365,0.225,-4.042498804124605e-17,0.5456493543847343,0.225,0.0,0.5399999999999999,0.0,129.62710658209753,2.1554727621091157e-16,True,True,False
2.965,0.005627109414921505,0.0,0.004497576556460925,3.691742108051967e-17,1.7151480535883645e-16,8.492298510444578e-17,-0.019433037605926365,0.225,-4.0888402100226884e-17,0.5456271094149214,0.225,0.0,0.5399999999999999,0.0,129.62710658209753,2.1606577088788948e-16,True,True,False
2.97,0.005604378619169181,0.0,0.004594741744490569,3.692857795366517e-17,1.7151480535883645e-16,8.492298510444578e-17,-0.019433037605926365,0.225,-4.1353295053485183e-17,0.5456043786191691,0.225,0.0,0.5399999999999999,0.0,129.62710658209753,2.1659214394441765e-16,True,True,False
2.975,0.00558116199747738,0.0,0.004691906932520214,3.704109631699556e-17,1.7151480535883645e-16,8.492298510444578e-17,-0.019433037605926365,0.225,-4.1820037851804884e-17,0.5455811619974773,0.225,0.0,0.5399999999999999,0.0,129.62710658209753,2.1712465039888813e-16,True,True,False
2.98,0.0055574595498443236,0.0,0.0047890721205498575,3.715364084141472e-17,1.7151480535883645e-16,8.492298510444578e-17,-0.019433037605926365,0.225,-4.228873112769315e-17,0.5455574595498442,0.225,0.0,0.5399999999999999,0.0,129.62710658209753,2.1766425909266214e-16,True,True,False
2.985,0.0055332712762717895,0.0,0.004886237308579503,3.7266211289901994e-17,1.7151480535883645e-16,8.492298510444578e-17,-0.019433037605926365,0.225,-4.275937372443106e-17,0.5455332712762717,0.225,0.0,0.5399999999999999,0.0,129.62710658209753,2.182109743452112e-16,True,True,False
2.99,0.005508597176758889,0.0,0.0049834024966091475,3.7254677429464184e-17,1.7151480535883645e-16,8.492298510444578e-17,-0.019433037605926365,0.225,-4.3232071349461696e-17,0.5455085971767588,0.225,0.0,0.5399999999999999,0.0,129.62710658209753,2.1876318499160543e-16,True,True,False
2.995,0.005483437251305623,0.0,0.005080567684638791,3.708108290114169e-17,1.7151480535883645e-16,8.492298510444578e-17,-0.019433037605926365,0.225,-4.3707677677922627e-17,0.5454834372513055,0.225,0.0,0.5399999999999999,0.0,129.62710658209753,2.1931752596136147e-16,True,True,False
3.0,0.00545779149991199,0.0,0.005177732872668436,3.690784957362823e-17,2.070751981029119e-16,9.009594495134913e-17,-0.014624683945132416,0.225,-4.4186375034929044e-17,0.5454577914999119,0.225,0.0,0.5399999999999999,0.0,129.69076918456642,2.4148356107662813e-16,True,True,False
3.005,0.0054317200269998756,0.0,0.005250856292394117,3.6816380136842806e-17,2.070751981029119e-16,9.009594495134913e-17,-0.014624683945132416,0.225,-4.466696933461361e-17,0.5454317200269998,0.225,0.0,0.5399999999999999,0.0,129.69076918456642,2.397330223057994e-16,True,True,False
3.0100000000000002,0.005405282936988498,0.0,0.0053239797121197975,3.672515187155827e-17,2.070751981029119e-16,9.009594495134913e-17,-0.014624683945132416,0.225,-4.514825945966901e-17,0.5454052829369884,0.225,0.0,0.5399999999999999,0.0,129.69076918456642,2.379824835349707e-16,True,True,False
3.015,0.005378480229878746,0.0,0.005397103131845478,3.663416657950731e-17,2.070751981029119e-16,9.009594495134913e-17,-0.014624683945132416,0.225,-4.5630234470512705e-17,0.5453784802298787,0.225,0.0,0.5399999999999999,0.0,129.69076918456642,2.3623194476414197e-16,True,True,False
3.02,0.005351311905669731,0.0,0.005470226551571159,3.654342607554365e-17,2.070751981029119e-16,9.009594495134913e-17,-0.014624683945132416,0.225,-4.611288387803298e-17,0.5453513119056697,0.225,0.0,0.5399999999999999,0.0,129.69076918456642,2.3448140599331325e-16,True,True,False
3.025,0.005323777964362342,0.0,0.005543349971296841,3.6452932187684435e-17,2.070751981029119e-16,9.009594495134913e-17,-0.014624683945132416,0.225,-4.659619762051608e-17,0.5453237779643623,0.225,0.0,0.5399999999999999,0.0,129.69076918456642,2.3273086722248453e-16,True,True,False
3.0300000000000002,0.005295878405956578,0.0,0.005616473391022522,3.636268675715093e-17,2.070751981029119e-16,9.009594495134913e-17,-0.014624683945132416,0.225,-4.708016604193985e-17,0.5452958784059565,0.225,0.0,0.5399999999999999,0.0,129.69076918456642,2.309803284516558e-16,True,True,False
3.035,0.005267613230452439,0.0,0.005689596810748203,3.6272691638407596e-17,2.070751981029119e-16,9.009594495134913e-17,-0.014624683945132416,0.225,-4.756477987154635e-17,0.5452676132304524,0.225,0.0,0.5399999999999999,0.0,129.69076918456642,2.2951867515885003e-16,True,True,False
3.04,0.005238982437849038,0.0,0.005762720230473884,3.618294869919934e-17,2.070751981029119e-16,9.009594495134913e-17,-0.014624683945132416,0.225,-4.805003020461015e-17,0.545238982437849,0.225,0.0,0.5399999999999999,0.0,129.69076918456642,2.301605802647852e-16,True,True,False
3.045,0.005209986028147262,0.0,0.005835843650199565,3.609345982058719e-17,2.070751981029119e-16,9.009594495134913e-17,-0.014624683945132416,0.225,-4.8535908484325544e-17,0.5452099860281472,0.225,0.0,0.5399999999999999,0.0,129.69076918456642,2.308149610729428e-16,True,True,False
3.0500000000000003,0.005180624001347112,0.0,0.0059089670699252455,3.600422689698191e-17,2.3501558209087102e-16,9.544437008885505e-17,-0.010402359263344312,0.225,-4.9022406484740604e-17,0.545180624001347,0.225,0.0,0.5399999999999999,0.0,129.74667276335333,2.6792939957559437e-16,True,True,False
3.055,0.005150949136507044,0.0,0.005960978866241973,3.5772645859134235e-17,2.3501558209087102e-16,9.544437008885505e-17,-0.010402359263344312,0.225,-4.951039467636531e-17,0.545150949136507,0.225,0.0,0.5399999999999999,0.0,129.74667276335333,2.671603738559785e-16,True,True,False
3.06,0.005121014212684627,0.0,0.006012990662558699,3.5541674394607934e-17,2.3501558209087102e-16,9.544437008885505e-17,-0.010402359263344312,0.225,-5.000074879176149e-17,0.5451210142126846,0.225,0.0,0.5399999999999999,0.0,129.74667276335333,2.663913481363627e-16,True,True,False
3.065,0.00509081922988075,0.0,0.0060650024588754245,3.531132446506704e-17,2.3501558209087102e-16,9.544437008885505e-17,-0.010402359263344312,0.225,-5.0493468700365426e-17,0.5450908192298807,0.225,0.0,0.5399999999999999,0.0,129.74667276335333,2.656223224167468e-16,True,True,False
3.0700000000000003,0.005060364188095412,0.0,0.006117014255192151,3.517755069148532e-17,2.3501558209087102e-16,9.544437008885505e-17,-0.010402359263344312,0.225,-5.098862584427694e-17,0.5450603641880953,0.225,0.0,0.5399999999999999,0.0,129.74667276335333,2.649657943522455e-16,True,True,False
3.075,0.005029649087329502,0.0,0.006169026051508877,3.5099665525587926e-17,2.3501558209087102e-16,9.544437008885505e-17,-0.010402359263344312,0.225,-5.1486482574643977e-17,0.5450296490873294,0.225,0.0,0.5399999999999999,0.0,129.74667276335333,2.6437439650912635e-16,True,True,False
3.08,0.004998673927581243,0.0,0.0062210378478256044,3.502205845732177e-17,2.3501558209087102e-16,9.544437008885505e-17,-0.010402359263344312,0.225,-5.19870627399127e-17,0.5449986739275812,0.225,0.0,0.5399999999999999,0.0,129.74667276335333,2.637829986660072e-16,True,True,False
3.085,0.0049674387088506355,0.0,0.006273049644142331,3.4944731339527725e-17,2.3501558209087102e-16,9.544437008885505e-17,-0.010402359263344312,0.225,-5.2490366334507124e-17,0.5449674387088506,0.225,0.0,0.5399999999999999,0.0,129.74667276335333,2.63191600822888e-16,True,True,False
3.09,0.004935943431139456,0.0,0.006325061440459056,3.480429103596521e-17,2.3501558209087102e-16,9.544437008885505e-17,-0.010402359263344312,0.225,-5.299642305114935e-17,0.5449359434311394,0.225,0.0,0.5399999999999999,0.0,129.74667276335333,2.627478739758122e-16,True,True,False
3.095,0.004904188094446815,0.0,0.0063770732367757835,3.4456360662780064e-17,2.3501558209087102e-16,9.544437008885505e-17,-0.010402359263344312,0.225,-5.350598955621962e-17,0.5449041880944467,0.225,0.0,0.5399999999999999,0.0,129.74667276335333,2.6278935183002156e-16,True,True,False
3.1,0.004872172698771826,0.0,0.00642908503309251,3.4109590162133726e-17,2.6134703326189787e-16,1.0114083461453039e-16,-0.006731238576807172,0.225,-5.401939032496861e-17,0.5448721726987718,0.225,0.0,0.5399999999999999,0.0,129.79527840124308,3.0422945035928425e-16,True,True,False
3.105,0.004839943133124414,0.0,0.006462741225976554,3.384592784500038e-17,2.6134703326189787e-16,1.0114083461453039e-16,-0.006731238576807172,0.225,-5.453568431237377e-17,0.5448399431331243,0.225,0.0,0.5399999999999999,0.0,129.79527840124308,3.030821692402722e-16,True,True,False
3.11,0.0048075452865118384,0.0,0.006496397418860597,3.358317245126098e-17,2.6134703326189787e-16,1.0114083461453039e-16,-0.006731238576807172,0.225,-5.5053931177102143e-17,0.5448075452865118,0.225,0.0,0.5399999999999999,0.0,129.79527840124308,3.0193488812126017e-16,True,True,False
3.115,0.004774979158935877,0.0,0.006530053611744641,3.332134543554951e-17,2.6134703326189787e-16,1.0114083461453039e-16,-0.006731238576807172,0.225,-5.557412957408544e-17,0.5447749791589358,0.225,0.0,0.5399999999999999,0.0,129.79527840124308,3.0078760700224813e-16,True,True,False
3.12,0.004742244750394753,0.0,0.006563709804628685,3.3060468855132975e-17,2.6134703326189787e-16,1.0114083461453039e-16,-0.006731238576807172,0.225,-5.609627819308069e-17,0.5447422447503947,0.225,0.0,0.5399999999999999,0.0,129.79527840124308,2.996403258832361e-16,True,True,False
3.125,0.004709342060889354,0.0,0.006597365997512729,3.2800565387644444e-17,2.6134703326189787e-16,1.0114083461453039e-16,-0.006731238576807172,0.225,-5.662037575749622e-17,0.5447093420608893,0.225,0.0,0.5399999999999999,0.0,129.79527840124308,2.9849304476422406e-16,True,True,False
3.13,0.004676271090419681,0.0,0.0066310221903967724,3.2541658349244896e-17,2.6134703326189787e-16,1.0114083461453039e-16,-0.006731238576807172,0.225,-5.71464210232654e-17,0.5446762710904196,0.225,0.0,0.5399999999999999,0.0,129.79527840124308,2.9734576364521207e-16,True,True,False
3.1350000000000002,0.004643031838985734,0.0,0.006664678383280816,3.228377171321129e-17,2.6134703326189787e-16,1.0114083461453039e-16,-0.006731238576807172,0.225,-5.767441277776713e-17,0.5446430318389857,0.225,0.0,0.5399999999999999,0.0,129.79527840124308,2.9619848252620003e-16,True,True,False
3.14,0.004609624306586624,0.0,0.00669833457616486,3.2026930128946505e-17,2.6134703326189787e-16,1.0114083461453039e-16,-0.006731238576807172,0.225,-5.820434983878938e-17,0.5446096243065865,0.225,0.0,0.5399999999999999,0.0,129.79527840124308,2.95051201407188e-16,True,True,False
3.145,0.004576048493224127,0.0,0.006731990769048903,3.1771158941405054e-17,2.6134703326189787e-16,1.0114083461453039e-16,-0.006731238576807172,0.225,-5.873623105353501e-17,0.544576048493224,0.225,0.0,0.5399999999999999,0.0,129.79527840124308,2.9390392028817595e-16,True,True,False
3.15,0.004542304398896468,0.0,0.0067656469619329475,3.151648421092592e-17,2.792434862201477e-16,1.0705754456466143e-16,-0.0035740620266134955,0.225,-5.927005529766701e-17,0.5445423043988964,0.225,0.0,0.5399999999999999,0.0,129.83707941876762,3.208462296725451e-16,True,True,False
3.1550000000000002,0.004508431488311593,0.0,0.006783517272066036,3.1157855843970514e-17,2.792434862201477e-16,1.0705754456466143e-16,-0.0035740620266134955,0.22500000000000003,-5.980663375574368e-17,0.5445084314883115,0.225,0.0,0.5399999999999999,0.0,129.83707941876762,3.2056974860645004e-16,True,True,False
3.16,0.004474469226176558,0.0,0.006801387582199123,3.080109386682118e-17,2.792434862201477e-16,1.0705754456466143e-16,-0.0035740620266134955,0.22500000000000003,-6.034677776303086e-17,0.5444744692261765,0.225,0.0,0.5399999999999999,0.0,129.83707941876762,3.2029326754035504e-16,True,True,False
3.165,0.004440417612490477,0.0,0.0068192578923322094,3.044626388926543e-17,2.792434862201477e-16,1.0705754456466143e-16,-0.0035740620266134955,0.22500000000000003,-6.089048644806813e-17,0.5444404176124904,0.225,0.0,0.5399999999999999,0.0,129.83707941876762,3.2001678647426005e-16,True,True,False
3.17,0.004406276647253349,0.0,0.006837128202465297,3.0093434251673976e-17,2.792434862201477e-16,1.0705754456466143e-16,-0.0035740620266134955,0.22500000000000003,-6.143775894864356e-17,0.5444062766472533,0.225,0.0,0.5399999999999999,0.0,129.83707941876762,3.19740305408165e-16,True,True,False
3.1750000000000003,0.0043720463304651735,0.0,0.006854998512598386,2.9742676142671464e-17,2.792434862201477e-16,1.0705754456466143e-16,-0.0035740620266134955,0.22500000000000003,-6.198859441167118e-17,0.5443720463304651,0.225,0.0,0.5399999999999999,0.0,129.83707941876762,3.1946382434207e-16,True,True,False
3.18,0.0043377266621268395,0.0,0.006872868822731473,2.94964013867997e-17,2.792434862201477e-16,1.0705754456466143e-16,-0.0035740620266134955,0.22500000000000003,-6.25431077742537e-17,0.5443377266621268,0.225,0.0,0.5399999999999999,0.0,129.83707941876762,3.1931440213787365e-16,True,True,False
3.185,0.004303317642238347,0.0,0.00689073913286456,2.9282613357125954e-17,2.792434862201477e-16,1.0705754456466143e-16,-0.0035740620266134955,0.22500000000000003,-6.310156615764574e-17,0.5443033176422383,0.225,0.0,0.5399999999999999,0.0,129.83707941876762,3.192036500220813e-16,True,True,False
3.19,0.004268819270798807,0.0,0.006908609442997647,2.9070080358561417e-17,2.792434862201477e-16,1.0705754456466143e-16,-0.0035740620266134955,0.22500000000000003,-6.366397842066717e-17,0.5442688192707987,0.225,0.0,0.5399999999999999,0.0,129.83707941876762,3.1909289790628885e-16,True,True,False
3.1950000000000003,0.00423423154780822,0.0,0.006926479753130734,2.8675836902917075e-17,2.792434862201477e-16,1.0705754456466143e-16,-0.0035740620266134955,0.22500000000000003,-6.423054481880151e-17,0.5442342315478081,0.225,0.0,0.5399999999999999,0.0,129.83707941876762,3.1927614580552445e-16,True,True,False
3.2,0.004199554473267475,0.0,0.006944350063263822,2.822923004639981e-17,2.9268280006534445e-16,1.1338395294729482e-16,-0.0008921016181814706,0.22500000000000003,-6.480173024259337e-17,0.5441995544732674,0.225,0.0,0.5399999999999999,0.0,129.87258857457527,3.4061618461900197e-16,True,True,False
3.205,0.0041648215716806325,0.0,0.006948810571354744,2.783175322113441e-17,2.9268280006534445e-16,1.1338395294729482e-16,-0.0008921016181814706,0.22500000000000003,-6.537705531014457e-17,0.5441648215716806,0.225,0.0,0.5399999999999999,0.0,129.87258857457527,3.4025951572985344e-16,True,True,False
3.21,0.004130066367553531,0.0,0.006953271079445664,2.7437690184836238e-17,2.9268280006534445e-16,1.1338395294729482e-16,-0.0008921016181814706,0.22500000000000003,-6.595602491445674e-17,0.5441300663675535,0.225,0.0,0.5399999999999999,0.0,129.87258857457527,3.399028468407049e-16,True,True,False
3.215,0.00409528886088617,0.0,0.0069577315875365845,2.7047190149133092e-17,2.9268280006534445e-16,1.1338395294729482e-16,-0.0008921016181814706,0.22500000000000003,-6.653863844468476e-17,0.5440952888608861,0.225,0.0,0.5399999999999999,0.0,129.87258857457527,3.3954617795155637e-16,True,True,False
3.22,0.004060489051677663,0.0,0.006962192095627505,2.6660409678304555e-17,2.9268280006534445e-16,1.1338395294729482e-16,-0.0008921016181814706,0.22500000000000003,-6.712489529730245e-17,0.5440604890516776,0.225,0.0,0.5399999999999999,0.0,129.87258857457527,3.3918950906240784e-16,True,True,False
3.225,0.004025666939929784,0.0,0.0069666526037184245,2.6277513018436077e-17,2.9268280006534445e-16,1.1338395294729482e-16,-0.0008921016181814706,0.22500000000000003,-6.771479487598931e-17,0.5440256669399297,0.225,0.0,0.5399999999999999,0.0,129.87258857457527,3.388328401732593e-16,True,True,False
3.23,0.003990822525640758,0.0,0.006971113111809345,2.5898672429692024e-17,2.9268280006534445e-16,1.1338395294729482e-16,-0.0008921016181814706,0.22500000000000003,-6.830833659152001e-17,0.5439908225256407,0.225,0.0,0.5399999999999999,0.0,129.87258857457527,3.384761712841108e-16,True,True,False
3.235,0.003955955808811473,0.0,0.006975573619900265,2.5524068519228508e-17,2.9268280006534445e-16,1.1338395294729482e-16,-0.0008921016181814706,0.22500000000000003,-6.890551986165517e-17,0.5439559558088114,0.225,0.0,0.5399999999999999,0.0,129.87258857457527,3.381195023949623e-16,True,True,False
3.24,0.003921066789441929,0.0,0.006980034127991186,2.515389057174702e-17,2.9268280006534445e-16,1.1338395294729482e-16,-0.0008921016181814706,0.22500000000000003,-6.950634411103458e-17,0.5439210667894419,0.225,0.0,0.5399999999999999,0.0,129.87258857457527,3.377628335058138e-16,True,True,False
3.245,0.003886155467531238,0.0,0.006984494636082106,2.478833687410159e-17,2.9268280006534445e-16,1.1338395294729482e-16,-0.0008921016181814706,0.22500000000000003,-7.011080877107269e-17,0.5438861554675312,0.225,0.0,0.5399999999999999,0.0,129.87258857457527,3.3740616461666526e-16,True,True,False
3.25,0.003851221843081176,0.0,0.006988955144173027,2.4427615029712487e-17,2.975406652539591e-16,1.199727176712382e-16,0.0013540119461185364,0.22500000000000003,-7.071891327985536e-17,0.5438512218430811,0.225,0.0,0.5399999999999999,0.0,129.9023271181666,3.4460076193499857e-16,True,True,False
3.255,0.0038162939925093786,0.0,0.0069821850844424506,2.404639454826917e-17,2.975406652539591e-16,1.199727176712382e-16,0.0013540119461185364,0.22500000000000003,-7.133127251008049e-17,0.5438162939925093,0.225,0.0,0.5399999999999999,0.0,129.9023271181666,3.448807394987056e-16,True,True,False
3.2600000000000002,0.003781399992236145,0.0,0.006975415024711874,2.367120340494198e-17,2.975406652539591e-16,1.199727176712382e-16,0.0013540119461185364,0.22500000000000003,-7.194849836576868e-17,0.5437813999922361,0.225,0.0,0.5399999999999999,0.0,129.9023271181666,3.451607170624126e-16,True,True,False
3.265,0.003746539842262364,0.0,0.0069686449649812975,2.3302332836889052e-17,2.975406652539591e-16,1.199727176712382e-16,0.0013540119461185364,0.22500000000000003,-7.257058586918094e-17,0.5437465398422623,0.225,0.0,0.5399999999999999,0.0,129.9023271181666,3.454406946261196e-16,True,True,False
3.27,0.0037117135425871473,0.0,0.006961874905250721,2.2940087745692962e-17,2.975406652539591e-16,1.199727176712382e-16,0.0013540119461185364,0.22500000000000003,-7.319753005608534e-17,0.5437117135425871,0.225,0.0,0.5399999999999999,0.0,129.9023271181666,3.4572067218982665e-16,True,True,False
3.275,0.0036769210932096064,0.0,0.006955104845520144,2.2584786938444665e-17,2.975406652539591e-16,1.199727176712382e-16,0.0013540119461185364,0.22500000000000003,-7.382932597593783e-17,0.5436769210932095,0.225,0.0,0.5399999999999999,0.0,129.9023271181666,3.4600064975353366e-16,True,True,False
3.2800000000000002,0.003642162494131518,0.0,0.006948334785789567,2.2236763286631953e-17,2.975406652539591e-16,1.199727176712382e-16,0.0013540119461185364,0.22500000000000003,-7.446596869205978e-17,0.5436421624941314,0.225,0.0,0.5399999999999999,0.0,129.9023271181666,3.462806273172407e-16,True,True,False
3.285,0.0036074377453519935,0.0,0.00694156472605899,2.189636378516712e-17,2.975406652539591e-16,1.199727176712382e-16,0.0013540119461185364,0.22500000000000003,-7.510745328181288e-17,0.5436074377453519,0.225,0.0,0.5399999999999999,0.0,129.9023271181666,3.465606048809477e-16,True,True,False
3.29,0.0035727468468710333,0.0,0.006934794666328413,2.1563949492033392e-17,2.975406652539591e-16,1.199727176712382e-16,0.0013540119461185364,0.22500000000000003,-7.57537748367707e-17,0.543572746846871,0.225,0.0,0.5399999999999999,0.0,129.9023271181666,3.4684058244465473e-16,True,True,False
3.295,0.0035380897986886373,0.0,0.006928024606597836,2.123989532727198e-17,2.975406652539591e-16,1.199727176712382e-16,0.0013540119461185364,0.22500000000000003,-7.640492846288787e-17,0.5435380897986886,0.225,0.0,0.5399999999999999,0.0,129.9023271181666,3.4712056000836173e-16,True,True,False
3.3000000000000003,0.0035034666008048054,0.0,0.006921254546867259,2.0924589708471857e-17,2.9585217714041538e-16,1.269253309765653e-16,0.0032035913092065722,0.22500000000000003,-7.706090928066537e-17,0.5435034666008047,0.225,0.0,0.5399999999999999,0.0,129.9268155489339,3.4465127456682204e-16,True,True,False
3.305,0.0034689003729612145,0.0,0.006905236590321238,2.0565271172124707e-17,2.9585217714041538e-16,1.269253309765653e-16,0.0032035913092065722,0.22500000000000003,-7.772195111959887e-17,0.5434689003729611,0.225,0.0,0.5399999999999999,0.0,129.9268155489339,3.4509463620737016e-16,True,True,False
3.31,0.0034344142349013174,0.0,0.006889218633775217,2.0218528987337966e-17,2.9585217714041538e-16,1.269253309765653e-16,0.0032035913092065722,0.22500000000000003,-7.838828632068807e-17,0.5434344142349012,0.225,0.0,0.5399999999999999,0.0,129.9268155489339,3.455379978479183e-16,True,True,False
3.315,0.003400008186623338,0.0,0.006873200677229198,1.988502105994088e-17,2.9585217714041538e-16,1.269253309765653e-16,0.0032035913092065722,0.22500000000000003,-7.905990780020843e-17,0.5434000081866233,0.225,0.0,0.5399999999999999,0.0,129.9268155489339,3.459813594884663e-16,True,True,False
3.3200000000000003,0.003365682228129052,0.0,0.006857182720683178,1.9565424166381467e-17,2.9585217714041538e-16,1.269253309765653e-16,0.0032035913092065722,0.22500000000000003,-7.973680848321791e-17,0.543365682228129,0.225,0.0,0.5399999999999999,0.0,129.9268155489339,3.4642472112901443e-16,True,True,False
3.325,0.003331436359416684,0.0,0.0068411647641371575,1.9260430815021256e-17,2.9585217714041538e-16,1.269253309765653e-16,0.0032035913092065722,0.22500000000000003,-8.041898130400576e-17,0.5433314363594166,0.225,0.0,0.5399999999999999,0.0,129.9268155489339,3.4686808276956255e-16,True,True,False
3.33,0.00329727058048801,0.0,0.006825146807591137,1.8970745363946074e-17,2.9585217714041538e-16,1.269253309765653e-16,0.0032035913092065722,0.22500000000000003,-8.110641920653798e-17,0.5432972705804879,0.225,0.0,0.5399999999999999,0.0,129.9268155489339,3.473114444101106e-16,True,True,False
3.335,0.003263184891341253,0.0,0.006809128851045117,1.8689236912823422e-17,2.9585217714041538e-16,1.269253309765653e-16,0.0032035913092065722,0.22500000000000003,-8.179912310395329e-17,0.5432631848913412,0.225,0.0,0.5399999999999999,0.0,129.9268155489339,3.4777942903845656e-16,True,True,False
3.34,0.003229179291977302,0.0,0.006793110894499096,1.8388057885350343e-17,2.9585217714041538e-16,1.269253309765653e-16,0.0032035913092065722,0.22500000000000003,-8.249733217658676e-17,0.5432291792919772,0.225,0.0,0.5399999999999999,0.0,129.9268155489339,3.4837052860579207e-16,True,True,False
3.345,0.003195253782396157,0.0,0.006777092937953076,1.8109396585367307e-17,2.9585217714041538e-16,1.269253309765653e-16,0.0032035913092065722,0.22500000000000003,-8.320118338830563e-17,0.5431952537823961,0.225,0.0,0.5399999999999999,0.0,129.9268155489339,3.4896162817312747e-16,True,True,False
3.35,0.0031614083625978173,0.0,0.006761074981407055,1.7854280677470232e-17,2.848846812613916e-16,1.3432824033701967e-16,0.0046953122593377875,0.22500000000000003,-8.391065653734951e-17,0.5431614083625977,0.225,0.0,0.5399999999999999,0.0,129.94656593431364,3.3215447372058305e-16,True,True,False
3.355,0.0031276616790932854,0.0,0.006737598420110374,1.762724023473933e-17,2.848846812613916e-16,1.3432824033701967e-16,0.0046953122593377875,0.22500000000000003,-8.462604258556707e-17,0.5431276616790932,0.225,0.0,0.5399999999999999,0.0,129.94656593431364,3.331533018010094e-16,True,True,False
3.36,0.0030940323783962276,0.0,0.006714121858813694,1.7425772867392606e-17,2.848846812613916e-16,1.3432824033701967e-16,0.0046953122593377875,0.22500000000000003,-8.534767993251806e-17,0.5430940323783962,0.225,0.0,0.5399999999999999,0.0,129.94656593431364,3.341521298814356e-16,True,True,False
3.365,0.0030605204605057557,0.0,0.006690645297517012,1.7250774582844575e-17,2.848846812613916e-16,1.3432824033701967e-16,0.0046953122593377875,0.22500000000000003,-8.607555180248536e-17,0.5430605204605057,0.225,0.0,0.5399999999999999,0.0,129.94656593431364,3.351509579618619e-16,True,True,False
3.37,0.0030271259254209815,0.0,0.006667168736220331,1.7103057894414476e-17,2.848846812613916e-16,1.3432824033701967e-16,0.0046953122593377875,0.22500000000000003,-8.680964133465945e-17,0.5430271259254209,0.225,0.0,0.5399999999999999,0.0,129.94656593431364,3.361497860422882e-16,True,True,False
3.375,0.0029938487731436814,0.0,0.006643692174923649,1.698333468199597e-17,2.848846812613916e-16,1.3432824033701967e-16,0.0046953122593377875,0.22500000000000003,-8.754993158522018e-17,0.5429938487731436,0.225,0.0,0.5399999999999999,0.0,129.94656593431364,3.371486141227144e-16,True,True,False
3.38,0.002960689003672079,0.0,0.006620215613626967,1.6892200166085472e-17,2.848846812613916e-16,1.3432824033701967e-16,0.0046953122593377875,0.22500000000000003,-8.829640552948022e-17,0.542960689003672,0.225,0.0,0.5399999999999999,0.0,129.94656593431364,3.3814744220314074e-16,True,True,False
3.3850000000000002,0.0029276466170070625,0.0,0.006596739052330287,1.6830118773524024e-17,2.848846812613916e-16,1.3432824033701967e-16,0.0046953122593377875,0.22500000000000003,-8.904904606408705e-17,0.542927646617007,0.225,0.0,0.5399999999999999,0.0,129.94656593431364,3.39146270283567e-16,True,True,False
3.39,0.002894721613148632,0.0,0.006573262491033605,1.6797412638861093e-17,2.848846812613916e-16,1.3432824033701967e-16,0.0046953122593377875,0.22500000000000003,-8.980783600928541e-17,0.5428947216131486,0.225,0.0,0.5399999999999999,0.0,129.94656593431364,3.4014509836399326e-16,True,True,False
3.395,0.0028619139920967873,0.0,0.0065497859297369235,1.6794253384382167e-17,2.848846812613916e-16,1.3432824033701967e-16,0.0046953122593377875,0.22500000000000003,-9.057275811123613e-17,0.5428619139920967,0.225,0.0,0.5399999999999999,0.0,129.94656593431364,3.4114392644441954e-16,True,True,False
3.4,0.0028292237538515286,0.0,0.006526309368440242,1.682718114641366e-17,2.664885220191739e-16,1.4207505988155388e-16,0.005866740266431674,0.22500000000000003,-9.134360241790253e-17,0.5428292237538515,0.225,0.0,0.5399999999999999,0.0,129.96207564112754,3.4061077909964237e-16,True,True,False
3.4050000000000002,0.0027966655412624553,0.0,0.006496975667108102,1.6885698930640975e-17,2.664885220191739e-16,1.4207505988155388e-16,0.005866740266431674,0.22500000000000003,-9.212060081353595e-17,0.5427966655412624,0.225,0.0,0.5399999999999999,0.0,129.96207564112754,3.4134933646215505e-16,True,True,False
3.41,0.002764253997180055,0.0,0.006467641965775961,1.6971233331702084e-17,2.664885220191739e-16,1.4207505988155388e-16,0.005866740266431674,0.22500000000000003,-9.290432530550163e-17,0.54276425399718,0.225,0.0,0.5399999999999999,0.0,129.96207564112754,3.4208502034765654e-16,True,True,False
3.415,0.002731989121604328,0.0,0.006438308264443819,1.70833785476614e-17,2.664885220191739e-16,1.4207505988155388e-16,0.005866740266431674,0.22500000000000003,-9.369474990748726e-17,0.5427319891216043,0.225,0.0,0.5399999999999999,0.0,129.96207564112754,3.428179277953868e-16,True,True,False
3.42,0.002699870914536162,0.0,0.006408974563111678,1.7221614726474263e-17,2.664885220191739e-16,1.4207505988155388e-16,0.005866740266431674,0.22500000000000003,-9.44918484505784e-17,0.5426998709145361,0.225,0.0,0.5399999999999999,0.0,129.96207564112754,3.4354815652646663e-16,True,True,False
3.4250000000000003,0.0026678993759737812,0.0,0.006379640861779538,1.7399500053669912e-17,2.664885220191739e-16,1.4207505988155388e-16,0.005866740266431674,0.22500000000000003,-9.529549455703896e-17,0.5426678993759737,0.225,0.0,0.5399999999999999,0.0,129.96207564112754,3.442732975803095e-16,True,True,False
3.43,0.0026360745059180735,0.0,0.006350307160447396,1.7616840699217435e-17,2.664885220191739e-16,1.4207505988155388e-16,0.005866740266431674,0.22500000000000003,-9.610543441748152e-17,0.542636074505918,0.225,0.0,0.5399999999999999,0.0,129.96207564112754,3.4499668875147817e-16,True,True,False
3.435,0.002604396304369039,0.0,0.006320973459115255,1.786939615796685e-17,2.664885220191739e-16,1.4207505988155388e-16,0.005866740266431674,0.22500000000000003,-9.692164104596716e-17,0.542604396304369,0.225,0.0,0.5399999999999999,0.0,129.96207564112754,3.45719358215072e-16,True,True,False
3.44,0.0025728647713266772,0.0,0.006291639757783115,1.8146017330659715e-17,2.664885220191739e-16,1.4207505988155388e-16,0.005866740266431674,0.22500000000000003,-9.77440893274157e-17,0.5425728647713266,0.225,0.0,0.5399999999999999,0.0,129.96207564112754,3.464407322967931e-16,True,True,False
3.4450000000000003,0.002541479906790989,0.0,0.006262306056450974,1.8415722815129266e-17,2.664885220191739e-16,1.4207505988155388e-16,0.005866740266431674,0.22500000000000003,-9.857257771916843e-17,0.5425414799067909,0.225,0.0,0.5399999999999999,0.0,129.96207564112754,3.471602570746373e-16,True,True,False
3.45,0.0025102417107619734,0.0,0.006232972355118833,1.8704725334102664e-17,2.380328846158992e-16,1.5028937050753857e-16,0.006753952978344073,0.22500000000000003,-9.94070139205917e-17,0.5425102417107619,0.225,0.0,0.5399999999999999,0.0,129.9738223374333,3.566472376224948e-16,True,True,False
3.455,0.0024791612733986446,0.0,0.006199202590227119,1.9045931274592315e-17,2.380328846158992e-16,1.5028937050753857e-16,0.006753952978344073,0.22500000000000003,-1.0024817029425313e-16,0.5424791612733986,0.225,0.0,0.5399999999999999,0.0,129.9738223374333,3.573510198460324e-16,True,True,False
3.46,0.0024482496848591273,0.0,0.0061654328253354035,1.940990086275383e-17,2.380328846158992e-16,1.5028937050753857e-16,0.006753952978344073,0.22500000000000003,-1.0109679370555138e-16,0.542448249684859,0.225,0.0,0.5399999999999999,0.0,129.9738223374333,3.580501443074209e-16,True,True,False
3.465,0.002417506945145198,0.0,0.006131663060443689,1.9795378500562613e-17,2.380328846158992e-16,1.5028937050753857e-16,0.006753952978344073,0.22500000000000003,-1.0195283384097358e-16,0.5424175069451451,0.225,0.0,0.5399999999999999,0.0,129.9738223374333,3.5874479888961227e-16,True,True,False
3.47,0.0023869330542550804,0.0,0.0060978932955519745,2.0201132976947297e-17,2.380328846158992e-16,1.5028937050753857e-16,0.006753952978344073,0.22500000000000003,-1.0281623980884653e-16,0.542386933054255,0.225,0.0,0.5399999999999999,0.0,129.9738223374333,3.5943517363455036e-16,True,True,False
3.475,0.0023565280121887744,0.0,0.00606412353066026,2.0625967667414906e-17,2.380328846158992e-16,1.5028937050753857e-16,0.006753952978344073,0.22500000000000003,-1.0368696015558871e-16,0.5423565280121887,0.225,0.0,0.5399999999999999,0.0,129.9738223374333,3.6012146068248174e-16,True,True,False
3.48,0.0023262918189489445,0.0,0.006030353765768545,2.1068728390089164e-17,2.380328846158992e-16,1.5028937050753857e-16,0.006753952978344073,0.22500000000000003,-1.0456494288318922e-16,0.5423262918189489,0.225,0.0,0.5399999999999999,0.0,129.9738223374333,3.608038542066865e-16,True,True,False
3.485,0.002296224474532038,0.0,0.005996584000876831,2.1528309149271792e-17,2.380328846158992e-16,1.5028937050753857e-16,0.006753952978344073,0.22500000000000003,-1.0545013546790462e-16,0.542296224474532,0.225,0.0,0.5399999999999999,0.0,129.9738223374333,3.6148255034365674e-16,True,True,False
3.49,0.0022663259789398316,0.0,0.005962814235985116,2.200365603192016e-17,2.380328846158992e-16,1.5028937050753857e-16,0.006753952978344073,0.22500000000000003,-1.0634248488016431e-16,0.5422663259789398,0.225,0.0,0.5399999999999999,0.0,129.9738223374333,3.6215774711876804e-16,True,True,False
3.495,0.002236596332172325,0.0,0.005929044471093403,2.2493769533109825e-17,2.380328846158992e-16,1.5028937050753857e-16,0.006753952978344073,0.22500000000000003,-1.0724193760566247e-16,0.5422365963321722,0.225,0.0,0.5399999999999999,0.0,129.9738223374333,3.6282964436751527e-16,True,True,False
3.5,0.002207035534229518,0.0,0.005895274706201689,2.2997705579892737e-17,2.0462838420053067e-16,1.5880112147960335e-16,0.007391248266328806,0.22500000000000003,-1.0814843966761467e-16,0.5422070355342294,0.225,0.0,0.5399999999999999,0.0,129.98226012704617,3.725857206289156e-16,True,True,False
3.505,0.0021776515513017847,0.0,0.005858318464870065,2.3498142085179895e-17,2.0462838420053067e-16,1.5880112147960335e-16,0.007391248266328806,0.22500000000000003,-1.0906197240748917e-16,0.5421776515513017,0.225,0.0,0.5399999999999999,0.0,129.98226012704617,3.732306768870009e-16,True,True,False
3.5100000000000002,0.0021484523495812757,0.0,0.00582136222353844,2.4009405594648657e-17,2.0462838420053067e-16,1.5880112147960335e-16,0.007391248266328806,0.22500000000000003,-1.0998252018283296e-16,0.5421484523495812,0.225,0.0,0.5399999999999999,0.0,129.98226012704617,3.738736253201404e-16,True,True,False
3.515,0.0021194379290662146,0.0,0.005784405982206817,2.4530819158734995e-17,2.0462838420053067e-16,1.5880112147960335e-16,0.007391248266328806,0.22500000000000003,-1.1091003298899754e-16,0.5421194379290661,0.225,0.0,0.5399999999999999,0.0,129.98226012704617,3.745147526579113e-16,True,True,False
3.52,0.002090608289759266,0.0,0.005747449740875193,2.5061749265084118e-17,2.0462838420053067e-16,1.5880112147960335e-16,0.007391248266328806,0.22500000000000003,-1.1184446058114059e-16,0.5420906082897592,0.225,0.0,0.5399999999999999,0.0,129.98226012704617,3.7515424652683285e-16,True,True,False
3.525,0.002061963431657765,0.0,0.0057104934995435685,2.560160385387015e-17,2.0462838420053067e-16,1.5880112147960335e-16,0.007391248266328806,0.22500000000000003,-1.1278575249766298e-16,0.5420619634316577,0.225,0.0,0.5399999999999999,0.0,129.98226012704617,3.7579229536284705e-16,True,True,False
3.5300000000000002,0.0020335033547634884,0.0,0.005673537258211944,2.6149830201976923e-17,2.0462838420053067e-16,1.5880112147960335e-16,0.007391248266328806,0.22500000000000003,-1.1373385808417354e-16,0.5420335033547634,0.225,0.0,0.5399999999999999,0.0,129.98226012704617,3.7642908832182913e-16,True,True,False
3.535,0.002005228059075548,0.0,0.005636581016880319,2.6809517445489797e-17,2.0462838420053067e-16,1.5880112147960335e-16,0.007391248266328806,0.22500000000000003,-1.1468862335228239e-16,0.5420052280590755,0.225,0.0,0.5399999999999999,0.0,129.98226012704617,3.7706207276159173e-16,True,True,False
3.54,0.0019771375445948314,0.0,0.005599624775548695,2.7541943615068767e-17,2.0462838420053067e-16,1.5880112147960335e-16,0.007391248266328806,0.22500000000000003,-1.1564963232683427e-16,0.5419771375445948,0.225,0.0,0.5399999999999999,0.0,129.98226012704617,3.7769462838965597e-16,True,True,False
3.545,0.001949231811320451,0.0,0.005562668534217071,2.82873279143104e-17,2.0462838420053067e-16,1.5880112147960335e-16,0.007391248266328806,0.22500000000000003,-1.1661682863079963e-16,0.5419492318113204,0.225,0.0,0.5399999999999999,0.0,129.98226012704617,3.7832889018411415e-16,True,True,False
3.5500000000000003,0.0019215108592524066,0.0,0.005525712292885447,2.885234872382402e-17,1.5995210649871976e-16,1.6777675370676394e-16,0.007810927869584625,0.22500000000000003,-1.1759007160504038e-16,0.5419215108592523,0.225,0.0,0.5399999999999999,0.0,129.9878166849933,3.885492169619748e-16,True,True,False
3.555,0.0018939799343863362,0.0,0.005486657653537533,2.9412410264704924e-17,1.5995210649871976e-16,1.6777675370676394e-16,0.007810927869584625,0.22500000000000003,-1.1856997307570014e-16,0.5418939799343863,0.225,0.0,0.5399999999999999,0.0,129.9878166849933,3.891698477770345e-16,True,True,False
3.56,0.0018666442827169893,0.0,0.005447603014189619,2.997709108041823e-17,1.5995210649871976e-16,1.6777675370676394e-16,0.007810927869584625,0.22500000000000003,-1.1955730489187508e-16,0.5418666442827169,0.225,0.0,0.5399999999999999,0.0,129.9878166849933,3.897878604598669e-16,True,True,False
3.565,0.0018395039042443662,0.0,0.005408548374841706,3.054613499404241e-17,1.5995210649871976e-16,1.6777675370676394e-16,0.007810927869584625,0.22500000000000003,-1.2055196643042023e-16,0.5418395039042443,0.225,0.0,0.5399999999999999,0.0,129.9878166849933,3.9040363076188594e-16,True,True,False
3.5700000000000003,0.0018125587989684666,0.0,0.005369493735493792,3.1119302657209967e-17,1.5995210649871976e-16,1.6777675370676394e-16,0.007810927869584625,0.22500000000000003,-1.2155385647083517e-16,0.5418125587989684,0.225,0.0,0.5399999999999999,0.0,129.9878166849933,3.9101753666517364e-16,True,True,False
3.575,0.0017858089668892907,0.0,0.005330439096145878,3.169637036056352e-17,1.5995210649871976e-16,1.6777675370676394e-16,0.007810927869584625,0.22500000000000003,-1.2256287329235402e-16,0.5417858089668892,0.225,0.0,0.5399999999999999,0.0,129.9878166849933,3.916299580199275e-16,True,True,False
3.58,0.0017592544080068384,0.0,0.005291384456797964,3.227712892379347e-17,1.5995210649871976e-16,1.6777675370676394e-16,0.007810927869584625,0.22500000000000003,-1.2357891477350896e-16,0.5417592544080068,0.225,0.0,0.5399999999999999,0.0,129.9878166849933,3.922412761726628e-16,True,True,False
3.585,0.0017328951223211098,0.0,0.00525232981745005,3.2861382662002543e-17,1.5995210649871976e-16,1.6777675370676394e-16,0.007810927869584625,0.22500000000000003,-1.246018784936986e-16,0.541732895122321,0.225,0.0,0.5399999999999999,0.0,129.9878166849933,3.928518735869336e-16,True,True,False
3.59,0.0017067311098321047,0.0,0.005213275178102136,3.3448948424728383e-17,1.5995210649871976e-16,1.6777675370676394e-16,0.007810927869584625,0.22500000000000003,-1.256316618362619e-16,0.541706731109832,0.225,0.0,0.5399999999999999,0.0,129.9878166849933,3.9346213345842833e-16,True,True,False
3.595,0.0016807623705398234,0.0,0.005174220538754221,3.4039654703711654e-17,1.5995210649871976e-16,1.6777675370676394e-16,0.007810927869584625,0.22500000000000003,-1.266681620925451e-16,0.5416807623705397,0.225,0.0,0.5399999999999999,0.0,129.9878166849933,3.9407243932635777e-16,True,True,False
3.6,0.0016549889044451538,0.0,0.005135165899406307,3.463334080538433e-17,1.1232750298006498e-16,1.7706281565185889e-16,0.00804314722125115,0.22500000000000003,-1.2771127656643706e-16,0.5416549889044451,0.225,0.0,0.5399999999999999,0.0,129.99089126920936,4.0460359467319066e-16,True,True,False
3.605,0.0016294136142883664,0.0,0.005094950163300065,3.540512869914823e-17,1.1232750298006498e-16,1.7706281565185889e-16,0.00804314722125115,0.22500000000000003,-1.287609386486076e-16,0.5416294136142883,0.225,0.0,0.5399999999999999,0.0,129.99089126920936,4.0519402531339097e-16,True,True,False
3.61,0.001604039402812396,0.0,0.0050547344271938245,3.6182129223919044e-17,1.1232750298006498e-16,1.7706281565185889e-16,0.00804314722125115,0.22500000000000003,-1.2981709333207598e-16,0.5416040394028123,0.225,0.0,0.5399999999999999,0.0,129.99089126920936,4.057862749322838e-16,True,True,False
3.615,0.0015788662700163547,0.0,0.005014518691087583,3.68989476968209e-17,1.1232750298006498e-16,1.7706281565185889e-16,0.00804314722125115,0.22500000000000003,-1.3087964078586541e-16,0.5415788662700163,0.225,0.0,0.5399999999999999,0.0,129.99089126920936,4.0638005519839595e-16,True,True,False
3.62,0.0015538942159011304,0.0,0.004974302954981341,3.7533820704689643e-17,1.1232750298006498e-16,1.7706281565185889e-16,0.00804314722125115,0.22500000000000003,-1.3194838929377373e-16,0.541553894215901,0.225,0.0,0.5399999999999999,0.0,129.99089126920936,4.0697606038085813e-16,True,True,False
3.625,0.0015291232404667232,0.0,0.0049340872188751,3.817110792234446e-17,1.1232750298006498e-16,1.7706281565185889e-16,0.00804314722125115,0.22500000000000003,-1.3302326097637015e-16,0.5415291232404666,0.225,0.0,0.5399999999999999,0.0,129.99089126920936,4.075755172606087e-16,True,True,False
3.63,0.001504553343712245,0.0,0.004893871482768858,3.8810690423067214e-17,1.1232750298006498e-16,1.7706281565185889e-16,0.00804314722125115,0.22500000000000003,-1.3410420557554277e-16,0.5415045533437122,0.225,0.0,0.5399999999999999,0.0,129.99089126920936,4.081786135137197e-16,True,True,False
3.6350000000000002,0.0014801845256385837,0.0,0.004853655746662617,3.945245657724584e-17,1.1232750298006498e-16,1.7706281565185889e-16,0.00804314722125115,0.22500000000000003,-1.3519117331067998e-16,0.5414801845256385,0.225,0.0,0.5399999999999999,0.0,129.99089126920936,4.0878553503315917e-16,True,True,False
3.64,0.0014560167862457396,0.0,0.004813440010556376,4.0096301532837044e-17,1.1232750298006498e-16,1.7706281565185889e-16,0.00804314722125115,0.22500000000000003,-1.362841148965644e-16,0.5414560167862457,0.225,0.0,0.5399999999999999,0.0,129.99089126920936,4.09396465861972e-16,True,True,False
3.645,0.0014320501255337126,0.0,0.004773224274450134,4.074212673650367e-17,1.1232750298006498e-16,1.7706281565185889e-16,0.00804314722125115,0.22500000000000003,-1.3738298156017967e-16,0.5414320501255336,0.225,0.0,0.5399999999999999,0.0,129.99089126920936,4.1001158813052064e-16,True,True,False
3.65,0.0014082845435016145,0.0,0.004733008538343892,4.1389839492113006e-17,5.522404794450394e-17,1.8678259971379273e-16,0.008115822623193936,0.22500000000000003,-1.3848772505641842e-16,0.5414082845435015,0.225,0.0,0.5399999999999999,0.0,129.9918534915311,4.2101781465695894e-16,True,True,False
3.6550000000000002,0.0013847209485925438,0.0,0.004692429425227931,4.207762683141591e-17,5.522404794450394e-17,1.8678259971379273e-16,0.008115822623193936,0.22500000000000003,-1.39598490861626e-16,0.5413847209485925,0.225,0.0,0.5399999999999999,0.0,129.9918534915311,4.216211311680493e-16,True,True,False
3.66,0.001361360249248711,0.0,0.004651850312111971,4.276737372683366e-17,5.522404794450394e-17,1.8678259971379273e-16,0.008115822623193936,0.22500000000000003,-1.4071536253577585e-16,0.5413613602492486,0.225,0.0,0.5399999999999999,0.0,129.9918534915311,4.222286549809149e-16,True,True,False
3.665,0.001338202445471004,0.0,0.004611271198996011,4.34182160209335e-17,5.522404794450394e-17,1.8678259971379273e-16,0.008115822623193936,0.22500000000000003,-1.4183820061138693e-16,0.5413382024454709,0.225,0.0,0.5399999999999999,0.0,129.9918534915311,4.2284053692694145e-16,True,True,False
3.67,0.001315247537259423,0.0,0.00457069208588005,4.393621161065495e-17,5.522404794450394e-17,1.8678259971379273e-16,0.008115822623193936,0.22500000000000003,-1.4296687578057696e-16,0.5413152475372593,0.225,0.0,0.5399999999999999,0.0,129.9918534915311,4.234565887799211e-16,True,True,False
3.6750000000000003,0.0012924955246121916,0.0,0.004530112972764088,4.445486968986588e-17,5.522404794450394e-17,1.8678259971379273e-16,0.008115822623193936,0.22500000000000003,-1.4410130994039951e-16,0.5412924955246121,0.225,0.0,0.5399999999999999,0.0,129.9918534915311,4.2407842524787564e-16,True,True,False
3.68,0.0012699464075319744,0.0,0.004489533859648128,4.4974167338379505e-17,5.522404794450394e-17,1.8678259971379273e-16,0.008115822623193936,0.22500000000000003,-1.452414365779816e-16,0.5412699464075319,0.225,0.0,0.5399999999999999,0.0,129.9918534915311,4.247062947061265e-16,True,True,False
3.685,0.0012476001860161068,0.0,0.0044489547465321674,4.549408265488017e-17,5.522404794450394e-17,1.8678259971379273e-16,0.008115822623193936,0.22500000000000003,-1.4638719018499573e-16,0.541247600186016,0.225,0.0,0.5399999999999999,0.0,129.9918534915311,4.253404417787761e-16,True,True,False
3.69,0.0012254568600663651,0.0,0.004408375633416207,4.6014594702425414e-17,5.522404794450394e-17,1.8678259971379273e-16,0.008115822623193936,0.22500000000000003,-1.475385062770377e-16,0.5412254568600663,0.225,0.0,0.5399999999999999,0.0,129.9918534915311,4.259811072663481e-16,True,True,False
3.6950000000000003,0.0012035164296818612,0.0,0.004367796520300247,4.65402081903481e-17,5.522404794450394e-17,1.8678259971379273e-16,0.008115822623193936,0.22500000000000003,-1.4869532141045055e-16,0.5412035164296818,0.225,0.0,0.5399999999999999,0.0,129.9918534915311,4.2662836095844514e-16,True,True,False
3.7,0.0011817788948634833,0.0,0.004327217407184286,4.719792978291131e-17,-5.33111647269859e-18,1.9690314086670995e-16,0.0080545875559641,0.22500000000000003,-1.498577326968903e-16,0.5411817788948634,0.225,0.0,0.5399999999999999,0.0,129.99104273924095,4.380952588746775e-16,True,True,False
3.705,0.0011602434901719638,0.0,0.004286944469404481,4.7784683634447727e-17,-5.33111647269859e-18,1.9690314086670995e-16,0.0080545875559641,0.22500000000000003,-1.510256915828049e-16,0.5411602434901719,0.225,0.0,0.5399999999999999,0.0,129.99104273924095,4.3873545187955625e-16,True,True,False
3.71,0.0011389094501689234,0.0,0.004246671531624676,4.8372171573252286e-17,-5.33111647269859e-18,1.9690314086670995e-16,0.0080545875559641,0.22500000000000003,-1.5219893606259289e-16,0.5411389094501688,0.225,0.0,0.5399999999999999,0.0,129.99104273924095,4.39383896711397e-16,True,True,False
3.715,0.0011177767748552503,0.0,0.004206398593844873,4.8960367173830815e-17,-5.33111647269859e-18,1.9690314086670995e-16,0.0080545875559641,0.22500000000000003,-1.5337732577468323e-16,0.5411177767748552,0.225,0.0,0.5399999999999999,0.0,129.99104273924095,4.4004111751460526e-16,True,True,False
3.72,0.0010968454642309444,0.0,0.004166125656065068,4.954924523438045e-17,-5.33111647269859e-18,1.9690314086670995e-16,0.0080545875559641,0.22500000000000003,-1.545607233091e-16,0.5410968454642309,0.225,0.0,0.5399999999999999,0.0,129.99104273924095,4.4070762741160956e-16,True,True,False
3.725,0.0010761155182951176,0.0,0.004125852718285264,5.013878170850871e-17,-5.33111647269859e-18,1.9690314086670995e-16,0.0080545875559641,0.22500000000000003,-1.5574899429062383e-16,0.541076115518295,0.225,0.0,0.5399999999999999,0.0,129.99104273924095,4.413839281923155e-16,True,True,False
3.73,0.00105558693704777,0.0,0.0040855797805054595,5.072895364135232e-17,-5.33111647269859e-18,1.9690314086670995e-16,0.0080545875559641,0.22500000000000003,-1.5694200744681596e-16,0.5410555869370477,0.225,0.0,0.5399999999999999,0.0,129.99104273924095,4.4207051006008814e-16,True,True,False
3.735,0.0010352597204897895,0.0,0.004045306842725655,5.11549564471972e-17,-5.33111647269859e-18,1.9690314086670995e-16,0.0080545875559641,0.22500000000000003,-1.5813993673271957e-16,0.5410352597204897,0.225,0.0,0.5399999999999999,0.0,129.99104273924095,4.427628490448635e-16,True,True,False
3.74,0.0010151338686211764,0.0,0.004005033904945852,5.1530939024377754e-17,-5.33111647269859e-18,1.9690314086670995e-16,0.0080545875559641,0.22500000000000003,-1.5934341759176895e-16,0.5410151338686211,0.225,0.0,0.5399999999999999,0.0,129.99104273924095,4.4346186333364126e-16,True,True,False
3.745,0.0009952093814401541,0.0,0.003964760967166048,5.1911962915392773e-17,-5.33111647269859e-18,1.9690314086670995e-16,0.0080545875559641,0.22500000000000003,-1.605524676340405e-16,0.5409952093814401,0.225,0.0,0.5399999999999999,0.0,129.99104273924095,4.441686825043422e-16,True,True,False
3.75,0.0009754862589484992,0.0,0.003924488029386243,5.243745738082058e-17,-6.831240502153403e-17,2.074139395519725e-16,0.007882790549160855,0.22500000000000003,-1.61767170416787e-16,0.5409754862589484,0.225,0.0,0.5399999999999999,0.0,129.98876814687088,4.561189079749046e-16,True,True,False
3.755,0.0009559623536835593,0.0,0.0038850740766404527,5.2922209876133044e-17,-6.831240502153403e-17,2.074139395519725e-16,0.007882790549160855,0.22500000000000003,-1.6298702764142275e-16,0.5409559623536835,0.225,0.0,0.5399999999999999,0.0,129.98876814687088,4.5682448395740985e-16,True,True,False
3.7600000000000002,0.0009366355181826824,0.0,0.003845660123894662,5.340718749198856e-17,-6.831240502153403e-17,2.074139395519725e-16,0.007882790549160855,0.22500000000000003,-1.6421137797392698e-16,0.5409366355181826,0.225,0.0,0.5399999999999999,0.0,129.98876814687088,4.575423153069756e-16,True,True,False
3.765,0.0009175057524449803,0.0,0.0038062461711488717,5.3892384150807544e-17,-6.831240502153403e-17,2.074139395519725e-16,0.007882790549160855,0.22500000000000003,-1.654400950024025e-16,0.5409175057524449,0.225,0.0,0.5399999999999999,0.0,129.98876814687088,4.582728740765165e-16,True,True,False
3.77,0.0008985730564713412,0.0,0.0037668322184030807,5.437779398922736e-17,-6.831240502153403e-17,2.074139395519725e-16,0.007882790549160855,0.22500000000000003,-1.6667305588158152e-16,0.5408985730564713,0.225,0.0,0.5399999999999999,0.0,129.98876814687088,4.590166190002817e-16,True,True,False
3.775,0.0008798374302608769,0.0,0.00372741826565729,5.486341134886108e-17,-6.831240502153403e-17,2.074139395519725e-16,0.007882790549160855,0.22500000000000003,-1.679101413213273e-16,0.5408798374302608,0.225,0.0,0.5399999999999999,0.0,129.98876814687088,4.597739955367926e-16,True,True,False
3.7800000000000002,0.0008612988738144756,0.0,0.0036880043129115,5.534923076752441e-17,-6.831240502153403e-17,2.074139395519725e-16,0.007882790549160855,0.22500000000000003,-1.6915123556404538e-16,0.5408612988738144,0.225,0.0,0.5399999999999999,0.0,129.98876814687088,4.605454359531931e-16,True,True,False
3.785,0.0008429573871321372,0.0,0.0036485903601657104,5.583524697090407e-17,-6.831240502153403e-17,2.074139395519725e-16,0.007882790549160855,0.22500000000000003,-1.7039622635208785e-16,0.5408429573871321,0.225,0.0,0.5399999999999999,0.0,129.98876814687088,4.613313594469742e-16,True,True,False
3.79,0.0008248129702129736,0.0,0.0036091764074199194,5.632145486464175e-17,-6.831240502153403e-17,2.074139395519725e-16,0.007882790549160855,0.22500000000000003,-1.7164500488621325e-16,0.5408248129702129,0.225,0.0,0.5399999999999999,0.0,129.98876814687088,4.621321723010881e-16,True,True,False
3.795,0.000806865623057873,0.0,0.003569762454674129,5.680784952681057e-17,-6.831240502153403e-17,2.074139395519725e-16,0.007882790549160855,0.22500000000000003,-1.7289746577614461e-16,0.5408068656230578,0.225,0.0,0.5399999999999999,0.0,129.98876814687088,4.62948268068584e-16,True,True,False
3.8000000000000003,0.0007891153456659472,0.0,0.0035303485019283387,5.729442620076121e-17,-1.293816420553755e-16,2.1824090709586114e-16,0.0076215276827535025,0.22500000000000003,-1.7415350698421583e-16,0.5407891153456659,0.225,0.0,0.5399999999999999,0.0,129.98530902651964,4.753579584798354e-16,True,True,False
3.805,0.0007715588722522204,0.0,0.003492240863514586,5.760939085134511e-17,-1.293816420553755e-16,2.1824090709586114e-16,0.0076215276827535025,0.22500000000000003,-1.7541355444517827e-16,0.5407715588722521,0.225,0.0,0.5399999999999999,0.0,129.98530902651964,4.761786535155973e-16,True,True,False
3.81,0.0007541929370308287,0.0,0.0034541332251008332,5.792435664409885e-17,-1.293816420553755e-16,2.1824090709586114e-16,0.0076215276827535025,0.22500000000000003,-1.7667807336308389e-16,0.5407541929370308,0.225,0.0,0.5399999999999999,0.0,129.98530902651964,4.770128200575901e-16,True,True,False
3.815,0.000737017540001772,0.0,0.0034160255866870805,5.823932356049142e-17,-1.293816420553755e-16,2.1824090709586114e-16,0.0076215276827535025,0.22500000000000003,-1.7794702364333603e-16,0.5407370175400017,0.225,0.0,0.5399999999999999,0.0,129.98530902651964,4.778606078288356e-16,True,True,False
3.8200000000000003,0.0007200326811641622,0.0,0.0033779179482733277,5.86670407151588e-17,-1.293816420553755e-16,2.1824090709586114e-16,0.0076215276827535025,0.22500000000000003,-1.7922046612028984e-16,0.5407200326811641,0.225,0.0,0.5399999999999999,0.0,129.98530902651964,4.787199654894434e-16,True,True,False
3.825,0.0007032383605188874,0.0,0.0033398103098595754,5.918112988273093e-17,-1.293816420553755e-16,2.1824090709586114e-16,0.0076215276827535025,0.22500000000000003,-1.8049883686087864e-16,0.5407032383605188,0.225,0.0,0.5399999999999999,0.0,129.98530902651964,4.795900403282729e-16,True,True,False
3.83,0.0006866345780659477,0.0,0.0033017026714458227,5.969540861656179e-17,-1.293816420553755e-16,2.1824090709586114e-16,0.0076215276827535025,0.22500000000000003,-1.8178217589705036e-16,0.5406866345780659,0.225,0.0,0.5399999999999999,0.0,129.98530902651964,4.804721730839972e-16,True,True,False
3.835,0.0006702213338044549,0.0,0.0032635950330320703,6.020987205914769e-17,-1.293816420553755e-16,2.1824090709586114e-16,0.0076215276827535025,0.22500000000000003,-1.8307046603717662e-16,0.5406702213338044,0.225,0.0,0.5399999999999999,0.0,129.98530902651964,4.813664279543578e-16,True,True,False
3.84,0.0006539986277352972,0.0,0.0032254873946183176,6.059266956640884e-17,-1.293816420553755e-16,2.1824090709586114e-16,0.0076215276827535025,0.22500000000000003,-1.8436376592929677e-16,0.5406539986277352,0.225,0.0,0.5399999999999999,0.0,129.98530902651964,4.822709048172632e-16,True,True,False
3.845,0.0006379664598584744,0.0,0.003187379756204565,6.074785305527228e-17,-1.293816420553755e-16,2.1824090709586114e-16,0.0076215276827535025,0.22500000000000003,-1.8566289397073858e-16,0.5406379664598584,0.225,0.0,0.5399999999999999,0.0,129.98530902651964,4.83181699139082e-16,True,True,False
3.85,0.0006221248301739868,0.0,0.0031492721177908117,6.090312917425205e-17,-1.972719650648157e-16,2.296133438130083e-16,0.007289703431223919,0.22500000000000003,-1.869680750446088e-16,0.5406221248301739,0.225,0.0,0.5399999999999999,0.0,129.9809156734294,4.962643794284892e-16,True,True,False
3.855,0.000606469590877956,0.0,0.0031128236006347067,6.114769596961461e-17,-1.972719650648157e-16,2.296133438130083e-16,0.007289703431223919,0.22500000000000003,-1.8827806314005766e-16,0.5406064695908779,0.225,0.0,0.5399999999999999,0.0,129.9809156734294,4.971771589588756e-16,True,True,False
3.86,0.0005909965941673923,0.0,0.0030763750834786018,6.139228275506797e-17,-1.972719650648157e-16,2.296133438130083e-16,0.007289703431223919,0.22500000000000003,-1.8959156031966096e-16,0.5405909965941673,0.225,0.0,0.5399999999999999,0.0,129.9809156734294,4.981082528935458e-16,True,True,False
3.865,0.0005757058400422954,0.0,0.003039926566322497,6.163688929263879e-17,-1.972719650648157e-16,2.296133438130083e-16,0.007289703431223919,0.22500000000000003,-1.9090849069101738e-16,0.5405757058400422,0.225,0.0,0.5399999999999999,0.0,129.9809156734294,4.990579446332717e-16,True,True,False
3.87,0.0005605973285035537,0.0,0.003003478049166392,6.188151534809732e-17,-1.972719650648157e-16,2.296133438130083e-16,0.007289703431223919,0.22500000000000003,-1.9222878095681375e-16,0.5405605973285035,0.225,0.0,0.5399999999999999,0.0,129.9809156734294,5.000265078881338e-16,True,True,False
3.875,0.0005456710595511671,0.0,0.0029670295320102873,6.212616069088449e-17,-1.972719650648157e-16,2.296133438130083e-16,0.007289703431223919,0.22500000000000003,-1.9355236033349923e-16,0.5405456710595511,0.225,0.0,0.5399999999999999,0.0,129.9809156734294,5.010142069812054e-16,True,True,False
3.88,0.0005309270331842475,0.0,0.0029305810148541824,6.237082509404057e-17,-1.972719650648157e-16,2.296133438130083e-16,0.007289703431223919,0.22500000000000003,-1.948791604705049e-16,0.5405309270331842,0.225,0.0,0.5399999999999999,0.0,129.9809156734294,5.020212971502151e-16,True,True,False
3.8850000000000002,0.0005163652494027948,0.0,0.0028941324976980774,6.261550833413555e-17,-1.972719650648157e-16,2.296133438130083e-16,0.007289703431223919,0.22500000000000003,-1.9620911537029136e-16,0.5405163652494027,0.225,0.0,0.5399999999999999,0.0,129.9809156734294,5.030480248461019e-16,True,True,False
3.89,0.0005019857082068091,0.0,0.002857683980541972,6.286021019120122e-17,-1.972719650648157e-16,2.296133438130083e-16,0.007289703431223919,0.225,-1.9754216130947728e-16,0.5405019857082067,0.225,0.0,0.5399999999999999,0.0,129.9809156734294,5.0409462802754425e-16,True,True,False
3.895,0.0004877884095971785,0.0,0.0028212354633858675,6.310493044866461e-17,-1.972719650648157e-16,2.296133438130083e-16,0.007289703431223919,0.225,-1.988782367612567e-16,0.5404877884095971,0.225,0.0,0.5399999999999999,0.0,129.9809156734294,5.051613364506692e-16,True,True,False
3.9,0.00047377335357301487,0.0,0.002784786946229763,6.334966889328308e-17,-2.5668800007269274e-16,2.413247368809037e-16,0.006904114190366082,0.225,-2.0021728231928594e-16,0.5404737733535729,0.225,0.0,0.5399999999999999,0.0,129.97581047188044,5.187762456017602e-16,True,True,False
3.9050000000000002,0.0004599357202689225,0.0,0.002750266375277947,6.346705292879857e-17,-2.5668800007269274e-16,2.413247368809037e-16,0.006904114190366082,0.225,-2.0156016020537692e-16,0.5404599357202688,0.225,0.0,0.5399999999999999,0.0,129.97581047188044,5.198509964889317e-16,True,True,False
3.91,0.0004462706898195057,0.0,0.002715745804326131,6.35846107702946e-17,-2.5668800007269274e-16,2.413247368809037e-16,0.006904114190366082,0.225,-2.0290776181096465e-16,0.5404462706898194,0.225,0.0,0.5399999999999999,0.0,129.97581047188044,5.209408993554736e-16,True,True,False
3.915,0.00043277826222476445,0.0,0.002681225233374315,6.370234145553389e-17,-2.5668800007269274e-16,2.413247368809037e-16,0.006904114190366082,0.225,-2.042600730922747e-16,0.5404327782622247,0.225,0.0,0.5399999999999999,0.0,129.97581047188044,5.220460066442719e-16,True,True,False
3.92,0.00041945843748647516,0.0,0.002646704662422499,6.390986552018523e-17,-2.5668800007269274e-16,2.413247368809037e-16,0.006904114190366082,0.225,-2.0561720405347313e-16,0.5404194584374864,0.225,0.0,0.5399999999999999,0.0,129.97581047188044,5.231635175360298e-16,True,True,False
3.9250000000000003,0.00040631121560197325,0.0,0.002612184091470683,6.418596817999196e-17,-2.5668800007269274e-16,2.413247368809037e-16,0.006904114190366082,0.225,-2.0697972202697293e-16,0.5404063112156019,0.225,0.0,0.5399999999999999,0.0,129.97581047188044,5.242922955255808e-16,True,True,False
3.93,0.00039333659657125875,0.0,0.0025776635205188676,6.446208014400557e-17,-2.5668800007269274e-16,2.413247368809037e-16,0.006904114190366082,0.225,-2.0834769409647468e-16,0.5403933365965712,0.225,0.0,0.5399999999999999,0.0,129.97581047188044,5.254340331962855e-16,True,True,False
3.935,0.0003805345803952198,0.0,0.0025431429495670517,6.47382012931772e-17,-2.5668800007269274e-16,2.413247368809037e-16,0.006904114190366082,0.225,-2.0972111554453977e-16,0.5403805345803951,0.225,0.0,0.5399999999999999,0.0,129.97581047188044,5.2658874816421415e-16,True,True,False
3.94,0.0003679051670756328,0.0,0.002508622378615236,6.488379400942921e-17,-2.5668800007269274e-16,2.413247368809037e-16,0.006904114190366082,0.225,-2.1110007839070312e-16,0.5403679051670756,0.225,0.0,0.5399999999999999,0.0,129.97581047188044,5.277539152463327e-16,True,True,False
3.9450000000000003,0.0003554483566107214,0.0,0.00247410180766342,6.480437497780122e-17,-2.5668800007269274e-16,2.413247368809037e-16,0.006904114190366082,0.225,-2.124856424242071e-16,0.5403554483566106,0.225,0.0,0.5399999999999999,0.0,129.97581047188044,5.289244421557111e-16,True,True,False
3.95,0.00034316414899959735,0.0,0.0024395812367116044,6.472562999177779e-17,-3.1944101469371784e-16,2.5368327300477865e-16,0.006479549434493031,0.225,-2.138780968909778e-16,0.5403431641489995,0.225,0.0,0.5399999999999999,0.0,129.97018923451267,5.433249136183356e-16,True,True,False
3.955,0.0003310472371834683,0.0,0.002407183489539155,6.472300065179472e-17,-3.1944101469371784e-16,2.5368327300477865e-16,0.006479549434493031,0.225,-2.152759329154997e-16,0.5403310472371834,0.225,0.0,0.5399999999999999,0.0,129.97018923451267,5.444953843364038e-16,True,True,False
3.96,0.0003190923141035418,0.0,0.0023747857423667054,6.47208447523257e-17,-3.1944101469371784e-16,2.5368327300477865e-16,0.006479549434493031,0.225,-2.1667761987333868e-16,0.5403190923141035,0.225,0.0,0.5399999999999999,0.0,129.97018923451267,5.456857796927976e-16,True,True,False
3.9650000000000003,0.0003072993797598178,0.0,0.002342387995194256,6.471916234068392e-17,-3.1944101469371784e-16,2.5368327300477865e-16,0.006479549434493031,0.225,-2.1808312566576384e-16,0.5403072993797597,0.225,0.0,0.5399999999999999,0.0,129.97018923451267,5.468962195520226e-16,True,True,False
3.97,0.0002956684341522964,0.0,0.002309990248021807,6.471795345379581e-17,-3.1944101469371784e-16,2.5368327300477865e-16,0.006479549434493031,0.225,-2.1949241918059534e-16,0.5402956684341522,0.225,0.0,0.5399999999999999,0.0,129.97018923451267,5.481268200945614e-16,True,True,False
3.975,0.0002841994772800893,0.0,0.0022775925008493574,6.471721811819708e-17,-3.1944101469371784e-16,2.5368327300477865e-16,0.006479549434493031,0.225,-2.2090547025756247e-16,0.54028419947728,0.225,0.0,0.5399999999999999,0.0,129.97018923451267,5.493776939462345e-16,True,True,False
3.98,0.0002728925091431966,0.0,0.0022451947536769076,6.471695635002962e-17,-3.1944101469371784e-16,2.5368327300477865e-16,0.006479549434493031,0.225,-2.223222496548646e-16,0.5402728925091431,0.225,0.0,0.5399999999999999,0.0,129.97018923451267,5.506489503030715e-16,True,True,False
3.985,0.00026174752974339466,0.0,0.0022127970065044583,6.471716815503992e-17,-3.1944101469371784e-16,2.5368327300477865e-16,0.006479549434493031,0.225,-2.237427290169062e-16,0.5402617475297433,0.225,0.0,0.5399999999999999,0.0,129.97018923451267,5.519406950517945e-16,True,True,False
3.99,0.00025076453907890706,0.0,0.002180399259332009,6.47178535285783e-17,-3.1944101469371784e-16,2.5368327300477865e-16,0.006479549434493031,0.225,-2.251668808431786e-16,0.5402507645390788,0.225,0.0,0.5399999999999999,0.0,129.97018923451267,5.532530308860238e-16,True,True,False
3.995,0.00023994353714973382,0.0,0.00214800151215956,6.471901245559953e-17,-3.1944101469371784e-16,2.5368327300477865e-16,0.006479549434493031,0.225,-2.2659467845825443e-16,0.5402399435371497,0.225,0.0,0.5399999999999999,0.0,129.97018923451267,5.54586057418323e-16,True,True,False
4.0,0.00022928452395676313,0.0,0.0021156037649871103,6.472064491066441e-17,-3.7066697754034863e-16,2.664446950131429e-16,0.006028906033714307,0.225,-2.2802609598286827e-16,0.5402292845239567,0.225,0.0,0.5399999999999999,0.0,129.96422271588636,5.69594139929398e-16,True,True,False
4.005,0.00021878186645751807,0.0,0.0020854592348185552,6.458389153095451e-17,-3.7066697754034863e-16,2.664446950131429e-16,0.006028906033714307,0.225,-2.2946224539206025e-16,0.5402187818664574,0.225,0.0,0.5399999999999999,0.0,129.96422271588636,5.709303122207179e-16,True,True,False
4.01,0.00020842993160863355,0.0,0.002055314704649999,6.444819985830511e-17,-3.7066697754034863e-16,2.664446950131429e-16,0.006028906033714307,0.225,-2.309042539728454e-16,0.5402084299316086,0.225,0.0,0.5399999999999999,0.0,129.96422271588636,5.722805546408578e-16,True,True,False
4.015,0.00019822871941099773,0.0,0.002025170174481444,6.431357661282828e-17,-3.7066697754034863e-16,2.664446950131429e-16,0.006028906033714307,0.225,-2.323521193193183e-16,0.5401982287194109,0.225,0.0,0.5399999999999999,0.0,129.96422271588636,5.736448761740574e-16,True,True,False
4.0200000000000005,0.00018817822986372246,0.0,0.0019950256443128883,6.425920030809524e-17,-3.7066697754034863e-16,2.664446950131429e-16,0.006028906033714307,0.225,-2.3380595563677364e-16,0.5401881782298636,0.225,0.0,0.5399999999999999,0.0,129.96422271588636,5.750198846143593e-16,True,True,False
4.025,0.00017827846296858407,0.0,0.001964881114144333,6.426601253310452e-17,-3.7066697754034863e-16,2.664446950131429e-16,0.006028906033714307,0.225,-2.352663054036082e-16,0.5401782784629685,0.225,0.0,0.5399999999999999,0.0,129.96422271588636,5.764047482252268e-16,True,True,False
4.03,0.00016852941872291805,0.0,0.0019347365839757764,6.427335025301395e-17,-3.7066697754034863e-16,2.664446950131429e-16,0.006028906033714307,0.225,-2.367332362660255e-16,0.5401685294187228,0.225,0.0,0.5399999999999999,0.0,129.96422271588636,5.778016187668913e-16,True,True,False
4.035,0.00015893109712761255,0.0,0.0019045920538072196,6.428121328786734e-17,-3.7066697754034863e-16,2.664446950131429e-16,0.006028906033714307,0.225,-2.3820674794010794e-16,0.5401589310971275,0.225,0.0,0.5399999999999999,0.0,129.96422271588636,5.792104972995692e-16,True,True,False
4.04,0.00014948349818444395,0.0,0.001874447523638663,6.415088017463495e-17,-3.7066697754034863e-16,2.664446950131429e-16,0.006028906033714307,0.225,-2.396869747211274e-16,0.5401494834981844,0.225,0.0,0.5399999999999999,0.0,129.96422271588636,5.806277304645865e-16,True,True,False
4.045,0.0001401866218916359,0.0,0.0018443029934701064,6.38408779370589e-17,-3.7066697754034863e-16,2.664446950131429e-16,0.006028906033714307,0.225,-2.4117499216002326e-16,0.5401401866218916,0.225,0.0,0.5399999999999999,0.0,129.96422271588636,5.820488747898101e-16,True,True,False
4.05,0.00013104046825007654,0.0,0.0018141584633015496,6.353311618431074e-17,-4.2079019059727375e-16,2.799771608486244e-16,0.0055633118120549645,0.225,-2.426710285877861e-16,0.54013104046825,0.225,0.0,0.5399999999999999,0.0,129.9580582483916,5.979576660003967e-16,True,True,False
4.055,0.0001220392173312268,0.0,0.0017863419042412844,6.329062546322975e-17,-4.2079019059727375e-16,2.799771608486244e-16,0.0055633118120549645,0.225,-2.4417375252966634e-16,0.5401220392173312,0.225,0.0,0.5399999999999999,0.0,129.9580582483916,5.993737181288525e-16,True,True,False
4.0600000000000005,0.00011317704920832394,0.0,0.0017585253451810191,6.305005785496877e-17,-4.2079019059727375e-16,2.799771608486244e-16,0.0055633118120549645,0.225,-2.4568182864098667e-16,0.5401131770492082,0.225,0.0,0.5399999999999999,0.0,129.9580582483916,6.00807517156293e-16,True,True,False
4.065,0.00010445396388047978,0.0,0.0017307087861207534,6.281143545608058e-17,-4.2079019059727375e-16,2.799771608486244e-16,0.0055633118120549645,0.225,-2.471952488284871e-16,0.5401044539638804,0.225,0.0,0.5399999999999999,0.0,129.9580582483916,6.022590933049282e-16,True,True,False
4.07,9.586996134769432e-05,0.0,0.0017028922270604884,6.257478052012831e-17,-4.2079019059727375e-16,2.799771608486244e-16,0.0055633118120549645,0.225,-2.4871400518919376e-16,0.5400958699613476,0.225,0.0,0.5399999999999999,0.0,129.9580582483916,6.037284760863933e-16,True,True,False
4.075,8.742504160996756e-05,0.0,0.0016750756680002229,6.234011545370658e-17,-4.2079019059727375e-16,2.799771608486244e-16,0.0055633118120549645,0.225,-2.5023809000480165e-16,0.5400874250416099,0.225,0.0,0.5399999999999999,0.0,129.9580582483916,6.052156943227259e-16,True,True,False
4.08,7.911920466818767e-05,0.0,0.0016472591089399576,6.210746281221837e-17,-4.2079019059727375e-16,2.799771608486244e-16,0.0055633118120549645,0.225,-2.517674957362505e-16,0.5400791192046681,0.225,0.0,0.5399999999999999,0.0,129.9580582483916,6.067207761666198e-16,True,True,False
4.085,7.095245052146648e-05,0.0,0.0016194425498796921,6.187684529540183e-17,-4.2079019059727375e-16,2.799771608486244e-16,0.0055633118120549645,0.225,-2.5330221501848695e-16,0.5400709524505214,0.225,0.0,0.5399999999999999,0.0,129.9580582483916,6.082437491209828e-16,True,True,False
4.09,6.292477916980399e-05,0.0,0.0015916259908194267,6.164828574260181e-17,-4.2079019059727375e-16,2.799771608486244e-16,0.0055633118120549645,0.225,-2.548422406554073e-16,0.5400629247791697,0.225,0.0,0.5399999999999999,0.0,129.9580582483916,6.097846400578255e-16,True,True,False
4.095,5.50361906132002e-05,0.0,0.0015638094317591616,6.142180712778041e-17,-4.2079019059727375e-16,2.799771608486244e-16,0.0055633118120549645,0.225,-2.5638756561497053e-16,0.5400550361906131,0.225,0.0,0.5399999999999999,0.0,129.9580582483916,6.113434752365078e-16,True,True,False
4.1,4.728668485254328e-05,0.0,0.0015359928726988964,6.119743255426173e-17,-4.5733070727250765e-16,2.9398575091390605e-16,0.005092254945330878,0.225,-2.579381830244788e-16,0.5400472866848525,0.225,0.0,0.5399999999999999,0.0,129.95182145547616,6.279111023622949e-16,True,True,False
4.105,3.967037367613724e-05,0.0,0.001510531597972258,6.08293700262422e-17,-4.5733070727250765e-16,2.9398575091390605e-16,0.005092254945330878,0.225,-2.594952787246953e-16,0.5400396703736761,0.225,0.0,0.5399999999999999,0.0,129.95182145547616,6.294623779560077e-16,True,True,False
4.11,3.2181368872286065e-05,0.0,0.0014850703232456202,6.046502699586601e-17,-4.5733070727250765e-16,2.9398575091390605e-16,0.005092254945330878,0.22499999999999998,-2.6106004294115684e-16,0.5400321813688722,0.225,0.0,0.5399999999999999,0.0,129.95182145547616,6.31024651200573e-16,True,True,False
4.115,2.4819670442766117e-05,0.0,0.001459609048518982,6.010447110404811e-17,-4.5733070727250765e-16,2.9398575091390605e-16,0.005092254945330878,0.22499999999999998,-2.6263247546510424e-16,0.5400248196704427,0.225,0.0,0.5399999999999999,0.0,129.95182145547616,6.325979228755495e-16,True,True,False
4.12,1.7585278387577397e-05,0.0,0.0014341477737923438,5.983826472855415e-17,-4.5733070727250765e-16,2.9398575091390605e-16,0.005092254945330878,0.22499999999999998,-2.642127160336123e-16,0.5400175852783875,0.225,0.0,0.5399999999999999,0.0,129.95182145547616,6.341770686148964e-16,True,True,False
4.125,1.0478192704943545e-05,0.0,0.0014086864990657056,5.960239553266797e-17,-4.5733070727250765e-16,2.9398575091390605e-16,0.005092254945330878,0.22499999999999998,-2.6580108851380696e-16,0.5400104781927049,0.225,0.0,0.5399999999999999,0.0,129.95182145547616,6.357646788615763e-16,True,True,False
4.13,3.4984133966409203e-06,0.0,0.0013832252243390676,5.936920728345695e-17,-4.5733070727250765e-16,2.9398575091390605e-16,0.005092254945330878,0.22499999999999998,-2.6739760478276487e-16,0.5400034984133966,0.225,0.0,0.5399999999999999,0.0,129.95182145547616,6.373621884757026e-16,True,True,False
4.135,3.3540595382186567e-06,0.0,0.0013577639496124294,5.913873169442315e-17,-4.5733070727250765e-16,2.9398575091390605e-16,0.005092254945330878,0.22499999999999998,-2.690022640001813e-16,0.5399966459404617,0.225,0.0,0.5399999999999999,0.0,129.95182145547616,6.389696005951787e-16,True,True,False
4.14,1.0079226099635186e-05,0.0,0.0013323026748857914,5.884848729231613e-17,-4.5733070727250765e-16,2.9398575091390605e-16,0.005092254945330878,0.22499999999999998,-2.7061509922665894e-16,0.5399899207739003,0.225,0.0,0.5399999999999999,0.0,129.95182145547616,6.405848303422078e-16,True,True,False
4.1450000000000005,1.6677086287608667e-05,0.0,0.0013068414001591532,5.835791452229143e-17,-4.5733070727250765e-16,2.9398575091390605e-16,0.005092254945330878,0.22499999999999998,-2.722369724773591e-16,0.5399833229137123,0.225,0.0,0.5399999999999999,0.0,129.95182145547616,6.422007564265193e-16,True,True,False
4.15,2.314764010125092e-05,0.0,0.0012813801254325152,5.787397261301309e-17,-4.879968510693589e-16,3.0888564420231605e-16,0.004623716279621309,0.22499999999999998,-2.7386825094556356e-16,0.5399768523598987,0.225,0.0,0.5399999999999999,0.0,129.94561800354217,6.597679160935757e-16,True,True,False
4.155,2.949674427521476e-05,0.0,0.0012582615440344266,5.745891209217164e-17,-4.879968510693589e-16,3.0888564420231605e-16,0.004623716279621309,0.22499999999999998,-2.755080766001173e-16,0.5399705032557247,0.225,0.0,0.5399999999999999,0.0,129.94561800354217,6.613717128915182e-16,True,True,False
4.16,3.573025554237663e-05,0.0,0.0012351429626363379,5.704986596828817e-17,-4.879968510693589e-16,3.0888564420231605e-16,0.004623716279621309,0.22499999999999998,-2.771555954654653e-16,0.5399642697444575,0.225,0.0,0.5399999999999999,0.0,129.94561800354217,6.629884322133789e-16,True,True,False
4.165,4.184817390184836e-05,0.0,0.0012120243812382494,5.664696453088197e-17,-4.879968510693589e-16,3.0888564420231605e-16,0.004623716279621309,0.22499999999999998,-2.788108075270371e-16,0.5399581518260981,0.225,0.0,0.5399999999999999,0.0,129.94561800354217,6.646180741135671e-16,True,True,False
4.17,4.785049935451813e-05,0.0,0.0011889057998401605,5.625033981680442e-17,-4.879968510693589e-16,3.0888564420231605e-16,0.004623716279621309,0.22499999999999998,-2.8047371277048583e-16,0.5399521495006454,0.225,0.0,0.5399999999999999,0.0,129.94561800354217,6.66260638645657e-16,True,True,False
4.175,5.373723189949775e-05,0.0,0.001165787218442072,5.586012552643044e-17,-4.879968510693589e-16,3.0888564420231605e-16,0.004623716279621309,0.22499999999999998,-2.821443111816843e-16,0.5399462627681004,0.225,0.0,0.5399999999999999,0.0,129.94561800354217,6.679161258624036e-16,True,True,False
4.18,5.950837153856359e-05,0.0,0.0011426686370439832,5.5476456930221996e-17,-4.879968510693589e-16,3.0888564420231605e-16,0.004623716279621309,0.22499999999999998,-2.838226027467198e-16,0.5399404916284614,0.225,0.0,0.5399999999999999,0.0,129.94561800354217,6.695845358157603e-16,True,True,False
4.1850000000000005,6.516391826993928e-05,0.0,0.001119550055645895,5.509947076526783e-17,-4.879968510693589e-16,3.0888564420231605e-16,0.004623716279621309,0.22499999999999998,-2.855085874518901e-16,0.53993483608173,0.225,0.0,0.5399999999999999,0.0,129.94561800354217,6.712658685568949e-16,True,True,False
4.19,7.070387209540119e-05,0.0,0.0010964314742478065,5.472930512142514e-17,-4.879968510693589e-16,3.0888564420231605e-16,0.004623716279621309,0.22499999999999998,-2.872022652836993e-16,0.5399292961279045,0.225,0.0,0.5399999999999999,0.0,129.94561800354217,6.729601241362039e-16,True,True,False
4.195,7.612823301317295e-05,0.0,0.0010733128928497176,5.436609931671683e-17,-4.879968510693589e-16,3.0888564420231605e-16,0.004623716279621309,0.22499999999999998,-2.889036362288533e-16,0.5399238717669868,0.225,0.0,0.5399999999999999,0.0,129.94561800354217,6.746673026033301e-16,True,True,False
4.2,8.143700102414275e-05,0.0,0.001050194311451629,5.4009993761671576e-17,-5.044596906444023e-16,3.24336808929036e-16,0.004164302096225558,0.22499999999999998,-2.9061270027425667e-16,0.5399185629989758,0.225,0.0,0.5399999999999999,0.0,129.93953535975402,6.929231259383661e-16,True,True,False
4.205,8.66359188048671e-05,0.0,0.0010293728009705143,5.3564342667011285e-17,-5.044596906444023e-16,3.24336808929036e-16,0.004164302096225558,0.22499999999999998,-2.9233049263927213e-16,0.5399133640811951,0.225,0.0,0.5399999999999999,0.0,129.93953535975402,6.946090381597441e-16,True,True,False
4.21,9.173072903367885e-05,0.0,0.0010085512904893994,5.312905256636114e-17,-5.044596906444023e-16,3.24336808929036e-16,0.004164302096225558,0.22499999999999998,-2.940580448712016e-16,0.5399082692709662,0.225,0.0,0.5399999999999999,0.0,129.93953535975402,6.963022616273531e-16,True,True,False
4.215,9.672143170968983e-05,0.0,0.0009877297800082849,5.270438017742245e-17,-5.044596906444023e-16,3.24336808929036e-16,0.004164302096225558,0.22499999999999998,-2.957953515110029e-16,0.5399032785682902,0.225,0.0,0.5399999999999999,0.0,129.93953535975402,6.980028167265905e-16,True,True,False
4.22,0.00010160802683378822,0.0,0.0009669082695271707,5.2290584192666586e-17,-5.044596906444023e-16,3.24336808929036e-16,0.004164302096225558,0.22499999999999998,-2.9754240714522367e-16,0.5398983919731661,0.225,0.0,0.5399999999999999,0.0,129.93953535975402,6.997107236726101e-16,True,True,False
4.225,0.00010639051440508585,0.0,0.0009460867590460564,5.1887924824292026e-17,-5.044596906444023e-16,3.24336808929036e-16,0.004164302096225558,0.22499999999999998,-2.992992064056185e-16,0.5398936094855948,0.225,0.0,0.5399999999999999,0.0,129.93953535975402,7.014260025117525e-16,True,True,False
4.23,0.00011106889442447088,0.0,0.0009252652485649424,5.156334502838544e-17,-5.044596906444023e-16,3.24336808929036e-16,0.004164302096225558,0.22499999999999998,-3.0106587800159817e-16,0.5398889311055755,0.225,0.0,0.5399999999999999,0.0,129.93953535975402,7.031391081584474e-16,True,True,False
4.235,0.00011564316689105514,0.0,0.0009044437380838283,5.126132112192074e-17,-5.044596906444023e-16,3.24336808929036e-16,0.004164302096225558,0.22499999999999998,-3.0284266362356766e-16,0.5398843568331089,0.225,0.0,0.5399999999999999,0.0,129.93953535975402,7.048574574165822e-16,True,True,False
4.24,0.00012011333180572681,0.0,0.0008836222276027142,5.0968460607637e-17,-5.044596906444023e-16,3.24336808929036e-16,0.004164302096225558,0.22499999999999998,-3.0462956235358762e-16,0.5398798866681942,0.225,0.0,0.5399999999999999,0.0,129.93953535975402,7.065829628282763e-16,True,True,False
4.245,0.00012447938916670953,0.0,0.0008628007171216,5.054620555367487e-17,-5.044596906444023e-16,3.24336808929036e-16,0.004164302096225558,0.22499999999999998,-3.0642679214780927e-16,0.5398755206108332,0.225,0.0,0.5399999999999999,0.0,129.93953535975402,7.083093042092657e-16,True,True,False
4.25,0.00012874133897666784,0.0,0.0008419792066404858,5.011223072663265e-17,-5.105342920925018e-16,3.4077561093881315e-16,0.0037193752571017076,0.22499999999999998,-3.082347581621549e-16,0.5398712586610233,0.225,0.0,0.5399999999999999,0.0,129.93364452840402,7.276327515626591e-16,True,True,False
4.255,0.00013290474281879572,0.0,0.0008233823303549915,4.9722079182543034e-17,-5.105342920925018e-16,3.4077561093881315e-16,0.0037193752571017076,0.22499999999999998,-3.1005329299674806e-16,0.5398670952571811,0.225,0.0,0.5399999999999999,0.0,129.93364452840402,7.293416242819743e-16,True,True,False
4.26,0.00013697516227983986,0.0,0.0008047854540694971,4.934835202245076e-17,-5.105342920925018e-16,3.4077561093881315e-16,0.0037193752571017076,0.22499999999999998,-3.118822226178697e-16,0.5398630248377201,0.225,0.0,0.5399999999999999,0.0,129.93364452840402,7.310576260080111e-16,True,True,False
4.265,0.00014095259735891208,0.0,0.0007861885777840026,4.899142512408868e-17,-5.105342920925018e-16,3.4077561093881315e-16,0.0037193752571017076,0.22499999999999998,-3.137215398989257e-16,0.539859047402641,0.225,0.0,0.5399999999999999,0.0,129.93364452840402,7.327807833532119e-16,True,True,False
4.2700000000000005,0.00014483704805778874,0.0,0.0007675917014985082,4.8651668247938654e-17,-5.105342920925018e-16,3.4077561093881315e-16,0.0037193752571017076,0.22499999999999998,-3.155712377699304e-16,0.5398551629519421,0.225,0.0,0.5399999999999999,0.0,129.93364452840402,7.345111227186325e-16,True,True,False
4.275,0.0001486285143746935,0.0,0.0007489948252130137,4.8329443512072466e-17,-5.105342920925018e-16,3.4077561093881315e-16,0.0037193752571017076,0.22499999999999998,-3.1743130921711316e-16,0.5398513714856252,0.225,0.0,0.5399999999999999,0.0,129.93364452840402,7.362486702954049e-16,True,True,False
4.28,0.0001523269963105145,0.0,0.0007303979489275193,4.802510381380296e-17,-5.105342920925018e-16,3.4077561093881315e-16,0.0037193752571017076,0.22499999999999998,-3.1930174728252694e-16,0.5398476730036894,0.225,0.0,0.5399999999999999,0.0,129.93364452840402,7.37993452066205e-16,True,True,False
4.285,0.00015593249386436359,0.0,0.0007118010726420249,4.773899120977868e-17,-5.105342920925018e-16,3.4077561093881315e-16,0.0037193752571017076,0.22499999999999998,-3.211825450636539e-16,0.5398440675061356,0.225,0.0,0.5399999999999999,0.0,129.93364452840402,7.3974549380672e-16,True,True,False
4.29,0.00015944500703712894,0.0,0.0006932041963565304,4.7471435267842145e-17,-5.105342920925018e-16,3.4077561093881315e-16,0.0037193752571017076,0.22499999999999998,-3.230736957130141e-16,0.5398405549929628,0.225,0.0,0.5399999999999999,0.0,129.93364452840402,7.415048210871143e-16,True,True,False
4.295,0.00016286453582792237,0.0,0.000674607320071036,4.7222751405560385e-17,-5.105342920925018e-16,3.4077561093881315e-16,0.0037193752571017076,0.22499999999999998,-3.249751924377717e-16,0.539837135464172,0.225,0.0,0.5399999999999999,0.0,129.93364452840402,7.432714592734959e-16,True,True,False
4.3,0.0001661910802367439,0.0,0.0006560104437855416,4.6993239231772586e-17,-5.0301183504935e-16,3.578374795244579e-16,0.003293183034669859,0.22499999999999998,-3.2688702849934306e-16,0.5398338089197632,0.225,0.0,0.5399999999999999,0.0,129.928001743379,7.633052921938543e-16,True,True,False
4.305,0.00016942996766877716,0.0,0.0006395445286122086,4.676265314891645e-17,-5.0301183504935e-16,3.578374795244579e-16,0.003293183034669859,0.22499999999999998,-3.2880992871294126e-16,0.5398305700323311,0.225,0.0,0.5399999999999999,0.0,129.928001743379,7.650373558724526e-16,True,True,False
4.3100000000000005,0.00017258652552387677,0.0,0.0006230786134388757,4.6554848628064403e-17,-5.0301183504935e-16,3.578374795244579e-16,0.003293183034669859,0.22499999999999998,-3.307446102200912e-16,0.539827413474476,0.225,0.0,0.5399999999999999,0.0,129.928001743379,7.6677361674189e-16,True,True,False
4.315,0.0001756607538020427,0.0,0.0006066126982655427,4.637013195218431e-17,-5.0301183504935e-16,3.578374795244579e-16,0.003293183034669859,0.22499999999999998,-3.326910549321955e-16,0.5398243392461979,0.225,0.0,0.5399999999999999,0.0,129.928001743379,7.68514142349408e-16,True,True,False
4.32,0.00017865265250593954,0.0,0.0005901467830922097,4.62087799987064e-17,-5.0301183504935e-16,3.578374795244579e-16,0.003293183034669859,0.22499999999999998,-3.346492448443647e-16,0.539821347347494,0.225,0.0,0.5399999999999999,0.0,129.928001743379,7.70258999929665e-16,True,True,False
4.325,0.00018156222163379088,0.0,0.0005736808679188768,4.607103825506413e-17,-5.0301183504935e-16,3.578374795244579e-16,0.003293183034669859,0.22499999999999998,-3.366191620362079e-16,0.5398184377783661,0.225,0.0,0.5399999999999999,0.0,129.928001743379,7.720082564017792e-16,True,True,False
4.33,0.00018438946118559674,0.0,0.0005572149527455438,4.59571190138719e-17,-5.0301183504935e-16,3.578374795244579e-16,0.003293183034669859,0.22499999999999998,-3.386007886725983e-16,0.5398156105388143,0.225,0.0,0.5399999999999999,0.0,129.928001743379,7.737619783664722e-16,True,True,False
4.335,0.00018713437116046894,0.0,0.0005407490375722107,4.586719977757155e-17,-5.0301183504935e-16,3.578374795244579e-16,0.003293183034669859,0.22499999999999998,-3.4059410700441236e-16,0.5398128656288395,0.225,0.0,0.5399999999999999,0.0,129.928001743379,7.755202321033098e-16,True,True,False
4.34,0.00018979695156107201,0.0,0.0005242831223988777,4.580142189977298e-17,-5.0301183504935e-16,3.578374795244579e-16,0.003293183034669859,0.22499999999999998,-3.4259909936924053e-16,0.5398102030484389,0.225,0.0,0.5399999999999999,0.0,129.928001743379,7.772830835680434e-16,True,True,False
4.345,0.0001923772023856296,0.0,0.0005078172072255448,4.575988948709576e-17,-5.0301183504935e-16,3.578374795244579e-16,0.003293183034669859,0.22499999999999995,-3.446157481920749e-16,0.5398076227976143,0.225,0.0,0.5399999999999999,0.0,129.928001743379,7.790505983900486e-16,True,True,False
4.3500000000000005,0.00019487512363325354,0.0,0.0004913512920522118,4.574266858116501e-17,-4.82849374615201e-16,3.757530318129256e-16,0.0028889802639822625,0.22499999999999995,-3.4664403598596713e-16,0.5398051248763667,0.225,0.0,0.5399999999999999,0.0,129.92265009869513,7.999962587803902e-16,True,True,False
4.355,0.00019729576784011105,0.0,0.0004769063907323091,4.5740381530829e-17,-4.82849374615201e-16,3.757530318129256e-16,0.0028889802639822625,0.22499999999999995,-3.486844480094707e-16,0.5398027042321598,0.225,0.0,0.5399999999999999,0.0,129.92265009869513,8.017235417023706e-16,True,True,False
4.36,0.000199644187540593,0.0,0.0004624614894124064,4.576754513291314e-17,-4.82849374615201e-16,3.757530318129256e-16,0.0028889802639822625,0.22499999999999995,-3.5073746325255054e-16,0.5398003558124593,0.225,0.0,0.5399999999999999,0.0,129.92265009869513,8.03454245502228e-16,True,True,False
4.365,0.0002019203827338112,0.0,0.0004480165880925037,4.582410701419741e-17,-4.82849374615201e-16,3.757530318129256e-16,0.0028889802639822625,0.22499999999999995,-3.528030550132245e-16,0.5397980796172661,0.225,0.0,0.5399999999999999,0.0,129.92265009869513,8.051884698916873e-16,True,True,False
4.37,0.000204124353421542,0.0,0.000433571686772601,4.5909958517209814e-17,-4.82849374615201e-16,3.757530318129256e-16,0.0028889802639822625,0.22499999999999995,-3.5488119668998943e-16,0.5397958756465784,0.225,0.0,0.5399999999999999,0.0,129.92265009869513,8.069263142072617e-16,True,True,False
4.375,0.00020625609960200908,0.0,0.00041912678545269824,4.6024935738175365e-17,-4.82849374615201e-16,3.757530318129256e-16,0.0028889802639822625,0.22499999999999995,-3.569718617841312e-16,0.5397937439003979,0.225,0.0,0.5399999999999999,0.0,129.92265009869513,8.086678774016269e-16,True,True,False
4.38,0.0002083156212761006,0.0,0.0004046818841327955,4.616882107659187e-17,-4.82849374615201e-16,3.757530318129256e-16,0.0028889802639822625,0.22499999999999995,-3.590750239019826e-16,0.5397916843787238,0.225,0.0,0.5399999999999999,0.0,129.92265009869513,8.104132580351836e-16,True,True,False
4.385,0.00021030291844292837,0.0,0.00039023698281289283,4.6341345262621277e-17,-4.82849374615201e-16,3.757530318129256e-16,0.0028889802639822625,0.22499999999999995,-3.6119065675713273e-16,0.539789697081557,0.225,0.0,0.5399999999999999,0.0,129.92265009869513,8.121625542678159e-16,True,True,False
4.39,0.00021221799110426876,0.0,0.00037579208149299015,4.654218981896452e-17,-4.82849374615201e-16,3.757530318129256e-16,0.0028889802639822625,0.22499999999999995,-3.6331873417257995e-16,0.5397877820088957,0.225,0.0,0.5399999999999999,0.0,129.92265009869513,8.139158638508425e-16,True,True,False
4.3950000000000005,0.0002140608392583454,0.0,0.00036134718017308737,4.6772884236379875e-17,-4.82849374615201e-16,3.757530318129256e-16,0.0028889802639822625,0.22499999999999995,-3.654592152828417e-16,0.5397859391607416,0.225,0.0,0.5399999999999999,0.0,129.92265009869513,8.156666591546323e-16,True,True,False
4.4,0.0002158314629051583,0.0,0.00034690227885318464,4.703726127801165e-17,-4.4767715494172855e-16,3.9463352425814497e-16,0.0025091467534170964,0.22499999999999995,-3.6761191531418843e-16,0.5397841685370948,0.225,0.0,0.5399999999999999,0.0,129.91762110301522,8.376180326201852e-16,True,True,False
4.405,0.00021753460996498664,0.0,0.00033435654508611715,4.7339422461450224e-17,-4.4767715494172855e-16,3.9463352425814497e-16,0.0025091467534170964,0.22499999999999995,-3.6977755379656154e-16,0.5397824653900349,0.225,0.0,0.5399999999999999,0.0,129.91762110301522,8.393362812343652e-16,True,True,False
4.41,0.00021917502835633318,0.0,0.00032181081131904966,4.767209945556945e-17,-4.4767715494172855e-16,3.9463352425814497e-16,0.0025091467534170964,0.22499999999999995,-3.7195687260002076e-16,0.5397808249716436,0.225,0.0,0.5399999999999999,0.0,129.91762110301522,8.410562544481924e-16,True,True,False
4.415,0.00022075271807830976,0.0,0.0003092650775519822,4.803465822809688e-17,-4.4767715494172855e-16,3.9463352425814497e-16,0.0025091467534170964,0.22499999999999995,-3.7414982433563876e-16,0.5397792472819216,0.225,0.0,0.5399999999999999,0.0,129.91762110301522,8.427781292235019e-16,True,True,False
4.42,0.00022226767913180456,0.0,0.0002967193437849147,4.8426427627368595e-17,-4.4767715494172855e-16,3.9463352425814497e-16,0.0025091467534170964,0.22499999999999995,-3.7635636170957176e-16,0.5397777323208681,0.225,0.0,0.5399999999999999,0.0,129.91762110301522,8.445020821670637e-16,True,True,False
4.425,0.0002237199115159294,0.0,0.0002841736100178472,4.8846704816986226e-17,-4.4767715494172855e-16,3.9463352425814497e-16,0.0025091467534170964,0.22499999999999995,-3.785764375315997e-16,0.539776280088484,0.225,0.0,0.5399999999999999,0.0,129.91762110301522,8.462282894986907e-16,True,True,False
4.43,0.00022510941523157246,0.0,0.0002716278762507797,4.9294760647325646e-17,-4.4767715494172855e-16,3.9463352425814497e-16,0.0025091467534170964,0.22499999999999995,-3.808100047235712e-16,0.5397748905847684,0.225,0.0,0.5399999999999999,0.0,129.91762110301522,8.479569270197042e-16,True,True,False
4.4350000000000005,0.00022643619027873374,0.0,0.00025908214248371216,4.976984488771075e-17,-4.4767715494172855e-16,3.9463352425814497e-16,0.0025091467534170964,0.22499999999999995,-3.830570163277461e-16,0.5397735638097212,0.225,0.0,0.5399999999999999,0.0,129.91762110301522,8.496881700817817e-16,True,True,False
4.44,0.00022770023665652506,0.0,0.0002465364087166447,5.0271191253905795e-17,-4.4767715494172855e-16,3.9463352425814497e-16,0.0025091467534170964,0.22499999999999995,-3.8531742551502735e-16,0.5397722997633434,0.225,0.0,0.5399999999999999,0.0,129.91762110301522,8.51422193556214e-16,True,True,False
4.445,0.0002289015543658346,0.0,0.00023399067494957721,5.0788893275048614e-17,-4.4767715494172855e-16,3.9463352425814497e-16,0.0025091467534170964,0.22499999999999995,-3.8759073285291514e-16,0.5397710984456341,0.225,0.0,0.5399999999999999,0.0,129.91762110301522,8.531439500780016e-16,True,True,False
4.45,0.00023004014340666235,0.0,0.00022144494118250975,5.132882848240804e-17,-3.9877130845458296e-16,4.144464158798444e-16,0.002155298154578758,0.22499999999999995,-3.898763968968647e-16,0.5397699598565933,0.225,0.0,0.5399999999999999,0.0,129.9129361475666,8.76077066439651e-16,True,True,False
4.455,0.00023112042688444578,0.0,0.00021066845040963584,5.1904651468231477e-17,-3.9877130845458296e-16,4.144464158798444e-16,0.002155298154578758,0.22499999999999995,-3.9217539545716874e-16,0.5397688795731155,0.225,0.0,0.5399999999999999,0.0,129.9129361475666,8.777790734836752e-16,True,True,False
4.46,0.00023214682790906327,0.0,0.00019989195963676193,5.250246823405646e-17,-3.9877130845458296e-16,4.144464158798444e-16,0.002155298154578758,0.22499999999999995,-3.9448866942347843e-16,0.5397678531720909,0.225,0.0,0.5399999999999999,0.0,129.9129361475666,8.794829367757714e-16,True,True,False
4.465,0.0002331193464805148,0.0,0.00018911546886388802,5.312153624722306e-17,-3.9877130845458296e-16,4.144464158798444e-16,0.002155298154578758,0.22499999999999995,-3.968161521077983e-16,0.5397668806535194,0.225,0.0,0.5399999999999999,0.0,129.9129361475666,8.811889053452103e-16,True,True,False
4.47,0.00023403798259880038,0.0,0.0001783389780910141,5.3761121378086605e-17,-3.9877130845458296e-16,4.144464158798444e-16,0.002155298154578758,0.22499999999999995,-3.991577769684334e-16,0.5397659620174011,0.225,0.0,0.5399999999999999,0.0,129.9129361475666,8.828972276749438e-16,True,True,False
4.4750000000000005,0.00023490273626303182,0.0,0.0001675624873181402,5.4420500239901237e-17,-3.9877130845458296e-16,4.144464158798444e-16,0.002155298154578758,0.22499999999999995,-4.01513477626749e-16,0.5397650972637369,0.225,0.0,0.5399999999999999,0.0,129.9129361475666,8.846081516390117e-16,True,True,False
4.48,0.00023571360747320913,0.0,0.00015678599654526628,5.509896221218891e-17,-3.9877130845458296e-16,4.144464158798444e-16,0.002155298154578758,0.22499999999999995,-4.0388318788372565e-16,0.5397642863925267,0.225,0.0,0.5399999999999999,0.0,129.9129361475666,8.863219244407308e-16,True,True,False
4.485,0.0002364705962293323,0.0,0.00014600950577239237,5.57958111629068e-17,-3.9877130845458296e-16,4.144464158798444e-16,0.002155298154578758,0.22499999999999995,-4.0626684173628203e-16,0.5397635294037706,0.225,0.0,0.5399999999999999,0.0,129.9129361475666,8.880387925517356e-16,True,True,False
4.49,0.00023717370253140135,0.0,0.00013523301499951846,5.651036688750738e-17,-3.9877130845458296e-16,4.144464158798444e-16,0.002155298154578758,0.22499999999999995,-4.0866437339335157e-16,0.5397628262974685,0.225,0.0,0.5399999999999999,0.0,129.9129361475666,8.897590016519456e-16,True,True,False
4.495,0.00023782292637941627,0.0,0.00012445652422664457,5.724196628490349e-17,-3.9877130845458296e-16,4.144464158798444e-16,0.002155298154578758,0.22499999999999995,-4.1107571729169324e-16,0.5397621770736205,0.225,0.0,0.5399999999999999,0.0,129.9129361475666,8.914827965705246e-16,True,True,False
4.5,0.00023841826777337705,0.0,0.00011368003345377059,5.79899642915114e-17,-3.389154014232472e-16,4.3506426945316284e-16,0.0018283897237284592,0.22499999999999995,-4.1350080811141736e-16,0.5397615817322265,0.225,0.0,0.5399999999999999,0.0,129.90860787994217,9.15274881853608e-16,True,True,False
4.505,0.00023896381306853787,0.0,0.00010453808483513765,5.884031795766784e-17,-3.389154014232472e-16,4.3506426945316284e-16,0.0018283897237284592,0.22499999999999995,-4.159399117922907e-16,0.5397610361869314,0.225,0.0,0.5399999999999999,0.0,129.90860787994217,9.169541612519326e-16,True,True,False
4.51,0.00023946364862104108,0.0,9.539613621650472e-05,5.97106306024075e-17,-3.389154014232472e-16,4.3506426945316284e-16,0.0018283897237284592,0.22499999999999995,-4.1839328791095973e-16,0.5397605363513789,0.225,0.0,0.5399999999999999,0.0,129.90860787994217,9.186376903113327e-16,True,True,False
4.515,0.0002399177744308867,0.0,8.625418759787177e-05,6.060004230414294e-17,-3.389154014232472e-16,4.3506426945316284e-16,0.0018283897237284592,0.22499999999999995,-4.2086086209250585e-16,0.539760082225569,0.225,0.0,0.5399999999999999,0.0,129.90860787994217,9.203257467659301e-16,True,True,False
4.5200000000000005,0.0002403261904971865,0.0,7.711223897923884e-05,6.150772454204185e-17,-3.389154014232472e-16,4.3506426945316284e-16,0.0018283897237284592,0.22499999999999995,-4.233425603084497e-16,0.5397596738095027,0.225,0.0,0.5399999999999999,0.0,129.90860787994217,9.22018607056155e-16,True,True,False
4.525,0.00024068889682082872,0.0,6.79702903606059e-05,6.243288044103458e-17,-3.389154014232472e-16,4.3506426945316284e-16,0.0018283897237284592,0.22499999999999995,-4.258383088955588e-16,0.5397593111031791,0.225,0.0,0.5399999999999999,0.0,129.90860787994217,9.237165462585209e-16,True,True,False
4.53,0.00024100589340092515,0.0,5.882834174197295e-05,6.337474475481831e-17,-3.389154014232472e-16,4.3506426945316284e-16,0.0018283897237284592,0.22499999999999995,-4.283480345741512e-16,0.539758994106599,0.225,0.0,0.5399999999999999,0.0,129.90860787994217,9.25419838017264e-16,True,True,False
4.535,0.00024127718023836398,0.0,4.968639312334001e-05,6.4332583626505e-17,-3.389154014232472e-16,4.3506426945316284e-16,0.0018283897237284592,0.22499999999999995,-4.3087166446588746e-16,0.5397587228197616,0.225,0.0,0.5399999999999999,0.0,129.90860787994217,9.271287544779143e-16,True,True,False
4.54,0.000241502757332257,0.0,4.054444450470707e-05,6.53056941631676e-17,-3.389154014232472e-16,4.3506426945316284e-16,0.0018283897237284592,0.22499999999999995,-4.334091261110235e-16,0.5397584972426677,0.225,0.0,0.5399999999999999,0.0,129.90860787994217,9.288435662228633e-16,True,True,False
4.545,0.00024168262468260426,0.0,3.140249588607414e-05,6.629340385705156e-17,-3.389154014232472e-16,4.3506426945316284e-16,0.0018283897237284592,0.22499999999999995,-4.3596034748511437e-16,0.5397583173753173,0.225,0.0,0.5399999999999999,0.0,129.90860787994217,9.30564542208987e-16,True,True,False
4.55,0.00024181678229118209,0.0,2.2260547267441187e-05,6.729506988274944e-17,-2.654274508991804e-16,4.566159291779233e-16,0.0015288126091831367,0.22499999999999995,-4.385252570151543e-16,0.5397581832177087,0.225,0.0,0.5399999999999999,0.0,129.9046414789456,9.553552094195655e-16,True,True,False
4.555,0.00024190897486919827,0.0,1.4616484221532932e-05,6.80719005650829e-17,-2.654274508991804e-16,4.566159291779233e-16,0.0015288126091831367,0.22499999999999995,-4.41104145577177e-16,0.5397580910251307,0.225,0.0,0.5399999999999999,0.0,129.9046414789456,9.57035617457982e-16,True,True,False
4.5600000000000005,0.00024196294713318967,0.0,6.972421175624677e-06,6.885399846095984e-17,-2.654274508991804e-16,4.566159291779233e-16,0.0015288126091831367,0.22499999999999995,-4.43697291852127e-16,0.5397580370528667,0.225,0.0,0.5399999999999999,0.0,129.9046414789456,9.587227450486146e-16,True,True,False
4.565,0.00024197869908137992,0.0,6.716418702835758e-07,6.964118611197051e-17,-2.654274508991804e-16,4.566159291779233e-16,0.0015288126091831367,0.22499999999999995,-4.463046068769115e-16,0.5397580213009185,0.225,0.0,0.5399999999999999,0.0,129.9046414789456,9.604169244013935e-16,True,True,False
4.57,0.00024195623071465722,0.0,8.315704916191829e-06,7.043329286355487e-17,-2.654274508991804e-16,4.566159291779233e-16,0.0015288126091831367,0.22499999999999995,-4.489260023203902e-16,0.5397580437692853,0.225,0.0,0.5399999999999999,0.0,129.9046414789456,9.621184853663827e-16,True,True,False
4.575,0.0002418955420312452,0.0,1.5959767962100085e-05,7.12301546090235e-17,-2.654274508991804e-16,4.566159291779233e-16,0.0015288126091831367,0.22499999999999995,-4.515613905065391e-16,0.5397581044579687,0.225,0.0,0.5399999999999999,0.0,129.9046414789456,9.638277553472768e-16,True,True,False
4.58,0.00024179663303469656,0.0,2.3603831008008335e-05,7.203161353980917e-17,-2.654274508991804e-16,4.566159291779233e-16,0.0015288126091831367,0.22499999999999995,-4.542106844366155e-16,0.5397582033669652,0.225,0.0,0.5399999999999999,0.0,129.9046414789456,9.655450592186449e-16,True,True,False
4.585,0.0002416595037223468,0.0,3.124789405391659e-05,7.283751790233088e-17,-2.654274508991804e-16,4.566159291779233e-16,0.0015288126091831367,0.22499999999999995,-4.568737978102936e-16,0.5397583404962776,0.225,0.0,0.5399999999999999,0.0,129.9046414789456,9.672707192469888e-16,True,True,False
4.59,0.00024148415409419588,0.0,3.889195709982484e-05,7.364772176175749e-17,-2.654274508991804e-16,4.566159291779233e-16,0.0015288126091831367,0.22499999999999995,-4.595506450457769e-16,0.5397585158459057,0.225,0.0,0.5399999999999999,0.0,129.9046414789456,9.690050550156514e-16,True,True,False
4.595,0.00024127058415024383,0.0,4.653602014573308e-05,7.44620847728765e-17,-2.654274508991804e-16,4.566159291779233e-16,0.0015288126091831367,0.22499999999999995,-4.622411412988616e-16,0.5397587294158497,0.225,0.0,0.5399999999999999,0.0,129.9046414789456,9.707483833536216e-16,True,True,False
4.6000000000000005,0.00024101879389315517,0.0,5.418008319164133e-05,7.528047195820291e-17,-1.8030472552823125e-16,4.79113173002529e-16,0.0012564824721881863,0.22499999999999995,-4.64945202480958e-16,0.5397589812061068,0.225,0.0,0.5399999999999999,0.0,129.90103582793176,9.965755768422662e-16,True,True,False
4.605,0.00024073218744524727,0.0,6.046249555256944e-05,7.680291750026112e-17,-1.8030472552823125e-16,4.79113173002529e-16,0.0012564824721881863,0.22499999999999995,-4.676630888282185e-16,0.5397592678125547,0.225,0.0,0.5399999999999999,0.0,129.90103582793176,9.98282705613251e-16,True,True,False
4.61,0.00024041416893594292,0.0,6.674490791349758e-05,7.834746073407666e-17,-1.8030472552823125e-16,4.79113173002529e-16,0.0012564824721881863,0.22499999999999995,-4.70395042470069e-16,0.539759585831064,0.225,0.0,0.5399999999999999,0.0,129.90103582793176,9.999997340457812e-16,True,True,False
4.615,0.00024006473836524211,0.0,7.302732027442572e-05,7.988587421178711e-17,-1.8030472552823125e-16,4.79113173002529e-16,0.0012564824721881863,0.22499999999999995,-4.7314095368822505e-16,0.5397599352616347,0.225,0.0,0.5399999999999999,0.0,129.90103582793176,1.0017269193516387e-15,True,True,False
4.62,0.00023968389573225668,0.0,7.930973263535357e-05,8.065353825240036e-17,-1.8030472552823125e-16,4.79113173002529e-16,0.0012564824721881863,0.22499999999999995,-4.759006441287417e-16,0.5397603161042677,0.225,0.0,0.5399999999999999,0.0,129.90103582793176,1.0034610770453622e-15,True,True,False
4.625,0.00023927164103698662,0.0,8.559214499628145e-05,8.142312784880151e-17,-1.8030472552823125e-16,4.79113173002529e-16,0.0012564824721881863,0.22499999999999995,-4.786739840316528e-16,0.5397607283589629,0.225,0.0,0.5399999999999999,0.0,129.90103582793176,1.0052074814084911e-15,True,True,False
4.63,0.0002388279742803201,0.0,9.187455735720933e-05,8.21945889139551e-17,-1.8030472552823125e-16,4.79113173002529e-16,0.0012564824721881863,0.22499999999999995,-4.814609226639086e-16,0.5397611720257196,0.225,0.0,0.5399999999999999,0.0,129.90103582793176,1.0069663218906327e-15,True,True,False
4.635,0.00023835289546225713,0.0,9.815696971813721e-05,8.296786924338117e-17,-1.8030472552823125e-16,4.79113173002529e-16,0.0012564824721881863,0.22499999999999995,-4.842614099015288e-16,0.5397616471045377,0.225,0.0,0.5399999999999999,0.0,129.90103582793176,1.0087377856669745e-15,True,True,False
4.64,0.00023784640458190953,0.0,0.00010443938207906506,8.374291843995198e-17,-1.8030472552823125e-16,4.79113173002529e-16,0.0012564824721881863,0.22499999999999995,-4.870753962288424e-16,0.539762153595418,0.225,0.0,0.5399999999999999,0.0,129.90103582793176,1.0105220576411329e-15,True,True,False
4.6450000000000005,0.0002373085016392773,0.0,0.00011072179443999301,8.469275437292081e-17,-1.8030472552823125e-16,4.79113173002529e-16,0.0012564824721881863,0.22499999999999995,-4.8990283811325e-16,0.5397626914983606,0.225,0.0,0.5399999999999999,0.0,129.90103582793176,1.0123142457958842e-15,True,True,False
4.65,0.00023673918663524862,0.0,0.00011700420680092103,8.594769648747753e-17,-8.244112601611249e-17,5.027919426785235e-16,0.001010920396008268,0.22499999999999995,-4.927437591499051e-16,0.5397632608133647,0.225,0.0,0.5399999999999999,0.0,129.89778458604314,1.0394497330861335e-15,True,True,False
4.655,0.0002361415290966784,0.0,0.00012205880878095017,8.695421792529781e-17,-8.244112601611249e-17,5.027919426785235e-16,0.001010920396008268,0.22499999999999995,-4.955984286395929e-16,0.5397638584709032,0.225,0.0,0.5399999999999999,0.0,129.89778458604314,1.041221965935942e-15,True,True,False
4.66,0.00023551859854775703,0.0,0.00012711341076097942,8.796436748171774e-17,-8.244112601611249e-17,5.027919426785235e-16,0.001010920396008268,0.22499999999999995,-4.984670071095212e-16,0.5397644814014522,0.225,0.0,0.5399999999999999,0.0,129.89778458604314,1.043007239716386e-15,True,True,False
4.665,0.00023487039498937268,0.0,0.00013216801274100863,8.897802158892411e-17,-8.244112601611249e-17,5.027919426785235e-16,0.001010920396008268,0.22499999999999995,-5.013493460903031e-16,0.5397651296050106,0.225,0.0,0.5399999999999999,0.0,129.89778458604314,1.0448061088484349e-15,True,True,False
4.67,0.00023419691842063717,0.0,0.00013722261472103782,8.99950618270874e-17,-8.244112601611249e-17,5.027919426785235e-16,0.001010920396008268,0.22499999999999995,-5.042452990037059e-16,0.5397658030815793,0.225,0.0,0.5399999999999999,0.0,129.89778458604314,1.0466191206910317e-15,True,True,False
4.675,0.0002334981688415505,0.0,0.0001422772167010671,9.101537468255234e-17,-8.244112601611249e-17,5.027919426785235e-16,0.001010920396008268,0.22499999999999995,-5.071547212048654e-16,0.5397665018311584,0.225,0.0,0.5399999999999999,0.0,129.89778458604314,1.0484468153834445e-15,True,True,False
4.68,0.00023277414625300086,0.0,0.0001473318186810963,9.203885131786124e-17,-8.244112601611249e-17,5.027919426785235e-16,0.001010920396008268,0.22499999999999995,-5.100774700203284e-16,0.5397672258537469,0.225,0.0,0.5399999999999999,0.0,129.89778458604314,1.0502897257032084e-15,True,True,False
4.6850000000000005,0.00023202485065498824,0.0,0.00015238642066112552,9.306538735308212e-17,-8.244112601611249e-17,5.027919426785235e-16,0.001010920396008268,0.22499999999999995,-5.130134047819798e-16,0.5397679751493449,0.225,0.0,0.5399999999999999,0.0,129.89778458604314,1.0521483769394436e-15,True,True,False
4.69,0.00023125028204662446,0.0,0.00015744102264115474,9.40948826579264e-17,-8.244112601611249e-17,5.027919426785235e-16,0.001010920396008268,0.22499999999999995,-5.159623868569253e-16,0.5397687497179533,0.225,0.0,0.5399999999999999,0.0,129.89778458604314,1.0540232867812542e-15,True,True,False
4.695,0.0002304504404287977,0.0,0.00016249562462118398,9.512724115415377e-17,-8.244112601611249e-17,5.027919426785235e-16,0.001010920396008268,0.22499999999999995,-5.189242796734247e-16,0.5397695495595711,0.225,0.0,0.5399999999999999,0.0,129.89778458604314,1.0559149652208899e-15,True,True,False
4.7,0.00022962532580061978,0.0,0.00016755022660121312,9.590075196810794e-17,1.484788843396093e-17,5.272746559243972e-16,0.0007913261616994728,0.22499999999999995,-5.218990661651867e-16,0.5397703746741993,0.225,0.0,0.5399999999999999,0.0,129.8948771583809,1.0840119487340164e-15,True,True,False
4.705,0.00022877768309081947,0.0,0.00017150685740969712,9.645246472892523e-17,1.484788843396093e-17,5.272746559243972e-16,0.0007913261616994728,0.22499999999999995,-5.248872905575432e-16,0.5397712223169091,0.225,0.0,0.5399999999999999,0.0,129.8948771583809,1.0858781965997197e-15,True,True,False
4.71,0.00022791025722634917,0.0,0.00017546348821818116,9.700423240195842e-17,1.484788843396093e-17,5.272746559243972e-16,0.0007913261616994728,0.22499999999999995,-5.278887831830645e-16,0.5397720897427736,0.225,0.0,0.5399999999999999,0.0,129.8948771583809,1.0877625411600516e-15,True,True,False
4.715,0.00022702304820809704,0.0,0.0001794201190266652,9.755605405547279e-17,1.484788843396093e-17,5.272746559243972e-16,0.0007913261616994728,0.22499999999999998,-5.309034616038703e-16,0.5397729769517918,0.225,0.0,0.5399999999999999,0.0,129.8948771583809,1.0896652902582004e-15,True,True,False
4.72,0.0002261160560360631,0.0,0.00018337674983514934,9.848552827956014e-17,1.484788843396093e-17,5.272746559243972e-16,0.0007913261616994728,0.22499999999999998,-5.339313368659828e-16,0.5397738839439639,0.225,0.0,0.5399999999999999,0.0,129.8948771583809,1.091581812918603e-15,True,True,False
4.7250000000000005,0.00022518928071024735,0.0,0.00018733338064363356,9.963640175801758e-17,1.484788843396093e-17,5.272746559243972e-16,0.0007913261616994728,0.22499999999999998,-5.369726851623737e-16,0.5397748107192897,0.225,0.0,0.5399999999999999,0.0,129.8948771583809,1.0935138040876323e-15,True,True,False
4.73,0.0002242427222297616,0.0,0.00019129001145211773,1.0079057617737183e-16,1.484788843396093e-17,5.272746559243972e-16,0.0007913261616994728,0.22499999999999998,-5.400274979553057e-16,0.5397757572777702,0.225,0.0,0.5399999999999999,0.0,129.8948771583809,1.0954641300151482e-15,True,True,False
4.735,0.00022327638059549404,0.0,0.00019524664226060198,1.0194793942571159e-16,1.484788843396093e-17,5.272746559243972e-16,0.0007913261616994728,0.22499999999999998,-5.430957374824655e-16,0.5397767236194044,0.225,0.0,0.5399999999999999,0.0,129.8948771583809,1.0974329317148515e-15,True,True,False
4.74,0.00022229025580655648,0.0,0.00019920327306908615,1.030846246869373e-16,1.484788843396093e-17,5.272746559243972e-16,0.0007913261616994728,0.22499999999999998,-5.461773665893971e-16,0.5397777097441934,0.225,0.0,0.5399999999999999,0.0,129.8948771583809,1.099420001979911e-15,True,True,False
4.745,0.00022128434786472528,0.0,0.00020315990387757013,1.0353374824672536e-16,1.484788843396093e-17,5.272746559243972e-16,0.0007913261616994728,0.22499999999999998,-5.492727444579581e-16,0.5397787156521352,0.225,0.0,0.5399999999999999,0.0,129.8948771583809,1.1014150290662393e-15,True,True,False
4.75,0.0002202586567682241,0.0,0.00020711653468605417,1.039828823615564e-16,1.2458696473141128e-16,5.530137099906561e-16,0.000596644069208155,0.22499999999999998,-5.523822024134357e-16,0.5397797413432317,0.225,0.0,0.5399999999999999,0.0,129.8922995674763,1.1309686263093606e-15,True,True,False
4.755,0.0002192156160433223,0.0,0.00021009975503207858,1.0468326578266224e-16,1.2458696473141128e-16,5.530137099906561e-16,0.000596644069208155,0.22499999999999998,-5.555051565721014e-16,0.5397807843839566,0.225,0.0,0.5399999999999999,0.0,129.8922995674763,1.132956028675763e-15,True,True,False
4.76,0.00021815765921628927,0.0,0.00021308297537810293,1.0538389381098549e-16,1.2458696473141128e-16,5.530137099906561e-16,0.000596644069208155,0.22499999999999998,-5.586409322564256e-16,0.5397818423407836,0.225,0.0,0.5399999999999999,0.0,129.8922995674763,1.1349659999247976e-15,True,True,False
4.765,0.0002170847862880132,0.0,0.00021606619572412734,1.0608476160006187e-16,1.2458696473141128e-16,5.530137099906561e-16,0.000596644069208155,0.22499999999999998,-5.617893905944137e-16,0.5397829152137119,0.225,0.0,0.5399999999999999,0.0,129.8922995674763,1.1369990586384317e-15,True,True,False
4.7700000000000005,0.00021599699725849408,0.0,0.00021904941607015172,1.0678586442902537e-16,1.2458696473141128e-16,5.530137099906561e-16,0.000596644069208155,0.22499999999999998,-5.649503954099521e-16,0.5397840030027414,0.225,0.0,0.5399999999999999,0.0,129.8922995674763,1.139055713331548e-15,True,True,False
4.775,0.00021489429212684374,0.0,0.00022203263641617612,1.074871976986178e-16,1.2458696473141128e-16,5.530137099906561e-16,0.000596644069208155,0.22499999999999998,-5.681238132105824e-16,0.5397851057078731,0.225,0.0,0.5399999999999999,0.0,129.8922995674763,1.141136462497609e-15,True,True,False
4.78,0.00021377667089306218,0.0,0.0002250158567622005,1.0818875692734731e-16,1.2458696473141128e-16,5.530137099906561e-16,0.000596644069208155,0.22499999999999998,-5.713095131719338e-16,0.5397862233291069,0.225,0.0,0.5399999999999999,0.0,129.8922995674763,1.1432417946667825e-15,True,True,False
4.785,0.00021264413355803757,0.0,0.00022799907710822489,1.0889053774778996e-16,1.2458696473141128e-16,5.530137099906561e-16,0.000596644069208155,0.22499999999999998,-5.74507367119058e-16,0.5397873558664419,0.225,0.0,0.5399999999999999,0.0,129.8922995674763,1.1453721884756461e-15,True,True,False
4.79,0.00021149668012176992,0.0,0.00023098229745424927,1.0959253590302776e-16,1.2458696473141128e-16,5.530137099906561e-16,0.000596644069208155,0.22499999999999998,-5.777172495048941e-16,0.5397885033198782,0.225,0.0,0.5399999999999999,0.0,129.8922995674763,1.1475281127476068e-15,True,True,False
4.795,0.00021033431058337104,0.0,0.00023396551780027367,1.1029474724321788e-16,1.2458696473141128e-16,5.530137099906561e-16,0.000596644069208155,0.22499999999999998,-5.809390373860914e-16,0.5397896656894166,0.225,0.0,0.5399999999999999,0.0,129.8922995674763,1.1497100265831787e-15,True,True,False
4.8,0.00020915702494284094,0.0,0.00023694873814629805,1.1099716772228715e-16,2.262920893528395e-16,5.795542994191475e-16,0.00042562156614500246,0.22499999999999998,-5.84172610396416e-16,0.5397908429750571,0.225,0.0,0.5399999999999999,0.0,129.89003522953575,1.180316492862569e-15,True,True,False
4.805,0.00020796696098257517,0.0,0.00023907684597701095,1.1171569619873605e-16,2.262920893528395e-16,5.795542994191475e-16,0.00042562156614500246,0.22499999999999998,-5.874185952147321e-16,0.5397920330390173,0.225,0.0,0.5399999999999999,0.0,129.89003522953575,1.1824844990559532e-15,True,True,False
4.8100000000000005,0.0002067662564831929,0.0,0.00024120495380772382,1.1243441237514728e-16,2.262920893528395e-16,5.795542994191475e-16,0.00042562156614500246,0.22499999999999998,-5.906776641886838e-16,0.5397932337435167,0.225,0.0,0.5399999999999999,0.0,129.89003522953575,1.184677071882383e-15,True,True,False
4.815,0.00020555491144469418,0.0,0.00024333306163843671,1.131533126748779e-16,2.262920893528395e-16,5.795542994191475e-16,0.00042562156614500246,0.22499999999999998,-5.939497677765692e-16,0.5397944450885552,0.225,0.0,0.5399999999999999,0.0,129.89003522953575,1.186894396342676e-15,True,True,False
4.82,0.00020433292586707896,0.0,0.0002454611694691496,1.1387239361070063e-16,2.262920893528395e-16,5.795542994191475e-16,0.00042562156614500246,0.22499999999999998,-5.972348573998748e-16,0.5397956670741328,0.225,0.0,0.5399999999999999,0.0,129.89003522953575,1.189136653840873e-15,True,True,False
4.825,0.0002031002997494591,0.0,0.0002475892772998625,1.1459165178205444e-16,2.262920893528395e-16,5.795542994191475e-16,0.00042562156614500246,0.22499999999999998,-6.005328854252569e-16,0.5397968997002505,0.225,0.0,0.5399999999999999,0.0,129.89003522953575,1.1914040222515217e-15,True,True,False
4.83,0.00020185703309361092,0.0,0.0002497173851305753,1.153110838723951e-16,2.262920893528395e-16,5.795542994191475e-16,0.00042562156614500246,0.22499999999999998,-6.038438051466635e-16,0.5397981429669063,0.225,0.0,0.5399999999999999,0.0,129.89003522953575,1.193696675986433e-15,True,True,False
4.835,0.00020060312589864626,0.0,0.0002518454929612882,1.1603068664664142e-16,2.262920893528395e-16,5.795542994191475e-16,0.00042562156614500246,0.22499999999999998,-6.071675707676149e-16,0.5397993968741013,0.225,0.0,0.5399999999999999,0.0,129.89003522953575,1.1960147860608503e-15,True,True,False
4.84,0.00019933857816367695,0.0,0.0002539736007920011,1.1675045694871295e-16,2.262920893528395e-16,5.795542994191475e-16,0.00042562156614500246,0.22499999999999998,-6.105041373836568e-16,0.5398006614218362,0.225,0.0,0.5399999999999999,0.0,129.89003522953575,1.198358520158983e-15,True,True,False
4.845,0.00019806338989047934,0.0,0.000256101708622714,1.1747039169915582e-16,2.262920893528395e-16,5.795542994191475e-16,0.00042562156614500246,0.22499999999999998,-6.138534609649907e-16,0.5398019366101094,0.225,0.0,0.5399999999999999,0.0,129.89003522953575,1.2007280426988537e-15,True,True,False
4.8500000000000005,0.00019677756107816524,0.0,0.00025822981645342685,1.1819048789285267e-16,3.3633220054458316e-16,6.072139346033306e-16,0.00027686100888199745,0.22499999999999998,-6.172154983393064e-16,0.5398032224389218,0.225,0.0,0.5399999999999999,0.0,129.88806563975757,1.2327180962676022e-15,True,True,False
4.855,0.00019548295123306136,0.0,0.00025961412149781634,1.189568768004487e-16,3.3633220054458316e-16,6.072139346033306e-16,0.00027686100888199745,0.22499999999999998,-6.205901251432624e-16,0.5398045170487669,0.225,0.0,0.5399999999999999,0.0,129.88806563975757,1.235071561482408e-15,True,True,False
4.86,0.00019418141986327075,0.0,0.0002609984265422059,1.1972346237220376e-16,3.3633220054458316e-16,6.072139346033306e-16,0.00027686100888199745,0.22499999999999998,-6.239771930065516e-16,0.5398058185801367,0.225,0.0,0.5399999999999999,0.0,129.88806563975757,1.2374551826315708e-15,True,True,False
4.865,0.00019287296696790523,0.0,0.00026238273158659536,1.2049024085445518e-16,3.3633220054458316e-16,6.072139346033306e-16,0.00027686100888199745,0.22499999999999998,-6.273766248794566e-16,0.539807127033032,0.225,0.0,0.5399999999999999,0.0,129.88806563975757,1.239869247437562e-15,True,True,False
4.87,0.00019155759254785298,0.0,0.00026376703663098474,1.2123468795862906e-16,3.3633220054458316e-16,6.072139346033306e-16,0.00027686100888199745,0.22499999999999998,-6.3078834543201735e-16,0.5398084424074521,0.225,0.0,0.5399999999999999,0.0,129.88806563975757,1.2423137187070913e-15,True,True,False
4.875,0.00019023529660222582,0.0,0.00026515134167537407,1.2132671747161813e-16,3.3633220054458316e-16,6.072139346033306e-16,0.00027686100888199745,0.22499999999999998,-6.342136143461603e-16,0.5398097647033977,0.225,0.0,0.5399999999999999,0.0,129.88806563975757,1.244775715059174e-15,True,True,False
4.88,0.00018890607913102375,0.0,0.00026653564671976334,1.2141988776250064e-16,3.3633220054458316e-16,6.072139346033306e-16,0.00027686100888199745,0.22499999999999998,-6.376535709374344e-16,0.5398110939208689,0.225,0.0,0.5399999999999999,0.0,129.88806563975757,1.2472608661845755e-15,True,True,False
4.885,0.00018756994013424677,0.0,0.00026791995176415266,1.2151419620722247e-16,3.3633220054458316e-16,6.072139346033306e-16,0.00027686100888199745,0.22499999999999998,-6.411082082314103e-16,0.5398124300598657,0.225,0.0,0.5399999999999999,0.0,129.88806563975757,1.2497691981275252e-15,True,True,False
4.89,0.00018622687961278306,0.0,0.000269304256808542,1.21780708336888e-16,3.3633220054458316e-16,6.072139346033306e-16,0.00027686100888199745,0.22499999999999998,-6.445776691016805e-16,0.5398137731203871,0.225,0.0,0.5399999999999999,0.0,129.88806563975757,1.2522928790904526e-15,True,True,False
4.8950000000000005,0.00018487689756663261,0.0,0.00027068856185293136,1.2217840361811218e-16,3.3633220054458316e-16,6.072139346033306e-16,0.00027686100888199745,0.22499999999999998,-6.4806264799499e-16,0.5398151231024333,0.225,0.0,0.5399999999999999,0.0,129.88806563975757,1.2548320004161174e-15,True,True,False
4.9,0.00018351999399490726,0.0,0.00027207286689732074,1.225762515215953e-16,4.4405517558708364e-16,6.364023788641476e-16,0.000148864929828821,0.22499999999999998,-6.515632312963459e-16,0.539816480006005,0.225,0.0,0.5399999999999999,0.0,129.8863709716709,1.288621387726912e-15,True,True,False
4.905,0.00018215776884888957,0.0,0.0002728171915464469,1.2274785995173834e-16,4.4405517558708364e-16,6.364023788641476e-16,0.000148864929828821,0.225,-6.550780470778715e-16,0.539817842231151,0.225,0.0,0.5399999999999999,0.0,129.8863709716709,1.2911560437646513e-15,True,True,False
4.91,0.0001807918220798621,0.0,0.0002735615161955731,1.2292035053446046e-16,4.4405517558708364e-16,6.364023788641476e-16,0.000148864929828821,0.225,-6.586056807698345e-16,0.5398192081779201,0.225,0.0,0.5399999999999999,0.0,129.8863709716709,1.2937228565331201e-15,True,True,False
4.915,0.00017942215368782488,0.0,0.0002743058408446994,1.230937195612943e-16,4.4405517558708364e-16,6.364023788641476e-16,0.000148864929828821,0.225,-6.621460690415098e-16,0.5398205778463121,0.225,0.0,0.5399999999999999,0.0,129.8863709716709,1.2963220625247191e-15,True,True,False
4.92,0.0001780487636727779,0.0,0.0002750501654938255,1.2326796332580247e-16,4.4405517558708364e-16,6.364023788641476e-16,0.000148864929828821,0.225,-6.656991499758275e-16,0.5398219512363271,0.225,0.0,0.5399999999999999,0.0,129.8863709716709,1.298953892952923e-15,True,True,False
4.925,0.00017667165203383295,0.0,0.0002757944901429517,1.2344307812382628e-16,4.4405517558708364e-16,6.364023788641476e-16,0.000148864929828821,0.225,-6.692648630372536e-16,0.5398233283479661,0.225,0.0,0.5399999999999999,0.0,129.8863709716709,1.301618573872203e-15,True,True,False
4.93,0.00017529081877099006,0.0,0.00027653881479207794,1.2361906025373131e-16,4.4405517558708364e-16,6.364023788641476e-16,0.000148864929828821,0.225,-6.72843149040151e-16,0.5398247091812289,0.225,0.0,0.5399999999999999,0.0,129.8863709716709,1.3043163262961935e-15,True,True,False
4.9350000000000005,0.00017390626388424923,0.0,0.00027728313944120416,1.2379590601664945e-16,4.4405517558708364e-16,6.364023788641476e-16,0.000148864929828821,0.225,-6.764339501176234e-16,0.5398260937361157,0.225,0.0,0.5399999999999999,0.0,129.8863709716709,1.307047366314026e-15,True,True,False
4.94,0.00017251798737538682,0.0,0.0002780274640903303,1.239736117167175e-16,4.4405517558708364e-16,6.364023788641476e-16,0.000148864929828821,0.225,-6.80037209690866e-16,0.5398274820126245,0.225,0.0,0.5399999999999999,0.0,129.8863709716709,1.309811905204784e-15,True,True,False
4.945,0.00017112598924262645,0.0,0.00027877178873945654,1.241521736613123e-16,4.4405517558708364e-16,6.364023788641476e-16,0.000148864929828821,0.225,-6.836528724390366e-16,0.5398288740107573,0.225,0.0,0.5399999999999999,0.0,129.8863709716709,1.3126101495500083e-15,True,True,False
4.95,0.0001697302694877445,0.0,0.0002795161133885828,1.2437902858074931e-16,5.38221901391264e-16,6.666113870464958e-16,4.00752200664272e-05,0.225,-6.872828715909151e-16,0.5398302697305122,0.225,0.0,0.5399999999999999,0.0,129.8849305959137,1.347729723970044e-15,True,True,False
4.955,0.00016833218798029126,0.0,0.0002797164894889073,1.2459852903289221e-16,5.38221901391264e-16,6.666113870464958e-16,4.00752200664272e-05,0.225,-6.909290261937537e-16,0.5398316678120196,0.225,0.0,0.5399999999999999,0.0,129.8849305959137,1.3504998627546587e-15,True,True,False
4.96,0.00016693310459248156,0.0,0.00027991686558923186,1.248188172970724e-16,5.38221901391264e-16,6.666113870464958e-16,4.00752200664272e-05,0.225,-6.945895745345147e-16,0.5398330668954074,0.225,0.0,0.5399999999999999,0.0,129.8849305959137,1.353299915016054e-15,True,True,False
4.965,0.0001655330193243154,0.0,0.00028011724168955636,1.2503988920952072e-16,5.38221901391264e-16,6.666113870464958e-16,4.00752200664272e-05,0.225,-6.982644968794413e-16,0.5398344669806756,0.225,0.0,0.5399999999999999,0.0,129.8849305959137,1.3561299544448995e-15,True,True,False
4.97,0.0001641319321757928,0.0,0.00028031761778988097,1.2526174062110236e-16,5.38221901391264e-16,6.666113870464958e-16,4.00752200664272e-05,0.225,-7.019537738756746e-16,0.5398358680678241,0.225,0.0,0.5399999999999999,0.0,129.8849305959137,1.3589900533095046e-15,True,True,False
4.9750000000000005,0.00016272984314691374,0.0,0.0002805179938902055,1.2547944725446746e-16,5.38221901391264e-16,6.666113870464958e-16,4.00752200664272e-05,0.225,-7.05657386542392e-16,0.539837270156853,0.225,0.0,0.5399999999999999,0.0,129.8849305959137,1.3618797809829593e-15,True,True,False
4.98,0.00016132675223679005,0.0,0.00028071836999053,1.2555564591123622e-16,5.38221901391264e-16,6.666113870464958e-16,4.00752200664272e-05,0.225,-7.093765847495802e-16,0.5398386732477631,0.225,0.0,0.5399999999999999,0.0,129.8849305959137,1.3647814853617613e-15,True,True,False
4.985,0.00015992265944719808,0.0,0.0002809187460908545,1.2563339628764547e-16,5.38221901391264e-16,6.666113870464958e-16,4.00752200664272e-05,0.225,-7.131124724897426e-16,0.5398400773405527,0.225,0.0,0.5399999999999999,0.0,129.8849305959137,1.3677065127499365e-15,True,True,False
4.99,0.00015851756477636147,0.0,0.000281119122191179,1.257126955045878e-16,5.38221901391264e-16,6.666113870464958e-16,4.00752200664272e-05,0.225,-7.168650494097605e-16,0.5398414824352236,0.225,0.0,0.5399999999999999,0.0,129.8849305959137,1.370654864466117e-15,True,True,False
4.995,0.00015711146822516842,0.0,0.00028131949829150347,1.2569007980430748e-16,5.38221901391264e-16,6.666113870464958e-16,4.00752200664272e-05,0.225,-7.206347240039058e-16,0.5398428885317748,0.225,0.0,0.5399999999999999,0.0,129.8849305959137,1.3736124725723855e-15,True,True,False
5.0,0.00015570436979273072,0.0,0.00028151987439182797,1.2564914228569439e-16,6.286088767507396e-16,6.984490159317864e-16,-5.1093341615013506e-05,0.225,-7.244222502015961e-16,0.5398442956302072,0.225,0.0,0.5399999999999999,0.0,129.883723524157,1.4106495289782534e-15,True,True,False
5.005,0.00015429740908745604,0.0,0.00028126440768373777,1.255482421911809e-16,6.286088767507396e-16,6.984490159317864e-16,-5.1093341615013506e-05,0.225,-7.282260415002652e-16,0.5398457025909125,0.225,0.0,0.5399999999999999,0.0,129.883723524157,1.4135978547753584e-15,True,True,False
5.01,0.00015289172571508747,0.0,0.0002810089409756477,1.2545046409747618e-16,6.286088767507396e-16,6.984490159317864e-16,-5.1093341615013506e-05,0.225,-7.320444797328511e-16,0.5398471082742848,0.225,0.0,0.5399999999999999,0.0,129.883723524157,1.4165790333206802e-15,True,True,False
5.015,0.00015148731967740137,0.0,0.00028075347426755753,1.25355815310104e-16,6.286088767507396e-16,6.984490159317864e-16,-5.1093341615013506e-05,0.225,-7.35877540247676e-16,0.5398485126803225,0.225,0.0,0.5399999999999999,0.0,129.883723524157,1.4195931566696039e-15,True,True,False
5.0200000000000005,0.00015008419097262138,0.0,0.0002804980075594674,1.2526430292250715e-16,6.286088767507396e-16,6.984490159317864e-16,-5.1093341615013506e-05,0.225,-7.397251988870774e-16,0.5398499158090273,0.225,0.0,0.5399999999999999,0.0,129.883723524157,1.4226403150327477e-15,True,True,False
5.025,0.00014868233960252386,0.0,0.0002802425408513772,1.2517593381347053e-16,6.286088767507396e-16,6.984490159317864e-16,-5.1093341615013506e-05,0.225,-7.435874319755923e-16,0.5398513176603974,0.225,0.0,0.5399999999999999,0.0,129.883723524157,1.425720596820075e-15,True,True,False
5.03,0.00014728176556533246,0.0,0.00027998707414328704,1.2509071464460928e-16,6.286088767507396e-16,6.984490159317864e-16,-5.1093341615013506e-05,0.225,-7.4746421630845e-16,0.5398527182344346,0.225,0.0,0.5399999999999999,0.0,129.883723524157,1.4288340886838685e-15,True,True,False
5.035,0.00014588246886282352,0.0,0.0002797316074351969,1.2500865185792452e-16,6.286088767507396e-16,6.984490159317864e-16,-5.1093341615013506e-05,0.225,-7.513555291403612e-16,0.5398541175311371,0.225,0.0,0.5399999999999999,0.0,129.883723524157,1.4319808755605994e-15,True,True,False
5.04,0.00014448444949144434,0.0,0.00027947614072710674,1.2492975167342837e-16,6.286088767507396e-16,6.984490159317864e-16,-5.1093341615013506e-05,0.22500000000000003,-7.552613481745938e-16,0.5398555155505085,0.225,0.0,0.5399999999999999,0.0,129.883723524157,1.4351610407117105e-15,True,True,False
5.045,0.00014308770745385946,0.0,0.00027922067401901654,1.2485402008684053e-16,6.286088767507396e-16,6.984490159317864e-16,-5.1093341615013506e-05,0.22500000000000003,-7.591816515523358e-16,0.5398569122925461,0.225,0.0,0.5399999999999999,0.0,129.883723524157,1.4383746657633504e-15,True,True,False
5.05,0.00014169224275006886,0.0,0.0002789652073109265,1.247814628673581e-16,6.996367840141134e-16,7.313712194769082e-16,-0.00012622476908782953,0.22500000000000003,-7.631164178423304e-16,0.5398583077572499,0.225,0.0,0.5399999999999999,0.0,129.88272878405726,1.476843107037645e-15,True,True,False
5.055,0.00014029899452305816,0.0,0.00027833408346547155,1.2465454934605268e-16,6.996367840141134e-16,7.313712194769082e-16,-0.00012622476908782953,0.22500000000000003,-7.670671392682951e-16,0.5398597010054769,0.225,0.0,0.5399999999999999,0.0,129.88272878405726,1.4800318581616162e-15,True,True,False
5.0600000000000005,0.00013890890191492478,0.0,0.00027770295962001654,1.24531725434014e-16,6.996367840141134e-16,7.313712194769082e-16,-0.00012622476908782953,0.22500000000000003,-7.710353217257251e-16,0.539861091098085,0.225,0.0,0.5399999999999999,0.0,129.88272878405726,1.483247076027847e-15,True,True,False
5.065,0.00013752196492655688,0.0,0.00027707183577456164,1.244130032433643e-16,6.996367840141134e-16,7.313712194769082e-16,-0.00012622476908782953,0.22500000000000003,-7.750209645132679e-16,0.5398624780350734,0.225,0.0,0.5399999999999999,0.0,129.88272878405726,1.4864887632553647e-15,True,True,False
5.07,0.0001361381835570663,0.0,0.00027644071192910673,1.2429839452724097e-16,6.996367840141134e-16,7.313712194769082e-16,-0.00012622476908782953,0.22500000000000003,-7.79024066940194e-16,0.5398638618164429,0.225,0.0,0.5399999999999999,0.0,129.88272878405726,1.4897569224235177e-15,True,True,False
5.075,0.00013475755780734122,0.0,0.00027580958808365183,1.2418791067419357e-16,6.996367840141134e-16,7.313712194769082e-16,-0.00012622476908782953,0.22500000000000003,-7.830446283261886e-16,0.5398652424421926,0.225,0.0,0.5399999999999999,0.0,129.88272878405726,1.4930515560727694e-15,True,True,False
5.08,0.00013338008767649345,0.0,0.0002751784642381969,1.240815627027193e-16,6.996367840141134e-16,7.313712194769082e-16,-0.00012622476908782953,0.22500000000000003,-7.870826480011425e-16,0.5398666199123234,0.225,0.0,0.5399999999999999,0.0,129.88272878405726,1.4963726667054721e-15,True,True,False
5.085,0.00013200577316541118,0.0,0.0002745473403927419,1.239793612559437e-16,6.996367840141134e-16,7.313712194769082e-16,-0.00012622476908782953,0.22500000000000003,-7.911381253049494e-16,0.5398679942268345,0.225,0.0,0.5399999999999999,0.0,129.88272878405726,1.4997202567866218e-15,True,True,False
5.09,0.00013063461427231804,0.0,0.000273916216547287,1.2388131659645162e-16,6.996367840141134e-16,7.313712194769082e-16,-0.00012622476908782953,0.22500000000000003,-7.952110595873111e-16,0.5398693653857276,0.225,0.0,0.5399999999999999,0.0,129.88272878405726,1.5030943287445943e-15,True,True,False
5.095,0.00012926661099987857,0.0,0.0002732850927018321,1.2378743860127458e-16,6.996367840141134e-16,7.313712194769082e-16,-0.00012622476908782953,0.22500000000000003,-7.993014502075415e-16,0.539870733389,0.225,0.0,0.5399999999999999,0.0,129.88272878405726,1.5064948849718653e-15,True,True,False
5.1000000000000005,0.00012790176334542824,0.0,0.0002726539688563772,1.236977367570398e-16,7.643762867033907e-16,7.658204298472832e-16,-0.0001868783109247508,0.22500000000000003,-8.03409296534382e-16,0.5398720982366545,0.225,0.0,0.5399999999999999,0.0,129.88192573116334,1.546775924817958e-15,True,True,False
5.105,0.00012654082948027057,0.0,0.0002717195773017348,1.236101490992299e-16,7.643762867033907e-16,7.658204298472832e-16,-0.0001868783109247508,0.22500000000000003,-8.075347175788267e-16,0.5398734591705197,0.225,0.0,0.5399999999999999,0.0,129.88192573116334,1.5501377565480685e-15,True,True,False
5.11,0.00012518456757304453,0.0,0.0002707851857470925,1.2352713677439024e-16,7.643762867033907e-16,7.658204298472832e-16,-0.0001868783109247508,0.22500000000000003,-8.116778306717991e-16,0.5398748154324269,0.225,0.0,0.5399999999999999,0.0,129.88192573116334,1.553529563283249e-15,True,True,False
5.115,0.00012383297762286194,0.0,0.0002698507941924503,1.2344870901248467e-16,7.643762867033907e-16,7.658204298472832e-16,-0.0001868783109247508,0.22500000000000003,-8.158386327201354e-16,0.5398761670223771,0.225,0.0,0.5399999999999999,0.0,129.88192573116334,1.5569513565741295e-15,True,True,False
5.12,0.000122486059630611,0.0,0.00026891640263780787,1.2337487455654996e-16,7.643762867033907e-16,7.658204298472832e-16,-0.0001868783109247508,0.22500000000000003,-8.200171206810945e-16,0.5398775139403693,0.225,0.0,0.5399999999999999,0.0,129.88192573116334,1.5604031477830471e-15,True,True,False
5.125,0.00012114381359629167,0.0,0.0002679820110831656,1.2320821982833468e-16,7.643762867033907e-16,7.658204298472832e-16,-0.0001868783109247508,0.22500000000000003,-8.242133602675564e-16,0.5398788561864036,0.225,0.0,0.5399999999999999,0.0,129.88192573116334,1.563881702919905e-15,True,True,False
5.13,0.00011980623951990399,0.0,0.000267047619528523,1.2256634018860112e-16,7.643762867033907e-16,7.658204298472832e-16,-0.0001868783109247508,0.22500000000000003,-8.284294774940492e-16,0.53988019376048,0.225,0.0,0.5399999999999999,0.0,129.88192573116334,1.5673683706292972e-15,True,True,False
5.135,0.00011847333740144794,0.0,0.0002661132279738805,1.2194173699734555e-16,7.643762867033907e-16,7.658204298472832e-16,-0.0001868783109247508,0.22500000000000003,-8.326667248608635e-16,0.5398815266625985,0.225,0.0,0.5399999999999999,0.0,129.88192573116334,1.5708744902090081e-15,True,True,False
5.14,0.00011714510724003535,0.0,0.0002651788364192379,1.2133467706048803e-16,7.643762867033907e-16,7.658204298472832e-16,-0.0001868783109247508,0.22500000000000003,-8.369250718135751e-16,0.5398828548927599,0.225,0.0,0.5399999999999999,0.0,129.88192573116334,1.5744001604220211e-15,True,True,False
5.1450000000000005,0.0001158215490365544,0.0,0.0002642444448645955,1.2101193688748712e-16,7.643762867033907e-16,7.658204298472832e-16,-0.0001868783109247508,0.22500000000000003,-8.412045689242774e-16,0.5398841784509634,0.225,0.0,0.5399999999999999,0.0,129.88192573116334,1.5779278205851443e-15,True,True,False
5.15,0.00011450266279189325,0.0,0.0002633100533099531,1.2070897724942462e-16,8.094335803024661e-16,8.023353960843116e-16,-0.00023456920983347623,0.22500000000000003,-8.455052762965689e-16,0.539885497337208,0.225,0.0,0.5399999999999999,0.0,129.8812943036618,1.6205385104048211e-15,True,True,False
5.155,0.0001131890446398609,0.0,0.0002621372072607744,1.2033070517131608e-16,8.094335803024661e-16,8.023353960843116e-16,-0.00023456920983347623,0.22500000000000003,-8.498264957598649e-16,0.5398868109553601,0.225,0.0,0.5399999999999999,0.0,129.8812943036618,1.6240481995148414e-15,True,True,False
5.16,0.0001118812907185962,0.0,0.00026096436121159577,1.1996580634614981e-16,8.094335803024661e-16,8.023353960843116e-16,-0.00023456920983347623,0.22500000000000003,-8.541675329302913e-16,0.5398881187092813,0.225,0.0,0.5399999999999999,0.0,129.8812943036618,1.6275845183308325e-15,True,True,False
5.165,0.00011057940102743302,0.0,0.0002597915151624171,1.196144031643735e-16,8.094335803024661e-16,8.023353960843116e-16,-0.00023456920983347623,0.22500000000000006,-8.585283877820229e-16,0.5398894205989725,0.225,0.0,0.5399999999999999,0.0,129.8812943036618,1.6311474669492299e-15,True,True,False
5.17,0.00010928337556714851,0.0,0.00025861866911323846,1.192766149053883e-16,8.094335803024661e-16,8.023353960843116e-16,-0.00023456920983347623,0.22500000000000006,-8.629090602895937e-16,0.5398907166244328,0.225,0.0,0.5399999999999999,0.0,129.8812943036618,1.6347370454651305e-15,True,True,False
5.175,0.00010799321433596631,0.0,0.00025744582306405975,1.1895255755568665e-16,8.094335803024661e-16,8.023353960843116e-16,-0.00023456920983347623,0.22500000000000006,-8.673095504278893e-16,0.539892006785664,0.225,0.0,0.5399999999999999,0.0,129.8812943036618,1.6383532539723167e-15,True,True,False
5.18,0.00010670891733655097,0.0,0.00025627297701488115,1.186423436283237e-16,8.094335803024661e-16,8.023353960843116e-16,-0.00023456920983347623,0.22500000000000006,-8.717298581721407e-16,0.5398932910826634,0.225,0.0,0.5399999999999999,0.0,129.8812943036618,1.6419960925632802e-15,True,True,False
5.1850000000000005,0.00010543048456623794,0.0,0.00025510013096570244,1.1834608198430216e-16,8.094335803024661e-16,8.023353960843116e-16,-0.00023456920983347623,0.22500000000000006,-8.761699834979192e-16,0.5398945695154337,0.225,0.0,0.5399999999999999,0.0,129.8812943036618,1.645665561329249e-15,True,True,False
5.19,0.00010415791602680358,0.0,0.0002539272849165238,1.1806387765646504e-16,8.094335803024661e-16,8.023353960843116e-16,-0.00023456920983347623,0.22500000000000006,-8.806299263811282e-16,0.5398958420839731,0.225,0.0,0.5399999999999999,0.0,129.8812943036618,1.6493616603602047e-15,True,True,False
5.195,0.00010289121171647153,0.0,0.0002527544388673451,1.1779583167649846e-16,8.094335803024661e-16,8.023353960843116e-16,-0.00023456920983347623,0.22500000000000006,-8.851096867979967e-16,0.5398971087882835,0.225,0.0,0.5399999999999999,0.0,129.8812943036618,1.653084389744908e-15,True,True,False
5.2,0.00010163037163790634,0.0,0.0002515815928181664,1.1754204090565562e-16,8.329202183995009e-16,8.401373066613744e-16,-0.0002707533450361445,0.22500000000000006,-8.896092647250778e-16,0.539898369628362,0.225,0.0,0.5399999999999999,0.0,129.8808152257117,1.6972726914261753e-15,True,True,False
5.205,0.00010037584809063915,0.0,0.0002502278260929669,1.1721271703054058e-16,8.329202183995009e-16,8.401373066613744e-16,-0.0002707533450361445,0.22500000000000006,-8.941300804566509e-16,0.5398996241519093,0.225,0.0,0.5399999999999999,0.0,129.8808152257117,1.7009432498470748e-15,True,True,False
5.21,9.912809337686568e-05,0.0,0.0002488740593677672,1.1690254002278048e-16,8.329202183995009e-16,8.401373066613744e-16,-0.0002707533450361445,0.22500000000000006,-8.986735478397342e-16,0.5399008719066231,0.225,0.0,0.5399999999999999,0.0,129.8808152257117,1.7046346516046293e-15,True,True,False
5.215,9.788710749658591e-05,0.0,0.00024752029264256766,1.1661166266954374e-16,8.329202183995009e-16,8.401373066613744e-16,-0.0002707533450361445,0.22500000000000006,-9.032396573043739e-16,0.5399021128925033,0.225,0.0,0.5399999999999999,0.0,129.8808152257117,1.7083469324353818e-15,True,True,False
5.22,9.665289045068803e-05,0.0,0.000246166525917368,1.163402297316564e-16,8.329202183995009e-16,8.401373066613744e-16,-0.0002707533450361445,0.22500000000000006,-9.07828399380508e-16,0.5399033471095492,0.225,0.0,0.5399999999999999,0.0,129.8808152257117,1.7120801277028615e-15,True,True,False
5.2250000000000005,9.542544223739569e-05,0.0,0.0002448127591921684,1.1608837760152896e-16,8.329202183995009e-16,8.401373066613744e-16,-0.0002707533450361445,0.22500000000000006,-9.124397646967439e-16,0.5399045745577625,0.225,0.0,0.5399999999999999,0.0,129.8808152257117,1.715834272402138e-15,True,True,False
5.23,9.420476285848522e-05,0.0,0.00024345899246696882,1.1585623397546294e-16,8.329202183995009e-16,8.401373066613744e-16,-0.0002707533450361445,0.22500000000000006,-9.170737439791547e-16,0.5399057952371414,0.225,0.0,0.5399999999999999,0.0,129.8808152257117,1.7196094011643185e-15,True,True,False
5.235,9.299085231306847e-05,0.0,0.00024210522574176922,1.1564391754208568e-16,8.329202183995009e-16,8.401373066613744e-16,-0.0002707533450361445,0.22500000000000006,-9.217303280500905e-16,0.5399070091476869,0.225,0.0,0.5399999999999999,0.0,129.8808152257117,1.7234055482609894e-15,True,True,False
5.24,9.178371060114543e-05,0.0,0.00024075145901656959,1.154515376886149e-16,8.329202183995009e-16,8.401373066613744e-16,-0.0002707533450361445,0.22500000000000006,-9.26409507827006e-16,0.5399082162893988,0.225,0.0,0.5399999999999999,0.0,129.8808152257117,1.7272227476085977e-15,True,True,False
5.245,9.058333772360427e-05,0.0,0.00023939769229137,1.1527919422659095e-16,8.329202183995009e-16,8.401373066613744e-16,-0.0002707533450361445,0.22500000000000006,-9.31111274321298e-16,0.5399094166622763,0.225,0.0,0.5399999999999999,0.0,129.8808152257117,1.7310610327727835e-15,True,True,False
5.25,8.938973367866865e-05,0.0,0.00023804392556617038,1.151269771386357e-16,8.40230426456243e-16,8.797409191675766e-16,-0.0002968153374095844,0.22500000000000006,-9.358356186371637e-16,0.5399106102663213,0.225,0.0,0.5399999999999999,0.0,129.8804701649327,1.777285949594699e-15,True,True,False
5.255,8.820322424307747e-05,0.0,0.00023655984887910845,1.1511901491498287e-16,8.40230426456243e-16,8.797409191675766e-16,-0.0002968153374095844,0.22500000000000006,-9.40582984681802e-16,0.5399117967757568,0.225,0.0,0.5399999999999999,0.0,129.8804701649327,1.7810604040337887e-15,True,True,False
5.26,8.702413519001695e-05,0.0,0.00023507577219204653,1.1512553723783504e-16,8.40230426456243e-16,8.797409191675766e-16,-0.0002968153374095844,0.22500000000000006,-9.453538169519598e-16,0.5399129758648099,0.225,0.0,0.5399999999999999,0.0,129.8804701649327,1.7848576527233814e-15,True,True,False
5.265,8.585246652126344e-05,0.0,0.00023359169550498467,1.1514654164581852e-16,8.40230426456243e-16,8.797409191675766e-16,-0.0002968153374095844,0.22500000000000006,-9.501481075671348e-16,0.5399141475334787,0.225,0.0,0.5399999999999999,0.0,129.8804701649327,1.7886777250911995e-15,True,True,False
5.2700000000000005,8.468821823504058e-05,0.0,0.0002321076188179226,1.14990399515861e-16,8.40230426456243e-16,8.797409191675766e-16,-0.0002968153374095844,0.22500000000000006,-9.549662033842903e-16,0.5399153117817649,0.225,0.0,0.5399999999999999,0.0,129.8804701649327,1.7925081669541236e-15,True,True,False
5.275,8.353139033312473e-05,0.0,0.0002306235421308605,1.1480698416052047e-16,8.40230426456243e-16,8.797409191675766e-16,-0.0002968153374095844,0.22500000000000006,-9.598089141478982e-16,0.5399164686096668,0.225,0.0,0.5399999999999999,0.0,129.8804701649327,1.796355255376386e-15,True,True,False
5.28,8.238198281373954e-05,0.0,0.00022913946544379844,1.1465694980668796e-16,8.40230426456243e-16,8.797409191675766e-16,-0.0002968153374095844,0.22500000000000006,-9.646762556396427e-16,0.5399176180171862,0.225,0.0,0.5399999999999999,0.0,129.8804701649327,1.8002225293422283e-15,True,True,False
5.285,8.123999567866136e-05,0.0,0.00022765538875673636,1.1454042762987846e-16,8.40230426456243e-16,8.797409191675766e-16,-0.0002968153374095844,0.22500000000000006,-9.69568211483405e-16,0.5399187600043213,0.225,0.0,0.5399999999999999,0.0,129.8804701649327,1.804110050004083e-15,True,True,False
5.29,8.010542892611383e-05,0.0,0.0002261713120696743,1.1445751998021006e-16,8.40230426456243e-16,8.797409191675766e-16,-0.0002968153374095844,0.22500000000000006,-9.744847654610087e-16,0.5399198945710738,0.225,0.0,0.5399999999999999,0.0,129.8804701649327,1.8080178779245832e-15,True,True,False
5.295,7.897828255787331e-05,0.0,0.00022468723538261222,1.144082999354839e-16,8.40230426456243e-16,8.797409191675766e-16,-0.0002968153374095844,0.22500000000000006,-9.794259015106603e-16,0.539921021717442,0.225,0.0,0.5399999999999999,0.0,129.8804701649327,1.8119460730823877e-15,True,True,False
5.3,7.785855657216345e-05,0.0,0.0002232031586955502,1.1446524963100418e-16,8.212704541579452e-16,9.216514509176413e-16,-0.000314059716001445,0.22500000000000006,-9.843917733786454e-16,0.5399221414434278,0.225,0.0,0.5399999999999999,0.0,129.88024184936012,1.8607036861929712e-15,True,True,False
5.305,7.674646652544581e-05,0.0,0.00022163286011552352,1.1456230474081675e-16,8.212704541579452e-16,9.216514509176413e-16,-0.000314059716001445,0.22500000000000006,-9.893831025961098e-16,0.5399232535334745,0.225,0.0,0.5399999999999999,0.0,129.88024184936012,1.864576709459073e-15,True,True,False
5.3100000000000005,7.564222797151743e-05,0.0,0.00022006256153549682,1.1468509955667251e-16,8.212704541579452e-16,9.216514509176413e-16,-0.000314059716001445,0.22500000000000006,-9.94400225603257e-16,0.5399243577720284,0.225,0.0,0.5399999999999999,0.0,129.88024184936012,1.8684690027182864e-15,True,True,False
5.315,7.45458409103783e-05,0.0,0.00021849226295547012,1.1483355150597966e-16,8.212704541579452e-16,9.216514509176413e-16,-0.000314059716001445,0.2250000000000001,-9.994431167060825e-16,0.5399254541590895,0.225,0.0,0.5399999999999999,0.0,129.88024184936012,1.872380661918304e-15,True,True,False
5.32,7.345730534202843e-05,0.0,0.00021692196437544345,1.150075612339708e-16,8.212704541579452e-16,9.216514509176413e-16,-0.000314059716001445,0.2250000000000001,-1.0045117504431987e-15,0.5399265426946579,0.225,0.0,0.5399999999999999,0.0,129.88024184936012,1.8763117821381708e-15,True,True,False
5.325,7.237662126646782e-05,0.0,0.00021535166579541676,1.1520701293259488e-16,8.212704541579452e-16,9.216514509176413e-16,-0.000314059716001445,0.2250000000000001,-1.0096061015841575e-15,0.5399276233787335,0.225,0.0,0.5399999999999999,0.0,129.88024184936012,1.8802624575945484e-15,True,True,False
5.33,7.130378868369647e-05,0.0,0.00021378136721539,1.1537357558437819e-16,8.212704541579452e-16,9.216514509176413e-16,-0.000314059716001445,0.2250000000000001,-1.0147264317350994e-15,0.5399286962113162,0.225,0.0,0.5399999999999999,0.0,129.88024184936012,1.8842077476863155e-15,True,True,False
5.335,7.023880759460255e-05,0.0,0.00021221106863536325,1.1557559450905185e-16,8.212704541579452e-16,9.216514509176413e-16,-0.000314059716001445,0.2250000000000001,-1.0198730442108728e-15,0.5399297611924053,0.225,0.0,0.5399999999999999,0.0,129.88024184936012,1.8881723940399066e-15,True,True,False
5.34,6.918167799740971e-05,0.0,0.00021064077005533642,1.1581508813607457e-16,8.212704541579452e-16,9.216514509176413e-16,-0.000314059716001445,0.2250000000000001,-1.025045915291597e-15,0.5399308183220025,0.225,0.0,0.5399999999999999,0.0,129.88024184936012,1.892157356328222e-15,True,True,False
5.345,6.81323998938943e-05,0.0,0.00020907047147530967,1.1610355076047195e-16,8.212704541579452e-16,9.216514509176413e-16,-0.000314059716001445,0.2250000000000001,-1.0302450407203212e-15,0.539931867600106,0.225,0.0,0.5399999999999999,0.0,129.88024184936012,1.896153945722952e-15,True,True,False
5.3500000000000005,6.709097328316815e-05,0.0,0.00020750017289528295,1.1643395484135998e-16,7.784248218100944e-16,9.656058561060326e-16,-0.0003237047654344814,0.2250000000000001,-1.0354704893186363e-15,0.5399329090267168,0.225,0.0,0.5399999999999999,0.0,129.88011414890562,1.9471836023204024e-15,True,True,False
5.355,6.605751872834631e-05,0.0,0.000205881649068089,1.168098957519564e-16,7.784248218100944e-16,9.656058561060326e-16,-0.0003237047654344814,0.2250000000000001,-1.0407229828650615e-15,0.5399339424812716,0.225,0.0,0.5399999999999999,0.0,129.88011414890562,1.9511411623289306e-15,True,True,False
5.36,6.503215679165564e-05,0.0,0.00020426312524089504,1.172177951142661e-16,7.784248218100944e-16,9.656058561060326e-16,-0.0003237047654344814,0.2250000000000001,-1.046003210855467e-15,0.5399349678432083,0.225,0.0,0.5399999999999999,0.0,129.88011414890562,1.9551160787676565e-15,True,True,False
5.365,6.40148874748725e-05,0.0,0.00020264460141370107,1.1765732054403276e-16,7.784248218100944e-16,9.656058561060326e-16,-0.0003237047654344814,0.2250000000000001,-1.0513111243596068e-15,0.539935985112525,0.225,0.0,0.5399999999999999,0.0,129.88011414890562,1.9591085343540778e-15,True,True,False
5.37,6.30057107771087e-05,0.0,0.0002010260775865071,1.1812811902352692e-16,7.784248218100944e-16,9.656058561060326e-16,-0.0003237047654344814,0.2250000000000001,-1.0566466748366207e-15,0.5399369942892228,0.225,0.0,0.5399999999999999,0.0,129.88011414890562,1.9631187103516277e-15,True,True,False
5.375,6.200462669836426e-05,0.0,0.00019940755375931314,1.1862981821934937e-16,7.784248218100944e-16,9.656058561060326e-16,-0.0003237047654344814,0.2250000000000001,-1.0620098141348757e-15,0.5399379953733016,0.225,0.0,0.5399999999999999,0.0,129.88011414890562,1.9671467865702716e-15,True,True,False
5.38,6.101163523952735e-05,0.0,0.0001977890299321192,1.1916202783504183e-16,7.784248218100944e-16,9.656058561060326e-16,-0.0003237047654344814,0.2250000000000001,-1.067400494491699e-15,0.5399389883647604,0.225,0.0,0.5399999999999999,0.0,129.88011414890562,1.971192941367494e-15,True,True,False
5.385,6.002673639882161e-05,0.0,0.00019617050610492524,1.197243409881497e-16,7.784248218100944e-16,9.656058561060326e-16,-0.0003237047654344814,0.2250000000000001,-1.0728186685330195e-15,0.5399399732636011,0.225,0.0,0.5399999999999999,0.0,129.88011414890562,1.9752573516496606e-15,True,True,False
5.39,5.90499301780234e-05,0.0,0.00019455198227773127,1.203163356016891e-16,7.784248218100944e-16,9.656058561060326e-16,-0.0003237047654344814,0.2250000000000001,-1.0782642892728995e-15,0.5399409500698219,0.225,0.0,0.5399999999999999,0.0,129.88011414890562,1.9793401928737437e-15,True,True,False
5.3950000000000005,5.808121657624454e-05,0.0,0.00019293345845053733,1.2093757580038507e-16,7.784248218100944e-16,9.656058561060326e-16,-0.0003237047654344814,0.2250000000000001,-1.0837373101129763e-15,0.5399419187834237,0.225,0.0,0.5399999999999999,0.0,129.88011414890562,1.983441639049415e-15,True,True,False
5.4,5.7120595593485035e-05,0.0,0.00019131493462334336,1.215876133025628e-16,7.171400030934175e-16,1.0111061222607246e-15,-0.0003268786976207916,0.2250000000000001,-1.0892376848418122e-15,0.5399428794044064,0.225,0.0,0.5399999999999999,0.0,129.8800721260435,2.0362329936319186e-15,True,True,False
5.405,5.616810690378671e-05,0.0,0.00018968054113522855,1.2230703837244417e-16,7.171400030934175e-16,1.0111061222607246e-15,-0.0003268786976207916,0.2250000000000001,-1.0947661313406006e-15,0.5399438318930961,0.225,0.0,0.5399999999999999,0.0,129.8800721260435,2.0402530792085455e-15,True,True,False
5.41,5.522379018207957e-05,0.0,0.00018804614764711375,1.2306084687945755e-16,7.171400030934175e-16,1.0111061222607246e-15,-0.0003268786976207916,0.2250000000000001,-1.100323358766967e-15,0.5399447762098178,0.225,0.0,0.5399999999999999,0.0,129.8800721260435,2.044292105382471e-15,True,True,False
5.415,5.428764542747544e-05,0.0,0.00018641175415899894,1.2384841099653181e-16,7.171400030934175e-16,1.0111061222607246e-15,-0.0003268786976207916,0.2250000000000001,-1.1059093085535973e-15,0.5399457123545724,0.225,0.0,0.5399999999999999,0.0,129.8800721260435,2.0483502908583507e-15,True,True,False
5.42,5.33596726408625e-05,0.0,0.00018477736067088415,1.2466909099880458e-16,7.171400030934175e-16,1.0111061222607246e-15,-0.0003268786976207916,0.2250000000000001,-1.1115239226283523e-15,0.5399466403273591,0.225,0.0,0.5399999999999999,0.0,129.8800721260435,2.052427852491744e-15,True,True,False
5.425,5.243987182135257e-05,0.0,0.00018314296718276933,1.2552223734062567e-16,7.171400030934175e-16,1.0111061222607246e-15,-0.0003268786976207916,0.2250000000000001,-1.1171671434142126e-15,0.5399475601281786,0.225,0.0,0.5399999999999999,0.0,129.8800721260435,2.056525005289316e-15,True,True,False
5.43,5.152824296894565e-05,0.0,0.00018150857369465456,1.264071926590821e-16,7.171400030934175e-16,1.0111061222607246e-15,-0.0003268786976207916,0.2250000000000001,-1.1228389138290623e-15,0.539948471757031,0.225,0.0,0.5399999999999999,0.0,129.8800721260435,2.0606419624096343e-15,True,True,False
5.4350000000000005,5.062478608364174e-05,0.0,0.00017987418020653975,1.2732352938062199e-16,7.171400030934175e-16,1.0111061222607246e-15,-0.0003268786976207916,0.2250000000000001,-1.1285391724123394e-15,0.5399493752139163,0.225,0.0,0.5399999999999999,0.0,129.8800721260435,2.0647714489265267e-15,True,True,False
5.44,4.9729501166329015e-05,0.0,0.00017823978671842493,1.2827047771347076e-16,7.171400030934175e-16,1.0111061222607246e-15,-0.0003268786976207916,0.2250000000000001,-1.1342677476384703e-15,0.5399502704988336,0.225,0.0,0.5399999999999999,0.0,129.8800721260435,2.068899398018588e-15,True,True,False
5.445,4.884238821700748e-05,0.0,0.00017660539323031016,1.2924621206202957e-16,7.171400030934175e-16,1.0111061222607246e-15,-0.0003268786976207916,0.2250000000000001,-1.1400245609846938e-15,0.5399511576117829,0.225,0.0,0.5399999999999999,0.0,129.8800721260435,2.0730522653560425e-15,True,True,False
5.45,4.796344723478896e-05,0.0,0.00017497099974219537,1.3023997944712311e-16,6.275020133966049e-16,1.0591062549147786e-15,-0.0003246178156889501,0.2250000000000001,-1.1458095991633937e-15,0.5399520365527651,0.225,0.0,0.5399999999999999,0.0,129.88010206012027,2.1285676653136474e-15,True,True,False
5.455,4.709264995872431e-05,0.0,0.00017334791066373465,1.312682920362681e-16,6.275020133966049e-16,1.0591062549147786e-15,-0.0003246178156889501,0.2250000000000001,-1.1516239818554967e-15,0.5399529073500412,0.225,0.0,0.5399999999999999,0.0,129.88010206012027,2.1326770910660515e-15,True,True,False
5.46,4.6229968128752574e-05,0.0,0.00017172482158527393,1.323208895834663e-16,6.275020133966049e-16,1.0591062549147786e-15,-0.0003246178156889501,0.2250000000000001,-1.157468725684703e-15,0.5399537700318712,0.225,0.0,0.5399999999999999,0.0,129.88010206012027,2.136805204496844e-15,True,True,False
5.465,4.53754017430974e-05,0.0,0.00017010173250681316,1.333971972138463e-16,6.275020133966049e-16,1.0591062549147786e-15,-0.0003246178156889501,0.2250000000000001,-1.163343733834467e-15,0.5399546245982568,0.225,0.0,0.5399999999999999,0.0,129.88010206012027,2.1409523671426604e-15,True,True,False
5.47,4.452895080353514e-05,0.0,0.00016847864342835244,1.344966457097304e-16,6.275020133966049e-16,1.0591062549147786e-15,-0.0003246178156889501,0.2250000000000001,-1.1692489102774461e-15,0.5399554710491964,0.225,0.0,0.5399999999999999,0.0,129.88010206012027,2.14511893759307e-15,True,True,False
5.4750000000000005,4.3690615309177616e-05,0.0,0.0001668555543498917,1.3561867226948022e-16,6.275020133966049e-16,1.0591062549147786e-15,-0.0003246178156889501,0.2250000000000001,-1.1751841597815547e-15,0.5399563093846907,0.225,0.0,0.5399999999999999,0.0,129.88010206012027,2.149305271467952e-15,True,True,False
5.48,4.286039526002483e-05,0.0,0.00016523246527143097,1.367627211904386e-16,6.275020133966049e-16,1.0591062549147786e-15,-0.0003246178156889501,0.2250000000000001,-1.1811493879155394e-15,0.5399571396047399,0.225,0.0,0.5399999999999999,0.0,129.88010206012027,2.153511721396675e-15,True,True,False
5.485,4.203829065696496e-05,0.0,0.00016360937619297025,1.3792824447878543e-16,6.275020133966049e-16,1.0591062549147786e-15,-0.0003246178156889501,0.2250000000000001,-1.1871445010540793e-15,0.539957961709343,0.225,0.0,0.5399999999999999,0.0,129.88010206012027,2.1577386369990734e-15,True,True,False
5.49,4.122430149822165e-05,0.0,0.00016198628711450953,1.3912485957688128e-16,6.275020133966049e-16,1.0591062549147786e-15,-0.0003246178156889501,0.2250000000000001,-1.1931693938960337e-15,0.5399587756985017,0.225,0.0,0.5399999999999999,0.0,129.88010206012027,2.1619800103212988e-15,True,True,False
5.495,4.0418427785571254e-05,0.0,0.00016036319803604872,1.403949533864758e-16,6.275020133966049e-16,1.0591062549147786e-15,-0.0003246178156889501,0.2250000000000001,-1.1992236059145293e-15,0.5399595815722144,0.225,0.0,0.5399999999999999,0.0,129.88010206012027,2.166214516634072e-15,True,True,False
5.5,3.9620669518125595e-05,0.0,0.00015874010895758798,1.4168875721613648e-16,5.196639920352169e-16,1.1091840470907059e-15,-0.0003178663642428043,0.2250000000000001,-1.2053068846362618e-15,0.5399603793304818,0.225,0.0,0.5399999999999999,0.0,129.88019144933742,2.2240437802100278e-15,True,True,False
5.505,3.883094230294759e-05,0.0,0.0001571507771363598,1.4298204192907998e-16,5.196639920352169e-16,1.1091840470907059e-15,-0.0003178663642428043,0.2250000000000001,-1.2114202594157564e-15,0.539961169057697,0.225,0.0,0.5399999999999999,0.0,129.88019144933742,2.228242948518674e-15,True,True,False
5.51,3.804916174621198e-05,0.0,0.0001555614453151317,1.4429498249426684e-16,5.196639920352169e-16,1.1091840470907059e-15,-0.0003178663642428043,0.2250000000000001,-1.2175646897177554e-15,0.5399619508382537,0.225,0.0,0.5399999999999999,0.0,129.88019144933742,2.232464034332921e-15,True,True,False
5.515,3.727532784969512e-05,0.0,0.0001539721134939035,1.456270472744951e-16,5.196639920352169e-16,1.1091840470907059e-15,-0.0003178663642428043,0.2250000000000001,-1.2237400627757138e-15,0.5399627246721502,0.225,0.0,0.5399999999999999,0.0,129.88019144933742,2.236707458750603e-15,True,True,False
5.5200000000000005,3.650944061162065e-05,0.0,0.00015238278167267535,1.4697771630016215e-16,5.196639920352169e-16,1.1091840470907059e-15,-0.0003178663642428043,0.2250000000000001,-1.2299462668671952e-15,0.5399634905593883,0.225,0.0,0.5399999999999999,0.0,129.88019144933742,2.2409736389705988e-15,True,True,False
5.525,3.575150003287675e-05,0.0,0.0001507934498514472,1.483464814068387e-16,5.196639920352169e-16,1.1091840470907059e-15,-0.0003178663642428043,0.2250000000000001,-1.2361831913201606e-15,0.539964248499967,0.225,0.0,0.5399999999999999,0.0,129.88019144933742,2.245262988269344e-15,True,True,False
5.53,3.500150611257524e-05,0.0,0.00014920411803021907,1.4973284632579385e-16,5.196639920352169e-16,1.1091840470907059e-15,-0.0003178663642428043,0.2250000000000001,-1.2424507265185635e-15,0.5399649984938873,0.225,0.0,0.5399999999999999,0.0,129.88019144933742,2.2495759159799452e-15,True,True,False
5.535,3.4259458852492486e-05,0.0,0.00014761478620899088,1.511363267315761e-16,5.196639920352169e-16,1.1091840470907059e-15,-0.0003178663642428043,0.2250000000000001,-1.2487487639072579e-15,0.5399657405411474,0.225,0.0,0.5399999999999999,0.0,129.88019144933742,2.2539128274738432e-15,True,True,False
5.54,3.352535825085212e-05,0.0,0.00014602545438776278,1.5255645025058535e-16,5.196639920352169e-16,1.1091840470907059e-15,-0.0003178663642428043,0.2250000000000001,-1.2550771959962414e-15,0.5399664746417491,0.225,0.0,0.5399999999999999,0.0,129.88019144933742,2.258274124144977e-15,True,True,False
5.545,3.279920430854233e-05,0.0,0.00014443612256653457,1.5399275643438747e-16,5.196639920352169e-16,1.1091840470907059e-15,-0.0003178663642428043,0.2250000000000001,-1.261435916364241e-15,0.5399672007956914,0.225,0.0,0.5399999999999999,0.0,129.88019144933742,2.262660203396381e-15,True,True,False
5.55,3.208099702556311e-05,0.0,0.00014284679074530647,1.5544479670132903e-16,3.9580551057143885e-16,1.161202565330252e-15,-0.00030747778545519395,0.2250000000000001,-1.2678248196616695e-15,0.5399679190029744,0.225,0.0,0.5399999999999999,0.0,129.88032899412056,2.322713342995186e-15,True,True,False
5.555,3.137060654401225e-05,0.0,0.00014130940181801468,1.5696854530163527e-16,3.9580551057143885e-16,1.161202565330252e-15,-0.00030747778545519395,0.2250000000000001,-1.2742443922671211e-15,0.5399686293934559,0.225,0.0,0.5399999999999999,0.0,129.88032899412056,2.3270191301351585e-15,True,True,False
5.5600000000000005,3.066790300687572e-05,0.0,0.0001397720128907229,1.58508137395517e-16,3.9580551057143885e-16,1.161202565330252e-15,-0.00030747778545519395,0.2250000000000001,-1.2806951238786843e-15,0.539969332096993,0.225,0.0,0.5399999999999999,0.0,129.88032899412056,2.3313524619336865e-15,True,True,False
5.565,2.99728864150417e-05,0.0,0.00013823462396343115,1.6006311580427023e-16,3.9580551057143885e-16,1.161202565330252e-15,-0.00030747778545519395,0.2250000000000001,-1.2871769157434455e-15,0.5399700271135849,0.225,0.0,0.5399999999999999,0.0,129.88032899412056,2.3357137071582824e-15,True,True,False
5.57,2.9285556767622012e-05,0.0,0.00013669723503613936,1.6163303645986764e-16,3.9580551057143885e-16,1.161202565330252e-15,-0.00030747778545519395,0.2250000000000001,-1.2936896702121267e-15,0.5399707144432323,0.225,0.0,0.5399999999999999,0.0,129.88032899412056,2.3401032304552087e-15,True,True,False
5.575,2.8605914064616655e-05,0.0,0.00013515984610884757,1.6321746819318433e-16,3.9580551057143885e-16,1.161202565330252e-15,-0.00030747778545519395,0.2250000000000001,-1.3002332907368022e-15,0.5399713940859353,0.225,0.0,0.5399999999999999,0.0,129.88032899412056,2.344521392358015e-15,True,True,False
5.58,2.793395830691381e-05,0.0,0.0001336224571815558,1.6477226342222393e-16,3.9580551057143885e-16,1.161202565330252e-15,-0.00030747778545519395,0.2250000000000001,-1.3068077030248517e-15,0.539972066041693,0.225,0.0,0.5399999999999999,0.0,129.88032899412056,2.3489561777266367e-15,True,True,False
5.585,2.7269689492737115e-05,0.0,0.0001320850682542641,1.662812522564436e-16,3.9580551057143885e-16,1.161202565330252e-15,-0.00030747778545519395,0.2250000000000001,-1.3134130044828313e-15,0.5399727303105072,0.225,0.0,0.5399999999999999,0.0,129.88032899412056,2.3534060096953924e-15,True,True,False
5.59,2.661310762386293e-05,0.0,0.00013054767932697237,1.6780040277718655e-16,3.9580551057143885e-16,1.161202565330252e-15,-0.00030747778545519395,0.2250000000000001,-1.3200491993398932e-15,0.5399733868923761,0.225,0.0,0.5399999999999999,0.0,129.88032899412056,2.357887956696252e-15,True,True,False
5.595,2.5964212699403078e-05,0.0,0.00012901029039968066,1.693202914560151e-16,3.9580551057143885e-16,1.161202565330252e-15,-0.00030747778545519395,0.2250000000000001,-1.326716274149516e-15,0.5399740357873005,0.225,0.0,0.5399999999999999,0.0,129.88032899412056,2.3623956546182334e-15,True,True,False
5.6000000000000005,2.5323004720245734e-05,0.0,0.00012747290147238895,1.7083350625957356e-16,2.441530924233914e-16,1.216075072685196e-15,-0.00029421712683188694,0.2250000000000001,-1.3334143698645708e-15,0.5399746769952797,0.225,0.0,0.5399999999999999,0.0,129.88050456524073,2.42561952581436e-15,True,True,False
5.605,2.468931792654061e-05,0.0,0.00012600181583821162,1.7232701564478027e-16,2.441530924233914e-16,1.216075072685196e-15,-0.00029421712683188694,0.2250000000000001,-1.3401440719636174e-15,0.5399753106820734,0.225,0.0,0.5399999999999999,0.0,129.88050456524073,2.430090448028345e-15,True,True,False
5.61,2.406298656199013e-05,0.0,0.0001245307302040343,1.738278546962593e-16,2.441530924233914e-16,1.216075072685196e-15,-0.00029421712683188694,0.2250000000000001,-1.3469058199186022e-15,0.5399759370134379,0.225,0.0,0.5399999999999999,0.0,129.88050456524073,2.4345918342575474e-15,True,True,False
5.615,2.3444010624817935e-05,0.0,0.00012305964456985698,1.7533583519275865e-16,2.441530924233914e-16,1.216075072685196e-15,-0.00029421712683188694,0.2250000000000001,-1.3536994512279969e-15,0.5399765559893751,0.225,0.0,0.5399999999999999,0.0,129.88050456524073,2.4391242913223795e-15,True,True,False
5.62,2.2832390115912204e-05,0.0,0.00012158855893567966,1.768507744522243e-16,2.441530924233914e-16,1.216075072685196e-15,-0.00029421712683188694,0.2250000000000001,-1.3605248053309228e-15,0.539977167609884,0.225,0.0,0.5399999999999999,0.0,129.88050456524073,2.4436884187963962e-15,True,True,False
5.625,2.222812503527294e-05,0.0,0.00012011747330150234,1.7837249516988795e-16,2.441530924233914e-16,1.216075072685196e-15,-0.00029421712683188694,0.2250000000000001,-1.3673817236129343e-15,0.5399777718749647,0.225,0.0,0.5399999999999999,0.0,129.88050456524073,2.4482848089847044e-15,True,True,False
5.63,2.1631215382900137e-05,0.0,0.00011864638766732503,1.7990082525959351e-16,2.441530924233914e-16,1.216075072685196e-15,-0.00029421712683188694,0.2250000000000001,-1.3742700494102028e-15,0.539978368784617,0.225,0.0,0.5399999999999999,0.0,129.88050456524073,2.4529140469083144e-15,True,True,False
5.635,2.10416611587938e-05,0.0,0.00011717530203314771,1.8143559769848031e-16,2.441530924233914e-16,1.216075072685196e-15,-0.00029421712683188694,0.2250000000000001,-1.3811896280121766e-15,0.5399789583388411,0.225,0.0,0.5399999999999999,0.0,129.88050456524073,2.4575767102942343e-15,True,True,False
5.64,2.045946236295393e-05,0.0,0.00011570421639897039,1.829766503751167e-16,2.441530924233914e-16,1.216075072685196e-15,-0.00029421712683188694,0.2250000000000001,-1.3881403066627449e-15,0.539979540537637,0.225,0.0,0.5399999999999999,0.0,129.88050456524073,2.4622733695711135e-15,True,True,False
5.6450000000000005,1.9884618994492342e-05,0.0,0.00011423313076479309,1.8452382594115454e-16,2.441530924233914e-16,1.216075072685196e-15,-0.00029421712683188694,0.2250000000000001,-1.3951219345599711e-15,0.5399801153810054,0.225,0.0,0.5399999999999999,0.0,129.88050456524073,2.46700458787023e-15,True,True,False
5.65,1.93171310551854e-05,0.0,0.00011276204513061577,1.8607697166655577e-16,9.2238813636163e-17,1.272794196720412e-15,-0.0002787643716260428,0.2250000000000001,-1.4021343628544541e-15,0.5399806828689447,0.225,0.0,0.5399999999999999,0.0,129.8807091597197,2.5324399767021845e-15,True,True,False
5.655,1.8756805383990383e-05,0.0,0.00011136822327248017,1.876351867174791e-16,9.2238813636163e-17,1.272794196720412e-15,-0.0002787643716260428,0.2250000000000001,-1.4091781010586727e-15,0.5399812431946159,0.225,0.0,0.5399999999999999,0.0,129.8807091597197,2.5371000437300145e-15,True,True,False
5.66,1.820344882252911e-05,0.0,0.00010997440141434458,1.8919850859777683e-16,9.2238813636163e-17,1.272794196720412e-15,-0.0002787643716260428,0.2250000000000001,-1.4162536970252402e-15,0.5399817965511774,0.225,0.0,0.5399999999999999,0.0,129.8807091597197,2.5417977708463038e-15,True,True,False
5.665,1.7657061369913407e-05,0.0,0.00010858057955620898,1.9076681175706527e-16,9.2238813636163e-17,1.272794196720412e-15,-0.0002787643716260428,0.2250000000000001,-1.4233610615458608e-15,0.53998234293863,0.225,0.0,0.5399999999999999,0.0,129.8807091597197,2.5465334911766272e-15,True,True,False
5.67,1.711764302703145e-05,0.0,0.0001071867576980734,1.923399743462104e-16,9.2238813636163e-17,1.272794196720412e-15,-0.0002787643716260428,0.2250000000000001,-1.4305001066586543e-15,0.5399828823569729,0.225,0.0,0.5399999999999999,0.0,129.8807091597197,2.5513075331921443e-15,True,True,False
5.675,1.6585193792995057e-05,0.0,0.0001057929358399378,1.9391787809858824e-16,9.2238813636163e-17,1.272794196720412e-15,-0.0002787643716260428,0.2250000000000001,-1.4376707456355208e-15,0.5399834148062069,0.225,0.0,0.5399999999999999,0.0,129.8807091597197,2.5561202207567738e-15,True,True,False
5.68,1.605971366869241e-05,0.0,0.00010439911398180217,1.9561698160411948e-16,9.2238813636163e-17,1.272794196720412e-15,-0.0002787643716260428,0.2250000000000001,-1.4448731138263769e-15,0.5399839402863312,0.225,0.0,0.5399999999999999,0.0,129.8807091597197,2.560951759934193e-15,True,True,False
5.6850000000000005,1.554120265323533e-05,0.0,0.00010300529212366652,1.9739016761322595e-16,9.2238813636163e-17,1.272794196720412e-15,-0.0002787643716260428,0.2250000000000001,-1.4521079634223449e-15,0.5399844587973467,0.225,0.0,0.5399999999999999,0.0,129.8807091597197,2.5658105290125395e-15,True,True,False
5.69,1.5029660746623819e-05,0.0,0.00010161147026553085,1.9917023397598328e-16,9.2238813636163e-17,1.272794196720412e-15,-0.0002787643716260428,0.2250000000000001,-1.459375342728619e-15,0.5399849703392533,0.225,0.0,0.5399999999999999,0.0,129.8807091597197,2.570708198824037e-15,True,True,False
5.695,1.452508795063423e-05,0.0,0.00010021764840739531,2.0065696599940674e-16,9.2238813636163e-17,1.272794196720412e-15,-0.0002787643716260428,0.2250000000000001,-1.4666753605805037e-15,0.5399854749120493,0.225,0.0,0.5399999999999999,0.0,129.8807091597197,2.575632442619984e-15,True,True,False
5.7,1.402748426260203e-05,0.0,9.882382654925982e-05,2.0197231595503062e-16,-8.642793399170356e-17,1.3326034922234052e-15,-0.00026171848734679717,0.2250000000000001,-1.4740084876955388e-15,0.5399859725157373,0.225,0.0,0.5399999999999999,0.0,129.88093484722754,2.644562366738713e-15,True,True,False
5.705,1.3536636611188868e-05,0.0,9.75152341125179e-05,2.0333399785095035e-16,-8.642793399170356e-17,1.3326034922234052e-15,-0.00026171848734679717,0.2250000000000001,-1.481374381751812e-15,0.5399864633633887,0.225,0.0,0.5399999999999999,0.0,129.88093484722754,2.6494600969563335e-15,True,True,False
5.71,1.305233192150368e-05,0.0,9.620664167577597e-05,2.0469711101893298e-16,-8.642793399170356e-17,1.3326034922234052e-15,-0.00026171848734679717,0.2250000000000001,-1.488772549088656e-15,0.5399869476680784,0.225,0.0,0.5399999999999999,0.0,129.88093484722754,2.654400725751524e-15,True,True,False
5.715,1.2574570194434642e-05,0.0,9.489804923903406e-05,2.0606162705506321e-16,-8.642793399170356e-17,1.3326034922234052e-15,-0.00026171848734679717,0.2250000000000001,-1.4962028260124703e-15,0.5399874254298055,0.225,0.0,0.5399999999999999,0.0,129.88093484722754,2.659384864396198e-15,True,True,False
5.72,1.2103351429981757e-05,0.0,9.358945680229212e-05,2.0742751827396983e-16,-8.642793399170356e-17,1.3326034922234052e-15,-0.00026171848734679717,0.22500000000000006,-1.5036650513252411e-15,0.5399878966485699,0.225,0.0,0.5399999999999999,0.0,129.88093484722754,2.6644131148431193e-15,True,True,False
5.7250000000000005,1.1638675626368666e-05,0.0,9.228086436555021e-05,2.0879475768718838e-16,-8.642793399170356e-17,1.3326034922234052e-15,-0.00026171848734679717,0.22500000000000006,-1.5111590663075648e-15,0.5399883613243736,0.225,0.0,0.5399999999999999,0.0,129.88093484722754,2.6694860697893353e-15,True,True,False
5.73,1.1180542786259906e-05,0.0,9.097227192880828e-05,2.1016331898226404e-16,-8.642793399170356e-17,1.3326034922234052e-15,-0.00026171848734679717,0.22500000000000006,-1.5186847147003737e-15,0.5399888194572137,0.225,0.0,0.5399999999999999,0.0,129.88093484722754,2.674604312744384e-15,True,True,False
5.735,1.072895290699094e-05,0.0,8.966367949206636e-05,2.115331765025655e-16,-8.642793399170356e-17,1.3326034922234052e-15,-0.00026171848734679717,0.22500000000000006,-1.5262418426854829e-15,0.5399892710470929,0.225,0.0,0.5399999999999999,0.0,129.88093484722754,2.679768418102963e-15,True,True,False
5.74,1.0283905991226305e-05,0.0,8.835508705532443e-05,2.1290430522778468e-16,-8.642793399170356e-17,1.3326034922234052e-15,-0.00026171848734679717,0.22500000000000006,-1.5338302988650116e-15,0.5399897160940087,0.225,0.0,0.5399999999999999,0.0,129.88093484722754,2.684978951221748e-15,True,True,False
5.745,9.845402037300666e-06,0.0,8.704649461858251e-05,2.1427668075509614e-16,-8.642793399170356e-17,1.3326034922234052e-15,-0.00026171848734679717,0.22500000000000006,-1.5414499342397843e-15,0.5399901545979626,0.225,0.0,0.5399999999999999,0.0,129.88093484722754,2.6902364685000713e-15,True,True,False
5.75,9.413441044991977e-06,0.0,8.573790218184057e-05,2.1565027928095202e-16,-2.546058612921862e-16,1.3943875525846472e-15,-0.00024360201136649015,0.22500000000000006,-1.5491006021867693e-15,0.5399905865589549,0.225,0.0,0.5399999999999999,0.0,129.8811747093695,2.761627595373797e-15,True,True,False
5.755,8.987796558224126e-06,0.0,8.451989212499563e-05,2.17122608924256e-16,-2.546058612921862e-16,1.3943875525846472e-15,-0.00024360201136649015,0.22500000000000006,-1.5567832338060115e-15,0.5399910122034417,0.225,0.0,0.5399999999999999,0.0,129.8811747093695,2.7668238534095708e-15,True,True,False
5.76,8.568242122586334e-06,0.0,8.330188206815068e-05,2.1859644765697816e-16,-2.546058612921862e-16,1.3943875525846472e-15,-0.00024360201136649015,0.22500000000000006,-1.5644988108816636e-15,0.5399914317578773,0.225,0.0,0.5399999999999999,0.0,129.8811747093695,2.7720676355789657e-15,True,True,False
5.765,8.1547777380786e-06,0.0,8.208387201130573e-05,2.2007176515963224e-16,-2.546058612921862e-16,1.3943875525846472e-15,-0.00024360201136649015,0.22500000000000006,-1.572247265044094e-15,0.5399918452222618,0.225,0.0,0.5399999999999999,0.0,129.8811747093695,2.7773591971908884e-15,True,True,False
5.7700000000000005,7.747403403812747e-06,0.0,8.086586195446079e-05,2.2154853189031612e-16,-2.546058612921862e-16,1.3943875525846472e-15,-0.00024360201136649015,0.22500000000000006,-1.5800285290090075e-15,0.5399922525965961,0.225,0.0,0.5399999999999999,0.0,129.8811747093695,2.7826987895013463e-15,True,True,False
5.775,7.346119118900596e-06,0.0,7.964785189761584e-05,2.2302671906093283e-16,-2.546058612921862e-16,1.3943875525846472e-15,-0.00024360201136649015,0.22500000000000006,-1.5878425365601185e-15,0.539992653880881,0.225,0.0,0.5399999999999999,0.0,129.8811747093695,2.788086659778126e-15,True,True,False
5.78,6.950924884230325e-06,0.0,7.842984184077088e-05,2.24506298614239e-16,-2.546058612921862e-16,1.3943875525846472e-15,-0.00024360201136649015,0.22500000000000006,-1.5956892225319958e-15,0.5399930490751157,0.225,0.0,0.5399999999999999,0.0,129.8811747093695,2.7935230513648744e-15,True,True,False
5.785,6.561820699801935e-06,0.0,7.721183178392597e-05,2.2587448222111617e-16,-2.546058612921862e-16,1.3943875525846472e-15,-0.00024360201136649015,0.22500000000000006,-1.6035696405003382e-15,0.5399934381793001,0.225,0.0,0.5399999999999999,0.0,129.8811747093695,2.7989650217091945e-15,True,True,False
5.79,6.1788065656154245e-06,0.0,7.599382172708108e-05,2.2723948869108275e-16,-2.546058612921862e-16,1.3943875525846472e-15,-0.00024360201136649015,0.22500000000000006,-1.6114850402098354e-15,0.5399938211934343,0.225,0.0,0.5399999999999999,0.0,129.8811747093695,2.804450179049979e-15,True,True,False
5.795,5.801882482558973e-06,0.0,7.477581167023616e-05,2.2860518300474867e-16,-2.546058612921862e-16,1.3943875525846472e-15,-0.00024360201136649015,0.22500000000000006,-1.6194354136820443e-15,0.5399941981175174,0.225,0.0,0.5399999999999999,0.0,129.8811747093695,2.809979973721761e-15,True,True,False
5.8,5.431048450632581e-06,0.0,7.355780161339135e-05,2.2974413926553643e-16,-4.426802033151695e-16,1.459467195336304e-15,-0.00022486601494307423,0.22500000000000006,-1.627421020726066e-15,0.5399945689515493,0.225,0.0,0.5399999999999999,0.0,129.88142277396216,2.8851509524994732e-15,True,True,False
5.805,5.066070267845113e-06,0.0,7.243347153866665e-05,2.307758860885369e-16,-4.426802033151695e-16,1.459467195336304e-15,-0.00022486601494307423,0.22500000000000006,-1.6354412748541469e-15,0.5399949339297321,0.225,0.0,0.5399999999999999,0.0,129.88142277396216,2.890650910846331e-15,True,True,False
5.8100000000000005,4.706713734869972e-06,0.0,7.130914146394194e-05,2.318076411520718e-16,-4.426802033151695e-16,1.459467195336304e-15,-0.00022486601494307423,0.22500000000000006,-1.6434946195329797e-15,0.539995293286265,0.225,0.0,0.5399999999999999,0.0,129.88142277396216,2.8962053737140477e-15,True,True,False
5.815,4.352978852595335e-06,0.0,7.018481138921721e-05,2.3283940434659505e-16,-4.426802033151695e-16,1.459467195336304e-15,-0.00022486601494307423,0.22500000000000006,-1.6515809340622904e-15,0.5399956470211473,0.225,0.0,0.5399999999999999,0.0,129.88142277396216,2.9018147918269408e-15,True,True,False
5.82,4.004865621021203e-06,0.0,6.906048131449251e-05,2.3387117556449287e-16,-4.426802033151695e-16,1.459467195336304e-15,-0.00022486601494307423,0.22500000000000006,-1.6597000998321205e-15,0.5399959951343789,0.225,0.0,0.5399999999999999,0.0,129.88142277396216,2.9074796081035777e-15,True,True,False
5.825,3.6623740392593973e-06,0.0,6.793615123976782e-05,2.3490295470004135e-16,-4.426802033151695e-16,1.459467195336304e-15,-0.00022486601494307423,0.22500000000000006,-1.6678520002911091e-15,0.5399963376259607,0.225,0.0,0.5399999999999999,0.0,129.88142277396216,2.9132002577752182e-15,True,True,False
5.83,3.3255041081980963e-06,0.0,6.68118211650431e-05,2.3593474164936523e-16,-4.426802033151695e-16,1.459467195336304e-15,-0.00022486601494307423,0.22500000000000006,-1.6760365209147522e-15,0.5399966744958917,0.225,0.0,0.5399999999999999,0.0,129.88142277396216,2.9189771685043553e-15,True,True,False
5.835,2.9942558278373e-06,0.0,6.56874910903184e-05,2.369665363103974e-16,-4.426802033151695e-16,1.459467195336304e-15,-0.00022486601494307423,0.22500000000000006,-1.6842535491736616e-15,0.5399970057441721,0.225,0.0,0.5399999999999999,0.0,129.88142277396216,2.9248107605032145e-15,True,True,False
5.84,2.66862919728883e-06,0.0,6.45631610155937e-05,2.379962409946066e-16,-4.426802033151695e-16,1.459467195336304e-15,-0.00022486601494307423,0.22500000000000003,-1.6925029745018892e-15,0.5399973313708026,0.225,0.0,0.5399999999999999,0.0,129.88142277396216,2.93069968030684e-15,True,True,False
5.845,2.3486242174408645e-06,0.0,6.343883094086902e-05,2.3896515832506543e-16,-4.426802033151695e-16,1.459467195336304e-15,-0.00022486601494307423,0.22500000000000003,-1.7007875300900286e-15,0.5399976513757825,0.225,0.0,0.5399999999999999,0.0,129.88142277396216,2.936587747692645e-15,True,True,False
5.8500000000000005,2.0342408874052254e-06,0.0,6.231450086614434e-05,2.399341506300426e-16,-6.16867037940579e-16,1.5271803810495635e-15,-0.00020589530770707382,0.22500000000000003,-1.7091096693115918e-15,0.5399979657591125,0.225,0.0,0.5399999999999999,0.0,129.88167394612597,3.0149477088540224e-15,True,True,False
5.855,1.7252420742019936e-06,0.0,6.128502432760331e-05,2.4094149635847627e-16,-6.16867037940579e-16,1.5271803810495635e-15,-0.00020589530770707382,0.22500000000000003,-1.7174677906357145e-15,0.5399982747579257,0.225,0.0,0.5399999999999999,0.0,129.88167394612597,3.0208105436165488e-15,True,True,False
5.86,1.421390643963072e-06,0.0,6.025554778906228e-05,2.419489088909281e-16,-6.16867037940579e-16,1.5271803810495635e-15,-0.00020589530770707382,0.22500000000000003,-1.7258602403814556e-15,0.539998578609356,0.225,0.0,0.5399999999999999,0.0,129.88167394612597,3.0267312004736912e-15,True,True,False
5.865,1.1226865958002819e-06,0.0,5.922607125052124e-05,2.4295638739639443e-16,-6.16867037940579e-16,1.5271803810495635e-15,-0.00020589530770707382,0.22500000000000003,-1.7342869417124135e-15,0.5399988773134041,0.225,0.0,0.5399999999999999,0.0,129.88167394612597,3.032709966351335e-15,True,True,False
5.87,8.291299297136234e-07,0.0,5.819659471198022e-05,2.439639310575448e-16,-6.16867037940579e-16,1.5271803810495635e-15,-0.00020589530770707382,0.22500000000000003,-1.7427478191229482e-15,0.5399991708700702,0.225,0.0,0.5399999999999999,0.0,129.88167394612597,3.03874712320601e-15,True,True,False
5.875,5.407206465912751e-07,0.0,5.7167118173439184e-05,2.449715390704426e-16,-6.16867037940579e-16,1.5271803810495635e-15,-0.00020589530770707382,0.22500000000000003,-1.7512427984138468e-15,0.5399994592793533,0.225,0.0,0.5399999999999999,0.0,129.88167394612597,3.0448429481156947e-15,True,True,False
5.88,2.5745874732141516e-07,0.0,5.613764163489815e-05,2.459792106442729e-16,-6.16867037940579e-16,1.5271803810495635e-15,-0.00020589530770707382,0.22500000000000003,-1.7597718066683582e-15,0.5399997425412526,0.225,0.0,0.5399999999999999,0.0,129.88167394612597,3.0509977133693603e-15,True,True,False
5.885,2.0655768984134758e-08,0.0,5.510816509635712e-05,2.4698694500107714e-16,-6.16867037940579e-16,1.5271803810495635e-15,-0.00020589530770707382,0.22500000000000003,-1.768334772228552e-15,0.5400000206557689,0.225,0.0,0.5399999999999999,0.0,129.88167394612597,3.0572116865552333e-15,True,True,False
5.89,2.9362290232537447e-07,0.0,5.407868855781609e-05,2.4799474137549357e-16,-6.16867037940579e-16,1.5271803810495635e-15,-0.00020589530770707382,0.22500000000000003,-1.7769316246720275e-15,0.5400002936229022,0.225,0.0,0.5399999999999999,0.0,129.88167394612597,3.063485130647761e-15,True,True,False
5.8950000000000005,5.614426527023042e-07,0.0,5.304921201927506e-05,2.490025990145044e-16,-6.16867037940579e-16,1.5271803810495635e-15,-0.00020589530770707382,0.22500000000000003,-1.7855622947889775e-15,0.5400005614426526,0.225,0.0,0.5399999999999999,0.0,129.88167394612597,3.069818304093277e-15,True,True,False
5.9,8.241150210031023e-07,0.0,5.2019735480734025e-05,2.50010517177189e-16,-7.823656624005383e-16,1.5974909691841554e-15,-0.0001870137643085877,0.22500000000000003,-1.794226714559598e-15,0.5400008241150209,0.225,0.0,0.5399999999999999,0.0,129.88192393776055,3.1514171855041294e-15,True,True,False
5.905,1.0818760264319494e-06,0.0,5.108466665917783e-05,2.5068073973068336e-16,-7.823656624005383e-16,1.5974909691841554e-15,-0.0001870137643085877,0.22500000000000003,-1.802926257302659e-15,0.5400010818760264,0.225,0.0,0.5399999999999999,0.0,129.88192393776055,3.1576870570843346e-15,True,True,False
5.91,1.334961688193026e-06,0.0,5.014959783762163e-05,2.513523412403418e-16,-7.823656624005383e-16,1.5974909691841554e-15,-0.0001870137643085877,0.22500000000000003,-1.8116623209622615e-15,0.5400013349616881,0.225,0.0,0.5399999999999999,0.0,129.88192393776055,3.1640149627530388e-15,True,True,False
5.915,1.5833720053981537e-06,0.0,4.921452901606544e-05,2.520253106821642e-16,-7.823656624005383e-16,1.5974909691841554e-15,-0.0001870137643085877,0.22500000000000003,-1.820434875532549e-15,0.5400015833720053,0.225,0.0,0.5399999999999999,0.0,129.88192393776055,3.1704010145594356e-15,True,True,False
5.92,1.8271069780473326e-06,0.0,4.827946019450923e-05,2.5269963712724854e-16,-7.823656624005383e-16,1.5974909691841554e-15,-0.0001870137643085877,0.22500000000000003,-1.829243891498914e-15,0.540001827106978,0.225,0.0,0.5399999999999999,0.0,129.88192393776055,3.1768453227182912e-15,True,True,False
5.925,2.066166607028741e-06,0.0,4.734439137295303e-05,2.533753097411156e-16,-7.823656624005383e-16,1.5974909691841554e-15,-0.0001870137643085877,0.22500000000000003,-1.8380893398282267e-15,0.540002066166607,0.225,0.0,0.5399999999999999,0.0,129.88192393776055,3.183347995646406e-15,True,True,False
5.93,2.3005508914542006e-06,0.0,4.6409322551396836e-05,2.5405231778303273e-16,-7.823656624005383e-16,1.5974909691841554e-15,-0.0001870137643085877,0.225,-1.846971191959288e-15,0.5400023005508914,0.225,0.0,0.5399999999999999,0.0,129.88192393776055,3.1899091399982708e-15,True,True,False
5.9350000000000005,2.5302598322118897e-06,0.0,4.547425372984063e-05,2.547306506053351e-16,-7.823656624005383e-16,1.5974909691841554e-15,-0.0001870137643085877,0.225,-1.8558894197934935e-15,0.5400025302598321,0.225,0.0,0.5399999999999999,0.0,129.88192393776055,3.1965288607009393e-15,True,True,False
5.94,2.7552934293018083e-06,0.0,4.453918490828444e-05,2.5541029765274757e-16,-7.823656624005383e-16,1.5974909691841554e-15,-0.0001870137643085877,0.225,-1.8648439956857026e-15,0.5400027552934292,0.225,0.0,0.5399999999999999,0.0,129.88192393776055,3.20320726098813e-15,True,True,False
5.945,2.9756516809475997e-06,0.0,4.3604116086728234e-05,2.560912484617045e-16,-7.823656624005383e-16,1.5974909691841554e-15,-0.0001870137643085877,0.225,-1.8738348924353002e-15,0.5400029756516809,0.225,0.0,0.5399999999999999,0.0,129.88192393776055,3.2099444424335833e-15,True,True,False
5.95,3.191334589813799e-06,0.0,4.266904726517198e-05,2.5693975798604894e-16,-9.47044854621648e-16,1.6711524311133986e-15,-0.00016848967296698473,0.225,-1.8828640945126923e-15,0.5400031913345897,0.225,0.0,0.5399999999999999,0.0,129.8821691967299,3.2954605533180405e-15,True,True,False
5.955,3.4025737049026006e-06,0.0,4.182659890032181e-05,2.576730033574365e-16,-9.47044854621648e-16,1.6711524311133986e-15,-0.00016848967296698473,0.225,-1.8919330399308214e-15,0.5400034025737048,0.225,0.0,0.5399999999999999,0.0,129.8821691967299,3.302114096853414e-15,True,True,False
5.96,3.609600577880734e-06,0.0,4.098415053547163e-05,2.584075331098693e-16,-9.47044854621648e-16,1.6711524311133986e-15,-0.00016848967296698473,0.225,-1.9010395187201977e-15,0.5400036096005778,0.225,0.0,0.5399999999999999,0.0,129.8821691967299,3.308830780362867e-15,True,True,False
5.965,3.8124152096363773e-06,0.0,4.014170217062145e-05,2.5914333632179226e-16,-9.47044854621648e-16,1.6711524311133986e-15,-0.00016848967296698473,0.225,-1.910183494288059e-15,0.5400038124152096,0.225,0.0,0.5399999999999999,0.0,129.8821691967299,3.3156107404927195e-15,True,True,False
5.97,4.011017600169531e-06,0.0,3.929925380577128e-05,2.5988040217651183e-16,-9.47044854621648e-16,1.6711524311133986e-15,-0.00016848967296698473,0.225,-1.9193649306592925e-15,0.5400040110176001,0.225,0.0,0.5399999999999999,0.0,129.8821691967299,3.322454111582824e-15,True,True,False
5.9750000000000005,4.205407748592016e-06,0.0,3.845680544092111e-05,2.606187199612418e-16,-9.47044854621648e-16,1.6711524311133986e-15,-0.00016848967296698473,0.225,-1.9285837924638895e-15,0.5400042054077485,0.225,0.0,0.5399999999999999,0.0,129.8821691967299,3.3293610257134477e-15,True,True,False
5.98,4.395585654903833e-06,0.0,3.761435707607114e-05,2.6078670333804776e-16,-9.47044854621648e-16,1.6711524311133986e-15,-0.00016848967296698473,0.225,-1.937841506883607e-15,0.5400043955856548,0.225,0.0,0.5399999999999999,0.0,129.8821691967299,3.336292912029736e-15,True,True,False
5.985,4.58155131999316e-06,0.0,3.6771908711221244e-05,2.6078899622165606e-16,-9.47044854621648e-16,1.6711524311133986e-15,-0.00016848967296698473,0.225,-1.947141446247005e-15,0.5400045815513199,0.225,0.0,0.5399999999999999,0.0,129.8821691967299,3.343264777118651e-15,True,True,False
5.99,4.763304743859997e-06,0.0,3.592946034637135e-05,2.6080048470383615e-16,-9.47044854621648e-16,1.6711524311133986e-15,-0.00016848967296698473,0.225,-1.9564837424944984e-15,0.5400047633047438,0.225,0.0,0.5399999999999999,0.0,129.8821691967299,3.3502868321481625e-15,True,True,False
5.995,4.940845925616166e-06,0.0,3.508701198152137e-05,2.6102204558920305e-16,-9.47044854621648e-16,1.6711524311133986e-15,-0.00016848967296698473,0.225,-1.9658686030998573e-15,0.5400049408459255,0.225,0.0,0.5399999999999999,0.0,129.8821691967299,3.3573411994175797e-15,True,True,False
6.0,5.1141748643734886e-06,0.0,3.424456361667136e-05,2.613655890777636e-16,-1.093070685328006e-15,1.7487950668945481e-15,-0.0001505410218445907,0.225,-1.9752967900461043e-15,0.5400051141748643,0.225,0.0,0.5399999999999999,0.0,129.88240683687079,3.447482840518204e-15,True,True,False
6.005,5.283515920218029e-06,0.0,3.3491858507441096e-05,2.6160657108792966e-16,-1.093070685328006e-15,1.7487950668945481e-15,-0.0001505410218445907,0.225,-1.9847664814619466e-15,0.5400052835159201,0.225,0.0,0.5399999999999999,0.0,129.88240683687079,3.4545035203616152e-15,True,True,False
6.01,5.44909344968314e-06,0.0,3.273915339821083e-05,2.6185423199547507e-16,-1.093070685328006e-15,1.7487950668945481e-15,-0.0001505410218445907,0.22499999999999998,-1.994275769258554e-15,0.5400054490934496,0.225,0.0,0.5399999999999999,0.0,129.88240683687079,3.4615890057808552e-15,True,True,False
6.015000000000001,5.610907453656999e-06,0.0,3.1986448288980564e-05,2.621085528681478e-16,-1.093070685328006e-15,1.7487950668945481e-15,-0.0001505410218445907,0.22499999999999998,-2.0038246267991155e-15,0.5400056109074536,0.225,0.0,0.5399999999999999,0.0,129.88240683687079,3.4687393962442843e-15,True,True,False
6.0200000000000005,5.768957932139607e-06,0.0,3.1233743179750295e-05,2.623695143389714e-16,-1.093070685328006e-15,1.7487950668945481e-15,-0.0001505410218445907,0.22499999999999998,-2.0134130278855605e-15,0.5400057689579321,0.225,0.0,0.5399999999999999,0.0,129.88240683687079,3.4759547895819005e-15,True,True,False
6.025,5.923244885130963e-06,0.0,3.0481038070520035e-05,2.6263709661325304e-16,-1.093070685328006e-15,1.7487950668945481e-15,-0.0001505410218445907,0.22499999999999998,-2.023040946749613e-15,0.540005923244885,0.225,0.0,0.5399999999999999,0.0,129.88240683687079,3.4832352820187375e-15,True,True,False
6.03,6.073768312631067e-06,0.0,2.9728332961289793e-05,2.6291127947569926e-16,-1.093070685328006e-15,1.7487950668945481e-15,-0.0001505410218445907,0.22499999999999998,-2.0327083580440606e-15,0.5400060737683126,0.225,0.0,0.5399999999999999,0.0,129.88240683687079,3.4905809682074815e-15,True,True,False
6.035,6.220528215528098e-06,0.0,2.897562785205954e-05,2.631920422976305e-16,-1.093070685328006e-15,1.7487950668945481e-15,-0.0001505410218445907,0.22499999999999998,-2.0424152368342233e-15,0.5400062205282155,0.225,0.0,0.5399999999999999,0.0,129.88240683687079,3.4979919412603295e-15,True,True,False
6.04,6.3635245920456995e-06,0.0,2.8222922742829295e-05,2.634793640442923e-16,-1.093070685328006e-15,1.7487950668945481e-15,-0.0001505410218445907,0.22499999999999998,-2.052161558589612e-15,0.540006363524592,0.225,0.0,0.5399999999999999,0.0,129.88240683687079,3.505468292780106e-15,True,True,False
6.045,6.502757443072049e-06,0.0,2.747021763359905e-05,2.6377322328225465e-16,-1.093070685328006e-15,1.7487950668945481e-15,-0.0001505410218445907,0.22499999999999998,-2.0619472991758017e-15,0.540006502757443,0.225,0.0,0.5399999999999999,0.0,129.88240683687079,3.5130101128906655e-15,True,True,False
6.05,6.638226768607147e-06,0.0,2.6717512524368796e-05,2.640735981868958e-16,-1.2065044825415757e-15,1.829099173081603e-15,-0.00013334065444693368,0.22499999999999998,-2.0717724348464692e-15,0.5400066382267685,0.225,0.0,0.5399999999999999,0.0,129.8826345697351,3.606512339033663e-15,True,True,False
6.055,6.770147572665586e-06,0.0,2.605080925211653e-05,2.6420182269924477e-16,-1.2065044825415757e-15,1.829099173081603e-15,-0.00013334065444693368,0.22499999999999998,-2.0816393912835885e-15,0.5400067701475726,0.225,0.0,0.5399999999999999,0.0,129.8826345697351,3.613968664290686e-15,True,True,False
6.0600000000000005,6.898734861038314e-06,0.0,2.538410597986426e-05,2.6434052074093812e-16,-1.2065044825415757e-15,1.829099173081603e-15,-0.00013334065444693368,0.22499999999999998,-2.091550609855607e-15,0.540006898734861,0.225,0.0,0.5399999999999999,0.0,129.8826345697351,3.621482235210293e-15,True,True,False
6.065,7.023988632837153e-06,0.0,2.471740270761199e-05,2.6448967583506093e-16,-1.2065044825415757e-15,1.829099173081603e-15,-0.00013334065444693368,0.22499999999999998,-2.1015060905171295e-15,0.5400070239886328,0.225,0.0,0.5399999999999999,0.0,129.8826345697351,3.629053051962008e-15,True,True,False
6.07,7.1459088880621024e-06,0.0,2.4050699435359716e-05,2.6464927030097593e-16,-1.2065044825415757e-15,1.829099173081603e-15,-0.00013334065444693368,0.22499999999999998,-2.111505833223385e-15,0.540007145908888,0.225,0.0,0.5399999999999999,0.0,129.8826345697351,3.636681114713009e-15,True,True,False
6.075,7.264495626713163e-06,0.0,2.3383996163107447e-05,2.648192852646886e-16,-1.2065044825415757e-15,1.829099173081603e-15,-0.00013334065444693368,0.22499999999999998,-2.1215498379302187e-15,0.5400072644956266,0.225,0.0,0.5399999999999999,0.0,129.8826345697351,3.644366423628186e-15,True,True,False
6.08,7.3797488496785135e-06,0.0,2.2717292890855127e-05,2.651166082474507e-16,-1.2065044825415757e-15,1.829099173081603e-15,-0.00013334065444693368,0.22499999999999998,-2.1316384781156372e-15,0.5400073797488496,0.225,0.0,0.5399999999999999,0.0,129.8826345697351,3.652079855432849e-15,True,True,False
6.085,7.491668556069975e-06,0.0,2.2050589618602776e-05,2.6551088741657948e-16,-1.2065044825415757e-15,1.829099173081603e-15,-0.00013334065444693368,0.22499999999999995,-2.141773496220369e-15,0.540007491668556,0.225,0.0,0.5399999999999999,0.0,129.8826345697351,3.659825996798776e-15,True,True,False
6.09,7.600254745887547e-06,0.0,2.1383886346350416e-05,2.6591191309861306e-16,-1.2065044825415757e-15,1.829099173081603e-15,-0.00013334065444693368,0.22499999999999995,-2.151955108652467e-15,0.5400076002547458,0.225,0.0,0.5399999999999999,0.0,129.8826345697351,3.6676265003140895e-15,True,True,False
6.095,7.705507420019408e-06,0.0,2.071718307409807e-05,2.663024516528162e-16,-1.2065044825415757e-15,1.829099173081603e-15,-0.00013334065444693368,0.22499999999999995,-2.162183313906888e-15,0.5400077055074199,0.225,0.0,0.5399999999999999,0.0,129.8826345697351,3.675480335655365e-15,True,True,False
6.1000000000000005,7.807426576689203e-06,0.0,2.005047980184595e-05,2.6620693470429524e-16,-1.3065046482897817e-15,1.9139934042341292e-15,-0.00011702123876659603,0.22499999999999995,-2.1724594613323465e-15,0.5400078074265766,0.225,0.0,0.5399999999999999,0.0,129.88285063879871,3.774160075437164e-15,True,True,False
6.105,7.90621621005183e-06,0.0,1.9465373607997008e-05,2.661823762848869e-16,-1.3065046482897817e-15,1.9139934042341292e-15,-0.00011702123876659603,0.22499999999999995,-2.1827830693264538e-15,0.54000790621621,0.225,0.0,0.5399999999999999,0.0,129.88285063879871,3.78194816642542e-15,True,True,False
6.11,8.002080312485838e-06,0.0,1.8880267414148075e-05,2.6617590412665497e-16,-1.3065046482897817e-15,1.9139934042341292e-15,-0.00011702123876659603,0.22499999999999995,-2.193152479008345e-15,0.5400080020803124,0.225,0.0,0.5399999999999999,0.0,129.88285063879871,3.7897981199670545e-15,True,True,False
6.115,8.095018883991223e-06,0.0,1.829516122029914e-05,2.661875195488627e-16,-1.3065046482897817e-15,1.9139934042341292e-15,-0.00011702123876659603,0.22499999999999995,-2.2035676892547525e-15,0.5400080950188839,0.225,0.0,0.5399999999999999,0.0,129.88285063879871,3.7977099402566125e-15,True,True,False
6.12,8.185031924567987e-06,0.0,1.7710055026450205e-05,2.6621722018395257e-16,-1.3065046482897817e-15,1.9139934042341292e-15,-0.00011702123876659603,0.22499999999999995,-2.21402869895843e-15,0.5400081850319245,0.225,0.0,0.5399999999999999,0.0,129.88285063879871,3.8056836314288205e-15,True,True,False
6.125,8.27211943421613e-06,0.0,1.7124948832601268e-05,2.6626499997995766e-16,-1.3065046482897817e-15,1.9139934042341292e-15,-0.00011702123876659603,0.22499999999999995,-2.224535507027844e-15,0.5400082721194341,0.225,0.0,0.5399999999999999,0.0,129.88285063879871,3.813719197559727e-15,True,True,False
6.13,8.356281412935651e-06,0.0,1.653984263875233e-05,2.663308492066653e-16,-1.3065046482897817e-15,1.9139934042341292e-15,-0.00011702123876659603,0.22499999999999995,-2.235088112386887e-15,0.5400083562814129,0.225,0.0,0.5399999999999999,0.0,129.88285063879871,3.821816642667797e-15,True,True,False
6.135,8.437517860726551e-06,0.0,1.5954736444903395e-05,2.6641475446551573e-16,-1.3065046482897817e-15,1.9139934042341292e-15,-0.00011702123876659603,0.22499999999999995,-2.2456865139745738e-15,0.5400084375178607,0.225,0.0,0.5399999999999999,0.0,129.88285063879871,3.829975970714994e-15,True,True,False
6.140000000000001,8.51582877758883e-06,0.0,1.536963025105446e-05,2.6651669870321344e-16,-1.3065046482897817e-15,1.9139934042341292e-15,-0.00011702123876659603,0.22499999999999995,-2.256330710744777e-15,0.5400085158287775,0.225,0.0,0.5399999999999999,0.0,129.88285063879871,3.838197185607825e-15,True,True,False
6.1450000000000005,8.591214163522487e-06,0.0,1.4784524057205516e-05,2.666751912195188e-16,-1.3065046482897817e-15,1.9139934042341292e-15,-0.00011702123876659603,0.22499999999999995,-2.2670210675322436e-15,0.5400085912141634,0.225,0.0,0.5399999999999999,0.0,129.88285063879871,3.846448199497469e-15,True,True,False
6.15,8.663674018527523e-06,0.0,1.4199417863356542e-05,2.66916329379755e-16,-1.3691692062378907e-15,2.0022860905979924e-15,-0.00010168000663291304,0.22499999999999995,-2.2777616037316796e-15,0.5400086636740185,0.225,0.0,0.5399999999999999,0.0,129.88305375671217,3.949137994827936e-15,True,True,False
6.155,8.733400108318357e-06,0.0,1.3691017830178917e-05,2.671257732375224e-16,-1.3691692062378907e-15,2.0022860905979924e-15,-0.00010168000663291304,0.22499999999999995,-2.2885525048629023e-15,0.5400087334001082,0.225,0.0,0.5399999999999999,0.0,129.88305375671217,3.957294967341795e-15,True,True,False
6.16,8.800584197721228e-06,0.0,1.3182617797001294e-05,2.673531079708292e-16,-1.3691692062378907e-15,2.0022860905979924e-15,-0.00010168000663291304,0.22499999999999992,-2.2993928663475093e-15,0.5400088005841976,0.225,0.0,0.5399999999999999,0.0,129.88305375671217,3.965510986357077e-15,True,True,False
6.165,8.865226286736139e-06,0.0,1.267421776382367e-05,2.675982879827797e-16,-1.3691692062378907e-15,2.0022860905979924e-15,-0.00010168000663291304,0.22499999999999992,-2.3102826866886763e-15,0.5400088652262867,0.225,0.0,0.5399999999999999,0.0,129.88305375671217,3.973786057463289e-15,True,True,False
6.17,8.927326376251266e-06,0.0,1.2165817730646044e-05,2.6786126427070933e-16,-1.3691692062378907e-15,2.0022860905979924e-15,-0.00010168000663291304,0.22499999999999992,-2.3212219644090595e-15,0.5400089273263762,0.225,0.0,0.5399999999999999,0.0,129.88305375671217,3.9821201861771864e-15,True,True,False
6.175,8.98688446626661e-06,0.0,1.1657417697468419e-05,2.681419844743193e-16,-1.3691692062378907e-15,2.0022860905979924e-15,-0.00010168000663291304,0.22499999999999992,-2.3322106980504675e-15,0.5400089868844662,0.225,0.0,0.5399999999999999,0.0,129.88305375671217,3.990513377944018e-15,True,True,False
6.18,9.043900553229456e-06,0.0,1.1149017664290796e-05,2.684403929267811e-16,-1.3691692062378907e-15,2.0022860905979924e-15,-0.00010168000663291304,0.22499999999999992,-2.3432488861735274e-15,0.5400090439005532,0.225,0.0,0.5399999999999999,0.0,129.88305375671217,3.9989656381387564e-15,True,True,False
6.1850000000000005,9.09837464069252e-06,0.0,1.064061763111317e-05,2.6875643070869657e-16,-1.3691692062378907e-15,2.0022860905979924e-15,-0.00010168000663291304,0.22499999999999992,-2.3543365273573634e-15,0.5400090983746406,0.225,0.0,0.5399999999999999,0.0,129.88305375671217,4.0074769720672936e-15,True,True,False
6.19,9.1503067286558e-06,0.0,1.0132217597935547e-05,2.6909003570479426e-16,-1.3691692062378907e-15,2.0022860905979924e-15,-0.00010168000663291304,0.22499999999999992,-2.3654736201992883e-15,0.5400091503067286,0.225,0.0,0.5399999999999999,0.0,129.88305375671217,4.016047384967612e-15,True,True,False
6.195,9.199696816231118e-06,0.0,9.623817564757922e-06,2.694411426632386e-16,-1.3691692062378907e-15,2.0022860905979924e-15,-0.00010168000663291304,0.22499999999999992,-2.37666016331449e-15,0.5400091996968162,0.225,0.0,0.5399999999999999,0.0,129.88305375671217,4.024676882010934e-15,True,True,False
6.2,9.246544903418474e-06,0.0,9.115417531580302e-06,2.698001056886672e-16,-1.4001628139905601e-15,2.094283644262396e-15,-8.738323078104191e-05,0.22499999999999992,-2.3878961553357336e-15,0.5400092465449033,0.225,0.0,0.5399999999999999,0.0,129.88324304602446,4.131764668915742e-15,True,True,False
6.205,9.291029701485876e-06,0.0,8.678501377665919e-06,2.699406595685578e-16,-1.4001628139905601e-15,2.094283644262396e-15,-8.738323078104191e-05,0.22499999999999992,-2.3991838123702006e-15,0.5400092910297014,0.225,0.0,0.5399999999999999,0.0,129.88324304602446,4.14026611544378e-15,True,True,False
6.21,9.333329917260436e-06,0.0,8.241585223751535e-06,2.701141187065259e-16,-1.4001628139905601e-15,2.094283644262396e-15,-8.738323078104191e-05,0.22499999999999992,-2.4105249725174104e-15,0.5400093333299172,0.225,0.0,0.5399999999999999,0.0,129.88324304602446,4.148822847965776e-15,True,True,False
6.215,9.37344555340669e-06,0.0,7.804669069837131e-06,2.703521419996804e-16,-1.4001628139905601e-15,2.094283644262396e-15,-8.738323078104191e-05,0.22499999999999992,-2.421919711444104e-15,0.5400093734455533,0.225,0.0,0.5399999999999999,0.0,129.88324304602446,4.157422150250095e-15,True,True,False
6.22,9.41137660814828e-06,0.0,7.3677529159227115e-06,2.706446732997987e-16,-1.4001628139905601e-15,2.094283644262396e-15,-8.738323078104191e-05,0.22499999999999992,-2.43336843755395e-15,0.5400094113766081,0.225,0.0,0.5399999999999999,0.0,129.88324304602446,4.1660677840042444e-15,True,True,False
6.2250000000000005,9.447123082373388e-06,0.0,6.9308367620082915e-06,2.7096666402747995e-16,-1.4001628139905601e-15,2.094283644262396e-15,-8.738323078104191e-05,0.22499999999999992,-2.444871190994916e-15,0.5400094471230823,0.225,0.0,0.5399999999999999,0.0,129.88324304602446,4.174769756743706e-15,True,True,False
6.23,9.48068497608201e-06,0.0,6.493920608093871e-06,2.7131800929848833e-16,-1.4001628139905601e-15,2.094283644262396e-15,-8.738323078104191e-05,0.22499999999999992,-2.4564279593386702e-15,0.540009480684976,0.225,0.0,0.5399999999999999,0.0,129.88324304602446,4.183528114878915e-15,True,True,False
6.235,9.51206228838597e-06,0.0,6.0570044541794525e-06,2.716985952339374e-16,-1.4001628139905601e-15,2.094283644262396e-15,-8.738323078104191e-05,0.22499999999999992,-2.4680387303032953e-15,0.5400095120622883,0.225,0.0,0.5399999999999999,0.0,129.88324304602446,4.1923429042735436e-15,True,True,False
6.24,9.541255021061623e-06,0.0,5.620088300265032e-06,2.7210829914095287e-16,-1.4001628139905601e-15,2.094283644262396e-15,-8.738323078104191e-05,0.22499999999999992,-2.4797034917511263e-15,0.540009541255021,0.225,0.0,0.5399999999999999,0.0,129.88324304602446,4.2012141702526015e-15,True,True,False
6.245,9.568263171444435e-06,0.0,5.183172146350612e-06,2.7254698970554895e-16,-1.4001628139905601e-15,2.094283644262396e-15,-8.738323078104191e-05,0.2249999999999999,-2.4914222316866037e-15,0.5400095682631714,0.225,0.0,0.5399999999999999,0.0,129.88324304602446,4.210141957610429e-15,True,True,False
6.25,9.593086742198942e-06,0.0,4.7462559924361925e-06,2.730145271970301e-16,-1.3972433478686517e-15,2.1912092901582823e-15,-7.417041642672033e-05,0.2249999999999999,-2.5031949382541832e-15,0.5400095930867421,0.225,0.0,0.5399999999999999,0.0,129.88341798368648,4.322800200821468e-15,True,True,False
6.255,9.615890891878642e-06,0.0,4.375403910283111e-06,2.7351617771171656e-16,-1.3972433478686517e-15,2.1912092901582823e-15,-7.417041642672033e-05,0.2249999999999999,-2.5150229002324156e-15,0.5400096158908918,0.225,0.0,0.5399999999999999,0.0,129.88341798368648,4.3316082511234355e-15,True,True,False
6.26,9.636840780813394e-06,0.0,4.004551828130031e-06,2.7405018705960736e-16,-1.3972433478686517e-15,2.1912092901582823e-15,-7.417041642672033e-05,0.2249999999999999,-2.5269073979870403e-15,0.5400096368407807,0.225,0.0,0.5399999999999999,0.0,129.88341798368648,4.340472071846485e-15,True,True,False
6.265000000000001,9.655936409891375e-06,0.0,3.6336997459769596e-06,2.7460926222660174e-16,-1.3972433478686517e-15,2.1912092901582823e-15,-7.417041642672033e-05,0.2249999999999999,-2.5388484271571525e-15,0.5400096559364098,0.225,0.0,0.5399999999999999,0.0,129.88341798368648,4.3493862636236485e-15,True,True,False
6.2700000000000005,9.673177778224407e-06,0.0,3.262847663823915e-06,2.751791073985326e-16,-1.3972433478686517e-15,2.1912092901582823e-15,-7.417041642672033e-05,0.2249999999999999,-2.5508464677488176e-15,0.5400096731777781,0.225,0.0,0.5399999999999999,0.0,129.88341798368648,4.358338832031731e-15,True,True,False
6.275,9.688564886700668e-06,0.0,2.891995581670871e-06,2.757841788913897e-16,-1.3972433478686517e-15,2.1912092901582823e-15,-7.417041642672033e-05,0.2249999999999999,-2.5629017150903036e-15,0.5400096885648866,0.225,0.0,0.5399999999999999,0.0,129.88341798368648,4.367348181439976e-15,True,True,False
6.28,9.70209773443198e-06,0.0,2.5211434995178258e-06,2.764242453821178e-16,-1.3972433478686517e-15,2.1912092901582823e-15,-7.417041642672033e-05,0.2249999999999999,-2.575014147820874e-15,0.5400097020977344,0.225,0.0,0.5399999999999999,0.0,129.88341798368648,4.376414391614607e-15,True,True,False
6.285,9.713776321418344e-06,0.0,2.1502914173647824e-06,2.7709906436774344e-16,-1.3972433478686517e-15,2.1912092901582823e-15,-7.417041642672033e-05,0.2249999999999999,-2.5871837448239677e-15,0.5400097137763213,0.225,0.0,0.5399999999999999,0.0,129.88341798368648,4.385537541410016e-15,True,True,False
6.29,9.723600648547936e-06,0.0,1.7794393352117383e-06,2.7780838259853624e-16,-1.3972433478686517e-15,2.1912092901582823e-15,-7.417041642672033e-05,0.2249999999999999,-2.5994104852238228e-15,0.5400097236006485,0.225,0.0,0.5399999999999999,0.0,129.88341798368648,4.394717708781383e-15,True,True,False
6.295,9.73157071493258e-06,0.0,1.4085872530586947e-06,2.785519365229416e-16,-1.3972433478686517e-15,2.1912092901582823e-15,-7.417041642672033e-05,0.2249999999999999,-2.6116943483821635e-15,0.5400097315707149,0.225,0.0,0.5399999999999999,0.0,129.88341798368648,4.403954970797093e-15,True,True,False
6.3,9.737686520572275e-06,0.0,1.0377351709056622e-06,2.7933740764414766e-16,-1.3543408860383035e-15,2.2928834770014534e-15,-6.205819222160347e-05,0.2249999999999999,-2.624036017664261e-15,0.5400097376865205,0.225,0.0,0.5399999999999999,0.0,129.88357834953496,4.521932076010298e-15,True,True,False
6.305,9.742099469689514e-06,0.0,7.274442097770244e-07,2.801865863155762e-16,-1.3543408860383035e-15,2.2928834770014534e-15,-6.205819222160347e-05,0.2249999999999999,-2.636437185752352e-15,0.5400097420994696,0.225,0.0,0.5399999999999999,0.0,129.88357834953496,4.531040781896375e-15,True,True,False
6.3100000000000005,9.744960962954075e-06,0.0,4.171532486483867e-07,2.8107151538157806e-16,-1.3543408860383035e-15,2.2928834770014534e-15,-6.205819222160347e-05,0.2249999999999999,-2.6488982580144916e-15,0.5400097449609629,0.225,0.0,0.5399999999999999,0.0,129.88357834953496,4.540204953524309e-15,True,True,False
6.315,9.746271002142315e-06,0.0,1.0686228751974876e-07,2.8199185827345315e-16,-1.3543408860383035e-15,2.2928834770014534e-15,-6.205819222160347e-05,0.2249999999999999,-2.661419191346246e-15,0.5400097462710021,0.225,0.0,0.5399999999999999,0.0,129.88357834953496,4.549424751856608e-15,True,True,False
6.32,9.746029586366056e-06,0.0,2.0342867360888928e-07,2.8294726941964237e-16,-1.3543408860383035e-15,2.2928834770014534e-15,-6.205819222160347e-05,0.2249999999999999,-2.67399994311279e-15,0.5400097460295863,0.225,0.0,0.5399999999999999,0.0,129.88357834953496,4.558700336102116e-15,True,True,False
6.325,9.744236715625298e-06,0.0,5.137196347375258e-07,2.839371813195925e-16,-1.3543408860383035e-15,2.2928834770014534e-15,-6.205819222160347e-05,0.2249999999999999,-2.6866404711434343e-15,0.5400097442367155,0.225,0.0,0.5399999999999999,0.0,129.88357834953496,4.568030226173323e-15,True,True,False
6.33,9.740892389920042e-06,0.0,8.240105958661208e-07,2.8495747025469036e-16,-1.3543408860383035e-15,2.2928834770014534e-15,-6.205819222160347e-05,0.2249999999999999,-2.699341241587753e-15,0.5400097408923898,0.225,0.0,0.5399999999999999,0.0,129.88357834953496,4.577370314970419e-15,True,True,False
6.335,9.735996609250286e-06,0.0,1.1343015569947161e-06,2.8601600116593316e-16,-1.3543408860383035e-15,2.2928834770014534e-15,-6.205819222160347e-05,0.2249999999999999,-2.7121026668464322e-15,0.5400097359966092,0.225,0.0,0.5399999999999999,0.0,129.88357834953496,4.586769601532992e-15,True,True,False
6.34,9.72954937450421e-06,0.0,1.4445925181233118e-06,2.871123510800436e-16,-1.3543408860383035e-15,2.2928834770014534e-15,-6.205819222160347e-05,0.2249999999999999,-2.7249247194261467e-15,0.5400097295493744,0.225,0.0,0.5399999999999999,0.0,129.88357834953496,4.5962281885278164e-15,True,True,False
6.345,9.721550684793634e-06,0.0,1.7548834792519135e-06,2.882575217079992e-16,-1.3543408860383035e-15,2.2928834770014534e-15,-6.205819222160347e-05,0.2249999999999999,-2.737807742405349e-15,0.5400097215506847,0.225,0.0,0.5399999999999999,0.0,129.88357834953496,4.605698221080285e-15,True,True,False
6.3500000000000005,9.71200054011856e-06,0.0,2.0651744403805153e-06,2.89439411485067e-16,-1.2716862027216524e-15,2.399487678820846e-15,-5.104389269937955e-05,0.22499999999999987,-2.750752133738546e-15,0.54000971200054,0.225,0.0,0.5399999999999999,0.0,129.88372417886063,4.7292537710219584e-15,True,True,False
6.355,9.70103661879218e-06,0.0,2.3203939038978416e-06,2.9069414755471686e-16,-1.2716862027216524e-15,2.399487678820846e-15,-5.104389269937955e-05,0.22499999999999987,-2.7637588235502523e-15,0.5400097010366187,0.225,0.0,0.5399999999999999,0.0,129.88372417886063,4.7386631866717696e-15,True,True,False
6.36,9.688796600904048e-06,0.0,2.5756133674151675e-06,2.9198503527429344e-16,-1.2716862027216524e-15,2.399487678820846e-15,-5.104389269937955e-05,0.22499999999999987,-2.7768287113939697e-15,0.5400096887966008,0.225,0.0,0.5399999999999999,0.0,129.88372417886063,4.7481285097653766e-15,True,True,False
6.365,9.675280484677806e-06,0.0,2.8308328309324943e-06,2.933115973253063e-16,-1.2716862027216524e-15,2.399487678820846e-15,-5.104389269937955e-05,0.22499999999999987,-2.7899617281287673e-15,0.5400096752804846,0.225,0.0,0.5399999999999999,0.0,129.88372417886063,4.757649998491923e-15,True,True,False
6.37,9.660488271889811e-06,0.0,3.08605229444982e-06,2.9467335191146855e-16,-1.2716862027216524e-15,2.399487678820846e-15,-5.104389269937955e-05,0.22499999999999987,-2.803157805346562e-15,0.5400096604882718,0.225,0.0,0.5399999999999999,0.0,129.88372417886063,4.7672279083039005e-15,True,True,False
6.375,9.644419961651884e-06,0.0,3.3412717579671465e-06,2.9606981343558665e-16,-1.2716862027216524e-15,2.399487678820846e-15,-5.104389269937955e-05,0.22499999999999987,-2.8164168753650685e-15,0.5400096444199616,0.225,0.0,0.5399999999999999,0.0,129.88372417886063,4.776862491943494e-15,True,True,False
6.38,9.627075554852205e-06,0.0,3.596491221484473e-06,2.975004931569884e-16,-1.2716862027216524e-15,2.399487678820846e-15,-5.104389269937955e-05,0.22499999999999987,-2.8297388712207574e-15,0.5400096270755548,0.225,0.0,0.5399999999999999,0.0,129.88372417886063,4.786553999468909e-15,True,True,False
6.385,9.608455049714415e-06,0.0,3.851710685001799e-06,2.9896489982829904e-16,-1.2716862027216524e-15,2.399487678820846e-15,-5.104389269937955e-05,0.22499999999999987,-2.8431237266618002e-15,0.5400096084550496,0.225,0.0,0.5399999999999999,0.0,129.88372417886063,4.79630267828064e-15,True,True,False
6.390000000000001,9.588558448014872e-06,0.0,4.106930148519123e-06,3.0046254031054155e-16,-1.2716862027216524e-15,2.399487678820846e-15,-5.104389269937955e-05,0.22499999999999987,-2.8565713761410667e-15,0.5400095885584479,0.225,0.0,0.5399999999999999,0.0,129.88372417886063,4.8061087731477e-15,True,True,False
6.3950000000000005,9.567385748865398e-06,0.0,4.362149612036446e-06,3.01992920165702e-16,-1.2716862027216524e-15,2.399487678820846e-15,-5.104389269937955e-05,0.22499999999999987,-2.8700817548091075e-15,0.5400095673857488,0.225,0.0,0.5399999999999999,0.0,129.88372417886063,4.815972526233776e-15,True,True,False
6.4,9.544936951377814e-06,0.0,4.617369075553771e-06,3.0355554422605696e-16,-1.1591284342252385e-15,2.5097490802065995e-15,-4.110882994382868e-05,0.22499999999999987,-2.8836547985071744e-15,0.5400095449369513,0.225,0.0,0.5399999999999999,0.0,129.88385571909154,4.94383273228687e-15,True,True,False
6.405,9.521336245987833e-06,0.0,4.822913225283153e-06,3.0523037673912523e-16,-1.1591284342252385e-15,2.5097490802065995e-15,-4.110882994382868e-05,0.22499999999999987,-2.8972919403677834e-15,0.5400095213362459,0.225,0.0,0.5399999999999999,0.0,129.88385571909154,4.9535268358881505e-15,True,True,False
6.41,9.496707819578454e-06,0.0,5.028457375012536e-06,3.0694114336157293e-16,-1.1591284342252385e-15,2.5097490802065995e-15,-4.110882994382868e-05,0.22499999999999987,-2.910994606364941e-15,0.5400094967078195,0.225,0.0,0.5399999999999999,0.0,129.88385571909154,4.96328138134423e-15,True,True,False
6.415,9.471051672149677e-06,0.0,5.234001524741921e-06,3.0868724664582713e-16,-1.1591284342252385e-15,2.5097490802065995e-15,-4.110882994382868e-05,0.22499999999999987,-2.924762722791007e-15,0.5400094710516721,0.225,0.0,0.5399999999999999,0.0,129.88385571909154,4.973096643897452e-15,True,True,False
6.42,9.444367803701503e-06,0.0,5.439545674471302e-06,3.1046809038180463e-16,-1.1591284342252385e-15,2.5097490802065995e-15,-4.110882994382868e-05,0.22499999999999987,-2.938596216752932e-15,0.5400094443678036,0.225,0.0,0.5399999999999999,0.0,129.88385571909154,4.982972895748271e-15,True,True,False
6.425,9.41665621512211e-06,0.0,5.645089824200686e-06,3.122830802312828e-16,-1.1591284342252385e-15,2.5097490802065995e-15,-4.110882994382868e-05,0.22499999999999987,-2.9524950161638707e-15,0.540009416656215,0.225,0.0,0.5399999999999999,0.0,129.88385571909154,4.9929104060865905e-15,True,True,False
6.43,9.387916905523319e-06,0.0,5.850633973930069e-06,3.1413162432652626e-16,-1.1591284342252385e-15,2.5097490802065995e-15,-4.110882994382868e-05,0.22499999999999987,-2.9664590497348124e-15,0.5400093879169054,0.225,0.0,0.5399999999999999,0.0,129.88385571909154,5.002909441122985e-15,True,True,False
6.4350000000000005,9.358149875793309e-06,0.0,6.0561781236594525e-06,3.1601313383335283e-16,-1.1591284342252385e-15,2.5097490802065995e-15,-4.110882994382868e-05,0.22499999999999987,-2.9804882469662488e-15,0.5400093581498757,0.225,0.0,0.5399999999999999,0.0,129.88385571909154,5.012970264119857e-15,True,True,False
6.44,9.327355124155723e-06,0.0,6.261722273388835e-06,3.1792702347897694e-16,-1.1591284342252385e-15,2.5097490802065995e-15,-4.110882994382868e-05,0.22499999999999987,-2.9945825381398575e-15,0.5400093273551241,0.225,0.0,0.5399999999999999,0.0,129.88385571909154,5.023093135422452e-15,True,True,False
6.445,9.295532653275096e-06,0.0,6.467266423118218e-06,3.1987271204511644e-16,-1.1591284342252385e-15,2.5097490802065995e-15,-4.110882994382868e-05,0.22499999999999987,-3.0087418543102253e-15,0.5400092955326532,0.225,0.0,0.5399999999999999,0.0,129.88385571909154,5.0332783124897964e-15,True,True,False
6.45,9.262682460486893e-06,0.0,6.672810572847601e-06,3.218496228269729e-16,-1.0048820387064268e-15,2.6250448073922078e-15,-3.222125775795475e-05,0.22499999999999987,-3.0229661272965995e-15,0.5400092626824604,0.225,0.0,0.5399999999999999,0.0,129.88397339054728,5.1668496292862615e-15,True,True,False
6.455,9.228915641812385e-06,0.0,6.83391686164784e-06,3.239535703727335e-16,-1.0048820387064268e-15,2.6250448073922078e-15,-3.222125775795475e-05,0.22499999999999987,-3.0372570998240044e-15,0.5400092289156417,0.225,0.0,0.5399999999999999,0.0,129.88397339054728,5.176862295789419e-15,True,True,False
6.46,9.194343292384666e-06,0.0,6.995023150448078e-06,3.260908832806421e-16,-1.0048820387064268e-15,2.6250448073922078e-15,-3.222125775795475e-05,0.22499999999999987,-3.05161648761382e-15,0.5400091943432923,0.225,0.0,0.5399999999999999,0.0,129.88397339054728,5.186938316630018e-15,True,True,False
6.465,9.158965410427378e-06,0.0,7.156129439248317e-06,3.2826090982385946e-16,-1.0048820387064268e-15,2.6250448073922078e-15,-3.222125775795475e-05,0.22499999999999987,-3.0660441836607694e-15,0.5400091589654104,0.225,0.0,0.5399999999999999,0.0,129.88397339054728,5.197078091391926e-15,True,True,False
6.47,9.122781997716878e-06,0.0,7.317235728048569e-06,3.3045145232762207e-16,-1.0048820387064268e-15,2.6250448073922078e-15,-3.222125775795475e-05,0.22499999999999987,-3.080540088665832e-15,0.5400091227819976,0.225,0.0,0.5399999999999999,0.0,129.88397339054728,5.2072753731268984e-15,True,True,False
6.4750000000000005,9.085793053364988e-06,0.0,7.478342016848888e-06,3.326119257913848e-16,-1.0048820387064268e-15,2.6250448073922078e-15,-3.222125775795475e-05,0.22499999999999987,-3.095104312778514e-15,0.5400090857930533,0.225,0.0,0.5399999999999999,0.0,129.88397339054728,5.217506350264292e-15,True,True,False
6.48,9.047998577371708e-06,0.0,7.639448305649208e-06,3.34796904024322e-16,-1.0048820387064268e-15,2.6250448073922078e-15,-3.222125775795475e-05,0.22499999999999987,-3.1097369195700772e-15,0.5400090479985773,0.225,0.0,0.5399999999999999,0.0,129.88397339054728,5.227806527944554e-15,True,True,False
6.485,9.009398570625216e-06,0.0,7.80055459444953e-06,3.3700591039666774e-16,-1.0048820387064268e-15,2.6250448073922078e-15,-3.222125775795475e-05,0.22499999999999987,-3.1244378573893736e-15,0.5400090093985705,0.225,0.0,0.5399999999999999,0.0,129.88397339054728,5.238176061134895e-15,True,True,False
6.49,8.969993031349155e-06,0.0,7.961660883249853e-06,3.392384755193624e-16,-1.0048820387064268e-15,2.6250448073922078e-15,-3.222125775795475e-05,0.22499999999999987,-3.1392070773453936e-15,0.5400089699930313,0.225,0.0,0.5399999999999999,0.0,129.88397339054728,5.248615132406305e-15,True,True,False
6.495,8.929781961319883e-06,0.0,8.122767172050168e-06,3.4151429636896645e-16,-1.0048820387064268e-15,2.6250448073922078e-15,-3.222125775795475e-05,0.22499999999999987,-3.15404480454434e-15,0.5400089297819612,0.225,0.0,0.5399999999999999,0.0,129.88397339054728,5.2590677057598625e-15,True,True,False
6.5,8.88876535964922e-06,0.0,8.283873460850484e-06,3.43817296093237e-16,-8.06596219220203e-16,2.746926210066351e-15,-2.4339035044918626e-05,0.22499999999999987,-3.1689515103303423e-15,0.5400088887653596,0.225,0.0,0.5399999999999999,0.0,129.884077751176,5.399949981383827e-15,True,True,False
6.505,8.8470417546338e-06,0.0,8.405568636089172e-06,3.4616195231092546e-16,-8.06596219220203e-16,2.746926210066351e-15,-2.4339035044918626e-05,0.22499999999999987,-3.1839283945773346e-15,0.5400088470417546,0.225,0.0,0.5399999999999999,0.0,129.884077751176,5.410331925388908e-15,True,True,False
6.51,8.804709673682076e-06,0.0,8.527263811327857e-06,3.4852747586135286e-16,-8.06596219220203e-16,2.746926210066351e-15,-2.4339035044918626e-05,0.22499999999999987,-3.1989765555399015e-15,0.5400088047096736,0.225,0.0,0.5399999999999999,0.0,129.884077751176,5.420780770808921e-15,True,True,False
6.515000000000001,8.76176911679405e-06,0.0,8.648958986566548e-06,3.5091344474184516e-16,-8.06596219220203e-16,2.746926210066351e-15,-2.4339035044918626e-05,0.22499999999999987,-3.214095836431318e-15,0.5400087617691167,0.225,0.0,0.5399999999999999,0.0,129.884077751176,5.431297103123814e-15,True,True,False
6.5200000000000005,8.718220083969719e-06,0.0,8.770654161805234e-06,3.5331944475023973e-16,-8.06596219220203e-16,2.746926210066351e-15,-2.4339035044918626e-05,0.22499999999999987,-3.2292860822482342e-15,0.5400087182200839,0.225,0.0,0.5399999999999999,0.0,129.884077751176,5.441881501153978e-15,True,True,False
6.525,8.674062575209085e-06,0.0,8.892349337043924e-06,3.557450694589808e-16,-8.06596219220203e-16,2.746926210066351e-15,-2.4339035044918626e-05,0.22499999999999987,-3.2445471397586736e-15,0.5400086740625751,0.225,0.0,0.5399999999999999,0.0,129.884077751176,5.452534537105046e-15,True,True,False
6.53,8.629296590512148e-06,0.0,9.01404451228261e-06,3.5818992017903023e-16,-8.06596219220203e-16,2.746926210066351e-15,-2.4339035044918626e-05,0.22499999999999987,-3.2598788574897084e-15,0.5400086292965904,0.225,0.0,0.5399999999999999,0.0,129.884077751176,5.463256776613948e-15,True,True,False
6.535,8.583922129878907e-06,0.0,9.1357396875213e-06,3.6065360591441847e-16,-8.06596219220203e-16,2.746926210066351e-15,-2.4339035044918626e-05,0.22499999999999987,-3.275281085714799e-15,0.5400085839221298,0.225,0.0,0.5399999999999999,0.0,129.884077751176,5.474048778796166e-15,True,True,False
6.54,8.537939193309363e-06,0.0,9.257434862759986e-06,3.6313574330821925e-16,-8.06596219220203e-16,2.746926210066351e-15,-2.4339035044918626e-05,0.22499999999999987,-3.2907536764408424e-15,0.5400085379391932,0.225,0.0,0.5399999999999999,0.0,129.884077751176,5.484911096294122e-15,True,True,False
6.545,8.491347780803515e-06,0.0,9.379130037998674e-06,3.656359565806962e-16,-8.06596219220203e-16,2.746926210066351e-15,-2.4339035044918626e-05,0.22499999999999987,-3.3062964833949248e-15,0.5400084913477807,0.225,0.0,0.5399999999999999,0.0,129.884077751176,5.4958442753266135e-15,True,True,False
6.55,8.444147893249543e-06,0.0,9.500825213237362e-06,3.681538774603308e-16,-5.959470281795407e-16,2.8728823184524322e-15,-1.7411999113166488e-05,0.22499999999999987,-3.3219093620108294e-15,0.5400084441478932,0.225,0.0,0.5399999999999999,0.0,129.88416946513172,5.6415754600075885e-15,True,True,False
6.555,8.396426116497047e-06,0.0,9.587885208821237e-06,3.707626891495508e-16,-5.959470281795407e-16,2.8728823184524322e-15,-1.7411999113166488e-05,0.22499999999999987,-3.3375935028514857e-15,0.5400083964261164,0.225,0.0,0.5399999999999999,0.0,129.88416946513172,5.65233155782862e-15,True,True,False
6.5600000000000005,8.34826904083652e-06,0.0,9.674945204405107e-06,3.7338851849793454e-16,-5.959470281795407e-16,2.8728823184524322e-15,-1.7411999113166488e-05,0.22499999999999987,-3.3533501246750476e-15,0.5400083482690408,0.225,0.0,0.5399999999999999,0.0,129.88416946513172,5.663164866215733e-15,True,True,False
6.565,8.299676664491606e-06,0.0,9.762005199988981e-06,3.76031009002056e-16,-5.959470281795407e-16,2.8728823184524322e-15,-1.7411999113166488e-05,0.22499999999999987,-3.3691791272342965e-15,0.5400082996766644,0.225,0.0,0.5399999999999999,0.0,129.88416946513172,5.674075759516549e-15,True,True,False
6.57,8.250648988350484e-06,0.0,9.849065195572851e-06,3.7868981187836575e-16,-5.959470281795407e-16,2.8728823184524322e-15,-1.7411999113166488e-05,0.22499999999999987,-3.3850804115414308e-15,0.5400082506489883,0.225,0.0,0.5399999999999999,0.0,129.88416946513172,5.685064607375689e-15,True,True,False
6.575,8.201186012413153e-06,0.0,9.936125191156723e-06,3.813645859465529e-16,-5.959470281795407e-16,2.8728823184524322e-15,-1.7411999113166488e-05,0.22499999999999987,-3.4010538798529307e-15,0.5400082011860123,0.225,0.0,0.5399999999999999,0.0,129.88416946513172,5.696131774791363e-15,True,True,False
6.58,8.151287736679613e-06,0.0,1.0023185186740546e-05,3.841459200989432e-16,-5.959470281795407e-16,2.8728823184524322e-15,-1.7411999113166488e-05,0.22499999999999987,-3.417099692726971e-15,0.5400081512877366,0.225,0.0,0.5399999999999999,0.0,129.88416946513172,5.707236744452038e-15,True,True,False
6.585,8.100954161149865e-06,0.0,1.0110245182324331e-05,3.8701584706204275e-16,-5.959470281795407e-16,2.8728823184524322e-15,-1.7411999113166488e-05,0.22499999999999987,-3.4332189784320967e-15,0.5400081009541611,0.225,0.0,0.5399999999999999,0.0,129.88416946513172,5.7183915033944e-15,True,True,False
6.59,8.05018528493573e-06,0.0,1.0197305177908115e-05,3.8990544982647845e-16,-5.959470281795407e-16,2.8728823184524322e-15,-1.7411999113166488e-05,0.22499999999999987,-3.449411848511786e-15,0.5400080501852849,0.225,0.0,0.5399999999999999,0.0,129.88416946513172,5.729628032584975e-15,True,True,False
6.595,7.998981109813563e-06,0.0,1.02843651734919e-05,3.928142941777676e-16,-5.959470281795407e-16,2.8728823184524322e-15,-1.7411999113166488e-05,0.22499999999999987,-3.4656782667708494e-15,0.5400079989811097,0.225,0.0,0.5399999999999999,0.0,129.88416946513172,5.740946467185438e-15,True,True,False
6.6000000000000005,7.94734163400701e-06,0.0,1.0371425169075786e-05,3.955667569261681e-16,-3.361523255798689e-16,3.0057125547765583e-15,-1.1384061712276807e-05,0.22499999999999987,-3.482018279358826e-15,0.5400079473416339,0.225,0.0,0.5399999999999999,0.0,129.8842492750229,5.894404729822533e-15,True,True,False
6.605,7.895342207020484e-06,0.0,1.0428345477654515e-05,3.9811295796694554e-16,-3.361523255798689e-16,3.0057125547765583e-15,-1.1384061712276807e-05,0.22499999999999987,-3.4984330551144154e-15,0.540007895342207,0.225,0.0,0.5399999999999999,0.0,129.8842492750229,5.9056231958557596e-15,True,True,False
6.61,7.843058179246576e-06,0.0,1.0485265786233243e-05,4.0066601035932125e-16,-3.361523255798689e-16,3.0057125547765583e-15,-1.1384061712276807e-05,0.22499999999999987,-3.5149230102588834e-15,0.5400078430581792,0.225,0.0,0.5399999999999999,0.0,129.8842492750229,5.9169242128712446e-15,True,True,False
6.615,7.790489549797108e-06,0.0,1.0542186094811971e-05,4.0322578396387367e-16,-3.361523255798689e-16,3.0057125547765583e-15,-1.1384061712276807e-05,0.22499999999999987,-3.5314879677244803e-15,0.5400077904895497,0.225,0.0,0.5399999999999999,0.0,129.8842492750229,5.928308442083244e-15,True,True,False
6.62,7.737636317783902e-06,0.0,1.05991064033907e-05,4.057921515865793e-16,-3.361523255798689e-16,3.0057125547765583e-15,-1.1384061712276807e-05,0.22499999999999987,-3.548127752728547e-15,0.5400077376363177,0.225,0.0,0.5399999999999999,0.0,129.8842492750229,5.939776536172901e-15,True,True,False
6.625,7.684498484983315e-06,0.0,1.0656026711969426e-05,4.083649889072399e-16,-3.361523255798689e-16,3.0057125547765583e-15,-1.1384061712276807e-05,0.22499999999999987,-3.564842192751846e-15,0.5400076844984849,0.225,0.0,0.5399999999999999,0.0,129.8842492750229,5.951329139369219e-15,True,True,False
6.63,7.631076050507168e-06,0.0,1.0712947020548134e-05,4.109831509336229e-16,-3.361523255798689e-16,3.0057125547765583e-15,-1.1384061712276807e-05,0.22499999999999987,-3.581631159927784e-15,0.5400076310760504,0.225,0.0,0.5399999999999999,0.0,129.8842492750229,5.9629542477084194e-15,True,True,False
6.635,7.57736901524364e-06,0.0,1.0769867329126747e-05,4.1380482544524563e-16,-3.361523255798689e-16,3.0057125547765583e-15,-1.1384061712276807e-05,0.22499999999999987,-3.598495832908821e-15,0.5400075773690152,0.225,0.0,0.5399999999999999,0.0,129.8842492750229,5.974602795797074e-15,True,True,False
6.640000000000001,7.523377377416374e-06,0.0,1.0826787637705355e-05,4.166366603588273e-16,-3.361523255798689e-16,3.0057125547765583e-15,-1.1384061712276807e-05,0.22499999999999987,-3.615436939868308e-15,0.5400075233773773,0.225,0.0,0.5399999999999999,0.0,129.8842492750229,5.9863390189182015e-15,True,True,False
6.6450000000000005,7.469101138801726e-06,0.0,1.0883707946283968e-05,4.1947844990045537e-16,-3.361523255798689e-16,3.0057125547765583e-15,-1.1384061712276807e-05,0.22499999999999987,-3.632454431594717e-15,0.5400074691011387,0.225,0.0,0.5399999999999999,0.0,129.8842492750229,5.998163035879436e-15,True,True,False
6.65,7.414540298511518e-06,0.0,1.0940628254862578e-05,4.2232999312097923e-16,-6.544129995306346e-17,3.1443666564837496e-15,-6.195042899050087e-06,0.22499999999999987,-3.649548273468094e-15,0.5400074145402984,0.225,0.0,0.5399999999999999,0.0,129.884317977632,6.158384165898403e-15,True,True,False
6.655,7.359759718439385e-06,0.0,1.0971603469370824e-05,4.2502478226338815e-16,-6.544129995306346e-17,3.1443666564837496e-15,-6.195042899050087e-06,0.22499999999999987,-3.666718900133437e-15,0.5400073597597184,0.225,0.0,0.5399999999999999,0.0,129.884317977632,6.170108933157873e-15,True,True,False
6.66,7.304824262255316e-06,0.0,1.1002578683879069e-05,4.2772507645672115e-16,-6.544129995306346e-17,3.1443666564837496e-15,-6.195042899050087e-06,0.22499999999999987,-3.6839666462481866e-15,0.5400073048242622,0.225,0.0,0.5399999999999999,0.0,129.884317977632,6.181925106741367e-15,True,True,False
6.665,7.249733929959312e-06,0.0,1.1033553898387312e-05,4.3043077209368845e-16,-6.544129995306346e-17,3.1443666564837496e-15,-6.195042899050087e-06,0.2249999999999999,-3.7012913301892355e-15,0.5400072497339299,0.225,0.0,0.5399999999999999,0.0,129.884317977632,6.193833364873964e-15,True,True,False
6.67,7.194488721551373e-06,0.0,1.106452911289556e-05,4.331417679511212e-16,-6.544129995306346e-17,3.1443666564837496e-15,-6.195042899050087e-06,0.2249999999999999,-3.71869277281371e-15,0.5400071944887215,0.225,0.0,0.5399999999999999,0.0,129.884317977632,6.205834376518887e-15,True,True,False
6.675,7.139088637031499e-06,0.0,1.1095504327403842e-05,4.3579163926590466e-16,-6.544129995306346e-17,3.1443666564837496e-15,-6.195042899050087e-06,0.2249999999999999,-3.736171402734281e-15,0.540007139088637,0.225,0.0,0.5399999999999999,0.0,129.884317977632,6.217880100963874e-15,True,True,False
6.68,7.083533676399689e-06,0.0,1.1126479541912135e-05,4.384253137133757e-16,-6.544129995306346e-17,3.1443666564837496e-15,-6.195042899050087e-06,0.2249999999999999,-3.7537285102716465e-15,0.5400070835336763,0.225,0.0,0.5399999999999999,0.0,129.884317977632,6.230004553862796e-15,True,True,False
6.6850000000000005,7.0278238396559445e-06,0.0,1.1157454756420429e-05,4.410627592914278e-16,-6.544129995306346e-17,3.1443666564837496e-15,-6.195042899050087e-06,0.2249999999999999,-3.7713640937769405e-15,0.5400070278238396,0.225,0.0,0.5399999999999999,0.0,129.884317977632,6.242222731444998e-15,True,True,False
6.69,6.9719591268002645e-06,0.0,1.1188429970928721e-05,4.437039087514921e-16,-6.544129995306346e-17,3.1443666564837496e-15,-6.195042899050087e-06,0.2249999999999999,-3.789078098334962e-15,0.5400069719591267,0.225,0.0,0.5399999999999999,0.0,129.884317977632,6.254534838777252e-15,True,True,False
6.695,6.915939537832649e-06,0.0,1.1219405185437008e-05,4.463740691950573e-16,-6.544129995306346e-17,3.1443666564837496e-15,-6.195042899050087e-06,0.2249999999999999,-3.8068706684653975e-15,0.5400069159395378,0.225,0.0,0.5399999999999999,0.0,129.884317977632,6.266912842093979e-15,True,True,False
6.7,6.859765073641277e-06,0.0,1.1250380399945278e-05,4.490813236745952e-16,2.2171571118896974e-16,3.2895324964248607e-15,-1.7822590420391932e-06,0.2249999999999999,-3.8247433547702814e-15,0.5400068597650736,0.225,0.0,0.5399999999999999,0.0,129.88437640289027,6.434622464111528e-15,True,True,False
6.705,6.803490893658726e-06,0.0,1.1259291695171196e-05,4.517027059278297e-16,2.2171571118896974e-16,3.2895324964248607e-15,-1.7822590420391932e-06,0.2249999999999999,-3.842695917829907e-15,0.5400068034908936,0.225,0.0,0.5399999999999999,0.0,129.88437640289027,6.446913887658592e-15,True,True,False
6.71,6.747172157317571e-06,0.0,1.1268202990397111e-05,4.543265427948642e-16,2.2171571118896974e-16,3.2895324964248607e-15,-1.7822590420391932e-06,0.2249999999999999,-3.860727655492453e-15,0.5400067471721572,0.225,0.0,0.5399999999999999,0.0,129.88437640289027,6.45930588364648e-15,True,True,False
6.715,6.690808863729636e-06,0.0,1.1277114285623027e-05,4.569527919922987e-16,2.2171571118896974e-16,3.2895324964248607e-15,-1.7822590420391932e-06,0.2249999999999999,-3.878838373280231e-15,0.5400066908088637,0.225,0.0,0.5399999999999999,0.0,129.88437640289027,6.471799178302396e-15,True,True,False
6.72,6.634401014671276e-06,0.0,1.1286025580848944e-05,4.595814121648022e-16,2.2171571118896974e-16,3.2895324964248607e-15,-1.7822590420391932e-06,0.2249999999999999,-3.897027879504285e-15,0.5400066344010146,0.225,0.0,0.5399999999999999,0.0,129.88437640289027,6.484394487439758e-15,True,True,False
6.7250000000000005,6.577948608366135e-06,0.0,1.129493687607486e-05,4.6221236286088645e-16,2.2171571118896974e-16,3.2895324964248607e-15,-1.7822590420391932e-06,0.2249999999999999,-3.915295985230453e-15,0.5400065779486083,0.225,0.0,0.5399999999999999,0.0,129.88437640289027,6.497092516584859e-15,True,True,False
6.73,6.521451645702392e-06,0.0,1.1303848171300777e-05,4.648456045093974e-16,2.2171571118896974e-16,3.2895324964248607e-15,-1.7822590420391932e-06,0.2249999999999999,-3.933642504245379e-15,0.5400065214516456,0.225,0.0,0.5399999999999999,0.0,129.88437640289027,6.509893961103923e-15,True,True,False
6.735,6.464910126680046e-06,0.0,1.1312759466526693e-05,4.674810983966984e-16,2.2171571118896974e-16,3.2895324964248607e-15,-1.7822590420391932e-06,0.2249999999999999,-3.952067253022372e-15,0.5400064649101266,0.225,0.0,0.5399999999999999,0.0,129.88437640289027,6.522799506330417e-15,True,True,False
6.74,6.408324051299097e-06,0.0,1.1321670761752608e-05,4.701188066445264e-16,2.2171571118896974e-16,3.2895324964248607e-15,-1.7822590420391932e-06,0.2249999999999999,-3.970570050687305e-15,0.5400064083240512,0.225,0.0,0.5399999999999999,0.0,129.88437640289027,6.535809827692563e-15,True,True,False
6.745,6.351693418671367e-06,0.0,1.1330582056978579e-05,4.726575017466375e-16,2.2171571118896974e-16,3.2895324964248607e-15,-1.7822590420391932e-06,0.2249999999999999,-3.9891517308329995e-15,0.5400063516934186,0.225,0.0,0.5399999999999999,0.0,129.88437640289027,6.548847669645868e-15,True,True,False
6.75,6.295018230573213e-06,0.0,1.133949335220459e-05,4.751199326293933e-16,5.063829325631032e-16,3.4402389760204214e-15,1.9181173492767846e-06,0.2249999999999999,-4.0078169117995545e-15,0.5400062950182305,0.225,0.0,0.5399999999999999,0.0,129.88442539587368,6.72312655402922e-15,True,True,False
6.755,6.238344739784019e-06,0.0,1.1329902765478574e-05,4.777122028082549e-16,5.063829325631032e-16,3.4402389760204214e-15,1.9181173492767846e-06,0.22499999999999992,-4.026564989459487e-15,0.5400062383447397,0.225,0.0,0.5399999999999999,0.0,129.88442539587368,6.736057163158681e-15,True,True,False
6.76,6.1817192026358825e-06,0.0,1.1320312178752558e-05,4.803056244773592e-16,5.063829325631032e-16,3.4402389760204214e-15,1.9181173492767846e-06,0.22499999999999992,-4.045394690522039e-15,0.5400061817192026,0.225,0.0,0.5399999999999999,0.0,129.88442539587368,6.74909685301652e-15,True,True,False
6.765000000000001,6.125141618240626e-06,0.0,1.1310721592026542e-05,4.829001790844268e-16,5.063829325631032e-16,3.4402389760204214e-15,1.9181173492767846e-06,0.22499999999999992,-4.064305890570235e-15,0.5400061251416182,0.225,0.0,0.5399999999999999,0.0,129.88442539587368,6.762246088206145e-15,True,True,False
6.7700000000000005,6.068611986598249e-06,0.0,1.1301131005300525e-05,4.854958484657431e-16,5.063829325631032e-16,3.4402389760204214e-15,1.9181173492767846e-06,0.22499999999999992,-4.0832984670254045e-15,0.5400060686119865,0.225,0.0,0.5399999999999999,0.0,129.88442539587368,6.7755053264662735e-15,True,True,False
6.775,6.01213030859693e-06,0.0,1.129154041857451e-05,4.880926148362488e-16,5.063829325631032e-16,3.4402389760204214e-15,1.9181173492767846e-06,0.22499999999999992,-4.102372299118601e-15,0.5400060121303085,0.225,0.0,0.5399999999999999,0.0,129.88442539587368,6.7888750187776546e-15,True,True,False
6.78,5.9556965824603125e-06,0.0,1.1281949831848494e-05,4.906904607799263e-16,5.063829325631032e-16,3.4402389760204214e-15,1.9181173492767846e-06,0.22499999999999992,-4.1215272678623615e-15,0.5400059556965824,0.225,0.0,0.5399999999999999,0.0,129.88442539587368,6.802355609468552e-15,True,True,False
6.785,5.899310809964753e-06,0.0,1.1272359245122479e-05,4.932893692404701e-16,5.063829325631032e-16,3.4402389760204214e-15,1.9181173492767846e-06,0.22499999999999992,-4.14076325602279e-15,0.5400058993108099,0.225,0.0,0.5399999999999999,0.0,129.88442539587368,6.815947536318967e-15,True,True,False
6.79,5.842972990222073e-06,0.0,1.1262768658396464e-05,4.958893235122329e-16,5.063829325631032e-16,3.4402389760204214e-15,1.9181173492767846e-06,0.22499999999999992,-4.160080148092001e-15,0.5400058429729901,0.225,0.0,0.5399999999999999,0.0,129.88442539587368,6.829651230663584e-15,True,True,False
6.795,5.786683123232272e-06,0.0,1.1253178071670448e-05,4.984903072314385e-16,5.063829325631032e-16,3.4402389760204214e-15,1.9181173492767846e-06,0.22499999999999992,-4.179477830260886e-15,0.5400057866831232,0.225,0.0,0.5399999999999999,0.0,129.88442539587368,6.843467117493427e-15,True,True,False
6.8,5.73044120988353e-06,0.0,1.1243587484944433e-05,5.010923043676509e-16,7.972065042187798e-16,3.596915588518171e-15,4.9699089380043365e-06,0.22499999999999992,-4.1989561903922364e-15,0.5400057304412098,0.225,0.0,0.5399999999999999,0.0,129.88446580159433,7.024982888269419e-15,True,True,False
6.805,5.674285395662615e-06,0.0,1.1218737940267633e-05,5.036815652413905e-16,7.972065042187798e-16,3.596915588518171e-15,4.9699089380043365e-06,0.22499999999999992,-4.218517212174575e-15,0.5400056742853956,0.225,0.0,0.5399999999999999,0.0,129.88446580159433,7.0386225396154346e-15,True,True,False
6.8100000000000005,5.6182538304971885e-06,0.0,1.1193888395590834e-05,5.062713421983016e-16,7.972065042187798e-16,3.596915588518171e-15,4.9699089380043365e-06,0.22499999999999992,-4.2381628983984724e-15,0.5400056182538304,0.225,0.0,0.5399999999999999,0.0,129.88446580159433,7.052378448968288e-15,True,True,False
6.815,5.562346512610894e-06,0.0,1.1169038850914037e-05,5.088616273587945e-16,7.972065042187798e-16,3.596915588518171e-15,4.9699089380043365e-06,0.22499999999999992,-4.257893167612686e-15,0.5400055623465125,0.225,0.0,0.5399999999999999,0.0,129.88446580159433,7.0662509204867964e-15,True,True,False
6.82,5.506563442003731e-06,0.0,1.1144189306237236e-05,5.114524130013756e-16,7.972065042187798e-16,3.596915588518171e-15,4.9699089380043365e-06,0.22499999999999995,-4.277707939584458e-15,0.5400055065634419,0.225,0.0,0.5399999999999999,0.0,129.88446580159433,7.0802402537797055e-15,True,True,False
6.825,5.4509046186757e-06,0.0,1.111933976156055e-05,5.138030208094369e-16,7.972065042187798e-16,3.596915588518171e-15,4.9699089380043365e-06,0.22499999999999995,-4.2976075218918625e-15,0.5400054509046186,0.225,0.0,0.5399999999999999,0.0,129.88446580159433,7.0943141601572886e-15,True,True,False
6.83,5.39537004351498e-06,0.0,1.1094490216884005e-05,5.158393697331705e-16,7.972065042187798e-16,3.596915588518171e-15,4.9699089380043365e-06,0.22499999999999995,-4.3175949519951664e-15,0.5400053953700434,0.225,0.0,0.5399999999999999,0.0,129.88446580159433,7.10845827806483e-15,True,True,False
6.835,5.3399597165215695e-06,0.0,1.1069640672207462e-05,5.178761689798723e-16,7.972065042187798e-16,3.596915588518171e-15,4.9699089380043365e-06,0.22499999999999995,-4.337670876796672e-15,0.5400053399597164,0.225,0.0,0.5399999999999999,0.0,129.88446580159433,7.12271349168343e-15,True,True,False
6.84,5.2846736376954695e-06,0.0,1.104479112753092e-05,5.199134132570219e-16,7.972065042187798e-16,3.596915588518171e-15,4.9699089380043365e-06,0.22499999999999995,-4.3578352839574074e-15,0.5400052846736376,0.225,0.0,0.5399999999999999,0.0,129.88446580159433,7.137079847089823e-15,True,True,False
6.845,5.229511805260323e-06,0.0,1.1019941582854347e-05,5.220254062866702e-16,7.972065042187798e-16,3.596915588518171e-15,4.9699089380043365e-06,0.22499999999999995,-4.378089031039207e-15,0.5400052295118052,0.225,0.0,0.5399999999999999,0.0,129.88446580159433,7.151498106953406e-15,True,True,False
6.8500000000000005,5.1744742209924866e-06,0.0,1.0995092038177764e-05,5.241602625443937e-16,1.1026003300580353e-15,3.762431539736832e-15,7.435976807667256e-06,0.22499999999999995,-4.398434128429272e-15,0.5400051744742209,0.225,0.0,0.5399999999999999,0.0,129.88449845233293,7.343048706658766e-15,True,True,False
6.855,5.119591710900373e-06,0.0,1.0957912154149515e-05,5.261227865966459e-16,1.1026003300580353e-15,3.762431539736832e-15,7.435976807667256e-06,0.22499999999999995,-4.418868619501264e-15,0.5400051195917108,0.225,0.0,0.5399999999999999,0.0,129.88449845233293,7.357398376142604e-15,True,True,False
6.86,5.064895100104216e-06,0.0,1.0920732270121264e-05,5.28086390655216e-16,1.1026003300580353e-15,3.762431539736832e-15,7.435976807667256e-06,0.22499999999999995,-4.4393903923278746e-15,0.5400050648951,0.225,0.0,0.5399999999999999,0.0,129.88449845233293,7.371873996349484e-15,True,True,False
6.865,5.010384388604017e-06,0.0,1.0883552386093019e-05,5.300510627172709e-16,1.1026003300580353e-15,3.762431539736832e-15,7.435976807667256e-06,0.22499999999999995,-4.459999334200962e-15,0.5400050103843885,0.225,0.0,0.5399999999999999,0.0,129.88449845233293,7.386475988159148e-15,True,True,False
6.87,4.956059576399774e-06,0.0,1.084637250206477e-05,5.320167909507975e-16,1.1026003300580353e-15,3.762431539736832e-15,7.435976807667256e-06,0.22499999999999995,-4.480695334153608e-15,0.5400049560595763,0.225,0.0,0.5399999999999999,0.0,129.88449845233293,7.401204765949193e-15,True,True,False
6.875,4.901920663491488e-06,0.0,1.0809192618036519e-05,5.339835636916948e-16,1.1026003300580353e-15,3.762431539736832e-15,7.435976807667256e-06,0.22499999999999995,-4.501478282929961e-15,0.5400049019206634,0.225,0.0,0.5399999999999999,0.0,129.88449845233293,7.41606073770767e-15,True,True,False
6.88,4.8479676507673375e-06,0.0,1.077201273400827e-05,5.359513694409235e-16,1.1026003300580353e-15,3.762431539736832e-15,7.435976807667256e-06,0.22499999999999998,-4.522348072955573e-15,0.5400048479676507,0.225,0.0,0.5399999999999999,0.0,129.88449845233293,7.431044305143835e-15,True,True,False
6.885,4.7942005364509654e-06,0.0,1.073483284998002e-05,5.379201968617109e-16,1.1026003300580353e-15,3.762431539736832e-15,7.435976807667256e-06,0.22499999999999998,-4.543304598308243e-15,0.5400047942005364,0.225,0.0,0.5399999999999999,0.0,129.88449845233293,7.4461558637971e-15,True,True,False
6.890000000000001,4.740619322318729e-06,0.0,1.0697652965951773e-05,5.398900347768086e-16,1.1026003300580353e-15,3.762431539736832e-15,7.435976807667256e-06,0.22499999999999998,-4.564347754689294e-15,0.5400047406193222,0.225,0.0,0.5399999999999999,0.0,129.88449845233293,7.461395803144191e-15,True,True,False
6.8950000000000005,4.687224007482449e-06,0.0,1.0660473081923522e-05,5.41860872165805e-16,1.1026003300580353e-15,3.762431539736832e-15,7.435976807667256e-06,0.22499999999999998,-4.585477439395369e-15,0.5400046872240074,0.225,0.0,0.5399999999999999,0.0,129.88449845233293,7.476764506704534e-15,True,True,False
6.9,4.634014591942126e-06,0.0,1.062329319789533e-05,5.437361294732141e-16,1.3698256166343983e-15,3.933830510825173e-15,9.377438640980894e-06,0.22499999999999998,-4.6066958509431704e-15,0.5400046340145919,0.225,0.0,0.5399999999999999,0.0,129.8845241572876,7.675479815657827e-15,True,True,False
6.905,4.5810153442849e-06,0.0,1.057640600470856e-05,5.456434617706529e-16,1.3698256166343983e-15,3.933830510825173e-15,9.377438640980894e-06,0.22499999999999998,-4.62800867816253e-15,0.5400045810153442,0.225,0.0,0.5399999999999999,0.0,129.8845241572876,7.690646987162349e-15,True,True,False
6.91,4.528250532209732e-06,0.0,1.0529518811521798e-05,5.475527653196931e-16,1.3698256166343983e-15,3.933830510825173e-15,9.377438640980894e-06,0.22499999999999998,-4.649413975628131e-15,0.5400045282505321,0.225,0.0,0.5399999999999999,0.0,129.8845241572876,7.705941190474839e-15,True,True,False
6.915,4.475720156604801e-06,0.0,1.0482631618335029e-05,5.494640195709405e-16,1.3698256166343983e-15,3.933830510825173e-15,9.377438640980894e-06,0.22499999999999998,-4.6709117082661805e-15,0.5400044757201565,0.225,0.0,0.5399999999999999,0.0,129.8845241572876,7.721362556569425e-15,True,True,False
6.92,4.42342421569375e-06,0.0,1.0435744425148263e-05,5.513772042390741e-16,1.3698256166343983e-15,3.933830510825173e-15,9.377438640980894e-06,0.22499999999999998,-4.692501841521415e-15,0.5400044234242156,0.225,0.0,0.5399999999999999,0.0,129.8845241572876,7.736911214483894e-15,True,True,False
6.925,4.371362712141114e-06,0.0,1.0388857231961498e-05,5.532922992989974e-16,1.3698256166343983e-15,3.933830510825173e-15,9.377438640980894e-06,0.22499999999999998,-4.714184341347454e-15,0.5400043713627121,0.225,0.0,0.5399999999999999,0.0,129.8845241572876,7.752587291355772e-15,True,True,False
6.93,4.319535644170536e-06,0.0,1.0341970038774729e-05,5.552092849820471e-16,1.3698256166343983e-15,3.933830510825173e-15,9.377438640980894e-06,0.225,-4.735959174197328e-15,0.5400043195356441,0.225,0.0,0.5399999999999999,0.0,129.8845241572876,7.768390912457597e-15,True,True,False
6.9350000000000005,4.267943011782016e-06,0.0,1.0295082845587963e-05,5.571281417722601e-16,1.3698256166343983e-15,3.933830510825173e-15,9.377438640980894e-06,0.225,-4.7578263070142705e-15,0.5400042679430117,0.225,0.0,0.5399999999999999,0.0,129.8845241572876,7.784322201231457e-15,True,True,False
6.94,4.216584815863733e-06,0.0,1.0248195652401197e-05,5.590519111846587e-16,1.3698256166343983e-15,3.933830510825173e-15,9.377438640980894e-06,0.225,-4.7797857072226396e-15,0.5400042165848158,0.225,0.0,0.5399999999999999,0.0,129.8845241572876,7.80037643176451e-15,True,True,False
6.945,4.16546105463933e-06,0.0,1.02013084592144e-05,5.610660890813086e-16,1.3698256166343983e-15,3.933830510825173e-15,9.377438640980894e-06,0.225,-4.8018416090421955e-15,0.5400041654610546,0.225,0.0,0.5399999999999999,0.0,129.8845241572876,7.816411496447893e-15,True,True,False
6.95,4.114571730773342e-06,0.0,1.0154421266027604e-05,5.6308172109299e-16,1.634551527485704e-15,4.1136148617917115e-15,1.0853044046456558e-05,0.225,-4.823997734862263e-15,0.5400041145717307,0.225,0.0,0.5399999999999999,0.0,129.88454369430315,8.02486708565516e-15,True,True,False
6.955,4.063935287290654e-06,0.0,1.0100156045816522e-05,5.646926010507214e-16,1.634551527485704e-15,4.1136148617917115e-15,1.0853044046456558e-05,0.225,-4.846251989044339e-15,0.5400040639352872,0.225,0.0,0.5399999999999999,0.0,129.88454369430315,8.040822020669042e-15,True,True,False
6.96,4.013570170768865e-06,0.0,1.0045890825605444e-05,5.66309250116952e-16,1.634551527485704e-15,4.1136148617917115e-15,1.0853044046456558e-05,0.225,-4.86860224772523e-15,0.5400040135701707,0.225,0.0,0.5399999999999999,0.0,129.88454369430315,8.05691228892795e-15,True,True,False
6.965,3.9634763794316186e-06,0.0,9.99162560539436e-06,5.679316190254156e-16,1.634551527485704e-15,4.1136148617917115e-15,1.0853044046456558e-05,0.225,-4.891048468100622e-15,0.5400039634763794,0.225,0.0,0.5399999999999999,0.0,129.88454369430315,8.073138050273675e-15,True,True,False
6.97,3.913653914167092e-06,0.0,9.937360385183279e-06,5.695596588978587e-16,1.634551527485704e-15,4.1136148617917115e-15,1.0853044046456558e-05,0.225,-4.91359060800862e-15,0.5400039136539141,0.225,0.0,0.5399999999999999,0.0,129.88454369430315,8.08949946214903e-15,True,True,False
6.9750000000000005,3.864102775863465e-06,0.0,9.883095164972199e-06,5.711933212434038e-16,1.634551527485704e-15,4.1136148617917115e-15,1.0853044046456558e-05,0.22500000000000003,-4.936228625917683e-15,0.5400038641027758,0.225,0.0,0.5399999999999999,0.0,129.88454369430315,8.105996679642923e-15,True,True,False
6.98,3.81482296274438e-06,0.0,9.82882994476112e-06,5.728325579578253e-16,1.634551527485704e-15,4.1136148617917115e-15,1.0853044046456558e-05,0.22500000000000003,-4.958962480914834e-15,0.5400038148229627,0.225,0.0,0.5399999999999999,0.0,129.88454369430315,8.122629855534442e-15,True,True,False
6.985,3.7658144766972157e-06,0.0,9.77456472455004e-06,5.744773213227396e-16,1.634551527485704e-15,4.1136148617917115e-15,1.0853044046456558e-05,0.22500000000000003,-4.981792132694083e-15,0.5400037658144766,0.225,0.0,0.5399999999999999,0.0,129.88454369430315,8.139399140335958e-15,True,True,False
6.99,3.7170773157235715e-06,0.0,9.720299504338958e-06,5.761275640047133e-16,1.634551527485704e-15,4.1136148617917115e-15,1.0853044046456558e-05,0.22500000000000003,-5.004717541545167e-15,0.5400037170773156,0.225,0.0,0.5399999999999999,0.0,129.88454369430315,8.156304682335318e-15,True,True,False
6.995,3.6686114808226478e-06,0.0,9.666034284127915e-06,5.77713299949366e-16,1.634551527485704e-15,4.1136148617917115e-15,1.0853044046456558e-05,0.22500000000000003,-5.027738897470092e-15,0.5400036686114807,0.225,0.0,0.5399999999999999,0.0,129.88454369430315,8.173316916400712e-15,True,True,False
7.0,3.620416972882623e-06,0.0,9.611769063917064e-06,5.7895888754539485e-16,1.8587434240124582e-15,4.301158006025312e-15,1.1918689886413984e-05,0.22500000000000003,-5.050863271031813e-15,0.5400036204169728,0.225,0.0,0.5399999999999999,0.0,129.88455780345407,8.39090923139277e-15,True,True,False
7.005,3.5725071101389005e-06,0.0,9.552175614504913e-06,5.803478622329213e-16,1.8587434240124582e-15,4.301158006025312e-15,1.1918689886413984e-05,0.22500000000000003,-5.074092302442691e-15,0.5400035725071101,0.225,0.0,0.5399999999999999,0.0,129.88455780345407,8.407708833990083e-15,True,True,False
7.01,3.524895215267776e-06,0.0,9.492582165092766e-06,5.817481429257429e-16,1.8587434240124582e-15,4.301158006025312e-15,1.1918689886413984e-05,0.22500000000000003,-5.097423360979676e-15,0.5400035248952152,0.225,0.0,0.5399999999999999,0.0,129.88455780345407,8.424643851228645e-15,True,True,False
7.015000000000001,3.4775812891574276e-06,0.0,9.432988715680616e-06,5.831596481800566e-16,1.8587434240124582e-15,4.301158006025312e-15,1.1918689886413984e-05,0.22500000000000003,-5.120856435768156e-15,0.5400034775812891,0.225,0.0,0.5399999999999999,0.0,129.88455780345407,8.441714323716914e-15,True,True,False
7.0200000000000005,3.4305653291433202e-06,0.0,9.373395266268467e-06,5.84582296688954e-16,1.8587434240124582e-15,4.301158006025312e-15,1.1918689886413984e-05,0.22500000000000003,-5.1443915160890245e-15,0.5400034305653291,0.225,0.0,0.5399999999999999,0.0,129.88455780345407,8.45892029148265e-15,True,True,False
7.025,3.3838473370018107e-06,0.0,9.31380181685632e-06,5.860160072962897e-16,1.8587434240124582e-15,4.301158006025312e-15,1.1918689886413984e-05,0.22500000000000006,-5.168028591375778e-15,0.5400033838473369,0.225,0.0,0.5399999999999999,0.0,129.88455780345407,8.476261793983758e-15,True,True,False
7.03,3.3374273118447206e-06,0.0,9.254208367444169e-06,5.874606990101943e-16,1.8587434240124582e-15,4.301158006025312e-15,1.1918689886413984e-05,0.22500000000000006,-5.191767651211676e-15,0.5400033374273118,0.225,0.0,0.5399999999999999,0.0,129.88455780345407,8.493738870118898e-15,True,True,False
7.035,3.2913052545602284e-06,0.0,9.194614918032021e-06,5.889162910162318e-16,1.8587434240124582e-15,4.301158006025312e-15,1.1918689886413984e-05,0.22500000000000006,-5.215608685326967e-15,0.5400032913052545,0.225,0.0,0.5399999999999999,0.0,129.88455780345407,8.511351558237851e-15,True,True,False
7.04,3.245481163371977e-06,0.0,9.135021468619872e-06,5.9038270269020585e-16,1.8587434240124582e-15,4.301158006025312e-15,1.1918689886413984e-05,0.22500000000000006,-5.2395516835961615e-15,0.5400032454811633,0.225,0.0,0.5399999999999999,0.0,129.88455780345407,8.529099896151634e-15,True,True,False
7.045,3.1999550400563237e-06,0.0,9.075428019207662e-06,5.920037839568939e-16,1.8587434240124582e-15,4.301158006025312e-15,1.1918689886413984e-05,0.22500000000000006,-5.263600712403069e-15,0.54000319995504,0.225,0.0,0.5399999999999999,0.0,129.88455780345407,8.546799394609205e-15,True,True,False
7.05,3.1547268837250897e-06,0.0,9.01583456979545e-06,5.936385915954501e-16,2.053598992554283e-15,4.497640670583226e-15,1.2627059691933538e-05,0.22500000000000006,-5.287760421207889e-15,0.5400031547268836,0.225,0.0,0.5399999999999999,0.0,129.8845671822703,8.774781795439031e-15,True,True,False
7.055,3.1098055495171195e-06,0.0,8.952699271353842e-06,5.950301509031118e-16,2.053598992554283e-15,4.497640670583226e-15,1.2627059691933538e-05,0.22500000000000006,-5.312029024294128e-15,0.5400031098055494,0.225,0.0,0.5399999999999999,0.0,129.8845671822703,8.792401097479682e-15,True,True,False
7.0600000000000005,3.0651998907949007e-06,0.0,8.889563972912237e-06,5.964369666192192e-16,2.053598992554283e-15,4.497640670583226e-15,1.2627059691933538e-05,0.22500000000000006,-5.336404737406169e-15,0.5400030651998907,0.225,0.0,0.5399999999999999,0.0,129.8845671822703,8.81016050642442e-15,True,True,False
7.065,3.02090990933479e-06,0.0,8.826428674470629e-06,5.978589310446874e-16,2.053598992554283e-15,4.497640670583226e-15,1.2627059691933538e-05,0.22500000000000006,-5.360887553966973e-15,0.5400030209099093,0.225,0.0,0.5399999999999999,0.0,129.8845671822703,8.828060046833523e-15,True,True,False
7.07,2.9769356042486095e-06,0.0,8.763293376029024e-06,5.992959363483638e-16,2.053598992554283e-15,4.497640670583226e-15,1.2627059691933538e-05,0.2250000000000001,-5.3854774674923995e-15,0.5400029769356042,0.225,0.0,0.5399999999999999,0.0,129.8845671822703,8.84609974292037e-15,True,True,False
7.075,2.9332769755363586e-06,0.0,8.700158077587419e-06,6.007478745956853e-16,2.053598992554283e-15,4.497640670583226e-15,1.2627059691933538e-05,0.2250000000000001,-5.410174471589474e-15,0.5400029332769755,0.225,0.0,0.5399999999999999,0.0,129.8845671822703,8.864279618557882e-15,True,True,False
7.08,2.8899340231980375e-06,0.0,8.637022779145812e-06,6.022146377767725e-16,2.053598992554283e-15,4.497640670583226e-15,1.2627059691933538e-05,0.2250000000000001,-5.434978559954706e-15,0.5400028899340231,0.225,0.0,0.5399999999999999,0.0,129.8845671822703,8.882599697284821e-15,True,True,False
7.085,2.8469067481218246e-06,0.0,8.573887480704203e-06,6.036961178339567e-16,2.053598992554283e-15,4.497640670583226e-15,1.2627059691933538e-05,0.2250000000000001,-5.459889726372448e-15,0.540002846906748,0.225,0.0,0.5399999999999999,0.0,129.8845671822703,8.901060002311947e-15,True,True,False
7.09,2.804195148531363e-06,0.0,8.510752182262597e-06,6.051922066887321e-16,2.053598992554283e-15,4.497640670583226e-15,1.2627059691933538e-05,0.2250000000000001,-5.4849079647132725e-15,0.5400028041951485,0.225,0.0,0.5399999999999999,0.0,129.8845671822703,8.919660556528019e-15,True,True,False
7.095,2.76179922620301e-06,0.0,8.44761688382099e-06,6.067027962681304e-16,2.053598992554283e-15,4.497640670583226e-15,1.2627059691933538e-05,0.2250000000000001,-5.510033268932416e-15,0.5400027617992261,0.225,0.0,0.5399999999999999,0.0,129.8845671822703,8.938401382505694e-15,True,True,False
7.1000000000000005,2.7197189802485866e-06,0.0,8.384481585379385e-06,6.08227778530515e-16,2.195584796585213e-15,4.701905583725847e-15,1.3027371667336328e-05,0.2250000000000001,-5.5352656330682174e-15,0.5400027197189802,0.225,0.0,0.5399999999999999,0.0,129.88457248240087,9.175773150972388e-15,True,True,False
7.105,2.6779594146653096e-06,0.0,8.319344727056133e-06,6.094551539836777e-16,2.195584796585213e-15,4.701905583725847e-15,1.3027371667336328e-05,0.2250000000000001,-5.560608876168897e-15,0.5400026779594146,0.225,0.0,0.5399999999999999,0.0,129.88457248240087,9.194256929407777e-15,True,True,False
7.11,2.6365255334503956e-06,0.0,8.254207868732882e-06,6.107099975445187e-16,2.195584796585213e-15,4.701905583725847e-15,1.3027371667336328e-05,0.2250000000000001,-5.5860668199472144e-15,0.5400026365255334,0.225,0.0,0.5399999999999999,0.0,129.88457248240087,9.212877267782386e-15,True,True,False
7.115,2.5954173366038447e-06,0.0,8.18907101040963e-06,6.119921402492342e-16,2.195584796585213e-15,4.701905583725847e-15,1.3027371667336328e-05,0.22500000000000012,-5.611639462499303e-15,0.5400025954173365,0.225,0.0,0.5399999999999999,0.0,129.88457248240087,9.231634173205699e-15,True,True,False
7.12,2.5546348241256567e-06,0.0,8.123934152086375e-06,6.133095967482531e-16,2.195584796585213e-15,4.701905583725847e-15,1.3027371667336328e-05,0.22500000000000012,-5.6373268019463425e-15,0.540002554634824,0.225,0.0,0.5399999999999999,0.0,129.88457248240087,9.250525164788304e-15,True,True,False
7.125,2.5141779951276533e-06,0.0,8.058797293762966e-06,6.148873010102136e-16,2.195584796585213e-15,4.701905583725847e-15,1.3027371667336328e-05,0.22500000000000012,-5.663130569915898e-15,0.540002514177995,0.225,0.0,0.5399999999999999,0.0,129.88457248240087,9.269479776021707e-15,True,True,False
7.13,2.4740468496098345e-06,0.0,7.99366043543956e-06,6.16483875362607e-16,2.195584796585213e-15,4.701905583725847e-15,1.3027371667336328e-05,0.22500000000000012,-5.689052279094789e-15,0.5400024740468495,0.225,0.0,0.5399999999999999,0.0,129.88457248240087,9.288569460937597e-15,True,True,False
7.135,2.4342413902367355e-06,0.0,7.928523577116151e-06,6.180991735789047e-16,2.195584796585213e-15,4.701905583725847e-15,1.3027371667336328e-05,0.22500000000000012,-5.715091924413164e-15,0.5400024342413902,0.225,0.0,0.5399999999999999,0.0,129.88457248240087,9.30779423846805e-15,True,True,False
7.140000000000001,2.3947616152319995e-06,0.0,7.863386718792743e-06,6.19733049251131e-16,2.195584796585213e-15,4.701905583725847e-15,1.3027371667336328e-05,0.22500000000000012,-5.741249500865998e-15,0.5400023947616152,0.225,0.0,0.5399999999999999,0.0,129.88457248240087,9.327154127303051e-15,True,True,False
7.1450000000000005,2.355607523707448e-06,0.0,7.798249860469334e-06,6.213853558361654e-16,2.195584796585213e-15,4.701905583725847e-15,1.3027371667336328e-05,0.22500000000000012,-5.767525003511999e-15,0.5400023556075236,0.225,0.0,0.5399999999999999,0.0,129.88457248240087,9.346649145894583e-15,True,True,False
7.15,2.3167791165512597e-06,0.0,7.733113002145942e-06,6.230389906961581e-16,2.2963184214977286e-15,4.917385171181071e-15,1.3165220808203238e-05,0.22500000000000012,-5.7939184274725445e-15,0.5400023167791165,0.225,0.0,0.5399999999999999,0.0,129.8845743075235,9.596760675772071e-15,True,True,False
7.155,2.2782781168295685e-06,0.0,7.667286898113739e-06,6.243143421610433e-16,2.2963184214977286e-15,4.917385171181071e-15,1.3165220808203238e-05,0.22500000000000012,-5.8204311662966416e-15,0.5400022782781168,0.225,0.0,0.5399999999999999,0.0,129.8845743075235,9.616041132487438e-15,True,True,False
7.16,2.2401062476085087e-06,0.0,7.601460794081541e-06,6.256304598300396e-16,2.2963184214977286e-15,4.917385171181071e-15,1.3165220808203238e-05,0.22500000000000014,-5.84706422413156e-15,0.5400022401062475,0.225,0.0,0.5399999999999999,0.0,129.8845743075235,9.635463104950547e-15,True,True,False
7.165,2.2022635088880804e-06,0.0,7.5356346900493445e-06,6.269870869844123e-16,2.2963184214977286e-15,4.917385171181071e-15,1.3165220808203238e-05,0.22500000000000014,-5.873817597476001e-15,0.5400022022635088,0.225,0.0,0.5399999999999999,0.0,129.8845743075235,9.655026606236106e-15,True,True,False
7.17,2.1647499006682835e-06,0.0,7.469808586017147e-06,6.283839612546877e-16,2.2963184214977286e-15,4.917385171181071e-15,1.3165220808203238e-05,0.22500000000000014,-5.900691282874368e-15,0.5400021647499006,0.225,0.0,0.5399999999999999,0.0,129.8845743075235,9.674731649248154e-15,True,True,False
7.175,2.127565422949118e-06,0.0,7.4039824819847606e-06,6.300636660238449e-16,2.2963184214977286e-15,4.917385171181071e-15,1.3165220808203238e-05,0.22500000000000014,-5.927686850539398e-15,0.5400021275654229,0.225,0.0,0.5399999999999999,0.0,129.8845743075235,9.694476938168299e-15,True,True,False
7.18,2.090710075730584e-06,0.0,7.338156377952366e-06,6.317794599476796e-16,2.2963184214977286e-15,4.917385171181071e-15,1.3165220808203238e-05,0.22500000000000014,-5.95480609264763e-15,0.5400020907100757,0.225,0.0,0.5399999999999999,0.0,129.8845743075235,9.714359041370444e-15,True,True,False
7.1850000000000005,2.0541838590126815e-06,0.0,7.272330273919971e-06,6.335225415019001e-16,2.2963184214977286e-15,4.917385171181071e-15,1.3165220808203238e-05,0.22500000000000014,-5.982049001464805e-15,0.5400020541838589,0.225,0.0,0.5399999999999999,0.0,129.8845743075235,9.734381460361656e-15,True,True,False
7.19,2.017986773683589e-06,0.0,7.206504169887578e-06,6.352926860755931e-16,2.2963184214977286e-15,4.917385171181071e-15,1.3165220808203238e-05,0.22500000000000014,-6.0094155693550365e-15,0.5400020179867736,0.225,0.0,0.5399999999999999,0.0,129.8845743075235,9.754544223656176e-15,True,True,False
7.195,1.982118817966949e-06,0.0,7.140678065855183e-06,6.370896680861556e-16,2.2963184214977286e-15,4.917385171181071e-15,1.3165220808203238e-05,0.22500000000000014,-6.036905788779189e-15,0.5400019821188179,0.225,0.0,0.5399999999999999,0.0,129.8845743075235,9.774847359406941e-15,True,True,False
7.2,1.946579992750941e-06,0.0,7.074851961822854e-06,6.388541464747147e-16,2.3321725479029952e-15,5.1429142716971804e-15,1.3082501909874344e-05,0.22500000000000014,-6.064519798097973e-15,0.5400019465799927,0.225,0.0,0.5399999999999999,0.0,129.88457321232528,1.0036495576808459e-14,True,True,False
7.205,1.9113692641958835e-06,0.0,7.009439452288076e-06,6.405440516812791e-16,2.3321725479029952e-15,5.1429142716971804e-15,1.3082501909874344e-05,0.22500000000000014,-6.092260358537222e-15,0.5400019113692641,0.225,0.0,0.5399999999999999,0.0,129.88457321232528,1.0056596393510487e-14,True,True,False
7.21,1.8764855984620965e-06,0.0,6.944026942753297e-06,6.422770025029617e-16,2.3321725479029952e-15,5.1429142716971804e-15,1.3082501909874344e-05,0.22500000000000017,-6.120128112350747e-15,0.5400018764855984,0.225,0.0,0.5399999999999999,0.0,129.88457321232528,1.0076840133921709e-14,True,True,False
7.215,1.8419289946614015e-06,0.0,6.878614433218519e-06,6.440526514716768e-16,2.3321725479029952e-15,5.1429142716971804e-15,1.3082501909874344e-05,0.22500000000000017,-6.148123044519648e-15,0.5400018419289946,0.225,0.0,0.5399999999999999,0.0,129.88457321232528,1.0097226854126323e-14,True,True,False
7.22,1.8076994536819768e-06,0.0,6.813201923683738e-06,6.458743600148047e-16,2.3321725479029952e-15,5.1429142716971804e-15,1.3082501909874344e-05,0.22500000000000017,-6.176245140214859e-15,0.5400018076994536,0.225,0.0,0.5399999999999999,0.0,129.88457321232528,1.0117753904685762e-14,True,True,False
7.2250000000000005,1.7737969755238225e-06,0.0,6.747789414148852e-06,6.478420840734351e-16,2.3321725479029952e-15,5.1429142716971804e-15,1.3082501909874344e-05,0.22500000000000017,-6.204495932116623e-15,0.5400017737969754,0.225,0.0,0.5399999999999999,0.0,129.88457321232528,1.0138345996737788e-14,True,True,False
7.23,1.7402215592987602e-06,0.0,6.682376904613967e-06,6.498443676537498e-16,2.3321725479029952e-15,5.1429142716971804e-15,1.3082501909874344e-05,0.22500000000000017,-6.232876759270877e-15,0.5400017402215592,0.225,0.0,0.5399999999999999,0.0,129.88457321232528,1.0159081967726936e-14,True,True,False
7.235,1.7069732067831467e-06,0.0,6.6169643950790824e-06,6.518808923021169e-16,2.3321725479029952e-15,5.1429142716971804e-15,1.3082501909874344e-05,0.22500000000000017,-6.261387606823734e-15,0.5400017069732067,0.225,0.0,0.5399999999999999,0.0,129.88457321232528,1.0179961873121241e-14,True,True,False
7.24,1.674051916200625e-06,0.0,6.551551885544198e-06,6.539513381196791e-16,2.3321725479029952e-15,5.1429142716971804e-15,1.3082501909874344e-05,0.22500000000000017,-6.290028460107136e-15,0.5400016740519161,0.225,0.0,0.5399999999999999,0.0,129.88457321232528,1.0200985767694792e-14,True,True,False
7.245,1.6414576875511955e-06,0.0,6.486139376009344e-06,6.560400686128439e-16,2.3321725479029952e-15,5.1429142716971804e-15,1.3082501909874344e-05,0.22500000000000017,-6.318799414898001e-15,0.5400016414576875,0.225,0.0,0.5399999999999999,0.0,129.88457321232528,1.0222121320134445e-14,True,True,False
7.25,1.6091905217230362e-06,0.0,6.420726866474589e-06,6.581171033873671e-16,2.3051581557090314e-15,5.3791299334391e-15,1.2817400902322844e-05,0.22500000000000017,-6.3477032658156084e-15,0.5400016091905216,0.225,0.0,0.5399999999999999,0.0,129.88456970238795,1.0495960645766669e-14,True,True,False
7.255,1.5772471049224634e-06,0.0,6.356639861973533e-06,6.603168860524737e-16,2.3051581557090314e-15,5.3791299334391e-15,1.2817400902322844e-05,0.22500000000000017,-6.376741195087523e-15,0.5400015772471048,0.225,0.0,0.5399999999999999,0.0,129.88456970238795,1.0516883049091e-14,True,True,False
7.26,1.5456241233557932e-06,0.0,6.292552857472475e-06,6.625581773973533e-16,2.3051581557090314e-15,5.3791299334391e-15,1.2817400902322844e-05,0.22500000000000017,-6.405913166150701e-15,0.5400015456241233,0.225,0.0,0.5399999999999999,0.0,129.88456970238795,1.0537951051729489e-14,True,True,False
7.265000000000001,1.5143215770230256e-06,0.0,6.228465852971418e-06,6.648405576235403e-16,2.3051581557090314e-15,5.3791299334391e-15,1.2817400902322844e-05,0.2250000000000002,-6.435219147205552e-15,0.540001514321577,0.225,0.0,0.5399999999999999,0.0,129.88456970238795,1.0559164772429567e-14,True,True,False
7.2700000000000005,1.4833394650359821e-06,0.0,6.164378848470361e-06,6.671636050334785e-16,2.3051581557090314e-15,5.3791299334391e-15,1.2817400902322844e-05,0.2250000000000002,-6.464659106845367e-15,0.540001483339465,0.225,0.0,0.5399999999999999,0.0,129.88456970238795,1.0580524328471566e-14,True,True,False
7.275,1.4526777882828412e-06,0.0,6.100291843969305e-06,6.69526896320353e-16,2.3051581557090314e-15,5.3791299334391e-15,1.2817400902322844e-05,0.2250000000000002,-6.494233014050184e-15,0.5400014526777882,0.225,0.0,0.5399999999999999,0.0,129.88456970238795,1.0602029835691624e-14,True,True,False
7.28,1.4223365467636029e-06,0.0,6.0362048394682485e-06,6.719300068507673e-16,2.3051581557090314e-15,5.3791299334391e-15,1.2817400902322844e-05,0.2250000000000002,-6.523940838180744e-15,0.5400014223365467,0.225,0.0,0.5399999999999999,0.0,129.88456970238795,1.0623681408504193e-14,True,True,False
7.285,1.3923157404782671e-06,0.0,5.972117834967191e-06,6.743725109400515e-16,2.3051581557090314e-15,5.3791299334391e-15,1.2817400902322844e-05,0.2250000000000002,-6.553782548972605e-15,0.5400013923157404,0.225,0.0,0.5399999999999999,0.0,129.88456970238795,1.0645479159924115e-14,True,True,False
7.29,1.3626153685386555e-06,0.0,5.908030830466135e-06,6.76853982120012e-16,2.3051581557090314e-15,5.3791299334391e-15,1.2817400902322844e-05,0.2250000000000002,-6.583758116530311e-15,0.5400013626153685,0.225,0.0,0.5399999999999999,0.0,129.88456970238795,1.0667423201588305e-14,True,True,False
7.295,1.3332354318329465e-06,0.0,5.8439438259650815e-06,6.793901102339739e-16,2.3051581557090314e-15,5.3791299334391e-15,1.2817400902322844e-05,0.2250000000000002,-6.613867898177895e-15,0.5400013332354318,0.225,0.0,0.5399999999999999,0.0,129.88456970238795,1.0689429956278689e-14,True,True,False
7.3,1.30417593036114e-06,0.0,5.779856821464036e-06,6.819927477799794e-16,2.2201797930962875e-15,5.624589476783537e-15,1.2404443292957285e-05,0.2250000000000002,-6.644116123046585e-15,0.5400013041759303,0.225,0.0,0.5399999999999999,0.0,129.88456423482918,1.097399659808403e-14,True,True,False
7.305,1.2754317020302608e-06,0.0,5.717834605016208e-06,6.847122344828722e-16,2.2201797930962875e-15,5.624589476783537e-15,1.2404443292957285e-05,0.2250000000000002,-6.674504578108405e-15,0.540001275431702,0.225,0.0,0.5399999999999999,0.0,129.88456423482918,1.0995749310801502e-14,True,True,False
7.3100000000000005,1.2469975847473336e-06,0.0,5.655812388568379e-06,6.874715688262699e-16,2.2201797930962875e-15,5.624589476783537e-15,1.2404443292957285e-05,0.2250000000000002,-6.70503386856677e-15,0.5400012469975847,0.225,0.0,0.5399999999999999,0.0,129.88456423482918,1.1017651703322184e-14,True,True,False
7.315,1.2188735785123583e-06,0.0,5.593790172120551e-06,6.902702729411587e-16,2.2201797930962875e-15,5.624589476783537e-15,1.2404443292957285e-05,0.2250000000000002,-6.73570394256011e-15,0.5400012188735784,0.225,0.0,0.5399999999999999,0.0,129.88456423482918,1.1039703969309845e-14,True,True,False
7.32,1.1910596824371567e-06,0.0,5.531767955672721e-06,6.931078699134459e-16,2.2201797930962875e-15,5.624589476783537e-15,1.2404443292957285e-05,0.2250000000000002,-6.766514748859395e-15,0.5400011910596824,0.225,0.0,0.5399999999999999,0.0,129.88456423482918,1.1061906300066242e-14,True,True,False
7.325,1.1635558982980854e-06,0.0,5.4697457392248935e-06,6.959838840329068e-16,2.2201797930962875e-15,5.624589476783537e-15,1.2404443292957285e-05,0.2250000000000002,-6.797466236858647e-15,0.5400011635558982,0.225,0.0,0.5399999999999999,0.0,129.88456423482918,1.108425888456643e-14,True,True,False
7.33,1.136362225206966e-06,0.0,5.407723522777064e-06,6.988978410318571e-16,2.2201797930962875e-15,5.624589476783537e-15,1.2404443292957285e-05,0.2250000000000002,-6.828558356565672e-15,0.5400011363622251,0.225,0.0,0.5399999999999999,0.0,129.88456423482918,1.1106761909493482e-14,True,True,False
7.335,1.1094786631637987e-06,0.0,5.345701306329236e-06,7.018492683135997e-16,2.2201797930962875e-15,5.624589476783537e-15,1.2404443292957285e-05,0.22500000000000023,-6.859791058592909e-15,0.5400011094786631,0.225,0.0,0.5399999999999999,0.0,129.88456423482918,1.1129415559272623e-14,True,True,False
7.34,1.0829052121685834e-06,0.0,5.28367908988143e-06,7.048431035892589e-16,2.2201797930962875e-15,5.624589476783537e-15,1.2404443292957285e-05,0.22500000000000023,-6.89116439848799e-15,0.5400010829052121,0.225,0.0,0.5399999999999999,0.0,129.88456423482918,1.1152185515422115e-14,True,True,False
7.345,1.05664187222132e-06,0.0,5.221656873433735e-06,7.079057619310835e-16,2.2201797930962875e-15,5.624589476783537e-15,1.2404443292957285e-05,0.22500000000000023,-6.9226815670050095e-15,0.5400010566418721,0.225,0.0,0.5399999999999999,0.0,129.88456423482918,1.1174936884616779e-14,True,True,False
7.3500000000000005,1.0306886433220086e-06,0.0,5.1596346569860396e-06,7.110133963355699e-16,2.068730478153662e-15,5.8817395338373146e-15,1.1874589439519087e-05,0.22500000000000023,-6.9543444457433855e-15,0.5400010306886432,0.225,0.0,0.5399999999999999,0.0,129.8845572195642,1.1472904339383403e-14,True,True,False
7.355,1.0050389023241735e-06,0.0,5.100261709797482e-06,7.142622350060327e-16,2.068730478153662e-15,5.8817395338373146e-15,1.1874589439519087e-05,0.22500000000000023,-6.986154098171784e-15,0.5400010050389022,0.225,0.0,0.5399999999999999,0.0,129.8845572195642,1.1495508657054262e-14,True,True,False
7.36,9.79686026081339e-07,0.0,5.040888762608924e-06,7.175535314009227e-16,2.068730478153662e-15,5.8817395338373146e-15,1.1874589439519087e-05,0.22500000000000023,-7.018111585542295e-15,0.540000979686026,0.225,0.0,0.5399999999999999,0.0,129.8845572195642,1.151826719470663e-14,True,True,False
7.365,9.54630014593505e-07,0.0,4.981515815420366e-06,7.208867039826774e-16,2.068730478153662e-15,5.8817395338373146e-15,1.1874589439519087e-05,0.22500000000000023,-7.0502168243468265e-15,0.5400009546300145,0.225,0.0,0.5399999999999999,0.0,129.8845572195642,1.1541180264180183e-14,True,True,False
7.37,9.298708678606715e-07,0.0,4.922142868231809e-06,7.242611745876156e-16,2.068730478153662e-15,5.8817395338373146e-15,1.1874589439519087e-05,0.22500000000000023,-7.082469732085519e-15,0.5400009298708678,0.225,0.0,0.5399999999999999,0.0,129.8845572195642,1.156424817354952e-14,True,True,False
7.375,9.054085858828388e-07,0.0,4.862769921043251e-06,7.276763686791046e-16,2.068730478153662e-15,5.8817395338373146e-15,1.1874589439519087e-05,0.22500000000000023,-7.114870227252578e-15,0.5400009054085858,0.225,0.0,0.5399999999999999,0.0,129.8845572195642,1.1587471227177211e-14,True,True,False
7.38,8.812431686600065e-07,0.0,4.803396973854694e-06,7.311317155861417e-16,2.068730478153662e-15,5.8817395338373146e-15,1.1874589439519087e-05,0.22500000000000023,-7.14741822932226e-15,0.5400008812431686,0.225,0.0,0.5399999999999999,0.0,129.8845572195642,1.161084972576608e-14,True,True,False
7.385,8.573746161921748e-07,0.0,4.744024026666137e-06,7.346266487276462e-16,2.068730478153662e-15,5.8817395338373146e-15,1.1874589439519087e-05,0.22500000000000023,-7.180113658735059e-15,0.5400008573746161,0.225,0.0,0.5399999999999999,0.0,129.8845572195642,1.1634383966410703e-14,True,True,False
7.390000000000001,8.338029284793437e-07,0.0,4.684651079477579e-06,7.381606058227717e-16,2.068730478153662e-15,5.8817395338373146e-15,1.1874589439519087e-05,0.22500000000000023,-7.212956436884163e-15,0.5400008338029284,0.225,0.0,0.5399999999999999,0.0,129.8845572195642,1.165807424264819e-14,True,True,False
7.3950000000000005,8.105281055215131e-07,0.0,4.6252781322890215e-06,7.417330290875697e-16,2.068730478153662e-15,5.8817395338373146e-15,1.1874589439519087e-05,0.22500000000000023,-7.245946486102002e-15,0.5400008105281054,0.225,0.0,0.5399999999999999,0.0,129.8845572195642,1.1681920844508197e-14,True,True,False
7.4,7.875501473186831e-07,0.0,4.565905185100464e-06,7.453433654183506e-16,1.8640852521356563e-15,6.1489587511108225e-15,1.1255367263939526e-05,0.22500000000000023,-7.279083729647072e-15,0.5400007875501472,0.225,0.0,0.5399999999999999,0.0,129.88454902106255,1.1991754078457888e-14,True,True,False
7.405,7.64861313395926e-07,0.0,4.509628348800197e-06,7.491310428631907e-16,1.8640852521356563e-15,6.1489587511108225e-15,1.1255367263939526e-05,0.22500000000000023,-7.312371551093681e-15,0.5400007648613133,0.225,0.0,0.5399999999999999,0.0,129.88454902106255,1.2015223999573905e-14,True,True,False
7.41,7.424538641664924e-07,0.0,4.4533515124999306e-06,7.529542439834813e-16,1.8640852521356563e-15,6.1489587511108225e-15,1.1255367263939526e-05,0.22500000000000023,-7.345813323201713e-15,0.5400007424538641,0.225,0.0,0.5399999999999999,0.0,129.88454902106255,1.2038857256495961e-14,True,True,False
7.415,7.203277987422041e-07,0.0,4.397074676199664e-06,7.568124304129034e-16,1.8640852521356563e-15,6.1489587511108225e-15,1.1255367263939526e-05,0.22500000000000023,-7.379408954634124e-15,0.5400007203277987,0.225,0.0,0.5399999999999999,0.0,129.88454902106255,1.206265419029884e-14,True,True,False
7.42,6.984831171230611e-07,0.0,4.340797839899398e-06,7.607050698303127e-16,1.8640852521356563e-15,6.1489587511108225e-15,1.1255367263939526e-05,0.22500000000000023,-7.41315835517559e-15,0.540000698483117,0.225,0.0,0.5399999999999999,0.0,129.88454902106255,1.2086615137868655e-14,True,True,False
7.425,6.769198193090632e-07,0.0,4.284521003599131e-06,7.64631636048955e-16,1.8640852521356563e-15,6.1489587511108225e-15,1.1255367263939526e-05,0.22500000000000023,-7.447061435716428e-15,0.5400006769198192,0.225,0.0,0.5399999999999999,0.0,129.88454902106255,1.2110740431962676e-14,True,True,False
7.43,6.556379061883888e-07,0.0,4.228244167298865e-06,7.685916090952124e-16,1.8640852521356563e-15,6.1489587511108225e-15,1.1255367263939526e-05,0.22500000000000023,-7.481118108236841e-15,0.5400006556379061,0.225,0.0,0.5399999999999999,0.0,129.88454902106255,1.2135030401268412e-14,True,True,False
7.4350000000000005,6.346373777610381e-07,0.0,4.171967330998749e-06,7.726949226589426e-16,1.8640852521356563e-15,6.1489587511108225e-15,1.1255367263939526e-05,0.22500000000000023,-7.515329393896928e-15,0.5400006346373777,0.225,0.0,0.5399999999999999,0.0,129.88454902106255,1.2159340762809251e-14,True,True,False
7.44,6.139182331388326e-07,0.0,4.115690494698679e-06,7.768749678341867e-16,1.8640852521356563e-15,6.1489587511108225e-15,1.1255367263939526e-05,0.22500000000000023,-7.549697802423293e-15,0.5400006139182331,0.225,0.0,0.5399999999999999,0.0,129.88454902106255,1.2183778840492984e-14,True,True,False
7.445,5.934804723217724e-07,0.0,4.05941365839861e-06,7.810988490516877e-16,1.8640852521356563e-15,6.1489587511108225e-15,1.1255367263939526e-05,0.22500000000000023,-7.584223400111407e-15,0.5400005934804722,0.225,0.0,0.5399999999999999,0.0,129.88454902106255,1.2208389627297395e-14,True,True,False
7.45,5.733240961980358e-07,0.0,4.003136822098477e-06,7.853294354793654e-16,1.5811441084280082e-15,6.430768762148702e-15,1.0571034300156454e-05,0.22500000000000026,-7.618906216879282e-15,0.5400005733240961,0.225,0.0,0.5399999999999999,0.0,129.88453996049412,1.25345875341848e-14,True,True,False
7.455,5.534405498330841e-07,0.0,3.95028165061335e-06,7.89582655852432e-16,1.5811441084280082e-15,6.430768762148702e-15,1.0571034300156454e-05,0.22500000000000026,-7.653748727600779e-15,0.5400005534405498,0.225,0.0,0.5399999999999999,0.0,129.88453996049412,1.2559009166111508e-14,True,True,False
7.46,5.338212791805574e-07,0.0,3.897426479128224e-06,7.938628431071152e-16,1.5811441084280082e-15,6.430768762148702e-15,1.0571034300156454e-05,0.22500000000000026,-7.688752406348172e-15,0.5400005338212791,0.225,0.0,0.5399999999999999,0.0,129.88453996049412,1.2583600455430869e-14,True,True,False
7.465,5.144662851286341e-07,0.0,3.844571307643098e-06,7.981695634135236e-16,1.5811441084280082e-15,6.430768762148702e-15,1.0571034300156454e-05,0.22500000000000026,-7.723917102153257e-15,0.540000514466285,0.225,0.0,0.5399999999999999,0.0,129.88453996049412,1.2608361965895086e-14,True,True,False
7.47,4.953755667891357e-07,0.0,3.791716136157972e-06,8.025023895938556e-16,1.5811441084280082e-15,6.430768762148702e-15,1.0571034300156454e-05,0.22500000000000026,-7.759242665897468e-15,0.5400004953755667,0.225,0.0,0.5399999999999999,0.0,129.88453996049412,1.2633294254349253e-14,True,True,False
7.4750000000000005,4.7654912416206235e-07,0.0,3.7388609646728455e-06,8.068609010842283e-16,1.5811441084280082e-15,6.430768762148702e-15,1.0571034300156454e-05,0.22500000000000026,-7.79472895028775e-15,0.5400004765491241,0.225,0.0,0.5399999999999999,0.0,129.88453996049412,1.2658397870821709e-14,True,True,False
7.48,4.5798695724741384e-07,0.0,3.68600579318772e-06,8.112446838923186e-16,1.5811441084280082e-15,6.430768762148702e-15,1.0571034300156454e-05,0.22500000000000026,-7.83037580983255e-15,0.5400004579869572,0.225,0.0,0.5399999999999999,0.0,129.88453996049412,1.2683673358613409e-14,True,True,False
7.485,4.3968906604519026e-07,0.0,3.6331506217027063e-06,8.157671923870413e-16,1.5811441084280082e-15,6.430768762148702e-15,1.0571034300156454e-05,0.22500000000000026,-7.866183681257453e-15,0.540000439689066,0.225,0.0,0.5399999999999999,0.0,129.88453996049412,1.2709009907027729e-14,True,True,False
7.49,4.216554505553916e-07,0.0,3.5802954502177794e-06,8.204093128898303e-16,1.5811441084280082e-15,6.430768762148702e-15,1.0571034300156454e-05,0.22500000000000026,-7.902155176172232e-15,0.5400004216554505,0.225,0.0,0.5399999999999999,0.0,129.88453996049412,1.2734441582416952e-14,True,True,False
7.495,4.038861116661963e-07,0.0,3.527440278732853e-06,8.250856496732212e-16,1.5811441084280082e-15,6.430768762148702e-15,1.0571034300156454e-05,0.22500000000000026,-7.938290597475218e-15,0.5400004038861116,0.225,0.0,0.5399999999999999,0.0,129.88453996049412,1.2760055729738165e-14,True,True,False
7.5,3.863810476012476e-07,0.0,3.4745851072477898e-06,8.296926097319636e-16,1.2494697242991941e-15,6.725432266460275e-15,9.84276158975978e-06,0.22500000000000026,-7.97459058974903e-15,0.5400003863810475,0.225,0.0,0.5399999999999999,0.0,129.88453031816343,1.3100954087725278e-14,True,True,False
7.505,3.6913115719627864e-07,0.0,3.425371299318477e-06,8.34408542237486e-16,1.2494697242991941e-15,6.725432266460275e-15,9.84276158975978e-06,0.22500000000000026,-8.01105730630802e-15,0.5400003691311571,0.225,0.0,0.5399999999999999,0.0,129.88453031816343,1.3126376688934388e-14,True,True,False
7.51,3.521273348461308e-07,0.0,3.376157491389165e-06,8.391490194917394e-16,1.2494697242991941e-15,6.725432266460275e-15,9.84276158975978e-06,0.22500000000000026,-8.047691572995663e-15,0.5400003521273348,0.225,0.0,0.5399999999999999,0.0,129.88453031816343,1.3151979799699884e-14,True,True,False
7.515000000000001,3.3536958232716085e-07,0.0,3.326943683459853e-06,8.439136278725566e-16,1.2494697242991941e-15,6.725432266460275e-15,9.84276158975978e-06,0.22500000000000026,-8.084493208123206e-15,0.5400003353695823,0.225,0.0,0.5399999999999999,0.0,129.88453031816343,1.3177764098491926e-14,True,True,False
7.5200000000000005,3.188578987511904e-07,0.0,3.27772987553054e-06,8.487019609639791e-16,1.2494697242991941e-15,6.725432266460275e-15,9.84276158975978e-06,0.22500000000000026,-8.121462032273784e-15,0.5400003188578987,0.225,0.0,0.5399999999999999,0.0,129.88453031816343,1.3203730255296962e-14,True,True,False
7.525,3.0259228323004105e-07,0.0,3.228516067601228e-06,8.535136194690732e-16,1.2494697242991941e-15,6.725432266460275e-15,9.84276158975978e-06,0.22500000000000026,-8.158597868272862e-15,0.5400003025922832,0.225,0.0,0.5399999999999999,0.0,129.88453031816343,1.3229878931727996e-14,True,True,False
7.53,2.865727375400696e-07,0.0,3.1793022596719157e-06,8.583482111208153e-16,1.2494697242991941e-15,6.725432266460275e-15,9.84276158975978e-06,0.22500000000000026,-8.195900541158996e-15,0.5400002865727375,0.225,0.0,0.5399999999999999,0.0,129.88453031816343,1.3256210781133826e-14,True,True,False
7.535,2.707992616812761e-07,0.0,3.1300884517426036e-06,8.632053505912834e-16,1.2494697242991941e-15,6.725432266460275e-15,9.84276158975978e-06,0.22500000000000026,-8.233369878154838e-15,0.5400002707992616,0.225,0.0,0.5399999999999999,0.0,129.88453031816343,1.3282726448707266e-14,True,True,False
7.54,2.5527185298912524e-07,0.0,3.080874643813291e-06,8.680846593993863e-16,1.2494697242991941e-15,6.725432266460275e-15,9.84276158975978e-06,0.22500000000000026,-8.271005708638457e-15,0.5400002552718529,0.225,0.0,0.5399999999999999,0.0,129.88453031816343,1.3309426571592306e-14,True,True,False
7.545,2.399905150163307e-07,0.0,3.0316608358839784e-06,8.729857658173401e-16,1.2494697242991941e-15,6.725432266460275e-15,9.84276158975978e-06,0.22500000000000026,-8.308807864114913e-15,0.5400002399905149,0.225,0.0,0.5399999999999999,0.0,129.88453031816343,1.3336311778990234e-14,True,True,False
7.55,2.2495524509835734e-07,0.0,2.982447027954681e-06,8.779653698333914e-16,8.836075294346526e-16,7.031277652681262e-15,9.08883312725124e-06,0.22500000000000023,-8.346777467605253e-15,0.540000224955245,0.225,0.0,0.5399999999999999,0.0,129.88452033615062,1.3690332249450001e-14,True,True,False
7.555,2.1015662055035038e-07,0.0,2.937002862326293e-06,8.831045491484852e-16,8.836075294346526e-16,7.031277652681262e-15,9.08883312725124e-06,0.22500000000000023,-8.384919512854925e-15,0.5400002101566205,0.225,0.0,0.5399999999999999,0.0,129.88452033615062,1.3716813394637074e-14,True,True,False
7.5600000000000005,1.955852169110985e-07,0.0,2.891558696697905e-06,8.88265290769447e-16,8.836075294346526e-16,7.031277652681262e-15,9.08883312725124e-06,0.22500000000000023,-8.423234688453366e-15,0.5400001955852168,0.225,0.0,0.5399999999999999,0.0,129.88452033615062,1.3743490390682839e-14,True,True,False
7.565,1.812410332924232e-07,0.0,2.8461145310695165e-06,8.934472210509284e-16,8.836075294346526e-16,7.031277652681262e-15,9.08883312725124e-06,0.22500000000000023,-8.461722853786446e-15,0.5400001812410332,0.225,0.0,0.5399999999999999,0.0,129.88452033615062,1.377036376267484e-14,True,True,False
7.57,1.671240714706814e-07,0.0,2.8006703654411243e-06,8.986477279934072e-16,8.836075294346526e-16,7.031277652681262e-15,9.08883312725124e-06,0.22500000000000023,-8.500383934971743e-15,0.5400001671240714,0.225,0.0,0.5399999999999999,0.0,129.88452033615062,1.3797416265821727e-14,True,True,False
7.575,1.5323432966951624e-07,0.0,2.7552261998127063e-06,9.038567456499291e-16,8.836075294346526e-16,7.031277652681262e-15,9.08883312725124e-06,0.22500000000000023,-8.539219823390121e-15,0.5400001532343296,0.225,0.0,0.5399999999999999,0.0,129.88452033615062,1.3824578889497005e-14,True,True,False
7.58,1.3957180966528453e-07,0.0,2.7097820341842887e-06,9.090846471849961e-16,8.836075294346526e-16,7.031277652681262e-15,9.08883312725124e-06,0.22500000000000023,-8.578231633652878e-15,0.5400001395718096,0.225,0.0,0.5399999999999999,0.0,129.88452033615062,1.3851942105146476e-14,True,True,False
7.585,1.2613650968162944e-07,0.0,2.664337868555871e-06,9.143311086797155e-16,8.836075294346526e-16,7.031277652681262e-15,9.08883312725124e-06,0.22500000000000023,-8.617419276869348e-15,0.5400001261365096,0.225,0.0,0.5399999999999999,0.0,129.88452033615062,1.3879506144277514e-14,True,True,False
7.59,1.1292843060672941e-07,0.0,2.618893702927453e-06,9.195958124702976e-16,8.836075294346526e-16,7.031277652681262e-15,9.08883312725124e-06,0.22500000000000023,-8.656782686659267e-15,0.5400001129284305,0.225,0.0,0.5399999999999999,0.0,129.88452033615062,1.3907271254770269e-14,True,True,False
7.595,9.994757244058444e-08,0.0,2.5734495372989376e-06,9.24775813608611e-16,8.836075294346526e-16,7.031277652681262e-15,9.08883312725124e-06,0.22500000000000023,-8.696322544507972e-15,0.5400000999475724,0.225,0.0,0.5399999999999999,0.0,129.88452033615062,1.3935122551045264e-14,True,True,False
7.6000000000000005,8.719393518319451e-08,0.0,2.5280053716703646e-06,9.299096629942695e-16,4.462058142833578e-16,7.353749649958178e-15,8.324855189747112e-06,0.22500000000000023,-8.736041546899485e-15,0.5400000871939351,0.225,0.0,0.5399999999999999,0.0,129.8845102210827,1.4308042776122477e-14,True,True,False
7.605,7.465797002836945e-08,0.0,2.486381095735335e-06,9.351123727747002e-16,4.462058142833578e-16,7.353749649958178e-15,8.324855189747112e-06,0.22500000000000023,-8.77594032744383e-15,0.54000007465797,0.225,0.0,0.5399999999999999,0.0,129.8845102210827,1.433570258281422e-14,True,True,False
7.61,6.23301246172054e-08,0.0,2.444756819800305e-06,9.403255833097123e-16,4.462058142833578e-16,7.353749649958178e-15,8.324855189747112e-06,0.22500000000000023,-8.816019132973344e-15,0.5400000623301245,0.225,0.0,0.5399999999999999,0.0,129.8845102210827,1.436357025116479e-14,True,True,False
7.615,5.0210401614237625e-08,0.0,2.403132543865275e-06,9.455491209140736e-16,4.462058142833578e-16,7.353749649958178e-15,8.324855189747112e-06,0.22500000000000023,-8.856277743665339e-15,0.5400000502104015,0.225,0.0,0.5399999999999999,0.0,129.8845102210827,1.4391646602045822e-14,True,True,False
7.62,3.829879924310934e-08,0.0,2.361508267930245e-06,9.507828153791012e-16,4.462058142833578e-16,7.353749649958178e-15,8.324855189747112e-06,0.22500000000000023,-8.89671594260028e-15,0.5400000382987992,0.225,0.0,0.5399999999999999,0.0,129.8845102210827,1.4419932445487834e-14,True,True,False
7.625,2.6595318391999082e-08,0.0,2.3198839919952147e-06,9.560264998959231e-16,4.462058142833578e-16,7.353749649958178e-15,8.324855189747112e-06,0.22500000000000023,-8.937333515721908e-15,0.5400000265953183,0.225,0.0,0.5399999999999999,0.0,129.8845102210827,1.444842858082924e-14,True,True,False
7.63,1.5099959060907336e-08,0.0,2.2782597160601845e-06,9.612800109804087e-16,4.462058142833578e-16,7.353749649958178e-15,8.324855189747112e-06,0.22500000000000023,-8.978130251797662e-15,0.540000015099959,0.225,0.0,0.5399999999999999,0.0,129.8845102210827,1.4477135796864013e-14,True,True,False
7.635,3.812721249840239e-09,0.0,2.236635440125151e-06,9.665820675509932e-16,4.462058142833578e-16,7.353749649958178e-15,8.324855189747112e-06,0.22500000000000023,-9.019108689386094e-15,0.5400000038127212,0.225,0.0,0.5399999999999999,0.0,129.8845102210827,1.4505837702013035e-14,True,True,False
7.640000000000001,7.266395041233377e-09,0.0,2.1950111641901174e-06,9.718947859459328e-16,4.462058142833578e-16,7.353749649958178e-15,8.324855189747112e-06,0.22500000000000023,-9.060271876723442e-15,0.5399999927336049,0.225,0.0,0.5399999999999999,0.0,129.8845102210827,1.453474690733677e-14,True,True,False
7.6450000000000005,1.8137389812269488e-08,0.0,2.153386888255084e-06,9.772166703210158e-16,4.462058142833578e-16,7.353749649958178e-15,8.324855189747112e-06,0.22500000000000023,-9.101619785906999e-15,0.5399999818626101,0.225,0.0,0.5399999999999999,0.0,129.8845102210827,1.4563871047996403e-14,True,True,False
7.65,2.880026395146874e-08,0.0,2.11176261232005e-06,9.825475717360255e-16,-8.358127631467854e-18,7.689913339385636e-15,7.563970726828978e-06,0.22500000000000023,-9.14315238940362e-15,0.539999971199736,0.225,0.0,0.5399999999999999,0.0,129.8845001469724,1.495278668506264e-14,True,True,False
7.655,3.926452718516878e-08,0.0,2.073942758700933e-06,9.879671239799907e-16,-8.358127631467854e-18,7.689913339385636e-15,7.563970726828978e-06,0.2250000000000002,-9.184870615831798e-15,0.5399999607354727,0.225,0.0,0.5399999999999999,0.0,129.8845001469724,1.498170933075145e-14,True,True,False
7.66,4.9539691016065895e-08,0.0,2.0361229050818156e-06,9.933943624417605e-16,-8.358127631467854e-18,7.689913339385636e-15,7.563970726828978e-06,0.2250000000000002,-9.22677526243969e-15,0.5399999504603089,0.225,0.0,0.5399999999999999,0.0,129.8845001469724,1.501085541820326e-14,True,True,False
7.665,5.96257563323384e-08,0.0,1.9983030514626983e-06,9.988291618298359e-16,-8.358127631467854e-18,7.689913339385636e-15,7.563970726828978e-06,0.2250000000000002,-9.26886610818144e-15,0.5399999403742436,0.225,0.0,0.5399999999999999,0.0,129.8845001469724,1.504022577285726e-14,True,True,False
7.67,6.952272224580787e-08,0.0,1.960483197843581e-06,1.0042713993921945e-15,-8.358127631467854e-18,7.689913339385636e-15,7.563970726828978e-06,0.2250000000000002,-9.311142935011175e-15,0.5399999304772777,0.225,0.0,0.5399999999999999,0.0,129.8845001469724,1.5069821208950062e-14,True,True,False
7.675,7.923058786829584e-08,0.0,1.922663344224372e-06,1.0096044714600317e-15,-8.358127631467854e-18,7.689913339385636e-15,7.563970726828978e-06,0.2250000000000002,-9.35360653971088e-15,0.5399999207694121,0.225,0.0,0.5399999999999999,0.0,129.8845001469724,1.5099543420788344e-14,True,True,False
7.68,8.874935497615916e-08,0.0,1.884843490605111e-06,1.014874942137416e-15,-8.358127631467854e-18,7.689913339385636e-15,7.563970726828978e-06,0.2250000000000002,-9.39626048912849e-15,0.539999911250645,0.225,0.0,0.5399999999999999,0.0,129.8845001469724,1.5129434375291345e-14,True,True,False
7.6850000000000005,9.807902268121938e-08,0.0,1.8470236369858494e-06,1.0201496458646261e-15,-8.358127631467854e-18,7.689913339385636e-15,7.563970726828978e-06,0.2250000000000002,-9.439105060396072e-15,0.5399999019209772,0.225,0.0,0.5399999999999999,0.0,129.8845001469724,1.5159551609333124e-14,True,True,False
7.69,1.0721959187165495e-07,0.0,1.8092037833665879e-06,1.0254285173184845e-15,-8.358127631467854e-18,7.689913339385636e-15,7.563970726828978e-06,0.2250000000000002,-9.482140197419496e-15,0.539999892780408,0.225,0.0,0.5399999999999999,0.0,129.8845001469724,1.5189895332382815e-14,True,True,False
7.695,1.1617106077110901e-07,0.0,1.77138392974733e-06,1.030728753968538e-15,-8.358127631467854e-18,7.689913339385636e-15,7.563970726828978e-06,0.2250000000000002,-9.525366169661878e-15,0.5399998838289392,0.225,0.0,0.5399999999999999,0.0,129.8845001469724,1.5220406942875912e-14,True,True,False
7.7,1.249334311559384e-07,0.0,1.7335640761280785e-06,1.0360629277022641e-15,-4.876274046682698e-16,8.041976696677807e-15,6.817074853383903e-06,0.2250000000000002,-9.568786508290573e-15,0.5399998750665688,0.225,0.0,0.5399999999999999,0.0,129.88449025807105,1.5627627511514706e-14,True,True,False
7.705,1.3351603778133415e-07,0.0,1.6994787018743158e-06,1.0414104502745457e-15,-4.876274046682698e-16,8.041976696677807e-15,6.817074853383903e-06,0.2250000000000002,-9.612401190164515e-15,0.5399998664839621,0.225,0.0,0.5399999999999999,0.0,129.88449025807105,1.5657912693666608e-14,True,True,False
7.71,1.4192821806702262e-07,0.0,1.6653933276205529e-06,1.046760809828008e-15,-4.876274046682698e-16,8.041976696677807e-15,6.817074853383903e-06,0.2250000000000002,-9.656209079665182e-15,0.5399998580717819,0.225,0.0,0.5399999999999999,0.0,129.88449025807105,1.5688437242766022e-14,True,True,False
7.715,1.5016997112482531e-07,0.0,1.63130795336679e-06,1.0521139630815918e-15,-4.876274046682698e-16,8.041976696677807e-15,6.817074853383903e-06,0.22500000000000017,-9.700209955685238e-15,0.5399998498300288,0.225,0.0,0.5399999999999999,0.0,129.88449025807105,1.5719201984481866e-14,True,True,False
7.72,1.582412978429207e-07,0.0,1.5972225791130268e-06,1.0574698676082592e-15,-4.876274046682698e-16,8.041976696677807e-15,6.817074853383903e-06,0.22500000000000017,-9.744403600187973e-15,0.5399998417587021,0.225,0.0,0.5399999999999999,0.0,129.88449025807105,1.57502077330164e-14,True,True,False
7.7250000000000005,1.6614219644495194e-07,0.0,1.5631372048592645e-06,1.0628284818145943e-15,-4.876274046682698e-16,8.041976696677807e-15,6.817074853383903e-06,0.22500000000000017,-9.788789798160915e-15,0.5399998338578035,0.225,0.0,0.5399999999999999,0.0,129.88449025807105,1.5781455291278805e-14,True,True,False
7.73,1.7387266959545426e-07,0.0,1.5290518306054209e-06,1.0680965769647973e-15,-4.876274046682698e-16,8.041976696677807e-15,6.817074853383903e-06,0.22500000000000017,-9.83337085237804e-15,0.5399998261273303,0.225,0.0,0.5399999999999999,0.0,129.88449025807105,1.5812772731060755e-14,True,True,False
7.735,1.814327155180709e-07,0.0,1.4949664563515608e-06,1.0733476147515027e-15,-4.876274046682698e-16,8.041976696677807e-15,6.817074853383903e-06,0.22500000000000017,-9.906307175689337e-15,0.5399998185672844,0.225,0.0,0.5399999999999999,0.0,129.88449025807105,1.5739153884766624e-14,True,True,False
7.74,1.8882233421280174e-07,0.0,1.460881082097701e-06,1.0786001147700802e-15,-4.876274046682698e-16,8.041976696677807e-15,6.817074853383903e-06,0.22500000000000017,-9.97956968743374e-15,0.5399998111776657,0.225,0.0,0.5399999999999999,0.0,129.88449025807105,1.5665300750077583e-14,True,True,False
7.745,1.9604152567964688e-07,0.0,1.4267957078438414e-06,1.0838540557620236e-15,-4.876274046682698e-16,8.041976696677807e-15,6.817074853383903e-06,0.22500000000000017,-1.0053158387611236e-14,0.5399998039584742,0.225,0.0,0.5399999999999999,0.0,129.88449025807105,1.559121332699364e-14,True,True,False
7.75,2.030902908067847e-07,0.0,1.3927103335899543e-06,1.089027904539656e-15,-8.96609936505543e-16,8.4202427429815e-15,6.093027912405547e-06,0.22500000000000017,-1.0127072270853139e-14,0.5399997969097091,0.225,0.0,0.5399999999999999,0.0,129.88448067168954,1.5921698444399478e-14,True,True,False
7.755,2.099776801323119e-07,0.0,1.3622451940448854e-06,1.0942164940401234e-15,-8.96609936505543e-16,8.4202427429815e-15,6.093027912405547e-06,0.22500000000000017,-1.0201308952966713e-14,0.5399997900223198,0.225,0.0,0.5399999999999999,0.0,129.88448067168954,1.5846956186792344e-14,True,True,False
7.76,2.1671274241796847e-07,0.0,1.331780054499816e-06,1.0994058962111752e-15,-8.96609936505543e-16,8.4202427429815e-15,6.093027912405547e-06,0.22500000000000017,-1.0275868288989509e-14,0.5399997832872575,0.225,0.0,0.5399999999999999,0.0,129.88448067168954,1.5771977558767915e-14,True,True,False
7.765000000000001,2.2329548032828962e-07,0.0,1.3013149149547466e-06,1.1045960995990107e-15,-8.96609936505543e-16,8.4202427429815e-15,6.093027912405547e-06,0.22500000000000017,-1.0350750278921531e-14,0.5399997767045196,0.225,0.0,0.5399999999999999,0.0,129.88448067168954,1.5696762560326186e-14,True,True,False
7.7700000000000005,2.2972589208691853e-07,0.0,1.2708497754096779e-06,1.1097870929623437e-15,-8.96609936505543e-16,8.4202427429815e-15,6.093027912405547e-06,0.22500000000000014,-1.042595492276277e-14,0.5399997702741078,0.225,0.0,0.5399999999999999,0.0,129.88448067168954,1.562131119146717e-14,True,True,False
7.775,2.360039776938552e-07,0.0,1.2403846358646081e-06,1.1149788652675367e-15,-8.96609936505543e-16,8.4202427429815e-15,6.093027912405547e-06,0.22500000000000014,-1.050148222051324e-14,0.5399997639960222,0.225,0.0,0.5399999999999999,0.0,129.88448067168954,1.5545623452190857e-14,True,True,False
7.78,2.4212973803727804e-07,0.0,1.2099194963193507e-06,1.1197724414743745e-15,-8.96609936505543e-16,8.4202427429815e-15,6.093027912405547e-06,0.22500000000000014,-1.0577328752059902e-14,0.5399997578702619,0.225,0.0,0.5399999999999999,0.0,129.88448067168954,1.547018768076567e-14,True,True,False
7.785,2.48103173117187e-07,0.0,1.1794543567740868e-06,1.1245522945758043e-15,-8.96609936505543e-16,8.4202427429815e-15,6.093027912405547e-06,0.22500000000000014,-1.065349060870217e-14,0.5399997518968268,0.225,0.0,0.5399999999999999,0.0,129.88448067168954,1.5394537871465953e-14,True,True,False
7.79,2.5392428204540373e-07,0.0,1.1489892172288229e-06,1.1293321693081421e-15,-8.96609936505543e-16,8.4202427429815e-15,6.093027912405547e-06,0.22500000000000014,-1.0729967790440031e-14,0.5399997460757179,0.225,0.0,0.5399999999999999,0.0,129.88448067168954,1.5318657274884628e-14,True,True,False
7.795,2.595930648219282e-07,0.0,1.118524077683543e-06,1.134064174795164e-15,-8.96609936505543e-16,8.4202427429815e-15,6.093027912405547e-06,0.22500000000000014,-1.0806759942795373e-14,0.5399997404069351,0.225,0.0,0.5399999999999999,0.0,129.88448067168954,1.5242657309003703e-14,True,True,False
7.8,2.651095223349389e-07,0.0,1.0880589381382353e-06,1.1387134668753065e-15,-1.1344167410260657e-15,8.81420908418271e-15,5.398863417493455e-06,0.22500000000000014,-1.088386316650882e-14,0.5399997348904776,0.225,0.0,0.5399999999999999,0.0,129.88447148095162,1.5588026215252463e-14,True,True,False
7.805000000000001,2.7048233119941777e-07,0.0,1.0610646210728878e-06,1.1432996031609697e-15,-1.1344167410260657e-15,8.81420908418271e-15,5.398863417493455e-06,0.22500000000000014,-1.096127583776125e-14,0.5399997295176687,0.225,0.0,0.5399999999999999,0.0,129.88447148095162,1.5511400891771315e-14,True,True,False
7.8100000000000005,2.7572016891852534e-07,0.0,1.0340703040075405e-06,1.147885862529636e-15,-1.1344167410260657e-15,8.81420908418271e-15,5.398863417493455e-06,0.22500000000000014,-1.1038997396167895e-14,0.539999724279831,0.225,0.0,0.5399999999999999,0.0,129.88447148095162,1.5434544151505447e-14,True,True,False
7.815,2.808230346040832e-07,0.0,1.0070759869421937e-06,1.1524722435118801e-15,-1.1344167410260657e-15,8.81420908418271e-15,5.398863417493455e-06,0.22500000000000014,-1.1117027841728763e-14,0.5399997191769653,0.225,0.0,0.5399999999999999,0.0,129.88447148095162,1.5357455994454858e-14,True,True,False
7.82,2.857909282560913e-07,0.0,9.800816698768464e-07,1.1570587446615366e-15,-1.1344167410260657e-15,8.81420908418271e-15,5.398863417493455e-06,0.22500000000000014,-1.1195367174443843e-14,0.5399997142090717,0.225,0.0,0.5399999999999999,0.0,129.88447148095162,1.5280136420619543e-14,True,True,False
7.825,2.9062385165090653e-07,0.0,9.530873528114991e-07,1.1616453645552415e-15,-1.1344167410260657e-15,8.81420908418271e-15,5.398863417493455e-06,0.22500000000000014,-1.1274015394313141e-14,0.5399997093761483,0.225,0.0,0.5399999999999999,0.0,129.88447148095162,1.5202585429999512e-14,True,True,False
7.83,2.953218021239936e-07,0.0,9.260930357461523e-07,1.166232101791986e-15,-1.1344167410260657e-15,8.81420908418271e-15,5.398863417493455e-06,0.22500000000000012,-1.1352972501336668e-14,0.5399997046781978,0.225,0.0,0.5399999999999999,0.0,129.88447148095162,1.512480302259476e-14,True,True,False
7.835,2.9988478145170937e-07,0.0,8.990987186808056e-07,1.1708189549926797e-15,-1.1344167410260657e-15,8.81420908418271e-15,5.398863417493455e-06,0.22500000000000012,-1.1432238495514407e-14,0.5399997001152185,0.225,0.0,0.5399999999999999,0.0,129.88447148095162,1.504678919840529e-14,True,True,False
7.84,3.0431278963405383e-07,0.0,8.72104401615459e-07,1.1754059227997248e-15,-1.1344167410260657e-15,8.81420908418271e-15,5.398863417493455e-06,0.22500000000000012,-1.1511813376846369e-14,0.5399996956872103,0.225,0.0,0.5399999999999999,0.0,129.88447148095162,1.496854395743109e-14,True,True,False
7.845,3.0860582578284855e-07,0.0,8.451100845497732e-07,1.1792936603966203e-15,-1.1344167410260657e-15,8.81420908418271e-15,5.398863417493455e-06,0.22500000000000012,-1.1591691382676373e-14,0.5399996913941741,0.225,0.0,0.5399999999999999,0.0,129.88447148095162,1.4890871705440623e-14,True,True,False
7.8500000000000005,3.1276389078627197e-07,0.0,8.181157674840758e-07,1.1831598386611235e-15,-1.3106089918094239e-15,9.199467966504061e-15,4.739988530911895e-06,0.22500000000000012,-1.167186592711166e-14,0.5399996872361091,0.225,0.0,0.5399999999999999,0.0,129.88446275744815,1.5225095856762674e-14,True,True,False
7.855,3.1679521994565384e-07,0.0,7.944158248404823e-07,1.1870497839249018e-15,-1.3106089918094239e-15,9.199467966504061e-15,4.739988530911895e-06,0.22500000000000012,-1.175233598601661e-14,0.53999968320478,0.225,0.0,0.5399999999999999,0.0,129.88446275744815,1.5146662065671274e-14,True,True,False
7.86,3.2070804911743544e-07,0.0,7.707158821968885e-07,1.190942727910938e-15,-1.3106089918094239e-15,9.199467966504061e-15,4.739988530911895e-06,0.22500000000000012,-1.1833100535255594e-14,0.5399996792919508,0.225,0.0,0.5399999999999999,0.0,129.88446275744815,1.5068002245788187e-14,True,True,False
7.865,3.245023793008175e-07,0.0,7.47015939553295e-07,1.1948386413085186e-15,-1.3106089918094239e-15,9.199467966504061e-15,4.739988530911895e-06,0.22500000000000012,-1.1914159574828607e-14,0.5399996754976206,0.225,0.0,0.5399999999999999,0.0,129.88446275744815,1.4989116397113415e-14,True,True,False
7.87,3.2817820960762155e-07,0.0,7.233159969097012e-07,1.1987374951657589e-15,-1.3106089918094239e-15,9.199467966504061e-15,4.739988530911895e-06,0.22500000000000012,-1.1995513104735654e-14,0.5399996718217903,0.225,0.0,0.5399999999999999,0.0,129.88446275744815,1.4910004519646952e-14,True,True,False
7.875,3.3173554003784765e-07,0.0,6.996160542661074e-07,1.202639260884501e-15,-1.3106089918094239e-15,9.199467966504061e-15,4.739988530911895e-06,0.22500000000000012,-1.2077161124976732e-14,0.5399996682644599,0.225,0.0,0.5399999999999999,0.0,129.88446275744815,1.48306666133888e-14,True,True,False
7.88,3.351743705914958e-07,0.0,6.759161116225139e-07,1.2065439102152931e-15,-1.3106089918094239e-15,9.199467966504061e-15,4.739988530911895e-06,0.22500000000000012,-1.2159103635551843e-14,0.5399996648256293,0.225,0.0,0.5399999999999999,0.0,129.88446275744815,1.4751102678338962e-14,True,True,False
7.885,3.3849470215674437e-07,0.0,6.522161689789201e-07,1.2104514152524465e-15,-1.3106089918094239e-15,9.199467966504061e-15,4.739988530911895e-06,0.2250000000000001,-1.2241340636460982e-14,0.5399996615052978,0.225,0.0,0.5399999999999999,0.0,129.88446275744815,1.4671312714497436e-14,True,True,False
7.890000000000001,3.4169653206905814e-07,0.0,6.285162263353265e-07,1.2143617484291663e-15,-1.3106089918094239e-15,9.199467966504061e-15,4.739988530911895e-06,0.2250000000000001,-1.2323872127704154e-14,0.5399996583034679,0.225,0.0,0.5399999999999999,0.0,129.88446275744815,1.4591296721864224e-14,True,True,False
7.8950000000000005,3.4477986299297235e-07,0.0,6.048162836917327e-07,1.2182748825127615e-15,-1.3106089918094239e-15,9.199467966504061e-15,4.739988530911895e-06,0.2250000000000001,-1.2406698109281358e-14,0.5399996552201369,0.225,0.0,0.5399999999999999,0.0,129.88446275744815,1.4511054700439322e-14,True,True,False
7.9,3.477446940403086e-07,0.0,5.81116341048139e-07,1.2221907905999268e-15,-1.4441814610911608e-15,9.575753565944522e-15,4.120375357910337e-06,0.2250000000000001,-1.2489818581192589e-14,0.5399996522553059,0.225,0.0,0.5399999999999999,0.0,129.88445455376973,1.4833079466227832e-14,True,True,False
7.905,3.505987710150651e-07,0.0,5.605144642725086e-07,1.22549952293211e-15,-1.4441814610911608e-15,9.575753565944522e-15,4.120375357910337e-06,0.2250000000000001,-1.2573226035062548e-14,0.5399996494012289,0.225,0.0,0.5399999999999999,0.0,129.88445455376973,1.4752912078990015e-14,True,True,False
7.91,3.533498388330616e-07,0.0,5.399125874968779e-07,1.2288165035034717e-15,-1.4441814610911608e-15,9.575753565944522e-15,4.120375357910337e-06,0.2250000000000001,-1.2656912962515927e-14,0.5399996466501611,0.225,0.0,0.5399999999999999,0.0,129.88445455376973,1.467252448275907e-14,True,True,False
7.915,3.559978966061197e-07,0.0,5.193107107212474e-07,1.2321416657001255e-15,-1.4441814610911608e-15,9.575753565944522e-15,4.120375357910337e-06,0.2250000000000001,-1.2740879363552716e-14,0.5399996440021033,0.225,0.0,0.5399999999999999,0.0,129.88445455376973,1.4591916677535018e-14,True,True,False
7.92,3.5854294611059627e-07,0.0,4.987088339456168e-07,1.2354749434618964e-15,-1.4441814610911608e-15,9.575753565944522e-15,4.120375357910337e-06,0.2250000000000001,-1.2825125238172923e-14,0.5399996414570538,0.225,0.0,0.5399999999999999,0.0,129.88445455376973,1.4511088663317835e-14,True,True,False
7.925,3.609849855701344e-07,0.0,4.781069571699863e-07,1.2388162712792346e-15,-1.4441814610911608e-15,9.575753565944522e-15,4.120375357910337e-06,0.2250000000000001,-1.2909650586376543e-14,0.5399996390150144,0.225,0.0,0.5399999999999999,0.0,129.88445455376973,1.4430040440107538e-14,True,True,False
7.930000000000001,3.6332401587291256e-07,0.0,4.5750508039435564e-07,1.2421655841900911e-15,-1.4441814610911608e-15,9.575753565944522e-15,4.120375357910337e-06,0.2250000000000001,-1.2994455408163572e-14,0.539999636675984,0.225,0.0,0.5399999999999999,0.0,129.88445455376973,1.434877200790412e-14,True,True,False
7.9350000000000005,3.655600361307523e-07,0.0,4.3690320361872514e-07,1.2455228177767551e-15,-1.4441814610911608e-15,9.575753565944522e-15,4.120375357910337e-06,0.2250000000000001,-1.3079539703534033e-14,0.5399996344399638,0.225,0.0,0.5399999999999999,0.0,129.88445455376973,1.4267283366707582e-14,True,True,False
7.94,3.6769304723183204e-07,0.0,4.1630132684309454e-07,1.248887908162658e-15,-1.4441814610911608e-15,9.575753565944522e-15,4.120375357910337e-06,0.22500000000000006,-1.3164903472487894e-14,0.5399996323069527,0.225,0.0,0.5399999999999999,0.0,129.88445455376973,1.4185574516517926e-14,True,True,False
7.945,3.697230491761519e-07,0.0,3.9569945006746394e-07,1.2522607920091426e-15,-1.4441814610911608e-15,9.575753565944522e-15,4.120375357910337e-06,0.22500000000000006,-1.3250546715025181e-14,0.5399996302769507,0.225,0.0,0.5399999999999999,0.0,129.88445455376973,1.4103645457335153e-14,True,True,False
7.95,3.7165004196371164e-07,0.0,3.750975732918334e-07,1.2556414065122033e-15,-1.539114522023682e-15,9.939892234354981e-15,3.5427417583036842e-06,0.22500000000000006,-1.3336469431145878e-14,0.539999628349958,0.225,0.0,0.5399999999999999,0.0,129.8844469059009,1.44109960996933e-14,True,True,False
7.955,3.734812455968852e-07,0.0,3.5738386450718504e-07,1.258274372379788e-15,-1.539114522023682e-15,9.939892234354981e-15,3.5427417583036842e-06,0.22500000000000006,-1.3422663805648731e-14,0.5399996265187543,0.225,0.0,0.5399999999999999,0.0,129.8844469059009,1.4329193710638374e-14,True,True,False
7.96,3.752238809662247e-07,0.0,3.3967015572253663e-07,1.2609270594278852e-15,-1.539114522023682e-15,9.939892234354981e-15,3.5427417583036842e-06,0.22500000000000006,-1.35091220233325e-14,0.539999624776119,0.225,0.0,0.5399999999999999,0.0,129.8844469059009,1.4247177378757345e-14,True,True,False
7.965,3.7687794718355176e-07,0.0,3.2195644693788817e-07,1.2635993434538717e-15,-1.539114522023682e-15,9.939892234354981e-15,3.5427417583036842e-06,0.22500000000000006,-1.3595844084197165e-14,0.5399996231220527,0.225,0.0,0.5399999999999999,0.0,129.8844469059009,1.4164947104050197e-14,True,True,False
7.97,3.784434460252231e-07,0.0,3.0424273815323976e-07,1.266291100389857e-15,-1.539114522023682e-15,9.939892234354981e-15,3.5427417583036842e-06,0.22500000000000006,-1.3682829988242752e-14,0.5399996215565539,0.225,0.0,0.5399999999999999,0.0,129.8844469059009,1.408250288651694e-14,True,True,False
7.9750000000000005,3.7992037482670353e-07,0.0,2.8652902936864836e-07,1.2690042875346613e-15,-1.539114522023682e-15,9.939892234354981e-15,3.5427417583036842e-06,0.22500000000000006,-1.3770077246216624e-14,0.5399996200796251,0.225,0.0,0.5399999999999999,0.0,129.8844469059009,1.4000212172706575e-14,True,True,False
7.98,3.813087362525283e-07,0.0,2.6881532058406824e-07,1.2717349276613656e-15,-1.539114522023682e-15,9.939892234354981e-15,3.5427417583036842e-06,0.22500000000000006,-1.385758126257548e-14,0.5399996186912637,0.225,0.0,0.5399999999999999,0.0,129.8844469059009,1.3917785478981489e-14,True,True,False
7.985,3.8260852852634057e-07,0.0,2.5110161179948823e-07,1.2744822965005915e-15,-1.539114522023682e-15,9.939892234354981e-15,3.5427417583036842e-06,0.22500000000000006,-1.3945341941578871e-14,0.5399996173914714,0.225,0.0,0.5399999999999999,0.0,129.8844469059009,1.3835149719176208e-14,True,True,False
7.99,3.8381975253631877e-07,0.0,2.3338790301490086e-07,1.2772347895288157e-15,-1.539114522023682e-15,9.939892234354981e-15,3.5427417583036842e-06,0.22500000000000006,-1.4033359283226743e-14,0.5399996161802474,0.225,0.0,0.5399999999999999,0.0,129.8844469059009,1.3752315909760785e-14,True,True,False
7.995,3.8494240739428447e-07,0.0,2.1567419423010502e-07,1.2796740488584065e-15,-1.539114522023682e-15,9.939892234354981e-15,3.5427417583036842e-06,0.22500000000000003,-1.4121629864050656e-14,0.5399996150575925,0.225,0.0,0.5399999999999999,0.0,129.8844469059009,1.366959447038035e-14,True,True,False
8.0,3.859764939884161e-07,0.0,1.9796048544530917e-07,1.2821367672202377e-15,-1.5808158571131821e-15,1.0285609697408173e-14,3.0087206629890743e-06,0.22500000000000003,-1.4210150688515668e-14,0.5399996140235059,0.225,0.0,0.5399999999999999,0.0,129.88443983546156,1.3956463383012228e-14,True,True,False
8.005,3.869286878677161e-07,0.0,1.8291688214534608e-07,1.284674198797165e-15,-1.5808158571131821e-15,1.0285609697408173e-14,3.0087206629890743e-06,0.22500000000000003,-1.4298920438832838e-14,0.5399996130713121,0.225,0.0,0.5399999999999999,0.0,129.88443983546156,1.387316816538455e-14,True,True,False
8.01,3.8780566458118697e-07,0.0,1.6787327884538291e-07,1.2872343612860677e-15,-1.5808158571131821e-15,1.0285609697408173e-14,3.0087206629890743e-06,0.22500000000000003,-1.4387937797213186e-14,0.5399996121943353,0.225,0.0,0.5399999999999999,0.0,129.88443983546156,1.378966575283446e-14,True,True,False
8.015,3.88607420576115e-07,0.0,1.5282967554541985e-07,1.2898171193309545e-15,-1.5808158571131821e-15,1.0285609697408173e-14,3.0087206629890743e-06,0.22500000000000003,-1.4477202763656737e-14,0.5399996113925793,0.225,0.0,0.5399999999999999,0.0,129.88443983546156,1.3705956145361968e-14,True,True,False
8.02,3.893339594052139e-07,0.0,1.3778607224545674e-07,1.2924223374679385e-15,-1.5808158571131821e-15,1.0285609697408173e-14,3.0087206629890743e-06,0.22500000000000003,-1.4566715338163465e-14,0.5399996106660405,0.225,0.0,0.5399999999999999,0.0,129.88443983546156,1.3622039342967065e-14,True,True,False
8.025,3.899852810684837e-07,0.0,1.2274246894549376e-07,1.2950498801498789e-15,-1.5808158571131821e-15,1.0285609697408173e-14,3.0087206629890743e-06,0.22500000000000003,-1.4656475520733396e-14,0.5399996100147189,0.225,0.0,0.5399999999999999,0.0,129.88443983546156,1.3537915345649752e-14,True,True,False
8.03,3.9056138467774586e-07,0.0,1.0769886564553075e-07,1.2976996117706052e-15,-1.5808158571131821e-15,1.0285609697408173e-14,3.0087206629890743e-06,0.22500000000000003,-1.47464833113665e-14,0.5399996094386152,0.225,0.0,0.5399999999999999,0.0,129.88443983546156,1.3453584153410033e-14,True,True,False
8.035,3.9106227023300054e-07,0.0,9.265526234556779e-08,1.300371396688723e-15,-1.5808158571131821e-15,1.0285609697408173e-14,3.0087206629890743e-06,0.22500000000000003,-1.483673871006281e-14,0.5399996089377297,0.225,0.0,0.5399999999999999,0.0,129.88443983546156,1.3369045766247904e-14,True,True,False
8.040000000000001,3.914879377342476e-07,0.0,7.761165904560497e-08,1.3030650992510002e-15,-1.5808158571131821e-15,1.0285609697408173e-14,3.0087206629890743e-06,0.22500000000000003,-1.4927241716822317e-14,0.5399996085120622,0.225,0.0,0.5399999999999999,0.0,129.88443983546156,1.3284300184163367e-14,True,True,False
8.045,3.918383862933087e-07,0.0,6.25680557456423e-08,1.305780583815327e-15,-1.5808158571131821e-15,1.0285609697408173e-14,3.0087206629890743e-06,0.22500000000000003,-1.5017992331645004e-14,0.5399996081616136,0.225,0.0,0.5399999999999999,0.0,129.88443983546156,1.3199347407156424e-14,True,True,False
8.05,3.921136176865406e-07,0.0,4.7524452445680005e-08,1.3085177147732506e-15,-1.596756575034395e-15,1.0623101747200441e-14,2.5190172896791094e-06,0.225,-1.5108990554530872e-14,0.5399996078863822,0.225,0.0,0.5399999999999999,0.0,129.8844333517889,1.3475184892414306e-14,True,True,False
8.055,3.923197514632551e-07,0.0,3.4929366007216296e-08,1.3110680329229657e-15,-1.596756575034395e-15,1.0623101747200441e-14,2.5190172896791094e-06,0.225,-1.520022798399075e-14,0.5399996076802485,0.225,0.0,0.5399999999999999,0.0,129.8844333517889,1.3390464345006063e-14,True,True,False
8.06,3.924629107254776e-07,0.0,2.2334279568754046e-08,1.3136420317837583e-15,-1.596756575034395e-15,1.0623101747200441e-14,2.5190172896791094e-06,0.225,-1.529169621853546e-14,0.5399996075370892,0.225,0.0,0.5399999999999999,0.0,129.8844333517889,1.3305543747641639e-14,True,True,False
8.065,3.925430945850297e-07,0.0,9.739193130298867e-09,1.316239572427758e-15,-1.596756575034395e-15,1.0623101747200441e-14,2.5190172896791094e-06,0.225,-1.5383395258164978e-14,0.5399996074569053,0.225,0.0,0.5399999999999999,0.0,129.8844333517889,1.3220423100321028e-14,True,True,False
8.07,3.9256030304191146e-07,0.0,2.8558933082428217e-09,1.3188605157559443e-15,-1.596756575034395e-15,1.0623101747200441e-14,2.5190172896791094e-06,0.225,-1.5475325102879317e-14,0.5399996074396969,0.225,0.0,0.5399999999999999,0.0,129.8844333517889,1.3135102403044242e-14,True,True,False
8.075,3.9251453609612273e-07,0.0,1.5450979746659467e-08,1.3215047225245334e-15,-1.596756575034395e-15,1.0623101747200441e-14,2.5190172896791094e-06,0.225,-1.5567485752678483e-14,0.5399996074854638,0.225,0.0,0.5399999999999999,0.0,129.8844333517889,1.304958165581127e-14,True,True,False
8.08,3.9240579285948517e-07,0.0,2.804606618511953e-08,1.3241720533709484e-15,-1.596756575034395e-15,1.0623101747200441e-14,2.5190172896791094e-06,0.225,-1.5659877207562456e-14,0.5399996075942071,0.225,0.0,0.5399999999999999,0.0,129.8844333517889,1.2963860858622119e-14,True,True,False
8.085,3.922340751083556e-07,0.0,4.064115262358264e-08,1.3268623688393624e-15,-1.596756575034395e-15,1.0623101747200441e-14,2.5190172896791094e-06,0.225,-1.5752499467531243e-14,0.5399996077659248,0.225,0.0,0.5399999999999999,0.0,129.8844333517889,1.2877940011476783e-14,True,True,False
8.09,3.919993810663772e-07,0.0,5.323623906204665e-08,1.329575529405816e-15,-1.596756575034395e-15,1.0623101747200441e-14,2.5190172896791094e-06,0.225,-1.5845352532584856e-14,0.5399996080006189,0.225,0.0,0.5399999999999999,0.0,129.8844333517889,1.2791819114375268e-14,True,True,False
8.095,3.917017125099068e-07,0.0,6.583132550051104e-08,1.3323113955029015e-15,-1.596756575034395e-15,1.0623101747200441e-14,2.5190172896791094e-06,0.225,-1.5938436402723293e-14,0.5399996082982874,0.225,0.0,0.5399999999999999,0.0,129.8844333517889,1.2705498167317571e-14,True,True,False
8.1,3.91341068550766e-07,0.0,7.842641193897563e-08,1.3350698275440136e-15,-1.57948692670789e-15,1.094618288436069e-14,2.073553969518187e-06,0.225,-1.603175107794654e-14,0.5399996086589314,0.225,0.0,0.5399999999999999,0.0,129.88442745385456,1.2964560039737273e-14,True,True,False
8.105,3.9092301717946785e-07,0.0,8.879418177707627e-08,1.337700387480496e-15,-1.57948692670789e-15,1.094618288436069e-14,2.073553969518187e-06,0.22499999999999998,-1.6125287873827702e-14,0.5399996090769827,0.225,0.0,0.5399999999999999,0.0,129.88442745385456,1.2878525040376935e-14,True,True,False
8.11,3.904531263865255e-07,0.0,9.916195161517699e-08,1.3403533554822318e-15,-1.57948692670789e-15,1.094618288436069e-14,2.073553969518187e-06,0.22499999999999998,-1.6219038105939844e-14,0.5399996095468735,0.225,0.0,0.5399999999999999,0.0,129.88442745385456,1.2792297571696985e-14,True,True,False
8.115,3.899313979482958e-07,0.0,1.0952972145327773e-07,1.3430285987570894e-15,-1.57948692670789e-15,1.094618288436069e-14,2.073553969518187e-06,0.22499999999999998,-1.631300177428298e-14,0.539999610068602,0.225,0.0,0.5399999999999999,0.0,129.88442745385456,1.2705877633697428e-14,True,True,False
8.120000000000001,3.8935782920024346e-07,0.0,1.1989749129137847e-07,1.3457259844583245e-15,-1.57948692670789e-15,1.094618288436069e-14,2.073553969518187e-06,0.22499999999999998,-1.6407178878857107e-14,0.5399996106421707,0.225,0.0,0.5399999999999999,0.0,129.88442745385456,1.261926522637826e-14,True,True,False
8.125,3.887324228069037e-07,0.0,1.3026526112954345e-07,1.348339274175052e-15,-1.57948692670789e-15,1.094618288436069e-14,2.073553969518187e-06,0.22499999999999998,-1.6501568140281268e-14,0.5399996112675771,0.225,0.0,0.5399999999999999,0.0,129.88442745385456,1.2532722605066481e-14,True,True,False
8.13,3.8805517699191975e-07,0.0,1.4063303096775752e-07,1.3508964452690104e-15,-1.57948692670789e-15,1.094618288436069e-14,2.073553969518187e-06,0.22499999999999998,-1.659616358811102e-14,0.5399996119448229,0.225,0.0,0.5399999999999999,0.0,129.88442745385456,1.244619208315902e-14,True,True,False
8.135,3.8732609175529157e-07,0.0,1.5100080080597163e-07,1.353479362158665e-15,-1.57948692670789e-15,1.094618288436069e-14,2.073553969518187e-06,0.22499999999999998,-1.6690964476040804e-14,0.5399996126739082,0.225,0.0,0.5399999999999999,0.0,129.88442745385456,1.2359474218111136e-14,True,True,False
8.14,3.86545168873376e-07,0.0,1.6136857064418576e-07,1.3560878777313215e-15,-1.57948692670789e-15,1.094618288436069e-14,2.073553969518187e-06,0.22499999999999998,-1.6785970804070655e-14,0.539999613454831,0.225,0.0,0.5399999999999999,0.0,129.88442745385456,1.2272569009922822e-14,True,True,False
8.145,3.8571240656981624e-07,0.0,1.7173634048235923e-07,1.3587095087010664e-15,-1.57948692670789e-15,1.094618288436069e-14,2.073553969518187e-06,0.22499999999999998,-1.6881181817823572e-14,0.5399996142875934,0.225,0.0,0.5399999999999999,0.0,129.88442745385456,1.2185677671360683e-14,True,True,False
8.15,3.8482780573279067e-07,0.0,1.8210411032047952e-07,1.3613377686122808e-15,-1.5113018059635423e-15,1.1248493468748754e-14,1.671602448275067e-06,0.22499999999999998,-1.6976591482283893e-14,0.5399996151721942,0.225,0.0,0.5399999999999999,0.0,129.8844221320164,1.2422231523020635e-14,True,True,False
8.155,3.838963898994411e-07,0.0,1.9046212254551317e-07,1.3640202196786348e-15,-1.5113018059635423e-15,1.1248493468748754e-14,1.671602448275067e-06,0.22499999999999998,-1.7072197582220617e-14,0.53999961610361,0.225,0.0,0.5399999999999999,0.0,129.8844221320164,1.2335036386456756e-14,True,True,False
8.16,3.8292318438326626e-07,0.0,1.988201347705468e-07,1.3667246900590778e-15,-1.5113018059635423e-15,1.1248493468748754e-14,1.671602448275067e-06,0.22499999999999998,-1.7167999195620407e-14,0.5399996170768155,0.225,0.0,0.5399999999999999,0.0,129.8844221320164,1.2247656831876226e-14,True,True,False
8.165000000000001,3.819081882960877e-07,0.0,2.0717814699558045e-07,1.3694510492986074e-15,-1.5113018059635423e-15,1.1248493468748754e-14,1.671602448275067e-06,0.22499999999999995,-1.7263996322483256e-14,0.5399996180918116,0.225,0.0,0.5399999999999999,0.0,129.8844221320164,1.2160092859279048e-14,True,True,False
8.17,3.8085140252608383e-07,0.0,2.1553615922061412e-07,1.3721991669273361e-15,-1.5113018059635423e-15,1.1248493468748754e-14,1.671602448275067e-06,0.22499999999999995,-1.7360188962809148e-14,0.5399996191485974,0.225,0.0,0.5399999999999999,0.0,129.8844221320164,1.2072344468665217e-14,True,True,False
8.175,3.797528270732546e-07,0.0,2.2389417144564772e-07,1.374968912481347e-15,-1.5113018059635423e-15,1.1248493468748754e-14,1.671602448275067e-06,0.22499999999999995,-1.745657711659809e-14,0.5399996202471729,0.225,0.0,0.5399999999999999,0.0,129.8844221320164,1.1984411660034736e-14,True,True,False
8.18,3.7861246104942163e-07,0.0,2.3225218367068139e-07,1.3777601555231752e-15,-1.5113018059635423e-15,1.1248493468748754e-14,1.671602448275067e-06,0.22499999999999995,-1.7553160783850093e-14,0.5399996213875389,0.225,0.0,0.5399999999999999,0.0,129.8844221320164,1.1896294433387608e-14,True,True,False
8.185,3.7743030534276343e-07,0.0,2.4061019589571516e-07,1.3805727656619168e-15,-1.5113018059635423e-15,1.1248493468748754e-14,1.671602448275067e-06,0.22499999999999995,-1.764993996456516e-14,0.5399996225696946,0.225,0.0,0.5399999999999999,0.0,129.8844221320164,1.1807992788723824e-14,True,True,False
8.19,3.7620635906510145e-07,0.0,2.489682081207489e-07,1.3834066125729585e-15,-1.5113018059635423e-15,1.1248493468748754e-14,1.671602448275067e-06,0.22499999999999995,-1.7746914658743272e-14,0.5399996237936409,0.225,0.0,0.5399999999999999,0.0,129.8844221320164,1.1719506726043394e-14,True,True,False
8.195,3.7494062310461416e-07,0.0,2.5732622034578266e-07,1.3862615660173319e-15,-1.5113018059635423e-15,1.1248493468748754e-14,1.671602448275067e-06,0.22499999999999995,-1.7844084866384443e-14,0.5399996250593768,0.225,0.0,0.5399999999999999,0.0,129.8844221320164,1.1630836245346309e-14,True,True,False
8.2,3.7363309657312314e-07,0.0,2.6568423257081644e-07,1.3891374958606892e-15,-1.4336118610440705e-15,1.1540492842324212e-14,1.3119037654408812e-06,0.22499999999999995,-1.794145058748868e-14,0.5399996263669034,0.225,0.0,0.5399999999999999,0.0,129.88441736960584,1.1854317690318414e-14,True,True,False
8.205,3.722882772061458e-07,0.0,2.72243751383944e-07,1.3918597506494754e-15,-1.4336118610440705e-15,1.1540492842324212e-14,1.3119037654408812e-06,0.22499999999999995,-1.8039002604444235e-14,0.5399996277117227,0.225,0.0,0.5399999999999999,0.0,129.88441736960584,1.1766041391536358e-14,True,True,False
8.21,3.7091065918648567e-07,0.0,2.7880327019707157e-07,1.3946035651005983e-15,-1.4336118610440705e-15,1.1540492842324212e-14,1.3119037654408812e-06,0.22499999999999995,-1.8136731699639412e-14,0.5399996290893407,0.225,0.0,0.5399999999999999,0.0,129.88441736960584,1.1677589105875202e-14,True,True,False
8.215,3.695002434023214e-07,0.0,2.8536278901019914e-07,1.397368812213133e-15,-1.4336118610440705e-15,1.1540492842324212e-14,1.3119037654408812e-06,0.22499999999999995,-1.823463787307417e-14,0.5399996304997565,0.225,0.0,0.5399999999999999,0.0,129.88441736960584,1.1588960833334946e-14,True,True,False
8.22,3.6805703074183114e-07,0.0,2.9192230782329325e-07,1.400138627588369e-15,-1.4336118610440705e-15,1.1540492842324212e-14,1.3119037654408812e-06,0.22499999999999995,-1.83327204781687e-14,0.5399996319429692,0.225,0.0,0.5399999999999999,0.0,129.88441736960584,1.1500310579597787e-14,True,True,False
8.225,3.6658102031683674e-07,0.0,2.984818266363437e-07,1.402905857383209e-15,-1.4336118610440705e-15,1.1540492842324212e-14,1.3119037654408812e-06,0.22499999999999995,-1.8430974342284214e-14,0.5399996334189796,0.225,0.0,0.5399999999999999,0.0,129.88441736960584,1.1411688559340458e-14,True,True,False
8.23,3.65072212127338e-07,0.0,3.050413454493941e-07,1.4056915340947763e-15,-1.4336118610440705e-15,1.1540492842324212e-14,1.3119037654408812e-06,0.22499999999999995,-1.8529398356998093e-14,0.5399996349277878,0.225,0.0,0.5399999999999999,0.0,129.88441736960584,1.132289449163997e-14,True,True,False
8.235,3.6353060706151344e-07,0.0,3.116008642624446e-07,1.4084955482719382e-15,-1.4336118610440705e-15,1.1540492842324212e-14,1.3119037654408812e-06,0.22499999999999992,-1.862799252231038e-14,0.5399996364693929,0.225,0.0,0.5399999999999999,0.0,129.88441736960584,1.1233928376496318e-14,True,True,False
8.24,3.619562042311846e-07,0.0,3.181603830754951e-07,1.4113177906157574e-15,-1.4336118610440705e-15,1.1540492842324212e-14,1.3119037654408812e-06,0.22499999999999992,-1.8726756838221033e-14,0.5399996380437957,0.225,0.0,0.5399999999999999,0.0,129.88441736960584,1.1144790213909498e-14,True,True,False
8.245000000000001,3.603490027481731e-07,0.0,3.247199018885037e-07,1.414053345185014e-15,-1.4336118610440705e-15,1.1540492842324212e-14,1.3119037654408812e-06,0.22499999999999992,-1.882568722906147e-14,0.5399996396509972,0.225,0.0,0.5399999999999999,0.0,129.88441736960584,1.1056056765205487e-14,True,True,False
8.25,3.587090043888357e-07,0.0,3.3127942070151094e-07,1.416801908663112e-15,-1.3162537298076135e-15,1.1809729541158632e-14,9.92776053877725e-07,0.22499999999999992,-1.8924779036924715e-14,0.5399996412909955,0.225,0.0,0.5399999999999999,0.0,129.88441314435494,1.1255165959440108e-14,True,True,False
8.255,3.5704019796245543e-07,0.0,3.3624330095532257e-07,1.4196035135226467e-15,-1.3162537298076135e-15,1.1809729541158632e-14,9.92776053877725e-07,0.22499999999999992,-1.902403061744053e-14,0.539999642959802,0.225,0.0,0.5399999999999999,0.0,129.88441314435494,1.1165973091388233e-14,True,True,False
8.26,3.5534657139013656e-07,0.0,3.4120718120913425e-07,1.4224210912141133e-15,-1.3162537298076135e-15,1.1809729541158632e-14,9.92776053877725e-07,0.22499999999999992,-1.9123440326238653e-14,0.5399996446534285,0.225,0.0,0.5399999999999999,0.0,129.88441314435494,1.1076613131346525e-14,True,True,False
8.265,3.536281255600576e-07,0.0,3.4617106146294577e-07,1.4252545470077098e-15,-1.3162537298076135e-15,1.1809729541158632e-14,9.92776053877725e-07,0.22499999999999992,-1.922300816331907e-14,0.5399996463718744,0.225,0.0,0.5399999999999999,0.0,129.88441314435494,1.0987086079314988e-14,True,True,False
8.27,3.5188486047221854e-07,0.0,3.511349417167574e-07,1.4281037863937111e-15,-1.3162537298076135e-15,1.1809729541158632e-14,9.92776053877725e-07,0.22499999999999992,-1.9322734128681793e-14,0.5399996481151395,0.225,0.0,0.5399999999999999,0.0,129.88441314435494,1.089739193529362e-14,True,True,False
8.275,3.501167770147978e-07,0.0,3.560988219705689e-07,1.4309687150907437e-15,-1.3162537298076135e-15,1.1809729541158632e-14,9.92776053877725e-07,0.22499999999999992,-1.9422618222326827e-14,0.5399996498832229,0.225,0.0,0.5399999999999999,0.0,129.88441314435494,1.0807530699282422e-14,True,True,False
8.28,3.483238725232601e-07,0.0,3.610627022243806e-07,1.4338492390538668e-15,-1.3162537298076135e-15,1.1809729541158632e-14,9.92776053877725e-07,0.22499999999999992,-1.9522660444254168e-14,0.5399996516761274,0.225,0.0,0.5399999999999999,0.0,129.88441314435494,1.0717502371281398e-14,True,True,False
8.285,3.4650614966214075e-07,0.0,3.6602658247819223e-07,1.4367452644824518e-15,-1.3162537298076135e-15,1.1809729541158632e-14,9.92776053877725e-07,0.22499999999999992,-1.9622860794463804e-14,0.5399996534938503,0.225,0.0,0.5399999999999999,0.0,129.88441314435494,1.062730695129054e-14,True,True,False
8.290000000000001,3.446636075432613e-07,0.0,3.709904627320038e-07,1.4396566978278697e-15,-1.3162537298076135e-15,1.1809729541158632e-14,9.92776053877725e-07,0.22499999999999992,-1.972321927295575e-14,0.5399996553363924,0.225,0.0,0.5399999999999999,0.0,129.88441314435494,1.0536944439309852e-14,True,True,False
8.295,3.4279624527844335e-07,0.0,3.759543429858154e-07,1.4425834458009838e-15,-1.3162537298076135e-15,1.1809729541158632e-14,9.92776053877725e-07,0.22499999999999992,-1.9823735879729995e-14,0.5399996572037546,0.225,0.0,0.5399999999999999,0.0,129.88441314435494,1.0446414835339335e-14,True,True,False
8.3,3.409040637558653e-07,0.0,3.8091822323962706e-07,1.4455254153794505e-15,-1.1978079428354598e-15,1.2067820981249141e-14,7.122106011964953e-07,0.22499999999999992,-1.9924410614786547e-14,0.5399996590959362,0.225,0.0,0.5399999999999999,0.0,129.88440942966835,1.0631784941534598e-14,True,True,False
8.305,3.389905703921065e-07,0.0,3.8447927623316523e-07,1.448322807021868e-15,-1.1978079428354598e-15,1.2067820981249141e-14,7.122106011964953e-07,0.22499999999999992,-2.0025233768920456e-14,0.5399996610094295,0.225,0.0,0.5399999999999999,0.0,129.88440942966835,1.0541758694207518e-14,True,True,False
8.31,3.3705927082738954e-07,0.0,3.8804032922670345e-07,1.4511330620586538e-15,-1.1978079428354598e-15,1.2067820981249141e-14,7.122106011964953e-07,0.2249999999999999,-2.0126195632926778e-14,0.5399996629407291,0.225,0.0,0.5399999999999999,0.0,129.88440942966835,1.0451574609483125e-14,True,True,False
8.315,3.351101668380713e-07,0.0,3.9160138222024167e-07,1.4539561059014114e-15,-1.1978079428354598e-15,1.2067820981249141e-14,7.122106011964953e-07,0.2249999999999999,-2.02272962068055e-14,0.5399996648898331,0.225,0.0,0.5399999999999999,0.0,129.88440942966835,1.0361232687361428e-14,True,True,False
8.32,3.3314325664779495e-07,0.0,3.951624352137799e-07,1.4567918642017876e-15,-1.1978079428354598e-15,1.2067820981249141e-14,7.122106011964953e-07,0.2249999999999999,-2.0328535490556633e-14,0.5399996668567433,0.225,0.0,0.5399999999999999,0.0,129.88440942966835,1.0270732927842414e-14,True,True,False
8.325,3.3115854203291725e-07,0.0,3.9872348820731805e-07,1.4596402628556437e-15,-1.1978079428354598e-15,1.2067820981249141e-14,7.122106011964953e-07,0.2249999999999999,-2.0429913484180178e-14,0.5399996688414579,0.225,0.0,0.5399999999999999,0.0,129.88440942966835,1.0180075330926092e-14,True,True,False
8.33,3.291560221052598e-07,0.0,4.0228454120085627e-07,1.462501228007114e-15,-1.1978079428354598e-15,1.2067820981249141e-14,7.122106011964953e-07,0.2249999999999999,-2.053143018767612e-14,0.5399996708439778,0.225,0.0,0.5399999999999999,0.0,129.88440942966835,1.0089259896612466e-14,True,True,False
8.335,3.2713569686482266e-07,0.0,4.0584559419439454e-07,1.4653746860525437e-15,-1.1978079428354598e-15,1.2067820981249141e-14,7.122106011964953e-07,0.2249999999999999,-2.0633085601044476e-14,0.5399996728643031,0.225,0.0,0.5399999999999999,0.0,129.88440942966835,9.998286624901528e-15,True,True,False
8.34,3.2509756631160577e-07,0.0,4.094066471879326e-07,1.4682605636443132e-15,-1.1978079428354598e-15,1.2067820981249141e-14,7.122106011964953e-07,0.2249999999999999,-2.073487972428525e-14,0.5399996749024336,0.225,0.0,0.5399999999999999,0.0,129.88440942966835,9.907155515793276e-15,True,True,False
8.345,3.230416304456092e-07,0.0,4.129677001814708e-07,1.4711587876945481e-15,-1.1978079428354598e-15,1.2067820981249141e-14,7.122106011964953e-07,0.2249999999999999,-2.0836812557398418e-14,0.5399996769583695,0.225,0.0,0.5399999999999999,0.0,129.88440942966835,9.815866569287717e-15,True,True,False
8.35,3.2096788926683286e-07,0.0,4.1652875317501274e-07,1.4739689129127957e-15,-1.057242297666252e-15,1.2307125833219617e-14,4.679566994884502e-07,0.2249999999999999,-2.0938882264907648e-14,0.5399996790321107,0.225,0.0,0.5399999999999999,0.0,129.8844061957467,9.980865093942502e-15,True,True,False
8.355,3.188793963326837e-07,0.0,4.188685366593827e-07,1.4767087150903825e-15,-1.057242297666252e-15,1.2307125833219617e-14,4.679566994884502e-07,0.2249999999999999,-2.1041074054649296e-14,0.5399996811206036,0.225,0.0,0.5399999999999999,0.0,129.8844061957467,9.890140261881243e-15,True,True,False
8.36,3.167792043123903e-07,0.0,4.2120832014375265e-07,1.4794602647185393e-15,-1.057242297666252e-15,1.2307125833219617e-14,4.679566994884502e-07,0.2249999999999999,-2.114338467173963e-14,0.5399996832207956,0.225,0.0,0.5399999999999999,0.0,129.8844061957467,9.79926725585127e-15,True,True,False
8.365,3.146673132059526e-07,0.0,4.2354810362812263e-07,1.4822234963745564e-15,-1.057242297666252e-15,1.2307125833219617e-14,4.679566994884502e-07,0.2249999999999999,-2.1245814116178657e-14,0.5399996853326867,0.225,0.0,0.5399999999999999,0.0,129.8844061957467,9.708246075852577e-15,True,True,False
8.370000000000001,3.12543723901549e-07,0.0,4.258878871124925e-07,1.4849983448459398e-15,-1.057242297666252e-15,1.2307125833219617e-14,4.679566994884502e-07,0.2249999999999999,-2.134836238796637e-14,0.539999687456276,0.225,0.0,0.5399999999999999,0.0,129.8844061957467,9.617076721885166e-15,True,True,False
8.375,3.104084346228227e-07,0.0,4.2822767059686244e-07,1.4877847451335658e-15,-1.057242297666252e-15,1.2307125833219617e-14,4.679566994884502e-07,0.2249999999999999,-2.1451029487102793e-14,0.5399996895915653,0.225,0.0,0.5399999999999999,0.0,129.8844061957467,9.52575919394904e-15,True,True,False
8.38,3.0826144714613054e-07,0.0,4.3056745408103675e-07,1.4905056717654926e-15,-1.057242297666252e-15,1.2307125833219617e-14,4.679566994884502e-07,0.2249999999999999,-2.1553813172859334e-14,0.5399996917385528,0.225,0.0,0.5399999999999999,0.0,129.8844061957467,9.434679958871904e-15,True,True,False
8.385,3.0610275969511565e-07,0.0,4.3290723756509783e-07,1.493188296422361e-15,-1.057242297666252e-15,1.2307125833219617e-14,4.679566994884502e-07,0.2249999999999999,-2.1656705229231278e-14,0.5399996938972402,0.225,0.0,0.5399999999999999,0.0,129.8844061957467,9.343681817442956e-15,True,True,False
8.39,3.0393237404613495e-07,0.0,4.352470210491588e-07,1.4958759831666883e-15,-1.057242297666252e-15,1.2307125833219617e-14,4.679566994884502e-07,0.2249999999999999,-2.1759704909309073e-14,0.5399996960676259,0.225,0.0,0.5399999999999999,0.0,129.8844061957467,9.252542258458359e-15,True,True,False
8.395,3.017502893110099e-07,0.0,4.3758680453324656e-07,1.4985558169148804e-15,-1.057242297666252e-15,1.2307125833219617e-14,4.679566994884502e-07,0.2249999999999999,-2.1862812075489123e-14,0.5399996982497106,0.225,0.0,0.5399999999999999,0.0,129.8844061957467,9.161322204917458e-15,True,True,False
8.4,2.9955650548974057e-07,0.0,4.399265880174678e-07,1.5011779320363607e-15,-9.04156384215266e-16,1.2522673492638968e-14,2.5759597487730303e-07,0.2249999999999999,-2.1966022462059025e-14,0.5399997004434944,0.225,0.0,0.5399999999999999,0.0,129.88440341057068,9.300827494029485e-15,True,True,False
8.405,2.9735365247862773e-07,0.0,4.412145678732257e-07,1.503820669079359e-15,-9.04156384215266e-16,1.2522673492638968e-14,2.5759597487730303e-07,0.22499999999999987,-2.2069332424979168e-14,0.5399997026463474,0.225,0.0,0.5399999999999999,0.0,129.88440341057068,9.209570620447263e-15,True,True,False
8.41,2.951443592857936e-07,0.0,4.4250254772898374e-07,1.5064703461863221e-15,-9.04156384215266e-16,1.2522673492638968e-14,2.5759597487730303e-07,0.22499999999999987,-2.2172740888810955e-14,0.5399997048556406,0.225,0.0,0.5399999999999999,0.0,129.88440341057068,9.11817566860137e-15,True,True,False
8.415000000000001,2.9292862768759505e-07,0.0,4.437905275847416e-07,1.5091269268018191e-15,-9.04156384215266e-16,1.2522673492638968e-14,2.5759597487730303e-07,0.22499999999999987,-2.2276247853554395e-14,0.5399997070713722,0.225,0.0,0.5399999999999999,0.0,129.88440341057068,9.026642638491798e-15,True,True,False
8.42,2.907064541313184e-07,0.0,4.4507850744049964e-07,1.5117903745324581e-15,-9.04156384215266e-16,1.2522673492638968e-14,2.5759597487730303e-07,0.22499999999999987,-2.237985331920947e-14,0.5399997092935458,0.225,0.0,0.5399999999999999,0.0,129.88440341057068,8.934971530118554e-15,True,True,False
8.425,2.8847784128149896e-07,0.0,4.463664872962575e-07,1.5144606531471184e-15,-9.04156384215266e-16,1.2522673492638968e-14,2.5759597487730303e-07,0.22499999999999987,-2.2483557285776184e-14,0.5399997115221586,0.225,0.0,0.5399999999999999,0.0,129.88440341057068,8.843162343481636e-15,True,True,False
8.43,2.8624278913813673e-07,0.0,4.4765446715201543e-07,1.5171377265771633e-15,-9.04156384215266e-16,1.2522673492638968e-14,2.5759597487730303e-07,0.22499999999999987,-2.2587359753254533e-14,0.5399997137572108,0.225,0.0,0.5399999999999999,0.0,129.88440341057068,8.751215078581045e-15,True,True,False
8.435,2.840012977012316e-07,0.0,4.489424470077734e-07,1.5198215589166284e-15,-9.04156384215266e-16,1.2522673492638968e-14,2.5759597487730303e-07,0.22499999999999987,-2.2691260721644538e-14,0.5399997159987022,0.225,0.0,0.5399999999999999,0.0,129.88440341057068,8.659129735416778e-15,True,True,False
8.44,2.8175336519442685e-07,0.0,4.5023042686353133e-07,1.5225121144223901e-15,-9.04156384215266e-16,1.2522673492638968e-14,2.5759597487730303e-07,0.22499999999999987,-2.2795260190946174e-14,0.5399997182466347,0.225,0.0,0.5399999999999999,0.0,129.88440341057068,8.566906313988837e-15,True,True,False
8.445,2.794989925059009e-07,0.0,4.515184067192893e-07,1.5252093575143132e-15,-9.04156384215266e-16,1.2522673492638968e-14,2.5759597487730303e-07,0.22499999999999987,-2.289935816115945e-14,0.5399997205010074,0.225,0.0,0.5399999999999999,0.0,129.88440341057068,8.474544814297223e-15,True,True,False
8.45,2.7723818141201046e-07,0.0,4.5280638657493156e-07,1.5277532238762257e-15,-7.547558143472697e-16,1.2723661862221038e-14,7.860673545979823e-08,0.22499999999999987,-2.3003550636412265e-14,0.5399997227618185,0.225,0.0,0.5399999999999999,0.0,129.88440104075318,8.597733535154746e-15,True,True,False
8.455,2.749731665696596e-07,0.0,4.531994202415423e-07,1.5302465841687106e-15,-7.547558143472697e-16,1.2723661862221038e-14,7.860673545979823e-08,0.22499999999999987,-2.3107822592395554e-14,0.5399997250268334,0.225,0.0,0.5399999999999999,0.0,129.88440104075318,8.506048286497208e-15,True,True,False
8.46,2.72706186188466e-07,0.0,4.53592453908153e-07,1.5327440072468131e-15,-7.547558143472697e-16,1.2723661862221038e-14,7.860673545979823e-08,0.22499999999999987,-2.3212172324373785e-14,0.5399997272938137,0.225,0.0,0.5399999999999999,0.0,129.88440104075318,8.414235397571224e-15,True,True,False
8.465,2.7043724115660795e-07,0.0,4.539854875747637e-07,1.5352454732834218e-15,-7.547558143472697e-16,1.2723661862221038e-14,7.860673545979823e-08,0.22499999999999987,-2.3316599832346962e-14,0.5399997295627588,0.225,0.0,0.5399999999999999,0.0,129.88440104075318,8.322294868376802e-15,True,True,False
8.47,2.6816633147408554e-07,0.0,4.5437852124137443e-07,1.537750962548443e-15,-7.547558143472697e-16,1.2723661862221038e-14,7.860673545979823e-08,0.22499999999999987,-2.3421105116315104e-14,0.5399997318336685,0.225,0.0,0.5399999999999999,0.0,129.88440104075318,8.23022669891394e-15,True,True,False
8.475,2.658934562527204e-07,0.0,4.54771554908046e-07,1.5402100407591262e-15,-7.547558143472697e-16,1.2723661862221038e-14,7.860673545979823e-08,0.22499999999999987,-2.352568670309301e-14,0.5399997341065437,0.225,0.0,0.5399999999999999,0.0,129.88440104075318,8.138310014792933e-15,True,True,False
8.48,2.6361861549251237e-07,0.0,4.5516458857476413e-07,1.5426358769027719e-15,-7.547558143472697e-16,1.2723661862221038e-14,7.860673545979823e-08,0.22499999999999987,-2.3630337717816422e-14,0.5399997363813844,0.225,0.0,0.5399999999999999,0.0,129.88440104075318,8.04648341856394e-15,True,True,False
8.485,2.6134181008164004e-07,0.0,4.5555762224148225e-07,1.5450673645052516e-15,-7.547558143472697e-16,1.2723661862221038e-14,7.860673545979823e-08,0.22499999999999987,-2.373505730112734e-14,0.5399997386581898,0.225,0.0,0.5399999999999999,0.0,129.88440104075318,7.954534638001029e-15,True,True,False
8.49,2.590630400201033e-07,0.0,4.559506559082004e-07,1.5475044769273173e-15,-7.547558143472697e-16,1.2723661862221038e-14,7.860673545979823e-08,0.22499999999999987,-2.383984545302573e-14,0.5399997409369599,0.225,0.0,0.5399999999999999,0.0,129.88440104075318,7.862463673104198e-15,True,True,False
8.495000000000001,2.567823044197237e-07,0.0,4.563436895747876e-07,1.5498586991094135e-15,-7.547558143472697e-16,1.2723661862221038e-14,7.860673545979823e-08,0.22499999999999987,-2.3944700396841978e-14,0.5399997432176955,0.225,0.0,0.5399999999999999,0.0,129.88440104075318,7.770582820879345e-15,True,True,False
8.5,2.544996032805014e-07,0.0,4.567367232412989e-07,1.5521648753798226e-15,-5.949044086882847e-16,1.2899467951651592e-14,-7.158091166154309e-08,0.22499999999999987,-2.404961561812073e-14,0.5399997455003966,0.225,0.0,0.5399999999999999,0.0,129.88439905226872,7.866815530861011e-15,True,True,False
8.505,2.522168142116155e-07,0.0,4.563788186690733e-07,1.5544770370506679e-15,-5.949044086882847e-16,1.2899467951651592e-14,-7.158091166154309e-08,0.22499999999999987,-2.415458901160003e-14,0.5399997477831857,0.225,0.0,0.5399999999999999,0.0,129.88439905226872,7.774875189893142e-15,True,True,False
8.51,2.499358148222453e-07,0.0,4.5602091409684764e-07,1.5567919563046535e-15,-5.949044086882847e-16,1.2899467951651592e-14,-7.158091166154309e-08,0.22499999999999987,-2.4259619064241164e-14,0.5399997500641851,0.225,0.0,0.5399999999999999,0.0,129.88439905226872,7.682818059722391e-15,True,True,False
8.515,2.476566051123908e-07,0.0,4.55663009524622e-07,1.559109620858649e-15,-5.949044086882847e-16,1.2899467951651592e-14,-7.158091166154309e-08,0.22499999999999987,-2.4364705776044113e-14,0.5399997523433948,0.225,0.0,0.5399999999999999,0.0,129.88439905226872,7.590644140348763e-15,True,True,False
8.52,2.4537918508205203e-07,0.0,4.5530510495239643e-07,1.5614300184879286e-15,-5.949044086882847e-16,1.2899467951651592e-14,-7.158091166154309e-08,0.22499999999999987,-2.4469849147008894e-14,0.5399997546208148,0.225,0.0,0.5399999999999999,0.0,129.88439905226872,7.498353431772259e-15,True,True,False
8.525,2.4310355384305054e-07,0.0,4.5494720038017077e-07,1.5637531370259534e-15,-5.949044086882847e-16,1.2899467951651592e-14,-7.158091166154309e-08,0.22499999999999987,-2.457504917713549e-14,0.5399997568964461,0.225,0.0,0.5399999999999999,0.0,129.88439905226872,7.40594593399287e-15,True,True,False
8.53,2.408297131717431e-07,0.0,4.545892958079451e-07,1.5660789643641509e-15,-5.949044086882847e-16,1.2899467951651592e-14,-7.158091166154309e-08,0.22499999999999987,-2.4680305866423903e-14,0.5399997591702868,0.225,0.0,0.5399999999999999,0.0,129.88439905226872,7.313421647010602e-15,True,True,False
8.535,2.38557661291773e-07,0.0,4.5423139123571945e-07,1.5684074884516954e-15,-5.949044086882847e-16,1.2899467951651592e-14,-7.158091166154309e-08,0.22499999999999987,-2.4785619214874144e-14,0.5399997614423386,0.225,0.0,0.5399999999999999,0.0,129.88439905226872,7.220780570825457e-15,True,True,False
8.540000000000001,2.3628739909131856e-07,0.0,4.538734866634938e-07,1.5707386972952894e-15,-5.949044086882847e-16,1.2899467951651592e-14,-7.158091166154309e-08,0.22499999999999987,-2.4890989222486206e-14,0.5399997637126008,0.225,0.0,0.5399999999999999,0.0,129.88439905226872,7.128022705437429e-15,True,True,False
8.545,2.340189265703798e-07,0.0,4.535155820912682e-07,1.5730725789589411e-15,-5.949044086882847e-16,1.2899467951651592e-14,-7.158091166154309e-08,0.22499999999999984,-2.499641588926009e-14,0.5399997659810734,0.225,0.0,0.5399999999999999,0.0,129.88439905226872,7.035148050846527e-15,True,True,False
8.55,2.3175224372895677e-07,0.0,4.531576775190523e-07,1.5753096021644006e-15,-4.4370864249654273e-16,1.3060448186457667e-14,-1.955384089429489e-07,0.22499999999999984,-2.510189726146058e-14,0.5399997682477562,0.225,0.0,0.5399999999999999,0.0,129.88439741107146,7.114831315830298e-15,True,True,False
8.555,2.2948889955021341e-07,0.0,4.5217998546267313e-07,1.5774415717162203e-15,-4.4370864249654273e-16,1.3060448186457667e-14,-1.955384089429489e-07,0.22499999999999984,-2.5207417445647555e-14,0.5399997705111004,0.225,0.0,0.5399999999999999,0.0,129.88439741107146,7.02273875794309e-15,True,True,False
8.56,2.2723044390549206e-07,0.0,4.51202293406294e-07,1.5795764611164734e-15,-4.4370864249654273e-16,1.3060448186457667e-14,-1.955384089429489e-07,0.22499999999999984,-2.5312972829002218e-14,0.539999772769556,0.225,0.0,0.5399999999999999,0.0,129.88439741107146,6.9305405746634056e-15,True,True,False
8.565,2.249768767947927e-07,0.0,4.502246013499147e-07,1.5817142585421263e-15,-4.4370864249654273e-16,1.3060448186457667e-14,-1.955384089429489e-07,0.22499999999999984,-2.54185634115246e-14,0.5399997750231231,0.225,0.0,0.5399999999999999,0.0,129.88439741107146,6.838236765991245e-15,True,True,False
8.57,2.22728197329937e-07,0.0,4.492469092935355e-07,1.5838549522179171e-15,-4.4370864249654273e-16,1.3060448186457667e-14,-1.955384089429489e-07,0.22499999999999984,-2.552418919321468e-14,0.5399997772718026,0.225,0.0,0.5399999999999999,0.0,129.88439741107146,6.745827331926605e-15,True,True,False
8.575000000000001,2.2048440728728173e-07,0.0,4.4826921723715625e-07,1.5859985304162478e-15,-4.4370864249654273e-16,1.3060448186457667e-14,-1.955384089429489e-07,0.22499999999999984,-2.5629850174072482e-14,0.5399997795155926,0.225,0.0,0.5399999999999999,0.0,129.88439741107146,6.653312272469487e-15,True,True,False
8.58,2.182455057786485e-07,0.0,4.47291525180777e-07,1.588144981457077e-15,-4.4370864249654273e-16,1.3060448186457667e-14,-1.955384089429489e-07,0.22499999999999984,-2.5735546354097982e-14,0.5399997817544941,0.225,0.0,0.5399999999999999,0.0,129.88439741107146,6.560691587619889e-15,True,True,False
8.585,2.160114919158589e-07,0.0,4.4631383312439776e-07,1.5902942937078112e-15,-4.4370864249654273e-16,1.3060448186457667e-14,-1.955384089429489e-07,0.22499999999999984,-2.5841277733291187e-14,0.539999783988508,0.225,0.0,0.5399999999999999,0.0,129.88439741107146,6.467965277377817e-15,True,True,False
8.59,2.137823665870913e-07,0.0,4.453361410679609e-07,1.5923509482209356e-15,-4.4370864249654273e-16,1.3060448186457667e-14,-1.955384089429489e-07,0.22499999999999984,-2.5947042751612365e-14,0.5399997862176333,0.225,0.0,0.5399999999999999,0.0,129.88439741107146,6.3755087646612035e-15,True,True,False
8.595,2.1155813068052415e-07,0.0,4.443584490114488e-07,1.5942845923948313e-15,-4.4370864249654273e-16,1.3060448186457667e-14,-1.955384089429489e-07,0.22499999999999984,-2.6052828928743692e-14,0.5399997884418692,0.225,0.0,0.5399999999999999,0.0,129.88439741107146,6.2834444588525665e-15,True,True,False
8.6,2.093387824198006e-07,0.0,4.4338075695493656e-07,1.5962197366261336e-15,-2.9356555616098007e-16,1.3197253740615913e-14,-2.957999548234823e-07,0.22499999999999984,-2.615863359033134e-14,0.5399997906612175,0.225,0.0,0.5399999999999999,0.0,129.88439608360858,6.3376177835979924e-15,True,True,False
8.605,2.071255759128493e-07,0.0,4.419017571632128e-07,1.598106920042536e-15,-2.9356555616098007e-16,1.3197253740615913e-14,-2.957999548234823e-07,0.22499999999999984,-2.626445419604747e-14,0.539999792874424,0.225,0.0,0.5399999999999999,0.0,129.88439608360858,6.2455365612572604e-15,True,True,False
8.61,2.0491976526759884e-07,0.0,4.40422757371489e-07,1.5999952538952254e-15,-2.9356555616098007e-16,1.3197253740615913e-14,-2.957999548234823e-07,0.22499999999999984,-2.637028820556418e-14,0.5399997950802347,0.225,0.0,0.5399999999999999,0.0,129.88439608360858,6.1533612518839545e-15,True,True,False
8.615,2.0272134781951395e-07,0.0,4.389437575797652e-07,1.6018847341157298e-15,-2.9356555616098007e-16,1.3197253740615913e-14,-2.957999548234823e-07,0.22499999999999984,-2.6476135618881486e-14,0.5399997972786521,0.225,0.0,0.5399999999999999,0.0,129.88439608360858,6.061091855478076e-15,True,True,False
8.620000000000001,2.0053032712130833e-07,0.0,4.3746475778804134e-07,1.6037753566522858e-15,-2.9356555616098007e-16,1.3197253740615913e-14,-2.957999548234823e-07,0.22499999999999984,-2.658199643599937e-14,0.5399997994696728,0.225,0.0,0.5399999999999999,0.0,129.88439608360858,5.9687283720396225e-15,True,True,False
8.625,1.9834670050844674e-07,0.0,4.3598575799631757e-07,1.6056671174697697e-15,-2.9356555616098007e-16,1.3197253740615913e-14,-2.957999548234823e-07,0.22499999999999984,-2.6687870656917835e-14,0.5399998016532994,0.225,0.0,0.5399999999999999,0.0,129.88439608360858,5.8762708015685965e-15,True,True,False
8.63,1.9617046975728596e-07,0.0,4.3450675820459375e-07,1.6075600125496287e-15,-2.9356555616098007e-16,1.3197253740615913e-14,-2.957999548234823e-07,0.22499999999999984,-2.6793758281636912e-14,0.5399998038295302,0.225,0.0,0.5399999999999999,0.0,129.88439608360858,5.783719144064998e-15,True,True,False
8.635,1.9400163309146922e-07,0.0,4.3302775841287e-07,1.6094540378898101e-15,-2.9356555616098007e-16,1.3197253740615913e-14,-2.957999548234823e-07,0.22499999999999984,-2.6899659310156552e-14,0.5399998059983668,0.225,0.0,0.5399999999999999,0.0,129.88439608360858,5.691073399528824e-15,True,True,False
8.64,1.9184019139917487e-07,0.0,4.3154875862114617e-07,1.6113491895046941e-15,-2.9356555616098007e-16,1.3197253740615913e-14,-2.957999548234823e-07,0.22499999999999984,-2.70055737424768e-14,0.5399998081598085,0.225,0.0,0.5399999999999999,0.0,129.88439608360858,5.5983335679600796e-15,True,True,False
8.645,1.8968614556858137e-07,0.0,4.300697588294224e-07,1.6132454634250254e-15,-2.9356555616098007e-16,1.3197253740615913e-14,-2.957999548234823e-07,0.22499999999999984,-2.711150157859763e-14,0.5399998103138544,0.225,0.0,0.5399999999999999,0.0,129.88439608360858,5.505499649358761e-15,True,True,False
8.65,1.8753949382333186e-07,0.0,4.285907590376653e-07,1.6149831864900775e-15,-1.5402966890599963e-16,1.3315207562571855e-14,-3.7483069369184725e-07,0.22499999999999984,-2.7217438616999154e-14,0.5399998124605061,0.225,0.0,0.5399999999999999,0.0,129.8843950372416,5.539447207051493e-15,True,True,False
8.655,1.8540122559418594e-07,0.0,4.267166055543196e-07,1.6166404657038948e-15,-1.5402966890599963e-16,1.3315207562571855e-14,-3.7483069369184725e-07,0.22499999999999984,-2.7323368911835296e-14,0.5399998145987743,0.225,0.0,0.5399999999999999,0.0,129.8843950372416,5.44750531655413e-15,True,True,False
8.66,1.8327232853554624e-07,0.0,4.24842452070974e-07,1.6182985564226749e-15,-1.5402966890599963e-16,1.3315207562571855e-14,-3.7483069369184725e-07,0.22499999999999984,-2.742929052232633e-14,0.5399998167276714,0.225,0.0,0.5399999999999999,0.0,129.8843950372416,5.355481188508272e-15,True,True,False
8.665000000000001,1.811528017592344e-07,0.0,4.2296829858762837e-07,1.619957456154596e-15,-1.5402966890599963e-16,1.3315207562571855e-14,-3.7483069369184725e-07,0.22499999999999984,-2.7535203448472228e-14,0.5399998188471982,0.225,0.0,0.5399999999999999,0.0,129.8843950372416,5.263374822913922e-15,True,True,False
8.67,1.7904264526525039e-07,0.0,4.2109414510428275e-07,1.6216171624168184e-15,-1.5402966890599963e-16,1.3315207562571855e-14,-3.7483069369184725e-07,0.22499999999999984,-2.7641107690272984e-14,0.5399998209573547,0.225,0.0,0.5399999999999999,0.0,129.8843950372416,5.171186219771078e-15,True,True,False
8.675,1.7694185905359422e-07,0.0,4.1921999162093215e-07,1.623210144218913e-15,-1.5402966890599963e-16,1.3315207562571855e-14,-3.7483069369184725e-07,0.22499999999999984,-2.7747001280267022e-14,0.5399998230581409,0.225,0.0,0.5399999999999999,0.0,129.8843950372416,5.079228098944555e-15,True,True,False
8.68,1.7485044578880116e-07,0.0,4.1734583813757864e-07,1.624764801517766e-15,-1.5402966890599963e-16,1.3315207562571855e-14,-3.7483069369184725e-07,0.22499999999999984,-2.7852877004428487e-14,0.5399998251495541,0.225,0.0,0.5399999999999999,0.0,129.8843950372416,4.987373258531298e-15,True,True,False
8.685,1.727684019181575e-07,0.0,4.1547168465422503e-07,1.6263202206688232e-15,-1.5402966890599963e-16,1.3315207562571855e-14,-3.7483069369184725e-07,0.22499999999999984,-2.795873420693683e-14,0.539999827231598,0.225,0.0,0.5399999999999999,0.0,129.8843950372416,4.895441647700051e-15,True,True,False
8.69,1.706957292180201e-07,0.0,4.135975311708715e-07,1.6278763994882592e-15,-1.5402966890599963e-16,1.3315207562571855e-14,-3.7483069369184725e-07,0.22499999999999984,-2.8064572887792077e-14,0.5399998293042707,0.225,0.0,0.5399999999999999,0.0,129.8843950372416,4.803433266450813e-15,True,True,False
8.695,1.6863242591203212e-07,0.0,4.1172337768742733e-07,1.629300813168983e-15,-1.5402966890599963e-16,1.3315207562571855e-14,-3.7483069369184725e-07,0.22499999999999984,-2.8170389276286987e-14,0.539999831367574,0.225,0.0,0.5399999999999999,0.0,129.8843950372416,4.711825646776278e-15,True,True,False
8.700000000000001,1.6657849466472882e-07,0.0,4.0984922420398017e-07,1.630720968074423e-15,-2.1165124508087734e-17,1.3405266494802696e-14,-4.350013167255703e-07,0.22499999999999984,-2.8276179063041952e-14,0.5399998334215053,0.225,0.0,0.5399999999999999,0.0,129.88439424058257,4.716494357844876e-15,True,True,False
8.705,1.645346859868748e-07,0.0,4.076742176097175e-07,1.6321122703502396e-15,-2.1165124508087734e-17,1.3405266494802696e-14,-4.350013167255703e-07,0.22499999999999984,-2.8381940023689334e-14,0.5399998354653139,0.225,0.0,0.5399999999999999,0.0,129.88439424058257,4.624877301636163e-15,True,True,False
8.71,1.6250175216559164e-07,0.0,4.0549921101545477e-07,1.633503828945907e-15,-2.1165124508087734e-17,1.3405266494802696e-14,-4.350013167255703e-07,0.22499999999999984,-2.8487669933861495e-14,0.5399998374982478,0.225,0.0,0.5399999999999999,0.0,129.88439424058257,4.5331902252758045e-15,True,True,False
8.715,1.604796940890577e-07,0.0,4.0332420442119205e-07,1.6348956432069166e-15,-2.1165124508087734e-17,1.3405266494802696e-14,-4.350013167255703e-07,0.22499999999999984,-2.8593368793558446e-14,0.5399998395203058,0.225,0.0,0.5399999999999999,0.0,129.88439424058257,4.441433128763803e-15,True,True,False
8.72,1.5846850998091615e-07,0.0,4.011491978269293e-07,1.636287712480868e-15,-2.1165124508087734e-17,1.3405266494802696e-14,-4.350013167255703e-07,0.22499999999999984,-2.8699036602780195e-14,0.5399998415314899,0.225,0.0,0.5399999999999999,0.0,129.88439424058257,4.349606012100153e-15,True,True,False
8.725,1.5646820161752382e-07,0.0,3.989741912326666e-07,1.6376800361174586e-15,-2.1165124508087734e-17,1.3405266494802696e-14,-4.350013167255703e-07,0.22499999999999984,-2.880467336152671e-14,0.5399998435317983,0.225,0.0,0.5399999999999999,0.0,129.88439424058257,4.25770887528486e-15,True,True,False
8.73,1.544787681107023e-07,0.0,3.9679918463840387e-07,1.639072613468477e-15,-2.1165124508087734e-17,1.3405266494802696e-14,-4.350013167255703e-07,0.22499999999999984,-2.8910279069798016e-14,0.5399998455212318,0.225,0.0,0.5399999999999999,0.0,129.88439424058257,4.165741718317919e-15,True,True,False
8.735,1.5250021034863002e-07,0.0,3.946241780441412e-07,1.6404654438877953e-15,-2.1165124508087734e-17,1.3405266494802696e-14,-4.350013167255703e-07,0.22499999999999984,-2.901585372759414e-14,0.5399998474997896,0.225,0.0,0.5399999999999999,0.0,129.88439424058257,4.073704541199336e-15,True,True,False
8.74,1.5053252655495012e-07,0.0,3.924491714498785e-07,1.6418585267313604e-15,-2.1165124508087734e-17,1.3405266494802696e-14,-4.350013167255703e-07,0.22499999999999984,-2.9121397334915e-14,0.5399998494674734,0.225,0.0,0.5399999999999999,0.0,129.88439424058257,3.9815973439291035e-15,True,True,False
8.745000000000001,1.4857571850601947e-07,0.0,3.9027416485561575e-07,1.6432518613571872e-15,-2.1165124508087734e-17,1.3405266494802696e-14,-4.350013167255703e-07,0.22499999999999984,-2.922690989176069e-14,0.5399998514242814,0.225,0.0,0.5399999999999999,0.0,129.88439424058257,3.88942012650723e-15,True,True,False
8.75,1.466297853136596e-07,0.0,3.88099158261353e-07,1.6446454471253497e-15,9.891855860817948e-17,1.3479837253098159e-14,-4.785683420327936e-07,0.22499999999999984,-2.9332391398131136e-14,0.5399998533702146,0.225,0.0,0.5399999999999999,0.0,129.88439366375513,3.876937265322638e-15,True,True,False
8.755,1.4469527143124183e-07,0.0,3.857063165341371e-07,1.6458000004505288e-15,9.891855860817948e-17,1.3479837253098159e-14,-4.785683420327936e-07,0.22499999999999984,-2.943783056026145e-14,0.5399998553047285,0.225,0.0,0.5399999999999999,0.0,129.88439366375513,3.785747990564868e-15,True,True,False
8.76,1.4277272131213744e-07,0.0,3.833134748069212e-07,1.646954795834985e-15,9.891855860817948e-17,1.3479837253098159e-14,-4.785683420327936e-07,0.22499999999999984,-2.954321608438677e-14,0.5399998572272786,0.225,0.0,0.5399999999999999,0.0,129.88439366375513,3.6945011595556474e-15,True,True,False
8.765,1.4086213673270322e-07,0.0,3.809206330797052e-07,1.6481098327699012e-15,9.891855860817948e-17,1.3479837253098159e-14,-4.785683420327936e-07,0.22499999999999984,-2.9648547970507073e-14,0.5399998591378632,0.225,0.0,0.5399999999999999,0.0,129.88439366375513,3.6031967722949735e-15,True,True,False
8.77,1.3896351502840394e-07,0.0,3.785277913524893e-07,1.6492651107477796e-15,9.891855860817948e-17,1.3479837253098159e-14,-4.785683420327936e-07,0.22499999999999984,-2.975382621862235e-14,0.5399998610364849,0.225,0.0,0.5399999999999999,0.0,129.88439366375513,3.511834828782846e-15,True,True,False
8.775,1.370768588637749e-07,0.0,3.7613494962527324e-07,1.6504206292624365e-15,9.891855860817948e-17,1.3479837253098159e-14,-4.785683420327936e-07,0.22499999999999984,-2.985905082873262e-14,0.5399998629231411,0.225,0.0,0.5399999999999999,0.0,129.88439366375513,3.4204153290192634e-15,True,True,False
8.78,1.3520216557428078e-07,0.0,3.7374210789805734e-07,1.6515763878090007e-15,9.891855860817948e-17,1.3479837253098159e-14,-4.785683420327936e-07,0.22499999999999984,-2.9964221800837836e-14,0.5399998647978344,0.225,0.0,0.5399999999999999,0.0,129.88439366375513,3.3289382730042288e-15,True,True,False
8.785,1.3333943693627842e-07,0.0,3.7134926617084145e-07,1.652732385883908e-15,9.891855860817948e-17,1.3479837253098159e-14,-4.785683420327936e-07,0.22499999999999984,-3.0069339134938076e-14,0.539999866660563,0.225,0.0,0.5399999999999999,0.0,129.88439366375513,3.2374036607377437e-15,True,True,False
8.790000000000001,1.3148867294976787e-07,0.0,3.6895642444362545e-07,1.6538886229848982e-15,9.891855860817948e-17,1.3479837253098159e-14,-4.785683420327936e-07,0.22499999999999984,-3.017440283103327e-14,0.539999868511327,0.225,0.0,0.5399999999999999,0.0,129.88439366375513,3.1458114922198036e-15,True,True,False
8.795,1.2964987272657069e-07,0.0,3.6656358271641e-07,1.6550384366637497e-15,9.891855860817948e-17,1.3479837253098159e-14,-4.785683420327936e-07,0.22499999999999984,-3.027941288912344e-14,0.5399998703501272,0.225,0.0,0.5399999999999999,0.0,129.88439366375513,3.054194329900584e-15,True,True,False
8.8,1.2782303715486528e-07,0.0,3.6417074098920996e-07,1.6559953291283002e-15,2.1204981873462608e-16,1.352928982585711e-14,-5.076593705330628e-07,0.22499999999999984,-3.038435843887931e-14,0.5399998721769628,0.225,0.0,0.5399999999999999,0.0,129.88439327858993,3.0163665004103674e-15,True,True,False
8.805,1.260085294996253e-07,0.0,3.6163244412291413e-07,1.656893106624574e-15,2.1204981873462608e-16,1.352928982585711e-14,-5.076593705330628e-07,0.22499999999999984,-3.0489228759244995e-14,0.5399998739914704,0.225,0.0,0.5399999999999999,0.0,129.88439327858993,2.9257690948808382e-15,True,True,False
8.81,1.2420671302582443e-07,0.0,3.5909414725661814e-07,1.6577910123981173e-15,2.1204981873462608e-16,1.352928982585711e-14,-5.076593705330628e-07,0.22499999999999984,-3.0594022640702604e-14,0.5399998757932869,0.225,0.0,0.5399999999999999,0.0,129.88439327858993,2.835126908964914e-15,True,True,False
8.815,1.2241758773346263e-07,0.0,3.5655585039032225e-07,1.6586890462406068e-15,2.1204981873462608e-16,1.352928982585711e-14,-5.076593705330628e-07,0.22499999999999984,-3.0698740083252174e-14,0.5399998775824122,0.225,0.0,0.5399999999999999,0.0,129.88439327858993,2.7444399426625934e-15,True,True,False
8.82,1.206411545107184e-07,0.0,3.540175535240263e-07,1.659587207944141e-15,2.1204981873462608e-16,1.352928982585711e-14,-5.076593705330628e-07,0.22499999999999984,-3.08033810868937e-14,0.5399998793588454,0.225,0.0,0.5399999999999999,0.0,129.88439327858993,2.6537081959738762e-15,True,True,False
8.825000000000001,1.1887741246941322e-07,0.0,3.514792566577305e-07,1.6604854973012387e-15,2.1204981873462608e-16,1.352928982585711e-14,-5.076593705330628e-07,0.22499999999999984,-3.090794565162718e-14,0.5399998811225875,0.225,0.0,0.5399999999999999,0.0,129.88439327858993,2.562931668898764e-15,True,True,False
8.83,1.1712636160954714e-07,0.0,3.4894095979143454e-07,1.661383914104838e-15,2.1204981873462608e-16,1.352928982585711e-14,-5.076593705330628e-07,0.22499999999999984,-3.101243377745259e-14,0.5399998828736383,0.225,0.0,0.5399999999999999,0.0,129.88439327858993,2.472110361437257e-15,True,True,False
8.835,1.153880028192986e-07,0.0,3.464026629251004e-07,1.6622415858024684e-15,2.1204981873462608e-16,1.352928982585711e-14,-5.076593705330628e-07,0.22499999999999984,-3.111684515948376e-14,0.5399998846119971,0.225,0.0,0.5399999999999999,0.0,129.88439327858993,2.3813656339886893e-15,True,True,False
8.84,1.1366233521048914e-07,0.0,3.438643660585752e-07,1.662895051652598e-15,2.1204981873462608e-16,1.352928982585711e-14,-5.076593705330628e-07,0.22499999999999984,-3.122117034624844e-14,0.5399998863376647,0.225,0.0,0.5399999999999999,0.0,129.88439327858993,2.2911872913072243e-15,True,True,False
8.845,1.1194935878311879e-07,0.0,3.4132606919204993e-07,1.6635486937826782e-15,2.1204981873462608e-16,1.352928982585711e-14,-5.076593705330628e-07,0.22499999999999984,-3.132540374816618e-14,0.5399998880506411,0.225,0.0,0.5399999999999999,0.0,129.88439327858993,2.2009723020255577e-15,True,True,False
8.85,1.1024907442536594e-07,0.0,3.3878777232552466e-07,1.6642025119849985e-15,3.065925105554453e-16,1.3552542255739799e-14,-5.242627565871651e-07,0.22499999999999984,-3.14295454668658e-14,0.5399998897509255,0.225,0.0,0.5399999999999999,0.0,129.8843930587611,2.1355925053077457e-15,True,True,False
8.855,1.0856168908280242e-07,0.0,3.361664585331597e-07,1.664823322215547e-15,3.065925105554453e-16,1.3552542255739799e-14,-5.242627565871651e-07,0.22499999999999984,-3.153359163500295e-14,0.5399998914383108,0.225,0.0,0.5399999999999999,0.0,129.8843930587611,2.045756242070028e-15,True,True,False
8.86,1.0688741058917841e-07,0.0,3.3354514474079477e-07,1.6654441473644123e-15,3.065925105554453e-16,1.3552542255739799e-14,-5.242627565871651e-07,0.22499999999999984,-3.163753838523331e-14,0.5399998931125893,0.225,0.0,0.5399999999999999,0.0,129.8843930587611,1.955888274244175e-15,True,True,False
8.865,1.052262380563155e-07,0.0,3.309238309484298e-07,1.666064987414918e-15,3.065925105554453e-16,1.3552542255739799e-14,-5.242627565871651e-07,0.22499999999999984,-3.174138571755694e-14,0.5399998947737619,0.225,0.0,0.5399999999999999,0.0,129.8843930587611,1.8659886018301814e-15,True,True,False
8.870000000000001,1.035781723723921e-07,0.0,3.283025171560649e-07,1.6666858423504113e-15,3.065925105554453e-16,1.3552542255739799e-14,-5.242627565871651e-07,0.22499999999999984,-3.1845133631973785e-14,0.5399998964218276,0.225,0.0,0.5399999999999999,0.0,129.8843930587611,1.7760572248280508e-15,True,True,False
8.875,1.0194321264922979e-07,0.0,3.2568120336369997e-07,1.667306712154264e-15,3.065925105554453e-16,1.3552542255739799e-14,-5.242627565871651e-07,0.22499999999999984,-3.1948782128483824e-14,0.5399998980567873,0.225,0.0,0.5399999999999999,0.0,129.8843930587611,1.6860941432377768e-15,True,True,False
8.88,1.0032135977500702e-07,0.0,3.23059889571279e-07,1.6678503785156643e-15,3.065925105554453e-16,1.3552542255739799e-14,-5.242627565871651e-07,0.22499999999999984,-3.205233001500888e-14,0.5399998996786401,0.225,0.0,0.5399999999999999,0.0,129.8843930587611,1.5963602333098818e-15,True,True,False
8.885,9.871261374972374e-08,0.0,3.204385757787847e-07,1.668293141414442e-15,3.065925105554453e-16,1.3552542255739799e-14,-5.242627565871651e-07,0.22499999999999984,-3.215576775492311e-14,0.5399999012873862,0.225,0.0,0.5399999999999999,0.0,129.8843930587611,1.5069405556499164e-15,True,True,False
8.89,9.711697457338001e-08,0.0,3.1781726198629034e-07,1.6687360020656695e-15,3.065925105554453e-16,1.3552542255739799e-14,-5.242627565871651e-07,0.22499999999999984,-3.2259093304663754e-14,0.5399999028830254,0.225,0.0,0.5399999999999999,0.0,129.8843930587611,1.4174958465664733e-15,True,True,False
8.895,9.553444135779736e-08,0.0,3.1519594819381954e-07,1.6691554493892084e-15,3.065925105554453e-16,1.3552542255739799e-14,-5.242627565871651e-07,0.22499999999999984,-3.2362306016839083e-14,0.5399999044655586,0.225,0.0,0.5399999999999999,0.0,129.8843930587611,1.3281819929824936e-15,True,True,False
8.9,9.396501499115423e-08,0.0,3.125746344013795e-07,1.6695441897220061e-15,3.8737169396549246e-16,1.3550053293174862e-14,-5.302211304579342e-07,0.22499999999999984,-3.2465400712315297e-14,0.5399999060349849,0.225,0.0,0.5399999999999999,0.0,129.88439297987222,1.2363875229266992e-15,True,True,False
8.905,9.240876830408103e-08,0.0,3.099235287326709e-07,1.6698746898631735e-15,3.8737169396549246e-16,1.3550053293174862e-14,-5.302211304579342e-07,0.22499999999999984,-3.256837457647035e-14,0.5399999075912316,0.225,0.0,0.5399999999999999,0.0,129.88439297987222,1.1474776362784934e-15,True,True,False
8.91,9.086577856810029e-08,0.0,3.072724230639623e-07,1.6702052224582182e-15,3.8737169396549246e-16,1.3550053293174862e-14,-5.302211304579342e-07,0.22499999999999984,-3.26712259044967e-14,0.5399999091342214,0.225,0.0,0.5399999999999999,0.0,129.88439297987222,1.0585493944632314e-15,True,True,False
8.915000000000001,8.933604400685516e-08,0.0,3.0462131739525373e-07,1.6705357874878767e-15,3.8737169396549246e-16,1.3550053293174862e-14,-5.302211304579342e-07,0.22499999999999984,-3.277395469639428e-14,0.5399999106639559,0.225,0.0,0.5399999999999999,0.0,129.88439297987222,9.696027974809164e-16,True,True,False
8.92,8.781956639670246e-08,0.0,3.0197021172654507e-07,1.6708663849328982e-15,3.8737169396549246e-16,1.3550053293174862e-14,-5.302211304579342e-07,0.22499999999999984,-3.287656095216315e-14,0.5399999121804335,0.225,0.0,0.5399999999999999,0.0,129.88439297987222,8.806378453315484e-16,True,True,False
8.925,8.631634218492853e-08,0.0,2.9931910605783646e-07,1.6711970147740454e-15,3.8737169396549246e-16,1.3550053293174862e-14,-5.302211304579342e-07,0.22499999999999984,-3.297904467180325e-14,0.5399999136836577,0.225,0.0,0.5399999999999999,0.0,129.88439297987222,7.916545380151259e-16,True,True,False
8.93,8.482637403606865e-08,0.0,2.9666800038912786e-07,1.671527676992094e-15,3.8737169396549246e-16,1.3550053293174862e-14,-5.302211304579342e-07,0.22499999999999984,-3.3081405855314645e-14,0.5399999151736259,0.225,0.0,0.5399999999999999,0.0,129.88439297987222,7.026528755316488e-16,True,True,False
8.935,8.334966195012278e-08,0.0,2.9401689472041935e-07,1.6718583715678338e-15,3.8737169396549246e-16,1.3550053293174862e-14,-5.302211304579342e-07,0.22499999999999984,-3.318364450269729e-14,0.539999916650338,0.225,0.0,0.5399999999999999,0.0,129.88439297987222,6.136328578811172e-16,True,True,False
8.94,8.188620592709094e-08,0.0,2.913657890517107e-07,1.6721890984820676e-15,3.8737169396549246e-16,1.3550053293174862e-14,-5.302211304579342e-07,0.22499999999999987,-3.328576061395118e-14,0.539999918113794,0.225,0.0,0.5399999999999999,0.0,129.88439297987222,5.245944850635326e-16,True,True,False
8.945,8.04360041906163e-08,0.0,2.887146833830021e-07,1.672519857715611e-15,3.8737169396549246e-16,1.3550053293174862e-14,-5.302211304579342e-07,0.22499999999999987,-3.338775418907635e-14,0.5399999195639957,0.225,0.0,0.5399999999999999,0.0,129.88439297987222,4.355377570788934e-16,True,True,False
8.950000000000001,7.899905851705568e-08,0.0,2.8606357771429353e-07,1.6728506492492932e-15,4.565959495658679e-16,1.3529939616013155e-14,-5.272281708977333e-07,0.22499999999999987,-3.3489625228072785e-14,0.5399999210009414,0.225,0.0,0.5399999999999999,0.0,129.88439301949902,3.249481552441874e-16,True,True,False
8.955,7.757533071473705e-08,0.0,2.834274368483609e-07,1.6729110622356158e-15,4.565959495658679e-16,1.3529939616013155e-14,-5.272281708977333e-07,0.22499999999999987,-3.359136212713684e-14,0.5399999224246692,0.225,0.0,0.5399999999999999,0.0,129.88439301949902,2.370792769842112e-16,True,True,False
8.96,7.616478436834519e-08,0.0,2.8079129598242815e-07,1.672971554409086e-15,4.565959495658679e-16,1.3529939616013155e-14,-5.272281708977333e-07,0.22499999999999987,-3.369295328246495e-14,0.5399999238352156,0.225,0.0,0.5399999999999999,0.0,129.88439301949902,2.0684374144291464e-16,True,True,False
8.965,7.476741770152326e-08,0.0,2.781551551164955e-07,1.6730321257611146e-15,4.565959495658679e-16,1.3529939616013155e-14,-5.272281708977333e-07,0.22499999999999987,-3.3794398694057076e-14,0.5399999252325822,0.225,0.0,0.5399999999999999,0.0,129.88439301949902,2.1183295191511017e-16,True,True,False
8.97,7.338323249062811e-08,0.0,2.755190142505628e-07,1.673092776283102e-15,4.565959495658679e-16,1.3529939616013155e-14,-5.272281708977333e-07,0.22499999999999987,-3.389569836191325e-14,0.5399999266167674,0.225,0.0,0.5399999999999999,0.0,129.88439301949902,2.168960079085077e-16,True,True,False
8.975,7.201222784748132e-08,0.0,2.728828733846456e-07,1.6731230963995433e-15,4.565959495658679e-16,1.3529939616013155e-14,-5.272281708977333e-07,0.22499999999999987,-3.399685160107206e-14,0.5399999279877721,0.225,0.0,0.5399999999999999,0.0,129.88439301949902,2.221252953401272e-16,True,True,False
8.98,7.065440377208289e-08,0.0,2.7024673251875504e-07,1.6731009276137456e-15,4.565959495658679e-16,1.3529939616013155e-14,-5.272281708977333e-07,0.22499999999999987,-3.4097850876958174e-14,0.5399999293455962,0.225,0.0,0.5399999999999999,0.0,129.88439301949902,2.2758991738580403e-16,True,True,False
8.985,6.930976026443281e-08,0.0,2.676105916528645e-07,1.6730787758729186e-15,4.565959495658679e-16,1.3529939616013155e-14,-5.272281708977333e-07,0.22499999999999987,-3.4198694134687395e-14,0.5399999306902397,0.225,0.0,0.5399999999999999,0.0,129.88439301949902,2.891091755681627e-16,True,True,False
8.99,6.79782982127095e-08,0.0,2.6497445078697394e-07,1.6730566411777394e-15,4.565959495658679e-16,1.3529939616013155e-14,-5.272281708977333e-07,0.22499999999999987,-3.429938137425976e-14,0.5399999320217017,0.225,0.0,0.5399999999999999,0.0,129.88439301949902,3.7652721035677293e-16,True,True,False
8.995000000000001,6.666001584055614e-08,0.0,2.6233830992099503e-07,1.6729054351714075e-15,4.565959495658679e-16,1.3529939616013155e-14,-5.272281708977333e-07,0.22499999999999987,-3.4399908851847474e-14,0.5399999333399841,0.225,0.0,0.5399999999999999,0.0,129.88439301949902,4.634904091203174e-16,True,True,False
9.0,6.535491492432955e-08,0.0,2.59702169055013e-07,1.6727499659597209e-15,5.119933538101485e-16,1.3478168890910714e-14,-5.168281021466201e-07,0.22499999999999987,-3.450027228879025e-14,0.539999934645085,0.225,0.0,0.5399999999999999,0.0,129.88439315719592,6.058087953878447e-16,True,True,False
9.005,6.406286401362362e-08,0.0,2.5711802852928443e-07,1.6725297928068628e-15,5.119933538101485e-16,1.3478168890910714e-14,-5.168281021466201e-07,0.22499999999999987,-3.4600469187579785e-14,0.5399999359371359,0.225,0.0,0.5399999999999999,0.0,129.88439315719592,6.924371774632896e-16,True,True,False
9.01,6.278373432256749e-08,0.0,2.5453388800355586e-07,1.6723098090585172e-15,5.119933538101485e-16,1.3478168890910714e-14,-5.168281021466201e-07,0.22499999999999987,-3.47004970507078e-14,0.5399999372162656,0.225,0.0,0.5399999999999999,0.0,129.88439315719592,7.7905656581999045e-16,True,True,False
9.015,6.151752585116117e-08,0.0,2.519497474778273e-07,1.6720900147894393e-15,5.119933538101485e-16,1.3478168890910714e-14,-5.168281021466201e-07,0.22499999999999987,-3.480035587817423e-14,0.5399999384824741,0.225,0.0,0.5399999999999999,0.0,129.88439315719592,8.656669604579435e-16,True,True,False
9.02,6.026423771122624e-08,0.0,2.4936560695209877e-07,1.6718704100743598e-15,5.119933538101485e-16,1.3478168890910714e-14,-5.168281021466201e-07,0.22499999999999987,-3.49000456699791e-14,0.5399999397357622,0.225,0.0,0.5399999999999999,0.0,129.88439315719592,9.522683613771518e-16,True,True,False
9.025,5.90238699027627e-08,0.0,2.467814664263702e-07,1.6716509949879836e-15,5.119933538101485e-16,1.3478168890910714e-14,-5.168281021466201e-07,0.22499999999999987,-3.4999566426122427e-14,0.53999994097613,0.225,0.0,0.5399999999999999,0.0,129.88439315719592,1.0388607685776131e-15,True,True,False
9.03,5.779642242577054e-08,0.0,2.441973259006416e-07,1.6714317696049904e-15,5.119933538101485e-16,1.3478168890910714e-14,-5.168281021466201e-07,0.22499999999999987,-3.5098918146604204e-14,0.5399999422035775,0.225,0.0,0.5399999999999999,0.0,129.88439315719592,1.125444182059329e-15,True,True,False
9.035,5.658189616842819e-08,0.0,2.41613185374913e-07,1.6712127340000349e-15,5.119933538101485e-16,1.3478168890910714e-14,-5.168281021466201e-07,0.22499999999999987,-3.519810083142439e-14,0.5399999434181038,0.225,0.0,0.5399999999999999,0.0,129.88439315719592,1.2120186018222992e-15,True,True,False
9.040000000000001,5.538029113073565e-08,0.0,2.3902904484918443e-07,1.6709938882477457e-15,5.119933538101485e-16,1.3478168890910714e-14,-5.168281021466201e-07,0.22499999999999987,-3.529711448058307e-14,0.5399999446197088,0.225,0.0,0.5399999999999999,0.0,129.88439315719592,1.2985840278665217e-15,True,True,False
9.045,5.41916064245145e-08,0.0,2.364449043234559e-07,1.6707752324227263e-15,5.119933538101485e-16,1.3478168890910714e-14,-5.168281021466201e-07,0.22499999999999987,-3.539595909408019e-14,0.5399999458083935,0.225,0.0,0.5399999999999999,0.0,129.88439315719592,1.385140460192001e-15,True,True,False
9.05,5.3015842049764727e-08,0.0,2.3386076379772734e-07,1.6705567665995542e-15,5.558533199374654e-16,1.340856946766988e-14,-5.004176209935257e-07,0.22499999999999987,-3.5494634671915767e-14,0.5399999469841579,0.225,0.0,0.5399999999999999,0.0,129.8843933744707,1.5461346671756915e-15,True,True,False
9.055,5.18527928372714e-08,0.0,2.3135867568453284e-07,1.6700742788580305e-15,5.558533199374654e-16,1.340856946766988e-14,-5.004176209935257e-07,0.22499999999999987,-3.559312955936682e-14,0.5399999481472071,0.225,0.0,0.5399999999999999,0.0,129.8843933744707,1.6314097416787113e-15,True,True,False
9.06,5.070225539417641e-08,0.0,2.2885658757133837e-07,1.6695919592869212e-15,5.558533199374654e-16,1.340856946766988e-14,-5.004176209935257e-07,0.22499999999999987,-3.569143210171046e-14,0.5399999492977445,0.225,0.0,0.5399999999999999,0.0,129.8843933744707,1.7166618625692279e-15,True,True,False
9.065,4.956422794412289e-08,0.0,2.263544994581439e-07,1.6691098080320144e-15,5.558533199374654e-16,1.340856946766988e-14,-5.004176209935257e-07,0.22499999999999987,-3.578954229894665e-14,0.539999950435772,0.225,0.0,0.5399999999999999,0.0,129.8843933744707,1.8018910298472422e-15,True,True,False
9.07,4.8438710487110875e-08,0.0,2.238524113449494e-07,1.668627825239215e-15,5.558533199374654e-16,1.340856946766988e-14,-5.004176209935257e-07,0.22499999999999987,-3.58874601510754e-14,0.5399999515612894,0.225,0.0,0.5399999999999999,0.0,129.8843933744707,1.887097243512754e-15,True,True,False
9.075000000000001,4.732570302314035e-08,0.0,2.2135032323175492e-07,1.6681460110545463e-15,5.558533199374654e-16,1.340856946766988e-14,-5.004176209935257e-07,0.22499999999999987,-3.5985185658096755e-14,0.5399999526742969,0.225,0.0,0.5399999999999999,0.0,129.8843933744707,1.9722805035657638e-15,True,True,False
9.08,4.6225206440389725e-08,0.0,2.1884823511856043e-07,1.6676643656241485e-15,5.558533199374654e-16,1.340856946766988e-14,-5.004176209935257e-07,0.22499999999999987,-3.6082718820010636e-14,0.5399999537747935,0.225,0.0,0.5399999999999999,0.0,129.8843933744707,2.0574408100062703e-15,True,True,False
9.085,4.5137220738859024e-08,0.0,2.1634614700536593e-07,1.66718288909428e-15,5.558533199374654e-16,1.340856946766988e-14,-5.004176209935257e-07,0.22499999999999987,-3.61800596368171e-14,0.5399999548627792,0.225,0.0,0.5399999999999999,0.0,129.8843933744707,2.1425781628342752e-15,True,True,False
9.09,4.4061745918548226e-08,0.0,2.1384405889217146e-07,1.6667015816113168e-15,5.558533199374654e-16,1.340856946766988e-14,-5.004176209935257e-07,0.22499999999999987,-3.627720810851612e-14,0.539999955938254,0.225,0.0,0.5399999999999999,0.0,129.8843933744707,2.2276925620497778e-15,True,True,False
9.095,4.2998780203100504e-08,0.0,2.1134197077897698e-07,1.666220443321752e-15,5.558533199374654e-16,1.340856946766988e-14,-5.004176209935257e-07,0.22499999999999987,-3.637416423510769e-14,0.5399999570012197,0.225,0.0,0.5399999999999999,0.0,129.8843933744707,2.3127840076527757e-15,True,True,False
9.1,4.19483253688727e-08,0.0,2.088398826657825e-07,1.6657394743721975e-15,5.896791147542033e-16,1.3313853694702863e-14,-4.792496371170946e-07,0.22499999999999987,-3.6470928016591845e-14,0.5399999580516746,0.225,0.0,0.5399999999999999,0.0,129.8843936547348,2.499164877503215e-15,True,True,False
9.105,4.091011673869574e-08,0.0,2.0644363446544113e-07,1.6649852591934948e-15,5.896791147542033e-16,1.3313853694702863e-14,-4.792496371170946e-07,0.22499999999999987,-3.656748779743876e-14,0.5399999590898832,0.225,0.0,0.5399999999999999,0.0,129.8843936547348,2.582929976642188e-15,True,True,False
9.11,3.988388963540055e-08,0.0,2.0404738626509976e-07,1.664231238107089e-15,5.896791147542033e-16,1.3313853694702863e-14,-4.792496371170946e-07,0.22499999999999987,-3.666383192211863e-14,0.5399999601161103,0.225,0.0,0.5399999999999999,0.0,129.8843936547348,2.6666579736687793e-15,True,True,False
9.115,3.886964317080872e-08,0.0,2.0165113806475838e-07,1.6634774113769147e-15,5.896791147542033e-16,1.3313853694702863e-14,-4.792496371170946e-07,0.22499999999999987,-3.675996039063149e-14,0.5399999611303568,0.225,0.0,0.5399999999999999,0.0,129.8843936547348,2.75034886858299e-15,True,True,False
9.120000000000001,3.786737823309867e-08,0.0,1.9925488986441702e-07,1.6627237792673169e-15,5.896791147542033e-16,1.3313853694702863e-14,-4.792496371170946e-07,0.22499999999999987,-3.685587320297725e-14,0.5399999621326217,0.225,0.0,0.5399999999999999,0.0,129.8843936547348,2.8340026613848195e-15,True,True,False
9.125,3.687709393409197e-08,0.0,1.9685864166403762e-07,1.6619163786405186e-15,5.896791147542033e-16,1.3313853694702863e-14,-4.792496371170946e-07,0.22499999999999987,-3.6951569389973065e-14,0.539999963122906,0.225,0.0,0.5399999999999999,0.0,129.8843936547348,2.917425021609556e-15,True,True,False
9.13,3.589879205014548e-08,0.0,1.9446239346360848e-07,1.6610388559822905e-15,5.896791147542033e-16,1.3313853694702863e-14,-4.792496371170946e-07,0.2249999999999999,-3.704704119815546e-14,0.5399999641012079,0.225,0.0,0.5399999999999999,0.0,129.8843936547348,3.0005525863908025e-15,True,True,False
9.135,3.4932470804902345e-08,0.0,1.9206614526317937e-07,1.6601618785428305e-15,5.896791147542033e-16,1.3313853694702863e-14,-4.792496371170946e-07,0.2249999999999999,-3.7142286966067954e-14,0.5399999650675291,0.225,0.0,0.5399999999999999,0.0,129.8843936547348,3.083638078123495e-15,True,True,False
9.14,3.397813019836258e-08,0.0,1.8966989706275744e-07,1.6592761056357128e-15,5.896791147542033e-16,1.3313853694702863e-14,-4.792496371170946e-07,0.2249999999999999,-3.723730655249873e-14,0.5399999660218697,0.225,0.0,0.5399999999999999,0.0,129.8843936547348,3.166625832109174e-15,True,True,False
9.145,3.3035771118704595e-08,0.0,1.8727364886237124e-07,1.6583440542244895e-15,5.896791147542033e-16,1.3313853694702863e-14,-4.792496371170946e-07,0.2249999999999999,-3.733209557988022e-14,0.5399999669642288,0.225,0.0,0.5399999999999999,0.0,129.8843936547348,3.249291188293183e-15,True,True,False
9.15,3.21053935659284e-08,0.0,1.8487740066198512e-07,1.657412348654824e-15,6.060893978866417e-16,1.3186598047626738e-14,-4.54438540921505e-07,0.2249999999999999,-3.742665145932847e-14,0.5399999678946064,0.225,0.0,0.5399999999999999,0.0,129.8843939832337,3.4680292691825766e-15,True,True,False
9.155,3.1186687565765515e-08,0.0,1.826052079424705e-07,1.6563654998496385e-15,6.060893978866417e-16,1.3186598047626738e-14,-4.54438540921505e-07,0.2249999999999999,-3.7520971316510625e-14,0.5399999688133124,0.225,0.0,0.5399999999999999,0.0,129.8843939832337,3.550086595515817e-15,True,True,False
9.16,3.0279341367590636e-08,0.0,1.803330152229559e-07,1.6553190819626854e-15,6.060893978866417e-16,1.3186598047626738e-14,-4.54438540921505e-07,0.2249999999999999,-3.7615052230023115e-14,0.5399999697206586,0.225,0.0,0.5399999999999999,0.0,129.8843939832337,3.632092436165643e-15,True,True,False
9.165000000000001,2.9383356747760597e-08,0.0,1.7806082250344132e-07,1.6542730958117022e-15,6.060893978866417e-16,1.3186598047626738e-14,-4.54438540921505e-07,0.2249999999999999,-3.770889419986602e-14,0.5399999706166432,0.225,0.0,0.5399999999999999,0.0,129.8843939832337,3.7140467911320535e-15,True,True,False
9.17,2.8498733706275404e-08,0.0,1.7578862978392676e-07,1.653227542216158e-15,6.060893978866417e-16,1.3186598047626738e-14,-4.54438540921505e-07,0.2249999999999999,-3.7802497226039294e-14,0.5399999715012662,0.225,0.0,0.5399999999999999,0.0,129.8843939832337,3.79594966041505e-15,True,True,False
9.175,2.7625470466778227e-08,0.0,1.7351643706441214e-07,1.6521824219972585e-15,6.060893978866417e-16,1.3186598047626738e-14,-4.54438540921505e-07,0.2249999999999999,-3.789586130854295e-14,0.5399999723745295,0.225,0.0,0.5399999999999999,0.0,129.8843939832337,3.877801044014628e-15,True,True,False
9.18,2.67635688056259e-08,0.0,1.7124424434489753e-07,1.6511377359779452e-15,6.060893978866417e-16,1.3186598047626738e-14,-4.54438540921505e-07,0.2249999999999999,-3.7988986447377014e-14,0.5399999732364311,0.225,0.0,0.5399999999999999,0.0,129.8843939832337,3.9596009419307936e-15,True,True,False
9.185,2.5913028722818425e-08,0.0,1.68972051625383e-07,1.6500934849829037e-15,6.060893978866417e-16,1.3186598047626738e-14,-4.54438540921505e-07,0.2249999999999999,-3.808187264254143e-14,0.5399999740869712,0.225,0.0,0.5399999999999999,0.0,129.8843939832337,4.041349354163544e-15,True,True,False
9.19,2.5073848441998975e-08,0.0,1.6669985890586835e-07,1.6490496698385633e-15,6.060893978866417e-16,1.3186598047626738e-14,-4.54438540921505e-07,0.2249999999999999,-3.8174519894036243e-14,0.5399999749261515,0.225,0.0,0.5399999999999999,0.0,129.8843939832337,4.123046280712878e-15,True,True,False
9.195,2.4246029739524386e-08,0.0,1.644276661863538e-07,1.6480062913731021e-15,6.060893978866417e-16,1.3186598047626738e-14,-4.54438540921505e-07,0.2249999999999999,-3.826692820186144e-14,0.5399999757539702,0.225,0.0,0.5399999999999999,0.0,129.8843939832337,4.204691721578798e-15,True,True,False
9.200000000000001,2.342957172721625e-08,0.0,1.621554734668392e-07,1.6469633504164498e-15,6.147610015808766e-16,1.3040898988678525e-14,-4.2696672677082444e-07,0.2249999999999999,-3.835909756601701e-14,0.5399999765704282,0.225,0.0,0.5399999999999999,0.0,129.88439434696053,4.442132129839318e-15,True,True,False
9.205,2.2624131568204567e-08,0.0,1.6002063982074376e-07,1.6456433677381988e-15,6.147610015808766e-16,1.3040898988678525e-14,-4.2696672677082444e-07,0.2249999999999999,-3.845101638961976e-14,0.5399999773758684,0.225,0.0,0.5399999999999999,0.0,129.88439434696053,4.5223658480395364e-15,True,True,False
9.21,2.1829365537440913e-08,0.0,1.578858061746483e-07,1.6443238423839745e-15,6.147610015808766e-16,1.3040898988678525e-14,-4.2696672677082444e-07,0.2249999999999999,-3.854267307578647e-14,0.5399999781706344,0.225,0.0,0.5399999999999999,0.0,129.88439434696053,4.602533619216019e-15,True,True,False
9.215,2.10452736349253e-08,0.0,1.5575097252855288e-07,1.643004775455631e-15,6.147610015808766e-16,1.3040898988678525e-14,-4.2696672677082444e-07,0.2249999999999999,-3.8634067624517117e-14,0.5399999789547263,0.225,0.0,0.5399999999999999,0.0,129.88439434696053,4.6826354433687665e-15,True,True,False
9.22,2.0271855860657735e-08,0.0,1.5361613888245744e-07,1.641686168058181e-15,6.147610015808766e-16,1.3040898988678525e-14,-4.2696672677082444e-07,0.2249999999999999,-3.8725200035811725e-14,0.5399999797281441,0.225,0.0,0.5399999999999999,0.0,129.88439434696053,4.762671320497777e-15,True,True,False
9.225,1.9509112214638224e-08,0.0,1.5148130523636198e-07,1.6403680212998038e-15,6.147610015808766e-16,1.3040898988678525e-14,-4.2696672677082444e-07,0.2249999999999999,-3.8816070309670276e-14,0.5399999804908877,0.225,0.0,0.5399999999999999,0.0,129.88439434696053,4.842641250603053e-15,True,True,False
9.23,1.875704269686678e-08,0.0,1.4934647159026738e-07,1.6390317387551915e-15,6.147610015808766e-16,1.3040898988678525e-14,-4.2696672677082444e-07,0.2249999999999999,-3.890667819235767e-14,0.5399999812429572,0.225,0.0,0.5399999999999999,0.0,129.88439434696053,4.922455926567326e-15,True,True,False
9.235,1.8015647307343414e-08,0.0,1.4721163794417705e-07,1.637602913093192e-15,6.147610015808766e-16,1.3040898988678525e-14,-4.2696672677082444e-07,0.2249999999999999,-3.8997015818085714e-14,0.5399999819843526,0.225,0.0,0.5399999999999999,0.0,129.88439434696053,5.0017549091462825e-15,True,True,False
9.24,1.7284926046068135e-08,0.0,1.4507680429808664e-07,1.6361745200533531e-15,6.147610015808766e-16,1.3040898988678525e-14,-4.2696672677082444e-07,0.2249999999999999,-3.9087078535044154e-14,0.5399999827150739,0.225,0.0,0.5399999999999999,0.0,129.88439434696053,5.0809819591823256e-15,True,True,False
9.245000000000001,1.6564878913040958e-08,0.0,1.4294197065199629e-07,1.6347465607697117e-15,6.147610015808766e-16,1.3040898988678525e-14,-4.2696672677082444e-07,0.2249999999999999,-3.917686642781133e-14,0.539999983435121,0.225,0.0,0.5399999999999999,0.0,129.88439434696053,5.160137116314656e-15,True,True,False
9.25,1.5855505908261896e-08,0.0,1.408071370058832e-07,1.633225888574143e-15,6.11190100010608e-16,1.2863489483854912e-14,-3.976919440713075e-07,0.2249999999999999,-3.9266376050604766e-14,0.539999984144494,0.225,0.0,0.5399999999999999,0.0,129.88439473455867,5.428573513818658e-15,True,True,False
9.255,1.5156441102222055e-08,0.0,1.3881867727778966e-07,1.6316264162676854e-15,6.11190100010608e-16,1.2863489483854912e-14,-3.976919440713075e-07,0.2249999999999999,-3.935560195412376e-14,0.5399999848435588,0.225,0.0,0.5399999999999999,0.0,129.88439473455867,5.5067931022526e-15,True,True,False
9.26,1.4467318565412538e-08,0.0,1.3683021754969615e-07,1.6300274899869627e-15,6.11190100010608e-16,1.2863489483854912e-14,-3.976919440713075e-07,0.2249999999999999,-3.944454262710482e-14,0.5399999855326814,0.225,0.0,0.5399999999999999,0.0,129.88439473455867,5.584932099147189e-15,True,True,False
9.265,1.3788139186011792e-08,0.0,1.348417578216026e-07,1.6284291113403745e-15,6.11190100010608e-16,1.2863489483854912e-14,-3.976919440713075e-07,0.2249999999999999,-3.9533198069547954e-14,0.5399999862118607,0.225,0.0,0.5399999999999999,0.0,129.88439473455867,5.662990504502415e-15,True,True,False
9.27,1.3118902075841423e-08,0.0,1.3285329809350908e-07,1.6268312819420896e-15,6.11190100010608e-16,1.2863489483854912e-14,-3.976919440713075e-07,0.2249999999999999,-3.9621568281453196e-14,0.5399999868810978,0.225,0.0,0.5399999999999999,0.0,129.88439473455867,5.740968318318291e-15,True,True,False
9.275,1.2459606346723046e-08,0.0,1.3086483836541557e-07,1.6252340034120686e-15,6.11190100010608e-16,1.2863489483854912e-14,-3.976919440713075e-07,0.2249999999999999,-3.97096532628205e-14,0.5399999875403936,0.225,0.0,0.5399999999999999,0.0,129.88439473455867,5.818865540594812e-15,True,True,False
9.28,1.1810252886835122e-08,0.0,1.2887637863732203e-07,1.6236372773760873e-15,6.11190100010608e-16,1.2863489483854912e-14,-3.976919440713075e-07,0.22499999999999992,-3.97974530136499e-14,0.539999988189747,0.225,0.0,0.5399999999999999,0.0,129.88439473455867,5.896682171331982e-15,True,True,False
9.285,1.1170842584356116e-08,0.0,1.2688791890922855e-07,1.6220411054657597e-15,6.11190100010608e-16,1.2863489483854912e-14,-3.976919440713075e-07,0.22499999999999992,-3.9884967533941386e-14,0.5399999888291573,0.225,0.0,0.5399999999999999,0.0,129.88439473455867,5.9744182105297975e-15,True,True,False
9.290000000000001,1.0541374551107665e-08,0.0,1.2489945918113501e-07,1.6204454893185612e-15,6.11190100010608e-16,1.2863489483854912e-14,-3.976919440713075e-07,0.22499999999999992,-3.9972196823694934e-14,0.5399999894586254,0.225,0.0,0.5399999999999999,0.0,129.88439473455867,6.052073658188254e-15,True,True,False
9.295,9.921847898911418e-09,0.0,1.2291099945303851e-07,1.618738110081692e-15,6.11190100010608e-16,1.2863489483854912e-14,-3.976919440713075e-07,0.22499999999999992,-4.0059137156208917e-14,0.539999990078152,0.225,0.0,0.5399999999999999,0.0,129.88439473455867,6.129119050455378e-15,True,True,False
9.3,9.312264404124299e-09,0.0,1.209225397249403e-07,1.6169662724109254e-15,5.993079309919497e-16,1.2663155354562091e-14,-3.673553026130601e-07,0.22499999999999992,-4.0145774866910685e-14,0.5399999906877355,0.225,0.0,0.5399999999999999,0.0,129.8843951362158,6.420056390517363e-15,True,True,False
9.305,8.712243038204361e-09,0.0,1.190857632039592e-07,1.6150913815291078e-15,5.993079309919497e-16,1.2663155354562091e-14,-3.673553026130601e-07,0.22499999999999992,-4.023210656460793e-14,0.5399999912877569,0.225,0.0,0.5399999999999999,0.0,129.8843951362158,6.496122842697359e-15,True,True,False
9.31,8.12140632532337e-09,0.0,1.1724898668297812e-07,1.6132170521210771e-15,5.993079309919497e-16,1.2663155354562091e-14,-3.673553026130601e-07,0.22499999999999992,-4.0318130100342206e-14,0.5399999918785936,0.225,0.0,0.5399999999999999,0.0,129.8843951362158,6.5720939839773625e-15,True,True,False
9.315,7.539753377303071e-09,0.0,1.1541221016199703e-07,1.6113432861461676e-15,5.993079309919497e-16,1.2663155354562091e-14,-3.673553026130601e-07,0.22499999999999992,-4.0403845474113544e-14,0.5399999924602465,0.225,0.0,0.5399999999999999,0.0,129.8843951362158,6.647969814357378e-15,True,True,False
9.32,6.9672841941436846e-09,0.0,1.1357543364101594e-07,1.6094700855722477e-15,5.993079309919497e-16,1.2663155354562091e-14,-3.673553026130601e-07,0.22499999999999992,-4.048925268592196e-14,0.5399999930327157,0.225,0.0,0.5399999999999999,0.0,129.8843951362158,6.7237503338374095e-15,True,True,False
9.325000000000001,6.4039987758454926e-09,0.0,1.1173865712003487e-07,1.6075974523757627e-15,5.993079309919497e-16,1.2663155354562091e-14,-3.673553026130601e-07,0.22499999999999992,-4.057435173576739e-14,0.5399999935960011,0.225,0.0,0.5399999999999999,0.0,129.8843951362158,6.799435542417449e-15,True,True,False
9.33,5.849898010587297e-09,0.0,1.0990188059905378e-07,1.6057253885417778e-15,5.993079309919497e-16,1.2663155354562091e-14,-3.673553026130601e-07,0.22499999999999992,-4.0659142623649877e-14,0.5399999941501019,0.225,0.0,0.5399999999999999,0.0,129.8843951362158,6.875025440097499e-15,True,True,False
9.335,5.3049801220127795e-09,0.0,1.0806510407807268e-07,1.6038538960640212e-15,5.993079309919497e-16,1.2663155354562091e-14,-3.673553026130601e-07,0.22499999999999992,-4.074362534956944e-14,0.5399999946950198,0.225,0.0,0.5399999999999999,0.0,129.8843951362158,6.950520026877565e-15,True,True,False
9.34,4.769246886479513e-09,0.0,1.0622832755709162e-07,1.6019829769449278e-15,5.993079309919497e-16,1.2663155354562091e-14,-3.673553026130601e-07,0.22499999999999992,-4.0827799913526014e-14,0.539999995230753,0.225,0.0,0.5399999999999999,0.0,129.8843951362158,7.02591930275764e-15,True,True,False
9.345,4.2426974158101486e-09,0.0,1.0439155103611052e-07,1.6001126331956828e-15,5.993079309919497e-16,1.2663155354562091e-14,-3.673553026130601e-07,0.22499999999999992,-4.0911666315519676e-14,0.5399999957573025,0.225,0.0,0.5399999999999999,0.0,129.8843951362158,7.1012232677377245e-15,True,True,False
9.35,3.725331710006298e-09,0.0,1.0255477451512942e-07,1.5982428668362664e-15,5.807337990117462e-16,1.2439938360477564e-14,-3.3658972054426384e-07,0.22499999999999992,-4.0995224555550386e-14,0.5399999962746682,0.225,0.0,0.5399999999999999,0.0,129.88439554355207,7.415195123843307e-15,True,True,False
9.355,3.216765187814829e-09,0.0,1.008718258918519e-07,1.5960892596155561e-15,5.807337990117462e-16,1.2439938360477564e-14,-3.3658972054426384e-07,0.22499999999999992,-4.107846326670499e-14,0.5399999967832347,0.225,0.0,0.5399999999999999,0.0,129.88439554355207,7.488971453077148e-15,True,True,False
9.36,2.7166141561628387e-09,0.0,9.918887726857434e-08,1.5939362928543738e-15,5.807337990117462e-16,1.2439938360477564e-14,-3.3658972054426384e-07,0.22499999999999992,-4.1161371082070436e-14,0.5399999972833858,0.225,0.0,0.5399999999999999,0.0,129.88439554355207,7.562637697776236e-15,True,True,False
9.365,2.2248759505231543e-09,0.0,9.750592864529678e-08,1.5917839691514788e-15,5.807337990117462e-16,1.2439938360477564e-14,-3.3658972054426384e-07,0.22499999999999992,-4.124394800164666e-14,0.539999997775124,0.225,0.0,0.5399999999999999,0.0,129.88439554355207,7.636193857940568e-15,True,True,False
9.370000000000001,1.7415541236261402e-09,0.0,9.582298002201925e-08,1.5896322911189275e-15,5.807337990117462e-16,1.2439938360477564e-14,-3.3658972054426384e-07,0.22499999999999992,-4.132619402543373e-14,0.5399999982584458,0.225,0.0,0.5399999999999999,0.0,129.88439554355207,7.709639933570149e-15,True,True,False
9.375,1.2666468991558372e-09,0.0,9.414003139874615e-08,1.5874350807649639e-15,5.807337990117462e-16,1.2439938360477564e-14,-3.3658972054426384e-07,0.22499999999999992,-4.140810766628324e-14,0.539999998733353,0.225,0.0,0.5399999999999999,0.0,129.88439554355207,7.782752290492461e-15,True,True,False
9.38,8.001533890676667e-10,0.0,9.245708277547652e-08,1.5852031682737132e-15,5.807337990117462e-16,1.2439938360477564e-14,-3.3658972054426384e-07,0.22499999999999992,-4.148968198416969e-14,0.5399999991998465,0.225,0.0,0.5399999999999999,0.0,129.88439554355207,7.855580120065756e-15,True,True,False
9.385,3.4207537055763344e-10,0.0,9.077413415220684e-08,1.5829718601517968e-15,5.807337990117462e-16,1.2439938360477564e-14,-3.3658972054426384e-07,0.22499999999999992,-4.1570916111589827e-14,0.5399999996579246,0.225,0.0,0.5399999999999999,0.0,129.88439554355207,7.92829349383431e-15,True,True,False
9.39,1.0758716946469571e-10,0.0,8.909118552893734e-08,1.5807391334402253e-15,5.807337990117462e-16,1.2439938360477564e-14,-3.3658972054426384e-07,0.22499999999999992,-4.1651810048543705e-14,0.5400000001075871,0.225,0.0,0.5399999999999999,0.0,129.88439554355207,8.00088267353431e-15,True,True,False
9.395,5.488359782525123e-10,0.0,8.740823690567261e-08,1.5784482604707921e-15,5.807337990117462e-16,1.2439938360477564e-14,-3.3658972054426384e-07,0.22499999999999992,-4.1732359606942715e-14,0.5400000005488359,0.225,0.0,0.5399999999999999,0.0,129.88439554355207,8.073073256532008e-15,True,True,False
9.4,9.816701904719779e-10,0.0,8.572528828240789e-08,1.5761579691048483e-15,5.526571869134442e-16,1.2184005482264267e-14,-3.059285301259114e-07,0.22499999999999992,-4.1812561122209334e-14,0.5400000009816701,0.225,0.0,0.5399999999999999,0.0,129.88439594950626,8.418903751733268e-15,True,True,False
9.405,1.406472605671676e-09,0.0,8.419564561921125e-08,1.5737288649068212e-15,5.526571869134442e-16,1.2184005482264267e-14,-3.059285301259114e-07,0.22499999999999992,-4.1892411908849173e-14,0.5400000014064725,0.225,0.0,0.5399999999999999,0.0,129.88439594950626,8.490199773850194e-15,True,True,False
9.41,1.823626916625025e-09,0.0,8.266600295601464e-08,1.5713003590907057e-15,5.526571869134442e-16,1.2184005482264267e-14,-3.059285301259114e-07,0.22499999999999992,-4.1971909281367904e-14,0.5400000018236268,0.225,0.0,0.5399999999999999,0.0,129.88439594950626,8.561370810570625e-15,True,True,False
9.415000000000001,2.2331322350817207e-09,0.0,8.113636029281802e-08,1.5688724544352627e-15,5.526571869134442e-16,1.2184005482264267e-14,-3.059285301259114e-07,0.22499999999999992,-4.2051053239765444e-14,0.5400000022331322,0.225,0.0,0.5399999999999999,0.0,129.88439594950626,8.632416861894562e-15,True,True,False
9.42,2.6349903373727587e-09,0.0,7.960671762962137e-08,1.5664451537357908e-15,5.526571869134442e-16,1.2184005482264267e-14,-3.059285301259114e-07,0.22499999999999992,-4.212984378404186e-14,0.5400000026349903,0.225,0.0,0.5399999999999999,0.0,129.88439594950626,8.703337927822e-15,True,True,False
9.425,3.029199447129724e-09,0.0,7.807707496642476e-08,1.5640184598042446e-15,5.526571869134442e-16,1.2184005482264267e-14,-3.059285301259114e-07,0.22499999999999992,-4.220828091419711e-14,0.5400000030291994,0.225,0.0,0.5399999999999999,0.0,129.88439594950626,8.774134008352941e-15,True,True,False
9.43,3.415761340703496e-09,0.0,7.654743230322816e-08,1.561592375469352e-15,5.526571869134442e-16,1.2184005482264267e-14,-3.059285301259114e-07,0.22499999999999995,-4.228636463023123e-14,0.5400000034157613,0.225,0.0,0.5399999999999999,0.0,129.88439594950626,8.84480510348739e-15,True,True,False
9.435,3.794673353555434e-09,0.0,7.501778964003152e-08,1.5591669035767346e-15,5.526571869134442e-16,1.2184005482264267e-14,-3.059285301259114e-07,0.22499999999999995,-4.236409493214421e-14,0.5400000037946733,0.225,0.0,0.5399999999999999,0.0,129.88439594950626,8.91535121322534e-15,True,True,False
9.44,4.165939038397157e-09,0.0,7.348814697683489e-08,1.5567420469890273e-15,5.526571869134442e-16,1.2184005482264267e-14,-3.059285301259114e-07,0.22499999999999995,-4.244147181993604e-14,0.540000004165939,0.225,0.0,0.5399999999999999,0.0,129.88439594950626,8.985772337566797e-15,True,True,False
9.445,4.5295548425136575e-09,0.0,7.195850431363828e-08,1.5543178085860005e-15,5.526571869134442e-16,1.2184005482264267e-14,-3.059285301259114e-07,0.22499999999999995,-4.251849529360669e-14,0.5400000045295548,0.225,0.0,0.5399999999999999,0.0,129.88439594950626,9.056068476511756e-15,True,True,False
9.450000000000001,4.8855234304392996e-09,0.0,7.042886165044167e-08,1.5518941912646828e-15,5.209891042249769e-16,1.190885178420993e-14,-2.758141563580617e-07,0.22499999999999995,-4.259516535315623e-14,0.5400000048855234,0.225,0.0,0.5399999999999999,0.0,129.88439634822058,9.42055671420923e-15,True,True,False
9.455,5.234220501644981e-09,0.0,6.904979086044388e-08,1.5491882364212167e-15,5.209891042249769e-16,1.190885178420993e-14,-2.758141563580617e-07,0.22499999999999995,-4.2671470882667344e-14,0.5400000052342204,0.225,0.0,0.5399999999999999,0.0,129.88439634822058,9.489257116253118e-15,True,True,False
9.46,5.576021755601778e-09,0.0,6.767072007044609e-08,1.5464828865924046e-15,5.209891042249769e-16,1.190885178420993e-14,-2.758141563580617e-07,0.22499999999999995,-4.2747400766222795e-14,0.5400000055760217,0.225,0.0,0.5399999999999999,0.0,129.88439634822058,9.557817662556775e-15,True,True,False
9.465,5.9109271923093676e-09,0.0,6.629164928044829e-08,1.5437781449589681e-15,5.209891042249769e-16,1.190885178420993e-14,-2.758141563580617e-07,0.22499999999999995,-4.2822955003822585e-14,0.5400000059109271,0.225,0.0,0.5399999999999999,0.0,129.88439634822058,9.6262383531202e-15,True,True,False
9.47,6.238938588124342e-09,0.0,6.49125784904505e-08,1.5410740147232412e-15,5.209891042249769e-16,1.190885178420993e-14,-2.758141563580617e-07,0.22499999999999995,-4.289813359546674e-14,0.5400000062389385,0.225,0.0,0.5399999999999999,0.0,129.88439634822058,9.694519187943394e-15,True,True,False
9.475,6.560053278511255e-09,0.0,6.353350770045271e-08,1.5383704991093483e-15,5.209891042249769e-16,1.190885178420993e-14,-2.758141563580617e-07,0.22499999999999995,-4.297293654115522e-14,0.5400000065600532,0.225,0.0,0.5399999999999999,0.0,129.88439634822058,9.762660167026357e-15,True,True,False
9.48,6.874273039826797e-09,0.0,6.215443691045492e-08,1.5356676013633816e-15,5.209891042249769e-16,1.190885178420993e-14,-2.758141563580617e-07,0.22499999999999995,-4.3047363840888035e-14,0.540000006874273,0.225,0.0,0.5399999999999999,0.0,129.88439634822058,9.830661290369088e-15,True,True,False
9.485,7.181597872070852e-09,0.0,6.077536612045713e-08,1.5329653247535831e-15,5.209891042249769e-16,1.190885178420993e-14,-2.758141563580617e-07,0.22499999999999995,-4.312141549466522e-14,0.5400000071815978,0.225,0.0,0.5399999999999999,0.0,129.88439634822058,9.898522557971586e-15,True,True,False
9.49,7.482026887064904e-09,0.0,5.9396295330459346e-08,1.5302636725705264e-15,5.209891042249769e-16,1.190885178420993e-14,-2.758141563580617e-07,0.22499999999999995,-4.319509150248674e-14,0.5400000074820268,0.225,0.0,0.5399999999999999,0.0,129.88439634822058,9.966243969833853e-15,True,True,False
9.495000000000001,7.775560972987299e-09,0.0,5.801722454046155e-08,1.5275626481273008e-15,5.209891042249769e-16,1.190885178420993e-14,-2.758141563580617e-07,0.22499999999999995,-4.32683918643526e-14,0.5400000077755609,0.225,0.0,0.5399999999999999,0.0,129.88439634822058,1.003382552595589e-14,True,True,False
9.5,8.062199241659554e-09,0.0,5.663815375046377e-08,1.5248622547596975e-15,4.829294498155283e-16,1.1607820951263894e-14,-2.46606733575875e-07,0.22499999999999995,-4.334131658026282e-14,0.5400000080621992,0.225,0.0,0.5399999999999999,0.0,129.88439673492684,1.042326368048835e-14,True,True,False
9.505,8.342307622590527e-09,0.0,5.5405120068317354e-08,1.521874044249177e-15,4.829294498155283e-16,1.1607820951263894e-14,-2.46606733575875e-07,0.22499999999999995,-4.3413854687432535e-14,0.5400000083423075,0.225,0.0,0.5399999999999999,0.0,129.88439673492684,1.0489218342920003e-14,True,True,False
9.51,8.616250268932249e-09,0.0,5.4172086386170934e-08,1.5188866653737855e-15,4.829294498155283e-16,1.1607820951263894e-14,-2.46606733575875e-07,0.22499999999999995,-4.3485995223077086e-14,0.5400000086162502,0.225,0.0,0.5399999999999999,0.0,129.88439673492684,1.0555018263620157e-14,True,True,False
9.515,8.884028068863103e-09,0.0,5.29390527040245e-08,1.5159001230502238e-15,4.829294498155283e-16,1.1607820951263894e-14,-2.46606733575875e-07,0.22499999999999995,-4.3557738187196336e-14,0.540000008884028,0.225,0.0,0.5399999999999999,0.0,129.88439673492684,1.0620663442588808e-14,True,True,False
9.52,9.14564102238306e-09,0.0,5.170601902187808e-08,1.5129144222326335e-15,4.829294498155283e-16,1.1607820951263894e-14,-2.46606733575875e-07,0.22499999999999995,-4.362908357979039e-14,0.540000009145641,0.225,0.0,0.5399999999999999,0.0,129.88439673492684,1.0686153879825961e-14,True,True,False
9.525,9.401088241313676e-09,0.0,5.047298533979834e-08,1.509881409992838e-15,4.829294498155283e-16,1.1607820951263894e-14,-2.46606733575875e-07,0.22499999999999995,-4.3700028925818746e-14,0.5400000094010882,0.225,0.0,0.5399999999999999,0.0,129.88439673492684,1.0751219136172496e-14,True,True,False
9.53,9.650370613833346e-09,0.0,4.923995165773888e-08,1.5068341646582636e-15,4.829294498155283e-16,1.1607820951263894e-14,-2.46606733575875e-07,0.22499999999999995,-4.377056848768787e-14,0.5400000096503705,0.225,0.0,0.5399999999999999,0.0,129.88439673492684,1.0816043892901398e-14,True,True,False
9.535,9.893488139942055e-09,0.0,4.800691797567943e-08,1.5037872889295112e-15,4.829294498155283e-16,1.1607820951263894e-14,-2.46606733575875e-07,0.22499999999999995,-4.384070204039398e-14,0.5400000098934881,0.225,0.0,0.5399999999999999,0.0,129.88439673492684,1.088071000508238e-14,True,True,False
9.540000000000001,1.0130439931461363e-08,0.0,4.67738842935986e-08,1.5007179065220563e-15,4.829294498155283e-16,1.1607820951263894e-14,-2.46606733575875e-07,0.22499999999999995,-4.391042912536306e-14,0.5400000101304399,0.225,0.0,0.5399999999999999,0.0,129.88439673492684,1.0945121964868765e-14,True,True,False
9.545,1.0361226876569676e-08,0.0,4.554085061148086e-08,1.497609587032636e-15,4.829294498155283e-16,1.1607820951263894e-14,-2.46606733575875e-07,0.22499999999999995,-4.397974469828067e-14,0.5400000103612268,0.225,0.0,0.5399999999999999,0.0,129.88439673492684,1.1009208333931696e-14,True,True,False
9.55,1.0585848087088563e-08,0.0,4.430781692936313e-08,1.4945019473273018e-15,4.4089520066006817e-16,1.127448886406239e-14,-2.1859244777474502e-07,0.22499999999999995,-4.404864738342469e-14,0.540000010585848,0.225,0.0,0.5399999999999999,0.0,129.884397105836,1.142968052709249e-14,True,True,False
9.555,1.0804655281672211e-08,0.0,4.321485468343523e-08,1.491243780674943e-15,4.4089520066006817e-16,1.127448886406239e-14,-2.1859244777474502e-07,0.22499999999999995,-4.41171340434355e-14,0.5400000108046552,0.225,0.0,0.5399999999999999,0.0,129.884397105836,1.1492706263622615e-14,True,True,False
9.56,1.101799662626113e-08,0.0,4.2121892437507344e-08,1.4879861039787175e-15,4.4089520066006817e-16,1.127448886406239e-14,-2.1859244777474502e-07,0.22499999999999995,-4.418520154095361e-14,0.5400000110179966,0.225,0.0,0.5399999999999999,0.0,129.884397105836,1.1555562317353811e-14,True,True,False
9.565,1.122587389721215e-08,0.0,4.1028930191579444e-08,1.4847289204636962e-15,4.4089520066006817e-16,1.127448886406239e-14,-2.1859244777474502e-07,0.22499999999999995,-4.425284987597898e-14,0.5400000112258738,0.225,0.0,0.5399999999999999,0.0,129.884397105836,1.1618248688286081e-14,True,True,False
9.57,1.1428286206346844e-08,0.0,3.9935967945651564e-08,1.4814722333828221e-15,4.4089520066006817e-16,1.127448886406239e-14,-2.1859244777474502e-07,0.22499999999999995,-4.432007904851161e-14,0.5400000114282861,0.225,0.0,0.5399999999999999,0.0,129.884397105836,1.1680765376419423e-14,True,True,False
9.575000000000001,1.162523355366521e-08,0.0,3.884300569972368e-08,1.4782160460172073e-15,4.4089520066006817e-16,1.127448886406239e-14,-2.1859244777474502e-07,0.22499999999999995,-4.438688905855148e-14,0.5400000116252335,0.225,0.0,0.5399999999999999,0.0,129.884397105836,1.1743112381753839e-14,True,True,False
9.58,1.1816716827345656e-08,0.0,3.775004345379579e-08,1.4749603616764317e-15,4.4089520066006817e-16,1.127448886406239e-14,-2.1859244777474502e-07,0.22499999999999995,-4.445327990609865e-14,0.5400000118167168,0.225,0.0,0.5399999999999999,0.0,129.884397105836,1.1805289704289324e-14,True,True,False
9.585,1.200273425103134e-08,0.0,3.665708120786792e-08,1.4717051836988478e-15,4.4089520066006817e-16,1.127448886406239e-14,-2.1859244777474502e-07,0.22499999999999995,-4.4519251591153075e-14,0.5400000120027342,0.225,0.0,0.5399999999999999,0.0,129.884397105836,1.186729734402588e-14,True,True,False
9.59,1.2183287601079095e-08,0.0,3.556411896194003e-08,1.468450515451887e-15,4.4089520066006817e-16,1.127448886406239e-14,-2.1859244777474502e-07,0.22499999999999995,-4.458480411371478e-14,0.5400000121832875,0.225,0.0,0.5399999999999999,0.0,129.884397105836,1.1929135300963512e-14,True,True,False
9.595,1.235837510113208e-08,0.0,3.4471156716012165e-08,1.4651963603323722e-15,4.4089520066006817e-16,1.127448886406239e-14,-2.1859244777474502e-07,0.22499999999999998,-4.464993747378371e-14,0.540000012358375,0.225,0.0,0.5399999999999999,0.0,129.884397105836,1.1990803575102214e-14,True,True,False
9.6,1.2527998527547129e-08,0.0,3.337819447008429e-08,1.4619427217668322e-15,3.9720051084320473e-16,1.0921926800121067e-14,-1.9199167181009028e-07,0.22499999999999998,-4.471465167135993e-14,0.5400000125279985,0.225,0.0,0.5399999999999999,0.0,129.88439745803024,1.2429418786646564e-14,True,True,False
9.605,1.2692490059053204e-08,0.0,3.24182360891825e-08,1.4584041506523087e-15,3.9720051084320473e-16,1.0921926800121067e-14,-1.9199167181009028e-07,0.22499999999999998,-4.4778936113336027e-14,0.54000001269249,0.225,0.0,0.5399999999999999,0.0,129.88439745803024,1.24894045015694e-14,True,True,False
9.61,1.285218187437927e-08,0.0,3.14582777082807e-08,1.4548662595922222e-15,3.9720051084320473e-16,1.0921926800121067e-14,-1.9199167181009028e-07,0.22499999999999998,-4.484278020660458e-14,0.5400000128521818,0.225,0.0,0.5399999999999999,0.0,129.88439745803024,1.2549205691774877e-14,True,True,False
9.615,1.3007073085346901e-08,0.0,3.04983193273789e-08,1.4513290535598593e-15,3.9720051084320473e-16,1.0921926800121067e-14,-1.9199167181009028e-07,0.22499999999999998,-4.4906183951165617e-14,0.540000013007073,0.225,0.0,0.5399999999999999,0.0,129.88439745803024,1.2608822357262997e-14,True,True,False
9.620000000000001,1.3157165468312936e-08,0.0,2.9538360946484325e-08,1.4477812863367343e-15,3.9720051084320473e-16,1.0921926800121067e-14,-1.9199167181009028e-07,0.22499999999999998,-4.496914715156285e-14,0.5400000131571654,0.225,0.0,0.5399999999999999,0.0,129.88439745803024,1.2668198495814172e-14,True,True,False
9.625,1.3302457246920532e-08,0.0,2.857840256561341e-08,1.4441971357701673e-15,3.9720051084320473e-16,1.0921926800121067e-14,-1.9199167181009028e-07,0.22499999999999998,-4.503166482366124e-14,0.5400000133024572,0.225,0.0,0.5399999999999999,0.0,129.88439745803024,1.272720445358965e-14,True,True,False
9.63,1.344294930934811e-08,0.0,2.7618444184742494e-08,1.44061350595405e-15,3.9720051084320473e-16,1.0921926800121067e-14,-1.9199167181009028e-07,0.22499999999999998,-4.509373481744184e-14,0.5400000134429492,0.225,0.0,0.5399999999999999,0.0,129.88439745803024,1.2786023223257492e-14,True,True,False
9.635,1.3578641655595666e-08,0.0,2.6658485803871588e-08,1.4370304007842852e-15,3.9720051084320473e-16,1.0921926800121067e-14,-1.9199167181009028e-07,0.22499999999999998,-4.515535713290457e-14,0.5400000135786416,0.225,0.0,0.5399999999999999,0.0,129.88439745803024,1.2844654804817697e-14,True,True,False
9.64,1.3709533397484777e-08,0.0,2.56985274229996e-08,1.4334321779226878e-15,3.9720051084320473e-16,1.0921926800121067e-14,-1.9199167181009028e-07,0.22499999999999998,-4.5216531562272375e-14,0.5400000137095333,0.225,0.0,0.5399999999999999,0.0,129.88439745803024,1.2903025581337963e-14,True,True,False
9.645,1.3835626311372283e-08,0.0,2.4738569042124043e-08,1.4297830934039417e-15,3.9720051084320473e-16,1.0921926800121067e-14,-1.9199167181009028e-07,0.22499999999999998,-4.527725280722985e-14,0.5400000138356262,0.225,0.0,0.5399999999999999,0.0,129.88439745803024,1.2960965118183003e-14,True,True,False
9.65,1.3956918620901345e-08,0.0,2.3778610661248488e-08,1.4261345699222188e-15,3.5049905108496206e-16,1.053755586024603e-14,-1.6696664903932534e-07,0.22499999999999998,-4.5337518582229164e-14,0.5400000139569185,0.225,0.0,0.5399999999999999,0.0,129.88439778936157,1.3429854817703737e-14,True,True,False
9.655,1.4073725629410949e-08,0.0,2.2943777407172538e-08,1.4223225757447966e-15,3.5049905108496206e-16,1.053755586024603e-14,-1.6696664903932534e-07,0.22499999999999998,-4.539732606139069e-14,0.5400000140737256,0.225,0.0,0.5399999999999999,0.0,129.88439778936157,1.3486626733374743e-14,True,True,False
9.66,1.4186357311169569e-08,0.0,2.210894415309659e-08,1.4185110201281259e-15,3.5049905108496206e-16,1.053755586024603e-14,-1.6696664903932534e-07,0.22499999999999998,-4.545667241883486e-14,0.5400000141863572,0.225,0.0,0.5399999999999999,0.0,129.88439778936157,1.3543199272050981e-14,True,True,False
9.665000000000001,1.4294815442534046e-08,0.0,2.1274110899020644e-08,1.4146999066169837e-15,3.5049905108496206e-16,1.053755586024603e-14,-1.6696664903932534e-07,0.22499999999999998,-4.551555765456159e-14,0.5400000142948154,0.225,0.0,0.5399999999999999,0.0,129.88439778936157,1.3599572433732451e-14,True,True,False
9.67,1.4399098247147537e-08,0.0,2.0439277644944714e-08,1.410889238794035e-15,3.5049905108496206e-16,1.053755586024603e-14,-1.6696664903932534e-07,0.22499999999999998,-4.5573981768570965e-14,0.5400000143990982,0.225,0.0,0.5399999999999999,0.0,129.88439778936157,1.3655746218419149e-14,True,True,False
9.675,1.4499207501366881e-08,0.0,1.9604444390868787e-08,1.4070790202803335e-15,3.5049905108496206e-16,1.053755586024603e-14,-1.6696664903932534e-07,0.22499999999999998,-4.563194476086297e-14,0.5400000144992074,0.225,0.0,0.5399999999999999,0.0,129.88439778936157,1.371172062611108e-14,True,True,False
9.68,1.4595141428835238e-08,0.0,1.8769611136792863e-08,1.4032692547358321e-15,3.5049905108496206e-16,1.053755586024603e-14,-1.6696664903932534e-07,0.22499999999999998,-4.5689446631437575e-14,0.5400000145951414,0.225,0.0,0.5399999999999999,0.0,129.88439778936157,1.3767495656808241e-14,True,True,False
9.685,1.4686901805909449e-08,0.0,1.7934777882716953e-08,1.3994599458599005e-15,3.5049905108496206e-16,1.053755586024603e-14,-1.6696664903932534e-07,0.22499999999999998,-4.5746487380294755e-14,0.5400000146869017,0.225,0.0,0.5399999999999999,0.0,129.88439778936157,1.3823071310510633e-14,True,True,False
9.69,1.477448952076793e-08,0.0,1.7099944628641052e-08,1.39565109739185e-15,3.5049905108496206e-16,1.053755586024603e-14,-1.6696664903932534e-07,0.22499999999999998,-4.580306700743459e-14,0.5400000147744894,0.225,0.0,0.5399999999999999,0.0,129.88439778936157,1.3878447587218254e-14,True,True,False
9.695,1.4857902797053841e-08,0.0,1.6265111374565165e-08,1.3918427131114702e-15,3.5049905108496206e-16,1.053755586024603e-14,-1.6696664903932534e-07,0.22499999999999998,-4.585918551285702e-14,0.5400000148579027,0.225,0.0,0.5399999999999999,0.0,129.88439778936157,1.393362448693111e-14,True,True,False
9.700000000000001,1.4937141634767184e-08,0.0,1.5430278120489294e-08,1.388034796839569e-15,3.0368826103433857e-16,1.0134166574291127e-14,-1.4362882322987827e-07,0.22499999999999998,-4.591484289656206e-14,0.5400000149371416,0.225,0.0,0.5399999999999999,0.0,129.88439809835438,1.4420085754547918e-14,True,True,False
9.705,1.5012497356429617e-08,0.0,1.4712133994040108e-08,1.3839464530973614e-15,3.0368826103433857e-16,1.0134166574291127e-14,-1.4362882322987827e-07,0.22499999999999998,-4.597002901415068e-14,0.5400000150124973,0.225,0.0,0.5399999999999999,0.0,129.88439809835438,1.447353348017176e-14,True,True,False
9.71,1.5084263060919638e-08,0.0,1.3993989867590942e-08,1.379858685472103e-15,3.0368826103433857e-16,1.0134166574291127e-14,-1.4362882322987827e-07,0.22499999999999998,-4.602473372122384e-14,0.540000015084263,0.225,0.0,0.5399999999999999,0.0,129.88439809835438,1.4526767128026247e-14,True,True,False
9.715,1.5152437860058828e-08,0.0,1.3275845741141791e-08,1.3757714990991646e-15,3.0368826103433857e-16,1.0134166574291127e-14,-1.4362882322987827e-07,0.22499999999999998,-4.607895701778154e-14,0.5400000151524378,0.225,0.0,0.5399999999999999,0.0,129.88439809835438,1.4579786698111388e-14,True,True,False
9.72,1.521702175384719e-08,0.0,1.2557701614692658e-08,1.3716848991743896e-15,3.0368826103433857e-16,1.0134166574291127e-14,-1.4362882322987827e-07,0.22499999999999998,-4.613269890382376e-14,0.5400000152170217,0.225,0.0,0.5399999999999999,0.0,129.88439809835438,1.4632592190427183e-14,True,True,False
9.725,1.5278014742284718e-08,0.0,1.1839557488243548e-08,1.3675988909549749e-15,3.0368826103433857e-16,1.0134166574291127e-14,-1.4362882322987827e-07,0.22499999999999998,-4.6185959379350536e-14,0.5400000152780147,0.225,0.0,0.5399999999999999,0.0,129.88439809835438,1.4685183604973627e-14,True,True,False
9.73,1.5335416825371415e-08,0.0,1.1121413361819414e-08,1.3634565572244445e-15,3.0368826103433857e-16,1.0134166574291127e-14,-1.4362882322987827e-07,0.22499999999999998,-4.6238735678865556e-14,0.5400000153354167,0.225,0.0,0.5399999999999999,0.0,129.88439809835438,1.473728823154725e-14,True,True,False
9.735,1.53892288912857e-08,0.0,1.0403269235402905e-08,1.359297344530982e-15,3.0368826103433857e-16,1.0134166574291127e-14,-1.4362882322987827e-07,0.22499999999999998,-4.6291021391445595e-14,0.5400000153892288,0.225,0.0,0.5399999999999999,0.0,129.88439809835438,1.478909230230354e-14,True,True,False
9.74,1.5439450051849154e-08,0.0,9.685125108986433e-09,1.3551385604015756e-15,3.0368826103433857e-16,1.0134166574291127e-14,-1.4362882322987827e-07,0.22499999999999998,-4.6342816265681934e-14,0.54000001543945,0.225,0.0,0.5399999999999999,0.0,129.88439809835438,1.4840678359699722e-14,True,True,False
9.745000000000001,1.548608030706177e-08,0.0,8.966980982569537e-09,1.350955268763867e-15,3.0368826103433857e-16,1.0134166574291127e-14,-1.4362882322987827e-07,0.22499999999999998,-4.6394119371108236e-14,0.5400000154860802,0.225,0.0,0.5399999999999999,0.0,129.88439809835438,1.489192830370597e-14,True,True,False
9.75,1.552911965692356e-08,0.0,8.24883685615234e-09,1.3467533450248348e-15,2.557619881681835e-16,9.700359392644119e-15,-1.2204564693763614e-07,0.22499999999999998,-4.644492636554825e-14,0.5400000155291196,0.225,0.0,0.5399999999999999,0.0,129.88439838411563,1.540688823202432e-14,True,True,False
9.755,1.5568838107674104e-08,0.0,7.638608608064509e-09,1.3423918152283588e-15,2.557619881681835e-16,9.700359392644119e-15,-1.2204564693763614e-07,0.22499999999999998,-4.649523443084712e-14,0.540000015568838,0.225,0.0,0.5399999999999999,0.0,129.88439838411563,1.5456846989932896e-14,True,True,False
9.76,1.560550566555299e-08,0.0,7.028380359976735e-09,1.3380306615259294e-15,2.557619881681835e-16,9.700359392644119e-15,-1.2204564693763614e-07,0.22499999999999998,-4.654504129162194e-14,0.5400000156055056,0.225,0.0,0.5399999999999999,0.0,129.88439838411563,1.550657702019578e-14,True,True,False
9.765,1.5639121442381797e-08,0.0,6.4181521118890476e-09,1.3336698876070735e-15,2.557619881681835e-16,9.700359392644119e-15,-1.2204564693763614e-07,0.22499999999999998,-4.65943469478727e-14,0.5400000156391214,0.225,0.0,0.5399999999999999,0.0,129.88439838411563,1.5556078322812966e-14,True,True,False
9.77,1.5669687214517367e-08,0.0,5.807923863801468e-09,1.3293094972094095e-15,2.557619881681835e-16,9.700359392644119e-15,-1.2204564693763614e-07,0.22499999999999998,-4.6643151399599396e-14,0.5400000156696871,0.225,0.0,0.5399999999999999,0.0,129.88439838411563,1.5605350897784462e-14,True,True,False
9.775,1.569720120560286e-08,0.0,5.197695615714036e-09,1.3249494941194262e-15,2.557619881681835e-16,9.700359392644119e-15,-1.2204564693763614e-07,0.22499999999999998,-4.669145464680205e-14,0.5400000156972011,0.225,0.0,0.5399999999999999,0.0,129.88439838411563,1.5654394745110265e-14,True,True,False
9.78,1.5721663415638275e-08,0.0,4.58746736762681e-09,1.3205898821732785e-15,2.557619881681835e-16,9.700359392644119e-15,-1.2204564693763614e-07,0.22499999999999998,-4.673925668948063e-14,0.5400000157216633,0.225,0.0,0.5399999999999999,0.0,129.88439838411563,1.5703209864790378e-14,True,True,False
9.785,1.5743075620980452e-08,0.0,3.977239119539888e-09,1.3162306652576001e-15,2.557619881681835e-16,9.700359392644119e-15,-1.2204564693763614e-07,0.22499999999999998,-4.678655752763516e-14,0.5400000157430755,0.225,0.0,0.5399999999999999,0.0,129.88439838411563,1.5751796256824798e-14,True,True,False
9.790000000000001,1.576143604527255e-08,0.0,3.3670108714534265e-09,1.3118718473103297e-15,2.557619881681835e-16,9.700359392644119e-15,-1.2204564693763614e-07,0.22499999999999998,-4.683335716126563e-14,0.540000015761436,0.225,0.0,0.5399999999999999,0.0,129.88439838411563,1.5800153921213524e-14,True,True,False
9.795,1.577674557669299e-08,0.0,2.7567826233677386e-09,1.3075134323215533e-15,2.557619881681835e-16,9.700359392644119e-15,-1.2204564693763614e-07,0.22499999999999998,-4.687965559037205e-14,0.5400000157767455,0.225,0.0,0.5399999999999999,0.0,129.88439838411563,1.5848282857956557e-14,True,True,False
9.8,1.5789004215241774e-08,0.0,2.1465543752834843e-09,1.3031554243343664e-15,2.0926370365973927e-16,9.24720751352935e-15,-1.0224696560445679e-07,0.225,-4.6925452814954424e-14,0.5400000157890041,0.225,0.0,0.5399999999999999,0.0,129.88439864625016,1.6380895160526894e-14,True,True,False
9.805,1.5798458874519574e-08,0.0,1.6353195314827619e-09,1.2985221477518027e-15,2.0926370365973927e-16,9.24720751352935e-15,-1.0224696560445679e-07,0.225,-4.697073921841502e-14,0.5400000157984588,0.225,0.0,0.5399999999999999,0.0,129.88439864625016,1.6427258019568866e-14,True,True,False
9.81,1.5805357356305487e-08,0.0,1.1240846876870224e-09,1.2938892584207544e-15,2.0926370365973927e-16,9.24720751352935e-15,-1.0224696560445679e-07,0.225,-4.7015505184156145e-14,0.5400000158053573,0.225,0.0,0.5399999999999999,0.0,129.88439864625016,1.647337769104902e-14,True,True,False
9.815,1.5809699660599514e-08,0.0,6.128498439087334e-10,1.289256760515937e-15,2.0926370365973927e-16,9.24720751352935e-15,-1.0224696560445679e-07,0.225,-4.705975071217777e-14,0.5400000158096996,0.225,0.0,0.5399999999999999,0.0,129.88439864625016,1.651925417496735e-14,True,True,False
9.82,1.5811485787401653e-08,0.0,1.0161500041128612e-10,1.2846246582719289e-15,2.0926370365973927e-16,9.24720751352935e-15,-1.0224696560445679e-07,0.225,-4.710347580247992e-14,0.5400000158114857,0.225,0.0,0.5399999999999999,0.0,129.88439864625016,1.6564887471323857e-14,True,True,False
9.825000000000001,1.5810715736711906e-08,0.0,4.096198438568496e-10,1.2799929559842412e-15,2.0926370365973927e-16,9.24720751352935e-15,-1.0224696560445679e-07,0.225,-4.714668045506257e-14,0.5400000158107157,0.225,0.0,0.5399999999999999,0.0,129.88439864625016,1.6610277580118542e-14,True,True,False
9.83,1.580738950853027e-08,0.0,9.208546876120747e-10,1.275361658010411e-15,2.0926370365973927e-16,9.24720751352935e-15,-1.0224696560445679e-07,0.225,-4.718936466992575e-14,0.5400000158073894,0.225,0.0,0.5399999999999999,0.0,129.88439864625016,1.665542450135141e-14,True,True,False
9.835,1.580150710285675e-08,0.0,1.432089531403694e-09,1.270730768771118e-15,2.0926370365973927e-16,9.24720751352935e-15,-1.0224696560445679e-07,0.225,-4.7231528447069425e-14,0.540000015801507,0.225,0.0,0.5399999999999999,0.0,129.88439864625016,1.670032823502245e-14,True,True,False
9.84,1.579306851969134e-08,0.0,1.943324375228559e-09,1.2660257551401241e-15,2.0926370365973927e-16,9.24720751352935e-15,-1.0224696560445679e-07,0.225,-4.727316750949904e-14,0.5400000157930684,0.225,0.0,0.5399999999999999,0.0,129.88439864625016,1.6744631469089428e-14,True,True,False
9.845,1.5782073759034045e-08,0.0,2.4545592190614214e-09,1.2613064103681303e-15,2.0926370365973927e-16,9.24720751352935e-15,-1.0224696560445679e-07,0.225,-4.7314273961224694e-14,0.5400000157820737,0.225,0.0,0.5399999999999999,0.0,129.88439864625016,1.6788615702970516e-14,True,True,False
9.85,1.5768522820884862e-08,0.0,2.965794062895676e-09,1.2565876629398943e-15,1.6269773342590273e-16,8.766213655768238e-15,-8.423085770478602e-08,0.225,-4.7354847637746514e-14,0.5400000157685227,0.225,0.0,0.5399999999999999,0.0,129.88439888478345,1.7346845156519057e-14,True,True,False
9.855,1.575264041438398e-08,0.0,3.386948359403888e-09,1.2516835933715702e-15,1.6269773342590273e-16,8.766213655768238e-15,-8.423085770478602e-08,0.225,-4.7394885379524085e-14,0.5400000157526403,0.225,0.0,0.5399999999999999,0.0,129.88439888478345,1.7389464906037636e-14,True,True,False
9.86,1.573465302502841e-08,0.0,3.808102655912462e-09,1.246779754312739e-15,1.6269773342590273e-16,8.766213655768238e-15,-8.423085770478602e-08,0.225,-4.743438402701695e-14,0.540000015734653,0.225,0.0,0.5399999999999999,0.0,129.88439888478345,1.74318271276899e-14,True,True,False
9.865,1.5714558876461324e-08,0.0,4.22925695242129e-09,1.241876148494063e-15,1.6269773342590273e-16,8.766213655768238e-15,-8.423085770478602e-08,0.225,-4.747334358022507e-14,0.5400000157145588,0.225,0.0,0.5399999999999999,0.0,129.88439888478345,1.747393182147586e-14,True,True,False
9.870000000000001,1.5692359745039557e-08,0.0,4.650411248930302e-09,1.2369727786893732e-15,1.6269773342590273e-16,8.766213655768238e-15,-8.423085770478602e-08,0.225,-4.751176403914845e-14,0.5400000156923597,0.225,0.0,0.5399999999999999,0.0,129.88439888478345,1.7515778987395508e-14,True,True,False
9.875,1.566805474258469e-08,0.0,5.071565545439453e-09,1.2320696477165228e-15,1.6269773342590273e-16,8.766213655768238e-15,-8.423085770478602e-08,0.225,-4.7549645403787155e-14,0.5400000156680547,0.225,0.0,0.5399999999999999,0.0,129.88439888478345,1.7557368625448852e-14,True,True,False
9.88,1.5641643869096724e-08,0.0,5.492719841957661e-09,1.2271532948151557e-15,1.6269773342590273e-16,8.766213655768238e-15,-8.423085770478602e-08,0.225,-4.758698742131397e-14,0.5400000156416438,0.225,0.0,0.5399999999999999,0.0,129.88439888478345,1.7598635019098053e-14,True,True,False
9.885,1.5613128012754076e-08,0.0,5.913874138505359e-09,1.222193058304298e-15,1.6269773342590273e-16,8.766213655768238e-15,-8.423085770478602e-08,0.225,-4.7623783644637224e-14,0.5400000156131279,0.225,0.0,0.5399999999999999,0.0,129.88439888478345,1.763942602434845e-14,True,True,False
9.89,1.5582505397199907e-08,0.0,6.3350284350531236e-09,1.2172332484079567e-15,1.6269773342590273e-16,8.766213655768238e-15,-8.423085770478602e-08,0.225,-4.766003129265851e-14,0.5400000155825053,0.225,0.0,0.5399999999999999,0.0,129.88439888478345,1.7679956376342335e-14,True,True,False
9.895,1.554977779879106e-08,0.0,6.7561827315924725e-09,1.2122676107192308e-15,1.6269773342590273e-16,8.766213655768238e-15,-8.423085770478602e-08,0.225,-4.769573027103064e-14,0.5400000155497777,0.225,0.0,0.5399999999999999,0.0,129.88439888478345,1.7720198739975285e-14,True,True,False
9.9,1.5514944329349113e-08,0.0,7.177337028089509e-09,1.2072709779691865e-15,1.189181416432303e-16,8.260158383378045e-15,-6.796898637735273e-08,0.225,-4.773087765498989e-14,0.5400000155149443,0.225,0.0,0.5399999999999999,0.0,129.8843991000906,1.8301342778654048e-14,True,True,False
9.905,1.5478207493553758e-08,0.0,7.517181976618147e-09,1.202099175376847e-15,1.189181416432303e-16,8.260158383378045e-15,-6.796898637735273e-08,0.225,-4.776546979755869e-14,0.5400000154782074,0.225,0.0,0.5399999999999999,0.0,129.8843991000906,1.8340089484685124e-14,True,True,False
9.91,1.5439771572441523e-08,0.0,7.857026925146811e-09,1.1969276161327419e-15,1.189181416432303e-16,8.260158383378045e-15,-6.796898637735273e-08,0.225,-4.779950481290751e-14,0.5400000154397715,0.225,0.0,0.5399999999999999,0.0,129.8843991000906,1.8378564492565102e-14,True,True,False
9.915000000000001,1.539963656601241e-08,0.0,8.196871873675498e-09,1.1917563034048583e-15,1.189181416432303e-16,8.260158383378045e-15,-6.796898637735273e-08,0.225,-4.783298270103635e-14,0.5400000153996365,0.225,0.0,0.5399999999999999,0.0,129.8843991000906,1.841676780229399e-14,True,True,False
9.92,1.535780336244484e-08,0.0,8.536716822204199e-09,1.1865852404162583e-15,1.189181416432303e-16,8.260158383378045e-15,-6.796898637735273e-08,0.225,-4.786590346194519e-14,0.5400000153578033,0.225,0.0,0.5399999999999999,0.0,129.8843991000906,1.8454699413871777e-14,True,True,False
9.925,1.5314269297203553e-08,0.0,8.876561770732919e-09,1.1814144304462762e-15,1.189181416432303e-16,8.260158383378045e-15,-6.796898637735273e-08,0.225,-4.789826709563406e-14,0.5400000153142692,0.225,0.0,0.5399999999999999,0.0,129.8843991000906,1.8492359327298472e-14,True,True,False
9.93,1.5269037034823805e-08,0.0,9.216406719261652e-09,1.1762438768317483e-15,1.189181416432303e-16,8.260158383378045e-15,-6.796898637735273e-08,0.225,-4.793007360210291e-14,0.540000015269037,0.225,0.0,0.5399999999999999,0.0,129.8843991000906,1.852974754257407e-14,True,True,False
9.935,1.522210568712718e-08,0.0,9.5562516677904e-09,1.1710735829682758e-15,1.189181416432303e-16,8.260158383378045e-15,-6.796898637735273e-08,0.225,-4.796132298135181e-14,0.5400000152221056,0.225,0.0,0.5399999999999999,0.0,129.8843991000906,1.8566864059698576e-14,True,True,False
9.94,1.5173475254113678e-08,0.0,9.89609661631916e-09,1.1659035523115199e-15,1.189181416432303e-16,8.260158383378045e-15,-6.796898637735273e-08,0.225,-4.799201523338073e-14,0.5400000151734752,0.225,0.0,0.5399999999999999,0.0,129.8843991000906,1.8603708878671986e-14,True,True,False
9.945,1.5123143959426462e-08,0.0,1.0235941564847927e-08,1.1607337883785324e-15,1.189181416432303e-16,8.260158383378045e-15,-6.796898637735273e-08,0.225,-4.8022150358189625e-14,0.5400000151231439,0.225,0.0,0.5399999999999999,0.0,129.8843991000906,1.8640281999494296e-14,True,True,False
9.950000000000001,1.5071114467600783e-08,0.0,1.0575786513376705e-08,1.15556429474912e-15,7.70805224822643e-17,7.735116233472286e-15,-5.3411434008332316e-08,0.225,-4.805172835577857e-14,0.5400000150711144,0.225,0.0,0.5399999999999999,0.0,129.88439929283263,1.9238192642057127e-14,True,True,False
9.955,1.501756796703427e-08,0.0,1.084284368947425e-08,1.1501317595464784e-15,7.70805224822643e-17,7.735116233472286e-15,-5.3411434008332316e-08,0.225,-4.808074054741344e-14,0.5400000150175679,0.225,0.0,0.5399999999999999,0.0,129.88439929283263,1.9272963666366943e-14,True,True,False
9.96,1.4962685646124533e-08,0.0,1.1109900865571803e-08,1.1446996088295735e-15,7.70805224822643e-17,7.735116233472286e-15,-5.3411434008332316e-08,0.225,-4.810917825436012e-14,0.5400000149626856,0.225,0.0,0.5399999999999999,0.0,129.88439929283263,1.9307449084236048e-14,True,True,False
9.965,1.4906469281228417e-08,0.0,1.1376958041669362e-08,1.1392678480982122e-15,7.70805224822643e-17,7.735116233472286e-15,-5.3411434008332316e-08,0.225,-4.8137041476618664e-14,0.5400000149064692,0.225,0.0,0.5399999999999999,0.0,129.88439929283263,1.934164889566444e-14,True,True,False
9.97,1.4848916207810655e-08,0.0,1.1644015217746902e-08,1.133816159889442e-15,7.70805224822643e-17,7.735116233472286e-15,-5.3411434008332316e-08,0.225,-4.8164329195057695e-14,0.5400000148489161,0.225,0.0,0.5399999999999999,0.0,129.88439929283263,1.937547524767078e-14,True,True,False
9.975,1.4790029090406516e-08,0.0,1.1911072393812853e-08,1.1283529846083908e-15,7.70805224822643e-17,7.735116233472286e-15,-5.3411434008332316e-08,0.225,-4.8191037672862365e-14,0.540000014790029,0.225,0.0,0.5399999999999999,0.0,129.88439929283263,1.9408963875325564e-14,True,True,False
9.98,1.4729806152659156e-08,0.0,1.2178129569878805e-08,1.1228900646998374e-15,7.70805224822643e-17,7.735116233472286e-15,-5.3411434008332316e-08,0.225,-4.821716657032222e-14,0.5400000147298061,0.225,0.0,0.5399999999999999,0.0,129.88439929283263,1.944216536064835e-14,True,True,False
9.985,1.4668247394568575e-08,0.0,1.2445186745944764e-08,1.1174274039092043e-15,7.70805224822643e-17,7.735116233472286e-15,-5.3411434008332316e-08,0.225,-4.824271588743728e-14,0.5400000146682473,0.225,0.0,0.5399999999999999,0.0,129.88439929283263,1.9475079703639146e-14,True,True,False
9.99,1.4605354592491613e-08,0.0,1.2712243922011486e-08,1.111958788860796e-15,7.70805224822643e-17,7.735116233472286e-15,-5.3411434008332316e-08,0.225,-4.826768549737572e-14,0.5400000146053545,0.225,0.0,0.5399999999999999,0.0,129.88439929283263,1.9507677151365493e-14,True,True,False
9.995000000000001,1.4541125081893013e-08,0.0,1.2979301098081996e-08,1.1064593669763103e-15,7.70805224822643e-17,7.735116233472286e-15,-5.3411434008332316e-08,0.225,-4.8292071468350425e-14,0.540000014541125,0.225,0.0,0.5399999999999999,0.0,129.88439929283263,1.9539837622418265e-14,True,True,False
10.0,1.447556152730803e-08,0.0,1.324635827415251e-08,1.1009602372376207e-15,3.809352963032129e-17,7.182291726728677e-15,-4.049111520383353e-08,0.225,-4.8315871475111014e-14,0.5400000144755615,0.225,0.0,0.5399999999999999,0.0,129.88439946389764,2.016303545928767e-14,True,True,False
10.005,1.4408823800852215e-08,0.0,1.3448813859920254e-08,1.0952637867245597e-15,3.809352963032129e-17,7.182291726728677e-15,-4.049111520383353e-08,0.225,-4.8339082944315306e-14,0.5400000144088237,0.225,0.0,0.5399999999999999,0.0,129.88439946389764,2.0193693370988168e-14,True,True,False
10.01,1.4341073550997949e-08,0.0,1.3651269445688005e-08,1.0895675211027983e-15,3.809352963032129e-17,7.182291726728677e-15,-4.049111520383353e-08,0.225,-4.8361703260343806e-14,0.5400000143410735,0.225,0.0,0.5399999999999999,0.0,129.88439946389764,2.022405194621259e-14,True,True,False
10.015,1.4272310777745234e-08,0.0,1.3853725031455758e-08,1.0838714432874145e-15,3.809352963032129e-17,7.182291726728677e-15,-4.049111520383353e-08,0.225,-4.838373242319655e-14,0.5400000142723107,0.225,0.0,0.5399999999999999,0.0,129.88439946389764,2.025411118496094e-14,True,True,False
10.02,1.4202535481094066e-08,0.0,1.4056180617223513e-08,1.0781755562549912e-15,3.809352963032129e-17,7.182291726728677e-15,-4.049111520383353e-08,0.225,-4.84051704328735e-14,0.5400000142025354,0.225,0.0,0.5399999999999999,0.0,129.88439946389764,2.0283871087233217e-14,True,True,False
10.025,1.4131748549222871e-08,0.0,1.4258636202991272e-08,1.0724798630452453e-15,3.809352963032129e-17,7.182291726728677e-15,-4.049111520383353e-08,0.225,-4.842601728937468e-14,0.5400000141317485,0.225,0.0,0.5399999999999999,0.0,129.88439946389764,2.0313331653029423e-14,True,True,False
10.03,1.4059949093953226e-08,0.0,1.4461091788759031e-08,1.066784366762706e-15,3.809352963032129e-17,7.182291726728677e-15,-4.049111520383353e-08,0.225,-4.8446272992700045e-14,0.540000014059949,0.225,0.0,0.5399999999999999,0.0,129.88439946389764,2.0342492882349554e-14,True,True,False
10.035,1.3987138003463553e-08,0.0,1.4663547374526792e-08,1.0610890705784496e-15,3.809352963032129e-17,7.182291726728677e-15,-4.049111520383353e-08,0.225,-4.846593754284969e-14,0.5400000139871379,0.225,0.0,0.5399999999999999,0.0,129.88439946389764,2.0371354775193617e-14,True,True,False
10.040000000000001,1.391331438957543e-08,0.0,1.4866002960294556e-08,1.0553939777318895e-15,3.809352963032129e-17,7.182291726728677e-15,-4.049111520383353e-08,0.225,-4.8485010939823506e-14,0.5400000139133143,0.225,0.0,0.5399999999999999,0.0,129.88439946389764,2.03999173315616e-14,True,True,False
10.045,1.3838478252288857e-08,0.0,1.506845854606232e-08,1.0496990915326223e-15,3.809352963032129e-17,7.182291726728677e-15,-4.049111520383353e-08,0.225,-4.85034931836216e-14,0.5400000138384782,0.225,0.0,0.5399999999999999,0.0,129.88439946389764,2.0428180551453516e-14,True,True,False
10.05,1.3762629591603839e-08,0.0,1.527091413183009e-08,1.0440044153623378e-15,1.8052654353380067e-18,6.611689830863821e-15,-2.9127578087705933e-08,0.225,-4.852138427424386e-14,0.5400000137626295,0.225,0.0,0.5399999999999999,0.0,129.88439961435085,2.1066486446573837e-14,True,True,False
10.055,1.368591140424594e-08,0.0,1.5416552037144808e-08,1.0380564867235974e-15,1.8052654353380067e-18,6.611689830863821e-15,-2.9127578087705933e-08,0.225,-4.853867625326525e-14,0.5400000136859113,0.225,0.0,0.5399999999999999,0.0,129.88439961435085,2.10929371662056e-14,True,True,False
10.06,1.360846402240548e-08,0.0,1.5562189942459525e-08,1.0321088569308589e-15,1.8052654353380067e-18,6.611689830863821e-15,-2.9127578087705933e-08,0.225,-4.8555361162260666e-14,0.540000013608464,0.225,0.0,0.5399999999999999,0.0,129.88439961435085,2.1119075136904843e-14,True,True,False
10.065,1.3530289222439291e-08,0.0,1.5707827847774252e-08,1.026161531180454e-15,1.8052654353380067e-18,6.611689830863821e-15,-2.9127578087705933e-08,0.225,-4.857143900123006e-14,0.5400000135302891,0.225,0.0,0.5399999999999999,0.0,129.88439961435085,2.1144900358671574e-14,True,True,False
10.07,1.3451386116168959e-08,0.0,1.5853465753088975e-08,1.0202145147896144e-15,1.8052654353380067e-18,6.611689830863821e-15,-2.9127578087705933e-08,0.225,-4.8586909770173465e-14,0.540000013451386,0.225,0.0,0.5399999999999999,0.0,129.88439961435085,2.1170412831505783e-14,True,True,False
10.075000000000001,1.337175470359448e-08,0.0,1.59991036584037e-08,1.0142678131999983e-15,1.8052654353380067e-18,6.611689830863821e-15,-2.9127578087705933e-08,0.225,-4.8601773469090854e-14,0.5400000133717546,0.225,0.0,0.5399999999999999,0.0,129.88439961435085,2.1195612555407487e-14,True,True,False
10.08,1.329139498471586e-08,0.0,1.6144741563711627e-08,1.0083144217993947e-15,1.8052654353380067e-18,6.611689830863821e-15,-2.9127578087705933e-08,0.225,-4.8616029946550105e-14,0.5400000132913949,0.225,0.0,0.5399999999999999,0.0,129.88439961435085,2.1220470737323165e-14,True,True,False
10.085,1.3210306959533093e-08,0.0,1.6290379468985547e-08,1.0023262042470772e-15,1.8052654353380067e-18,6.611689830863821e-15,-2.9127578087705933e-08,0.225,-4.8629674508154766e-14,0.5400000132103069,0.225,0.0,0.5399999999999999,0.0,129.88439961435085,2.124487116986908e-14,True,True,False
10.09,1.312849151622454e-08,0.0,1.643601737425947e-08,9.963381426914097e-16,1.8052654353380067e-18,6.611689830863821e-15,-2.9127578087705933e-08,0.225,-4.8625882111137255e-14,0.5400000131284914,0.225,0.0,0.5399999999999999,0.0,129.88439961435085,2.1206138469787892e-14,True,True,False
10.095,1.3045946878433381e-08,0.0,1.658165527953514e-08,9.903499893478499e-16,1.8052654353380067e-18,6.611689830863821e-15,-2.9127578087705933e-08,0.225,-4.8610395131367964e-14,0.5400000130459468,0.225,0.0,0.5399999999999999,0.0,129.88439961435085,2.1125713571086098e-14,True,True,False
10.1,1.2962674822516499e-08,0.0,1.672729318481952e-08,9.843607679952166e-16,-4.9530239605405853e-17,6.008738229268331e-15,-1.9230522787684712e-08,0.225,-4.8594462015038077e-14,0.5400000129626747,0.225,0.0,0.5399999999999999,0.0,129.88439974538787,2.1690536873431658e-14,True,True,False
10.105,1.2878797917095809e-08,0.0,1.6823445813526637e-08,9.782334120624953e-16,-4.9530239605405853e-17,6.008738229268331e-15,-1.9230522787684712e-08,0.225,-4.857808448403262e-14,0.5400000128787978,0.225,0.0,0.5399999999999999,0.0,129.88439974538787,2.161008686779792e-14,True,True,False
10.11,1.279444050715007e-08,0.0,1.691959844223376e-08,9.721062323473775e-16,-4.9530239605405853e-17,6.008738229268331e-15,-1.9230522787684712e-08,0.225,-4.856126433580277e-14,0.5400000127944404,0.225,0.0,0.5399999999999999,0.0,129.88439974538787,2.1529958906742096e-14,True,True,False
10.115,1.2709601704500863e-08,0.0,1.701575107094089e-08,9.659792322030942e-16,-4.9530239605405853e-17,6.008738229268331e-15,-1.9230522787684712e-08,0.225,-4.854400157033109e-14,0.5400000127096016,0.225,0.0,0.5399999999999999,0.0,129.88439974538787,2.1450152990199016e-14,True,True,False
10.120000000000001,1.2624282397326609e-08,0.0,1.7111903699648017e-08,9.598524150683936e-16,-4.9530239605405853e-17,6.008738229268331e-15,-1.9230522787684712e-08,0.225,-4.852629618759979e-14,0.5400000126242823,0.225,0.0,0.5399999999999999,0.0,129.88439974538787,2.137066911810226e-14,True,True,False
10.125,1.2538482585627305e-08,0.0,1.720805632835514e-08,9.537257844702846e-16,-4.9530239605405853e-17,6.008738229268331e-15,-1.9230522787684712e-08,0.225,-4.850814818759073e-14,0.5400000125384825,0.225,0.0,0.5399999999999999,0.0,129.88439974538787,2.1291507290384136e-14,True,True,False
10.13,1.2452202269402954e-08,0.0,1.7304208957062266e-08,9.47599344026881e-16,-4.9530239605405853e-17,6.008738229268331e-15,-1.9230522787684712e-08,0.225,-4.848955757028542e-14,0.5400000124522022,0.225,0.0,0.5399999999999999,0.0,129.88439974538787,2.1212667506975633e-14,True,True,False
10.135,1.2365440560475135e-08,0.0,1.74003615857694e-08,9.414730974503595e-16,-4.9530239605405853e-17,6.008738229268331e-15,-1.9230522787684712e-08,0.225,-4.8470524335665075e-14,0.5400000123654405,0.225,0.0,0.5399999999999999,0.0,129.88439974538787,2.113414976780641e-14,True,True,False
10.14,1.2278198347022268e-08,0.0,1.7496514214476526e-08,9.35347048550032e-16,-4.9530239605405853e-17,6.008738229268331e-15,-1.9230522787684712e-08,0.225,-4.845104848371042e-14,0.5400000122781983,0.225,0.0,0.5399999999999999,0.0,129.88439974538787,2.1055954072804734e-14,True,True,False
10.145,1.2190475629044354e-08,0.0,1.7592666843183656e-08,9.292212012355409e-16,-4.9530239605405853e-17,6.008738229268331e-15,-1.9230522787684712e-08,0.225,-4.8431130014401906e-14,0.5400000121904756,0.225,0.0,0.5399999999999999,0.0,129.88439974538787,2.0978080421897445e-14,True,True,False
10.15,1.2102271518362975e-08,0.0,1.768881947189079e-08,9.23095559520178e-16,-1.4105834430386838e-16,5.375278237573908e-15,-1.0702760957979245e-08,0.225,-4.8410768927719565e-14,0.5400000121022714,0.225,0.0,0.5399999999999999,0.0,129.88439985829544,2.1578106729299384e-14,True,True,False
10.155,1.2013693484566912e-08,0.0,1.7742333289685716e-08,9.170017264794317e-16,-1.4105834430386838e-16,5.375278237573908e-15,-1.0702760957979245e-08,0.225,-4.83899707484567e-14,0.5400000120136934,0.225,0.0,0.5399999999999999,0.0,129.88439985829544,2.1501026380852662e-14,True,True,False
10.16,1.1924848109066529e-08,0.0,1.7795847107480653e-08,9.109081012446225e-16,-1.4105834430386838e-16,5.375278237573908e-15,-1.0702760957979245e-08,0.225,-4.836874100018407e-14,0.540000011924848,0.225,0.0,0.5399999999999999,0.0,129.88439985829544,2.1424266059839234e-14,True,True,False
10.165000000000001,1.1835735391861824e-08,0.0,1.784936092527558e-08,9.048146880142613e-16,-1.4105834430386838e-16,5.375278237573908e-15,-1.0702760957979245e-08,0.225,-4.834707968102838e-14,0.5400000118357353,0.225,0.0,0.5399999999999999,0.0,129.88439985829544,2.134782575926394e-14,True,True,False
10.17,1.1746354444774382e-08,0.0,1.7902874743095497e-08,8.98749656350164e-16,-1.4105834430386838e-16,5.375278237573908e-15,-1.0702760957979245e-08,0.225,-4.8324986992647855e-14,0.5400000117463544,0.225,0.0,0.5399999999999999,0.0,129.88439985829544,2.1271818072191673e-14,True,True,False
10.175,1.1656706155982621e-08,0.0,1.7956388560958558e-08,8.927337681844182e-16,-1.4105834430386838e-16,5.375278237573908e-15,-1.0702760957979245e-08,0.225,-4.830246517275026e-14,0.5400000116567061,0.225,0.0,0.5399999999999999,0.0,129.88439985829544,2.1196322653634495e-14,True,True,False
10.18,1.1566790525486543e-08,0.0,1.8009902378821628e-08,8.86718512214693e-16,-1.4105834430386838e-16,5.375278237573908e-15,-1.0702760957979245e-08,0.225,-4.827951483122665e-14,0.5400000115667904,0.225,0.0,0.5399999999999999,0.0,129.88439985829544,2.112114398298111e-14,True,True,False
10.185,1.1476607553286143e-08,0.0,1.8063416196684695e-08,8.807039013947894e-16,-1.4105834430386838e-16,5.375278237573908e-15,-1.0702760957979245e-08,0.225,-4.8256135967323143e-14,0.5400000114766075,0.225,0.0,0.5399999999999999,0.0,129.88439985829544,2.104628205741608e-14,True,True,False
10.19,1.1386156351203008e-08,0.0,1.8116930014524127e-08,8.74716789336399e-16,-1.4105834430386838e-16,5.375278237573908e-15,-1.0702760957979245e-08,0.225,-4.8232328775417955e-14,0.5400000113861563,0.225,0.0,0.5399999999999999,0.0,129.88439985829544,2.0971884316455635e-14,True,True,False
10.195,1.1295437807415554e-08,0.0,1.817044383232274e-08,8.687764265645481e-16,-1.4105834430386838e-16,5.375278237573908e-15,-1.0702760957979245e-08,0.225,-4.8208095401566084e-14,0.5400000112954377,0.225,0.0,0.5399999999999999,0.0,129.88439985829544,2.0898055036940972e-14,True,True,False
10.200000000000001,1.1204451921923783e-08,0.0,1.8223957650121353e-08,8.628363283991515e-16,-2.1765394488985508e-16,4.753821512214927e-15,-3.442859755496351e-09,0.225,-4.8183436431049486e-14,0.5400000112044518,0.225,0.0,0.5399999999999999,0.0,129.88439995441652,2.1489276854028865e-14,True,True,False
10.205,1.1113289288926503e-08,0.0,1.8241171964765858e-08,8.567766449435599e-16,-2.1765394488985508e-16,4.753821512214927e-15,-3.442859755496351e-09,0.225,-4.815835408864409e-14,0.5400000111132892,0.225,0.0,0.5399999999999999,0.0,129.88439995441652,2.1415483516290417e-14,True,True,False
10.21,1.1022040502622524e-08,0.0,1.8258386279410376e-08,8.507174033062918e-16,-2.1765394488985508e-16,4.753821512214927e-15,-3.442859755496351e-09,0.225,-4.8132850595448976e-14,0.5400000110220404,0.225,0.0,0.5399999999999999,0.0,129.88439995441652,2.1342008551151308e-14,True,True,False
10.215,1.0930705563011846e-08,0.0,1.8275600594054887e-08,8.446586129956286e-16,-2.1765394488985508e-16,4.753821512214927e-15,-3.442859755496351e-09,0.225,-4.8106925945765227e-14,0.5400000109307055,0.225,0.0,0.5399999999999999,0.0,129.88439995441652,2.1268851937330254e-14,True,True,False
10.22,1.0839284470094468e-08,0.0,1.8292814908699398e-08,8.386002837939187e-16,-2.1765394488985508e-16,4.753821512214927e-15,-3.442859755496351e-09,0.225,-4.8080580133770506e-14,0.5400000108392844,0.225,0.0,0.5399999999999999,0.0,129.88439995441652,2.119601365308536e-14,True,True,False
10.225,1.074777722387039e-08,0.0,1.8310029223343916e-08,8.325424257674952e-16,-2.1765394488985508e-16,4.753821512214927e-15,-3.442859755496351e-09,0.225,-4.8053813153515566e-14,0.5400000107477771,0.225,0.0,0.5399999999999999,0.0,129.88439995441652,2.1123493676200756e-14,True,True,False
10.23,1.0656183824339616e-08,0.0,1.832724353798843e-08,8.264850492770283e-16,-2.1765394488985508e-16,4.753821512214927e-15,-3.442859755496351e-09,0.225,-4.802662499892062e-14,0.5400000106561837,0.225,0.0,0.5399999999999999,0.0,129.88439995441652,2.1051291983972767e-14,True,True,False
10.235,1.0564505159680565e-08,0.0,1.834445785263295e-08,8.204281649883315e-16,-2.1765394488985508e-16,4.753821512214927e-15,-3.442859755496351e-09,0.225,-4.799901566377125e-14,0.5400000105645051,0.225,0.0,0.5399999999999999,0.0,129.88439995441652,2.097940855319553e-14,True,True,False
10.24,1.0472739453536395e-08,0.0,1.8361672167277457e-08,8.143717838836464e-16,-2.1765394488985508e-16,4.753821512214927e-15,-3.442859755496351e-09,0.225,-4.7970985141714686e-14,0.5400000104727394,0.225,0.0,0.5399999999999999,0.0,129.88439995441652,2.0907843360146157e-14,True,True,False
10.245000000000001,1.0380888482263947e-08,0.0,1.8378886481921985e-08,8.0831591727343e-16,-2.1765394488985508e-16,4.753821512214927e-15,-3.442859755496351e-09,0.225,-4.794253342625557e-14,0.5400000103808884,0.225,0.0,0.5399999999999999,0.0,129.88439995441652,2.0836596380569264e-14,True,True,False
10.25,1.0288951357684801e-08,0.0,1.83961007965665e-08,8.022605768086718e-16,-2.815069788239267e-16,4.1350031238518395e-15,2.6526446425431495e-09,0.225,-4.7913660510751576e-14,0.5400000102889513,0.225,0.0,0.5399999999999999,0.0,129.884400035121,2.1427584169053207e-14,True,True,False
10.255,1.0197004463143054e-08,0.0,1.838283759341353e-08,7.962215996101561e-16,-2.815069788239267e-16,4.1350031238518395e-15,2.6526446425431495e-09,0.225,-4.788437137508486e-14,0.5400000101970044,0.225,0.0,0.5399999999999999,0.0,129.884400035121,2.1357055648965732e-14,True,True,False
10.26,1.0105123293804377e-08,0.0,1.836957439026055e-08,7.90183120477637e-16,-2.815069788239267e-16,4.1350031238518395e-15,2.6526446425431495e-09,0.225,-4.78546710011392e-14,0.5400000101051232,0.225,0.0,0.5399999999999999,0.0,129.884400035121,2.1286844631372023e-14,True,True,False
10.265,1.0013307849668772e-08,0.0,1.8356311187107582e-08,7.841451509175089e-16,-2.815069788239267e-16,4.1350031238518395e-15,2.6526446425431495e-09,0.225,-4.7824559385080713e-14,0.5400000100133078,0.225,0.0,0.5399999999999999,0.0,129.884400035121,2.121695110195571e-14,True,True,False
10.27,9.921559018914659e-09,0.0,1.8343047983967353e-08,7.781246452355206e-16,-2.815069788239267e-16,4.1350031238518395e-15,2.6526446425431495e-09,0.225,-4.77940365947179e-14,0.5400000099215589,0.225,0.0,0.5399999999999999,0.0,129.884400035121,2.1147440633751755e-14,True,True,False
10.275,9.829876801542036e-09,0.0,1.8329784780869007e-08,7.721606331701879e-16,-2.815069788239267e-16,4.1350031238518395e-15,2.6526446425431495e-09,0.225,-4.7763104455518395e-14,0.5400000098298767,0.225,0.0,0.5399999999999999,0.0,129.884400035121,2.107846127803667e-14,True,True,False
10.28,9.738261197550907e-09,0.0,1.8316521577770653e-08,7.661976488885611e-16,-2.815069788239267e-16,4.1350031238518395e-15,2.6526446425431495e-09,0.225,-4.7731763753586043e-14,0.5400000097382611,0.225,0.0,0.5399999999999999,0.0,129.884400035121,2.1009796383171876e-14,True,True,False
10.285,9.646712206941269e-09,0.0,1.8303258374672307e-08,7.60235716575211e-16,-2.815069788239267e-16,4.1350031238518395e-15,2.6526446425431495e-09,0.225,-4.7700014486029723e-14,0.5400000096467121,0.225,0.0,0.5399999999999999,0.0,129.884400035121,2.0941445938361317e-14,True,True,False
10.290000000000001,9.555229829713124e-09,0.0,1.8289995171535764e-08,7.542934562971198e-16,-2.815069788239267e-16,4.1350031238518395e-15,2.6526446425431495e-09,0.225,-4.7667856809721134e-14,0.5400000095552298,0.225,0.0,0.5399999999999999,0.0,129.884400035121,2.0873544651874385e-14,True,True,False
10.295,9.463813177688053e-09,0.0,1.827673196833324e-08,7.48383839638735e-16,-2.815069788239267e-16,4.1350031238518395e-15,2.6526446425431495e-09,0.225,-4.7635292480378207e-14,0.5400000094638131,0.225,0.0,0.5399999999999999,0.0,129.884400035121,2.080618788473857e-14,True,True,False
10.3,9.372461362687637e-09,0.0,1.8263468765130724e-08,7.424744904034616e-16,-3.470754481829701e-16,3.52618464201549e-15,7.687372502556434e-09,0.225,-4.760232197618886e-14,0.5400000093724613,0.225,0.0,0.5399999999999999,0.0,129.8844001017808,2.1390361953869625e-14,True,True,False
10.305,9.281240109914934e-09,0.0,1.8225031912952336e-08,7.364449635831435e-16,-3.470754481829701e-16,3.52618464201549e-15,7.687372502556434e-09,0.225,-4.756894734170208e-14,0.54000000928124,0.225,0.0,0.5399999999999999,0.0,129.8844001017808,2.132302954600275e-14,True,True,False
10.31,9.190211591859321e-09,0.0,1.818659506077396e-08,7.30415874963154e-16,-3.470754481829701e-16,3.52618464201549e-15,7.687372502556434e-09,0.225,-4.7535170616415265e-14,0.5400000091902115,0.225,0.0,0.5399999999999999,0.0,129.8844001017808,2.125601359875431e-14,True,True,False
10.315,9.099374032163958e-09,0.0,1.8148158208595573e-08,7.243872354849418e-16,-3.470754481829701e-16,3.52618464201549e-15,7.687372502556434e-09,0.225,-4.75009917914164e-14,0.540000009099374,0.225,0.0,0.5399999999999999,0.0,129.8844001017808,2.1189314078844792e-14,True,True,False
10.32,9.008730095364107e-09,0.0,1.8109721356417195e-08,7.183590564564199e-16,-3.470754481829701e-16,3.52618464201549e-15,7.687372502556434e-09,0.225,-4.746641085756974e-14,0.54000000900873,0.225,0.0,0.5399999999999999,0.0,129.8844001017808,2.1122930952158967e-14,True,True,False
10.325000000000001,8.91827711692451e-09,0.0,1.8071284504238814e-08,7.123313495674003e-16,-3.470754481829701e-16,3.52618464201549e-15,7.687372502556434e-09,0.225,-4.743142780550815e-14,0.540000008918277,0.225,0.0,0.5399999999999999,0.0,129.8844001017808,2.1056864183717776e-14,True,True,False
10.33,8.828016873202004e-09,0.0,1.8032847652060433e-08,7.063041269058143e-16,-3.470754481829701e-16,3.52618464201549e-15,7.687372502556434e-09,0.225,-4.739604262562538e-14,0.5400000088280168,0.225,0.0,0.5399999999999999,0.0,129.8844001017808,2.0991113737649017e-14,True,True,False
10.335,8.73794847601817e-09,0.0,1.7994410799882058e-08,7.002774009747637e-16,-3.470754481829701e-16,3.52618464201549e-15,7.687372502556434e-09,0.225,-4.736025530806778e-14,0.5400000087379484,0.225,0.0,0.5399999999999999,0.0,129.8844001017808,2.0925679577156775e-14,True,True,False
10.34,8.648072813551431e-09,0.0,1.795597394770368e-08,6.942511847104546e-16,-3.470754481829701e-16,3.52618464201549e-15,7.687372502556434e-09,0.225,-4.7324065842725774e-14,0.5400000086480727,0.225,0.0,0.5399999999999999,0.0,129.8844001017808,2.086056166448956e-14,True,True,False
10.345,8.558388997623366e-09,0.0,1.7917537095525302e-08,6.882254915010663e-16,-3.470754481829701e-16,3.52618464201549e-15,7.687372502556434e-09,0.225,-4.728747421922506e-14,0.5400000085583889,0.225,0.0,0.5399999999999999,0.0,129.8844001017808,2.0795759960907036e-14,True,True,False
10.35,8.468897028233975e-09,0.0,1.7879100243346924e-08,6.822003352066118e-16,-4.0142841332734735e-16,2.9191249377627927e-15,1.1763468683099978e-08,0.225,-4.72504804269172e-14,0.540000008468897,0.225,0.0,0.5399999999999999,0.0,129.88440015574832,2.138061337513278e-14,True,True,False
10.355,8.37964930791002e-09,0.0,1.7820282911010504e-08,6.761658269365654e-16,-4.0142841332734735e-16,2.9191249377627927e-15,1.1763468683099978e-08,0.225,-4.7213088860896125e-14,0.5400000083796492,0.225,0.0,0.5399999999999999,0.0,129.88440015574832,2.131645717464864e-14,True,True,False
10.36,8.290694686464585e-09,0.0,1.7761465578674078e-08,6.701315958883857e-16,-4.0142841332734735e-16,2.9191249377627927e-15,1.1763468683099978e-08,0.225,-4.717530391963828e-14,0.5400000082906946,0.225,0.0,0.5399999999999999,0.0,129.88440015574832,2.1252617434441487e-14,True,True,False
10.365,8.202034052076092e-09,0.0,1.770264824633766e-08,6.640976496188864e-16,-4.0142841332734735e-16,2.9191249377627927e-15,1.1763468683099978e-08,0.225,-4.7137125597212274e-14,0.540000008202034,0.225,0.0,0.5399999999999999,0.0,129.88440015574832,2.1189094132361906e-14,True,True,False
10.370000000000001,8.113667404744538e-09,0.0,1.7643830914016926e-08,6.580887349920227e-16,-4.0142841332734735e-16,2.9191249377627927e-15,1.1763468683099978e-08,0.225,-4.7098554031501164e-14,0.5400000081136673,0.225,0.0,0.5399999999999999,0.0,129.88440015574832,2.1125980897177552e-14,True,True,False
10.375,8.025595632648346e-09,0.0,1.75850135817233e-08,6.521230617481436e-16,-4.0142841332734735e-16,2.9191249377627927e-15,1.1763468683099978e-08,0.225,-4.705959080054554e-14,0.5400000080255956,0.225,0.0,0.5399999999999999,0.0,129.88440015574832,2.106334401016076e-14,True,True,False
10.38,7.937816959430675e-09,0.0,1.752619624942967e-08,6.461580110157399e-16,-4.0142841332734735e-16,2.9191249377627927e-15,1.1763468683099978e-08,0.225,-4.702023633150211e-14,0.5400000079378169,0.225,0.0,0.5399999999999999,0.0,129.88440015574832,2.1001020859935564e-14,True,True,False
10.385,7.850333161448365e-09,0.0,1.7467378917136042e-08,6.401936001957003e-16,-4.0142841332734735e-16,2.9191249377627927e-15,1.1763468683099978e-08,0.225,-4.698049061957663e-14,0.5400000078503331,0.225,0.0,0.5399999999999999,0.0,129.88440015574832,2.0939011428599207e-14,True,True,False
10.39,7.763143350523e-09,0.0,1.7408561584802306e-08,6.342471613263709e-16,-4.0142841332734735e-16,2.9191249377627927e-15,1.1763468683099978e-08,0.225,-4.694035384494015e-14,0.5400000077631433,0.225,0.0,0.5399999999999999,0.0,129.88440015574832,2.087746018371829e-14,True,True,False
10.395,7.676248414832996e-09,0.0,1.7349744252416117e-08,6.283236172701262e-16,-4.0142841332734735e-16,2.9191249377627927e-15,1.1763468683099978e-08,0.225,-4.689982748427717e-14,0.5400000076762483,0.225,0.0,0.5399999999999999,0.0,129.88440015574832,2.081640919405029e-14,True,True,False
10.4,7.589646578021517e-09,0.0,1.7290926920029928e-08,6.224001649974863e-16,-4.558642985821772e-16,2.3200965881950872e-15,1.4980364752841298e-08,0.225,-4.6858911852328876e-14,0.5400000075896465,0.225,0.0,0.5399999999999999,0.0,129.88440019834002,2.139641681632067e-14,True,True,False
10.405,7.50337958447429e-09,0.0,1.721602511117825e-08,6.163536799268437e-16,-4.558642985821772e-16,2.3200965881950872e-15,1.4980364752841298e-08,0.225,-4.681760886081779e-14,0.5400000075033795,0.225,0.0,0.5399999999999999,0.0,129.88440019834002,2.1335378324901363e-14,True,True,False
10.41,7.417486514041777e-09,0.0,1.714112330232658e-08,6.103073755524749e-16,-4.558642985821772e-16,2.3200965881950872e-15,1.4980364752841298e-08,0.225,-4.677592041597445e-14,0.5400000074174864,0.225,0.0,0.5399999999999999,0.0,129.88440019834002,2.1274655998253154e-14,True,True,False
10.415000000000001,7.331968254902403e-09,0.0,1.7066221493474903e-08,6.042612572985802e-16,-4.558642985821772e-16,2.3200965881950872e-15,1.4980364752841298e-08,0.225,-4.673384650687479e-14,0.5400000073319682,0.225,0.0,0.5399999999999999,0.0,129.88440019834002,2.1214249795582903e-14,True,True,False
10.42,7.246823918877746e-09,0.0,1.6991319684623236e-08,5.9821533080847735e-16,-4.558642985821772e-16,2.3200965881950872e-15,1.4980364752841298e-08,0.225,-4.669138712226583e-14,0.5400000072468238,0.225,0.0,0.5399999999999999,0.0,129.88440019834002,2.1154159674869355e-14,True,True,False
10.425,7.162055282324648e-09,0.0,1.6916417875771565e-08,5.921696019557697e-16,-4.558642985821772e-16,2.3200965881950872e-15,1.4980364752841298e-08,0.225,-4.66485422505525e-14,0.5400000071620552,0.225,0.0,0.5399999999999999,0.0,129.88440019834002,2.1094385592813503e-14,True,True,False
10.43,7.077659680707849e-09,0.0,1.6841516066919892e-08,5.861240768562038e-16,-4.558642985821772e-16,2.3200965881950872e-15,1.4980364752841298e-08,0.225,-4.660531187978352e-14,0.5400000070776596,0.225,0.0,0.5399999999999999,0.0,129.88440019834002,2.1034927504786435e-14,True,True,False
10.435,6.993639778562609e-09,0.0,1.676661425806823e-08,5.800787618802667e-16,-4.558642985821772e-16,2.3200965881950872e-15,1.4980364752841298e-08,0.225,-4.656169599763681e-14,0.5400000069936397,0.225,0.0,0.5399999999999999,0.0,129.88440019834002,2.0975785364774518e-14,True,True,False
10.44,6.90999379953209e-09,0.0,1.6691712449216557e-08,5.740336636665771e-16,-4.558642985821772e-16,2.3200965881950872e-15,1.4980364752841298e-08,0.225,-4.651769459140405e-14,0.5400000069099937,0.225,0.0,0.5399999999999999,0.0,129.88440019834002,2.0916959125321712e-14,True,True,False
10.445,6.826722631794713e-09,0.0,1.6616810640364894e-08,5.679887891361294e-16,-4.558642985821772e-16,2.3200965881950872e-15,1.4980364752841298e-08,0.225,-4.6473307647974375e-14,0.5400000068267226,0.225,0.0,0.5399999999999999,0.0,129.88440019834002,2.085844873746891e-14,True,True,False
10.450000000000001,6.743825387172058e-09,0.0,1.6541908831513233e-08,5.61944145507455e-16,-4.97449679565736e-16,1.7218759906821156e-15,1.743372858821928e-08,0.225,-4.64285351538173e-14,0.5400000067438253,0.225,0.0,0.5399999999999999,0.0,129.88440023082256,2.1440138383239266e-14,True,True,False
10.455,6.661334040087234e-09,0.0,1.645474019994339e-08,5.558700250526026e-16,-4.97449679565736e-16,1.7218759906821156e-15,1.743372858821928e-08,0.225,-4.638338093073035e-14,0.540000006661334,0.225,0.0,0.5399999999999999,0.0,129.88440023082256,2.138220183715915e-14,True,True,False
10.46,6.579278788606511e-09,0.0,1.6367571568373547e-08,5.497959482310721e-16,-4.97449679565736e-16,1.7218759906821156e-15,1.743372858821928e-08,0.225,-4.633784880495962e-14,0.5400000065792787,0.225,0.0,0.5399999999999999,0.0,129.88440023082256,2.1324582422742967e-14,True,True,False
10.465,6.497658744551471e-09,0.0,1.628040293680371e-08,5.43721916505185e-16,-4.97449679565736e-16,1.7218759906821156e-15,1.743372858821928e-08,0.225,-4.629193876910663e-14,0.5400000064976587,0.225,0.0,0.5399999999999999,0.0,129.88440023082256,2.126728011236288e-14,True,True,False
10.47,6.416473907922114e-09,0.0,1.6193234305256314e-08,5.376869967250918e-16,-4.97449679565736e-16,1.7218759906821156e-15,1.743372858821928e-08,0.225,-4.6245651115911036e-14,0.5400000064164738,0.225,0.0,0.5399999999999999,0.0,129.88440023082256,2.1210440675454856e-14,True,True,False
10.475,6.335726055075281e-09,0.0,1.6106065673721916e-08,5.316748537797929e-16,-4.97449679565736e-16,1.7218759906821156e-15,1.743372858821928e-08,0.225,-4.619898693953702e-14,0.540000006335726,0.225,0.0,0.5399999999999999,0.0,129.88440023082256,2.115400074829975e-14,True,True,False
10.48,6.2554134096541315e-09,0.0,1.6018897042187518e-08,5.25662901794145e-16,-4.97449679565736e-16,1.7218759906821156e-15,1.743372858821928e-08,0.225,-4.615194633339317e-14,0.5400000062554133,0.225,0.0,0.5399999999999999,0.0,129.88440023082256,2.1097875461690816e-14,True,True,False
10.485,6.175536859837088e-09,0.0,1.5931728410653123e-08,5.196511473959036e-16,-4.97449679565736e-16,1.7218759906821156e-15,1.743372858821928e-08,0.225,-4.610452929055931e-14,0.5400000061755368,0.225,0.0,0.5399999999999999,0.0,129.88440023082256,2.1042064789786405e-14,True,True,False
10.49,6.0960964056241505e-09,0.0,1.5844559779099034e-08,5.136470115139659e-16,-4.97449679565736e-16,1.7218759906821156e-15,1.743372858821928e-08,0.22499999999999998,-4.605673585405359e-14,0.5400000060960963,0.225,0.0,0.5399999999999999,0.0,129.88440023082256,2.0986638843746995e-14,True,True,False
10.495000000000001,6.017092047015321e-09,0.0,1.5757391147480247e-08,5.076673189807578e-16,-4.97449679565736e-16,1.7218759906821156e-15,1.743372858821928e-08,0.22499999999999998,-4.6008567296925746e-14,0.540000006017092,0.225,0.0,0.5399999999999999,0.0,129.88440023082256,2.0931756158209833e-14,True,True,False
10.5,5.938522895832179e-09,0.0,1.5670222515861457e-08,5.016876315656396e-16,-5.345825244525647e-16,1.1296251475936799e-15,1.9214641431583746e-08,0.22499999999999998,-4.5960024166611894e-14,0.5400000059385228,0.225,0.0,0.5399999999999999,0.0,129.88440025440184,2.1510683890963202e-14,True,True,False
10.505,5.860411156535219e-09,0.0,1.5574149324055094e-08,4.955820952692696e-16,-5.345825244525647e-16,1.1296251475936799e-15,1.9214641431583746e-08,0.22499999999999998,-4.591110816214781e-14,0.5400000058604111,0.225,0.0,0.5399999999999999,0.0,129.88440025440184,2.1455801482974403e-14,True,True,False
10.51,5.782780809941773e-09,0.0,1.5478076132248735e-08,4.894765613342359e-16,-5.345825244525647e-16,1.1296251475936799e-15,1.9214641431583746e-08,0.22499999999999998,-4.586182097749584e-14,0.5400000057827807,0.225,0.0,0.5399999999999999,0.0,129.88440025440184,2.140123674693673e-14,True,True,False
10.515,5.705630967873421e-09,0.0,1.538200294044238e-08,4.833710298500178e-16,-5.345825244525647e-16,1.1296251475936799e-15,1.9214641431583746e-08,0.22499999999999998,-4.5812162600408546e-14,0.5400000057056309,0.225,0.0,0.5399999999999999,0.0,129.88440025440184,2.13469896371153e-14,True,True,False
10.52,5.628960742151745e-09,0.0,1.5285929748636027e-08,4.772655009106732e-16,-5.345825244525647e-16,1.1296251475936799e-15,1.9214641431583746e-08,0.22499999999999998,-4.5762133018175134e-14,0.5400000056289607,0.225,0.0,0.5399999999999999,0.0,129.88440025440184,2.1293060106045033e-14,True,True,False
10.525,5.5527719091335855e-09,0.0,1.5189856556829672e-08,4.711599746151354e-16,-5.345825244525647e-16,1.1296251475936799e-15,1.9214641431583746e-08,0.22499999999999998,-4.5711732217597984e-14,0.5400000055527718,0.225,0.0,0.5399999999999999,0.0,129.88440025440184,2.1239448104442503e-14,True,True,False
10.53,5.477062692462104e-09,0.0,1.5093783365023326e-08,4.650544510675329e-16,-5.345825244525647e-16,1.1296251475936799e-15,1.9214641431583746e-08,0.22499999999999998,-4.5660960184967285e-14,0.5400000054770626,0.225,0.0,0.5399999999999999,0.0,129.88440025440184,2.1186153581112168e-14,True,True,False
10.535,5.401833980315723e-09,0.0,1.4997710173216974e-08,4.589489303775356e-16,-5.345825244525647e-16,1.1296251475936799e-15,1.9214641431583746e-08,0.22499999999999998,-4.560981690603456e-14,0.5400000054018339,0.225,0.0,0.5399999999999999,0.0,129.88440025440184,2.113317648284651e-14,True,True,False
10.540000000000001,5.327085772694441e-09,0.0,1.4901636981410625e-08,4.528434126607273e-16,-5.345825244525647e-16,1.1296251475936799e-15,1.9214641431583746e-08,0.22499999999999998,-4.555830236598389e-14,0.5400000053270857,0.225,0.0,0.5399999999999999,0.0,129.88440025440184,2.1080516754319534e-14,True,True,False
10.545,5.2528171814198405e-09,0.0,1.480556378960428e-08,4.467378980390109e-16,-5.345825244525647e-16,1.1296251475936799e-15,1.9214641431583746e-08,0.22499999999999998,-4.5506416549401756e-14,0.5400000052528171,0.225,0.0,0.5399999999999999,0.0,129.88440025440184,2.1028174337973227e-14,True,True,False
10.55,5.179029982848763e-09,0.0,1.4709490597797936e-08,4.406323866410458e-16,-5.574501684483236e-16,5.372710027962239e-16,2.040903719638935e-08,0.22499999999999998,-4.545415944024441e-14,0.5400000051790299,0.225,0.0,0.5399999999999999,0.0,129.88440027021565,2.1609758378464496e-14,True,True,False
10.555,5.105737499657504e-09,0.0,1.4607445423057788e-08,4.344842137195385e-16,-5.574501684483236e-16,5.372710027962239e-16,2.040903719638935e-08,0.22499999999999998,-4.540153427734274e-14,0.5400000051057374,0.225,0.0,0.5399999999999999,0.0,129.88440027021565,2.1557919233022655e-14,True,True,False
10.56,5.032955719057619e-09,0.0,1.4505400248317643e-08,4.2833608201673216e-16,-5.574501684483236e-16,5.372710027962239e-16,2.040903719638935e-08,0.22499999999999998,-4.5348544304326515e-14,0.5400000050329556,0.225,0.0,0.5399999999999999,0.0,129.88440027021565,2.150639964178092e-14,True,True,False
10.565,4.9606846410491085e-09,0.0,1.4403355073577503e-08,4.221879933333742e-16,-5.574501684483236e-16,5.372710027962239e-16,2.040903719638935e-08,0.22499999999999998,-4.529518951151494e-14,0.5400000049606846,0.225,0.0,0.5399999999999999,0.0,129.88440027021565,2.1455199568588743e-14,True,True,False
10.57,4.888922489275135e-09,0.0,1.430130989883736e-08,4.160399495766424e-16,-5.574501684483236e-16,5.372710027962239e-16,2.040903719638935e-08,0.22499999999999998,-4.524146988880545e-14,0.5400000048889224,0.225,0.0,0.5399999999999999,0.0,129.88440027021565,2.1404318975720923e-14,True,True,False
10.575000000000001,4.81767015191412e-09,0.0,1.419926472409722e-08,4.098919527681247e-16,-5.574501684483236e-16,5.372710027962239e-16,2.040903719638935e-08,0.22499999999999998,-4.518738542564911e-14,0.5400000048176701,0.225,0.0,0.5399999999999999,0.0,129.88440027021565,2.1353757823784943e-14,True,True,False
10.58,4.746929405322905e-09,0.0,1.4097219549379375e-08,4.0381240512069385e-16,-5.574501684483236e-16,5.372710027962239e-16,2.040903719638935e-08,0.22499999999999998,-4.513293663483523e-14,0.5400000047469293,0.225,0.0,0.5399999999999999,0.0,129.88440027021565,2.130379986155376e-14,True,True,False
10.585,4.67669847314465e-09,0.0,1.3995174374665989e-08,3.9774654371633096e-16,-5.574501684483236e-16,5.372710027962239e-16,2.040903719638935e-08,0.22499999999999998,-4.50781244728008e-14,0.5400000046766984,0.225,0.0,0.5399999999999999,0.0,129.88440027021565,2.1254214709475563e-14,True,True,False
10.59,4.606978243557778e-09,0.0,1.3893129199952605e-08,3.9168068466535314e-16,-5.574501684483236e-16,5.372710027962239e-16,2.040903719638935e-08,0.22499999999999998,-4.502294894932546e-14,0.5400000046069782,0.225,0.0,0.5399999999999999,0.0,129.88440027021565,2.1204945272744228e-14,True,True,False
10.595,4.53776694020545e-09,0.0,1.379108402518456e-08,3.8562688746502973e-16,-5.574501684483236e-16,5.372710027962239e-16,2.040903719638935e-08,0.22499999999999998,-4.496741031638556e-14,0.5400000045377669,0.225,0.0,0.5399999999999999,0.0,129.88440027021565,2.1156143413607906e-14,True,True,False
10.6,4.4690663394445085e-09,0.0,1.3689038850399877e-08,3.795770501149288e-16,-5.708089304656223e-16,-5.125148569584151e-17,2.109723794107597e-08,0.22499999999999998,-4.4911509173403366e-14,0.5400000044690663,0.225,0.0,0.5399999999999999,0.0,129.88440027932742,2.1737212500388275e-14,True,True,False
10.605,4.400885323059151e-09,0.0,1.3583552673861196e-08,3.7338083280786156e-16,-5.708089304656223e-16,-5.125148569584151e-17,2.109723794107597e-08,0.22499999999999998,-4.485524716734459e-14,0.5400000044008852,0.225,0.0,0.5399999999999999,0.0,129.88440027932742,2.1688377195374977e-14,True,True,False
10.61,4.333230996476736e-09,0.0,1.3478066497322519e-08,3.6718487489142665e-16,-5.708089304656223e-16,-5.125148569584151e-17,2.109723794107597e-08,0.22499999999999998,-4.4798625917944364e-14,0.5400000043332309,0.225,0.0,0.5399999999999999,0.0,129.88440027932742,2.1639863005864334e-14,True,True,False
10.615,4.266104247875685e-09,0.0,1.3372580320783843e-08,3.609891897220362e-16,-5.708089304656223e-16,-5.125148569584151e-17,2.109723794107597e-08,0.22499999999999998,-4.4741645410852954e-14,0.5400000042661042,0.225,0.0,0.5399999999999999,0.0,129.88440027932742,2.1591669878270957e-14,True,True,False
10.620000000000001,4.1995041890775824e-09,0.0,1.3267094144245169e-08,3.547937915884536e-16,-5.708089304656223e-16,-5.125148569584151e-17,2.109723794107597e-08,0.22499999999999998,-4.468430563098649e-14,0.5400000041995041,0.225,0.0,0.5399999999999999,0.0,129.88440027932742,2.1543797756268028e-14,True,True,False
10.625,4.1334325964392665e-09,0.0,1.3161607967706498e-08,3.4859869579453264e-16,-5.708089304656223e-16,-5.125148569584151e-17,2.109723794107597e-08,0.22499999999999998,-4.4626606562476197e-14,0.5400000041334325,0.225,0.0,0.5399999999999999,0.0,129.88440027932742,2.1496246580597575e-14,True,True,False
10.63,4.067887693603901e-09,0.0,1.305612179116783e-08,3.424039187509196e-16,-5.708089304656223e-16,-5.125148569584151e-17,2.109723794107597e-08,0.22499999999999998,-4.456854818861303e-14,0.5400000040678876,0.225,0.0,0.5399999999999999,0.0,129.88440027932742,2.144901628886409e-14,True,True,False
10.635,4.002870368749909e-09,0.0,1.2950635614629167e-08,3.3620947807687233e-16,-5.708089304656223e-16,-5.125148569584151e-17,2.109723794107597e-08,0.22499999999999998,-4.45101304917876e-14,0.5400000040028703,0.225,0.0,0.5399999999999999,0.0,129.88440027932742,2.1402106815309725e-14,True,True,False
10.64,3.938381510055711e-09,0.0,1.28451494380905e-08,3.300153927135197e-16,-5.708089304656223e-16,-5.125148569584151e-17,2.109723794107597e-08,0.22499999999999998,-4.4451353453424404e-14,0.5400000039383814,0.225,0.0,0.5399999999999999,0.0,129.88440027932742,2.1355518090569063e-14,True,True,False
10.645,3.874420229342889e-09,0.0,1.2739663261551843e-08,3.238216830500909e-16,-5.708089304656223e-16,-5.125148569584151e-17,2.109723794107597e-08,0.22499999999999998,-4.439221705391017e-14,0.5400000038744202,0.225,0.0,0.5399999999999999,0.0,129.88440027932742,2.130925004140116e-14,True,True,False
10.65,3.810985638433027e-09,0.0,1.2634177085013186e-08,3.1762837106487786e-16,-5.69656732397601e-16,-6.407838399918284e-16,2.135370596848087e-08,0.22499999999999998,-4.4332721272515175e-14,0.5400000038109856,0.225,0.0,0.5399999999999999,0.0,129.88440028272305,2.1893893478009522e-14,True,True,False
10.655,3.748082178218226e-09,0.0,1.2527408572015294e-08,3.1138494230068856e-16,-5.69656732397601e-16,-6.407838399918284e-16,2.135370596848087e-08,0.22499999999999998,-4.42728687370762e-14,0.5400000037480821,0.225,0.0,0.5399999999999999,0.0,129.88440028272305,2.1848058820419484e-14,True,True,False
10.66,3.6857116250553253e-09,0.0,1.2420640059017408e-08,3.051421958485055e-16,-5.69656732397601e-16,-6.407838399918284e-16,2.135370596848087e-08,0.22499999999999998,-4.4212662079696063e-14,0.5400000036857115,0.225,0.0,0.5399999999999999,0.0,129.88440028272305,2.180254785734651e-14,True,True,False
10.665000000000001,3.62387486712275e-09,0.0,1.2313871546019524e-08,2.989001744600718e-16,-5.69656732397601e-16,-6.407838399918284e-16,2.135370596848087e-08,0.22499999999999998,-4.4152101284418177e-14,0.5400000036238748,0.225,0.0,0.5399999999999999,0.0,129.88440028272305,2.1757360529204665e-14,True,True,False
10.67,3.562572792598921e-09,0.0,1.2207103033021643e-08,2.9265892452929597e-16,-5.69656732397601e-16,-6.407838399918284e-16,2.135370596848087e-08,0.22499999999999998,-4.4091186334293307e-14,0.5400000035625727,0.225,0.0,0.5399999999999999,0.0,129.88440028272305,2.1712496772701606e-14,True,True,False
10.675,3.5018036251270024e-09,0.0,1.2100334520023766e-08,2.86418496487912e-16,-5.69656732397601e-16,-6.407838399918284e-16,2.135370596848087e-08,0.22499999999999998,-4.402991721129596e-14,0.5400000035018035,0.225,0.0,0.5399999999999999,0.0,129.88440028272305,2.1667956520525504e-14,True,True,False
10.68,3.4415700292422555e-09,0.0,1.1993566007025892e-08,2.8017894525377364e-16,-5.69656732397601e-16,-6.407838399918284e-16,2.135370596848087e-08,0.22499999999999998,-4.396829389623131e-14,0.54000000344157,0.225,0.0,0.5399999999999999,0.0,129.88440028272305,2.162373970099827e-14,True,True,False
10.685,3.3818684522310053e-09,0.0,1.1886797494028021e-08,2.7394033074012164e-16,-5.69656732397601e-16,-6.407838399918284e-16,2.135370596848087e-08,0.22499999999999998,-4.390631636863223e-14,0.5400000033818684,0.225,0.0,0.5399999999999999,0.0,129.88440028272305,2.1579846237690642e-14,True,True,False
10.69,3.3227015586285143e-09,0.0,1.1780028981030152e-08,2.677027184357053e-16,-5.69656732397601e-16,-6.407838399918284e-16,2.135370596848087e-08,0.22499999999999998,-4.384398460664463e-14,0.5400000033227015,0.225,0.0,0.5399999999999999,0.0,129.88440028272305,2.153627604899408e-14,True,True,False
10.695,3.2640684602563652e-09,0.0,1.167326046803229e-08,2.614661800675087e-16,-5.69656732397601e-16,-6.407838399918284e-16,2.135370596848087e-08,0.22499999999999998,-4.3781298586899573e-14,0.5400000032640684,0.225,0.0,0.5399999999999999,0.0,129.88440028272305,2.1493029047643465e-14,True,True,False
10.700000000000001,3.205969157114562e-09,0.0,1.156649195503443e-08,2.552307943601093e-16,-5.558222545526643e-16,-1.2300758400739325e-15,2.1246906901702632e-08,0.22499999999999998,-4.3718258284370605e-14,0.5400000032059691,0.225,0.0,0.5399999999999999,0.0,129.88440028130904,2.2080438933904193e-14,True,True,False
10.705,3.148401872846269e-09,0.0,1.1460257433116942e-08,2.489365505515172e-16,-5.558222545526643e-16,-1.2300758400739325e-15,2.1246906901702632e-08,0.22499999999999998,-4.3654865960404335e-14,0.5400000031484018,0.225,0.0,0.5399999999999999,0.0,129.88440028130904,2.2037590399513697e-14,True,True,False
10.71,3.0913657192730706e-09,0.0,1.1354022911199459e-08,2.4264438850644214e-16,-5.558222545526643e-16,-1.2300758400739325e-15,2.1246906901702632e-08,0.22499999999999998,-4.359112387748517e-14,0.5400000030913656,0.225,0.0,0.5399999999999999,0.0,129.88440028130904,2.1995068016735096e-14,True,True,False
10.715,3.0348615845733902e-09,0.0,1.1247788389281977e-08,2.363544744853032e-16,-5.558222545526643e-16,-1.2300758400739325e-15,2.1246906901702632e-08,0.22499999999999998,-4.352703200950492e-14,0.5400000030348615,0.225,0.0,0.5399999999999999,0.0,129.88440028130904,2.1952871688074033e-14,True,True,False
10.72,2.9788885805688125e-09,0.0,1.1141553867364504e-08,2.3006699286765125e-16,-5.558222545526643e-16,-1.2300758400739325e-15,2.1246906901702632e-08,0.22499999999999998,-4.346259032829009e-14,0.5400000029788885,0.225,0.0,0.5399999999999999,0.0,129.88440028130904,2.1911001308324027e-14,True,True,False
10.725,2.9234458190809224e-09,0.0,1.1035319345447032e-08,2.23782148679213e-16,-5.558222545526643e-16,-1.2300758400739325e-15,2.1246906901702632e-08,0.22499999999999998,-4.3397798803379084e-14,0.5400000029234457,0.225,0.0,0.5399999999999999,0.0,129.88440028130904,2.1869456763733864e-14,True,True,False
10.73,2.868535076466563e-09,0.0,1.0929084823529563e-08,2.1750017055209035e-16,-5.558222545526643e-16,-1.2300758400739325e-15,2.1246906901702632e-08,0.22499999999999998,-4.3332657401768315e-14,0.540000002868535,0.225,0.0,0.5399999999999999,0.0,129.88440028130904,2.182823793105998e-14,True,True,False
10.735,2.8141545763689004e-09,0.0,1.0822850301593562e-08,2.1127346057298073e-16,-5.558222545526643e-16,-1.2300758400739325e-15,2.1246906901702632e-08,0.22499999999999998,-4.3267166249352805e-14,0.5400000028141545,0.225,0.0,0.5399999999999999,0.0,129.88440028130904,2.178760186320655e-14,True,True,False
10.74,2.7603060951447786e-09,0.0,1.0716615779651925e-08,2.0506688286483704e-16,-5.558222545526643e-16,-1.2300758400739325e-15,2.1246906901702632e-08,0.22499999999999998,-4.320132568108415e-14,0.540000002760306,0.225,0.0,0.5399999999999999,0.0,129.88440028130904,2.174736600833664e-14,True,True,False
10.745000000000001,2.7069887446157834e-09,0.0,1.061038125771029e-08,1.9886508224865438e-16,-5.558222545526643e-16,-1.2300758400739325e-15,2.1246906901702632e-08,0.22499999999999998,-4.3135135667207445e-14,0.5400000027069887,0.225,0.0,0.5399999999999999,0.0,129.88440028130904,2.1707451468499002e-14,True,True,False
10.75,2.65420252478192e-09,0.0,1.0504146735769429e-08,1.9269705144568799e-16,-5.247618181485341e-16,-1.818847900629483e-15,2.083929842857305e-08,0.22499999999999998,-4.306859619262104e-14,0.5400000026542024,0.225,0.0,0.5399999999999999,0.0,129.8844002759123,2.229776949579935e-14,True,True,False
10.755,2.6019421065726763e-09,0.0,1.0399950258621394e-08,1.8637346647229048e-16,-5.247618181485341e-16,-1.818847900629483e-15,2.083929842857305e-08,0.22499999999999998,-4.300170904668313e-14,0.540000002601942,0.225,0.0,0.5399999999999999,0.0,129.8844002759123,2.2257872276098883e-14,True,True,False
10.76,2.5502030490959614e-09,0.0,1.0295753781473365e-08,1.8005611985339197e-16,-5.247618181485341e-16,-1.818847900629483e-15,2.083929842857305e-08,0.22499999999999998,-4.293447596640922e-14,0.540000002550203,0.225,0.0,0.5399999999999999,0.0,129.8844002759123,2.2218304380504986e-14,True,True,False
10.765,2.4989844641733615e-09,0.0,1.0191557304325341e-08,1.7374569206499858e-16,-5.247618181485341e-16,-1.818847900629483e-15,2.083929842857305e-08,0.22499999999999998,-4.286689690790336e-14,0.5400000024989844,0.225,0.0,0.5399999999999999,0.0,129.8844002759123,2.2179065645099447e-14,True,True,False
10.77,2.4482872399833035e-09,0.0,1.0087360827177322e-08,1.6744296535942253e-16,-5.247618181485341e-16,-1.818847900629483e-15,2.083929842857305e-08,0.22499999999999998,-4.27989718225134e-14,0.5400000024482872,0.225,0.0,0.5399999999999999,0.0,129.8844002759123,2.214015588820323e-14,True,True,False
10.775,2.398111376525794e-09,0.0,9.983164350029308e-09,1.6114884333526387e-16,-5.247618181485341e-16,-1.818847900629483e-15,2.083929842857305e-08,0.22499999999999998,-4.273070065612127e-14,0.5400000023981113,0.225,0.0,0.5399999999999999,0.0,129.8844002759123,2.210157490772628e-14,True,True,False
10.78,2.3484550974440012e-09,0.0,9.878967872881302e-09,1.5486437515114722e-16,-5.247618181485341e-16,-1.818847900629483e-15,2.083929842857305e-08,0.22499999999999998,-4.266208334829651e-14,0.540000002348455,0.225,0.0,0.5399999999999999,0.0,129.8844002759123,2.2063322478006442e-14,True,True,False
10.785,2.2993210672731924e-09,0.0,9.7747713957333e-09,1.4859078570470751e-16,-5.247618181485341e-16,-1.818847900629483e-15,2.083929842857305e-08,0.22499999999999998,-4.2593119831280125e-14,0.540000002299321,0.225,0.0,0.5399999999999999,0.0,129.8844002759123,2.2025398346015122e-14,True,True,False
10.790000000000001,2.250707509656536e-09,0.0,9.670574918585304e-09,1.4232951353972425e-16,-5.247618181485341e-16,-1.818847900629483e-15,2.083929842857305e-08,0.22499999999999998,-4.252381002875674e-14,0.5400000022507074,0.225,0.0,0.5399999999999999,0.0,129.8844002759123,2.1987802226772072e-14,True,True,False
10.795,2.202615312772461e-09,0.0,9.566378441437318e-09,1.360822588557817e-16,-5.247618181485341e-16,-1.818847900629483e-15,2.083929842857305e-08,0.22499999999999998,-4.2454153854360034e-14,0.5400000022026152,0.225,0.0,0.5399999999999999,0.0,129.8844002759123,2.195053379776422e-14,True,True,False
10.8,2.1550444766209756e-09,0.0,9.462181964289333e-09,1.2985104485083901e-16,-4.81911982637449e-16,-2.410063696152176e-15,2.018737001775487e-08,0.22499999999999998,-4.2384151209839136e-14,0.5400000021550444,0.225,0.0,0.5399999999999999,0.0,129.88440026728077,2.2545984265986703e-14,True,True,False
10.805,2.1079861194178948e-09,0.0,9.361245128771437e-09,1.2356943795179448e-16,-4.81911982637449e-16,-2.410063696152176e-15,2.018737001775487e-08,0.22499999999999998,-4.2313803659454176e-14,0.540000002107986,0.225,0.0,0.5399999999999999,0.0,129.88440026728077,2.250904049409343e-14,True,True,False
10.81,2.061432247557454e-09,0.0,9.260308293253547e-09,1.1730981174427748e-16,-4.81911982637449e-16,-2.410063696152176e-15,2.018737001775487e-08,0.22499999999999998,-4.2243112755143236e-14,0.5400000020614322,0.225,0.0,0.5399999999999999,0.0,129.88440026728077,2.2472427311005224e-14,True,True,False
10.815,2.0153828610396635e-09,0.0,9.15937145772189e-09,1.1109140427692846e-16,-4.81911982637449e-16,-2.410063696152176e-15,2.018737001775487e-08,0.22499999999999998,-4.217207834134392e-14,0.5400000020153828,0.225,0.0,0.5399999999999999,0.0,129.88440026728077,2.2436186608779696e-14,True,True,False
10.82,1.9698379598645354e-09,0.0,9.058434622172221e-09,1.0492715858704808e-16,-4.81911982637449e-16,-2.410063696152176e-15,2.018737001775487e-08,0.22499999999999998,-4.2100700140971134e-14,0.5400000019698379,0.225,0.0,0.5399999999999999,0.0,129.88440026728077,2.2400329532795774e-14,True,True,False
10.825000000000001,1.9247984322105025e-09,0.0,8.957497786622562e-09,9.880462644316973e-17,-4.81911982637449e-16,-2.410063696152176e-15,2.018737001775487e-08,0.22499999999999998,-4.202897792008694e-14,0.5400000019247984,0.225,0.0,0.5399999999999999,0.0,129.88440026728077,2.236479931883857e-14,True,True,False
10.83,1.8802633898991575e-09,0.0,8.85656095107291e-09,9.273207048528732e-17,-4.81911982637449e-16,-2.410063696152176e-15,2.018737001775487e-08,0.22499999999999998,-4.195691142649312e-14,0.5400000018802633,0.225,0.0,0.5399999999999999,0.0,129.88440026728077,2.2329595025138266e-14,True,True,False
10.835,1.8362328329305154e-09,0.0,8.755624115523265e-09,8.67199900766454e-17,-4.81911982637449e-16,-2.410063696152176e-15,2.018737001775487e-08,0.22499999999999998,-4.188450035712139e-14,0.5400000018362328,0.225,0.0,0.5399999999999999,0.0,129.88440026728077,2.2294715519964005e-14,True,True,False
10.84,1.7927067613045907e-09,0.0,8.654687279973628e-09,8.078188877334982e-17,-4.81911982637449e-16,-2.410063696152176e-15,2.018737001775487e-08,0.22499999999999998,-4.181174434362538e-14,0.5400000017927067,0.225,0.0,0.5399999999999999,0.0,129.88440026728077,2.226015942782021e-14,True,True,False
10.845,1.7496860631998192e-09,0.0,8.553750444424003e-09,7.49353556152064e-17,-4.81911982637449e-16,-2.410063696152176e-15,2.018737001775487e-08,0.22499999999999998,-4.17386429326002e-14,0.540000001749686,0.225,0.0,0.5399999999999999,0.0,129.88440026728077,2.2225925055582327e-14,True,True,False
10.85,1.7071689622593788e-09,0.0,8.45281360887438e-09,6.920360237051415e-17,-4.207549718812597e-16,-3.0030118968900116e-15,1.9341833860512142e-08,0.22499999999999998,-4.166519555790306e-14,0.5400000017071689,0.225,0.0,0.5399999999999999,0.0,129.88440025608585,2.282625492337035e-14,True,True,False
10.855,1.6651465766990932e-09,0.0,8.356104459717044e-09,6.344992975867164e-17,-4.207549718812597e-16,-3.0030118968900116e-15,1.9341833860512142e-08,0.22499999999999998,-4.1591403326427994e-14,0.5400000016651465,0.225,0.0,0.5399999999999999,0.0,129.88440025608585,2.279218894873809e-14,True,True,False
10.86,1.6236082483779493e-09,0.0,8.259395310559713e-09,5.786573681651881e-17,-4.207549718812597e-16,-3.0030118968900116e-15,1.9341833860512142e-08,0.22499999999999998,-4.151726723318808e-14,0.5400000016236082,0.225,0.0,0.5399999999999999,0.0,129.88440025608585,2.275844604813499e-14,True,True,False
10.865,1.5825530891175492e-09,0.0,8.16268616138726e-09,5.25424830946344e-17,-4.207549718812597e-16,-3.0030118968900116e-15,1.9341833860512142e-08,0.22499999999999998,-4.144278617428345e-14,0.540000001582553,0.225,0.0,0.5399999999999999,0.0,129.88440025608585,2.2725055283290366e-14,True,True,False
10.870000000000001,1.5419810989179158e-09,0.0,8.06597701218867e-09,4.760049478679532e-17,-4.207549718812597e-16,-3.0030118968900116e-15,1.9341833860512142e-08,0.22499999999999998,-4.136795809694901e-14,0.540000001541981,0.225,0.0,0.5399999999999999,0.0,129.88440025608585,2.2692032748650613e-14,True,True,False
10.875,1.5018931659574932e-09,0.0,7.969267862990091e-09,4.3093688813987475e-17,-4.207549718812597e-16,-3.0030118968900116e-15,1.9341833860512142e-08,0.22499999999999998,-4.129278068395665e-14,0.5400000015018931,0.225,0.0,0.5399999999999999,0.0,129.88440025608585,2.265931230134669e-14,True,True,False
10.88,1.4622884020578883e-09,0.0,7.872558713791522e-09,3.9172557546031167e-17,-4.207549718812597e-16,-3.0030118968900116e-15,1.9341833860512142e-08,0.22499999999999998,-4.1217250792058704e-14,0.5400000014622883,0.225,0.0,0.5399999999999999,0.0,129.88440025608585,2.2626882203723727e-14,True,True,False
10.885,1.4231676953975485e-09,0.0,7.775849564592964e-09,3.602883360932923e-17,-4.207549718812597e-16,-3.0030118968900116e-15,1.9341833860512142e-08,0.22499999999999998,-4.114136370334839e-14,0.5400000014231676,0.225,0.0,0.5399999999999999,0.0,129.88440025608585,2.2594724837964748e-14,True,True,False
10.89,1.3845301577980852e-09,0.0,7.679140415394419e-09,3.3879621828639306e-17,-4.207549718812597e-16,-3.0030118968900116e-15,1.9341833860512142e-08,0.22499999999999998,-4.1065112116003907e-14,0.5400000013845301,0.225,0.0,0.5399999999999999,0.0,129.88440025608585,2.2562812937283058e-14,True,True,False
10.895,1.3463757892595302e-09,0.0,7.582431266195883e-09,3.2920283059320266e-17,-4.207549718812597e-16,-3.0030118968900116e-15,1.9341833860512142e-08,0.22499999999999998,-4.09884845710226e-14,0.5400000013463757,0.225,0.0,0.5399999999999999,0.0,129.88440025608585,2.2531103710962462e-14,True,True,False
10.9,1.3087054779603379e-09,0.0,7.485722117024159e-09,3.3136824081800166e-17,-3.4581373474190425e-16,-3.599141822571361e-15,1.8347794545604028e-08,0.22499999999999998,-4.0911462824506034e-14,0.5400000013087054,0.225,0.0,0.5399999999999999,0.0,129.88440024292478,2.3137369295590466e-14,True,True,False
10.905,1.271506789402676e-09,0.0,7.393983160626871e-09,3.459897684147861e-17,-3.4581373474190425e-16,-3.599141822571361e-15,1.8347794545604028e-08,0.22499999999999998,-4.0834024001102565e-14,0.5400000012715067,0.225,0.0,0.5399999999999999,0.0,129.88440024292478,2.310533600062061e-14,True,True,False
10.91,1.2347664009102973e-09,0.0,7.302244204229594e-09,3.720775995401973e-17,-3.4581373474190425e-16,-3.599141822571361e-15,1.8347794545604028e-08,0.22499999999999998,-4.0756144131895115e-14,0.5400000012347663,0.225,0.0,0.5399999999999999,0.0,129.88440024292478,2.3073259858032508e-14,True,True,False
10.915000000000001,1.198484312483248e-09,0.0,7.210505247832331e-09,4.074351135069869e-17,-3.4581373474190425e-16,-3.599141822571361e-15,1.8347794545604028e-08,0.22499999999999998,-4.067779817151828e-14,0.5400000011984842,0.225,0.0,0.5399999999999999,0.0,129.88440024292478,2.304104734231142e-14,True,True,False
10.92,1.162660524121578e-09,0.0,7.118766291433797e-09,4.4992476679999325e-17,-3.4581373474190425e-16,-3.599141822571361e-15,1.8347794545604028e-08,0.22499999999999998,-4.0598967744189475e-14,0.5400000011626604,0.225,0.0,0.5399999999999999,0.0,129.88440024292478,2.3008634123725422e-14,True,True,False
10.925,1.1272968121821803e-09,0.0,7.027027334998032e-09,4.988108593194068e-17,-3.4581373474190425e-16,-3.599141822571361e-15,1.8347794545604028e-08,0.22499999999999998,-4.051964016605957e-14,0.5400000011272967,0.225,0.0,0.5399999999999999,0.0,129.88440024292478,2.2976092893728884e-14,True,True,False
10.93,1.0923905121298569e-09,0.0,6.935288378562278e-09,5.513920943737215e-17,-3.4581373474190425e-16,-3.599141822571361e-15,1.8347794545604028e-08,0.22499999999999998,-4.043980765173784e-14,0.5400000010923904,0.225,0.0,0.5399999999999999,0.0,129.88440024292478,2.2943270117525403e-14,True,True,False
10.935,1.0579434003215119e-09,0.0,6.84354942212654e-09,6.067084974422644e-17,-3.4581373474190425e-16,-3.599141822571361e-15,1.8347794545604028e-08,0.22499999999999998,-4.035946576174031e-14,0.5400000010579433,0.225,0.0,0.5399999999999999,0.0,129.88440024292478,2.2910149216996995e-14,True,True,False
10.94,1.0239554767572164e-09,0.0,6.751810465701502e-09,6.637045981464861e-17,-3.4581373474190425e-16,-3.599141822571361e-15,1.8347794545604028e-08,0.22499999999999998,-4.0278611555526115e-14,0.5400000010239554,0.225,0.0,0.5399999999999999,0.0,129.88440024292478,2.2876760013225508e-14,True,True,False
10.945,9.904258532586304e-10,0.0,6.66007150931158e-09,7.211167403593639e-17,-3.4581373474190425e-16,-3.599141822571361e-15,1.8347794545604028e-08,0.22499999999999998,-4.019724292684451e-14,0.5400000009904258,0.225,0.0,0.5399999999999999,0.0,129.88440024292478,2.28431877334708e-14,True,True,False
10.950000000000001,9.573545298258401e-10,0.0,6.568332552921672e-09,7.798472821001046e-17,-2.569627579752329e-16,-4.199926038090542e-15,1.724503676124173e-08,0.22499999999999998,-4.011535855075259e-14,0.5400000009573545,0.225,0.0,0.5399999999999999,0.0,129.8844002283243,2.345191965922872e-14,True,True,False
10.955,9.247290719610771e-10,0.0,6.4821073759475326e-09,8.412403255461434e-17,-2.569627579752329e-16,-4.199926038090542e-15,1.724503676124173e-08,0.22499999999999998,-4.0032957643537156e-14,0.540000000924729,0.225,0.0,0.5399999999999999,0.0,129.8844002283243,2.341697498327614e-14,True,True,False
10.96,8.925343806313288e-10,0.0,6.395882198973408e-09,9.034853795256942e-17,-2.569627579752329e-16,-4.199926038090542e-15,1.724503676124173e-08,0.22499999999999998,-3.995003936200034e-14,0.5400000008925343,0.225,0.0,0.5399999999999999,0.0,129.8844002283243,2.338169960735962e-14,True,True,False
10.965,8.607704558367182e-10,0.0,6.309657021999303e-09,9.664178291370864e-17,-2.569627579752329e-16,-4.199926038090542e-15,1.724503676124173e-08,0.22499999999999998,-3.986660283369235e-14,0.5400000008607704,0.225,0.0,0.5399999999999999,0.0,129.8844002283243,2.334609027353841e-14,True,True,False
10.97,8.294372975773818e-10,0.0,6.223431845025214e-09,1.0299116727647255e-16,-2.569627579752329e-16,-4.199926038090542e-15,1.724503676124173e-08,0.22499999999999998,-3.978264737602632e-14,0.5400000008294372,0.225,0.0,0.5399999999999999,0.0,129.8844002283243,2.331014443286639e-14,True,True,False
10.975,7.985357940318908e-10,0.0,6.137206668051143e-09,1.0938691561085704e-16,-2.569627579752329e-16,-4.199926038090542e-15,1.724503676124173e-08,0.22499999999999998,-3.969817244583453e-14,0.5400000007985357,0.225,0.0,0.5399999999999999,0.0,129.8844002283243,2.327386005702262e-14,True,True,False
10.98,7.680650570219975e-10,0.0,6.050981491077091e-09,1.1582134740366138e-16,-2.569627579752329e-16,-4.199926038090542e-15,1.724503676124173e-08,0.22499999999999998,-3.9613177604368134e-14,0.540000000768065,0.225,0.0,0.5399999999999999,0.0,129.8844002283243,2.323723550761153e-14,True,True,False
10.985,7.380250865478944e-10,0.0,5.96475631410306e-09,1.222883565986514e-16,-2.569627579752329e-16,-4.199926038090542e-15,1.724503676124173e-08,0.22499999999999998,-3.952766249248154e-14,0.540000000738025,0.225,0.0,0.5399999999999999,0.0,129.8844002283243,2.3200269443495727e-14,True,True,False
10.99,7.084167707882168e-10,0.0,5.878531137129049e-09,1.2878303553828312e-16,-2.569627579752329e-16,-4.199926038090542e-15,1.724503676124173e-08,0.22499999999999998,-3.944162681268773e-14,0.5400000007084167,0.225,0.0,0.5399999999999999,0.0,129.8844002283243,2.3162960753786193e-14,True,True,False
10.995000000000001,6.792401097432104e-10,0.0,5.7923059601550596e-09,1.353013997080847e-16,-2.569627579752329e-16,-4.199926038090542e-15,1.724503676124173e-08,0.22499999999999998,-3.935507031594758e-14,0.54000000067924,0.225,0.0,0.5399999999999999,0.0,129.8844002283243,2.3125308508509853e-14,True,True,False
11.0,6.50494215234736e-10,0.0,5.706080783181094e-09,1.4184018373202836e-16,-1.6355190294864124e-16,-4.806713287856843e-15,1.6068317456743244e-08,0.22499999999999998,-3.92679927917843e-14,0.5400000006504941,0.225,0.0,0.5399999999999999,0.0,129.88440021274454,2.3736359439034552e-14,True,True,False
11.005,6.221648764084261e-10,0.0,5.625739200595404e-09,1.484630173389451e-16,-1.6355190294864124e-16,-4.806713287856843e-15,1.6068317456743244e-08,0.22499999999999998,-3.9180394170079057e-14,0.5400000006221648,0.225,0.0,0.5399999999999999,0.0,129.88440021274454,2.3697635482270038e-14,True,True,False
11.01,5.942369942315521e-10,0.0,5.545397618009738e-09,1.5510230381151998e-16,-1.6355190294864124e-16,-4.806713287856843e-15,1.6068317456743244e-08,0.22499999999999998,-3.9092274428203325e-14,0.5400000005942369,0.225,0.0,0.5399999999999999,0.0,129.88440021274454,2.3658561397193966e-14,True,True,False
11.015,5.667105687045552e-10,0.0,5.465056035424093e-09,1.6175601723554815e-16,-1.6355190294864124e-16,-4.806713287856843e-15,1.6068317456743244e-08,0.22499999999999998,-3.9003633462713445e-14,0.5400000005667105,0.225,0.0,0.5399999999999999,0.0,129.88440021274454,2.3619136797522742e-14,True,True,False
11.02,5.395864880063658e-10,0.0,5.384714452838475e-09,1.6842244776211285e-16,-1.6355190294864124e-16,-4.806713287856843e-15,1.6068317456743244e-08,0.22499999999999998,-3.8914471183668886e-14,0.5400000005395864,0.225,0.0,0.5399999999999999,0.0,129.88440021274454,2.3579361347396098e-14,True,True,False
11.025,5.128638639591664e-10,0.0,5.304372870252879e-09,1.751001428967581e-16,-1.6355190294864124e-16,-4.806713287856843e-15,1.6068317456743244e-08,0.22499999999999998,-3.882478751238941e-14,0.5400000005128638,0.225,0.0,0.5399999999999999,0.0,129.88440021274454,2.353923475300313e-14,True,True,False
11.03,4.86542696563664e-10,0.0,5.224031287667314e-09,1.8178786128000226e-16,-1.6355190294864124e-16,-4.806713287856843e-15,1.6068317456743244e-08,0.22499999999999998,-3.8734582379658096e-14,0.5400000004865426,0.225,0.0,0.5399999999999999,0.0,129.88440021274454,2.3498756755870674e-14,True,True,False
11.035,4.606229858206973e-10,0.0,5.143689705031014e-09,1.8850937509381042e-16,-1.6355190294864124e-16,-4.806713287856843e-15,1.6068317456743244e-08,0.22499999999999998,-3.8643856351182504e-14,0.5400000004606229,0.225,0.0,0.5399999999999999,0.0,129.88440021274454,2.345819281771118e-14,True,True,False
11.040000000000001,4.351056199096846e-10,0.0,5.063348122384591e-09,1.9524103755848748e-16,-1.6355190294864124e-16,-4.806713287856843e-15,1.6068317456743244e-08,0.22499999999999998,-3.855261054782699e-14,0.5400000004351055,0.225,0.0,0.5399999999999999,0.0,129.88440021274454,2.3417333253477496e-14,True,True,False
11.045,4.099897106534164e-10,0.0,4.983006539742401e-09,2.019701340801206e-16,-1.6355190294864124e-16,-4.806713287856843e-15,1.6068317456743244e-08,0.22499999999999998,-3.8460844974466384e-14,0.5400000004099896,0.225,0.0,0.5399999999999999,0.0,129.88440021274454,2.3376128750337606e-14,True,True,False
11.05,3.8527614623177624e-10,0.0,4.902664957222088e-09,2.0850383125697975e-16,-4.953135845918474e-17,-5.417571912978304e-15,1.484767048422742e-08,0.22499999999999998,-3.8368560068055616e-14,0.5400000003852761,0.225,0.0,0.5399999999999999,0.0,129.88440019658313,2.398808383633388e-14,True,True,False
11.055,3.609480512566863e-10,0.0,4.8284266255279615e-09,2.1521239036150546e-16,-4.953135845918474e-17,-5.417571912978304e-15,1.484767048422742e-08,0.22499999999999998,-3.827575549315061e-14,0.540000000360948,0.225,0.0,0.5399999999999999,0.0,129.88440019658313,2.3945522238631336e-14,True,True,False
11.06,3.3699210305421447e-10,0.0,4.754188293833865e-09,2.2192934733253255e-16,-4.953135845918474e-17,-5.417571912978304e-15,1.484767048422742e-08,0.22499999999999998,-3.818243047584984e-14,0.540000000336992,0.225,0.0,0.5399999999999999,0.0,129.88440019658313,2.3902604694585264e-14,True,True,False
11.065,3.134065252704441e-10,0.0,4.679949962139804e-09,2.2865396208207653e-16,-4.953135845918474e-17,-5.417571912978304e-15,1.484767048422742e-08,0.22499999999999998,-3.8088584948885746e-14,0.5400000003134064,0.225,0.0,0.5399999999999999,0.0,129.88440019658313,2.3859330953002238e-14,True,True,False
11.07,2.901922060875207e-10,0.0,4.605711630445776e-09,2.353855782971345e-16,-4.953135845918474e-17,-5.417571912978304e-15,1.484767048422742e-08,0.22499999999999998,-3.799421885120058e-14,0.5400000002901921,0.225,0.0,0.5399999999999999,0.0,129.88440019658313,2.3815700785877623e-14,True,True,False
11.075000000000001,2.6734914551030295e-10,0.0,4.531473298751784e-09,2.421236120058887e-16,-4.953135845918474e-17,-5.417571912978304e-15,1.484767048422742e-08,0.22499999999999998,-3.789933212720807e-14,0.5400000002673491,0.225,0.0,0.5399999999999999,0.0,129.88440019658313,2.3771713985638743e-14,True,True,False
11.08,2.4487734354523787e-10,0.0,4.457234967057831e-09,2.4886754195221355e-16,-4.953135845918474e-17,-5.417571912978304e-15,1.484767048422742e-08,0.22499999999999998,-3.78039247261613e-14,0.5400000002448773,0.225,0.0,0.5399999999999999,0.0,129.88440019658313,2.372737036278419e-14,True,True,False
11.085,2.2277680020106842e-10,0.0,4.382996635363918e-09,2.5561690145597253e-16,-4.953135845918474e-17,-5.417571912978304e-15,1.484767048422742e-08,0.22499999999999998,-3.7707996601608915e-14,0.5400000002227767,0.225,0.0,0.5399999999999999,0.0,129.88440019658313,2.3682669743853228e-14,True,True,False
11.09,2.0104751548995473e-10,0.0,4.308758303670048e-09,2.6237127150018707e-16,-4.953135845918474e-17,-5.417571912978304e-15,1.484767048422742e-08,0.22499999999999998,-3.7611547710925357e-14,0.5400000002010474,0.225,0.0,0.5399999999999999,0.0,129.88440019658313,2.363761196967158e-14,True,True,False
11.095,1.7968948942932438e-10,0.0,4.234519971976222e-09,2.691302748360993e-16,-4.953135845918474e-17,-5.417571912978304e-15,1.484767048422742e-08,0.22499999999999998,-3.751457801490335e-14,0.5400000001796894,0.225,0.0,0.5399999999999999,0.0,129.88440019658313,2.3592196893829766e-14,True,True,False
11.1,1.5870272204507086e-10,0.0,4.160281640282442e-09,2.7589357093658554e-16,6.21951194149629e-17,-6.03320871302102e-15,1.3608769435022662e-08,0.22499999999999998,-3.741708747739911e-14,0.5400000001587026,0.225,0.0,0.5399999999999999,0.0,129.8844001801801,2.4204937784560056e-14,True,True,False
11.105,1.3807122616643393e-10,0.0,4.092237802941213e-09,2.827747069716305e-16,6.21951194149629e-17,-6.03320871302102e-15,1.3608769435022662e-08,0.22499999999999998,-3.7319077192825885e-14,0.5400000001380711,0.225,0.0,0.5399999999999999,0.0,129.8844001801801,2.4158516523633484e-14,True,True,False
11.11,1.177799028276833e-10,0.0,4.024193965600031e-09,2.8965842415482773e-16,6.21951194149629e-17,-6.03320871302102e-15,1.3608769435022662e-08,0.22499999999999998,-3.7220548266961045e-14,0.5400000001177798,0.225,0.0,0.5399999999999999,0.0,129.8844001801801,2.4111734731688452e-14,True,True,False
11.115,9.782875214773082e-11,0.0,3.956150128258898e-09,2.9654454273690593e-16,6.21951194149629e-17,-6.03320871302102e-15,1.3608769435022662e-08,0.22499999999999998,-3.7121500683678495e-14,0.5400000000978287,0.225,0.0,0.5399999999999999,0.0,129.8844001801801,2.40645923485064e-14,True,True,False
11.120000000000001,7.821866253771163e-11,0.0,3.888106290957484e-09,3.0334845398550167e-16,6.21951194149629e-17,-6.03320871302102e-15,1.3608769435022662e-08,0.22499999999999998,-3.702193517085569e-14,0.5400000000782186,0.225,0.0,0.5399999999999999,0.0,129.8844001801801,2.4017271757196733e-14,True,True,False
11.125,5.89478581669505e-11,0.0,3.820062453657491e-09,3.101524596859671e-16,6.21951194149629e-17,-6.03320871302102e-15,1.3608769435022662e-08,0.22499999999999998,-3.692185256910269e-14,0.5400000000589478,0.225,0.0,0.5399999999999999,0.0,129.8844001801801,2.3969599247350575e-14,True,True,False
11.13,4.001811688481528e-11,0.0,3.752018616357555e-09,3.1695929333263194e-16,6.21951194149629e-17,-6.03320871302102e-15,1.3608769435022662e-08,0.22499999999999998,-3.682125287360061e-14,0.540000000040018,0.225,0.0,0.5399999999999999,0.0,129.8844001801801,2.392156855035042e-14,True,True,False
11.135,2.1427668905468335e-11,0.0,3.683974779057675e-09,3.237687765634479e-16,6.21951194149629e-17,-6.03320871302102e-15,1.3608769435022662e-08,0.22499999999999998,-3.6720136079849575e-14,0.5400000000214276,0.225,0.0,0.5399999999999999,0.0,129.8844001801801,2.387317964939251e-14,True,True,False
11.14,3.1784463984155376e-12,0.0,3.615930941757857e-09,3.305807456456997e-16,6.21951194149629e-17,-6.03320871302102e-15,1.3608769435022662e-08,0.22499999999999998,-3.661850218364105e-14,0.5400000000031782,0.225,0.0,0.5399999999999999,0.0,129.8844001801801,2.3824432528761493e-14,True,True,False
11.145,1.4731039462004744e-11,0.0,3.5478871044932076e-09,3.373004909490201e-16,6.21951194149629e-17,-6.03320871302102e-15,1.3608769435022662e-08,0.22499999999999998,-3.651635215716526e-14,0.5399999999852689,0.225,0.0,0.5399999999999999,0.0,129.8844001801801,2.3775596045812834e-14,True,True,False
11.15,3.230096022579992e-11,0.0,3.4798432672356477e-09,3.440043426801808e-16,1.9026164850577074e-16,-6.650358812605476e-15,1.2373257073316174e-08,0.22499999999999998,-3.6413687800851873e-14,0.539999999967699,0.225,0.0,0.5399999999999999,0.0,129.8844001638219,2.4386591083684393e-14,True,True,False
11.155,4.954493702486244e-11,0.0,3.4179769980350214e-09,3.5082878106405675e-16,1.9026164850577074e-16,-6.650358812605476e-15,1.2373257073316174e-08,0.22499999999999998,-3.631050841016214e-14,0.539999999950455,0.225,0.0,0.5399999999999999,0.0,129.8844001638219,2.4336343835326165e-14,True,True,False
11.16,6.648071968557331e-11,0.0,3.3561107288344624e-09,3.57657058015378e-16,1.9026164850577074e-16,-6.650358812605476e-15,1.2373257073316174e-08,0.22499999999999998,-3.620681322637905e-14,0.5399999999335192,0.225,0.0,0.5399999999999999,0.0,129.8844001638219,2.428573237499951e-14,True,True,False
11.165000000000001,8.310652950616344e-11,0.0,3.294244459633974e-09,3.6448895780091057e-16,1.9026164850577074e-16,-6.650358812605476e-15,1.2373257073316174e-08,0.225,-3.610260222576254e-14,0.5399999999168934,0.225,0.0,0.5399999999999999,0.0,129.8844001638219,2.423475661405351e-14,True,True,False
11.17,9.942236575120373e-11,0.0,3.2323781904335592e-09,3.71324280453928e-16,1.9026164850577074e-16,-6.650358812605476e-15,1.2373257073316174e-08,0.225,-3.599787538595609e-14,0.5399999999005776,0.225,0.0,0.5399999999999999,0.0,129.8844001638219,2.4183416469003327e-14,True,True,False
11.175,1.1543000447293633e-10,0.0,3.170511921233224e-09,3.7816284036869056e-16,1.9026164850577074e-16,-6.650358812605476e-15,1.2373257073316174e-08,0.225,-3.589263268588143e-14,0.5399999998845699,0.225,0.0,0.5399999999999999,0.0,129.8844001638219,2.4131711861137517e-14,True,True,False
11.18,1.3112766916577016e-10,0.0,3.108645652032972e-09,3.8500446504171746e-16,1.9026164850577074e-16,-6.650358812605476e-15,1.2373257073316174e-08,0.225,-3.578687410564315e-14,0.5399999998688723,0.225,0.0,0.5399999999999999,0.0,129.8844001638219,2.4079642716161814e-14,True,True,False
11.185,1.465162479266715e-10,0.0,3.046779382832809e-09,3.9184899394238245e-16,1.9026164850577074e-16,-6.650358812605476e-15,1.2373257073316174e-08,0.225,-3.5680599626442054e-14,0.5399999998534837,0.225,0.0,0.5399999999999999,0.0,129.8844001638219,2.4027208963875507e-14,True,True,False
11.19,1.6159574070737584e-10,0.0,2.9849131136327392e-09,3.986962774976843e-16,1.9026164850577074e-16,-6.650358812605476e-15,1.2373257073316174e-08,0.225,-3.557380923049635e-14,0.5399999998384042,0.225,0.0,0.5399999999999999,0.0,129.8844001638219,2.39744105378768e-14,True,True,False
11.195,1.7636525929904801e-10,0.0,2.923046844432771e-09,4.0554617617802606e-16,1.9026164850577074e-16,-6.650358812605476e-15,1.2373257073316174e-08,0.225,-3.546650290096949e-14,0.5399999998236347,0.225,0.0,0.5399999999999999,0.0,129.8844001638219,2.3921247375294218e-14,True,True,False
11.200000000000001,1.9082569185994371e-10,0.0,2.861180575232909e-09,4.1239855967253523e-16,3.0830514334719506e-16,-7.271070601835364e-15,1.1159086144533944e-08,0.225,-3.5358680621904766e-14,0.5399999998091742,0.225,0.0,0.5399999999999999,0.0,129.8844001477463,2.4531661261627112e-14,True,True,False
11.205,2.0499213740911699e-10,0.0,2.8053851531139265e-09,4.192935412854098e-16,3.0830514334719506e-16,-7.271070601835364e-15,1.1159086144533944e-08,0.225,-3.525034454867441e-14,0.5399999997950078,0.225,0.0,0.5399999999999999,0.0,129.8844001477463,2.4477574053522346e-14,True,True,False
11.21,2.188796949697451e-10,0.0,2.7495897309950462e-09,4.2619080909051233e-16,3.0830514334719506e-16,-7.271070601835364e-15,1.1159086144533944e-08,0.225,-3.5141496844343384e-14,0.5399999997811202,0.225,0.0,0.5399999999999999,0.0,129.8844001477463,2.442312083463219e-14,True,True,False
11.215,2.3248836453475852e-10,0.0,2.6937943088762743e-09,4.3309025386018465e-16,3.0830514334719506e-16,-7.271070601835364e-15,1.1159086144533944e-08,0.225,-3.5032137505206886e-14,0.5399999997675116,0.225,0.0,0.5399999999999999,0.0,129.8844001477463,2.436830159112209e-14,True,True,False
11.22,2.458172579204503e-10,0.0,2.637998886757617e-09,4.3999177318447745e-16,3.0830514334719506e-16,-7.271070601835364e-15,1.1159086144533944e-08,0.225,-3.4922266527741685e-14,0.5399999997541827,0.225,0.0,0.5399999999999999,0.0,129.8844001477463,2.43131163098355e-14,True,True,False
11.225,2.588681514795948e-10,0.0,2.582203464639082e-09,4.468952709497495e-16,3.0830514334719506e-16,-7.271070601835364e-15,1.1159086144533944e-08,0.225,-3.481188390859447e-14,0.5399999997411318,0.225,0.0,0.5399999999999999,0.0,129.8844001477463,2.4257564978250296e-14,True,True,False
11.23,2.7164015703063816e-10,0.0,2.526408042520678e-09,4.538006568641864e-16,3.0830514334719506e-16,-7.271070601835364e-15,1.1159086144533944e-08,0.225,-3.470098964457109e-14,0.5399999997283598,0.225,0.0,0.5399999999999999,0.0,129.8844001477463,2.420164758443867e-14,True,True,False
11.235,2.84132386392687e-10,0.0,2.4706126204024127e-09,4.607078460254088e-16,3.0830514334719506e-16,-7.271070601835364e-15,1.1159086144533944e-08,0.225,-3.458958373262656e-14,0.5399999997158675,0.225,0.0,0.5399999999999999,0.0,129.8844001477463,2.414536411703011e-14,True,True,False
11.24,2.963457277421702e-10,0.0,2.4148171982842964e-09,4.67616758525894e-16,3.0830514334719506e-16,-7.271070601835364e-15,1.1159086144533944e-08,0.225,-3.44776661698561e-14,0.5399999997036542,0.225,0.0,0.5399999999999999,0.0,129.8844001477463,2.4088714565177243e-14,True,True,False
11.245000000000001,3.0828106925589826e-10,0.0,2.359021776166341e-09,4.745273190924253e-16,3.0830514334719506e-16,-7.271070601835364e-15,1.1159086144533944e-08,0.225,-3.436523695348651e-14,0.5399999996917189,0.225,0.0,0.5399999999999999,0.0,129.8844001477463,2.403169891852422e-14,True,True,False
11.25,3.19935746397317e-10,0.0,2.3032263540485546e-09,4.814394567562078e-16,4.3619887708580777e-16,-7.892853164904115e-15,9.980906706163366e-09,0.225,-3.425229608086832e-14,0.5399999996800642,0.225,0.0,0.5399999999999999,0.0,129.8844001321472,2.4639404361284505e-14,True,True,False
11.255,3.3132752273364126e-10,0.0,2.2533218356457967e-09,4.884083015289852e-16,4.3619887708580777e-16,-7.892853164904115e-15,9.980906706163366e-09,0.225,-3.41388459456316e-14,0.5399999996686724,0.225,0.0,0.5399999999999999,0.0,129.8844001321472,2.4581511284429814e-14,True,True,False
11.26,3.424688327618018e-10,0.0,2.2034173172431996e-09,4.953782248265963e-16,4.3619887708580777e-16,-7.892853164904115e-15,9.980906706163366e-09,0.225,-3.40248889376021e-14,0.5399999996575311,0.225,0.0,0.5399999999999999,0.0,129.8844001321472,2.452324956297957e-14,True,True,False
11.265,3.5336145283789885e-10,0.0,2.153512798840777e-09,5.023491817565522e-16,4.3619887708580777e-16,-7.892853164904115e-15,9.980906706163366e-09,0.225,-3.391042504880833e-14,0.5399999996466385,0.225,0.0,0.5399999999999999,0.0,129.8844001321472,2.4464619167166027e-14,True,True,False
11.27,3.6400449478289844e-10,0.0,2.1036082806154783e-09,5.091188870951422e-16,4.3619887708580777e-16,-7.892853164904115e-15,9.980906706163366e-09,0.225,-3.3795455594768757e-14,0.5399999996359954,0.225,0.0,0.5399999999999999,0.0,129.8844001321472,2.4405847834749288e-14,True,True,False
11.275,3.743979585962719e-10,0.0,2.053703762396481e-09,5.15885826443666e-16,4.3619887708580777e-16,-7.892853164904115e-15,9.980906706163366e-09,0.225,-3.367998208495594e-14,0.539999999625602,0.225,0.0,0.5399999999999999,0.0,129.8844001321472,2.434671989457924e-14,True,True,False
11.28,3.8454095609914887e-10,0.0,2.0037992441776967e-09,5.226568647228099e-16,4.3619887708580777e-16,-7.892853164904115e-15,9.980906706163366e-09,0.225,-3.356400451926409e-14,0.539999999615459,0.225,0.0,0.5399999999999999,0.0,129.8844001321472,2.428722756178067e-14,True,True,False
11.285,3.944352636479698e-10,0.0,1.9538947259591436e-09,5.294318446658043e-16,4.3619887708580777e-16,-7.892853164904115e-15,9.980906706163366e-09,0.225,-3.344752289759175e-14,0.5399999996055647,0.225,0.0,0.5399999999999999,0.0,129.8844001321472,2.422737083597454e-14,True,True,False
11.290000000000001,4.0407999306397803e-10,0.0,1.9039902077298604e-09,5.362043054871879e-16,4.3619887708580777e-16,-7.892853164904115e-15,9.980906706163366e-09,0.225,-3.3330537324693324e-14,0.5399999995959199,0.225,0.0,0.5399999999999999,0.0,129.8844001321472,2.416722380180853e-14,True,True,False
11.295,4.1347514434687694e-10,0.0,1.8540856894647724e-09,5.429590405683662e-16,4.3619887708580777e-16,-7.892853164904115e-15,9.980906706163366e-09,0.225,-3.321305047396576e-14,0.5399999995865248,0.225,0.0,0.5399999999999999,0.0,129.8844001321472,2.4106958581506184e-14,True,True,False
11.3,4.226207174964073e-10,0.0,1.8041811711999753e-09,5.497162840588066e-16,5.616317630376118e-16,-8.51221236404096e-15,8.850358395861174e-09,0.22500000000000003,-3.309506349789225e-14,0.5399999995773792,0.225,0.0,0.5399999999999999,0.0,129.88440011717873,2.4708828517036145e-14,True,True,False
11.305,4.3153181154542925e-10,0.0,1.7599293961249562e-09,5.565601314437935e-16,5.616317630376118e-16,-8.51221236404096e-15,8.850358395861174e-09,0.22500000000000003,-3.2976576028406843e-14,0.5399999995684681,0.225,0.0,0.5399999999999999,0.0,129.88440011717873,2.464719533211695e-14,True,True,False
11.31,4.4021997281317145e-10,0.0,1.7156776210502127e-09,5.634076655762362e-16,5.616317630376118e-16,-8.51221236404096e-15,8.850358395861174e-09,0.22500000000000003,-3.2857587693963315e-14,0.53999999955978,0.225,0.0,0.5399999999999999,0.0,129.88440011717873,2.4585192468738086e-14,True,True,False
11.315,4.48687865834716e-10,0.0,1.671425845975768e-09,5.702587536473389e-16,5.616317630376118e-16,-8.51221236404096e-15,8.850358395861174e-09,0.22500000000000003,-3.2738098488596927e-14,0.5399999995513121,0.225,0.0,0.5399999999999999,0.0,129.88440011717873,2.4522819904625855e-14,True,True,False
11.32,4.5693460243149484e-10,0.0,1.6271740709016455e-09,5.77113269087438e-16,5.616317630376118e-16,-8.51221236404096e-15,8.850358395861174e-09,0.22500000000000003,-3.261810840656554e-14,0.5399999995430653,0.225,0.0,0.5399999999999999,0.0,129.88440011717873,2.4460077618337592e-14,True,True,False
11.325000000000001,4.649592944249552e-10,0.0,1.5829222958278725e-09,5.839710912075904e-16,5.616317630376118e-16,-8.51221236404096e-15,8.850358395861174e-09,0.22500000000000003,-3.249761744233861e-14,0.5399999995350406,0.225,0.0,0.5399999999999999,0.0,129.88440011717873,2.439696558922089e-14,True,True,False
11.33,4.727637181718108e-10,0.0,1.5386705207544794e-09,5.908321048653325e-16,5.616317630376118e-16,-8.51221236404096e-15,8.850358395861174e-09,0.22500000000000003,-3.2376625590586894e-14,0.5399999995272362,0.225,0.0,0.5399999999999999,0.0,129.88440011717873,2.433348379737525e-14,True,True,False
11.335,4.803469854935347e-10,0.0,1.4944187456814996e-09,5.976962001527494e-16,5.616317630376118e-16,-8.51221236404096e-15,8.850358395861174e-09,0.22500000000000003,-3.2255132846172987e-14,0.5399999995196529,0.225,0.0,0.5399999999999999,0.0,129.88440011717873,2.4269632223616057e-14,True,True,False
11.34,4.877073200331929e-10,0.0,1.4501669706089711e-09,6.045632721051559e-16,5.616317630376118e-16,-8.51221236404096e-15,8.850358395861174e-09,0.22500000000000003,-3.2133139204141975e-14,0.5399999995122926,0.225,0.0,0.5399999999999999,0.0,129.88440011717873,2.4205410849440707e-14,True,True,False
11.345,4.948482745043672e-10,0.0,1.4059151955369366e-09,6.114332204288307e-16,5.616317630376118e-16,-8.51221236404096e-15,8.850358395861174e-09,0.22500000000000003,-3.201064465971315e-14,0.5399999995051517,0.225,0.0,0.5399999999999999,0.0,129.88440011717873,2.4140819656996673e-14,True,True,False
11.35,5.017671843717231e-10,0.0,1.3616634204654442e-09,6.183059492463827e-16,6.695514243212531e-16,-9.133053929725116e-15,7.776425070999414e-09,0.22500000000000003,-3.188764920827176e-14,0.5399999994982327,0.225,0.0,0.5399999999999999,0.0,129.88440010295986,2.4739939289339863e-14,True,True,False
11.355,5.084782604898746e-10,0.0,1.3227813091653149e-09,6.251820915932242e-16,6.695514243212531e-16,-9.133053929725116e-15,7.776425070999414e-09,0.22500000000000003,-3.176415655296961e-14,0.5399999994915217,0.225,0.0,0.5399999999999999,0.0,129.88440010295986,2.4674567418592702e-14,True,True,False
11.36,5.14994825535028e-10,0.0,1.2838991978657018e-09,6.320610473459282e-16,6.695514243212531e-16,-9.133053929725116e-15,7.776425070999414e-09,0.22500000000000003,-3.1640170399924426e-14,0.5399999994850051,0.225,0.0,0.5399999999999999,0.0,129.88440010295986,2.460882684441632e-14,True,True,False
11.365,5.213168795071264e-10,0.0,1.2450170865666535e-09,6.389427256358194e-16,6.695514243212531e-16,-9.133053929725116e-15,7.776425070999414e-09,0.22500000000000003,-3.151569074907037e-14,0.539999999478683,0.225,0.0,0.5399999999999999,0.0,129.88440010295986,2.4542717566564956e-14,True,True,False
11.370000000000001,5.274444224061179e-10,0.0,1.206134975267977e-09,6.458253656091348e-16,6.695514243212531e-16,-9.133053929725116e-15,7.776425070999414e-09,0.22500000000000003,-3.139071760034385e-14,0.5399999994725555,0.225,0.0,0.5399999999999999,0.0,129.88440010295986,2.447624836854624e-14,True,True,False
11.375,5.333783424103732e-10,0.0,1.1672528639628103e-09,6.526619350730995e-16,6.695514243212531e-16,-9.133053929725116e-15,7.776425070999414e-09,0.22500000000000003,-3.126525303812541e-14,0.5399999994666216,0.225,0.0,0.5399999999999999,0.0,129.88440010295986,2.4409667216193532e-14,True,True,False
11.38,5.391177513414303e-10,0.0,1.128370752658394e-09,6.595008221880637e-16,6.695514243212531e-16,-9.133053929725116e-15,7.776425070999414e-09,0.22500000000000003,-3.1139298885956235e-14,0.5399999994608822,0.225,0.0,0.5399999999999999,0.0,129.88440010295986,2.434272114815149e-14,True,True,False
11.385,5.446626491992486e-10,0.0,1.0894886413548082e-09,6.66341955593583e-16,6.695514243212531e-16,-9.133053929725116e-15,7.776425070999414e-09,0.22500000000000003,-3.101285514337505e-14,0.5399999994553373,0.225,0.0,0.5399999999999999,0.0,129.88440010295986,2.427541016269757e-14,True,True,False
11.39,5.500130359837906e-10,0.0,1.0506065300521453e-09,6.731852668069974e-16,6.695514243212531e-16,-9.133053929725116e-15,7.776425070999414e-09,0.22500000000000003,-3.088592180993504e-14,0.5399999994499869,0.225,0.0,0.5399999999999999,0.0,129.88440010295986,2.4207734258163298e-14,True,True,False
11.395,5.55168911695022e-10,0.0,1.0117244188540181e-09,6.798749909312329e-16,6.695514243212531e-16,-9.133053929725116e-15,7.776425070999414e-09,0.22500000000000003,-3.075850103633855e-14,0.539999999444831,0.225,0.0,0.5399999999999999,0.0,129.88440010295986,2.4140128919504523e-14,True,True,False
11.4,5.601293881544921e-10,0.0,9.728423076606107e-10,6.865632405815701e-16,7.779009543134387e-16,-9.748808850368352e-15,6.76572439953289e-09,0.22500000000000003,-3.063059527876488e-14,0.5399999994398705,0.225,0.0,0.5399999999999999,0.0,129.88440008957818,2.473081938036966e-14,True,True,False
11.405,5.649095643952842e-10,0.0,9.390137009202823e-10,6.933952841344613e-16,7.779009543134387e-16,-9.748808850368352e-15,6.76572439953289e-09,0.22500000000000003,-3.050220414993256e-14,0.5399999994350904,0.225,0.0,0.5399999999999999,0.0,129.88440008957818,2.466180703973949e-14,True,True,False
11.41,5.695200985583934e-10,0.0,9.051850941810717e-10,7.002313506331375e-16,7.779009543134387e-16,-9.748808850368352e-15,6.76572439953289e-09,0.22500000000000003,-3.037332726371459e-14,0.5399999994304798,0.225,0.0,0.5399999999999999,0.0,129.88440008957818,2.4592425285137988e-14,True,True,False
11.415000000000001,5.739609906437982e-10,0.0,8.713564874431086e-10,7.070713233943658e-16,7.779009543134387e-16,-9.748808850368352e-15,6.76572439953289e-09,0.22500000000000006,-3.024396461865658e-14,0.5399999994260389,0.225,0.0,0.5399999999999999,0.0,129.88440008957818,2.4522674111134154e-14,True,True,False
11.42,5.7823401700831e-10,0.0,8.375278807065444e-10,7.139150901412336e-16,7.779009543134387e-16,-9.748808850368352e-15,6.76572439953289e-09,0.22500000000000006,-3.0114116213347635e-14,0.5399999994217659,0.225,0.0,0.5399999999999999,0.0,129.88440008957818,2.4452553512459304e-14,True,True,False
11.425,5.823365131166553e-10,0.0,8.036992739715553e-10,7.207625428000722e-16,7.779009543134387e-16,-9.748808850368352e-15,6.76572439953289e-09,0.22500000000000006,-2.9983782046418604e-14,0.5399999994176634,0.225,0.0,0.5399999999999999,0.0,129.88440008957818,2.4382063484000702e-14,True,True,False
11.43,5.862702553256518e-10,0.0,7.69870667238349e-10,7.276135773083403e-16,7.779009543134387e-16,-9.748808850368352e-15,6.76572439953289e-09,0.22500000000000006,-2.985296211654046e-14,0.5399999994137297,0.225,0.0,0.5399999999999999,0.0,129.88440008957818,2.4311204020795453e-14,True,True,False
11.435,5.900352436352818e-10,0.0,7.360420605071717e-10,7.344680934327975e-16,7.779009543134387e-16,-9.748808850368352e-15,6.76572439953289e-09,0.22500000000000006,-2.9721656422422756e-14,0.5399999994099647,0.225,0.0,0.5399999999999999,0.0,129.88440008957818,2.4239975118024718e-14,True,True,False
11.44,5.936314780455289e-10,0.0,7.022134537783162e-10,7.413259945973372e-16,7.779009543134387e-16,-9.748808850368352e-15,6.76572439953289e-09,0.22500000000000006,-2.9589864962812134e-14,0.5399999994063684,0.225,0.0,0.5399999999999999,0.0,129.88440008957818,2.4168376771008177e-14,True,True,False
11.445,5.970580703779587e-10,0.0,6.68384847052135e-10,7.481871877198968e-16,7.779009543134387e-16,-9.748808850368352e-15,6.76572439953289e-09,0.22500000000000006,-2.945758773649095e-14,0.5399999994029419,0.225,0.0,0.5399999999999999,0.0,129.88440008957818,2.4096408975198793e-14,True,True,False
11.450000000000001,6.003150206325564e-10,0.0,6.345562403290563e-10,7.550515830578988e-16,8.624944084844796e-16,-1.0364536722607692e-14,5.8228369586990635e-09,0.22500000000000006,-2.932482474227589e-14,0.5399999993996849,0.225,0.0,0.5399999999999999,0.0,129.88440007709437,2.4682682545178006e-14,True,True,False
11.455,6.034147633071697e-10,0.0,6.054420631941254e-10,7.619035300778628e-16,8.624944084844796e-16,-1.0364536722607692e-14,5.8228369586990635e-09,0.22500000000000006,-2.919158066570929e-14,0.5399999993965852,0.225,0.0,0.5399999999999999,0.0,129.88440007709437,2.4610041316514936e-14,True,True,False
11.46,6.06369621877346e-10,0.0,5.763278860623411e-10,7.687585732963307e-16,8.624944084844796e-16,-1.0364536722607692e-14,5.8228369586990635e-09,0.22500000000000006,-2.905786019291879e-14,0.5399999993936303,0.225,0.0,0.5399999999999999,0.0,129.88440007709437,2.4537032950559777e-14,True,True,False
11.465,6.091780420308415e-10,0.0,5.472137089342058e-10,7.756166306189818e-16,8.624944084844796e-16,-1.0364536722607692e-14,5.8228369586990635e-09,0.22500000000000006,-2.8923663323625606e-14,0.5399999993908219,0.225,0.0,0.5399999999999999,0.0,129.88440007709437,2.44636574462714e-14,True,True,False
11.47,6.118416891021813e-10,0.0,5.180995318103345e-10,7.824776227940998e-16,8.624944084844796e-16,-1.0364536722607692e-14,5.8228369586990635e-09,0.22500000000000006,-2.878899005755845e-14,0.5399999993881582,0.225,0.0,0.5399999999999999,0.0,129.88440007709437,2.4389914802636828e-14,True,True,False
11.475,6.143596749129369e-10,0.0,4.88985354691489e-10,7.893414732920728e-16,8.624944084844796e-16,-1.0364536722607692e-14,5.8228369586990635e-09,0.22500000000000006,-2.8653840394453316e-14,0.5399999993856403,0.225,0.0,0.5399999999999999,0.0,129.88440007709437,2.4315805018670206e-14,True,True,False
11.48,6.167311112846804e-10,0.0,4.598711775786237e-10,7.962081081908963e-16,8.624944084844796e-16,-1.0364536722607692e-14,5.8228369586990635e-09,0.22500000000000006,-2.851821433405323e-14,0.5399999993832688,0.225,0.0,0.5399999999999999,0.0,129.88440007709437,2.4241328093411857e-14,True,True,False
11.485,6.189586627526595e-10,0.0,4.3075700047295147e-10,8.030774560673356e-16,8.624944084844796e-16,-1.0364536722607692e-14,5.8228369586990635e-09,0.22500000000000006,-2.8382111876107946e-14,0.5399999993810413,0.225,0.0,0.5399999999999999,0.0,129.88440007709437,2.4166484025927335e-14,True,True,False
11.49,6.210387766031909e-10,0.0,4.0164282337603615e-10,8.099494478934299e-16,8.624944084844796e-16,-1.0364536722607692e-14,5.8228369586990635e-09,0.22500000000000006,-2.824553302037375e-14,0.5399999993789611,0.225,0.0,0.5399999999999999,0.0,129.88440007709437,2.4091272815306574e-14,True,True,False
11.495000000000001,6.229750055499419e-10,0.0,3.72528646289931e-10,8.168240169380376e-16,8.624944084844796e-16,-1.0364536722607692e-14,5.8228369586990635e-09,0.22500000000000006,-2.8108477766613238e-14,0.5399999993770249,0.225,0.0,0.5399999999999999,0.0,129.88440007709437,2.4015694460663038e-14,True,True,False
11.5,6.247646850576486e-10,0.0,3.4341446921738536e-10,8.237010986731428e-16,9.398112766167688e-16,-1.0976132546167805e-14,4.950538744983085e-09,0.22500000000000006,-2.7970946114595072e-14,0.5399999993752352,0.225,0.0,0.5399999999999999,0.0,129.88440006554512,2.4593939951085843e-14,True,True,False
11.505,6.264193614457491e-10,0.0,3.186617902791865e-10,8.305289019835135e-16,9.398112766167688e-16,-1.0976132546167805e-14,4.950538744983085e-09,0.22500000000000006,-2.7832942972505386e-14,0.5399999993735806,0.225,0.0,0.5399999999999999,0.0,129.88440006554512,2.4517746327715206e-14,True,True,False
11.51,6.27951469212101e-10,0.0,2.9390911135683236e-10,8.373601113188901e-16,9.398112766167688e-16,-1.0976132546167805e-14,4.950538744983085e-09,0.22500000000000006,-2.7694473248679656e-14,0.5399999993720485,0.225,0.0,0.5399999999999999,0.0,129.88440006554512,2.4441186460176814e-14,True,True,False
11.515,6.293592319998612e-10,0.0,2.691564324546944e-10,8.441946439947795e-16,9.398112766167688e-16,-1.0976132546167805e-14,4.950538744983085e-09,0.22500000000000006,-2.755553694311418e-14,0.5399999993706407,0.225,0.0,0.5399999999999999,0.0,129.88440006554512,2.4364260348456718e-14,True,True,False
11.52,6.306426498090276e-10,0.0,2.4440375357891475e-10,8.51032419943216e-16,9.398112766167688e-16,-1.0976132546167805e-14,4.950538744983085e-09,0.2250000000000001,-2.741613405580528e-14,0.5399999993693573,0.225,0.0,0.5399999999999999,0.0,129.88440006554512,2.4286967992541276e-14,True,True,False
11.525,6.31802610818008e-10,0.0,2.1965107484705386e-10,8.577473762246619e-16,9.398112766167688e-16,-1.0976132546167805e-14,4.950538744983085e-09,0.2250000000000001,-2.7276267193447227e-14,0.5399999993681973,0.225,0.0,0.5399999999999999,0.0,129.88440006554512,2.420970876260601e-14,True,True,False
11.53,6.328391150268009e-10,0.0,1.9489839616761318e-10,8.644631680370852e-16,9.398112766167688e-16,-1.0976132546167805e-14,4.950538744983085e-09,0.2250000000000001,-2.7135939333459795e-14,0.5399999993671608,0.225,0.0,0.5399999999999999,0.0,129.88440006554512,2.4132103146464968e-14,True,True,False
11.535,6.337521624354017e-10,0.0,1.7014571755808855e-10,8.711840550353312e-16,9.398112766167688e-16,-1.0976132546167805e-14,4.950538744983085e-09,0.2250000000000001,-2.699515047332127e-14,0.5399999993662478,0.225,0.0,0.5399999999999999,0.0,129.88440006554512,2.4054137462964652e-14,True,True,False
11.540000000000001,6.345408648653874e-10,0.0,1.4539303905418902e-10,8.779099201999937e-16,9.398112766167688e-16,-1.0976132546167805e-14,4.950538744983085e-09,0.2250000000000001,-2.6853900610569305e-14,0.5399999993654591,0.225,0.0,0.5399999999999999,0.0,129.88440006554512,2.3975811702910075e-14,True,True,False
11.545,6.352061104951726e-10,0.0,1.2064036070903307e-10,8.845774004537252e-16,9.398112766167688e-16,-1.0976132546167805e-14,4.950538744983085e-09,0.2250000000000001,-2.671219135000906e-14,0.5399999993647938,0.225,0.0,0.5399999999999999,0.0,129.88440006554512,2.3897446022902036e-14,True,True,False
11.55,6.357470111463346e-10,0.0,9.588768266292772e-11,8.912300883509147e-16,9.964498314825579e-16,-1.1578476802850337e-14,4.150088938072996e-09,0.2250000000000001,-2.6570026414700722e-14,0.5399999993642529,0.225,0.0,0.5399999999999999,0.0,129.88440005494715,2.446311708573691e-14,True,True,False
11.555,6.361751131383159e-10,0.0,7.513726033548384e-11,8.98020143362155e-16,9.964498314825579e-16,-1.1578476802850337e-14,4.150088938072996e-09,0.2250000000000001,-2.6427405960982193e-14,0.5399999993638248,0.225,0.0,0.5399999999999999,0.0,129.88440005494715,2.4383482500167034e-14,True,True,False
11.56,6.364984100768835e-10,0.0,5.4386838925301355e-11,9.048147321619405e-16,9.964498314825579e-16,-1.1578476802850337e-14,4.150088938072996e-09,0.2250000000000001,-2.628433000090832e-14,0.5399999993635015,0.225,0.0,0.5399999999999999,0.0,129.88440005494715,2.4303484224862114e-14,True,True,False
11.565,6.367186783188724e-10,0.0,3.363642012996543e-11,9.116137533743529e-16,9.964498314825579e-16,-1.1578476802850337e-14,4.150088938072996e-09,0.2250000000000001,-2.6140798534163916e-14,0.5399999993632812,0.225,0.0,0.5399999999999999,0.0,129.88440005494715,2.4223122258645172e-14,True,True,False
11.57,6.36835029685861e-10,0.0,1.2886016581584773e-11,9.184171085602444e-16,9.964498314825579e-16,-1.1578476802850337e-14,4.150088938072996e-09,0.2250000000000001,-2.599681156044096e-14,0.5399999993631649,0.225,0.0,0.5399999999999999,0.0,129.88440005494715,2.4142396600365958e-14,True,True,False
11.575000000000001,6.368474641778465e-10,0.0,7.864492407694056e-12,9.252247021139981e-16,9.964498314825579e-16,-1.1578476802850337e-14,4.150088938072996e-09,0.2250000000000001,-2.585236907943838e-14,0.5399999993631525,0.225,0.0,0.5399999999999999,0.0,129.88440005494715,2.4061307248900155e-14,True,True,False
11.58,6.367559817948264e-10,0.0,2.8614877452628426e-11,9.320364411645105e-16,9.964498314825579e-16,-1.1578476802850337e-14,4.150088938072996e-09,0.2250000000000001,-2.5707471090861816e-14,0.5399999993632439,0.225,0.0,0.5399999999999999,0.0,129.88440005494715,2.39798542031486e-14,True,True,False
11.585,6.365614707152172e-10,0.0,4.936529485109629e-11,9.388522354801994e-16,9.964498314825579e-16,-1.1578476802850337e-14,4.150088938072996e-09,0.2250000000000001,-2.5562117594423458e-14,0.5399999993634385,0.225,0.0,0.5399999999999999,0.0,129.88440005494715,2.3898037462036518e-14,True,True,False
11.59,6.362630427605975e-10,0.0,7.011571587847384e-11,9.456719973778554e-16,9.964498314825579e-16,-1.1578476802850337e-14,4.150088938072996e-09,0.2250000000000001,-2.5416308589841853e-14,0.5399999993637369,0.225,0.0,0.5399999999999999,0.0,129.88440005494715,2.381585702451287e-14,True,True,False
11.595,6.358598097525459e-10,0.0,9.086613804864016e-11,9.524956416351572e-16,9.964498314825579e-16,-1.1578476802850337e-14,4.150088938072996e-09,0.2250000000000001,-2.5270044076841667e-14,0.5399999993641401,0.225,0.0,0.5399999999999999,0.0,129.88440005494715,2.373331288954958e-14,True,True,False
11.6,6.353535480478984e-10,0.0,1.1161656072423419e-10,9.593230854066892e-16,1.0274862203868404e-15,-1.2178515457483302e-14,3.4214633363074214e-09,0.2250000000000001,-2.51233240551536e-14,0.5399999993646464,0.225,0.0,0.5399999999999999,0.0,129.88440004530017,2.4292233967318968e-14,True,True,False
11.605,6.347531394308431e-10,0.0,1.2872386364924378e-10,9.660907553191863e-16,1.0274862203868404e-15,-1.2178515457483302e-14,3.4214633363074214e-09,0.2250000000000001,-2.4976154661283927e-14,0.5399999993652468,0.225,0.0,0.5399999999999999,0.0,129.88440004530017,2.4209192759630244e-14,True,True,False
11.61,6.340665775071496e-10,0.0,1.4583116669013166e-10,9.728632582932217e-16,1.0274862203868404e-15,-1.2178515457483302e-14,3.4214633363074214e-09,0.2250000000000001,-2.4828542029509905e-14,0.5399999993659333,0.225,0.0,0.5399999999999999,0.0,129.88440004530017,2.412579185198657e-14,True,True,False
11.615,6.332947504552354e-10,0.0,1.629384698103989e-10,9.796404940922635e-16,1.0274862203868404e-15,-1.2178515457483302e-14,3.4214633363074214e-09,0.2250000000000001,-2.468048615629664e-14,0.5399999993667052,0.225,0.0,0.5399999999999999,0.0,129.88440004530017,2.4042031231187778e-14,True,True,False
11.620000000000001,6.324367700966799e-10,0.0,1.8004577298741832e-10,9.864223651653923e-16,1.0274862203868404e-15,-1.2178515457483302e-14,3.4214633363074214e-09,0.2250000000000001,-2.453198703818306e-14,0.5399999993675632,0.225,0.0,0.5399999999999999,0.0,129.88440004530017,2.3957910884309402e-14,True,True,False
11.625,6.314944127883195e-10,0.0,1.971530762064166e-10,9.932087765602764e-16,1.0274862203868404e-15,-1.2178515457483302e-14,3.4214633363074214e-09,0.2250000000000001,-2.4383044671779915e-14,0.5399999993685055,0.225,0.0,0.5399999999999999,0.0,129.88440004530017,2.3873430798695108e-14,True,True,False
11.63,6.304650139949005e-10,0.0,2.1426037945733843e-10,9.999996358394124e-16,1.0274862203868404e-15,-1.2178515457483302e-14,3.4214633363074214e-09,0.22500000000000012,-2.423366662486537e-14,0.5399999993695349,0.225,0.0,0.5399999999999999,0.0,129.88440004530017,2.3788619234277926e-14,True,True,False
11.635,6.293512382516709e-10,0.0,2.3136768277258257e-10,1.0067116217265452e-15,1.0274862203868404e-15,-1.2178515457483302e-14,3.4214633363074214e-09,0.22500000000000012,-2.4083877318222797e-14,0.5399999993706487,0.225,0.0,0.5399999999999999,0.0,129.88440004530017,2.370398813269992e-14,True,True,False
11.64,6.281513092017946e-10,0.0,2.4847498613042047e-10,1.0133788088109787e-15,1.0274862203868404e-15,-1.2178515457483302e-14,3.4214633363074214e-09,0.22500000000000012,-2.3933653159296286e-14,0.5399999993718486,0.225,0.0,0.5399999999999999,0.0,129.88440004530017,2.3619250098169745e-14,True,True,False
11.645,6.268670032021084e-10,0.0,2.655822895041869e-10,1.0200491201703589e-15,1.0274862203868404e-15,-1.2178515457483302e-14,3.4214633363074214e-09,0.22500000000000012,-2.3782994764996835e-14,0.5399999993731329,0.225,0.0,0.5399999999999999,0.0,129.88440004530017,2.353415890245673e-14,True,True,False
11.65,6.254956557173538e-10,0.0,2.826895928699697e-10,1.0267073026313305e-15,9.34293577000162e-16,-1.2767698997057418e-14,2.763560362249795e-09,0.22500000000000012,-2.3631902237942475e-14,0.5399999993745043,0.225,0.0,0.5399999999999999,0.0,129.88440003658954,2.4078989067570533e-14,True,True,False
11.655,6.240479248885587e-10,0.0,2.965073838175388e-10,1.0334470275607443e-15,9.34293577000162e-16,-1.2767698997057418e-14,2.763560362249795e-09,0.22500000000000012,-2.3480377986903968e-14,0.539999999375952,0.225,0.0,0.5399999999999999,0.0,129.88440003658954,2.3992802028900343e-14,True,True,False
11.66,6.225309161430744e-10,0.0,3.1032517477107003e-10,1.0401920054916781e-15,9.34293577000162e-16,-1.2767698997057418e-14,2.763560362249795e-09,0.22500000000000012,-2.3328423120823517e-14,0.539999999377469,0.225,0.0,0.5399999999999999,0.0,129.88440003658954,2.39062575434581e-14,True,True,False
11.665000000000001,6.209446294809004e-10,0.0,3.2414296572980083e-10,1.046942134895949e-15,9.34293577000162e-16,-1.2767698997057418e-14,2.763560362249795e-09,0.22500000000000012,-2.3176037605495113e-14,0.5399999993790553,0.225,0.0,0.5399999999999999,0.0,129.88440003658954,2.381935558605934e-14,True,True,False
11.67,6.192890649020356e-10,0.0,3.379607566930936e-10,1.0536973167704295e-15,9.34293577000162e-16,-1.2767698997057418e-14,2.763560362249795e-09,0.22500000000000012,-2.3023221440918764e-14,0.5399999993807109,0.225,0.0,0.5399999999999999,0.0,129.88440003658954,2.3732096156704074e-14,True,True,False
11.675,6.175651105848982e-10,0.0,3.5177854766041053e-10,1.0604574545614473e-15,9.34293577000162e-16,-1.2767698997057418e-14,2.763560362249795e-09,0.22500000000000012,-2.286997462709447e-14,0.5399999993824348,0.225,0.0,0.5399999999999999,0.0,129.88440003658954,2.3644479255392288e-14,True,True,False
11.68,6.157718783510684e-10,0.0,3.6559633861712394e-10,1.067192451838466e-15,9.34293577000162e-16,-1.2767698997057418e-14,2.763560362249795e-09,0.22500000000000012,-2.2716297397902798e-14,0.539999999384228,0.225,0.0,0.5399999999999999,0.0,129.88440003658954,2.355664051774055e-14,True,True,False
11.685,6.139093682005456e-10,0.0,3.7941412953045824e-10,1.0738343721814358e-15,9.34293577000162e-16,-1.2767698997057418e-14,2.763560362249795e-09,0.22500000000000012,-2.256219571729904e-14,0.5399999993860906,0.225,0.0,0.5399999999999999,0.0,129.88440003658954,2.3468893961273307e-14,True,True,False
11.69,6.119775801333292e-10,0.0,3.932319204466448e-10,1.080482144770027e-15,9.34293577000162e-16,-1.2767698997057418e-14,2.763560362249795e-09,0.22500000000000012,-2.2407672157969767e-14,0.5399999993880223,0.225,0.0,0.5399999999999999,0.0,129.88440003658954,2.3380796383497136e-14,True,True,False
11.695,6.099774023278375e-10,0.0,4.070497113644798e-10,1.0871331186456818e-15,9.34293577000162e-16,-1.2767698997057418e-14,2.763560362249795e-09,0.22500000000000012,-2.2252726719914987e-14,0.5399999993900225,0.225,0.0,0.5399999999999999,0.0,129.88440003658954,2.3292359528164883e-14,True,True,False
11.700000000000001,6.079070584272315e-10,0.0,4.2086750225813426e-10,1.093716256894269e-15,6.906019921894847e-16,-1.3347569446231175e-14,2.1744060942756626e-09,0.22500000000000012,-2.2097362086796072e-14,0.5399999993920929,0.225,0.0,0.5399999999999999,0.0,129.88440002878914,2.382417038022238e-14,True,True,False
11.705,6.05775430215702e-10,0.0,4.3173952462862455e-10,1.100429718892628e-15,6.906019921894847e-16,-1.3347569446231175e-14,2.1744060942756626e-09,0.22500000000000012,-2.1941580595704405e-14,0.5399999993942245,0.225,0.0,0.5399999999999999,0.0,129.88440002878914,2.373478236042756e-14,True,True,False
11.71,6.035896231206012e-10,0.0,4.426115470002579e-10,1.1071497939060155e-15,6.906019921894847e-16,-1.3347569446231175e-14,2.1744060942756626e-09,0.22500000000000012,-2.1785382235527584e-14,0.5399999993964103,0.225,0.0,0.5399999999999999,0.0,129.88440002878914,2.364504065166456e-14,True,True,False
11.715,6.013496371419286e-10,0.0,4.5348356937295196e-10,1.1138763622444293e-15,6.906019921894847e-16,-1.3347569446231175e-14,2.1744060942756626e-09,0.22500000000000012,-2.1628767006265606e-14,0.5399999993986503,0.225,0.0,0.5399999999999999,0.0,129.88440002878914,2.3554945253933376e-14,True,True,False
11.72,5.990554722796838e-10,0.0,4.6435559174663233e-10,1.1206093069773958e-15,6.906019921894847e-16,-1.3347569446231175e-14,2.1744060942756626e-09,0.22500000000000012,-2.147173490791851e-14,0.5399999994009445,0.225,0.0,0.5399999999999999,0.0,129.88440002878914,2.3464496167234015e-14,True,True,False
11.725,5.967062403554471e-10,0.0,4.752276141212316e-10,1.1273485138583198e-15,6.906019921894847e-16,-1.3347569446231175e-14,2.1744060942756626e-09,0.22500000000000012,-2.1314285940486255e-14,0.5399999994032937,0.225,0.0,0.5399999999999999,0.0,129.88440002878914,2.3373693391566474e-14,True,True,False
11.73,5.943028295476373e-10,0.0,4.860996364966876e-10,1.1340938712511815e-15,6.906019921894847e-16,-1.3347569446231175e-14,2.1744060942756626e-09,0.22500000000000012,-2.1156420103968862e-14,0.5399999994056971,0.225,0.0,0.5399999999999999,0.0,129.88440002878914,2.3282536926930762e-14,True,True,False
11.735,5.918452398562539e-10,0.0,4.969716588729445e-10,1.1408452700595056e-15,6.906019921894847e-16,-1.3347569446231175e-14,2.1744060942756626e-09,0.22500000000000012,-2.099813739836633e-14,0.5399999994081547,0.225,0.0,0.5399999999999999,0.0,129.88440002878914,2.319102677332686e-14,True,True,False
11.74,5.893334712812964e-10,0.0,5.078436812499508e-10,1.1476026036575239e-15,6.906019921894847e-16,-1.3347569446231175e-14,2.1744060942756626e-09,0.22500000000000012,-2.0839437823678657e-14,0.5399999994106665,0.225,0.0,0.5399999999999999,0.0,129.88440002878914,2.3099162930754784e-14,True,True,False
11.745000000000001,5.867666356443455e-10,0.0,5.18715703456301e-10,1.1542023085247083e-15,6.906019921894847e-16,-1.3347569446231175e-14,2.1744060942756626e-09,0.22500000000000012,-2.0680326059008387e-14,0.5399999994132333,0.225,0.0,0.5399999999999999,0.0,129.88440002878914,2.300775637939502e-14,True,True,False
11.75,5.841465093022346e-10,0.0,5.295877256290438e-10,1.1607794258330758e-15,4.892080941186539e-16,-1.3919619140393656e-14,1.6513220173208668e-09,0.2250000000000001,-2.0520810742698715e-14,0.5399999994158534,0.225,0.0,0.5399999999999999,0.0,129.8844000218635,2.352805884187584e-14,True,True,False
11.755,5.814775331470686e-10,0.0,5.378443280112712e-10,1.1674880912313365e-15,4.892080941186539e-16,-1.3919619140393656e-14,1.6513220173208668e-09,0.2250000000000001,-2.0360892671746266e-14,0.5399999994185224,0.225,0.0,0.5399999999999999,0.0,129.8844000218635,2.3435551504409188e-14,True,True,False
11.76,5.787677007846148e-10,0.0,5.461009303938128e-10,1.1742068536618211e-15,4.892080941186539e-16,-1.3919619140393656e-14,1.6513220173208668e-09,0.2250000000000001,-2.0200572463182204e-14,0.5399999994212322,0.225,0.0,0.5399999999999999,0.0,129.8844000218635,2.334269487398827e-14,True,True,False
11.765,5.760170122148729e-10,0.0,5.543575327766549e-10,1.180935540787717e-15,4.892080941186539e-16,-1.3919619140393656e-14,1.6513220173208668e-09,0.2250000000000001,-2.0039850117006517e-14,0.5399999994239829,0.225,0.0,0.5399999999999999,0.0,129.8844000218635,2.3249488950613085e-14,True,True,False
11.77,5.732245792594238e-10,0.0,5.62614135159784e-10,1.1876739839259516e-15,4.892080941186539e-16,-1.3919619140393656e-14,1.6513220173208668e-09,0.2250000000000001,-1.9878725633219203e-14,0.5399999994267753,0.225,0.0,0.5399999999999999,0.0,129.8844000218635,2.315593373428364e-14,True,True,False
11.775,5.703904019182668e-10,0.0,5.708707375431879e-10,1.1944220179581775e-15,4.892080941186539e-16,-1.3919619140393656e-14,1.6513220173208668e-09,0.2250000000000001,-1.9717199011820263e-14,0.5399999994296095,0.225,0.0,0.5399999999999999,0.0,129.8844000218635,2.306202922499992e-14,True,True,False
11.78,5.675153683698213e-10,0.0,5.791273399268547e-10,1.2011794812440847e-15,4.892080941186539e-16,-1.3919619140393656e-14,1.6513220173208668e-09,0.2250000000000001,-1.9555270252809707e-14,0.5399999994324846,0.225,0.0,0.5399999999999999,0.0,129.8844000218635,2.2967775422761936e-14,True,True,False
11.785,5.645994786140867e-10,0.0,5.873839423107733e-10,1.20794621553698e-15,4.892080941186539e-16,-1.3919619140393656e-14,1.6513220173208668e-09,0.2250000000000001,-1.939293935618752e-14,0.5399999994354004,0.225,0.0,0.5399999999999999,0.0,129.8844000218635,2.2873172327569686e-14,True,True,False
11.790000000000001,5.616418444726437e-10,0.0,5.956405446949333e-10,1.214722065901577e-15,4.892080941186539e-16,-1.3919619140393656e-14,1.6513220173208668e-09,0.2250000000000001,-1.9230206321953713e-14,0.5399999994383581,0.225,0.0,0.5399999999999999,0.0,129.8844000218635,2.277821993942317e-14,True,True,False
11.795,5.586424659454922e-10,0.0,6.038971470793249e-10,1.2215068806339398e-15,4.892080941186539e-16,-1.3919619140393656e-14,1.6513220173208668e-09,0.2250000000000001,-1.906707115010829e-14,0.5399999994413575,0.225,0.0,0.5399999999999999,0.0,129.8844000218635,2.2682918258322386e-14,True,True,False
11.8,5.556022312110511e-10,0.0,6.121537494639385e-10,1.2283005111835219e-15,3.183273618639282e-16,-1.448348444222077e-14,1.1910752652787643e-09,0.2250000000000001,-1.8903533840651247e-14,0.5399999994443977,0.225,0.0,0.5399999999999999,0.0,129.88440001576984,2.3190403515427134e-14,True,True,False
11.805,5.525264693398355e-10,0.0,6.181091164126457e-10,1.2350145720931754e-15,3.183273618639282e-16,-1.448348444222077e-14,1.1910752652787643e-09,0.2250000000000001,-1.8739602231661033e-14,0.5399999994474735,0.225,0.0,0.5399999999999999,0.0,129.88440001576984,2.309485690363731e-14,True,True,False
11.81,5.494213975807799e-10,0.0,6.240644833614451e-10,1.2417380620674454e-15,3.183273618639282e-16,-1.448348444222077e-14,1.1910752652787643e-09,0.2250000000000001,-1.8575284161216103e-14,0.5399999994505785,0.225,0.0,0.5399999999999999,0.0,129.88440001576984,2.2998966011658077e-14,True,True,False
11.815,5.46286127755465e-10,0.0,6.300198503103346e-10,1.24847082876905e-15,3.183273618639282e-16,-1.448348444222077e-14,1.1910752652787643e-09,0.2250000000000001,-1.8410579629316467e-14,0.5399999994537138,0.225,0.0,0.5399999999999999,0.0,129.88440001576984,2.2902730839489427e-14,True,True,False
11.82,5.431206598638908e-10,0.0,6.359752172593113e-10,1.2552127229212107e-15,3.183273618639282e-16,-1.448348444222077e-14,1.1910752652787643e-09,0.2250000000000001,-1.824548863596213e-14,0.5399999994568793,0.225,0.0,0.5399999999999999,0.0,129.88440001576984,2.280615138713137e-14,True,True,False
11.825000000000001,5.399267702628955e-10,0.0,6.419305842083727e-10,1.2619635982368983e-15,3.183273618639282e-16,-1.448348444222077e-14,1.1910752652787643e-09,0.2250000000000001,-1.808001118115308e-14,0.5399999994600732,0.225,0.0,0.5399999999999999,0.0,129.88440001576984,2.2709227654583907e-14,True,True,False
11.83,5.367017944172215e-10,0.0,6.478859511575166e-10,1.2687233113498379e-15,3.183273618639282e-16,-1.448348444222077e-14,1.1910752652787643e-09,0.2250000000000001,-1.7914147264889297e-14,0.5399999994632981,0.225,0.0,0.5399999999999999,0.0,129.88440001576984,2.2611959641847034e-14,True,True,False
11.835,5.334475086837071e-10,0.0,6.538413181067408e-10,1.2754917217472301e-15,3.183273618639282e-16,-1.448348444222077e-14,1.1910752652787643e-09,0.2250000000000001,-1.7747896887170825e-14,0.5399999994665524,0.225,0.0,0.5399999999999999,0.0,129.88440001576984,2.251434734892075e-14,True,True,False
11.84,5.301630248839329e-10,0.0,6.597966850560431e-10,1.2822686917041479e-15,3.183273618639282e-16,-1.448348444222077e-14,1.1910752652787643e-09,0.2250000000000001,-1.7581260047997645e-14,0.5399999994698369,0.225,0.0,0.5399999999999999,0.0,129.88440001576984,2.2416390775805053e-14,True,True,False
11.845,5.268492311963182e-10,0.0,6.657520520054213e-10,1.2890540862195653e-15,3.183273618639282e-16,-1.448348444222077e-14,1.1910752652787643e-09,0.2250000000000001,-1.7414236747369746e-14,0.5399999994731507,0.225,0.0,0.5399999999999999,0.0,129.88440001576984,2.2318089922499947e-14,True,True,False
11.85,5.23506127620863e-10,0.0,6.717074191617029e-10,1.2955477349365272e-15,1.6108802552636505e-16,-1.503400126262381e-14,7.900607998814463e-10,0.2250000000000001,-1.7246834779620152e-14,0.5399999994764938,0.225,0.0,0.5399999999999999,0.0,129.8844000104604,2.280943558171707e-14,True,True,False
11.855,5.201372668712446e-10,0.0,6.756577141548566e-10,1.302173583414194e-15,1.6108802552636505e-16,-1.503400126262381e-14,7.900607998814463e-10,0.2250000000000001,-1.7079063011144863e-14,0.5399999994798627,0.225,0.0,0.5399999999999999,0.0,129.8844000104604,2.2710970534225163e-14,True,True,False
11.86,5.167497543748166e-10,0.0,6.796080091480323e-10,1.3088034846210135e-15,1.6108802552636505e-16,-1.503400126262381e-14,7.900607998814463e-10,0.2250000000000001,-1.691092140053073e-14,0.5399999994832502,0.225,0.0,0.5399999999999999,0.0,129.8844000104604,2.2612166862319193e-14,True,True,False
11.865,5.133418137747407e-10,0.0,6.835583041412301e-10,1.3154373772788275e-15,1.6108802552636505e-16,-1.503400126262381e-14,7.900607998814463e-10,0.2250000000000001,-1.674240994777774e-14,0.5399999994866581,0.225,0.0,0.5399999999999999,0.0,129.8844000104604,2.2513024565999153e-14,True,True,False
11.870000000000001,5.099143332494361e-10,0.0,6.875085991344493e-10,1.3220752013028764e-15,1.6108802552636505e-16,-1.503400126262381e-14,7.900607998814463e-10,0.2250000000000001,-1.6573528652885902e-14,0.5399999994900856,0.225,0.0,0.5399999999999999,0.0,129.8844000104604,2.2413543645265043e-14,True,True,False
11.875,5.064664246204836e-10,0.0,6.914588941276893e-10,1.3287168977737998e-15,1.6108802552636505e-16,-1.503400126262381e-14,7.900607998814463e-10,0.2250000000000001,-1.6404277515855216e-14,0.5399999994935335,0.225,0.0,0.5399999999999999,0.0,129.8844000104604,2.2313724100116868e-14,True,True,False
11.88,5.029998642447218e-10,0.0,6.954091891219653e-10,1.3353573970450148e-15,1.6108802552636505e-16,-1.503400126262381e-14,7.900607998814463e-10,0.2250000000000001,-1.623465653668568e-14,0.5399999994970001,0.225,0.0,0.5399999999999999,0.0,129.8844000104604,2.221358800826138e-14,True,True,False
11.885,4.995128757653123e-10,0.0,6.993594841457022e-10,1.3418561014948942e-15,1.6108802552636505e-16,-1.503400126262381e-14,7.900607998814463e-10,0.2250000000000001,-1.6064671674158956e-14,0.539999999500487,0.225,0.0,0.5399999999999999,0.0,129.8844000104604,2.211375747041335e-14,True,True,False
11.89,4.960063473606746e-10,0.0,7.033097791694598e-10,1.3483581091808017e-15,1.6108802552636505e-16,-1.503400126262381e-14,7.900607998814463e-10,0.2250000000000001,-1.5894328142208983e-14,0.5399999995039936,0.225,0.0,0.5399999999999999,0.0,129.8844000104604,2.2013595667386835e-14,True,True,False
11.895,4.924793908523896e-10,0.0,7.07260074193238e-10,1.3548633725459151e-15,1.6108802552636505e-16,-1.503400126262381e-14,7.900607998814463e-10,0.2250000000000001,-1.5723625940835775e-14,0.5399999995075205,0.225,0.0,0.5399999999999999,0.0,129.8844000104604,2.191310259918184e-14,True,True,False
11.9,4.889337825972958e-10,0.0,7.11210369256493e-10,1.3613082396707927e-15,1.4612299790652744e-17,-1.5568453900250568e-14,4.4436640458789055e-10,0.2250000000000001,-1.5552565737896985e-14,0.5399999995110661,0.225,0.0,0.5399999999999999,0.0,129.8844000058834,2.2384185869531588e-14,True,True,False
11.905,4.853721871306512e-10,0.0,7.13432188671612e-10,1.3678041836051562e-15,1.4612299790652744e-17,-1.5568453900250568e-14,4.4436640458789055e-10,0.2250000000000001,-1.5381152486548815e-14,0.5399999995146277,0.225,0.0,0.5399999999999999,0.0,129.8844000058834,2.228293817966299e-14,True,True,False
11.91,4.817990453445522e-10,0.0,7.156540080867328e-10,1.374302121865443e-15,1.4612299790652744e-17,-1.5568453900250568e-14,4.4436640458789055e-10,0.2250000000000001,-1.5209386941985136e-14,0.5399999995182009,0.225,0.0,0.5399999999999999,0.0,129.8844000058834,2.218135817855428e-14,True,True,False
11.915000000000001,4.78215245417418e-10,0.0,7.178758275018553e-10,1.380802026296263e-15,1.4612299790652744e-17,-1.5568453900250568e-14,4.4436640458789055e-10,0.2250000000000001,-1.5037269104205936e-14,0.5399999995217847,0.225,0.0,0.5399999999999999,0.0,129.8844000058834,2.2079445866205465e-14,True,True,False
11.92,4.746207873492492e-10,0.0,7.200976469169797e-10,1.3873038692614499e-15,1.4612299790652744e-17,-1.5568453900250568e-14,4.4436640458789055e-10,0.2250000000000001,-1.486479897321121e-14,0.5399999995253791,0.225,0.0,0.5399999999999999,0.0,129.8844000058834,2.197720124261653e-14,True,True,False
11.925,4.710147829616265e-10,0.0,7.22319466332106e-10,1.3938076236323395e-15,1.4612299790652744e-17,-1.5568453900250568e-14,4.4436640458789055e-10,0.2250000000000001,-1.469197654900097e-14,0.5399999995289851,0.225,0.0,0.5399999999999999,0.0,129.8844000058834,2.187462430778748e-14,True,True,False
11.93,4.673972322545501e-10,0.0,7.245412857742767e-10,1.4002688724950455e-15,1.4612299790652744e-17,-1.5568453900250568e-14,4.4436640458789055e-10,0.2250000000000001,-1.4518802134001844e-14,0.5399999995326027,0.225,0.0,0.5399999999999999,0.0,129.8844000058834,2.1771874125322093e-14,True,True,False
11.935,4.6376902340643944e-10,0.0,7.267631053053034e-10,1.4065855281679858e-15,1.4612299790652744e-17,-1.5568453900250568e-14,4.4436640458789055e-10,0.2250000000000001,-1.4345283440092846e-14,0.5399999995362309,0.225,0.0,0.5399999999999999,0.0,129.8844000058834,2.166931895217497e-14,True,True,False
11.94,4.601301564172952e-10,0.0,7.289849248363323e-10,1.4129030572450344e-15,1.4612299790652744e-17,-1.5568453900250568e-14,4.4436640458789055e-10,0.2250000000000001,-1.4171423793966901e-14,0.5399999995398698,0.225,0.0,0.5399999999999999,0.0,129.8844000058834,2.1566439032638887e-14,True,True,False
11.945,4.5647974310869807e-10,0.0,7.312067443673632e-10,1.4192214480625659e-15,1.4612299790652744e-17,-1.5568453900250568e-14,4.4436640458789055e-10,0.2250000000000001,-1.3997223195624006e-14,0.5399999995435202,0.225,0.0,0.5399999999999999,0.0,129.8844000058834,2.1463234366713855e-14,True,True,False
11.950000000000001,4.528177834806484e-10,0.0,7.334285638948727e-10,1.425445550536117e-15,-1.1186637806926475e-16,-1.6088341418251754e-14,1.4990672889908512e-10,0.2250000000000001,-1.3822684111267972e-14,0.5399999995471821,0.225,0.0,0.5399999999999999,0.0,129.88440000198474,2.1916260700852302e-14,True,True,False
11.955,4.4914871842524295e-10,0.0,7.341780787969277e-10,1.4317672173076618e-15,-1.1186637806926475e-16,-1.6088341418251754e-14,1.4990672889908512e-10,0.2250000000000001,-1.364781109439356e-14,0.5399999995508512,0.225,0.0,0.5399999999999999,0.0,129.88440000198474,2.1812355691282152e-14,True,True,False
11.96,4.454761006561592e-10,0.0,7.349275936989838e-10,1.4380895559475237e-15,-1.1186637806926475e-16,-1.6088341418251754e-14,1.4990672889908512e-10,0.2250000000000001,-1.3472604240357917e-14,0.5399999995545238,0.225,0.0,0.5399999999999999,0.0,129.88440000198474,2.170812531719732e-14,True,True,False
11.965,4.4179993017339744e-10,0.0,7.356771086010415e-10,1.4444125576331969e-15,-1.1186637806926475e-16,-1.6088341418251754e-14,1.4990672889908512e-10,0.2250000000000001,-1.3297063549161025e-14,0.5399999995582,0.225,0.0,0.5399999999999999,0.0,129.88440000198474,2.1603569578597786e-14,True,True,False
11.97,4.3812020697695796e-10,0.0,7.364266235031003e-10,1.4507362136950703e-15,-1.1186637806926475e-16,-1.6088341418251754e-14,1.4990672889908512e-10,0.2250000000000001,-1.3121189020802895e-14,0.5399999995618797,0.225,0.0,0.5399999999999999,0.0,129.88440000198474,2.149868847548357e-14,True,True,False
11.975,4.344360428884219e-10,0.0,7.371761384051605e-10,1.4570605156131476e-15,-1.1186637806926475e-16,-1.6088341418251754e-14,1.4990672889908512e-10,0.2250000000000001,-1.2944980655283528e-14,0.5399999995655639,0.225,0.0,0.5399999999999999,0.0,129.88440000198474,2.139348200785466e-14,True,True,False
11.98,4.3074921426462817e-10,0.0,7.379256533072221e-10,1.4633854550138531e-15,-1.1186637806926475e-16,-1.6088341418251754e-14,1.4990672889908512e-10,0.2250000000000001,-1.276843845260292e-14,0.5399999995692507,0.225,0.0,0.5399999999999999,0.0,129.88440000198474,2.1287950175711067e-14,True,True,False
11.985,4.270570565703192e-10,0.0,7.386751682092847e-10,1.4697110236669181e-15,-1.1186637806926475e-16,-1.6088341418251754e-14,1.4990672889908512e-10,0.2250000000000001,-1.2591562412761074e-14,0.5399999995729429,0.225,0.0,0.5399999999999999,0.0,129.88440000198474,2.118209297905278e-14,True,True,False
11.99,4.233613461623342e-10,0.0,7.394246832654028e-10,1.4757973396424927e-15,-1.1186637806926475e-16,-1.6088341418251754e-14,1.4990672889908512e-10,0.2250000000000001,-1.2414357728091629e-14,0.5399999995766386,0.225,0.0,0.5399999999999999,0.0,129.88440000198474,2.1076731644574758e-14,True,True,False
11.995000000000001,4.196620830406738e-10,0.0,7.401741983523325e-10,1.481835747537503e-15,-1.1186637806926475e-16,-1.6088341418251754e-14,1.4990672889908512e-10,0.2250000000000001,-1.2236833984441303e-14,0.5399999995803378,0.225,0.0,0.5399999999999999,0.0,129.88440000198474,2.0971219189221622e-14,True,True,False
12.0,4.1595926720533833e-10,0.0,7.409237134392633e-10,1.487874171805999e-15,-2.1749569082227106e-16,-1.6594304118240357e-14,-9.747739186072388e-11,0.2250000000000001,-1.205899138151525e-14,0.5399999995840407,0.225,0.0,0.5399999999999999,0.0,129.8843999987094,2.140659321669376e-14,True,True,False
