time_s,position_error_3d_m,orientation_error_deg,tip_speed_m_s,cutter_angular_speed_rad_s,ax_cmd_m_s2,ay_cmd_m_s2,az_cmd_m_s2,tip_x_m,tip_y_m,tip_z_m,target_x_m,target_y_m,target_z_m,wind_x_m_s,thrust_N,max_abs_torque_Nm,safe,task_success,anchor_active
0.0,0.0,0.0,0.0,0.0,0.0,0.0,0.0,0.225,0.0,0.38999999999999996,0.225,0.0,0.38999999999999996,3.0,129.8844,0.0,True,False,False
0.005,2.4271572429995657e-06,0.0005321393818254259,0.000969981822697694,0.003710493605684117,0.0,0.0,0.0,0.2250012347214716,0.0,0.38999791036960924,0.225,0.0,0.38999999999999996,3.0,129.88439999999565,0.0007268115950883969,True,False,False
0.01,9.694919629456681e-06,0.002124455104836191,0.0019372304875144469,0.007406381257410702,0.0,0.0,0.0,0.2250049406993463,0.0,0.38999165847995915,0.225,0.0,0.38999999999999996,3.0,129.8843999999302,0.0014657221813094035,True,False,False
0.015,2.180181229049436e-05,0.0047762526720086665,0.0029060973016416763,0.01110918880658699,0.0,0.0,0.0,0.22501112403906431,0.0,0.38998124967269493,0.225,0.0,0.38999999999999996,3.0,129.88439999964407,0.0022248509226342546,True,False,False
0.02,3.8763400791311714e-05,0.008491457275687307,0.003879278837942504,0.014830989391441205,0.0,0.0,0.0,0.22501979633267513,0.0,0.3899666727370832,0.225,0.0,0.38999999999999996,3.0,129.88439999886307,0.0030150237991624154,True,False,False
0.025,6.0601099118666675e-05,0.01327528722301586,0.004856389895347574,0.018568618376639257,0.0,0.0,0.0,0.2250309742971136,0.0,0.38994791270660983,0.225,0.0,0.38999999999999996,3.0,129.88439999718483,0.0038419134769407176,True,False,False
0.03,8.733195878391341e-05,0.01913134680913218,0.0058363458541270405,0.022315304573103323,0.0,0.0,0.0,0.22504467862202904,0.0,0.3899249620645365,0.225,0.0,0.38999999999999996,3.0,129.8843999940615,0.004709698217763725,True,False,False
0.035,0.00011896690052982649,0.0260610857552686,0.006817802293327154,0.026062857935348543,0.0,0.0,0.0,0.225060933762506,0.0,0.38989782270306694,0.225,0.0,0.38999999999999996,3.0,129.8843999887806,0.0056215997264583645,True,False,False
0.04,0.00015550963316647746,0.034063461320667815,0.007799249641023824,0.029802144531616725,0.0,0.0,0.0,0.22507976778960792,0.0,0.38986650713221804,0.225,0.0,0.38999999999999996,3.0,129.88439998044308,0.006580029758925341,True,False,False
0.045,0.00019695603555911235,0.043134732463562635,0.008779105982715519,0.0335235316529902,0.0,0.0,0.0,0.22510121228217955,0.0,0.3898310391942515,0.225,0.0,0.38999999999999996,3.0,129.8843999679403,0.00758673454489155,True,False,False
0.05,0.0002432939795473378,0.053268374764711864,0.009755802789471678,0.037217279906016434,-0.16035933657399576,0.0,0.030391369884055854,0.2251253022567969,0.0,0.389791454309741,0.225,0.0,0.38999999999999996,3.0,130.28684064018628,0.24333403456403702,True,False,False
0.055,0.00029417970639662673,0.06445521398739458,0.010599319514891063,0.040874460423800316,-0.16035933657399576,0.0,0.030391369884055854,0.2251520765561691,0.0,0.38974817779939136,0.225,0.0,0.38999999999999996,3.0,130.28686078373102,0.2331400793628084,True,False,False
0.06,0.0003492638716278669,0.07668316429692336,0.011437955906047794,0.04448418397745475,-0.16035933657399576,0.0,0.030391369884055854,0.22518157741933706,0.0,0.38970164636283194,0.225,0.0,0.38999999999999996,3.0,130.28689596885806,0.22313303473793739,True,False,False
0.065,0.00040851643129264975,0.08993744615328156,0.012270681470224577,0.04803831081478376,-0.16035933657399576,0.0,0.030391369884055854,0.2252138500855655,0.0,0.38965192843330754,0.225,0.0,0.38999999999999996,3.0,130.2869457030854,0.21331028981300765,True,False,False
0.07,0.00047190303736984287,0.10420105446402525,0.013096712438507617,0.051529433851701695,-0.16035933657399576,0.0,0.030391369884055854,0.22524894324918576,0.0,0.3895991013402819,0.225,0.0,0.38999999999999996,3.0,130.28700948644325,0.2036691489826731,True,False,False
0.075,0.000539385840931168,0.11945495796189147,0.013915489663536501,0.054950795014367365,-0.16035933657399576,0.0,0.030391369884055854,0.2252869090773875,0.0,0.389543250323799,0.225,0.0,0.38999999999999996,3.0,130.28708681327785,0.1942068203723064,True,False,False
0.08,0.0006109243161247903,0.13567826509748432,0.014726643783906469,0.058296135735796534,-0.16035933657399576,0.0,0.030391369884055854,0.22532780321249724,0.0,0.38948446767908396,0.225,0.0,0.38999999999999996,3.0,130.28717717394935,0.18492042648949966,True,False,False
0.085,0.0006864759584640342,0.15284833987612761,0.015529951441869102,0.06155950049208782,-0.16035933657399576,0.0,0.030391369884055854,0.22537168475218416,0.0,0.38942285211033656,0.225,0.0,0.38999999999999996,3.0,130.28728005639337,0.175807032665059,True,False,False
0.09,0.0007659967812037315,0.17094085706540954,0.01632528714962822,0.06473501325354011,-0.16035933657399576,0.0,0.030391369884055854,0.22541861620292647,0.0,0.3893585083449787,0.225,0.0,0.38999999999999996,3.0,130.2873949475266,0.16686368846230498,True,False,False
0.095,0.0008494415776048037,0.18992979183392664,0.01711257548669182,0.06781664641464315,-0.16035933657399576,0.0,0.030391369884055854,0.22546866340401708,0.0,0.3892915470322605,0.225,0.0,0.38999999999999996,3.0,130.28752133448705,0.15808747719629734,True,False,False
0.1,0.0009367639487322952,0.20978734428717027,0.017891747877497862,0.07079800033102537,-0.29765874696446093,0.0,0.05413792215495162,0.2255218954212679,0.0,0.38922208492436244,0.225,0.0,0.38999999999999996,3.0,130.6028236542273,0.36394352661559654,True,False,False
0.105,0.0010276720998206737,0.2304836928161119,0.01857051791194848,0.07367111844129645,-0.29765874696446093,0.0,0.05413792215495162,0.22557838548696524,0.0,0.3891505412469002,0.225,0.0,0.38999999999999996,3.0,130.6031124221115,0.3477573134176743,True,False,False
0.11,0.0011218767216707758,0.2519866812481627,0.019243012375690167,0.07642810115856306,-0.29765874696446093,0.0,0.05413792215495162,0.2256382098161674,0.0,0.38907734317908854,0.225,0.0,0.38999999999999996,3.0,130.60344150610922,0.3319326552532182,True,False,False
0.115,0.0012193330908324457,0.2742618804634021,0.01990922321002452,0.07906073175498013,-0.29765874696446093,0.0,0.05413792215495162,0.2257014463396462,0.0,0.3890026303498722,0.225,0.0,0.38999999999999996,3.0,130.60380911138012,0.316465286136114,True,False,False
0.12,0.0013199947922209272,0.297272392673204,0.02056911051482465,0.08155997743042566,-0.29765874696446093,0.0,0.05413792215495162,0.2257681755615517,0.0,0.38892655109198193,0.225,0.0,0.38999999999999996,3.0,130.60421344711813,0.3013509778186927,True,False,False
0.125,0.0014238132279319861,0.32097860888496355,0.021222606272212945,0.08391593968528949,-0.29765874696446093,0.0,0.05413792215495162,0.22583848034333434,0.0,0.3888492633568552,0.225,0.0,0.38999999999999996,3.0,130.60465273044773,0.2865855834124222,True,False,False
0.13,0.0015307371619984694,0.3453379607580498,0.02186963141176214,0.08611786318711175,-0.29765874696446093,0.0,0.05413792215495162,0.22591244567225743,0.0,0.38877093565900644,0.225,0.0,0.38999999999999996,3.0,130.60512518992948,0.2721650732830293,True,False,False
0.135,0.0016407123560173234,0.3703046833931667,0.022510125152735365,0.08815420290087092,-0.29765874696446093,0.0,0.05413792215495162,0.22599015841939724,0.0,0.38869174798311457,0.225,0.0,0.38999999999999996,3.0,130.60562906870382,0.2580855621907644,True,False,False
0.14,0.0017536813493438316,0.395829605320696,0.023144084874237615,0.09001274608904858,-0.29765874696446093,0.0,0.05413792215495162,0.2260717070918623,0.0,0.3886118925890665,0.225,0.0,0.38999999999999996,3.0,130.60616262731685,0.24434332729388233,True,False,False
0.145,0.0018695834313761975,0.4218599806092649,0.023771614202559743,0.09168078310335012,-0.29765874696446093,0.0,0.05413792215495162,0.2261571815835491,0.0,0.38853157465645294,0.225,0.0,0.38999999999999996,3.0,130.60672414626987,0.2309348172342792,True,False,False
0.15,0.001988354844581994,0.44833937593040846,0.024392976557883125,0.09314531877676498,-0.3839937624392618,0.0,0.06571942746070547,0.22624667292813186,0.0,0.38845101271850413,0.225,0.0,0.38999999999999996,3.0,130.76247592686371,0.3522680947775681,True,False,False
0.155,0.0021098173289026564,0.47520733845563967,0.02497145783230431,0.09439118230302301,-0.3839937624392618,0.0,0.06571942746070547,0.226340274106278,0.0,0.38837058461975504,0.225,0.0,0.38999999999999996,3.0,130.76328474693707,0.3346691352897241,True,False,False
0.16,0.002233794325648155,0.5023995386717907,0.025547058704952916,0.0954068423944287,-0.3839937624392618,0.0,0.06571942746070547,0.22643807879575414,0.0,0.3882906824559198,0.225,0.0,0.38999999999999996,3.0,130.76414105579073,0.31752119672178913,True,False,False
0.165,0.0023602225649815693,0.5298482717105115,0.026121072078433682,0.0961801522844038,-0.3839937624392618,0.0,0.06571942746070547,0.22654018008984572,0.0,0.38821156609093566,0.225,0.0,0.38999999999999996,3.0,130.7650420164493,0.3008201104828728,True,False,False
0.17,0.0024890399564201442,0.5574824528502057,0.026695105391655254,0.09669945537888842,-0.3839937624392618,0.0,0.06571942746070547,0.22664667131589483,0.0,0.38813350770640076,0.225,0.0,0.38999999999999996,3.0,130.76598482409406,0.28457932384330725,True,False,False
0.17500000000000002,0.002620184244319954,0.5852273252982838,0.027270370982810346,0.09695097406477533,-0.3839937624392618,0.0,0.06571942746070547,0.22675764563278242,0.0,0.38805679458014763,0.225,0.0,0.38999999999999996,3.0,130.76696624165072,0.2690874725563388,True,False,False
0.18,0.002753596458558446,0.6130054494681655,0.027850420913353935,0.09693197359325198,-0.3839937624392618,0.0,0.06571942746070547,0.22687319605845016,0.0,0.3879817259890707,0.225,0.0,0.38999999999999996,3.0,130.76798246826502,0.2542493904225761,True,False,False
0.185,0.0028892330060545828,0.640739139612762,0.02843906155636591,0.09663949492461954,-0.3839937624392618,0.0,0.06571942746070547,0.22699341600854317,0.0,0.3879085985607351,0.225,0.0,0.38999999999999996,3.0,130.76903065922855,0.23982028291944624,True,False,False
0.19,0.0030270600548230353,0.6683489095883189,0.029039254534583045,0.09606556276816919,-0.3839937624392618,0.0,0.06571942746070547,0.22711839842895779,0.0,0.38783771401713496,0.225,0.0,0.38999999999999996,3.0,130.77010836364573,0.22578649715862048,True,False,False
0.195,0.0031670522097319203,0.6957530830263958,0.029654230296939782,0.09520308342610379,-0.3839937624392618,0.0,0.06571942746070547,0.22724823530016341,0.0,0.38776938175963094,0.225,0.0,0.38999999999999996,3.0,130.7712131888958,0.21214329359776252,True,False,False
0.2,0.0033091942824335814,0.7228681499775214,0.030287518173886002,0.09404641677518982,-0.41211084803714404,0.0,0.05852334702395961,0.22738301738058747,0.0,0.3877039174747607,0.225,0.0,0.38999999999999996,3.0,130.67843677097085,0.24328393017907973,True,False,False
0.20500000000000002,0.0034535447712906605,0.7496097236456373,0.03095683566324422,0.09259515055898512,-0.41211084803714404,0.0,0.05852334702395961,0.22752283300877682,0.0,0.3876415502767421,0.225,0.0,0.38999999999999996,3.0,130.67968531379353,0.22881056520648324,True,False,False
0.21,0.0036001722516268283,0.7758926431199813,0.03164996997131297,0.09084433778781262,-0.41211084803714404,0.0,0.05852334702395961,0.2276677688092695,0.0,0.3875825116708301,0.225,0.0,0.38999999999999996,3.0,130.68096195945446,0.21475841041539284,True,False,False
0.215,0.0037490978968252125,0.8016311607604043,0.03237097159373254,0.08879486854147232,-0.41211084803714404,0.0,0.05852334702395961,0.22781791050384365,0.0,0.387527124056426,0.225,0.0,0.38999999999999996,3.0,130.6822640949709,0.20112398409578292,True,False,False
0.22,0.0039003612161949606,0.8267401599355343,0.03312393634020903,0.08645028187395759,-0.41211084803714404,0.0,0.05852334702395961,0.2279733418036519,0.0,0.387475706804776,0.225,0.0,0.38999999999999996,3.0,130.68358917250958,0.18790393744482448,True,False,False
0.225,0.004054022102668992,0.8511359301308804,0.03391288354562371,0.08381686452020556,-0.41211084803714404,0.0,0.05852334702395961,0.22813414425143783,0.0,0.3874285733492654,0.225,0.0,0.38999999999999996,3.0,130.68493471092282,0.17509496966011046,True,False,False
0.23,0.004210162618384727,0.8747369577675335,0.03474162292438272,0.08090366198986802,-0.41211084803714404,0.0,0.05852334702395961,0.22830039707206617,0.0,0.3873860282251062,0.225,0.0,0.38999999999999996,3.0,130.68629829732942,0.1626937534442512,True,False,False
0.23500000000000001,0.0043688884142452315,0.8974647078899661,0.03561361889859484,0.07772240441304956,-0.41211084803714404,0.0,0.05852334702395961,0.22847217702763484,0.0,0.38734836415303847,0.225,0.0,0.38999999999999996,3.0,130.68767758869706,0.1506968724275775,True,False,False
0.24,0.004530329692089816,0.9192443731108143,0.03653186188345917,0.07428735345378584,-0.41211084803714404,0.0,0.05852334702395961,0.22864955827402178,0.0,0.38731585925787226,0.225,0.0,0.38999999999999996,3.0,130.68907031337503,0.13910077113817737,True,False,False
0.245,0.004694641636255836,0.9400055684994124,0.03749875563761503,0.07061507986278268,-0.41211084803714404,0.0,0.05852334702395961,0.22883261221644777,0.0,0.38728877450380783,0.225,0.0,0.38999999999999996,3.0,130.69047427254208,0.12790171740352435,True,False,False
0.25,0.004862004263341277,0.9596829542268865,0.03851602840143685,0.06672418370259058,-0.3905550926785754,0.0,0.02935796017890776,0.22902140736243812,0.0,0.3872673514162854,0.225,0.0,0.38999999999999996,3.0,130.30389485285696,0.0852024702117184,True,False,False
0.255,0.005032823321137789,0.9782198091865906,0.03959246503870398,0.06265631486451806,-0.3905550926785754,0.0,0.02935796017890776,0.229216004051381,0.0,0.3872514330241874,0.225,0.0,0.38999999999999996,3.0,130.30522568291622,0.07593938491494234,True,False,False
0.26,0.005207502666013188,0.9955655838471146,0.04071134883147809,0.0584125512546487,-0.3905550926785754,0.0,0.02935796017890776,0.229416459319245,0.0,0.38724083869663467,0.225,0.0,0.38999999999999996,3.0,130.30655713670635,0.06703032492640898,True,False,False
0.265,0.005386251532810803,1.011673089202705,0.041872527906818655,0.054015368400804856,-0.3905550926785754,0.0,0.02935796017890776,0.22962283193568198,0.0,0.3872357405206555,0.225,0.0,0.38999999999999996,3.0,130.3078876382915,0.05847094961031585,True,False,False
0.27,0.00556929564650005,1.0265016680003978,0.043075216935706345,0.049487833540400095,-0.3905550926785754,0.0,0.02935796017890776,0.22983517718551438,0.0,0.387236285907912,0.225,0.0,0.38999999999999996,3.0,130.3092156816112,0.0502567433940021,True,False,False
0.275,0.005756874520066656,1.0400173147280953,0.0443180389058481,0.044853261575310124,-0.3905550926785754,0.0,0.02935796017890776,0.2300535467115587,0.0,0.3872425972593966,0.225,0.0,0.38999999999999996,3.0,130.3105398303713,0.042383023535576714,True,False,False
0.28,0.005949238437066059,1.0521926998224003,0.04559908453448409,0.040134893096633685,-0.3905550926785754,0.0,0.02935796017890776,0.23027798836153096,0.0,0.3872547719882297,0.225,0.0,0.38999999999999996,3.0,130.31185871776165,0.03484495028724599,True,False,False
0.28500000000000003,0.006146645210321163,1.0630071057637753,0.046915984315631945,0.03535560243242369,-0.3905550926785754,0.0,0.02935796017890776,0.23050854604146787,0.0,0.3872728828681934,0.225,0.0,0.38999999999999996,3.0,130.31317104600393,0.027637538552275298,True,False,False
0.29,0.006349356812698125,1.0724462845696963,0.04826598811322298,0.030537641657791152,-0.3905550926785754,0.0,0.02935796017890776,0.23074525957827202,0.0,0.387296978669483,0.225,0.0,0.38999999999999996,3.0,130.31447558574064,0.02075567036280379,True,False,False
0.295,0.0065576360766072175,1.0805023148467088,0.04964590424168858,0.025706464654123785,-0.3905550926785754,0.0,0.02935796017890776,0.23098816458719948,0.0,0.38732708477690914,0.225,0.0,0.38999999999999996,3.0,130.31577117527226,0.014194096825761782,True,False,False
0.3,0.006771797148610203,1.0872112029672574,0.05103917506283164,0.02121302163193107,-0.332127410767937,0.0,-0.011297002788206605,0.2312372884252394,0.0,0.3873630567464771,0.225,0.0,0.38999999999999996,3.0,129.7713207463842,0.0815636793040031,True,False,False
0.305,0.006992440639875834,1.092711128187434,0.05238796871034306,0.01726115316376289,-0.332127410767937,0.0,-0.011297002788206605,0.2314926254727327,0.0,0.38740384118879256,0.225,0.0,0.38999999999999996,3.0,129.77233981836272,0.08426904341752739,True,False,False
0.31,0.007220008076314227,1.0971051286187712,0.05373863927809972,0.01340307497619762,-0.332127410767937,0.0,-0.011297002788206605,0.23175414642894845,0.0,0.3874485253992317,0.225,0.0,0.38999999999999996,3.0,129.77333968411367,0.08675464470826977,True,False,False
0.315,0.007454573019097957,1.1003800878678454,0.05510007855794057,0.009442045470750497,-0.332127410767937,0.0,-0.011297002788206605,0.2320218555860657,0.0,0.3874971610068761,0.225,0.0,0.38999999999999996,3.0,129.77432016455376,0.08903401047345566,True,False,False
0.32,0.007696181502265733,1.1025070618105588,0.05647104022350829,0.00539709990074098,-0.332127410767937,0.0,-0.011297002788206605,0.23229575456651594,0.0,0.38754986224448923,0.225,0.0,0.38999999999999996,3.0,129.77528112745392,0.09111139791251255,True,False,False
0.325,0.007944890991950242,1.1034687421750724,0.05784940466599119,0.0013133889401423671,-0.332127410767937,0.0,-0.011297002788206605,0.23257584333595654,0.0,0.3876066988022785,0.225,0.0,0.38999999999999996,3.0,129.776222466006,0.0929869550413927,True,False,False
0.33,0.008200766616169572,1.1032592866945838,0.059232972717663285,0.002773732075875855,-0.332127410767937,0.0,-0.011297002788206605,0.23286212016295968,0.0,0.38766769649572264,0.225,0.0,0.38999999999999996,3.0,129.77714409705254,0.09466169578754224,True,False,False
0.335,0.0084638755316211,1.1018826074784438,0.06061914922338533,0.006823572721241202,-0.332127410767937,0.0,-0.011297002788206605,0.23315458110817286,0.0,0.38773284408012926,0.225,0.0,0.38999999999999996,3.0,129.77804595612415,0.09612735098581843,True,False,False
0.34,0.00873429439629533,1.0993599532184481,0.06200425406991322,0.010769182999915803,-0.332127410767937,0.0,-0.011297002788206605,0.23345322273239616,0.0,0.38780206368662395,0.225,0.0,0.38999999999999996,3.0,129.7789279718205,0.0973741795206961,True,False,False
0.34500000000000003,0.0090120968508219,1.0957233067689138,0.06338619254820069,0.014599731609777695,-0.332127410767937,0.0,-0.011297002788206605,0.2337580402113229,0.0,0.3878752361765492,0.225,0.0,0.38999999999999996,3.0,129.77979010343714,0.09841445748410527,True,False,False
0.35000000000000003,0.009297340671027521,1.0910064725536874,0.0647631149750289,0.018309338241962986,-0.2565821726060382,0.0,-0.042922477198607346,0.23406902454756395,0.0,0.3879522360221878,0.225,0.0,0.38999999999999996,3.0,129.3490891797568,0.21704916255458748,True,False,False
0.355,0.009590147274217408,1.0852477719503115,0.06608908964530077,0.02187249287026491,-0.2565821726060382,0.0,-0.042922477198607346,0.23438615586811806,0.0,0.38803251359329405,0.225,0.0,0.38999999999999996,3.0,129.3496071375254,0.21347824663653892,True,False,False
0.36,0.009890598620796992,1.0784871101479239,0.0674052007662261,0.025303283267971568,-0.2565821726060382,0.0,-0.042922477198607346,0.23470941037580587,0.0,0.38811551300564184,0.225,0.0,0.38999999999999996,3.0,129.3501035003101,0.20983603775521095,True,False,False
0.365,0.010198672848010373,1.0707632908771658,0.06871015441377336,0.028595644553325316,-0.2565821726060382,0.0,-0.042922477198607346,0.2350387673897093,0.0,0.38820109000890723,0.225,0.0,0.38999999999999996,3.0,129.35057897306567,0.20612635988861566,True,False,False
0.37,0.010514336838321016,1.0621167584889046,0.0700027607041315,0.03174419789143193,-0.2565821726060382,0.0,-0.042922477198607346,0.23537420270131829,0.0,0.3882890945491831,0.225,0.0,0.38999999999999996,3.0,129.3510342486163,0.20235254612139567,True,False,False
0.375,0.010837546823978191,1.052589395607952,0.07128193683217118,0.034744284951492455,-0.2565821726060382,0.0,-0.042922477198607346,0.23571568870433202,0.0,0.3883793714942124,0.225,0.0,0.38999999999999996,3.0,129.35147000684887,0.1985175769789996,True,False,False
0.38,0.011168249032374945,1.0422243143791508,0.07254670838752034,0.03759198106874588,-0.2565821726060382,0.0,-0.042922477198607346,0.23606319452806832,0.0,0.3884717613788209,0.225,0.0,0.38999999999999996,3.0,129.35188691413143,0.19462418198164838,True,False,False
0.385,0.011506380365520225,1.0310656465104164,0.07379620910662765,0.040284091107865835,-0.2565821726060382,0.0,-0.042922477198607346,0.23641668617461026,0.0,0.38856610115193135,0.225,0.0,0.38999999999999996,3.0,129.3522856228993,0.19067491526373864,True,False,False
0.39,0.011851869105787179,1.0191583365595591,0.07502967925215427,0.04281813145895623,-0.2565821726060382,0.0,-0.042922477198607346,0.23677612665974926,0.0,0.38866222490894187,0.225,0.0,0.38999999999999996,3.0,129.35266677136784,0.1866722127727864,True,False,False
0.395,0.012204635639291582,1.0065479420163903,0.07624646282802906,0.04519230108850504,-0.2565821726060382,0.0,-0.042922477198607346,0.23714147615763484,0.0,0.38875996459669443,0.225,0.0,0.38999999999999996,3.0,129.35303098333833,0.1826184362852213,True,False,False
0.4,0.01256459318812151,0.9932804429380251,0.07744600384395102,0.04740544413469545,-0.18330889968422504,0.0,-0.06305163955733223,0.23751269214894508,0.0,0.3888591506809758,0.225,0.0,0.38999999999999996,3.0,129.07175785831285,0.29387023699499537,True,False,False
0.405,0.012931666169982337,0.9794032012589515,0.07859836799505777,0.04944915774743122,-0.18330889968422504,0.0,-0.06305163955733223,0.23788972534311617,0.0,0.3889593413091246,0.225,0.0,0.38999999999999996,3.0,129.071853980737,0.28558362007395105,True,False,False
0.41000000000000003,0.013305762643965885,0.9649636282900352,0.07973300446413138,0.05133112697740809,-0.18330889968422504,0.0,-0.06305163955733223,0.23827252409511007,0.0,0.38906009379069995,0.225,0.0,0.38999999999999996,3.0,129.07193952001973,0.27736089959203447,True,False,False
0.41500000000000004,0.0136867637924435,0.9500078339746667,0.0808498310397861,0.05305462547737985,-0.18330889968422504,0.0,-0.06305163955733223,0.2386610387541042,0.0,0.3891612370603048,0.225,0.0,0.38999999999999996,3.0,129.07201529777836,0.26920573423170474,True,False,False
0.42,0.0140745470241319,0.9345801108010433,0.08194888650967284,0.05462557534066935,-0.18330889968422504,0.0,-0.06305163955733223,0.23905521701090335,0.0,0.3892626068138954,0.225,0.0,0.38999999999999996,3.0,129.07208209230095,0.26112534652158736,True,False,False
0.425,0.014468987616697128,0.918724465081735,0.08302995798255265,0.0560416514553574,-0.18330889968422504,0.0,-0.06305163955733223,0.23945500456162236,0.0,0.3893640394858076,0.225,0.0,0.38999999999999996,3.0,129.07214063905136,0.2531209109393824,True,False,False
0.43,0.014869959798159357,0.902485648306089,0.08409288543602365,0.0573001533815156,-0.18330889968422504,0.0,-0.06305163955733223,0.23986034566486317,0.0,0.3894653682391981,0.225,0.0,0.38999999999999996,3.0,129.07219163157586,0.24519317145001177,True,False,False
0.435,0.015277337166752763,0.8859091970791343,0.0851375773231477,0.058398330881674385,-0.18330889968422504,0.0,-0.06305163955733223,0.24027118337584183,0.0,0.3895664227772845,0.225,0.0,0.38999999999999996,3.0,129.07223572309897,0.2373426404594776,True,False,False
0.44,0.015690993066818457,0.8690414206588489,0.08616402002109046,0.059333572020273506,-0.18330889968422504,0.0,-0.06305163955733223,0.24068745976841077,0.0,0.3896670293745109,0.225,0.0,0.38999999999999996,3.0,129.0722735281158,0.22956966504603235,True,False,False
0.445,0.016110800933203398,0.8519293338277013,0.08717228588282092,0.06010359502596846,-0.18330889968422504,0.0,-0.06305163955733223,0.24110911614264835,0.0,0.3897670111333689,0.225,0.0,0.38999999999999996,3.0,129.0723056239655,0.22187448557717457,True,False,False
0.45,0.016536634614798856,0.8346205354199643,0.0881625392666724,0.06070663428687224,-0.12711989696517412,0.0,-0.06829739043925707,0.2415360932162238,0.0,0.38986618846192816,0.225,0.0,0.38999999999999996,3.0,128.98974886866185,0.3032751501806211,True,False,False
0.455,0.01696836793879169,0.8171636870504428,0.08912748736520729,0.06113722677783241,-0.12711989696517412,0.0,-0.06829739043925707,0.2419683303787272,0.0,0.3899642975550199,0.225,0.0,0.38999999999999996,3.0,128.98965080014838,0.2925363418482059,True,False,False
0.46,0.017405873887799343,0.7996074393036839,0.09007540814991026,0.0614006248574457,-0.12711989696517412,0.0,-0.06829739043925707,0.24240576673900152,0.0,0.39006107393423967,0.225,0.0,0.38999999999999996,3.0,128.98955533919462,0.2819586779270211,True,False,False
0.465,0.017849026854562702,0.78199960273345,0.091006775893975,0.061497584926196475,-0.12711989696517412,0.0,-0.06829739043925707,0.2428483421880921,0.0,0.39015633550995454,0.225,0.0,0.38999999999999996,3.0,128.98946289738925,0.27154146439078686,True,False,False
0.47000000000000003,0.018297703217058627,0.7643876381814024,0.09192214949759785,0.06142980862303027,-0.12711989696517412,0.0,-0.06829739043925707,0.243295996622285,0.0,0.39024990121427094,0.225,0.0,0.38999999999999996,3.0,128.98937383890598,0.26128411613338437,True,False,False
0.47500000000000003,0.0187517816244173,0.7468183741774009,0.09282216583704027,0.06120001854384794,-0.12711989696517412,0.0,-0.06829739043925707,0.24374867005731068,0.0,0.3903415921133988,0.225,0.0,0.38999999999999996,3.0,128.98928848322072,0.2511861632136265,True,False,False
0.48,0.019211143276802563,0.7293377076312976,0.09370753063273274,0.06081200027591604,-0.12711989696517412,0.0,-0.06829739043925707,0.24420630272747815,0.0,0.39043123258492596,0.225,0.0,0.38999999999999996,3.0,128.98920710770685,0.24124725973653421,True,False,False
0.485,0.019675672196981662,0.71199029727049,0.09457900724025983,0.060270611180004735,-0.12711989696517412,0.0,-0.06829739043925707,0.2446688351714186,0.0,0.3905186515233216,0.225,0.0,0.38999999999999996,3.0,128.98912995011187,0.23146719234098415,True,False,False
0.49,0.020145255490297845,0.694819259177128,0.09543740383751197,0.05958175719103098,-0.12711989696517412,0.0,-0.06829739043925707,0.2451362083063248,0.0,0.3906036835376851,0.225,0.0,0.38999999999999996,3.0,128.9890572109225,0.22184588651121756,True,False,False
0.495,0.020619783589159904,0.6778658733144212,0.09628355953372349,0.05875233976761333,-0.12711989696517412,0.0,-0.06829739043925707,0.24560836349269133,0.0,0.39068617010784173,0.225,0.0,0.38999999999999996,3.0,128.98898905562245,0.21238340976760633,True,False,False
0.5,0.021099150477963336,0.6611693091798146,0.09711832995646105,0.0577901759223112,-0.09526183979219882,0.0,-0.05947190715332569,0.2460852425916165,0.0,0.3907659606676734,0.225,0.0,0.38999999999999996,3.0,129.09778866019477,0.2537820216158453,True,False,False
0.505,0.02158325895686249,0.6447661086302279,0.09794931441659711,0.05670583420799638,-0.09526183979219882,0.0,-0.05947190715332569,0.24656678908005647,0.0,0.3908430159994579,0.225,0.0,0.38999999999999996,3.0,129.0976980268112,0.24281181924094727,True,False,False
0.51,0.022072016718983734,0.6286901618773839,0.09877001845844251,0.055507126112826516,-0.09526183979219882,0.0,-0.05947190715332569,0.24705294697066332,0.0,0.3909173069018649,0.225,0.0,0.38999999999999996,3.0,129.09761693543737,0.23204859751219564,True,False,False
0.515,0.022565330717221953,0.6129728248683104,0.09958124969094576,0.0542039482055557,-0.09526183979219882,0.0,-0.05947190715332569,0.24754365981923301,0.0,0.3909887124618916,0.225,0.0,0.38999999999999996,3.0,129.09754532067174,0.22149239507272678,True,False,False
0.52,0.023063111798001742,0.5976425652291778,0.10038378266045168,0.052806544939587856,-0.09526183979219882,0.0,-0.05947190715332569,0.2480388718704225,0.0,0.3910571228620089,0.225,0.0,0.38999999999999996,3.0,129.09748308512647,0.21114336206666667,True,False,False
0.525,0.02356527480252831,0.5827248830272256,0.10117835013099517,0.0513253653123861,-0.09526183979219882,0.0,-0.05947190715332569,0.24853852811051538,0.0,0.39112243971292576,0.225,0.0,0.38999999999999996,3.0,129.09743010196797,0.2010017358715643,True,False,False
0.53,0.024071738633908792,0.5682422727522554,0.10196563627386548,0.049770919565774396,-0.09526183979219882,0.0,-0.05947190715332569,0.24904257432189852,0.0,0.39118457622599945,0.225,0.0,0.38999999999999996,3.0,129.09738621735983,0.19106782025511554,True,False,False
0.535,0.024582426291072827,0.5542142258061942,0.10274627188007444,0.048153640434298144,-0.09526183979219882,0.0,-0.05947190715332569,0.2495509571397903,0.0,0.39124345722733356,0.225,0.0,0.38999999999999996,3.0,129.09735125281242,0.1813419668466876,True,False,False
0.54,0.025097264877043775,0.5406573243042484,0.1035208257302535,0.04648308998691346,-0.09526183979219882,0.0,-0.05947190715332569,0.2500636241309047,0.0,0.3912990187578423,0.225,0.0,0.38999999999999996,3.0,129.09732500668153,0.1718277958346721,True,False,False
0.545,0.02561618559783541,0.5275855790613372,0.10428981213279957,0.044768472814166384,-0.09526183979219882,0.0,-0.05947190715332569,0.2505805239569089,0.0,0.39135120637682075,0.225,0.0,0.38999999999999996,3.0,129.09730725125894,0.1625327089843855,True,False,False
0.55,0.02613912364421412,0.5150100090927694,0.10505370468023258,0.043020946326399426,-0.09220155985941225,0.0,-0.041335544768652324,0.2511016062537246,0.0,0.39139997709375546,0.225,0.0,0.38999999999999996,3.0,129.3365967907327,0.15857968748215923,True,False,False
0.555,0.02666603222819878,0.5029379200167795,0.10582117145898753,0.04125517505456158,-0.09220155985941225,0.0,-0.041335544768652324,0.25162682338035025,0.0,0.3914455280927638,0.225,0.0,0.38999999999999996,3.0,129.33659529086088,0.14952718254792366,True,False,False
0.56,0.02719686874191093,0.4913737656855383,0.10658306082582542,0.039476380156182045,-0.09220155985941225,0.0,-0.041335544768652324,0.2521561286542835,0.0,0.3914880678333782,0.225,0.0,0.38999999999999996,3.0,129.33660195227873,0.14069359480838806,True,False,False
0.5650000000000001,0.027731580022035122,0.4803201059406226,0.10733967860726334,0.03769200728941955,-0.09220155985941225,0.0,-0.041335544768652324,0.25268947471321557,0.0,0.39152758653592307,0.225,0.0,0.38999999999999996,3.0,129.33661646449718,0.1321303868589706,True,False,False
0.5700000000000001,0.02827011602208441,0.46977783600159073,0.10809127017303198,0.03590771788531894,-0.09220155985941225,0.0,-0.041335544768652324,0.253226815616627,0.0,0.39156407801821225,0.225,0.0,0.38999999999999996,3.0,129.33663836724898,0.1240384501764178,True,False,False
0.5750000000000001,0.02881242992744074,0.4597446348770569,0.10883839606744031,0.03415141869403546,-0.09220155985941225,0.0,-0.041335544768652324,0.2537681066436643,0.0,0.39159754764011656,0.225,0.0,0.38999999999999996,3.0,129.33666712758549,0.11635610109433231,True,False,False
0.58,0.029358482827567617,0.4501979227234107,0.1095825328347641,0.032515121505762815,-0.09220155985941225,0.0,-0.041335544768652324,0.25431330514438577,0.0,0.39162808336663374,0.225,0.0,0.38999999999999996,3.0,129.33670232517875,0.10891042530960798,True,False,False
0.585,0.02990824050679786,0.44110782213083466,0.11032283082636998,0.030953320415037358,-0.09220155985941225,0.0,-0.041335544768652324,0.254862370310391,0.0,0.39165580483679174,0.225,0.0,0.38999999999999996,3.0,129.3367436576015,0.1016460535820449,True,False,False
0.59,0.030461667353467163,0.43245940260885385,0.11105892902533904,0.029429497953474548,-0.09220155985941225,0.0,-0.041335544768652324,0.25541526226032324,0.0,0.3916807735091452,0.225,0.0,0.38999999999999996,3.0,129.33679083139992,0.09456233651659204,True,False,False
0.595,0.031018733008801785,0.42424108799223026,0.11179382918622419,0.027967377881746643,-0.09220155985941225,0.0,-0.041335544768652324,0.25597194634851617,0.0,0.3917030375380378,0.225,0.0,0.38999999999999996,3.0,129.3368435500401,0.08765838504467567,True,False,False
0.6,0.03157944534619422,0.41641944984657125,0.11253559437389979,0.02666461520165203,-0.11351347488821428,0.0,-0.02326426007229232,0.2565324209226108,0.0,0.3917227301392162,0.225,0.0,0.38999999999999996,3.0,129.5814973813025,0.0475281729546968,True,False,False
0.605,0.03214384271354493,0.40895031522676306,0.1132848171233303,0.025481871501343407,-0.11351347488821428,0.0,-0.02326426007229232,0.2570966996268933,0.0,0.3917402578700019,0.225,0.0,0.38999999999999996,3.0,129.58154580951552,0.042176755514097844,True,False,False
0.61,0.03271193524272089,0.4018255880022593,0.11403099572901858,0.024253494781988766,-0.11351347488821428,0.0,-0.02326426007229232,0.2576647757126738,0.0,0.3917558858062755,0.225,0.0,0.38999999999999996,3.0,129.5815969707756,0.03697936511223229,True,False,False
0.615,0.0332836970206325,0.39505380574805804,0.11477262782162277,0.02302357958528927,-0.11351347488821428,0.0,-0.02326426007229232,0.25823662236671785,0.0,0.39176958215786994,0.225,0.0,0.38999999999999996,3.0,129.58165065870583,0.031941362013984564,True,False,False
0.62,0.03385910136146283,0.388633258640429,0.11550981922746457,0.021801857640605382,-0.11351347488821428,0.0,-0.02326426007229232,0.2588122096090604,0.0,0.39178135520286655,0.225,0.0,0.38999999999999996,3.0,129.58170666640538,0.027065398931086074,True,False,False
0.625,0.03443812308647412,0.3825611745711376,0.11624276692459712,0.0205914251224241,-0.11351347488821428,0.0,-0.02326426007229232,0.2593915085813698,0.0,0.39179121724442095,0.225,0.0,0.38999999999999996,3.0,129.58176478811168,0.02235370433222239,True,False,False
0.63,0.035020738491567685,0.37683379829745295,0.1169716455010076,0.019396000186795305,-0.11351347488821428,0.0,-0.02326426007229232,0.25997449156446,0.0,0.39179918434360855,0.225,0.0,0.38999999999999996,3.0,129.5818248198677,0.017808377460988706,True,False,False
0.635,0.03560692526669049,0.3714462518742286,0.11769660843976595,0.018219664954845644,-0.11351347488821428,0.0,-0.02326426007229232,0.2605611319033661,0.0,0.3918052769037128,0.225,0.0,0.38999999999999996,3.0,129.58188656012075,0.013431382706576303,True,False,False
0.64,0.03619666241633452,0.3663924599255372,0.11841778975070384,0.017066668802321758,-0.11351347488821428,0.0,-0.02326426007229232,0.26115140394891145,0.0,0.3918095199929025,0.225,0.0,0.38999999999999996,3.0,129.58194981029618,0.009224527947876524,True,False,False
0.645,0.036789930180719785,0.3616651254298914,0.11913530615210384,0.015941262449456053,-0.11351347488821428,0.0,-0.02326426007229232,0.26174528301147254,0.0,0.391811943461873,0.225,0.0,0.38999999999999996,3.0,129.58201437535104,0.00518943426876603,True,False,False
0.65,0.037386709922608306,0.35725558197392987,0.11984918666631422,0.014850798813110896,-0.15526360868119182,0.0,-0.01070880408431152,0.26234274526013157,0.0,0.39181258248755185,0.225,0.0,0.38999999999999996,3.0,129.7584685418147,0.06430862009806773,True,False,False
0.655,0.037986992491096674,0.35315113317015534,0.12055941546316258,0.013812232704779819,-0.15526360868119182,0.0,-0.01070880408431152,0.26294376764824634,0.0,0.39181165536858686,0.225,0.0,0.38999999999999996,3.0,129.7584932431081,0.06559426784199998,True,False,False
0.66,0.03859076878669404,0.34933713812564277,0.12126562505592133,0.01282204936110019,-0.15526360868119182,0.0,-0.01070880408431152,0.2635483274946482,0.0,0.3918093874414924,0.225,0.0,0.38999999999999996,3.0,129.75851722850985,0.06673593849994752,True,False,False
0.665,0.03919802160756349,0.34580054721422615,0.12196807831890709,0.011874748098615825,-0.15526360868119182,0.0,-0.01070880408431152,0.2641564027481721,0.0,0.39180582993937846,0.225,0.0,0.38999999999999996,3.0,129.75854046673714,0.06774583463444658,True,False,False
0.67,0.039808734962441174,0.3425297479891299,0.12266702873355435,0.010965795691617118,-0.15526360868119182,0.0,-0.01070880408431152,0.26476797297728727,0.0,0.3918010287581368,0.225,0.0,0.38999999999999996,3.0,129.75856293284497,0.06863259205759165,True,False,False
0.675,0.04042289401925395,0.33951429054172894,0.1233627170665169,0.010091601818343843,-0.15526360868119182,0.0,-0.01070880408431152,0.2653830192614214,0.0,0.39179502541026767,0.225,0.0,0.38999999999999996,3.0,129.75858460717168,0.06940242782665551,True,False,False
0.68,0.04104048505124219,0.3367446247502615,0.12405536917591135,0.009249465057497703,-0.15526360868119182,0.0,-0.01070880408431152,0.2660015240829362,0.0,0.39178785796908955,0.225,0.0,0.38999999999999996,3.0,129.75860547460002,0.07005992669562862,True,False,False
0.685,0.041661495402262695,0.33421194697695406,0.12474523530937161,0.008435926386552363,-0.15526360868119182,0.0,-0.01070880408431152,0.26662347125867325,0.0,0.3917795616120713,0.225,0.0,0.38999999999999996,3.0,129.75862552408063,0.07060991367079564,True,False,False
0.6900000000000001,0.04228591371070144,0.331909129708572,0.1254326568225916,0.007644507521934758,-0.15526360868119182,0.0,-0.01070880408431152,0.2672488463060361,0.0,0.3917701650086435,0.225,0.0,0.38999999999999996,3.0,129.75864474891475,0.07106063151292179,True,False,False
0.6950000000000001,0.04291372973053109,0.32982965703450007,0.1261177692620763,0.006877229956761027,-0.15526360868119182,0.0,-0.01070880408431152,0.2678776360701116,0.0,0.39175969441214425,0.225,0.0,0.38999999999999996,3.0,129.75866314611423,0.07141447379534815,True,False,False
0.7000000000000001,0.043544933975561695,0.32796611324144254,0.12680065799637977,0.006137694073175621,-0.20706761889429226,0.0,-0.0020707229489316317,0.26850982812507973,0.0,0.3917481794707776,0.225,0.0,0.38999999999999996,3.0,129.88515778848932,0.1531101377840559,True,False,False
0.705,0.044179522921808954,0.3263093990095473,0.12748057471454025,0.005433907812083007,-0.20706761889429226,0.0,-0.0020707229489316317,0.26914541111944146,0.0,0.39173577725936753,0.225,0.0,0.38999999999999996,3.0,129.88512605875835,0.15034774960643144,True,False,False
0.71,0.04481749317906272,0.3248492944233919,0.1281582585576905,0.004765899908060388,-0.20706761889429226,0.0,-0.0020707229489316317,0.26978437423905816,0.0,0.3917226487951172,0.225,0.0,0.38999999999999996,3.0,129.8850949613888,0.1475674476049495,True,False,False
0.715,0.04545883629130552,0.32357484288145816,0.12883372987036568,0.004138665144020878,-0.20706761889429226,0.0,-0.0020707229489316317,0.27042670661969037,0.0,0.3917088366359295,0.225,0.0,0.38999999999999996,3.0,129.88506456091474,0.1447692782722133,True,False,False
0.72,0.04610354415356292,0.322473614524901,0.12950698664367502,0.0035574639007409717,-0.20706761889429226,0.0,-0.0020707229489316317,0.2710723976976223,0.0,0.39169438894934194,0.225,0.0,0.38999999999999996,3.0,129.88503491840453,0.14195331143882842,True,False,False
0.725,0.04675160890810099,0.32153165528079924,0.13017800830129048,0.003027648264276289,-0.20706761889429226,0.0,-0.0020707229489316317,0.2717214371187004,0.0,0.3916793597170807,0.225,0.0,0.38999999999999996,3.0,129.88500609151592,0.1391196670238161,True,False,False
0.73,0.047403022845173455,0.3207334847180633,0.13084675973457827,0.0025544952346995414,-0.20706761889429226,0.0,-0.0020707229489316317,0.2723738146586059,0.0,0.3916638087486532,0.225,0.0,0.38999999999999996,3.0,129.88497813454015,0.1362685396359702,True,False,False
0.735,0.048057778309601576,0.3200621400011901,0.1315131953827543,0.0021430524537753085,-0.20706761889429226,0.0,-0.0020707229489316317,0.2730295201540429,0.0,0.3916478015132891,0.225,0.0,0.38999999999999996,3.0,129.8849510984344,0.13340022039034777,True,False,False
0.74,0.0487158676141339,0.31949926172827275,0.13217726315697365,0.0017980009340114178,-0.20706761889429226,0.0,-0.0020707229489316317,0.2736885434440735,0.0,0.3916314088060285,0.225,0.0,0.38999999999999996,3.0,129.88492503084422,0.13051511539996954,True,False,False
0.745,0.049377282960187376,0.31902521619211577,0.1328389080215607,0.001523538257871243,-0.20706761889429226,0.0,-0.0020707229489316317,0.2743508743204816,0.0,0.39161470626878075,0.225,0.0,0.38999999999999996,3.0,129.8848999761171,0.12761376053590334,True,False,False
0.75,0.050042016366226995,0.31861924791554674,0.1334980750706638,0.001323284665938125,-0.25191003037251836,0.0,0.0023272765852853407,0.275016502485785,0.0,0.3915977737909955,0.225,0.0,0.38999999999999996,3.0,129.9532478131757,0.19518333400482568,True,False,False
0.755,0.05071006190148362,0.3182592553575366,0.1341541153961704,0.0012029015425980213,-0.25191003037251836,0.0,0.0023272765852853407,0.27568541772466737,0.0,0.39158076188221874,0.225,0.0,0.38999999999999996,3.0,129.95319999901423,0.18971766879867086,True,False,False
0.76,0.0513814131517312,0.3179225169756526,0.13480760729103802,0.001161250416132735,-0.25191003037251836,0.0,0.0023272765852853407,0.2763576097065211,0.0,0.3915638231043003,0.225,0.0,0.38999999999999996,3.0,129.95315684930677,0.18430368087301183,True,False,False
0.765,0.05205606098000896,0.31758624111316053,0.1354585191200838,0.001199879619316238,-0.25191003037251836,0.0,0.0023272765852853407,0.27703306773603664,0.0,0.39154704451501376,0.225,0.0,0.38999999999999996,3.0,129.95311833326735,0.17894172116541324,True,False,False
0.77,0.05273399587269766,0.3172272821942102,0.13610682238766622,0.0013197108354501136,-0.25191003037251836,0.0,0.0023272765852853407,0.2777117809060342,0.0,0.39153051442853115,0.225,0.0,0.38999999999999996,3.0,129.95308441209687,0.17363228852229703,True,False,False
0.775,0.053415207895049215,0.3168223194533519,0.1367524913949387,0.0015210485893588019,-0.25191003037251836,0.0,0.0023272765852853407,0.2783937380616949,0.0,0.39151432171959755,0.225,0.0,0.38999999999999996,3.0,129.95305503934358,0.16837600634693967,True,False,False
0.78,0.05409968664993897,0.316348030263606,0.13739550231487638,0.0018036070106386415,-0.25191003037251836,0.0,0.0023272765852853407,0.2790789277638004,0.0,0.3914985551505518,0.225,0.0,0.38999999999999996,3.0,129.95303016126638,0.1631736032001808,True,False,False
0.785,0.054787421238787645,0.31578125373706034,0.13803583179267034,0.002166550608195608,-0.25191003037251836,0.0,0.0023272765852853407,0.2797673382499228,0.0,0.39148330273879106,0.225,0.0,0.38999999999999996,3.0,129.95300971719965,0.15802589543099632,True,False,False
0.79,0.05547840022363272,0.3150991410126055,0.1386734551875781,0.0026085458453283805,-0.25191003037251836,0.0,0.0023272765852853407,0.280458957392732,0.0,0.3914686511787031,0.225,0.0,0.38999999999999996,3.0,129.95299363991975,0.1529337708220137,True,False,False
0.795,0.05617261158973076,0.3142792906763982,0.13930834491017788,0.003127807701240215,-0.25191003037251836,0.0,0.0023272765852853407,0.2811537726552567,0.0,0.39145468532421934,0.225,0.0,0.38999999999999996,3.0,129.95298185601268,0.14789817249891404,True,False,False
0.8,0.056870042708733304,0.313299870430889,0.139940468149055,0.003722168833287541,-0.2801220383877263,0.0,0.0003016813304895574,0.2818517710438636,0.0,0.391441487727753,0.225,0.0,0.38999999999999996,3.0,129.93245502374035,0.18743909732448855,True,False,False
0.805,0.057570679717327024,0.3121396960757038,0.14056986981187236,0.004389203858768467,-0.2801220383877263,0.0,0.0003016813304895574,0.28255293894296946,0.0,0.3914291193588639,0.225,0.0,0.38999999999999996,3.0,129.9324513294756,0.18091829494371423,True,False,False
0.81,0.058274508114177476,0.3107784168407938,0.14119640459098545,0.005125670943404249,-0.2801220383877263,0.0,0.0003016813304895574,0.2832572622000529,0.0,0.391417637789997,0.225,0.0,0.38999999999999996,3.0,129.93245469969443,0.17449842198139567,True,False,False
0.8150000000000001,0.058981513270997585,0.3091965549462492,0.14182000915362325,0.005928671065685405,-0.2801220383877263,0.0,0.0003016813304895574,0.2839647261674798,0.0,0.39140711610430234,0.225,0.0,0.38999999999999996,3.0,129.93246494260418,0.16818000773037547,True,False,False
0.8200000000000001,0.05969167977446819,0.30737547445422525,0.14244060604472475,0.006795233188890991,-0.2801220383877263,0.0,0.0003016813304895574,0.2846753155093739,0.0,0.3913976241105292,0.225,0.0,0.38999999999999996,3.0,129.93248186021574,0.1619635700033566,True,False,False
0.8250000000000001,0.06040499137515816,0.3052973957887414,0.14305810256498044,0.007722356189012729,-0.2801220383877263,0.0,0.0003016813304895574,0.2853890141312815,0.0,0.3913892283055053,0.225,0.0,0.38999999999999996,3.0,129.93250524905724,0.15584959510946647,True,False,False
0.8300000000000001,0.06112143093491686,0.3029453993162686,0.1436723899563726,0.008707042514203345,-0.2801220383877263,0.0,0.0003016813304895574,0.28610580510866823,0.0,0.3913819918788717,0.225,0.0,0.38999999999999996,3.0,129.93253490087952,0.14983852348974225,True,False,False
0.835,0.06184098037323489,0.30030342058195014,0.14428334290518433,0.009746322740171953,-0.2801220383877263,0.0,0.0003016813304895574,0.2868256706151246,0.0,0.3913759747501109,0.225,0.0,0.38999999999999996,3.0,129.9325706033459,0.14393073958895272,True,False,False
0.84,0.06256362061318108,0.29735623986282494,0.14489081935289622,0.010837270790804682,-0.2801220383877263,0.0,0.0003016813304895574,0.28754859185120873,0.0,0.39137123362741777,0.225,0.0,0.38999999999999996,3.0,129.9326121407039,0.13812656502765164,True,False,False
0.845,0.06328933152759286,0.29408946864421687,0.14549466059059266,0.011977010092359578,-0.2801220383877263,0.0,0.0003016813304895574,0.2882745489748615,0.0,0.3913678220781283,0.225,0.0,0.38999999999999996,3.0,129.93265929443456,0.132426254427521,True,False,False
0.85,0.06401809188624077,0.2904895355684869,0.14609469160199987,0.01316271133712027,-0.28691041648313154,0.0,-0.007266995100667149,0.28900352103431337,0.0,0.3913657906008515,0.225,0.0,0.38999999999999996,3.0,129.83404729597197,0.13787008154656533,True,False,False
0.855,0.06474987701570206,0.28654413729992345,0.14669060513165913,0.014388325283542076,-0.28691041648313154,0.0,-0.007266995100667149,0.2897354856145675,0.0,0.39136509186308654,0.225,0.0,0.38999999999999996,3.0,129.8341087809684,0.1319805293802747,True,False,False
0.86,0.06548466114413065,0.28224179599046517,0.14728217531521226,0.015654156290446405,-0.28691041648313154,0.0,-0.007266995100667149,0.29047041908918797,0.0,0.3913656754547501,0.225,0.0,0.38999999999999996,3.0,129.83417597163577,0.126205498623258,True,False,False
0.865,0.06622241968535865,0.2775717188378904,0.14786924731624249,0.01695435719175343,-0.28691041648313154,0.0,-0.007266995100667149,0.2912082969864813,0.0,0.3913675814906856,0.225,0.0,0.38999999999999996,3.0,129.83424861145738,0.12054757225085551,True,False,False
0.87,0.06696312698986225,0.27252460979088367,0.14845158567179886,0.018286391758851148,-0.28691041648313154,0.0,-0.007266995100667149,0.2919490938079726,0.0,0.3913708444666331,0.225,0.0,0.38999999999999996,3.0,129.8343264410544,0.11500738419465824,True,False,False
0.875,0.0677067559096595,0.2670913456521437,0.14902889016076917,0.019650129985515682,-0.28691041648313154,0.0,-0.007266995100667149,0.2926927824803571,0.0,0.3913754984104923,0.225,0.0,0.38999999999999996,3.0,129.83440920262683,0.10958336799477181,True,False,False
0.88,0.0684532777101052,0.26126288434875033,0.14960081097715197,0.02104732295272792,-0.28691041648313154,0.0,-0.007266995100667149,0.2934393342570541,0.0,0.3913815772537246,0.225,0.0,0.38999999999999996,3.0,129.8344966408096,0.10427454582329342,True,False,False
0.885,0.06920265994658813,0.2550237038512201,0.1501660521325959,0.022526050155026865,-0.28691041648313154,0.0,-0.007266995100667149,0.2941887160694473,0.0,0.39138914086561405,0.225,0.0,0.38999999999999996,3.0,129.834588500205,0.09908502948196157,True,False,False
0.89,0.06995486523694339,0.24834863788117265,0.1507242829035136,0.024086654924037783,-0.28691041648313154,0.0,-0.007266995100667149,0.29494088905613186,0.0,0.39139828765165263,0.225,0.0,0.38999999999999996,3.0,129.83468452320804,0.09401601998083543,True,False,False
0.895,0.07070985556495066,0.2412171888974542,0.15127555063239254,0.02570923715917583,-0.28691041648313154,0.0,-0.007266995100667149,0.2956958140009294,0.0,0.39140909785401007,0.225,0.0,0.38999999999999996,3.0,129.83478445512893,0.08906623053041363,True,False,False
0.9,0.07146759112603078,0.23361697344467444,0.15181850644005762,0.027324998340495503,-0.27447951917231495,0.0,-0.017876739082237844,0.29645345042496163,0.0,0.39142162010574755,0.225,0.0,0.38999999999999996,3.0,129.69154552750706,0.06510965676353236,True,False,False
0.905,0.07222800853780875,0.22558502970927652,0.15234642425437578,0.02871253621188928,-0.27447951917231495,0.0,-0.017876739082237844,0.29721374065978223,0.0,0.39143557558473563,0.225,0.0,0.38999999999999996,3.0,129.69164074071415,0.06108211410514826,True,False,False
0.91,0.07299103074664656,0.2171835751868405,0.15286017237413296,0.02991415351711786,-0.27447951917231495,0.0,-0.017876739082237844,0.2979766151868644,0.0,0.3914505879243309,0.225,0.0,0.38999999999999996,3.0,129.69173806995875,0.05715688830397869,True,False,False
0.915,0.07375659036777381,0.2084568629411868,0.15336242308839512,0.030998333244615657,-0.27447951917231495,0.0,-0.017876739082237844,0.2987420100157798,0.0,0.3914664861104738,0.225,0.0,0.38999999999999996,3.0,129.69183733005045,0.05333154075550618,True,False,False
0.92,0.07452463957910692,0.19942806834392365,0.1538564101112923,0.0320271490739652,-0.27447951917231495,0.0,-0.017876739082237844,0.29950987908215715,0.0,0.3914831802176775,0.225,0.0,0.38999999999999996,3.0,129.69193834479827,0.04959955867986664,True,False,False
0.925,0.07529513621151325,0.19011025964842285,0.15434197295482258,0.03301816982435011,-0.27447951917231495,0.0,-0.017876739082237844,0.30028018117724115,0.0,0.3915006195494137,0.225,0.0,0.38999999999999996,3.0,129.6920409449682,0.04595912901981447,True,False,False
0.93,0.07606803716902881,0.18051275101619504,0.15481891602144346,0.03398096302831151,-0.27447951917231495,0.0,-0.017876739082237844,0.3010528738550499,0.0,0.39151876829589405,0.225,0.0,0.38999999999999996,3.0,129.69214496624298,0.04240891893299202,True,False,False
0.935,0.07684329876277651,0.17064247260128834,0.1552870814311391,0.034926166499851835,-0.27447951917231495,0.0,-0.017876739082237844,0.3018279138754814,0.0,0.39153760017135164,0.225,0.0,0.38999999999999996,3.0,129.69225024881314,0.038948074078831496,True,False,False
0.9400000000000001,0.0776208759419689,0.16050108227842616,0.15574627620420395,0.03587490263193993,-0.27447951917231495,0.0,-0.017876739082237844,0.30260525620932655,0.0,0.3915571097210252,0.225,0.0,0.38999999999999996,3.0,129.69235663712303,0.035576213046529595,True,False,False
0.9450000000000001,0.07840072319098315,0.15008720254432664,0.15619635264632406,0.03682841445418525,-0.27447951917231495,0.0,-0.017876739082237844,0.3033848551084354,0.0,0.3915773035531429,0.225,0.0,0.38999999999999996,3.0,129.69246397961604,0.03229278331845156,True,False,False
0.9500000000000001,0.07918279388697463,0.13939956343289975,0.15663707798751653,0.03778593996109986,-0.249531090967948,0.0,-0.024451275668273622,0.30416666370909157,0.0,0.3915981880110653,0.225,0.0,0.38999999999999996,3.0,129.5994776192404,0.010009329631966032,True,False,False
0.9550000000000001,0.07996703833920128,0.12843738698019536,0.15706718770464245,0.03874482180784087,-0.249531090967948,0.0,-0.024451275668273622,0.3049506338810708,0.0,0.39161967983202306,0.225,0.0,0.38999999999999996,3.0,129.59955732810326,0.011714081474717045,True,False,False
0.96,0.08075340573086068,0.11720031791201395,0.1574874521266631,0.03970468712609532,-0.249531090967948,0.0,-0.024451275668273622,0.3057367164141001,0.0,0.3916416941865591,0.225,0.0,0.38999999999999996,3.0,129.5996362829852,0.01336918959140175,True,False,False
0.965,0.0815418461042891,0.1056884009418368,0.157897657700628,0.040663316086661884,-0.249531090967948,0.0,-0.024451275668273622,0.30652486121447853,0.0,0.391664232572564,0.225,0.0,0.38999999999999996,3.0,129.59971444172862,0.014974984716695852,True,False,False
0.97,0.08233230833844495,0.09390196536837812,0.15829753945510416,0.041621396393369856,-0.249531090967948,0.0,-0.024451275668273622,0.30731501704105174,0.0,0.39168729543001035,0.225,0.0,0.38999999999999996,3.0,129.59979176526065,0.01653486335653459,True,False,False
0.975,0.08312474005357763,0.08184141071173545,0.15868688269400621,0.04257621335794349,-0.249531090967948,0.0,-0.024451275668273622,0.3081071313944975,0.0,0.39171088291609285,0.225,0.0,0.38999999999999996,3.0,129.59986821852667,0.01805066986719632,True,False,False
0.98,0.0839190879885029,0.0695083988293233,0.15906551429535654,0.043522605715839935,-0.249531090967948,0.0,-0.024451275668273622,0.3089011509908714,0.0,0.391734990267722,0.225,0.0,0.38999999999999996,3.0,129.5999437687713,0.0195227111779933,True,False,False
0.985,0.0847152981151777,0.05690613650489057,0.15943327207149344,0.04445497518975311,-0.249531090967948,0.0,-0.024451275668273622,0.3096970219016848,0.0,0.3917596066972353,0.225,0.0,0.38999999999999996,3.0,129.60001838518966,0.02095120927393697,True,False,False
0.99,0.08551331570583931,0.04403947791491137,0.15979000411856076,0.045367446061554254,-0.249531090967948,0.0,-0.024451275668273622,0.31049468963283977,0.0,0.39178471498871503,0.225,0.0,0.38999999999999996,3.0,129.60009203885772,0.022336343830913707,True,False,False
0.995,0.08631308539450329,0.030914980931080555,0.16013556823806754,0.04625402662035098,-0.249531090967948,0.0,-0.024451275668273622,0.31129409919464124,0.0,0.39181029127607603,0.225,0.0,0.38999999999999996,3.0,129.6001647026865,0.023678286903694792,True,False,False
1.0,0.08711455123236239,0.01754091774247296,0.16046983148277125,0.047108765950195586,-0.22106873212263145,0.0,-0.029372248346180366,0.3120951951623241,0.0,0.39183630499987665,0.225,0.0,0.38999999999999996,3.0,129.52784951316482,0.0697552718787037,True,False,False
1.0050000000000001,0.08791765543406604,0.003927724579937351,0.1607918175401451,0.04792260809390896,-0.22106873212263145,0.0,-0.029372248346180366,0.31289792190996435,0.0,0.39186264890222877,0.225,0.0,0.38999999999999996,3.0,129.5278870039707,0.06940106234742877,True,False,False
1.01,0.08872233976222142,0.009912654026898489,0.16110231476973264,0.04869398366210943,-0.22106873212263145,0.0,-0.029372248346180366,0.31370222353048166,0.0,0.39188920979023567,0.225,0.0,0.38999999999999996,3.0,129.5279230120109,0.0690460233091302,True,False,False
1.0150000000000001,0.08952854776052187,0.023967359336845493,0.16140148087723788,0.0494181107225524,-0.22106873212263145,0.0,-0.029372248346180366,0.3145080445629768,0.0,0.39191593909616185,0.225,0.0,0.38999999999999996,3.0,129.52795758290694,0.06869004761615605,True,False,False
1.02,0.09033622327631666,0.03822220259482465,0.16168925517207325,0.05009050178841806,-0.22106873212263145,0.0,-0.029372248346180366,0.31531532998284506,0.0,0.39194278303429486,0.225,0.0,0.38999999999999996,3.0,129.527990761083,0.06833312335720154,True,False,False
1.025,0.0911453098140876,0.05266178185537388,0.16196556101722398,0.05070720004540775,-0.22106873212263145,0.0,-0.029372248346180366,0.31612402454790395,0.0,0.391969683045318,0.225,0.0,0.38999999999999996,3.0,129.52802258982234,0.06797533139638601,True,False,False
1.03,0.09195575054551516,0.0672696475427653,0.16223033162777253,0.05126485635457467,-0.22106873212263145,0.0,-0.029372248346180366,0.3169340727964119,0.0,0.3919965764330599,0.225,0.0,0.38999999999999996,3.0,129.52805311131712,0.06761684412800159,True,False,False
1.035,0.09276748833609595,0.08202848214890873,0.16248351016398352,0.051760764400047704,-0.22106873212263145,0.0,-0.029372248346180366,0.31774541905961234,0.0,0.39202339705559625,0.225,0.0,0.38999999999999996,3.0,129.528082366714,0.06725792364167109,True,False,False
1.04,0.0935804657705333,0.09692028687734659,0.16272504982309188,0.052192875133201554,-0.22106873212263145,0.0,-0.029372248346180366,0.3185580074715292,0.0,0.39205007604425945,0.225,0.0,0.38999999999999996,3.0,129.52811039615332,0.06689891851743227,True,False,False
1.045,0.09439462517785856,0.11192656972341775,0.1629549139115493,0.052559792041031575,-0.22106873212263145,0.0,-0.029372248346180366,0.3193717819774277,0.0,0.3920765425286422,0.225,0.0,0.38999999999999996,3.0,129.52813723880388,0.06654025895463661,True,False,False
1.05,0.09520990865715855,0.12702852963889139,0.16317307588711652,0.05286074923560574,-0.19621682068443957,0.0,-0.030827015044980515,0.32018668634227176,0.0,0.3921027243477089,0.225,0.0,0.38999999999999996,3.0,129.50231091224475,0.10541268140746869,True,False,False
1.055,0.09602625769234711,0.14220702133089655,0.16337926173929918,0.05309416828429982,-0.19621682068443957,0.0,-0.030827015044980515,0.3210026643059044,0.0,0.3921285235645588,0.225,0.0,0.38999999999999996,3.0,129.50231072567544,0.10364541716547218,True,False,False
1.06,0.09684361357252418,0.15744301202235692,0.1635737318744306,0.05326227896194058,-0.19621682068443957,0.0,-0.030827015044980515,0.3218196594293811,0.0,0.3921538425576262,0.225,0.0,0.38999999999999996,3.0,129.50230984791358,0.10191666969317133,True,False,False
1.065,0.09766191784360168,0.1727179077585093,0.16375649174685547,0.05336595470777772,-0.19621682068443957,0.0,-0.030827015044980515,0.32263761496959886,0.0,0.39217860963432416,0.225,0.0,0.38999999999999996,3.0,129.5023083363895,0.10022668516302005,True,False,False
1.07,0.09848111194469411,0.18801341978464192,0.16392755739642234,0.05340644321055933,-0.19621682068443957,0.0,-0.030827015044980515,0.3234564740574654,0.0,0.39220275419305334,0.225,0.0,0.38999999999999996,3.0,129.50230624507128,0.09857574880478914,True,False,False
1.075,0.09930113724969174,0.2033116631132761,0.16408695536615556,0.05338530527916108,-0.19621682068443957,0.0,-0.030827015044980515,0.3242761797260493,0.0,0.3922262071070054,0.225,0.0,0.38999999999999996,3.0,129.50230362461056,0.09696416571033266,True,False,False
1.08,0.10012193511171548,0.2185952373643847,0.16423472262604283,0.053304353150717215,-0.19621682068443957,0.0,-0.030827015044980515,0.3250966749429207,0.0,0.3922489010395822,0.225,0.0,0.38999999999999996,3.0,129.50230052248295,0.09539224561688248,True,False,False
1.085,0.10094344691033448,0.23384729017847394,0.16437090650006544,0.05316559078490896,-0.19621682068443957,0.0,-0.030827015044980515,0.32591790264667075,0.0,0.39227077069220984,0.225,0.0,0.38999999999999996,3.0,129.5022969831243,0.09386029065513785,True,False,False
1.09,0.10176561410128723,0.24905156404255238,0.1644955645917066,0.05297115822054832,-0.19621682068443957,0.0,-0.030827015044980515,0.32673980578738576,0.0,0.39229175298781044,0.225,0.0,0.38999999999999996,3.0,129.5022930480625,0.09236858548691293,True,False,False
1.095,0.10258837826833925,0.26419242797395587,0.16460876470036964,0.052723281620154834,-0.19621682068443957,0.0,-0.030827015044980515,0.3275623273706863,0.0,0.3923117871952308,0.225,0.0,0.38999999999999996,3.0,129.50228875604668,0.0909173895097863,True,False,False
1.1,0.10341168117680491,0.27925489584831426,0.16471058471821096,0.05242423019355416,-0.18041474922852252,0.0,-0.026938932168839018,0.3283854105047748,0.0,0.39233081500174194,0.225,0.0,0.38999999999999996,3.0,129.54941968366654,0.11459995582791407,True,False,False
1.105,0.10423546556617004,0.29422476641760276,0.16480138209572381,0.05207724533666295,-0.18041474922852252,0.0,-0.026938932168839018,0.32920899817272736,0.0,0.3923488255858465,0.225,0.0,0.38999999999999996,3.0,129.54940303193519,0.11232807203052264,True,False,False
1.11,0.10505967443471784,0.30908853418860577,0.16488092704596544,0.051683870624371034,-0.18041474922852252,0.0,-0.026938932168839018,0.33003303352692176,0.0,0.39236581074083177,0.225,0.0,0.38999999999999996,3.0,129.54938665686348,0.11012058792431305,True,False,False
1.115,0.10588425036433212,0.32383323010627985,0.16494932252868466,0.05124633139301196,-0.18041474922852252,0.0,-0.026938932168839018,0.3308574602300853,0.0,0.3923817197258458,0.225,0.0,0.38999999999999996,3.0,129.54937058270855,0.10797734251538886,True,False,False
1.12,0.10670913632911273,0.338446511127378,0.16500668140709995,0.05076677237005624,-0.18041474922852252,0.0,-0.026938932168839018,0.33168222224886684,0.0,0.392396504151582,0.225,0.0,0.38999999999999996,3.0,129.5493548302966,0.10589813748879601,True,False,False
1.125,0.10753427575070934,0.3529166370036462,0.1650531260389592,0.0502472576425024,-0.18041474922852252,0.0,-0.026938932168839018,0.3325072639079736,0.0,0.39241011789149743,0.225,0.0,0.38999999999999996,3.0,129.54933941724977,0.1038827337048562,True,False,False
1.1300000000000001,0.10835961255164342,0.3672324479591176,0.16508878776186026,0.0496897772075116,-0.18041474922852252,0.0,-0.026938932168839018,0.3333325299424879,0.0,0.39242251699730696,0.225,0.0,0.38999999999999996,3.0,129.54932435820425,0.10193085105596898,True,False,False
1.135,0.10918509120601787,0.38138334509539007,0.16511380626458927,0.04909625916093399,-0.18041474922852252,0.0,-0.026938932168839018,0.3341579655476067,0.0,0.3924336596257391,0.225,0.0,0.38999999999999996,3.0,129.54930966501905,0.10004217065643112,True,False,False
1.1400000000000001,0.11001065678708992,0.39535927495342404,0.16512832884269407,0.04846858634747605,-0.18041474922852252,0.0,-0.026938932168839018,0.33498351642515356,0.0,0.39244350598216365,0.225,0.0,0.38999999999999996,3.0,129.54929534697456,0.0982163386240864,True,False,False
1.145,0.11083625501424195,0.4091507107230451,0.16513251219216188,0.047808502685938815,-0.18041474922852252,0.0,-0.026938932168839018,0.33580912883016495,0.0,0.39245201824666565,0.225,0.0,0.38999999999999996,3.0,129.5492814109275,0.09645352090914144,True,False,False
1.1500000000000001,0.11166183231180228,0.42274859698551565,0.16512652058569305,0.04711770412959717,-0.17570759328849084,0.0,-0.019266782702737864,0.3366347496334824,0.0,0.3924591603239229,0.225,0.0,0.38999999999999996,3.0,129.64950482462248,0.10241061174057613,True,False,False
1.155,0.11248733705808957,0.43614479859678673,0.16511040488178255,0.04640083631574855,-0.17570759328849084,0.0,-0.019266782702737864,0.3374603254565198,0.0,0.39246499424621833,0.225,0.0,0.38999999999999996,3.0,129.64948932632623,0.10049965172520742,True,False,False
1.16,0.11331271827820913,0.4493317998464043,0.16508429962602614,0.04565757811486704,-0.17570759328849084,0.0,-0.019266782702737864,0.3382858035078775,0.0,0.3924695844126814,0.225,0.0,0.38999999999999996,3.0,129.64947440047396,0.09865855703540653,True,False,False
1.165,0.11413792445558539,0.4623023570107845,0.16504836455792374,0.04489013992116744,-0.17570759328849084,0.0,-0.019266782702737864,0.3391111324833431,0.0,0.3924729016150733,0.225,0.0,0.38999999999999996,3.0,129.64946004108572,0.09688649323617646,True,False,False
1.17,0.11496290483437412,0.47504985952182693,0.16500276206889058,0.044100730562526294,-0.17570759328849084,0.0,-0.019266782702737864,0.3399362617433102,0.0,0.3924749190755752,0.225,0.0,0.38999999999999996,3.0,129.64944624045853,0.09518260653366409,True,False,False
1.175,0.1157876094429323,0.487568328846698,0.16494765668110517,0.04329155327737569,-0.17570759328849084,0.0,-0.019266782702737864,0.3407611413364503,0.0,0.3924756124477398,0.225,0.0,0.38999999999999996,3.0,129.64943298933682,0.09354603777850577,True,False,False
1.18,0.11661198911487024,0.4998524167220774,0.16488321446795634,0.04246480509107202,-0.17570759328849084,0.0,-0.019266782702737864,0.3415857220213757,0.0,0.3924749598140426,0.225,0.0,0.38999999999999996,3.0,129.64942027706948,0.09197593489174813,True,False,False
1.185,0.11743599550734767,0.5118974036615738,0.16480960240909817,0.04162267932828407,-0.17570759328849084,0.0,-0.019266782702737864,0.3424099552858747,0.0,0.39247294168364033,0.225,0.0,0.38999999999999996,3.0,129.6494080917525,0.0904714634429716,True,False,False
1.19,0.11825958111631212,0.5236991985782791,0.1647269876793239,0.04076737075294112,-0.17570759328849084,0.0,-0.019266782702737864,0.34323379336334703,0.0,0.39246954099357834,0.225,0.0,0.38999999999999996,3.0,129.64939642035895,0.0890318152149733,True,False,False
1.195,0.11908269928840422,0.5352543401692295,0.16463553687687316,0.039901082633918124,-0.17570759328849084,0.0,-0.019266782702737864,0.3440571892461113,0.0,0.3924647431160572,0.225,0.0,0.38999999999999996,3.0,129.6493852488579,0.08765621468749579,True,False,False
1.2,0.11990530433886958,0.5465597026925968,0.16453553573747473,0.0390216804318648,-0.18068334506861428,0.0,-0.009907011907840647,0.3448800968289663,0.0,0.3924585347007106,0.225,0.0,0.38999999999999996,3.0,129.77468377004152,0.07875988337011511,True,False,False
1.205,0.12072735355852472,0.5576106871890167,0.1644264240407706,0.038127952982209695,-0.18068334506861428,0.0,-0.009907011907840647,0.3457024706627729,0.0,0.39245101471792543,0.225,0.0,0.38999999999999996,3.0,129.77467492148324,0.07778481943803911,True,False,False
1.21,0.12154880962123966,0.5684142805255624,0.16431071156898192,0.037315712941931325,-0.18068334506861428,0.0,-0.009907011907840647,0.3465242698273966,0.0,0.3924423274265488,0.225,0.0,0.38999999999999996,3.0,129.774666377695,0.07686308007374248,True,False,False
1.215,0.1223696456425101,0.5790011085726926,0.1641892516020964,0.036609552634504675,-0.18068334506861428,0.0,-0.009907011907840647,0.3473454644604685,0.0,0.3924325913396489,0.225,0.0,0.38999999999999996,3.0,129.7746581272736,0.07599313862556122,True,False,False
1.22,0.12318983435903298,0.5893976113112644,0.16406163198443593,0.035983331439706175,-0.18068334506861428,0.0,-0.009907011907840647,0.348166024732656,0.0,0.39242190853682646,0.225,0.0,0.38999999999999996,3.0,129.77465015822477,0.07517573034356395,True,False,False
1.225,0.12400934610529875,0.5996238639749297,0.16392752990177656,0.03541833642865101,-0.18068334506861428,0.0,-0.009907011907840647,0.34898591897749376,0.0,0.3924103561500592,0.225,0.0,0.38999999999999996,3.0,129.77464245779151,0.07441157712295784,True,False,False
1.23,0.12482814936459792,0.6096953520918293,0.16378669960479378,0.03490092446906552,-0.18068334506861428,0.0,-0.009907011907840647,0.3498051140854429,0.0,0.39239799330898806,0.225,0.0,0.38999999999999996,3.0,129.77463501251327,0.07370135547105156,True,False,False
1.235,0.12564621122715924,0.6196241820439466,0.1636389721383308,0.034420753605999346,-0.18068334506861428,0.0,-0.009907011907840647,0.3506235758545851,0.0,0.3923848658761505,0.225,0.0,0.38999999999999996,3.0,129.77462780827713,0.07304608592292275,True,False,False
1.24,0.1264634984856228,0.6294190554969149,0.1634846433639099,0.03396325888483351,-0.18068334506861428,0.0,-0.009907011907840647,0.35144127007861137,0.0,0.3923710061431338,0.225,0.0,0.38999999999999996,3.0,129.77462082871133,0.07245939517459894,True,False,False
1.245,0.12727997932235513,0.6390853481537226,0.16332396034551963,0.03352305343378862,-0.18068334506861428,0.0,-0.009907011907840647,0.35225816421804207,0.0,0.3923564329298721,0.225,0.0,0.38999999999999996,3.0,129.77461405370724,0.07194422885285628,True,False,False
1.25,0.128095622435419,0.6486280032479049,0.16315696797724608,0.03310013133574089,-0.19351226244541164,0.0,-0.0031185942918830842,0.3530742262954514,0.0,0.3923411633729696,0.225,0.0,0.38999999999999996,3.0,129.86814367455963,0.05147125204377957,True,False,False
1.2550000000000001,0.1289103969871304,0.6580525241919557,0.1629824150213302,0.03269834243036383,-0.19351226244541164,0.0,-0.0031185942918830842,0.3538894231821125,0.0,0.3923253049610506,0.225,0.0,0.38999999999999996,3.0,129.86813975638248,0.05180700680662932,True,False,False
1.26,0.12972427045057658,0.6673635735696324,0.1628006980930848,0.03230518919252026,-0.19351226244541164,0.0,-0.0031185942918830842,0.3547037202183245,0.0,0.3923089619877615,0.225,0.0,0.38999999999999996,3.0,129.86813578565912,0.05218361407028454,True,False,False
1.2650000000000001,0.13053720490142484,0.6765621273756335,0.1626112420881452,0.031913083053067545,-0.19351226244541164,0.0,-0.0031185942918830842,0.35551707924259857,0.0,0.39229213643961736,0.225,0.0,0.38999999999999996,3.0,129.8681317550294,0.05259710434016614,True,False,False
1.27,0.1313491618545666,0.6856486251861661,0.16241417872161243,0.03152311303753783,-0.19351226244541164,0.0,-0.0031185942918830842,0.35632946157001755,0.0,0.39227482826306054,0.225,0.0,0.38999999999999996,3.0,129.86812765753717,0.0530451614126552,True,False,False
1.2750000000000001,0.13216010351201862,0.6946238813843048,0.16220962784503132,0.031136725018942622,-0.19351226244541164,0.0,-0.0031185942918830842,0.3571408291779171,0.0,0.3922570388742787,0.225,0.0,0.38999999999999996,3.0,129.8681234864763,0.05352591870891694,True,False,False
1.28,0.13296999271617607,0.7034891420776741,0.161997700204843,0.030755455303211648,-0.19351226244541164,0.0,-0.0031185942918830842,0.35795114465726385,0.0,0.39223877137359286,0.225,0.0,0.38999999999999996,3.0,129.86811923532827,0.05403783528043114,True,False,False
1.285,0.1337787929115889,0.7122460888520441,0.16177849927185445,0.030380791908374696,-0.19351226244541164,0.0,-0.0031185942918830842,0.35876037117630155,0.0,0.39222003055380444,0.225,0.0,0.38999999999999996,3.0,129.8681148977159,0.054579605136132,True,False,False
1.29,0.1345864681098192,0.7208968142069155,0.16155212245074654,0.030014108549280924,-0.19351226244541164,0.0,-0.0031185942918830842,0.35956847244908885,0.0,0.39220082279936314,0.225,0.0,0.38999999999999996,3.0,129.8681104673695,0.055150090718204856,True,False,False
1.295,0.13539298285706747,0.7294437844124456,0.16131866187573057,0.029656638776270103,-0.19351226244541164,0.0,-0.0031185942918830842,0.36037541270744133,0.0,0.3921811559375928,0.225,0.0,0.38999999999999996,3.0,129.86810593810287,0.05574827397036908,True,False,False
1.3,0.13619830218322088,0.7378894811934535,0.1610782276336732,0.02930530245964853,-0.21001447207930302,0.0,0.001274028410792577,0.3611811566740671,0.0,0.3921610378305683,0.225,0.0,0.38999999999999996,3.0,129.93101317242164,0.030510182353790372,True,False,False
1.305,0.13700239158809563,0.746234294753673,0.16083003466293344,0.028952141766416764,-0.21001447207930302,0.0,0.001274028410792577,0.36198566875546045,0.0,0.39214052714936265,0.225,0.0,0.38999999999999996,3.0,129.9310121859974,0.03209094910061788,True,False,False
1.31,0.1378052168665421,0.7544776905274472,0.16057505100782318,0.028597419650944887,-0.21001447207930302,0.0,0.001274028410792577,0.3627889137667185,0.0,0.39211967889608523,0.225,0.0,0.38999999999999996,3.0,129.931011103477,0.0336731440310671,True,False,False
1.315,0.13860674400776,0.7626193553479927,0.16031334151428334,0.02824209908638314,-0.21001447207930302,0.0,0.001274028410792577,0.3635908576519212,0.0,0.3920984898707483,0.225,0.0,0.38999999999999996,3.0,129.93100991864796,0.03525638414009941,True,False,False
1.32,0.13940693935510912,0.7706592738238272,0.16004496523699072,0.027887293566303463,-0.21001447207930302,0.0,0.001274028410792577,0.3643914666891719,0.0,0.39207695801607956,0.225,0.0,0.38999999999999996,3.0,129.9310086250705,0.036840218365326236,True,False,False
1.325,0.14020576958473843,0.7785977694675568,0.1597699754452445,0.02753425295426266,-0.21001447207930302,0.0,0.001274028410792577,0.36519070746818416,0.0,0.39205508258198507,0.225,0.0,0.38999999999999996,3.0,129.93100721609483,0.03842413997751961,True,False,False
1.33,0.141003201683907,0.786435541359039,0.15948841971546396,0.02718434622715033,-0.21001447207930302,0.0,0.001274028410792577,0.36598854686804305,0.0,0.39203286427244544,0.225,0.0,0.38999999999999996,3.0,129.93100568487804,0.04000759644861982,True,False,False
1.335,0.14179920292926543,0.7941736954828916,0.15920034010337358,0.02683904168975528,-0.21001447207930302,0.0,0.001274028410792577,0.36678495203542694,0.0,0.3920103053715005,0.225,0.0,0.38999999999999996,3.0,129.93100402440177,0.041589997581067635,True,False,False
1.34,0.14259374086531978,0.8018137701145759,0.15890577338872358,0.026499885215783205,-0.21001447207930302,0.0,0.001274028410792577,0.36757989036351113,0.0,0.3919874098457839,0.225,0.0,0.38999999999999996,3.0,129.9310022274902,0.043170722433045365,True,False,False
1.345,0.1433867832832826,0.8093577547426705,0.1586047513851422,0.026168477043799928,-0.21001447207930302,0.0,0.001274028410792577,0.36837332947174317,0.0,0.39196418342168926,0.225,0.0,0.38999999999999996,3.0,129.93100028682807,0.04474912539743449,True,False,False
1.35,0.14417829820049252,0.8168081022015115,0.15829730130737918,0.025846447628320914,-0.22421860511549518,0.0,0.004952153387182526,0.3691652371866465,0.0,0.3919406336357217,0.225,0.0,0.38999999999999996,3.0,129.9838292459429,0.024079333759551735,True,False,False
1.355,0.14496825378471914,0.82416774500988,0.15798256091491528,0.025535505026657312,-0.22421860511549518,0.0,0.004952153387182526,0.3699555808128223,0.0,0.3919168193989211,0.225,0.0,0.38999999999999996,3.0,129.98383199956442,0.026450542322526874,True,False,False
1.36,0.14575661834087447,0.8314400908927155,0.15766141645006163,0.025237300807294968,-0.22421860511549518,0.0,0.004952153387182526,0.37074432782346056,0.0,0.3918928014832531,0.225,0.0,0.38999999999999996,3.0,129.98383479380928,0.02879658989794507,True,False,False
1.365,0.14654336035633672,0.8386290428326555,0.1573338787410289,0.02495359026805051,-0.22421860511549518,0.0,0.004952153387182526,0.37153144653723014,0.0,0.39186859311623246,0.225,0.0,0.38999999999999996,3.0,129.9838376102533,0.031117140452149736,True,False,False
1.37,0.14732844845145507,0.845738991876163,0.15699995704808076,0.024686022053074796,-0.22421860511549518,0.0,0.004952153387182526,0.3723169053932151,0.0,0.39184420944568715,0.225,0.0,0.38999999999999996,3.0,129.98384043027048,0.0334118220816271,True,False,False
1.375,0.1481118513667228,0.8527747839084039,0.1566596594817397,0.024436119882863545,-0.22421860511549518,0.0,0.004952153387182526,0.3731006729417128,0.0,0.3918196674119237,0.225,0.0,0.38999999999999996,3.0,129.9838432350864,0.03568024293884865,True,False,False
1.3800000000000001,0.14889353795091134,0.8597416813047875,0.15631299344480545,0.024205264806214308,-0.22421860511549518,0.0,0.004952153387182526,0.3738827178360144,0.0,0.3917949855991602,0.225,0.0,0.38999999999999996,3.0,129.98384600583253,0.037922003285821716,True,False,False
1.385,0.149673477150287,0.8666453196420446,0.15595996608051893,0.02399467854300464,-0.22421860511549518,0.0,0.004952153387182526,0.3746630088252466,0.0,0.39177018406716285,0.225,0.0,0.38999999999999996,3.0,129.98384872359867,0.04013670471148209,True,False,False
1.3900000000000001,0.15045163784061052,0.8734920327257434,0.1556004038560935,0.0238106878704224,-0.22421860511549518,0.0,0.004952153387182526,0.37544151457283437,0.0,0.3917452856367631,0.225,0.0,0.38999999999999996,3.0,129.98385136947869,0.042323465354153655,True,False,False
1.395,0.1512279876352452,0.880291530752559,0.15523393838540134,0.023664840443079982,-0.22421860511549518,0.0,0.004952153387182526,0.3762182023469588,0.0,0.3917203264690453,0.225,0.0,0.38999999999999996,3.0,129.98385392457448,0.044480599133446194,True,False,False
1.4000000000000001,0.1520024939333715,0.8870542139426566,0.15486072710100784,0.023552942850853804,-0.23326736466643794,0.0,0.007314081071693429,0.37699303920149263,0.0,0.39169534546868007,0.225,0.0,0.38999999999999996,3.0,130.01779995453015,0.032446647249543575,True,False,False
1.405,0.15277512441252394,0.8937895884708539,0.1544802150601266,0.023473784105968537,-0.23326736466643794,0.0,0.007314081071693429,0.37776599219197776,0.0,0.3916704097888722,0.225,0.0,0.38999999999999996,3.0,130.01780698126268,0.03505267975351826,True,False,False
1.41,0.15354584708507926,0.900506351562027,0.15409318058980817,0.023422525795847696,-0.23326736466643794,0.0,0.007314081071693429,0.37853702879862594,0.0,0.39164558341157585,0.225,0.0,0.38999999999999996,3.0,130.01781404568092,0.03761535938826514,True,False,False
1.415,0.15431463056446224,0.9072121003053789,0.15369971956546957,0.02339647108778543,-0.23326736466643794,0.0,0.007314081071693429,0.37930611753299015,0.0,0.3916208942413064,0.225,0.0,0.38999999999999996,3.0,130.0178211176463,0.04013499304639283,True,False,False
1.42,0.15508144375627309,0.9139137099842547,0.15329991227999093,0.023393256339746493,-0.23326736466643794,0.0,0.007314081071693429,0.38007322724703874,0.0,0.39159636735070025,0.225,0.0,0.38999999999999996,3.0,130.01782816741468,0.04261188373063465,True,False,False
1.425,0.1558462558063236,0.9206174127845225,0.15289382733389645,0.02341074091987891,-0.23326736466643794,0.0,0.007314081071693429,0.3808383270743328,0.0,0.39157202529347723,0.225,0.0,0.38999999999999996,3.0,130.01783516569355,0.0450463202466628,True,False,False
1.43,0.15660903606067142,0.9273288508064995,0.15248152425192113,0.023446936527691063,-0.23326736466643794,0.0,0.007314081071693429,0.3816013863847094,0.0,0.3915478883162671,0.225,0.0,0.38999999999999996,3.0,130.01784208369455,0.04743857209812813,True,False,False
1.435,0.15736975403397188,0.9340531127193755,0.15206305528497654,0.023499961728925343,-0.23326736466643794,0.0,0.007314081071693429,0.3823623747482797,0.0,0.39152397450594945,0.225,0.0,0.38999999999999996,3.0,130.01784889318222,0.049788887661281096,True,False,False
1.44,0.15812837938384036,0.9407947598683871,0.1516384666892825,0.023568012669074934,-0.23326736466643794,0.0,0.007314081071693429,0.38312126190611984,0.0,0.3915002998953561,0.225,0.0,0.38999999999999996,3.0,130.01785556651936,0.0520974943830012,True,False,False
1.445,0.15888488188971991,0.9475578456067084,0.1512077996683386,0.02364934423853778,-0.23326736466643794,0.0,0.007314081071693429,0.383878017745949,0.0,0.3914768785421189,0.225,0.0,0.38999999999999996,3.0,130.01786207670887,0.05436460018511947,True,False,False
1.45,0.15963923143527617,0.9543459302679741,0.15077109109611805,0.023742258047966928,-0.2365853867367863,0.0,0.007391424724519653,0.38463261228169066,0.0,0.39145372259014244,0.225,0.0,0.38999999999999996,3.0,130.01989456242003,0.051369678167911124,True,False,False
1.455,0.16039139794213747,0.961162178695658,0.15032831804197996,0.023845745590098243,-0.2365853867367863,0.0,0.007391424724519653,0.3853850155655504,0.0,0.39143084446089005,0.225,0.0,0.38999999999999996,3.0,130.0199029420997,0.053741736576563094,True,False,False
1.46,0.16114135138062743,0.9680093439846708,0.1498795565947693,0.023957820747174494,-0.2365853867367863,0.0,0.007391424724519653,0.3861351977150008,0.0,0.3914082549919781,0.225,0.0,0.38999999999999996,3.0,130.01991114379962,0.05606789194586888,True,False,False
1.465,0.1618890618296932,0.9748896490986987,0.14942483547544877,0.024076832038464575,-0.2365853867367863,0.0,0.007391424724519653,0.38688312899044747,0.0,0.3913859611684227,0.225,0.0,0.38999999999999996,3.0,130.0199191382048,0.05834838998583412,True,False,False
1.47,0.16263449931740798,0.9818044694776821,0.1489641065556757,0.024192972365215396,-0.2365853867367863,0.0,0.007391424724519653,0.3876287796274295,0.0,0.3913639666846931,0.225,0.0,0.38999999999999996,3.0,130.0199268968955,0.06058344580501532,True,False,False
1.475,0.16337763096576152,0.9887455116296517,0.14849684912824498,0.024255415158006867,-0.2365853867367863,0.0,0.007391424724519653,0.38837211726162013,0.0,0.39134223747526475,0.225,0.0,0.38999999999999996,3.0,130.01993439236546,0.0627727961759243,True,False,False
1.48,0.1641184211199078,0.9956973126966211,0.14802296005858384,0.024270697841308895,-0.2365853867367863,0.0,0.007391424724519653,0.38911310694749424,0.0,0.3913207115247895,0.225,0.0,0.38999999999999996,3.0,130.0199415980099,0.06491581337549898,True,False,False
1.485,0.1648568347617783,1.0026483292895019,0.1475424707706361,0.024251673014588117,-0.2365853867367863,0.0,0.007391424724519653,0.3898517142085297,0.0,0.39129934221108886,0.225,0.0,0.38999999999999996,3.0,130.01994848817625,0.06701211171665765,True,False,False
1.49,0.16559283756926962,1.0095900406924914,0.14705543192108905,0.024206893072065624,-0.2365853867367863,0.0,0.007391424724519653,0.39058790513795427,0.0,0.39127809477988396,0.225,0.0,0.38999999999999996,3.0,130.01995503823036,0.06906153272484397,True,False,False
1.495,0.16632639582429987,1.0165159433121942,0.14656190467081393,0.02414208469859059,-0.2365853867367863,0.0,0.007391424724519653,0.3913216463473808,0.0,0.3912569424006147,0.225,0.0,0.38999999999999996,3.0,130.0199612246089,0.0710640999086336,True,False,False
1.5,0.16705747634625406,1.023420888618042,0.14606195596987595,0.02406111003701957,-0.2352940642952529,0.0,0.007318594236328723,0.392052904926605,0.0,0.39123586356929413,0.225,0.0,0.38999999999999996,3.0,130.01860330717034,0.0750501707279766,True,False,False
1.5050000000000001,0.16778604647630163,1.03030061668808,0.1455556892031879,0.02396639408358898,-0.2352940642952529,0.0,0.007318594236328723,0.3927816484549614,0.0,0.39121483903600773,0.225,0.0,0.38999999999999996,3.0,130.0186076614399,0.07688675676588902,True,False,False
1.51,0.16851207403292787,1.0371514956040269,0.1450431491378802,0.023859957962075174,-0.2352940642952529,0.0,0.007318594236328723,0.393507844957531,0.0,0.3911938520208375,0.225,0.0,0.38999999999999996,3.0,130.01861157392588,0.07867922037915889,True,False,False
1.5150000000000001,0.16923552724809726,1.0439703619312386,0.1445244091112615,0.023743081949930616,-0.2352940642952529,0.0,0.007318594236328723,0.3942314628393112,0.0,0.39117288883032464,0.225,0.0,0.38999999999999996,3.0,130.0186150276764,0.08042795970998741,True,False,False
1.52,0.16995637477379355,1.050754362322674,0.14399954339958487,0.02361667547861802,-0.2352940642952529,0.0,0.007318594236328723,0.39495247090703556,0.0,0.3911519369962829,0.225,0.0,0.38999999999999996,3.0,130.0186180068638,0.08213342661458109,True,False,False
1.5250000000000001,0.17067458567258917,1.0575008660844327,0.14346862712047395,0.02348140023414214,-0.2352940642952529,0.0,0.007318594236328723,0.3956708383631868,0.0,0.3911309849322384,0.225,0.0,0.38999999999999996,3.0,130.01862049678508,0.08379611412572835,True,False,False
1.53,0.17139012941232792,1.064207406817509,0.14293173620153696,0.0233377527426178,-0.2352940642952529,0.0,0.007318594236328723,0.3963865348030329,0.0,0.39111002170398285,0.225,0.0,0.38999999999999996,3.0,130.01862248385618,0.08541654688468793,True,False,False
1.5350000000000001,0.17210297586368095,1.0708716435855616,0.14238894737066157,0.02318611994136337,-0.2352940642952529,0.0,0.007318594236328723,0.39709953021381494,0.0,0.39108903687676366,0.225,0.0,0.38999999999999996,3.0,130.01862395560445,0.08699527382687083,True,False,False
1.54,0.172813095299644,1.0774913352418036,0.14184033814670913,0.023026816649168114,-0.2352940642952529,0.0,0.007318594236328723,0.39780979497539715,0.0,0.39106802041414956,0.225,0.0,0.38999999999999996,3.0,130.0186249006573,0.08853286256363195,True,False,False
1.545,0.17352045839631192,1.0840643236258947,0.14128598682171778,0.02286011085163443,-0.2352940642952529,0.0,0.007318594236328723,0.39851729986187484,0.0,0.39104696261175953,0.225,0.0,0.38999999999999996,3.0,130.0186253087287,0.09002989503319271,True,False,False
1.55,0.17422503623444513,1.090588522751392,0.14072597243206972,0.022686240748221613,-0.2309259926260856,0.0,0.008640774585866063,0.39922201604376095,0.0,0.3910258540545427,0.225,0.0,0.38999999999999996,3.0,130.03473726173186,0.0984127556502431,True,False,False
1.555,0.17492680010950534,1.097061885455616,0.14016008126222015,0.022505233240797586,-0.2309259926260856,0.0,0.008640774585866063,0.39992391481089173,0.0,0.3910047008424038,0.225,0.0,0.38999999999999996,3.0,130.03473277075148,0.09958225029239667,True,False,False
1.56,0.17562572177027383,1.103482424255431,0.1395887005539024,0.022317507384442093,-0.2309259926260856,0.0,0.008640774585866063,0.40062296790791085,0.0,0.390983509301712,0.225,0.0,0.38999999999999996,3.0,130.03472771777788,0.10071951234537313,True,False,False
1.565,0.17632177358984685,1.109848253913109,0.13901191006349034,0.02212333381803246,-0.2309259926260856,0.0,0.008640774585866063,0.4013191477882698,0.0,0.39096227079737483,0.225,0.0,0.38999999999999996,3.0,130.03472210234244,0.10182503788854075,True,False,False
1.57,0.17701492835123217,1.116157563081533,0.13842978974284528,0.021922959054630282,-0.2309259926260856,0.0,0.008640774585866063,0.40201242730807557,0.0,0.39094097698968855,0.225,0.0,0.38999999999999996,3.0,130.03471592472863,0.10289933282878624,True,False,False
1.575,0.17770515924719016,1.1224086085024678,0.13784241979221953,0.021716612974721147,-0.2309259926260856,0.0,0.008640774585866063,0.4027027797263495,0.0,0.39091961981151635,0.225,0.0,0.38999999999999996,3.0,130.03470918594758,0.10394290924284767,True,False,False
1.58,0.1783924398804919,1.128599711052343,0.13724988067724236,0.02150451420940834,-0.2309259926260856,0.0,0.008640774585866063,0.40339017870563687,0.0,0.39089819145278487,0.225,0.0,0.38999999999999996,3.0,130.03470188771368,0.10495628268201843,True,False,False
1.585,0.1790767442644151,1.134729253099871,0.1366522531219729,0.02128687393947865,-0.2309259926260856,0.0,0.008640774585866063,0.4040745983128062,0.0,0.390876684350178,0.225,0.0,0.38999999999999996,3.0,130.03469403241908,0.10593997014755488,True,False,False
1.59,0.17975804682332888,1.1407956767683682,0.1360496180862628,0.02106389851863065,-0.2309259926260856,0.0,0.008640774585866063,0.40475601301990227,0.0,0.3908550911804213,0.225,0.0,0.38999999999999996,3.0,130.03468562310889,0.1068944885368689,True,False,False
1.595,0.18043632239325647,1.146797482825265,0.13544205673310428,0.020835791232702766,-0.2309259926260856,0.0,0.008640774585866063,0.4054343977049528,0.0,0.3908334048560572,0.225,0.0,0.38999999999999996,3.0,130.03467666345526,0.10782035342402516,True,False,False
1.6,0.18111154622234807,1.152733229975278,0.13482965038987837,0.020602753430101487,-0.225983212450505,0.0,0.010417278798321973,0.4061097276526667,0.0,0.3908116185228454,0.225,0.0,0.38999999999999996,3.0,130.05656688853236,0.11656317169100595,True,False,False
1.605,0.18178369364735594,1.1586015164396894,0.13421204652792082,0.020364850450918348,-0.225983212450505,0.0,0.010417278798321973,0.40678197814087713,0.0,0.3907897463297928,0.225,0.0,0.38999999999999996,3.0,130.05655255587556,0.11715219785398547,True,False,False
1.61,0.18245274046497958,1.164400994882817,0.1335897733327774,0.020122430649455875,-0.225983212450505,0.0,0.010417278798321973,0.40745112491377733,0.0,0.3907678026298631,0.225,0.0,0.38999999999999996,3.0,130.05653774206093,0.11772148289076856,True,False,False
1.615,0.18311866323069545,1.1701304112902062,0.1329629108951464,0.019875768361441067,-0.225983212450505,0.0,0.010417278798321973,0.4081171445650554,0.0,0.39074578129331516,0.225,0.0,0.38999999999999996,3.0,130.05652245739256,0.11827139850453765,True,False,False
1.62,0.1837814389083666,1.1757885864629811,0.1323315389239374,0.01962511252459736,-0.225983212450505,0.0,0.010417278798321973,0.40878001409175596,0.0,0.3907236764910273,0.225,0.0,0.38999999999999996,3.0,130.05650671239616,0.11880231949154932,True,False,False
1.625,0.18444104486747737,1.181374409620582,0.13169573683130212,0.019370692708420727,-0.225983212450505,0.0,0.010417278798321973,0.4094397108918548,0.0,0.3907014826696415,0.225,0.0,0.38999999999999996,3.0,130.05649051779935,0.11931462060725491,True,False,False
1.6300000000000001,0.1850974588808741,1.1868868335279155,0.13105558378090756,0.019112723631067363,-0.225983212450505,0.0,0.010417278798321973,0.4100962127622917,0.0,0.3906791945327539,0.225,0.0,0.38999999999999996,3.0,130.05647388451288,0.1198086743746912,True,False,False
1.635,0.18575065912286678,1.1923248707450236,0.13041115871192333,0.018851408486667966,-0.225983212450505,0.0,0.010417278798321973,0.4107494978973278,0.0,0.3906568070265141,0.225,0.0,0.38999999999999996,3.0,130.05645682361262,0.12028484954114914,True,False,False
1.6400000000000001,0.18640062416754577,1.197687590687982,0.1297625403471374,0.01858694135790698,-0.225983212450505,0.0,0.010417278798321973,0.4113995448870913,0.0,0.3906343153284373,0.225,0.0,0.38999999999999996,3.0,130.0564393463221,0.12074350998304825,True,False,False
1.645,0.18704733298721637,1.202974117281108,0.12910980719088383,0.018319508937358835,-0.225983212450505,0.0,0.010417278798321973,0.41204633271622015,0.0,0.3906117148385287,0.225,0.0,0.38999999999999996,3.0,130.05642146399606,0.12118501392349537,True,False,False
1.6500000000000001,0.18769076495088213,1.2081836270225272,0.12845303752062645,0.018049291733989673,-0.2223283890811808,0.0,0.012406152555745786,0.4126898407625373,0.0,0.39058900117206014,0.225,0.0,0.38999999999999996,3.0,130.0815031881489,0.12743291927722392,True,False,False
1.655,0.18833089937360378,1.2133153636871912,0.12779176138224496,0.01777657039567929,-0.2223283890811808,0.0,0.012406152555745786,0.4133300482747964,0.0,0.39056619403329007,0.225,0.0,0.38999999999999996,3.0,130.08148153197143,0.1276327315353539,True,False,False
1.6600000000000001,0.1889677159908934,1.2183686164410137,0.12712660987519042,0.01750140959599916,-0.2223283890811808,0.0,0.012406152555745786,0.4139669349316707,0.0,0.39054331330251224,0.225,0.0,0.38999999999999996,3.0,130.08145957906876,0.12782189018986936,True,False,False
1.665,0.18960119539178721,1.2233427188008368,0.12645765932978015,0.017224031306660233,-0.2223283890811808,0.0,0.012406152555745786,0.4146004813402145,0.0,0.3905203552187217,0.225,0.0,0.38999999999999996,3.0,130.0814373429226,0.1280006304966037,True,False,False
1.67,0.19023131855279105,1.2282370645698193,0.1257849855383547,0.01694463515115617,-0.2223283890811808,0.0,0.012406152555745786,0.41523066849186774,0.0,0.3904973162681692,0.225,0.0,0.38999999999999996,3.0,130.08141483687837,0.12816918624582363,True,False,False
1.675,0.19085806683450607,1.2330511021097315,0.12510866383005478,0.016663403079933137,-0.2223283890811808,0.0,0.012406152555745786,0.41585747775932086,0.0,0.3904741931622521,0.225,0.0,0.38999999999999996,3.0,130.08139207413797,0.12832778768835504,True,False,False
1.68,0.19148142197870532,1.2377843298093705,0.12442876911903027,0.016380502910014638,-0.2223283890811808,0.0,0.012406152555745786,0.41648089089379914,0.0,0.39045098282007207,0.225,0.0,0.38999999999999996,3.0,130.08136906775462,0.1284766601494064,True,False,False
1.685,0.1921013661057425,1.2424362924350416,0.12374537593510901,0.016096090973191778,-0.2223283890811808,0.0,0.012406152555745786,0.417100890022655,0.0,0.3904276823544759,0.225,0.0,0.38999999999999996,3.0,130.08134583062693,0.12861602311388232,True,False,False
1.69,0.19271788171218962,1.2470065781344946,0.12305855844297335,0.015810314079192287,-0.2223283890811808,0.0,0.012406152555745786,0.41771745764717044,0.0,0.3904042890606794,0.225,0.0,0.38999999999999996,3.0,130.0813223754949,0.12874608963594447,True,False,False
1.695,0.19333095166863468,1.2514948159261516,0.12236839045389634,0.015523310961076122,-0.2223283890811808,0.0,0.012406152555745786,0.418330576640505,0.0,0.39038080040674805,0.225,0.0,0.38999999999999996,3.0,130.08129871493574,0.12886706597299485,True,False,False
1.7,0.19394055921757944,1.2559006735466671,0.12167494543275191,0.015235213334515732,-0.22081313378705114,0.0,0.014401906704589015,0.4189402302457317,0.0,0.3903572140255195,0.225,0.0,0.38999999999999996,3.0,130.10717035870616,0.13143414883553522,True,False,False
1.705,0.19454668742976022,1.2602239140215727,0.12097767606983754,0.014946548173522615,-0.22081313378705114,0.0,0.014401906704589015,0.41954640148991185,0.0,0.390333552422947,0.225,0.0,0.38999999999999996,3.0,130.10714517420254,0.13145000945690063,True,False,False
1.71,0.1951493197405743,1.2644643302496776,0.12027727149205043,0.01465701500325381,-0.22081313378705114,0.0,0.014401906704589015,0.4201490737756123,0.0,0.39030983823124843,0.225,0.0,0.38999999999999996,3.0,130.10711986098113,0.13145963914633507,True,False,False
1.715,0.19574844049101212,1.2686216935888979,0.11957380353547153,0.014366751439245698,-0.22081313378705114,0.0,0.014401906704589015,0.42074823145789036,0.0,0.39028606952212824,0.225,0.0,0.38999999999999996,3.0,130.10709443117787,0.13146317639470445,True,False,False
1.72,0.19634403438504586,1.2726958130069845,0.11886734360840794,0.014075882751121203,-0.22081313378705114,0.0,0.014401906704589015,0.4213438592531047,0.0,0.39026224452918723,0.225,0.0,0.38999999999999996,3.0,130.1070688966827,0.1314607549608179,True,False,False
1.725,0.19693608648707134,1.2766865318500131,0.11815796272600486,0.013784523976811541,-0.22081313378705114,0.0,0.014401906704589015,0.42193594223648956,0.0,0.3902383616355314,0.225,0.0,0.38999999999999996,3.0,130.10704326914163,0.13145250319270063,True,False,False
1.73,0.19752458221957192,1.280593725151609,0.11744573153452749,0.013492781536430729,-0.22081313378705114,0.0,0.014401906704589015,0.42252446583993836,0.0,0.39021441936351986,0.225,0.0,0.38999999999999996,3.0,130.1070175599581,0.13143854362592772,True,False,False
1.735,0.19810950736095082,1.2844172973487653,0.11673072032888239,0.01320075445777934,-0.22081313378705114,0.0,0.014401906704589015,0.42310941584994427,0.0,0.39019041636611806,0.225,0.0,0.38999999999999996,3.0,130.10699178029546,0.13141899277174404,True,False,False
1.74,0.19869084804349313,1.2881571803021659,0.11601299906574555,0.01290853530593012,-0.22081313378705114,0.0,0.014401906704589015,0.42369077840566166,0.0,0.39016635141940437,0.225,0.0,0.38999999999999996,3.0,130.1069659410794,0.13139396103532824,True,False,False
1.745,0.19926859075142128,1.2918133315518587,0.11529263737386194,0.012616210890596512,-0.22081313378705114,0.0,0.014401906704589015,0.4242685399970536,0.0,0.390142223416011,0.225,0.0,0.38999999999999996,3.0,130.10694005300098,0.1313635527235797,True,False,False
1.75,0.19984272231902916,1.2953857327490428,0.11456970456255162,0.012323862808607446,-0.22144163291003605,0.0,0.016248879062455618,0.42484268746311143,0.0,0.3901180313592498,0.225,0.0,0.38999999999999996,3.0,130.1315793917303,0.13040454306776197,True,False,False
1.7550000000000001,0.2004132293434524,1.2988744822739762,0.11384362765067133,0.012032220185656955,-0.22144163291003605,0.0,0.016248879062455618,0.4254132073936546,0.0,0.3900937979703069,0.225,0.0,0.38999999999999996,3.0,130.13155381532837,0.13039736178696093,True,False,False
1.76,0.2009800987369513,1.3022796939356096,0.11311510507651103,0.011740668161714821,-0.22144163291003605,0.0,0.016248879062455618,0.4259800867042842,0.0,0.39006954605016964,0.225,0.0,0.38999999999999996,3.0,130.1315282037779,0.13038417316810846,True,False,False
1.7650000000000001,0.20154331832673905,1.305601402026522,0.11238420526636984,0.011449264919653104,-0.22144163291003605,0.0,0.016248879062455618,0.42654331324144706,0.0,0.3900452748630061,0.225,0.0,0.38999999999999996,3.0,130.1315025669129,0.1303650754340344,True,False,False
1.77,0.20210287628413692,1.3088396574363477,0.1116509964056013,0.011158068010320127,-0.22144163291003605,0.0,0.016248879062455618,0.42710287519479573,0.0,0.3900209837550915,0.225,0.0,0.38999999999999996,3.0,130.131476914371,0.1303401601617644,True,False,False
1.7750000000000001,0.20265876112327186,1.3119945273755544,0.11091554642770922,0.010867133742624052,-0.22144163291003605,0.0,0.016248879062455618,0.4276587610959487,0.0,0.3899966721539435,0.225,0.0,0.38999999999999996,3.0,130.1314512555961,0.13030951287827064,True,False,False
1.78,0.20321096169972708,1.3150660949531112,0.11017792300858109,0.010576516727467717,-0.22144163291003605,0.0,0.016248879062455618,0.42821095981720175,0.0,0.38997233956688987,0.225,0.0,0.38999999999999996,3.0,130.13142559984055,0.13027321352441357,True,False,False
1.7850000000000001,0.20375946717568533,1.3180544150306075,0.10943817096319147,0.01028560311398342,-0.22144163291003605,0.0,0.016248879062455618,0.4287594605366919,0.0,0.38994798543015535,0.225,0.0,0.38999999999999996,3.0,130.13139995702798,0.13022207667207802,True,False,False
1.79,0.2043042667294521,1.3209590559188513,0.10869630832312224,0.009992141132554972,-0.22144163291003605,0.0,0.016248879062455618,0.4293042524472889,0.0,0.38992360750337873,0.225,0.0,0.38999999999999996,3.0,130.1313743454155,0.13013219387250813,True,False,False
1.795,0.20484534979123867,1.3237791990311811,0.10795243360344754,0.009695672521943135,-0.22144163291003605,0.0,0.016248879062455618,0.42984532499152284,0.0,0.38989920212148543,0.225,0.0,0.38999999999999996,3.0,130.1313487865623,0.13000842264762252,True,False,False
1.8,0.20538270628504124,1.3265139744932954,0.10720664726716249,0.009396180846584258,-0.22377770408258035,0.0,0.01786900364195324,0.43038266810336445,0.0,0.38987476537714827,0.225,0.0,0.38999999999999996,3.0,130.15359801658514,0.1262391186457352,True,False,False
1.805,0.20591632588703038,1.3291624369365627,0.10645837446850755,0.009092971515525973,-0.22377770408258035,0.0,0.01786900364195324,0.43091627148172357,0.0,0.3898503140660882,0.225,0.0,0.38999999999999996,3.0,130.15357394627162,0.1261700563641182,True,False,False
1.81,0.20644619868404804,1.3317235303087425,0.10570836728344085,0.00878630465009576,-0.22377770408258035,0.0,0.01786900364195324,0.4314461252432306,0.0,0.3898258645648566,0.225,0.0,0.38999999999999996,3.0,130.15354992197177,0.12607180505233678,True,False,False
1.815,0.20697231597784044,1.3341963314642689,0.10495672378181829,0.008476659995093876,-0.22377770408258035,0.0,0.01786900364195324,0.4319722207068723,0.0,0.3898014127477155,0.225,0.0,0.38999999999999996,3.0,130.15352596073674,0.12594729386445624,True,False,False
1.82,0.20749466957230306,1.3365800596123918,0.10420353787834988,0.008164543173071456,-0.22377770408258035,0.0,0.01786900364195324,0.4324945496919482,0.0,0.38977695503847487,0.225,0.0,0.38999999999999996,3.0,130.15350207867345,0.12579882810313994,True,False,False
1.825,0.2080132517546029,1.3388740783602318,0.1034488998012245,0.007850452429304464,-0.22377770408258035,0.0,0.01786900364195324,0.43301310449955716,0.0,0.3897524884242882,0.225,0.0,0.38999999999999996,3.0,130.15347829111298,0.12562824437239672,True,False,False
1.83,0.2085280552773828,1.341077890559907,0.10269289653682052,0.007534859288842557,-0.22377770408258035,0.0,0.01786900364195324,0.43352787789513036,0.0,0.3897280104398625,0.225,0.0,0.38999999999999996,3.0,130.15345461273597,0.12543702105713597,True,False,False
1.835,0.20903907334233704,1.3431911290184069,0.10193561223368618,0.007218198363491974,-0.22377770408258035,0.0,0.01786900364195324,0.4340388630922952,0.0,0.3897035191344644,0.225,0.0,0.38999999999999996,3.0,130.15343105766976,0.12522635843457475,True,False,False
1.84,0.20954629958530405,1.345213545195766,0.10117712856014005,0.006900863038832614,-0.22377770408258035,0.0,0.01786900364195324,0.434546053738216,0.0,0.3896790130303248,0.225,0.0,0.38999999999999996,3.0,130.153407639563,0.12499723787473443,True,False,False
1.845,0.2100497280628805,1.3471449972343084,0.10041752501576658,0.006583204824343373,-0.22377770408258035,0.0,0.01786900364195324,0.43504944390041783,0.0,0.3896544910778765,0.225,0.0,0.38999999999999996,3.0,130.1533843716458,0.12475046641653467,True,False,False
1.85,0.21054935324047344,1.348985438142639,0.09965687919999251,0.006265534884204767,-0.228276428675398,0.0,0.0194030762515322,0.4355490280550155,0.0,0.38962995261120115,0.225,0.0,0.38999999999999996,3.0,130.17529201388558,0.11746763662319645,True,False,False
1.855,0.2110451690510683,1.3507346409584156,0.09889451554431275,0.005945972387597203,-0.228276428675398,0.0,0.0194030762515322,0.4360448001824193,0.0,0.38960541698376383,0.225,0.0,0.38999999999999996,3.0,130.17527131443055,0.11739918426126797,True,False,False
1.86,0.21153716969282935,1.352392108175731,0.09813124291724028,0.005625171303448134,-0.228276428675398,0.0,0.0194030762515322,0.436536754534499,0.0,0.3895809025602731,0.225,0.0,0.38999999999999996,3.0,130.1752506854184,0.1173020291096881,True,False,False
1.865,0.21202535068234551,1.3539575477380896,0.09736714887187668,0.005303572276666148,-0.228276428675398,0.0,0.0194030762515322,0.43702488664767697,0.0,0.3895564078322005,0.225,0.0,0.38999999999999996,3.0,130.17523014199523,0.1171781098217252,True,False,False
1.87,0.21250970802212188,1.3554308394771852,0.09660233632544574,0.004982201672779189,-0.228276428675398,0.0,0.0194030762515322,0.4375091925445638,0.0,0.38953193194403946,0.225,0.0,0.38999999999999996,3.0,130.17520969780247,0.1170371494273236,True,False,False
1.875,0.21299023837167796,1.3568123455830041,0.09583691333734735,0.004662973483930268,-0.228276428675398,0.0,0.0194030762515322,0.4379896689079611,0.0,0.3895074757860675,0.225,0.0,0.38999999999999996,3.0,130.17518935995872,0.11689538708412081,True,False,False
1.8800000000000001,0.21346693886035956,1.3581028129464485,0.09507094024320575,0.00434674857619324,-0.228276428675398,0.0,0.0194030762515322,0.43846631289396343,0.0,0.38948304171446113,0.225,0.0,0.38999999999999996,3.0,130.1751691328641,0.11675268131310901,True,False,False
1.885,0.21393980694543346,1.3593031912948532,0.09430447259147168,0.004034114080817745,-0.228276428675398,0.0,0.0194030762515322,0.43893912198922436,0.0,0.38945863290723637,0.225,0.0,0.38999999999999996,3.0,130.17514902093427,0.11660863047120826,True,False,False
1.8900000000000001,0.21440884038441504,1.3604145697721233,0.09353756330664653,0.0037254650162574033,-0.228276428675398,0.0,0.0194030762515322,0.43940809398306613,0.0,0.3894342531146825,0.225,0.0,0.38999999999999996,3.0,130.17512902857536,0.11646291248565524,True,False,False
1.895,0.21487403719406978,1.361438152773349,0.09277024590486176,0.0034213198208906882,-0.228276428675398,0.0,0.0194030762515322,0.4398732269265302,0.0,0.38940990656811825,0.225,0.0,0.38999999999999996,3.0,130.17510916022624,0.11631477048112046,True,False,False
1.9000000000000001,0.21533539553019182,1.3623753024520646,0.0920025421591908,0.003122017018845657,-0.2344796053306164,0.0,0.020687782044542854,0.440334519012922,0.0,0.38938559816268115,0.225,0.0,0.38999999999999996,3.0,130.19436594288086,0.10645773867738438,True,False,False
1.905,0.21579291325160804,1.3632274291209683,0.09123394178537254,0.0028277229297331706,-0.2344796053306164,0.0,0.020687782044542854,0.4407919681938717,0.0,0.3893613509327444,0.225,0.0,0.38999999999999996,3.0,130.19434901597685,0.10665381184507762,True,False,False
1.9100000000000001,0.21624658844846925,1.3639958937824657,0.09046504750988275,0.002537905432792768,-0.2344796053306164,0.0,0.020687782044542854,0.4412455726611011,0.0,0.38933718775351633,0.225,0.0,0.38999999999999996,3.0,130.19433206144865,0.10683776237762445,True,False,False
1.915,0.21669641993423164,1.3646819440767108,0.08969591028273646,0.0022523227098276335,-0.2344796053306164,0.0,0.020687782044542854,0.4416953312805561,0.0,0.3893131131658626,0.225,0.0,0.38999999999999996,3.0,130.19431508546714,0.107009733859812,True,False,False
1.92,0.21714240677213537,1.3652867601101129,0.08892658317077749,0.0019707470879247757,-0.2344796053306164,0.0,0.020687782044542854,0.4421412431684107,0.0,0.38928913146599925,0.225,0.0,0.38999999999999996,3.0,130.1942980941999,0.10716985500264883,True,False,False
1.925,0.21758454828518572,1.3658114597822044,0.08815712075854952,0.0016929727495026059,-0.2344796053306164,0.0,0.020687782044542854,0.4425833077009701,0.0,0.3892652467262504,0.225,0.0,0.38999999999999996,3.0,130.19428109381195,0.10731824103098862,True,False,False
1.93,0.21802284406373162,1.3662571055238302,0.08738757866458105,0.001418818428577614,-0.2344796053306164,0.0,0.020687782044542854,0.44302152452220595,0.0,0.38924146282135796,0.225,0.0,0.38999999999999996,3.0,130.19426409046622,0.10745499475945723,True,False,False
1.935,0.2184572939709441,1.3666247113465066,0.08661801314919916,0.0011481271499716272,-0.2344796053306164,0.0,0.020687782044542854,0.4434558935492149,0.0,0.38921778345607994,0.225,0.0,0.38999999999999996,3.0,130.19424709032424,0.10758020749336433,True,False,False
1.94,0.2188878981464791,1.3669152495556434,0.08584848079600861,0.0008807643194070638,-0.2344796053306164,0.0,0.020687782044542854,0.44388641497587533,0.0,0.3891942121915101,0.225,0.0,0.38999999999999996,3.0,130.1942300995462,0.10769395983913789,True,False,False
1.945,0.21931465700858505,1.3671296567820006,0.0850790382535337,0.0006166149863631558,-0.2344796053306164,0.0,0.020687782044542854,0.44431308927495694,0.0,0.38917075246876115,0.225,0.0,0.38999999999999996,3.0,130.19421312429185,0.10779632247471096,True,False,False
1.95,0.2197375712548911,1.3672688391766077,0.08430974202666534,0.0003555807874207999,-0.240367030849845,0.0,0.021415963375474932,0.444735917198914,0.0,0.38914740762941724,0.225,0.0,0.38999999999999996,3.0,130.2060167117952,0.09865938456008073,True,False,False
1.955,0.22015664156696252,1.3673337069175278,0.08354030323317246,9.780926969647427e-05,-0.240367030849845,0.0,0.021415963375474932,0.4451548995282964,0.0,0.389124191956115,0.225,0.0,0.38999999999999996,3.0,130.20600214537188,0.09907213141153486,True,False,False
1.96,0.22057186886260827,1.367325205667963,0.08277109396996597,0.00015655948259400958,-0.240367030849845,0.0,0.021415963375474932,0.44557003728551653,0.0,0.3891011199137192,0.225,0.0,0.38999999999999996,3.0,130.20598747913,0.09946428661349938,True,False,False
1.965,0.22098325449066258,1.3672443212372212,0.08200214665067987,0.00040757452985173146,-0.240367030849845,0.0,0.021415963375474932,0.44598133188423805,0.0,0.38907819527383647,0.225,0.0,0.38999999999999996,3.0,130.20597272053183,0.09983574263948097,True,False,False
1.97,0.22139080000495026,1.3670919699483948,0.08123350974673678,0.0006555396720200558,-0.240367030849845,0.0,0.021415963375474932,0.4463887849426865,0.0,0.38905542155816053,0.225,0.0,0.38999999999999996,3.0,130.2059578771199,0.1001868199235038,True,False,False
1.975,0.2217945071920898,1.3668689870379545,0.08046523341816098,0.0009007168478236025,-0.240367030849845,0.0,0.021415963375474932,0.44679239831110434,0.0,0.38903280199007007,0.225,0.0,0.38999999999999996,3.0,130.20594295648215,0.10051778897144853,True,False,False
1.98,0.222194378080643,1.366576138360483,0.07969736892251604,0.0011433292513526104,-0.240367030849845,0.0,0.021415963375474932,0.4471921740809507,0.0,0.38901033954093617,0.225,0.0,0.38999999999999996,3.0,130.2059279662582,0.10082888884065402,True,False,False
1.985,0.22259041494766277,1.366214130779347,0.07892996823115928,0.0013835664315090647,-0.240367030849845,0.0,0.021415963375474932,0.44758811459150455,0.0,0.388988036971062,0.225,0.0,0.38999999999999996,3.0,130.20591291414325,0.1011203392141534,True,False,False
1.99,0.22298262032336874,1.3657836210221193,0.07816308377934132,0.0016215897438750892,-0.240367030849845,0.0,0.021415963375474932,0.44798022243459307,0.0,0.3889658968644197,0.225,0.0,0.38999999999999996,3.0,130.2058978078859,0.1013923483037075,True,False,False
1.995,0.22337099699449997,1.3652852230214778,0.0773967683025367,0.0018575373840382103,-0.240367030849845,0.0,0.021415963375474932,0.44836850045799004,0.0,0.38894392165734853,0.225,0.0,0.38999999999999996,3.0,130.20588265528482,0.10164511802531342,True,False,False
2.0,0.22375554800672756,1.3647195139126649,0.07663107472820734,0.0020915287007052565,-0.24474489819917666,0.0,0.02167386490008266,0.44875295176786634,0.0,0.3889221136619089,0.225,0.0,0.38999999999999996,3.0,130.21092197773552,0.09500692060819245,True,False,False
2.005,0.22413627646419004,1.3640871378489567,0.07586586838537696,0.002322973558450184,-0.24474489819917666,0.0,0.02167386490008266,0.44913357955284816,0.0,0.38890048007798045,0.225,0.0,0.38999999999999996,3.0,130.2109084543488,0.09546853655185744,True,False,False
2.0100000000000002,0.22451318566765213,1.363388707957426,0.07510137101022916,0.002552699457375419,-0.24474489819917666,0.0,0.02167386490008266,0.4495103871994697,0.0,0.38887902801915236,0.225,0.0,0.38999999999999996,3.0,130.2108948182184,0.09590500799270245,True,False,False
2.015,0.2248862793524579,1.3626246945350855,0.07433763723882987,0.002780855385469176,-0.24474489819917666,0.0,0.02167386490008266,0.44988337850439464,0.0,0.38885775946451606,0.225,0.0,0.38999999999999996,3.0,130.2108810776119,0.09631665134230799,True,False,False
2.02,0.2252555615220757,1.3617955297472322,0.07357472190637784,0.003007559699694875,-0.24474489819917666,0.0,0.02167386490008266,0.4502525575315558,0.0,0.38883667626226603,0.225,0.0,0.38999999999999996,3.0,130.2108672408805,0.09670377793761412,True,False,False
2.025,0.2256210364503439,1.3609016154109053,0.07281267995132956,0.003232906913492161,-0.24474489819917666,0.0,0.02167386490008266,0.45061792861450056,0.0,0.388815780159964,0.225,0.0,0.38999999999999996,3.0,130.21085331645276,0.09706669679738908,True,False,False
2.0300000000000002,0.22598270868302847,1.359943329044175,0.0720515663486393,0.0034569728972332274,-0.24474489819917666,0.0,0.02167386490008266,0.4509794963580295,0.0,0.38879507282798387,0.225,0.0,0.38999999999999996,3.0,130.21083931282826,0.09740571640880427,True,False,False
2.035,0.22634058303883067,1.3589210286174314,0.07129143606157624,0.003679818825193484,-0.24474489819917666,0.0,0.02167386490008266,0.45133726563926946,0.0,0.3887745558778214,0.225,0.0,0.38999999999999996,3.0,130.21082523857,0.09772114585649944,True,False,False
2.04,0.22669466460998056,1.357835056315973,0.07053234400541526,0.0039014941531547455,-0.24474489819917666,0.0,0.02167386490008266,0.45169124160832197,0.0,0.38875423087654115,0.225,0.0,0.38999999999999996,3.0,130.2108111022967,0.0980132955059429,True,False,False
2.045,0.22704495876251654,1.3566857415603573,0.06977434501873962,0.004122038858030089,-0.24474489819917666,0.0,0.02167386490008266,0.45204142968858824,0.0,0.3887340993582915,0.225,0.0,0.38999999999999996,3.0,130.21079691267443,0.09828247738414883,True,False,False
2.05,0.22739147113631814,1.3554734034708742,0.06901749383965006,0.004341485122385446,-0.24733566353219716,0.0,0.021601987701118788,0.45238783557684126,0.0,0.38871416283363425,0.225,0.0,0.38999999999999996,3.0,130.21081293870103,0.09445365051409271,True,False,False
2.055,0.22773420761309973,1.3541984013716593,0.06826182786742468,0.004559517669718351,-0.24733566353219716,0.0,0.021601987701118788,0.452730465211972,0.0,0.38869442292252704,0.225,0.0,0.38999999999999996,3.0,130.21079964902242,0.09482409645258985,True,False,False
2.06,0.22807317431130691,1.352861086880908,0.06750740800734144,0.00477651885367885,-0.24733566353219716,0.0,0.021601987701118788,0.4530693247692662,0.0,0.3886748812405043,0.225,0.0,0.38999999999999996,3.0,130.21078627885584,0.09516867064998447,True,False,False
2.065,0.22840837763709995,1.3514617470898165,0.06675428944805434,0.004992543975515086,-0.24733566353219716,0.0,0.021601987701118788,0.4534044207104364,0.0,0.3886555392374522,0.225,0.0,0.38999999999999996,3.0,130.2107728371248,0.09548776082436009,True,False,False
2.07,0.22873982427165723,1.3500006558027335,0.06600252731461786,0.00520763109479852,-0.24733566353219716,0.0,0.021601987701118788,0.4537357597716286,0.0,0.3886363983263287,0.225,0.0,0.38999999999999996,3.0,130.2107593327983,0.09578175198628613,True,False,False
2.075,0.229067521171528,1.3484780779384526,0.06525217660968537,0.005421804731524246,-0.24733566353219716,0.0,0.021601987701118788,0.45406334896386336,0.0,0.3886174599001114,0.225,0.0,0.38999999999999996,3.0,130.21074577488218,0.09605102769492888,True,False,False
2.08,0.2293914755685772,1.3468942729810833,0.06450329217000896,0.005635078724507914,-0.24733566353219716,0.0,0.021601987701118788,0.45438719557305374,0.0,0.3885987253449997,0.225,0.0,0.38999999999999996,3.0,130.21073217241158,0.09629597082112232,True,False,False
2.085,0.2297116949695868,1.3452494977112885,0.06375592863283533,0.005847458423799376,-0.24733566353219716,0.0,0.021601987701118788,0.4547073071596685,0.0,0.3885801960507911,0.225,0.0,0.38999999999999996,3.0,130.21071853444155,0.09651696397797754,True,False,False
2.09,0.23002818715559084,1.3435440083881969,0.06301014040877372,0.00605894236783135,-0.24733566353219716,0.0,0.021601987701118788,0.4550236915581194,0.0,0.38856187341910176,0.225,0.0,0.38999999999999996,3.0,130.2107048700384,0.09671438972814514,True,False,False
2.095,0.23034096018099542,1.3417780625080327,0.062265981658969925,0.00626952356769332,-0.24733566353219716,0.0,0.021601987701118788,0.45533635687592616,0.0,0.3885437588699309,0.225,0.0,0.38999999999999996,3.0,130.21069118827043,0.09688863064147399,True,False,False
2.1,0.2306500223725221,1.3399519202397883,0.061523506275216584,0.006479190495059312,-0.24841307644717314,0.0,0.021304712147706968,0.4556453114926996,0.0,0.38852585384696187,0.225,0.0,0.38999999999999996,3.0,130.20715550550477,0.09533464382457921,True,False,False
2.105,0.23095538242353336,1.338065853539168,0.060782873742125855,0.006687870767650771,-0.24841307644717314,0.0,0.021304712147706968,0.4559505641330043,0.0,0.38850815649358844,0.225,0.0,0.38999999999999996,3.0,130.20714220669623,0.09552479517579804,True,False,False
2.11,0.23125704928399385,1.3361201394900362,0.06004402732823765,0.006895607811353184,-0.24841307644717314,0.0,0.021304712147706968,0.4562521237769868,0.0,0.38849066498989576,0.225,0.0,0.38999999999999996,3.0,130.2071288936244,0.09569130255869232,True,False,False
2.115,0.23155503207059827,1.3341150487707092,0.059307020346394984,0.007102396988135806,-0.24841307644717314,0.0,0.021304712147706968,0.4565499995923843,0.0,0.38847338086523603,0.225,0.0,0.38999999999999996,3.0,130.2071155754087,0.09583457599059234,True,False,False
2.12,0.23184934016789502,1.3320508545243839,0.058571905817893725,0.007308225995619871,-0.24841307644717314,0.0,0.021304712147706968,0.45684420101461454,0.0,0.38845630567037914,0.225,0.0,0.38999999999999996,3.0,130.20710226114304,0.09595502309723761,True,False,False
2.125,0.23213998322706805,1.3299278343145173,0.05783873644143485,0.0075130765293098065,-0.24841307644717314,0.0,0.021304712147706968,0.4571347377456112,0.0,0.3884394409848557,0.225,0.0,0.38999999999999996,3.0,130.20708895988818,0.09605304950626235,True,False,False
2.13,0.23242697116450062,1.3277462716481445,0.05710756456883039,0.007716925581146017,-0.24841307644717314,0.0,0.021304712147706968,0.45742161975243156,0.0,0.38842278842265326,0.225,0.0,0.38999999999999996,3.0,130.20707568066163,0.09612905904341637,True,False,False
2.1350000000000002,0.23271031416015722,1.325506457175179,0.05637844218525416,0.007919746451088842,-0.24841307644717314,0.0,0.021304712147706968,0.4577048572656752,0.0,0.3884063496365888,0.225,0.0,0.38999999999999996,3.0,130.20706243242978,0.09618345379776555,True,False,False
2.14,0.2329900226558166,1.3232086896255886,0.0556514208926415,0.008121509536291725,-0.24841307644717314,0.0,0.021304712147706968,0.4579844607777476,0.0,0.38839012632169484,0.225,0.0,0.38999999999999996,3.0,130.2070492240989,0.0962166341008652,True,False,False
2.145,0.23326610735317574,1.3208532765509362,0.05492655189535651,0.008322182950031598,-0.24841307644717314,0.0,0.021304712147706968,0.4582604410409901,0.0,0.3883741202178261,0.225,0.0,0.38999999999999996,3.0,130.20703606450638,0.09622899845029292,True,False,False
2.15,0.23353857921184912,1.3184405349053552,0.054203885987571615,0.008521733011407262,-0.2484952137099885,0.0,0.020823896657692777,0.45853280906570015,0.0,0.38835833311162976,0.225,0.0,0.38999999999999996,3.0,130.2006913987011,0.09607272074864638,True,False,False
2.1550000000000002,0.2338074496428092,1.3159707709782271,0.053483674559600625,0.008720266651635252,-0.2484952137099885,0.0,0.020823896657692777,0.4588015762706713,0.0,0.3883427607824376,0.225,0.0,0.38999999999999996,3.0,130.20067839428663,0.09604983894022123,True,False,False
2.16,0.2340727303128735,1.3134443025985874,0.052765766521118376,0.008917599139136489,-0.2484952137099885,0.0,0.020823896657692777,0.45906675432925814,0.0,0.3883273990643502,0.225,0.0,0.38999999999999996,3.0,130.20066546234884,0.0960071940614757,True,False,False
2.165,0.23433443294579295,1.310861478994214,0.05205021131231819,0.009113694539382473,-0.2484952137099885,0.0,0.020823896657692777,0.45932835501411845,0.0,0.3883122498989452,0.225,0.0,0.38999999999999996,3.0,130.20065261138834,0.09594517798888498,True,False,False
2.17,0.23459256951435295,1.3082226598247453,0.051337057918885154,0.009308515994973766,-0.2484952137099885,0.0,0.020823896657692777,0.4595863903471007,0.0,0.38829731527750144,0.225,0.0,0.38999999999999996,3.0,130.2006398497984,0.09586417999438288,True,False,False
2.1750000000000003,0.2348471522380024,1.305528215407155,0.05062635486342038,0.009502026000366813,-0.2484952137099885,0.0,0.020823896657692777,0.4598408725968819,0.0,0.38828259724159986,0.225,0.0,0.38999999999999996,3.0,130.20062718585766,0.09576458662651752,True,False,False
2.18,0.23509819358041173,1.302778526868365,0.04991815019800419,0.00969418663003701,-0.2484952137099885,0.0,0.020823896657692777,0.4600918142765321,0.0,0.38826809788345934,0.225,0.0,0.38999999999999996,3.0,130.2006146277231,0.09564678158675481,True,False,False
2.185,0.23534570624697201,1.299973986236896,0.04921249149776888,0.009884959730436162,-0.2484952137099885,0.0,0.020823896657692777,0.46033922814101724,0.0,0.3882538193460326,0.225,0.0,0.38999999999999996,3.0,130.20060218342297,0.09551114560509597,True,False,False
2.19,0.23558970318223893,1.2971149964849986,0.04850942585540427,0.010074307083690882,-0.2484952137099885,0.0,0.020823896657692777,0.4605831271846443,0.0,0.38823976382290476,0.225,0.0,0.38999999999999996,3.0,130.20058986085024,0.09535805631781738,True,False,False
2.195,0.23583019756732262,1.2942019715243978,0.047808999876551184,0.010262190549062198,-0.2484952137099885,0.0,0.020823896657692777,0.46082352463845067,0.0,0.38822593355804574,0.225,0.0,0.38999999999999996,3.0,130.2005776677563,0.09518788814920284,True,False,False
2.2,0.23606720281723578,1.2912353361683693,0.04711125967605871,0.010448572186687549,-0.24811352934978192,0.0,0.02016772275206813,0.46106043396754903,0.0,0.38821233084538753,0.225,0.0,0.38999999999999996,3.0,130.19173299592265,0.09557500239627859,True,False,False
2.205,0.23630073285751763,1.2882154879554166,0.046416530681763477,0.010633679114211723,-0.24811352934978192,0.0,0.02016772275206813,0.4612938690831996,0.0,0.3881989495588247,0.225,0.0,0.38999999999999996,3.0,130.19172098291492,0.09535102909359239,True,False,False
2.21,0.2365308018518419,1.2851428372153977,0.045724579681450835,0.010817196183962478,-0.24811352934978192,0.0,0.02016772275206813,0.46152384413337466,0.0,0.3881857836274644,0.225,0.0,0.38999999999999996,3.0,130.19170913167193,0.0951116355393832,True,False,False
2.215,0.23675742391481802,1.282017845627361,0.04503545098574817,0.010999080457727295,-0.24811352934978192,0.0,0.02016772275206813,0.46175037328100965,0.0,0.3881728355072833,0.225,0.0,0.38999999999999996,3.0,130.19169744916712,0.09485717190205305,True,False,False
2.22,0.23698061338339926,1.2788409867840234,0.04434918837467471,0.011179291616715444,-0.24811352934978192,0.0,0.02016772275206813,0.4619734709116687,0.0,0.3881601077073169,0.225,0.0,0.38999999999999996,3.0,130.19168594220054,0.09458798533244434,True,False,False
2.225,0.23720038481387093,1.2756127455072332,0.043665835104384335,0.011357791529615073,-0.24811352934978192,0.0,0.02016772275206813,0.4621931516305072,0.0,0.38814760278674865,0.225,0.0,0.38999999999999996,3.0,130.19167461739357,0.09430441964673562,True,False,False
2.23,0.23741675297885978,1.2723336172680524,0.04298543391238171,0.011534543929258255,-0.24811352934978192,0.0,0.02016772275206813,0.4624094302592566,0.0,0.3881353233524053,0.225,0.0,0.38999999999999996,3.0,130.1916634811855,0.09400681509461248,True,False,False
2.235,0.23762973286435446,1.2690041076905232,0.04230802702207818,0.01170951417578488,-0.24811352934978192,0.0,0.02016772275206813,0.46262232183322105,0.0,0.3881232720565881,0.225,0.0,0.38999999999999996,3.0,130.1916525398294,0.09369550818719052,True,False,False
2.24,0.23783933966673246,1.265624732108954,0.04163365614724852,0.011882669086703391,-0.24811352934978192,0.0,0.02016772275206813,0.46283184159828084,0.0,0.38811145159511673,0.225,0.0,0.38999999999999996,3.0,130.19164179938883,0.0933708315673282,True,False,False
2.245,0.23804558878978493,1.2621960151708043,0.0409623624967564,0.012053976817490222,-0.24811352934978192,0.0,0.02016772275206813,0.46303800500789405,0.0,0.38809986470555563,0.225,0.0,0.38999999999999996,3.0,130.191631265735,0.09303311391057886,True,False,False
2.25,0.2382484958417392,1.2587184904644113,0.04029418677979561,0.012223406779594926,-0.24767078856947577,0.0,0.019330912688266828,0.4632408277200949,0.0,0.38808851416555273,0.225,0.0,0.38999999999999996,3.0,130.1803728526075,0.0933455876344494,True,False,False
2.255,0.2384480769861729,1.2551926521819268,0.03962951583316741,0.01239126296292854,-0.24767078856947577,0.0,0.019330912688266828,0.46344032586142536,0.0,0.38807739200533886,0.225,0.0,0.38999999999999996,3.0,130.1803626565621,0.09295878153578876,True,False,False
2.2600000000000002,0.2386443485963086,1.2516190053693785,0.03896804328487749,0.012557167395105392,-0.24767078856947577,0.0,0.019330912688266828,0.46363651576654785,0.0,0.3880664903003558,0.225,0.0,0.38999999999999996,3.0,130.18035269607307,0.09256053903695069,True,False,False
2.265,0.238837326892219,1.2479981141726597,0.03830980786572391,0.012721085738002567,-0.24767078856947577,0.0,0.019330912688266828,0.4638294137033396,0.0,0.3880558119587441,0.225,0.0,0.38999999999999996,3.0,130.18034297597038,0.09215116030566284,True,False,False
2.27,0.2390270282858083,1.2443305520539656,0.0376548477851223,0.012882987176583953,-0.24767078856947577,0.0,0.019330912688266828,0.46401903613172607,0.0,0.3880453599294931,0.225,0.0,0.38999999999999996,3.0,130.1803335008764,0.09173094211426341,True,False,False
2.275,0.23921346937760946,1.2406169008728585,0.037003200747290056,0.013042843822275078,-0.24767078856947577,0.0,0.019330912688266828,0.4642053997004336,0.0,0.38803513719860877,0.225,0.0,0.38999999999999996,3.0,130.18032427520478,0.09130017754278857,True,False,False
2.2800000000000002,0.23939666695362613,1.236857750113757,0.03635490396563883,0.013200630254703048,-0.24767078856947577,0.0,0.019330912688266828,0.4643885212437895,0.0,0.38802514678592404,0.225,0.0,0.38999999999999996,3.0,130.18031530315955,0.09085915578032143,True,False,False
2.285,0.23957663798222498,1.233053696233185,0.03570999417643499,0.013356323173475529,-0.24767078856947577,0.0,0.019330912688266828,0.46456841777857444,0.0,0.3880153917423076,0.225,0.0,0.38999999999999996,3.0,130.1803065887348,0.09040816199406267,True,False,False
2.29,0.23975339961105382,1.2292053420919145,0.035068507652434425,0.01350990113528623,-0.24767078856947577,0.0,0.019330912688266828,0.46474510650090317,0.0,0.38800587514727175,0.225,0.0,0.38999999999999996,3.0,130.18029813571428,0.08994747724537078,True,False,False
2.295,0.2399269691639862,1.2253132964515447,0.03443048021697505,0.013661344355921059,-0.24767078856947577,0.0,0.019330912688266828,0.46491860478313135,0.0,0.3879966001068146,0.225,0.0,0.38999999999999996,3.0,130.18028994767164,0.08947737843874402,True,False,False
2.3000000000000003,0.24009736413808716,1.2213781735215228,0.03379594725887332,0.013810634560866527,-0.24739000289908286,0.0,0.018309453712898494,0.46508893017078473,0.0,0.3879875697514506,0.225,0.0,0.38999999999999996,3.0,130.16665324080682,0.08939918912818051,True,False,False
2.305,0.24026460262241506,1.217400538825387,0.033165341875321115,0.013958127698483785,-0.24739000289908286,0.0,0.018309453712898494,0.46525610069147355,0.0,0.38797877417502746,0.225,0.0,0.38999999999999996,3.0,130.1666455532964,0.08889647760313696,True,False,False
2.31,0.24042870288253074,1.2133809655538847,0.0325382978316206,0.014103417703488915,-0.24739000289908286,0.0,0.018309453712898494,0.46542013454774633,0.0,0.3879702035028631,0.225,0.0,0.38999999999999996,3.0,130.1666381480478,0.08838555633407437,True,False,False
2.315,0.240589682930765,1.2093200876823424,0.03191484853190921,0.01424648537778379,-0.24739000289908286,0.0,0.018309453712898494,0.46558104979805787,0.0,0.3879618609491903,0.225,0.0,0.38999999999999996,3.0,130.1666310276079,0.08786667765264604,True,False,False
2.32,0.24074756094014682,1.205218544270253,0.031295026947097654,0.014387314333327773,-0.24739000289908286,0.0,0.018309453712898494,0.4657388646615808,0.0,0.38795374975069247,0.225,0.0,0.38999999999999996,3.0,130.16662419431574,0.0873400902958686,True,False,False
2.325,0.24090235524129108,1.2010769787225195,0.030678865638785066,0.014525890550747787,-0.24739000289908286,0.0,0.018309453712898494,0.46589359751504505,0.0,0.38794587316343787,0.225,0.0,0.38999999999999996,3.0,130.16661765030423,0.08680603923596322,True,False,False
2.33,0.2410540843193351,1.1968960381644052,0.030066396782885762,0.014662202034441617,-0.24739000289908286,0.0,0.018309453712898494,0.4660452668896284,0.0,0.387938234460244,0.225,0.0,0.38999999999999996,3.0,130.1666113975015,0.08626476557882455,True,False,False
2.335,0.24120276681091757,1.1926763728997054,0.029457652193826275,0.014796238544624342,-0.24739000289908286,0.0,0.018309453712898494,0.4661938914678915,0.0,0.3879308369284021,0.225,0.0,0.38999999999999996,3.0,130.16660543763294,0.08571650650939211,True,False,False
2.34,0.24134842150119634,1.1884186359396187,0.028852663349945358,0.014927991389258467,-0.24739000289908286,0.0,0.018309453712898494,0.4663394900807525,0.0,0.3879236838676362,0.225,0.0,0.38999999999999996,3.0,130.1665997722234,0.08516149526916932,True,False,False
2.345,0.24149106732089068,1.184123482584288,0.0282514614206012,0.015057453261763422,-0.24739000289908286,0.0,0.018309453712898494,0.4664820817044877,0.0,0.3879167785883169,0.225,0.0,0.38999999999999996,3.0,130.16659440259915,0.08459996115594352,True,False,False
2.35,0.24163072334335284,1.1797915700431632,0.027654077295416146,0.015184618113246083,-0.2473297485006558,0.0,0.017108515850473637,0.4666216854577615,0.0,0.3879101244098067,0.225,0.0,0.38999999999999996,3.0,130.1506721772477,0.08407934884495466,True,False,False
2.355,0.2417674092640093,1.1754234989084584,0.027060965050065423,0.015309884407053997,-0.2473297485006558,0.0,0.017108515850473637,0.4667583209488866,0.0,0.3879037094175388,0.225,0.0,0.38999999999999996,3.0,130.1506674003034,0.08350352954035224,True,False,False
2.36,0.24190114492157871,1.1710198744134215,0.026471723221728527,0.01543282660563251,-0.2473297485006558,0.0,0.017108515850473637,0.4668920079279897,0.0,0.3878975217156876,0.225,0.0,0.38999999999999996,3.0,130.15066292294057,0.08292191892981679,True,False,False
2.365,0.24203194980950024,1.1665813630320816,0.025886380776703733,0.015553440312284943,-0.2473297485006558,0.0,0.017108515850473637,0.4670227659312572,0.0,0.38789156466251984,0.225,0.0,0.38999999999999996,3.0,130.15065874568103,0.082334728731118,True,False,False
2.37,0.2421598435520576,1.1621086322761192,0.02530496643176435,0.01567172263844454,-0.2473297485006558,0.0,0.017108515850473637,0.46715061462549834,0.0,0.38788584162125544,0.225,0.0,0.38999999999999996,3.0,130.15065486886212,0.08174216710319993,True,False,False
2.375,0.24228484590149732,1.1576023502896111,0.024727508692513764,0.0157876720220998,-0.2473297485006558,0.0,0.017108515850473637,0.4672755738052208,0.0,0.38788035595834447,0.225,0.0,0.38999999999999996,3.0,130.1506512926384,0.08114443861568553,True,False,False
2.38,0.24240697673517225,1.1530631854924476,0.024154035894793705,0.015901288079750463,-0.2473297485006558,0.0,0.017108515850473637,0.4673976633897323,0.0,0.3878751110418724,0.225,0.0,0.38999999999999996,3.0,130.15064801698648,0.08054174424616344,True,False,False
2.3850000000000002,0.24252625605271239,1.1484918062611236,0.023584576249894983,0.016012571485520245,-0.2473297485006558,0.0,0.017108515850473637,0.46751690342027064,0.0,0.3878701102401886,0.225,0.0,0.38999999999999996,3.0,130.15064504170692,0.07993428139616936,True,False,False
2.39,0.2426427039732271,1.1438888806381922,0.023019157894313583,0.016121523871724032,-0.2473297485006558,0.0,0.017108515850473637,0.4676333140571647,0.0,0.3878653569206038,0.225,0.0,0.38999999999999996,3.0,130.15064236642797,0.0793222439197189,True,False,False
2.395,0.24275634073252753,1.1392550760722815,0.022457808944835563,0.016228147746098234,-0.2473297485006558,0.0,0.017108515850473637,0.46774691557701686,0.0,0.38786085444822954,0.225,0.0,0.38999999999999996,3.0,130.1506399906086,0.07870582216027966,True,False,False
2.4,0.24286718668037577,1.1345910591762207,0.021900557559808388,0.016332446421827723,-0.24743456957251453,0.0,0.015744389609647635,0.4678577283699116,0.0,0.3878566061848681,0.225,0.0,0.38999999999999996,3.0,130.13262650797174,0.07786633348575396,True,False,False
2.4050000000000002,0.24297526281084492,1.1298974323685604,0.021347834894531834,0.016434861377227217,-0.24743456957251453,0.0,0.015744389609647635,0.4679657733173843,0.0,0.38785259824797913,0.225,0.0,0.38999999999999996,3.0,130.13262473262392,0.07724933594465772,True,False,False
2.41,0.24308059023065381,1.1251748005497364,0.020799248111428265,0.016534940662112713,-0.24743456957251453,0.0,0.015744389609647635,0.4680710714123948,0.0,0.3878488167643105,0.225,0.0,0.38999999999999996,3.0,130.1326232498859,0.0766283225213951,True,False,False
2.415,0.243183189621252,1.1204238319576971,0.0202548235784926,0.01663269052466711,-0.24743456957251453,0.0,0.015744389609647635,0.46817364337419587,0.0,0.3878452651009443,0.225,0.0,0.38999999999999996,3.0,130.1326220586934,0.07600347223521417,True,False,False
2.42,0.24328308176710622,1.1156451929822127,0.019714587798289496,0.016728117595588475,-0.24743456957251453,0.0,0.015744389609647635,0.46827351002461626,0.0,0.38784194661710364,0.225,0.0,0.38999999999999996,3.0,130.1326211578307,0.0753749608092766,True,False,False
2.4250000000000003,0.24338028755305385,1.1108395480558124,0.019178567490184817,0.016821228914134425,-0.24743456957251453,0.0,0.015744389609647635,0.4683706922853794,0.0,0.38783886466357587,0.225,0.0,0.38999999999999996,3.0,130.13262054593397,0.07474296073316898,True,False,False
2.43,0.2434748279616636,1.1060075595335441,0.01864678968398127,0.016912031939512906,-0.24743456957251453,0.0,0.015744389609647635,0.46846521117542966,0.0,0.387836022582112,0.225,0.0,0.38999999999999996,3.0,130.13262022149547,0.07410764132279538,True,False,False
2.435,0.2435667240706136,1.1011498875741026,0.01811928182670875,0.01700053455130221,-0.24743456957251453,0.0,0.015744389609647635,0.46855708780827454,0.0,0.3878334237048128,0.225,0.0,0.38999999999999996,3.0,130.13262018286642,0.07346916877808089,True,False,False
2.44,0.2436559970500843,1.0962671900186995,0.017596071904718524,0.017086745041847852,-0.24743456957251453,0.0,0.015744389609647635,0.4686463433893422,0.0,0.38783107135353656,0.225,0.0,0.38999999999999996,3.0,130.13262042826108,0.07282770623881885,True,False,False
2.445,0.24374266815972812,1.0913601207553483,0.017077187971518436,0.01717072790086835,-0.24743456957251453,0.0,0.015744389609647635,0.4687329992128615,0.0,0.38782896883334295,0.225,0.0,0.38999999999999996,3.0,130.13262095576036,0.07218341409367857,True,False,False
2.45,0.2438267587106983,1.0864291836844155,0.016562646797736683,0.017253573625823505,-0.24759328328708552,0.0,0.014243464124773375,0.4688170766187705,0.0,0.3878271188615794,0.225,0.0,0.38999999999999996,3.0,130.11282132272302,0.07122731038090611,True,False,False
2.455,0.24390829059278102,1.0814745463609137,0.016052769089074593,0.017336160122686513,-0.24759328328708552,0.0,0.014243464124773375,0.4688985973467819,0.0,0.3878255041584625,0.225,0.0,0.38999999999999996,3.0,130.11282240105024,0.07058867245787634,True,False,False
2.46,0.24398728575994041,1.0764963941001333,0.01554724468086911,0.017417712889258332,-0.24759328328708552,0.0,0.014243464124773375,0.4689775832005684,0.0,0.3878241075135613,0.225,0.0,0.38999999999999996,3.0,130.11282374907876,0.06994735282338098,True,False,False
2.465,0.2440637656726167,1.071495044519629,0.015046098466706992,0.017498085039996992,-0.24759328328708552,0.0,0.014243464124773375,0.46905405566082403,0.0,0.38782293091488534,0.225,0.0,0.38999999999999996,3.0,130.1128253646035,0.06930348791912604,True,False,False
2.47,0.24413775186530293,1.0664708548902648,0.014549357177302538,0.017577145994175574,-0.24759328328708552,0.0,0.014243464124773375,0.4691280362832116,0.0,0.38782197650445227,0.225,0.0,0.38999999999999996,3.0,130.11282724530906,0.06865721506795638,True,False,False
2.475,0.24420926594697448,1.0614242179711009,0.014057049477194146,0.01765477809632408,-0.24759328328708552,0.0,0.014243464124773375,0.46919954669862707,0.0,0.38782124656163813,0.225,0.0,0.38999999999999996,3.0,130.11282938877181,0.06800867241279264,True,False,False
2.48,0.24427832960098425,1.0563555586688773,0.01356920614310791,0.017730874248752585,-0.24759328328708552,0.0,0.014243464124773375,0.4692686086129566,0.0,0.3878207434897821,0.225,0.0,0.38999999999999996,3.0,130.11283179246186,0.06735799872558128,True,False,False
2.485,0.24434496458455685,1.051265331266542,0.013085860321175896,0.017805336215745968,-0.24759328328708552,0.0,0.014243464124773375,0.46933524380645053,0.0,0.38782046980504475,0.225,0.0,0.38999999999999996,3.0,130.11283445374514,0.06670533314914588,True,False,False
2.49,0.24440919272796527,1.0461540170732175,0.012607047866960996,0.017878073380153812,-0.24759328328708552,0.0,0.014243464124773375,0.46939947413279315,0.0,0.3878204281269364,0.225,0.0,0.38999999999999996,3.0,130.11283736988565,0.06605081491094775,True,False,False
2.495,0.24447103593345407,1.0410221223814102,0.012132807778106552,0.017949001810196093,-0.24759328328708552,0.0,0.014243464124773375,0.46946132151792813,0.0,0.3878206211700676,0.225,0.0,0.38999999999999996,3.0,130.1128405380479,0.065394583032448,True,False,False
2.5,0.24453051617395233,1.0358701766576792,0.011663182735219118,0.018018043543489626,-0.24767854534514722,0.0,0.012688490779006148,0.4695208079586807,0.0,0.38782105173682946,0.225,0.0,0.38999999999999996,3.0,130.09229906483313,0.06454097113733945,True,False,False
2.505,0.24458765606281152,1.0306986360545085,0.011198268866504315,0.01808579224967336,-0.24767854534514722,0.0,0.012688490779006148,0.46957795591650286,0.0,0.3878217029574983,0.225,0.0,0.38999999999999996,3.0,130.09230271622087,0.06388856260450941,True,False,False
2.5100000000000002,0.2446424782807606,1.0255079724307508,0.010737993602776733,0.018151535714314413,-0.24767854534514722,0.0,0.012688490779006148,0.46963278792054375,0.0,0.38782255802036214,0.225,0.0,0.38999999999999996,3.0,130.09230660692873,0.06323469268513246,True,False,False
2.515,0.24469500500295785,1.020298770155857,0.0102824040330876,0.0182152055319238,-0.24767854534514722,0.0,0.012688490779006148,0.46968532617057274,0.0,0.387823619932549,0.225,0.0,0.38999999999999996,3.0,130.09231073387232,0.06257949807764032,True,False,False
2.52,0.24474525846844164,1.0150716325115323,0.009831552871268008,0.01827673806629647,-0.24767854534514722,0.0,0.012688490779006148,0.4697355929303677,0.0,0.387824891771506,0.225,0.0,0.38999999999999996,3.0,130.09231509388144,0.061923114268373255,True,False,False
2.525,0.24479326097822496,1.009827180363174,0.009385499674092813,0.018336074137601327,-0.24767854534514722,0.0,0.012688490779006148,0.4697836105257346,0.0,0.38782637667963527,0.225,0.0,0.38999999999999996,3.0,130.09231968370298,0.06126567532993847,True,False,False
2.5300000000000002,0.24483903489327996,1.0045660509236896,0.008944312378943354,0.0183931587716391,-0.24767854534514722,0.0,0.012688490779006148,0.4698294013424194,0.0,0.3878280778592916,0.225,0.0,0.38999999999999996,3.0,130.09232450000422,0.060607313743710936,True,False,False
2.535,0.2448826026324317,0.9992888965768683,0.008508069257519403,0.018447940996577816,-0.24767854534514722,0.0,0.012688490779006148,0.46987298782393017,0.0,0.38782999856802,0.225,0.0,0.38999999999999996,3.0,130.0923295393761,0.05994816024436288,True,False,False
2.54,0.24492398667016096,0.9939963837551283,0.00807686141740818,0.018500373676682065,-0.24767854534514722,0.0,0.012688490779006148,0.4699143924692698,0.0,0.3878321421140527,0.225,0.0,0.38999999999999996,3.0,130.09233479833557,0.05928834368441124,True,False,False
2.545,0.24496320953433878,0.988689191862248,0.00765079603324186,0.018550413375313293,-0.24767854534514722,0.0,0.012688490779006148,0.4699536378306004,0.0,0.38783451185193224,0.225,0.0,0.38999999999999996,3.0,130.09234027333036,0.05862799091695519,True,False,False
2.5500000000000003,0.2450002938038892,0.983368012229487,0.007230000560841747,0.01859802024132608,-0.24760483124575905,0.0,0.011076649251991475,0.46999074651083683,0.0,0.38783711117832503,0.225,0.0,0.38999999999999996,3.0,130.070985565336,0.05801926846492168,True,False,False
2.555,0.24503526268176212,0.9780334440374979,0.0068140785004848865,0.018643884279473017,-0.24760483124575905,0.0,0.011076649251991475,0.47002574155539,0.0,0.38783992297558745,0.225,0.0,0.38999999999999996,3.0,130.07099146525192,0.057356179237586166,True,False,False
2.56,0.2450681394176418,0.9726860889754885,0.0064035630587846925,0.018687282888863534,-0.24760483124575905,0.0,0.011076649251991475,0.470058646056822,0.0,0.3878429301304879,0.225,0.0,0.38999999999999996,3.0,130.0709975711333,0.056692994722629855,True,False,False
2.565,0.2450989467294356,0.9673266588811195,0.005998641906119768,0.01872817793025668,-0.24760483124575905,0.0,0.011076649251991475,0.4700894827572156,0.0,0.3878461361047599,0.225,0.0,0.38999999999999996,3.0,130.07100387913442,0.05602982955918083,True,False,False
2.57,0.24512770737578432,0.9619558759834901,0.005599549100307066,0.018766535048747902,-0.24760483124575905,0.0,0.011076649251991475,0.47011827443910237,0.0,0.38784954439593683,0.225,0.0,0.38999999999999996,3.0,130.07101038535853,0.055366796512732276,True,False,False
2.575,0.2451544441535719,0.9565744718172404,0.005206580784319666,0.01880232364408397,-0.24760483124575905,0.0,0.011076649251991475,0.4701450439229037,0.0,0.3878531585329983,0.225,0.0,0.38999999999999996,3.0,130.07101708586055,0.054704006334853554,True,False,False
2.58,0.2451791798953922,0.9511831861489034,0.004820117451212014,0.01883551682530312,-0.24760483124575905,0.0,0.011076649251991475,0.47016981406432923,0.0,0.3878569820720927,0.225,0.0,0.38999999999999996,3.0,130.07102397665076,0.054041567658575776,True,False,False
2.585,0.24520193746697658,0.9457827659239786,0.004440656090533058,0.018866091356724245,-0.24760483124575905,0.0,0.011076649251991475,0.4701926077517362,0.0,0.3878610185923385,0.225,0.0,0.38999999999999996,3.0,130.07103105369785,0.05337958692023008,True,False,False
2.59,0.24522273976458744,0.9403739642296706,0.0040688574840040855,0.018894027599471078,-0.24760483124575905,0.0,0.011076649251991475,0.47021344790345465,0.0,0.3878652716916866,0.225,0.0,0.38999999999999996,3.0,130.071038312932,0.05271816830145194,True,False,False
2.595,0.2452416097123791,0.934957539269237,0.0037056171614302364,0.01891930945086198,-0.24760483124575905,0.0,0.011076649251991475,0.4702323574650801,0.0,0.3878697449828589,0.225,0.0,0.38999999999999996,3.0,130.07104575024854,0.05205741368708157,True,False,False
2.6,0.2452585702597317,0.9295342533617701,0.00335217394317608,0.01894192428280621,-0.2473390957997773,0.0,0.009386191399465891,0.47024935940673995,0.0,0.3878744420893685,0.225,0.0,0.38999999999999996,3.0,130.0485770568564,0.05174858131654562,True,False,False
2.605,0.24527364496255935,0.9241047583313555,0.003007540344139103,0.018962666419079028,-0.2473390957997773,0.0,0.009386191399465891,0.47026447711721125,0.0,0.38787934499727555,0.225,0.0,0.38999999999999996,3.0,130.0485848784962,0.05107670264425286,True,False,False
2.61,0.2452868573981297,0.9186696970353534,0.0026759898766080367,0.01898078149885404,-0.2473390957997773,0.0,0.009386191399465891,0.47027773400725836,0.0,0.38788443565093617,0.225,0.0,0.38999999999999996,3.0,130.0485928718648,0.050406135707382574,True,False,False
2.615,0.2452982305768835,0.9132298242800047,0.0023609107187223433,0.018996254611860955,-0.2473390957997773,0.0,0.009386191399465891,0.4702891531080291,0.0,0.38788971762653623,0.225,0.0,0.38999999999999996,3.0,130.04860103248393,0.04973696424621439,True,False,False
2.62,0.24530778752280308,0.907785898618452,0.0020674407580513377,0.01900907461793457,-0.2473390957997773,0.0,0.009386191399465891,0.47029875746358846,0.0,0.3878951945096276,0.225,0.0,0.38999999999999996,3.0,130.04860935586132,0.049069270501822165,True,False,False
2.625,0.24531555127078764,0.9023386812492126,0.0018034294543470431,0.01901923421473497,-0.2473390957997773,0.0,0.009386191399465891,0.47030657012822713,0.0,0.38790086989073347,0.225,0.0,0.38999999999999996,3.0,130.0486178374943,0.04840313503384608,True,False,False
2.63,0.24532154486401916,0.8968889349101585,0.001580620740092213,0.019026729931988094,-0.2473390957997773,0.0,0.009386191399465891,0.4703126141637609,0.0,0.3879067473609879,0.225,0.0,0.38999999999999996,3.0,130.04862647287257,0.04773863659808103,True,False,False
2.6350000000000002,0.245325791351315,0.8914374227917817,0.0014151929063828533,0.01903156207921027,-0.2473390957997773,0.0,0.009386191399465891,0.4703169126368175,0.0,0.38791283050784575,0.225,0.0,0.38999999999999996,3.0,130.04863525748067,0.047075852065546285,True,False,False
2.64,0.24532831378447553,0.8859849074634677,0.0013252011835513343,0.019033734664166864,-0.2473390957997773,0.0,0.009386191399465891,0.4703194886161186,0.0,0.3879191229108524,0.225,0.0,0.38999999999999996,3.0,130.0486441868009,0.04641485637089793,True,False,False
2.645,0.2453291352156214,0.8805321498290238,0.0013225824722040219,0.01903325529298663,-0.2473390957997773,0.0,0.009386191399465891,0.47032036516975273,0.0,0.3879256281375225,0.225,0.0,0.38999999999999996,3.0,130.048653256316,0.04575572248219997,True,False,False
2.65,0.24532827869452442,0.8750799081106521,0.0014045638220828954,0.019030135058754984,-0.24686167098905332,0.0,0.007624224831131845,0.47031956536244296,0.0,0.3879323497393584,0.225,0.0,0.38999999999999996,3.0,130.0251573654975,0.045780203401510934,True,False,False
2.6550000000000002,0.24532576785229745,0.8696288125487874,0.0015466559498756827,0.01902527043485054,-0.24686167098905332,0.0,0.007624224831131845,0.47031711264888587,0.0,0.38793926859266253,0.225,0.0,0.38999999999999996,3.0,130.0251667993167,0.04510041879514394,True,False,False
2.66,0.24532162631500976,0.8641794736252054,0.0017384835195217538,0.019017872014727877,-0.24686167098905332,0.0,0.007624224831131845,0.4703130304797054,0.0,0.38794636548908834,0.225,0.0,0.38999999999999996,3.0,130.02517637122602,0.044423371399149814,True,False,False
2.665,0.24531587711228847,0.8587326166549636,0.001963297683240328,0.01900794417818858,-0.24686167098905332,0.0,0.007624224831131845,0.47030734189951595,0.0,0.3879536438322208,0.225,0.0,0.38999999999999996,3.0,130.02518607621764,0.04374911156085562,True,False,False
2.67,0.245308543259497,0.8532889652089362,0.0022090985359266256,0.018995494892564364,-0.24686167098905332,0.0,0.007624224831131845,0.47030006993779305,0.0,0.3879611070135115,0.225,0.0,0.38999999999999996,3.0,130.02519590930933,0.04307768893258153,True,False,False
2.6750000000000003,0.24529964775523266,0.8478492400444307,0.0024679000285687384,0.01898053584131458,-0.24686167098905332,0.0,0.007624224831131845,0.4702912376063125,0.0,0.38796875840807027,0.225,0.0,0.38999999999999996,3.0,130.0252058655456,0.042409152204730224,True,False,False
2.68,0.24528921357884098,0.8424141580384986,0.0027344813118086713,0.018963082424110305,-0.24686167098905332,0.0,0.007624224831131845,0.47028086789660584,0.0,0.38797660137045187,0.225,0.0,0.38999999999999996,3.0,130.02521594000027,0.041743548928612165,True,False,False
2.685,0.24527726368793973,0.8369844311338378,0.003005400965106024,0.01894315367657167,-0.24686167098905332,0.0,0.007624224831131845,0.47026898377742743,0.0,0.38798463923051835,0.225,0.0,0.38999999999999996,3.0,130.02522612777852,0.04108092540024923,True,False,False
2.69,0.24526382101595104,0.8315607653125746,0.00327834665052913,0.018920772140597186,-0.24686167098905332,0.0,0.007624224831131845,0.47025560819223,0.0,0.3879928752894193,0.225,0.0,0.38999999999999996,3.0,130.02523642401852,0.04042132658623802,True,False,False
2.695,0.24524890846963848,0.8261438596162676,0.003551729012702822,0.018895963705024898,-0.24686167098905332,0.0,0.007624224831131845,0.4702407640566482,0.0,0.3880013128157425,0.225,0.0,0.38999999999999996,3.0,130.02524682389358,0.03976479607930261,True,False,False
2.7,0.2452325489266519,0.8207344052119461,0.003824430404483802,0.01886875742911505,-0.24615939997836506,0.0,0.005818320818387904,0.47022447425599123,0.0,0.38800995504186137,0.225,0.0,0.38999999999999996,3.0,130.00108427209165,0.04014558053074905,True,False,False
2.705,0.24521476580937826,0.8153329509229899,0.004091435329466905,0.018840135972444213,-0.24615939997836506,0.0,0.005818320818387904,0.4702067620306346,0.0,0.3880187818393837,0.225,0.0,0.38999999999999996,3.0,130.00109503748396,0.03945810292146178,True,False,False
2.71,0.24519558251009343,0.8099400166958012,0.004356691548663923,0.01880927891247705,-0.24615939997836506,0.0,0.005818320818387904,0.4701876505922833,0.0,0.3880277729592032,0.225,0.0,0.38999999999999996,3.0,130.00110590885774,0.0387748170142011,True,False,False
2.715,0.24517502180891515,0.8045562406260401,0.004619696568226672,0.018776203021603696,-0.24615939997836506,0.0,0.005818320818387904,0.47016716272922765,0.0,0.38803693140659123,0.225,0.0,0.38999999999999996,3.0,130.00111688074907,0.03809573978614274,True,False,False
2.72,0.24515310644548075,0.7991822555983046,0.004880068326309099,0.018740928124694696,-0.24615939997836506,0.0,0.005818320818387904,0.4701453211882951,0.0,0.3880462601614231,0.225,0.0,0.38999999999999996,3.0,130.00112794775663,0.03742088850201668,True,False,False
2.725,0.24512985911675328,0.7938186883535189,0.005137512586236704,0.01870347730251169,-0.24615939997836506,0.0,0.005818320818387904,0.47012214867261,0.0,0.38805576217447746,0.225,0.0,0.38999999999999996,3.0,130.00113910454388,0.03675028034110544,True,False,False
2.73,0.24510530247485368,0.7884661585503246,0.005391800236048447,0.01866387691136176,-0.24615939997836506,0.0,0.005818320818387904,0.47009766783938045,0.0,0.3880654403637418,0.225,0.0,0.38999999999999996,3.0,130.00115034583987,0.036083932146459115,True,False,False
2.735,0.2450794591249224,0.7831252778392428,0.005642751211465486,0.018622156489358846,-0.24615939997836506,0.0,0.005818320818387904,0.4700719012977158,0.0,0.38807529761076015,0.225,0.0,0.38999999999999996,3.0,130.0011616664401,0.03542186025649543,True,False,False
2.74,0.2450523516229933,0.7777966489699117,0.0058902229246660725,0.01857834859446464,-0.24615939997836506,0.0,0.005818320818387904,0.4700448716064583,0.0,0.38808533675715284,0.225,0.0,0.38999999999999996,3.0,130.00117306120808,0.03476408039281649,True,False,False
2.745,0.2450240024738838,0.7724808649566364,0.006134101809666425,0.018532488603127097,-0.24615939997836506,0.0,0.005818320818387904,0.4700166012720335,0.0,0.38809556060133565,0.225,0.0,0.38999999999999996,3.0,130.00118452507587,0.03411060758717417,True,False,False
2.75,0.2449944341290967,0.7671785083018136,0.006374297057652274,0.018484614487755673,-0.2452304935871491,0.0,0.004010023682403417,0.4699871127463149,0.0,0.38810597189548224,0.225,0.0,0.38999999999999996,3.0,129.9769055292115,0.034852847762755684,True,False,False
2.755,0.2449636695356762,0.7618900101645505,0.006607562783926549,0.018435766609371507,-0.2452304935871491,0.0,0.004010023682403417,0.4699564287950989,0.0,0.38811654988502214,0.225,0.0,0.38999999999999996,3.0,129.9769173781489,0.03415803290189433,True,False,False
2.7600000000000002,0.24493173158753095,0.7566157630545113,0.006837107500441409,0.018385215249552386,-0.2452304935871491,0.0,0.004010023682403417,0.46992457213294814,0.0,0.3881272736562449,0.225,0.0,0.38999999999999996,3.0,129.9769293027904,0.03346890306222533,True,False,False
2.765,0.24489864249129162,0.751355994444228,0.007062761166960875,0.018335057787091845,-0.2452304935871491,0.0,0.004010023682403417,0.4698915649596344,0.0,0.3881381445548512,0.225,0.0,0.38999999999999996,3.0,129.9769412972694,0.0327854281888547,True,False,False
2.77,0.24486442424841326,0.7461105013463034,0.007284484864399376,0.018285424968603855,-0.2452304935871491,0.0,0.004010023682403417,0.4698574292564995,0.0,0.38814916224231616,0.225,0.0,0.38999999999999996,3.0,129.97695335583148,0.032107557268416784,True,False,False
2.775,0.24482909879590237,0.7408792297739019,0.007502284812352386,0.01823568842187666,-0.2452304935871491,0.0,0.004010023682403417,0.4698221869445701,0.0,0.38816032696065805,0.225,0.0,0.38999999999999996,3.0,129.9769654728353,0.03143524861124692,True,False,False
2.7800000000000002,0.2447926880204426,0.7356622727345157,0.007716157897809937,0.0181854352358694,-0.2452304935871491,0.0,0.004010023682403417,0.46978585989848654,0.0,0.3881716395234337,0.225,0.0,0.38999999999999996,3.0,129.9769776427494,0.03076847098733379,True,False,False
2.785,0.24475521375486922,0.7304598197848928,0.007926096817017406,0.01813439443992154,-0.2452304935871491,0.0,0.004010023682403417,0.46974846994137415,0.0,0.38818310111783727,0.225,0.0,0.38999999999999996,3.0,129.976989860148,0.030107201207521278,True,False,False
2.79,0.24471669777484817,0.7252721237347366,0.008132093058330615,0.018082388998704516,-0.2452304935871491,0.0,0.004010023682403417,0.4697100388404659,0.0,0.38819471317402343,0.225,0.0,0.38999999999999996,3.0,129.97700211970843,0.02945142212166768,True,False,False
2.795,0.24467716179585813,0.7200994785572409,0.008334138585995675,0.018029304308881108,-0.2452304935871491,0.0,0.004010023682403417,0.4696705883033835,0.0,0.38820647727843444,0.225,0.0,0.38999999999999996,3.0,129.9770144162092,0.028801121019829977,True,False,False
2.8000000000000003,0.24463662747047984,0.7149422046937142,0.008532226746463962,0.017975067419796202,-0.2440818261770894,0.0,0.002292934570353289,0.46963013997495884,0.0,0.3882183951160871,0.225,0.0,0.38999999999999996,3.0,129.9538617190599,0.02989791056838751,True,False,False
2.805,0.2445951168920249,0.7098005279696658,0.008723740921208482,0.017920406864052187,-0.2440818261770894,0.0,0.002292934570353289,0.469588715779341,0.0,0.3882304461477333,0.225,0.0,0.38999999999999996,3.0,129.95387443505803,0.02919600290032396,True,False,False
2.81,0.24455265210454516,0.704674689733142,0.0089113358926255,0.017864486885120694,-0.2440818261770894,0.0,0.002292934570353289,0.4695463375954625,0.0,0.3882426098859966,0.225,0.0,0.38999999999999996,3.0,129.95388719855688,0.02850122158672084,True,False,False
2.815,0.24450925458518896,0.6995650558802038,0.009095004709380919,0.01780727477535298,-0.2440818261770894,0.0,0.002292934570353289,0.469503026898475,0.0,0.3882548881731068,0.225,0.0,0.38999999999999996,3.0,129.95390000335485,0.02781353081840411,True,False,False
2.82,0.24446494573855637,0.6944719994593199,0.009274742816419677,0.017748752475009864,-0.2440818261770894,0.0,0.002292934570353289,0.46945880509058746,0.0,0.3882672828743581,0.225,0.0,0.38999999999999996,3.0,129.95391284338342,0.02713289745776499,True,False,False
2.825,0.2444197468943909,0.6893958971284161,0.009450547941726162,0.0176889122374148,-0.2440818261770894,0.0,0.002292934570353289,0.46941369349864426,0.0,0.3882797958641798,0.225,0.0,0.38999999999999996,3.0,129.95392571270688,0.026459290052613597,True,False,False
2.83,0.24437367930550796,0.6843371266628323,0.009622419955104305,0.01762775355414981,-0.2440818261770894,0.0,0.002292934570353289,0.4693677133719738,0.0,0.3882924290163766,0.225,0.0,0.38999999999999996,3.0,129.95393860552164,0.025792678161969562,True,False,False
2.835,0.24432676414591903,0.6792960652212888,0.009790360716794346,0.017565280972676515,-0.2440818261770894,0.0,0.002292934570353289,0.46932088588045506,0.0,0.388305184197267,0.225,0.0,0.38999999999999996,3.0,129.95395151615563,0.02513303189819613,True,False,False
2.84,0.2442790225090949,0.6742730881209855,0.009954373926565892,0.017501502546748073,-0.2440818261770894,0.0,0.002292934570353289,0.4692732321127402,0.0,0.38831806326092827,0.225,0.0,0.38999999999999996,3.0,129.95396443906765,0.024480321619032526,True,False,False
2.845,0.24423047540633538,0.6692685680095092,0.010114464979363448,0.017436428735948126,-0.2440818261770894,0.0,0.002292934570353289,0.46922477307459454,0.0,0.388331068045907,0.225,0.0,0.38999999999999996,3.0,129.95397736884695,0.023834517723605828,True,False,False
2.85,0.24418114376521785,0.6642828742866934,0.010270640830702843,0.017370071624264488,-0.24274642532552831,0.0,0.0006971107826158219,0.46917552968732384,0.0,0.3883442003729856,0.225,0.0,0.38999999999999996,3.0,129.93236284158985,0.025236727324398016,True,False,False
2.855,0.2441310488751466,0.659316263361476,0.010420662643438577,0.017303205275371523,-0.24274642532552831,0.0,0.0006971107826158219,0.4691255230931798,0.0,0.38835744121548954,0.225,0.0,0.38999999999999996,3.0,129.93237622701898,0.024531387138005206,True,False,False
2.86,0.24408021195936563,0.6543689929929556,0.010566805972021658,0.01723504700266812,-0.24274642532552831,0.0,0.0006971107826158219,0.4690747743720434,0.0,0.3883707715430455,0.225,0.0,0.38999999999999996,3.0,129.93238963257988,0.023834815241644908,True,False,False
2.865,0.24402865371580312,0.6494414345682339,0.010709078985927626,0.017165589298679167,-0.24274642532552831,0.0,0.0006971107826158219,0.46902330422034444,0.0,0.3883841931635925,0.225,0.0,0.38999999999999996,3.0,129.93240305174987,0.023146945328931856,True,False,False
2.87,0.24397639475167948,0.6445339605194341,0.010847491015246388,0.017094831995462814,-0.24274642532552831,0.0,0.0006971107826158219,0.46897113324326756,0.0,0.38839770788458294,0.225,0.0,0.38999999999999996,3.0,129.93241647817894,0.022467713207338785,True,False,False
2.875,0.24392345558149425,0.6396469425141963,0.010982052508275214,0.017022780348304827,-0.24274642532552831,0.0,0.0006971107826158219,0.46891828195268587,0.0,0.38841131750584057,0.225,0.0,0.38999999999999996,3.0,129.93242990568777,0.021797055999765398,True,False,False
2.88,0.243869856625211,0.6347807501131848,0.011112774984539917,0.016949443575835176,-0.24274642532552831,0.0,0.0006971107826158219,0.4688647707653065,0.0,0.3884250238143155,0.225,0.0,0.38999999999999996,3.0,129.93244332826688,0.02113491161877378,True,False,False
2.8850000000000002,0.2438156182066003,0.6299357498058687,0.011239670985187434,0.016874833759639687,-0.24274642532552831,0.0,0.0006971107826158219,0.4688106200009857,0.0,0.3884388285803217,0.225,0.0,0.38999999999999996,3.0,129.932456740074,0.020481218425314897,True,False,False
2.89,0.24376076055171078,0.6251123043095594,0.011362754022533448,0.01679896502154253,-0.24274642532552831,0.0,0.0006971107826158219,0.4687558498811792,0.0,0.38845273355477694,0.225,0.0,0.38999999999999996,3.0,129.93247013543436,0.01983591501211316,True,False,False
2.895,0.24370530378742433,0.6203107720803336,0.011482038530192485,0.016721852912276243,-0.24274642532552831,0.0,0.0006971107826158219,0.4687004805274832,0.0,0.3884667404673159,0.225,0.0,0.38999999999999996,3.0,129.93248350883817,0.01919894007136995,True,False,False
2.9,0.24364926794008346,0.6155315069692023,0.011597539814840732,0.016643513959324112,-0.24129467256698112,0.0,-0.0007991630372908218,0.46864453196025196,0.0,0.3884808510249651,0.225,0.0,0.38999999999999996,3.0,129.9121476992713,0.020799228053281604,True,False,False
2.9050000000000002,0.24359267332998139,0.6107747509296315,0.011707256404281873,0.016564710512569584,-0.24129467256698112,0.0,-0.0007991630372908218,0.46858802437189956,0.0,0.38849504729579404,0.225,0.0,0.38999999999999996,3.0,129.91216154578066,0.020098744903399635,True,False,False
2.91,0.24353554019615717,0.6060407459452118,0.01181322788259015,0.01648467981443105,-0.24129467256698112,0.0,-0.0007991630372908218,0.4685309778774587,0.0,0.38850931133940797,0.225,0.0,0.38999999999999996,3.0,129.91217538465364,0.01940853339216405,True,False,False
2.915,0.2434778882879668,0.6013298446274105,0.01191547057875126,0.016403416156455818,-0.24129467256698112,0.0,-0.0007991630372908218,0.46847341222524863,0.0,0.3885236448388707,0.225,0.0,0.38999999999999996,3.0,129.9121892092369,0.01872849313940427,True,False,False
2.92,0.24341973724789098,0.5966424000541941,0.012014001416240459,0.016320921622610823,-0.24129467256698112,0.0,-0.0007991630372908218,0.4684153470562094,0.0,0.3885380494750432,0.225,0.0,0.38999999999999996,3.0,129.9122030130864,0.018058526310938322,True,False,False
2.9250000000000003,0.24336110660963575,0.5919787638390188,0.0121088379281328,0.016237204071604817,-0.24129467256698112,0.0,-0.0007991630372908218,0.4683568019019528,0.0,0.3885525269190057,0.225,0.0,0.38999999999999996,3.0,129.91221678996473,0.017398536778243136,True,False,False
2.93,0.2433020157964508,0.5873392847028628,0.01219999826209219,0.01615227559333289,-0.24129467256698112,0.0,-0.0007991630372908218,0.4682977961830458,0.0,0.388567078826483,0.225,0.0,0.38999999999999996,3.0,129.91223053383814,0.016748429568172206,True,False,False
2.935,0.24324248411962587,0.5827243074444108,0.012287501177272946,0.016066151340654648,-0.24129467256698112,0.0,-0.0007991630372908218,0.4682383492074824,0.0,0.3885817068338006,0.225,0.0,0.38999999999999996,3.0,129.91224423887437,0.016108110508622014,True,False,False
2.94,0.24318253077712318,0.5781341721868383,0.01237136603522012,0.015978848652199826,-0.24129467256698112,0.0,-0.0007991630372908218,0.4681784801693,0.0,0.3885964125549786,0.225,0.0,0.38999999999999996,3.0,129.9122578994402,0.01547748600633328,True,False,False
2.945,0.24312217485230952,0.5735692138559767,0.012451612786613631,0.015890386397429387,-0.24129467256698112,0.0,-0.0007991630372908218,0.4681182081473009,0.0,0.38861119757968954,0.225,0.0,0.38999999999999996,3.0,129.91227151009863,0.014856462913831588,True,False,False
2.95,0.2430614353127682,0.5690297618087778,0.012528261955363995,0.015800784489513508,-0.23977648253466127,0.0,-0.002191165572727643,0.4680575521038579,0.0,0.3886260634718466,0.225,0.0,0.38999999999999996,3.0,129.89329648823627,0.016583351508570314,True,False,False
2.955,0.24300033135516474,0.5645160361873369,0.012599497317184604,0.01571078349639285,-0.23977648253466127,0.0,-0.002191165572727643,0.4679965311273264,0.0,0.38864099344882064,0.225,0.0,0.38999999999999996,3.0,129.89331057201196,0.015897361382888817,True,False,False
2.96,0.2429388820808165,0.5600282559239724,0.012667174946558949,0.01561965027038908,-0.23977648253466127,0.0,-0.002191165572727643,0.4679351642145675,0.0,0.38865597071534935,0.225,0.0,0.38999999999999996,3.0,129.8933246203949,0.015222923847371735,True,False,False
2.965,0.24287710613693234,0.5555667460636612,0.012731316400288992,0.015527381561070265,-0.23977648253466127,0.0,-0.002191165572727643,0.46787347001257407,0.0,0.38867099680136574,0.225,0.0,0.38999999999999996,3.0,129.8933386268293,0.014559906367881313,True,False,False
2.97,0.24281502204939942,0.5511318313730156,0.012791943567543314,0.015433982205493316,-0.23977648253466127,0.0,-0.002191165572727643,0.46781146704655363,0.0,0.38868607323235904,0.225,0.0,0.38999999999999996,3.0,129.89335258499798,0.013908179425511022,True,False,False
2.975,0.24275264822106243,0.5467238343306363,0.012849078703983578,0.015339463018273287,-0.23977648253466127,0.0,-0.002191165572727643,0.4677491737181634,0.0,0.38870120152147125,0.225,0.0,0.38999999999999996,3.0,129.89336648882025,0.013267615647753438,True,False,False
2.98,0.24269000293022935,0.5423430736594474,0.012902744454855041,0.015243839176279984,-0.23977648253466127,0.0,-0.002191165572727643,0.46768660830398623,0.0,0.3887163831637503,0.225,0.0,0.38999999999999996,3.0,129.89338033244738,0.012638089240649464,True,False,False
2.985,0.24262710432936796,0.5379898632590929,0.012952963868799286,0.015147128994974585,-0.23977648253466127,0.0,-0.002191165572727643,0.46762378895420803,0.0,0.3887316196319981,0.225,0.0,0.38999999999999996,3.0,129.89339411025895,0.012019475624129292,True,False,False
2.99,0.24256397044394884,0.5336645114445961,0.01299976040435594,0.01504935300850069,-0.23977648253466127,0.0,-0.002191165572727643,0.4675607336914488,0.0,0.38874691237379366,0.225,0.0,0.38999999999999996,3.0,129.89340781685942,0.011411651204223792,True,False,False
2.995,0.24250061917139334,0.5293673204190744,0.013043157930979052,0.014950533281840022,-0.23977648253466127,0.0,-0.002191165572727643,0.46749746040970463,0.0,0.3887622628094442,0.225,0.0,0.38999999999999996,3.0,129.89342144707402,0.010814493237464785,True,False,False
3.0,0.2844451331547624,0.5250985859031713,0.013083180726119987,0.014850692898285184,-0.23821745948070056,0.0,-0.25219116557272764,0.4674339868733819,0.0,0.38877767233058663,0.225,0.0,0.23999999999999996,3.0,126.58414380337487,0.0028658913848412515,True,False,False
3.005,0.2843973453766829,0.5208454690018142,0.012864456935106301,0.014840900398238908,-0.23821745948070056,0.0,-0.25219116557272764,0.4673703676816139,0.0,0.3887899691752893,0.225,0.0,0.23999999999999996,3.0,126.5841550464716,0.0025615046259741675,True,False,False
3.0100000000000002,0.2843462002444351,0.5165958312058762,0.01276258089523439,0.01482636444051477,-0.23821745948070056,0.0,-0.25219116557272764,0.4673066583519374,0.0,0.38879598419233574,0.225,0.0,0.23999999999999996,3.0,126.58416612806631,0.0022636108162348983,True,False,False
3.015,0.28429171462136654,0.5123510580061458,0.01278003954848229,0.014806917894814444,-0.23821745948070056,0.0,-0.25219116557272764,0.46724287784631513,0.0,0.3887957228387018,0.225,0.0,0.23999999999999996,3.0,126.58417704840235,0.0019719642773144697,True,False,False
3.02,0.28423390556765876,0.5081125443580635,0.01291607220608083,0.01478313364437062,-0.23821745948070056,0.0,-0.25219116557272764,0.4671790449898252,0.0,0.3887891906089316,0.225,0.0,0.23999999999999996,3.0,126.58418780783794,0.001686348414564394,True,False,False
3.025,0.2841727880688085,0.503880715477516,0.013167186475749573,0.014761081260436194,-0.23821745948070056,0.0,-0.25219116557272764,0.4671151781530217,0.0,0.38877638921122704,0.225,0.0,0.23999999999999996,3.0,126.58419840683895,0.0014065171147193273,True,False,False
3.0300000000000002,0.28410837457345667,0.49965485732934173,0.013527172151815524,0.014741252861793282,-0.23821745948070056,0.0,-0.25219116557272764,0.4670512951120329,0.0,0.38875731591205553,0.225,0.0,0.23999999999999996,3.0,126.58420884598702,0.0011321788544562603,True,False,False
3.035,0.28404067815132317,0.4954344943740083,0.013987683209199828,0.014722546000363546,-0.23821745948070056,0.0,-0.25219116557272764,0.46698741344542494,0.0,0.38873196891945094,0.225,0.0,0.23999999999999996,3.0,126.58421912597515,0.0008630672420864224,True,False,False
3.04,0.2839697126520361,0.4912194464670817,0.014539154487516052,0.01470399582456957,-0.23821745948070056,0.0,-0.25219116557272764,0.46692355058255136,0.0,0.3887003476028608,0.225,0.0,0.23999999999999996,3.0,126.58422924759496,0.0005989458499720129,True,False,False
3.045,0.28389549264619846,0.48700979330930877,0.015171596913042599,0.014684749551745906,-0.23821745948070056,0.0,-0.25219116557272764,0.4668597238183354,0.0,0.38866245235211966,0.225,0.0,0.23999999999999996,3.0,126.58423921172532,0.0003396065483910471,True,False,False
3.0500000000000003,0.28381803337607636,0.48280584508113233,0.01587521878737057,0.01466404837452448,-0.23961841147792579,0.0,-0.5021911655727276,0.4667959503245206,0.0,0.3886182844609826,0.225,0.0,0.23999999999999996,3.0,123.27601621561601,0.01258706689485498,True,False,False
3.055,0.2837357113386641,0.4785915613196796,0.017478825451590782,0.014757684874905218,-0.23961841147792579,0.0,-0.5021911655727276,0.46673228068356054,0.0,0.38856466055015243,0.225,0.0,0.23999999999999996,3.0,123.27602263726963,0.012373009695659888,True,False,False
3.06,0.28364690249221325,0.4743501164907526,0.01927974003988509,0.014853390266521622,-0.23961841147792579,0.0,-0.5021911655727276,0.46666876555845704,0.0,0.3884983940885512,0.225,0.0,0.23999999999999996,3.0,123.27602885359171,0.012163989498187477,True,False,False
3.065,0.28355162346035784,0.4700812190935115,0.021227583221696256,0.014948844715875636,-0.23961841147792579,0.0,-0.5021911655727276,0.4666054220463203,0.0,0.3884194839124028,0.225,0.0,0.23999999999999996,3.0,123.27603487148116,0.011961049098419267,True,False,False
3.0700000000000003,0.2834498934769455,0.465785303351705,0.02328509494186957,0.015041772741391355,-0.23961841147792579,0.0,-0.5021911655727276,0.46654226705783497,0.0,0.3883279317480469,0.225,0.0,0.23999999999999996,3.0,123.27604069778674,0.011764919525154831,True,False,False
3.075,0.28334173392874507,0.46146328413468957,0.025425266449678574,0.015130889010666775,-0.23961841147792579,0.0,-0.5021911655727276,0.4664793173925169,0.0,0.3882237412069734,0.225,0.0,0.23999999999999996,3.0,123.27604633913147,0.011575298806748357,True,False,False
3.08,0.28322716810569604,0.4571164081433927,0.027628471160305413,0.015215147264407664,-0.23961841147792579,0.0,-0.5021911655727276,0.46641658980776857,0.0,0.388106917187415,0.225,0.0,0.23999999999999996,3.0,123.27605180187086,0.01139191736442808,True,False,False
3.085,0.28310622110171524,0.4527461955373176,0.029880334082343217,0.015293675688343925,-0.23961841147792579,0.0,-0.5021911655727276,0.46635410103783703,0.0,0.3879774656449786,0.225,0.0,0.23999999999999996,3.0,123.27605709210843,0.011214532675914969,True,False,False
3.09,0.28297891974089295,0.44835439687937073,0.03217020128888604,0.015365731115919887,-0.23961841147792579,0.0,-0.5021911655727276,0.4662918678053749,0.0,0.387835393423619,0.225,0.0,0.23999999999999996,3.0,123.2760622157094,0.011042924670947689,True,False,False
3.095,0.28284529252213797,0.44394296123219656,0.03449006890529632,0.015430666401470627,-0.23961841147792579,0.0,-0.5021911655727276,0.46622990682750654,0.0,0.38768070813050126,0.225,0.0,0.23999999999999996,3.0,123.27606717831294,0.010876892432602446,True,False,False
3.1,0.2827053695768638,0.43951401213330216,0.03683383892032454,0.015487907397451962,-0.24262536432476628,0.0,-0.7521911655727276,0.4661682348178587,0.0,0.3875134180419847,0.225,0.0,0.23999999999999996,3.0,119.96838977273599,0.026827127981271456,True,False,False
3.105,0.28255755018503814,0.43505421803331096,0.04040383829341115,0.01564612992924521,-0.24262536432476628,0.0,-0.7521911655727276,0.46610689917865133,0.0,0.3873303510313676,0.225,0.0,0.23999999999999996,3.0,119.96839121026143,0.02609146894457997,True,False,False
3.11,0.2824002398963773,0.430550175818908,0.0440083445428119,0.01579667555609685,-0.24262536432476628,0.0,-0.7521911655727276,0.4660459471305278,0.0,0.387128334679212,0.225,0.0,0.23999999999999996,3.0,119.96839253309341,0.02537481966485557,True,False,False
3.115,0.2822334820290773,0.42600419991499616,0.047638966582856504,0.015938764922888378,-0.24262536432476628,0.0,-0.7521911655727276,0.46598539515660625,0.0,0.3869073779613257,0.225,0.0,0.23999999999999996,3.0,119.96839374909597,0.02467662014108182,True,False,False
3.12,0.282057323288384,0.4214188076691345,0.05128961964740512,0.01607175509511081,-0.24262536432476628,0.0,-0.7521911655727276,0.46592525980985067,0.0,0.38666749062475947,0.225,0.0,0.23999999999999996,3.0,119.9683948656433,0.023996340410572265,True,False,False
3.125,0.2818718137182854,0.41679668613156406,0.05495579211661918,0.01619509854007331,-0.24262536432476628,0.0,-0.7521911655727276,0.46586555771677496,0.0,0.3864086830574701,0.225,0.0,0.23999999999999996,3.0,119.96839588964941,0.023333479472017575,True,False,False
3.13,0.28167700667163414,0.41214066905100105,0.058634070904754886,0.01630831476929697,-0.24262536432476628,0.0,-0.7521911655727276,0.4658063055766145,0.0,0.38613096619824966,0.225,0.0,0.23999999999999996,3.0,119.96839682759548,0.022687564476642354,True,False,False
3.1350000000000002,0.281472958792683,0.4074537206437987,0.062321826552771235,0.01641097075436175,-0.24262536432476628,0.0,-0.7521911655727276,0.4657475201571406,0.0,0.3858343514734941,0.225,0.0,0.23999999999999996,3.0,119.96839768555627,0.022058150079918282,True,False,False
3.14,0.2812597300084645,0.4027389240396399,0.066016999498152,0.01650266747247305,-0.24262536432476628,0.0,-0.7521911655727276,0.46568921828803567,0.0,0.3855188507525009,0.225,0.0,0.23999999999999996,3.0,119.9683984692239,0.021444817871220212,True,False,False
3.145,0.2810373835265099,0.3979994729419413,0.06971795199034135,0.016583030774327358,-0.24262536432476628,0.0,-0.7521911655727276,0.4656314168524791,0.0,0.3851844763154624,0.225,0.0,0.23999999999999996,3.0,119.96839918393081,0.02084717581891641,True,False,False
3.15,0.28080598583711974,0.3932386654278152,0.07342336355238936,0.016651705331661024,-0.24619807453920903,0.0,-0.6151242566277766,0.4655741327774053,0.0,0.3848312408299952,0.225,0.0,0.23999999999999996,3.0,121.78378115940748,0.02009879552157206,True,False,False
3.1550000000000002,0.28056649267590134,0.38846864832438605,0.07644204515599522,0.016647154350235078,-0.24619807453920903,0.0,-0.6151242566277766,0.4655173675123201,0.0,0.3844609038369903,0.225,0.0,0.23999999999999996,3.0,121.78378178275572,0.019537790174406485,True,False,False
3.16,0.28031985688291694,0.3837017885174812,0.07946145953175461,0.016629634600143575,-0.24619807453920903,0.0,-0.6151242566277766,0.4654611226330564,0.0,0.38407522571528124,0.225,0.0,0.23999999999999996,3.0,121.78378234972638,0.018991918419395924,True,False,False
3.165,0.28006614469871033,0.37894182717728614,0.08248118319998668,0.016598959540937614,-0.24619807453920903,0.0,-0.6151242566277766,0.46540541524920404,0.0,0.3836742208096384,0.225,0.0,0.23999999999999996,3.0,121.78378286448195,0.018461033096925445,True,False,False
3.17,0.2798054246932723,0.3741926500148577,0.08550056631153444,0.016553669308026396,-0.24619807453920903,0.0,-0.6151242566277766,0.4653502623716197,0.0,0.3832579040251394,0.225,0.0,0.23999999999999996,3.0,121.78378333091717,0.017944953704675602,True,False,False
3.1750000000000003,0.2795377689393464,0.3694590025439617,0.08851858765255623,0.01649042550364341,-0.24619807453920903,0.0,-0.6151242566277766,0.46529568058145887,0.0,0.38282629364889675,0.225,0.0,0.23999999999999996,3.0,121.7837837526726,0.017443455090098033,True,False,False
3.18,0.2792632522391442,0.3647460315018176,0.0915350351930552,0.016409388343895007,-0.24619807453920903,0.0,-0.6151242566277766,0.4652416862016874,0.0,0.38237940954419586,0.225,0.0,0.23999999999999996,3.0,121.78378413315005,0.016956458475095495,True,False,False
3.185,0.2789819512789279,0.36005877123457974,0.09454979504782135,0.01631101422582985,-0.24619807453920903,0.0,-0.6151242566277766,0.465188295499649,0.0,0.38191727112783475,0.225,0.0,0.23999999999999996,3.0,121.78378447552798,0.01648390922690019,True,False,False
3.19,0.2786939445849564,0.35540211222434354,0.09756280073086196,0.016195848674633993,-0.24619807453920903,0.0,-0.6151242566277766,0.4651355246828957,0.0,0.38143989724824157,0.225,0.0,0.23999999999999996,3.0,121.78378478277308,0.016025763292667812,True,False,False
3.1950000000000003,0.278399312495022,0.3507807777655228,0.10057402550032508,0.016064510608650696,-0.24619807453920903,0.0,-0.6151242566277766,0.465083389892183,0.0,0.3809473060955013,0.225,0.0,0.23999999999999996,3.0,121.78378505765244,0.015581981328816791,True,False,False
3.2,0.278098137139918,0.3461993053572064,0.10358347513784816,0.01591767531545927,-0.2451231779053223,0.0,-0.481867419242681,0.465031907193175,0.0,0.38043951512982255,0.225,0.0,0.23999999999999996,3.0,123.54708350075984,0.007460724356581072,True,False,False
3.205,0.2777913440297907,0.341669903534005,0.10591727072118273,0.01570143307616865,-0.2451231779053223,0.0,-0.481867419242681,0.4649810791675031,0.0,0.37991823490695614,0.225,0.0,0.23999999999999996,3.0,123.5470844881623,0.007326764708268468,True,False,False
3.21,0.27747985088216687,0.3372042554721401,0.10824915595411537,0.015472535449416097,-0.2451231779053223,0.0,-0.481867419242681,0.4649309086079051,0.0,0.3793851740328743,0.225,0.0,0.23999999999999996,3.0,123.54708543879549,0.007204843213273374,True,False,False
3.215,0.2771637305110793,0.33280603139179343,0.11057903215530324,0.015230687100480086,-0.2451231779053223,0.0,-0.481867419242681,0.46488141161885355,0.0,0.37884034669563577,0.225,0.0,0.23999999999999996,3.0,123.5470863544889,0.007093260881711966,True,False,False
3.22,0.2768430570661553,0.32847896642486857,0.1129068333715424,0.014975738049699728,-0.2451231779053223,0.0,-0.481867419242681,0.4648326040109935,0.0,0.3782837673013014,0.225,0.0,0.23999999999999996,3.0,123.54708723690625,0.006990809869523254,True,False,False
3.225,0.2765179059680286,0.32422681782828167,0.11523252663960394,0.01470768231962152,-0.2451231779053223,0.0,-0.481867419242681,0.46478450130050186,0.0,0.3777154503206272,0.225,0.0,0.23999999999999996,3.0,123.54708808757917,0.006896627324993054,True,False,False
3.23,0.2761883538484723,0.3200533252397562,0.11755610988063488,0.014426646802039901,-0.2451231779053223,0.0,-0.481867419242681,0.46473711870778917,0.0,0.37713541014346486,0.225,0.0,0.23999999999999996,3.0,123.54708890793177,0.006810089015444561,True,False,False
3.235,0.27585447849686556,0.31596217443735997,0.11987760922787379,0.01413287839173555,-0.2451231779053223,0.0,-0.481867419242681,0.4646904711555471,0.0,0.3765436609440713,0.225,0.0,0.23999999999999996,3.0,123.54708969929597,0.006730736463019766,True,False,False
3.24,0.27551635926071893,0.3119572482466193,0.12219634254816858,0.013823461187953053,-0.2451231779053223,0.0,-0.481867419242681,0.4646445731434847,0.0,0.37594021768100333,0.225,0.0,0.23999999999999996,3.0,123.54709046292894,0.006658538446488203,True,False,False
3.245,0.27517407874065514,0.3080437120851865,0.12451157528372389,0.013495250946930798,-0.2451231779053223,0.0,-0.481867419242681,0.4645994382538892,0.0,0.3753251004033953,0.225,0.0,0.23999999999999996,3.0,123.547091200043,0.006593727859555004,True,False,False
3.25,0.2748277205231693,0.3042265994878603,0.12682382308633794,0.013150671096421894,-0.24014647332923986,0.0,-0.3653747925734362,0.4645550797290439,0.0,0.37469832866065056,0.225,0.0,0.23999999999999996,3.0,125.08713422150456,0.006616262626702455,True,False,False
3.255,0.27447808409146823,0.3005187320358952,0.12854086456359143,0.012732543060993237,-0.24014647332923986,0.0,-0.3653747925734362,0.46451149937600933,0.0,0.3740614050097155,0.225,0.0,0.23999999999999996,3.0,125.08713606849483,0.006187486767943848,True,False,False
3.2600000000000002,0.2741259596235523,0.2969327682249896,0.13025510385001726,0.012299979899881342,-0.24014647332923986,0.0,-0.3653747925734362,0.4644686987326003,0.0,0.37341583139511036,0.225,0.0,0.23999999999999996,3.0,125.08713793288149,0.00576327524568088,True,False,False
3.265,0.2737714165470826,0.2934725442759655,0.1319669965160762,0.011855041217634013,-0.24014647332923986,0.0,-0.3653747925734362,0.46442669034925843,0.0,0.3727616227175478,0.225,0.0,0.23999999999999996,3.0,125.08713981299279,0.005343794334396926,True,False,False
3.27,0.2734145239418187,0.29014133099975814,0.1336769607056966,0.011399619437912234,-0.24014647332923986,0.0,-0.3653747925734362,0.46438548648878275,0.0,0.37209879167070437,0.225,0.0,0.23999999999999996,3.0,125.08714170716657,0.004929174232562856,True,False,False
3.275,0.27305535062260183,0.286941876010051,0.1353853860750473,0.010935480168421299,-0.24014647332923986,0.0,-0.3653747925734362,0.4643450990976776,0.0,0.3714273489101675,0.225,0.0,0.23999999999999996,3.0,125.08714361375581,0.004519511023652934,True,False,False
3.2800000000000002,0.2726939628538355,0.2838753426210608,0.13709627757412365,0.01048051953981213,-0.24014647332923986,0.0,-0.3653747925734362,0.464305539431039,0.0,0.37074729891874797,0.225,0.0,0.23999999999999996,3.0,125.08714553113523,0.004114816000335385,True,False,False
3.285,0.27233040423861693,0.28093201486231134,0.13881869096681118,0.010075192209973095,-0.24014647332923986,0.0,-0.3653747925734362,0.4642668147802066,0.0,0.37005860378192135,0.225,0.0,0.23999999999999996,3.0,125.08714745773811,0.0037145355754186274,True,False,False
3.29,0.2719647123076886,0.2780991076387793,0.1405499303437267,0.009707542020321602,-0.24014647332923986,0.0,-0.3653747925734362,0.4642289303769701,0.0,0.3693612137052471,0.225,0.0,0.23999999999999996,3.0,125.08714939210942,0.0033179497151376303,True,False,False
3.295,0.2715969329332059,0.27536740557918,0.142287668850909,0.00936725266910544,-0.24014647332923986,0.0,-0.3653747925734362,0.4641918916916373,0.0,0.3686550928945309,0.225,0.0,0.23999999999999996,3.0,125.08715133289125,0.0029245504051748743,True,False,False
3.3000000000000003,0.27122711804012073,0.27273012189500484,0.14403035144164875,0.009047444469650855,-0.23309800398207503,0.0,-0.26415693265784723,0.464155704355234,0.0,0.36794021507994074,0.225,0.0,0.23999999999999996,3.0,126.42430998669427,0.018112386243760967,True,False,False
3.305,0.27085591824899014,0.27018778225319784,0.14526440700232912,0.0087040841192524,-0.23309800398207503,0.0,-0.26415693265784723,0.46412036440893234,0.0,0.3672178437776833,0.225,0.0,0.23999999999999996,3.0,126.42431358758492,0.017158164993678893,True,False,False
3.31,0.27048397601218926,0.26774167805290816,0.14650192606947732,0.008375154812154825,-0.23309800398207503,0.0,-0.26415693265784723,0.46408586749851183,0.0,0.3664892455580576,0.225,0.0,0.23999999999999996,3.0,126.42431732148748,0.016220011530813084,True,False,False
3.315,0.27011133608879345,0.2653880106739024,0.14774240969176747,0.008058449445350653,-0.23309800398207503,0.0,-0.26415693265784723,0.464052218704695,0.0,0.3657544059507888,0.225,0.0,0.23999999999999996,3.0,126.42432118082692,0.015297756074680386,True,False,False
3.3200000000000003,0.2697380449871071,0.2631235101295099,0.14898551191084022,0.007752441002558596,-0.23309800398207503,0.0,-0.26415693265784723,0.4640194230523412,0.0,0.3650133125598732,0.225,0.0,0.23999999999999996,3.0,126.42432515812432,0.01439128979967131,True,False,False
3.325,0.2693641506425997,0.2609452744463987,0.15023098905259782,0.007456056822497645,-0.23309800398207503,0.0,-0.26415693265784723,0.46398748548897983,0.0,0.3642659544326756,0.225,0.0,0.23999999999999996,3.0,126.42432924599424,0.013500548766837019,True,False,False
3.33,0.2689897022059074,0.25885066247976163,0.15147866594154705,0.007168528260170912,-0.23309800398207503,0.0,-0.26415693265784723,0.4639564108708093,0.0,0.36351232163862723,0.225,0.0,0.23999999999999996,3.0,126.42433343714418,0.012625501559050071,True,False,False
3.335,0.2686147499037,0.25683722218592286,0.15272841329896503,0.006889290155087504,-0.23309800398207503,0.0,-0.26415693265784723,0.4639262039537782,0.0,0.3627524049868876,0.225,0.0,0.23999999999999996,3.0,126.42433772437667,0.01176613986017402,True,False,False
3.34,0.2682393449483991,0.2549026426311946,0.15398013256896909,0.006617913368219689,-0.23309800398207503,0.0,-0.26415693265784723,0.46389686938827,0.0,0.3619861958371934,0.225,0.0,0.23999999999999996,3.0,126.42434210059285,0.010922471327403618,True,False,False
3.345,0.2678635394806792,0.2530447219527283,0.1552337457020761,0.006354059382340415,-0.23309800398207503,0.0,-0.26415693265784723,0.4638684117163199,0.0,0.361213685973326,0.225,0.0,0.23999999999999996,3.0,126.42434655879617,0.0100945142219486,True,False,False
3.35,0.26748738653397136,0.25126134607851397,0.15648918826308175,0.006097449692793993,-0.2252037205266032,0.0,-0.17522648848767075,0.46384083537056514,0.0,0.3604348675187746,0.225,0.0,0.23999999999999996,3.0,127.59860155453079,0.02542945871816034,True,False,False
3.355,0.26711143760739603,0.24955544316592068,0.1572960475322717,0.005813422714415572,-0.2252037205266032,0.0,-0.17522648848767075,0.4638141366136941,0.0,0.35965085981364975,0.225,0.0,0.23999999999999996,3.0,127.59860857086026,0.024046642769819295,True,False,False
3.36,0.2667362337036612,0.24792971365032784,0.15810490799420057,0.005537683929911465,-0.2252037205266032,0.0,-0.17522648848767075,0.46378831123189856,0.0,0.3588627813465262,0.225,0.0,0.23999999999999996,3.0,127.59861586303576,0.022693833052981904,True,False,False
3.365,0.2663618131833372,0.24638182506765496,0.15891570573012082,0.005269945533002763,-0.2252037205266032,0.0,-0.17522648848767075,0.4637633627721952,0.0,0.3580706234421929,0.225,0.0,0.23999999999999996,3.0,127.59862341363558,0.021370877650890845,True,False,False
3.37,0.26598821494383673,0.24490952235911095,0.15972838473452663,0.0050099547594309604,-0.2252037205266032,0.0,-0.17522648848767075,0.46373929466796104,0.0,0.357274377723581,0.225,0.0,0.23999999999999996,3.0,127.59863120547811,0.020077626003745783,True,False,False
3.375,0.2656154784042592,0.24351061931074247,0.16054289427124235,0.004757482169741201,-0.2252037205266032,0.0,-0.17522648848767075,0.46371611023923537,0.0,0.35647403607745687,0.225,0.0,0.23999999999999996,3.0,127.59863922164232,0.018813926765560957,True,False,False
3.38,0.26524364349682905,0.242182993093444,0.16135918704076127,0.004512313537208965,-0.2252037205266032,0.0,-0.17522648848767075,0.4636938126940342,0.0,0.35566959063236225,0.225,0.0,0.23999999999999996,3.0,127.59864744548754,0.017579626203627113,True,False,False
3.3850000000000002,0.26487275066216337,0.24092458076018425,0.16217721792305637,0.004274244292413788,-0.2252037205266032,0.0,-0.17522648848767075,0.46367240513001984,0.0,0.354861033744226,0.225,0.0,0.23999999999999996,3.0,127.59865586067204,0.016374567007563044,True,False,False
3.39,0.2645028408470181,0.2397333770511698,0.16299694312762597,0.004043075776520045,-0.2252037205266032,0.0,-0.17522648848767075,0.4636518905363359,0.0,0.3540483579871965,0.225,0.0,0.23999999999999996,3.0,127.59866445116994,0.015198587407976603,True,False,False
3.395,0.2641339555035856,0.2386074330746591,0.16381831963092822,0.0038186127705726247,-0.2252037205266032,0.0,-0.17522648848767075,0.4636322717954789,0.0,0.353231556148005,0.225,0.0,0.23999999999999996,3.0,127.59867320128731,0.014051520528587172,True,False,False
3.4,0.26376613658966774,0.23754485557406183,0.1646413048159442,0.0036006619218949413,-0.21811390104055,0.0,-0.09836109392312009,0.46361355168511886,0.0,0.3524106212226067,0.225,0.0,0.23999999999999996,3.0,128.6135550657541,0.02707623904621468,True,False,False
3.4050000000000002,0.26339983305049514,0.2365480768320379,0.16507648538422007,0.0033594149989826265,-0.21811390104055,0.0,-0.09836109392312009,0.4635957261504194,0.0,0.3515865203050207,0.225,0.0,0.23999999999999996,3.0,128.61356706726988,0.025472717807288055,True,False,False
3.41,0.26303548450926484,0.23561961628400557,0.1655128868957749,0.0031230533257584595,-0.21811390104055,0.0,-0.09836109392312009,0.46357879116211853,0.0,0.35076022083151487,0.225,0.0,0.23999999999999996,3.0,128.61357942019606,0.023910514578155385,True,False,False
3.415,0.2626731212300712,0.23475838704786472,0.16595017823761585,0.0028900602411472023,-0.21811390104055,0.0,-0.09836109392312009,0.46356275023693194,0.0,0.3499317188810349,0.225,0.0,0.23999999999999996,3.0,128.6135920970498,0.02238964269856876,True,False,False
3.42,0.26231277384879437,0.23396346668083864,0.1663882343313289,0.0026596321799212006,-0.21811390104055,0.0,-0.09836109392312009,0.463547606781477,0.0,0.3491010111001661,0.225,0.0,0.23999999999999996,3.0,128.61360506900098,0.020932838815071797,True,False,False
3.4250000000000003,0.261954473990158,0.23323462973484452,0.1668263920840966,0.0024282753638581876,-0.21811390104055,0.0,-0.09836109392312009,0.4635333640586994,0.0,0.34826809629018296,0.225,0.0,0.23999999999999996,3.0,128.6136182906598,0.01959315246685628,True,False,False
3.43,0.2615982545048164,0.23257240006885652,0.16726432100297128,0.00219465676474275,-0.21811390104055,0.0,-0.09836109392312009,0.4635200252043694,0.0,0.34743297601981277,0.225,0.0,0.23999999999999996,3.0,128.613631712364,0.018357867419339494,True,False,False
3.435,0.2612441473083486,0.23197679069454982,0.16770328887874686,0.001964569910926279,-0.21811390104055,0.0,-0.09836109392312009,0.4635075929492871,0.0,0.3465956500444709,0.225,0.0,0.23999999999999996,3.0,128.6136452916958,0.017209107164837686,True,False,False
3.44,0.2608921815038793,0.23144623165943543,0.16814379882349034,0.0017403831055414305,-0.21811390104055,0.0,-0.09836109392312009,0.4634960694174106,0.0,0.34575611208010026,0.225,0.0,0.23999999999999996,3.0,128.61365899336812,0.0161323433969709,True,False,False
3.4450000000000003,0.26054238633842686,0.2309791778926161,0.16858550015704457,0.001520620588246012,-0.21811390104055,0.0,-0.09836109392312009,0.4634854565171659,0.0,0.3449143560658934,0.225,0.0,0.23999999999999996,3.0,128.6136727871348,0.015118380734720209,True,False,False
3.45,0.2601947934285597,0.23057513497809196,0.16902714079870657,0.0012997008278881807,-0.2123632311710254,0.0,-0.03286266448540487,0.46347575665956886,0.0,0.3440703800943235,0.225,0.0,0.23999999999999996,3.0,129.47860709424378,0.02558069504547114,True,False,False
3.455,0.2598497616532437,0.2302383696173145,0.16913668467792614,0.001051606295654363,-0.2123632311710254,0.0,-0.03286266448540487,0.463466967543619,0.0,0.3432250164533681,0.225,0.0,0.23999999999999996,3.0,129.47862403839952,0.024289739138561632,True,False,False
3.46,0.25950763874124844,0.22997241961183162,0.16924679584580266,0.0008055258377532883,-0.2123632311710254,0.0,-0.03286266448540487,0.46345908560823557,0.0,0.3423790948189252,0.225,0.0,0.23999999999999996,3.0,129.47864118278108,0.023039965271619077,True,False,False
3.465,0.25916844130407435,0.22977654356536054,0.16935771282846554,0.0005625596185094995,-0.2123632311710254,0.0,-0.03286266448540487,0.46345211159498423,0.0,0.34153261271077695,0.225,0.0,0.23999999999999996,3.0,129.47865850118288,0.021829731490324238,True,False,False
3.47,0.25883218514540834,0.2296497207585946,0.16946962333187093,0.0003235693615861561,-0.2123632311710254,0.0,-0.03286266448540487,0.4634460457776512,0.0,0.3406855665929791,0.225,0.0,0.23999999999999996,3.0,129.4786759685494,0.02065810678957137,True,False,False
3.475,0.25849888540636906,0.22959071219283286,0.16958267358675133,8.922435555284991e-05,-0.2123632311710254,0.0,-0.03286266448540487,0.46344088801382677,0.0,0.3398379520999546,0.225,0.0,0.23999999999999996,3.0,129.47869356075253,0.01952459588546198,True,False,False
3.48,0.2581685567116185,0.2295981233114689,0.16969690784141228,0.00014026808930281496,-0.2123632311710254,0.0,-0.03286266448540487,0.46343663779665206,0.0,0.3389897642728192,0.225,0.0,0.23999999999999996,3.0,129.47871125446096,0.018428892276321468,True,False,False
3.485,0.2578412140871871,0.22967081657682584,0.16981189726313958,0.00036682962924038977,-0.2123632311710254,0.0,-0.03286266448540487,0.46343329458520643,0.0,0.33814099915529083,0.225,0.0,0.23999999999999996,3.0,129.47872902717802,0.01737042209198507,True,False,False
3.49,0.25751687323391903,0.2298080536181779,0.16992755715888438,0.0005908384641573391,-0.2123632311710254,0.0,-0.03286266448540487,0.4634308578929757,0.0,0.33729165434195235,0.225,0.0,0.23999999999999996,3.0,129.4787468571791,0.01634926787380346,True,False,False
3.495,0.25719554957492946,0.230009070747821,0.17004394281968696,0.0008120462744428693,-0.2123632311710254,0.0,-0.03286266448540487,0.4634293269531006,0.0,0.33644172732713507,0.225,0.0,0.23999999999999996,3.0,129.47876472330537,0.015365769633973424,True,False,False
3.5,0.2568772581428493,0.23027301609377704,0.17016113491934565,0.0010300922482166155,-0.20659826672697143,0.0,0.02201666816955994,0.46342870069813646,0.0,0.3355912152573995,0.225,0.0,0.23999999999999996,3.0,130.20317984343174,0.025357675269909515,True,False,False
3.505,0.25656226681373967,0.23060231613613194,0.1700007001689063,0.001268155125255791,-0.20659826672697143,0.0,0.02201666816955994,0.4634289735907183,0.0,0.3347408111907487,0.225,0.0,0.23999999999999996,3.0,130.20320107824716,0.02406898202274539,True,False,False
3.5100000000000002,0.256250834826429,0.23099916586226932,0.16984139694427453,0.0015015684022106819,-0.20659826672697143,0.0,0.02201666816955994,0.46343013975478686,0.0,0.33389120728670285,0.225,0.0,0.23999999999999996,3.0,130.20322247319712,0.022829616879614517,True,False,False
3.515,0.2559429634687736,0.2314621412187819,0.16968336801624553,0.0017296947206404296,-0.20659826672697143,0.0,0.02201666816955994,0.46343219714874784,0.0,0.3330423984643486,0.225,0.0,0.23999999999999996,3.0,130.2032439963496,0.021640032094575233,True,False,False
3.52,0.25563865342617886,0.23198964036969136,0.16952674913552251,0.0019519246342328952,-0.20659826672697143,0.0,0.02201666816955994,0.46343514341826353,0.0,0.3321943789428731,0.225,0.0,0.23999999999999996,3.0,130.20326561653008,0.020500409347363503,True,False,False
3.525,0.2553379047805018,0.23257985936835104,0.16937170428363907,0.002167378573736961,-0.20659826672697143,0.0,0.02201666816955994,0.4634389759001363,0.0,0.331347142207027,0.225,0.0,0.23999999999999996,3.0,130.20328730498196,0.01940083742322911,True,False,False
3.5300000000000002,0.2550407170281948,0.23323076198294312,0.16921832107289744,0.002375557512886803,-0.20659826672697143,0.0,0.02201666816955994,0.46344369162823473,0.0,0.33050068101928864,0.225,0.0,0.23999999999999996,3.0,130.20330903884755,0.018333573661215692,True,False,False
3.535,0.2547470893225961,0.23394025610175756,0.16906660692364003,0.0025764312070621813,-0.20659826672697143,0.0,0.02201666816955994,0.46344928738479585,0.0,0.3296549879483444,0.225,0.0,0.23999999999999996,3.0,130.2033307970027,0.01729831060912411,True,False,False
3.54,0.2544570205720743,0.23470626050720586,0.16891654120222574,0.002770098688179238,-0.20659826672697143,0.0,0.02201666816955994,0.46345575972175146,0.0,0.32881005559022797,0.225,0.0,0.23999999999999996,3.0,130.20335255907233,0.0162948516913623,True,False,False
3.545,0.2541705094902712,0.23552673594645157,0.1687680841267567,0.0029567469441539223,-0.20659826672697143,0.0,0.02201666816955994,0.46346310497331333,0.0,0.32796587668539773,0.225,0.0,0.23999999999999996,3.0,130.2033743053889,0.015323088344892856,True,False,False
3.5500000000000003,0.2538875546263149,0.23639970436914967,0.1686211857544709,0.0031366094492191283,-0.20170353734599694,0.0,0.06740844114174083,0.4634713192656492,0.0,0.32712244419109704,0.225,0.0,0.23999999999999996,3.0,130.80254537248183,0.023535687411156456,True,False,False
3.555,0.25360834692877954,0.23732597256251103,0.16824550742063288,0.003328850733150498,-0.20170353734599694,0.0,0.06740844114174083,0.4634803949953041,0.0,0.3262803270440716,0.225,0.0,0.23999999999999996,3.0,130.80257017019954,0.02229580339610337,True,False,False
3.56,0.25333307029208674,0.23830636682889123,0.16787134655496364,0.003514501128597255,-0.20170353734599694,0.0,0.06740844114174083,0.46349032432918424,0.0,0.3254400942472318,0.225,0.0,0.23999999999999996,3.0,130.80259506063084,0.02109604615594282,True,False,False
3.565,0.2530617123670715,0.2393390135613063,0.16749868510538798,0.0036936508888594038,-0.20170353734599694,0.0,0.06740844114174083,0.463501102731778,0.0,0.3246017391185328,0.225,0.0,0.23999999999999996,3.0,130.80262001569633,0.019936316703098922,True,False,False
3.5700000000000003,0.25279426051268417,0.24042205413090675,0.16712752253498678,0.0038663107361533128,-0.20170353734599694,0.0,0.06740844114174083,0.4635127254482861,0.0,0.32376525501295467,0.225,0.0,0.23999999999999996,3.0,130.80264500821627,0.018816501746142307,True,False,False
3.575,0.2525307017638342,0.24155361951199616,0.16675787952940926,0.004032395203781909,-0.20170353734599694,0.0,0.06740844114174083,0.4635251875057979,0.0,0.32293063522401416,0.225,0.0,0.23999999999999996,3.0,130.80267001192152,0.017736460438743128,True,False,False
3.58,0.2522710227961663,0.24273180118043988,0.16638980014496266,0.004191713028596628,-0.20170353734599694,0.0,0.06740844114174083,0.46353848371434464,0.0,0.3220978728706486,0.225,0.0,0.23999999999999996,3.0,130.80269500146903,0.016696014222187895,True,False,False
3.585,0.252015209891742,0.24395462070370483,0.1660233486934111,0.00434398225953477,-0.20170353734599694,0.0,0.06740844114174083,0.4635526086684979,0.0,0.3212669607788631,0.225,0.0,0.23999999999999996,3.0,130.80271995245712,0.015694975818527995,True,False,False
3.59,0.2517632490550084,0.24522010745966114,0.16565842837559572,0.004489702021107664,-0.20170353734599694,0.0,0.06740844114174083,0.46356755677247313,0.0,0.3204378917572247,0.225,0.0,0.23999999999999996,3.0,130.80274484108975,0.014735050525811491,True,False,False
3.595,0.2515151260502534,0.2465263293333292,0.16529521015543416,0.004628108538423318,-0.20170353734599694,0.0,0.06740844114174083,0.46358332224762555,0.0,0.31961065869191463,0.225,0.0,0.23999999999999996,3.0,130.80276964392093,0.013815805446527635,True,False,False
3.6,0.2512708258503376,0.2478709817124191,0.1649340031974368,0.00475778193291934,-0.19952947633508022,0.0,0.1044351076239019,0.46359989905323834,0.0,0.318785253031866,0.225,0.0,0.23999999999999996,3.0,131.2921557250268,0.017504150493076284,True,False,False
3.605,0.2510304758153361,0.2492535427075077,0.16438708058943802,0.004892553055199251,-0.19952947633508022,0.0,0.1044351076239019,0.4636172779226395,0.0,0.3179621348146897,0.225,0.0,0.23999999999999996,3.0,131.29218202732542,0.016495667536597307,True,False,False
3.61,0.25079419700052774,0.25067314799387375,0.1638426871029685,0.005016248168217285,-0.19952947633508022,0.0,0.1044351076239019,0.4636354493539686,0.0,0.3171417627538353,0.225,0.0,0.23999999999999996,3.0,131.29220825894714,0.015528428360689954,True,False,False
3.615,0.2505619637975202,0.25212639749311416,0.163301394849033,0.0051263173868680515,-0.19952947633508022,0.0,0.1044351076239019,0.46365440660233687,0.0,0.31632412404578447,0.225,0.0,0.23999999999999996,3.0,131.29223439594512,0.014602334294503534,True,False,False
3.62,0.2503337500153317,0.25360975524241874,0.16276154077224794,0.005230201772321111,-0.19952947633508022,0.0,0.1044351076239019,0.4636741425254426,0.0,0.3155092053095734,0.225,0.0,0.23999999999999996,3.0,131.2922604148905,0.013718381200151585,True,False,False
3.625,0.25010953377275924,0.25512340023366653,0.16222099377149327,0.005337393012207346,-0.19952947633508022,0.0,0.1044351076239019,0.4636946499736909,0.0,0.31469700769083164,0.225,0.0,0.23999999999999996,3.0,131.2922862935238,0.01287481310339525,True,False,False
3.63,0.24988929364244736,0.25666794934532416,0.16168026942461813,0.005445589751404065,-0.19952947633508022,0.0,0.1044351076239019,0.46371592194375144,0.0,0.31388753404780845,0.225,0.0,0.23999999999999996,3.0,131.29231201118412,0.01207024899080604,True,False,False
3.6350000000000002,0.24967300735050046,0.2582433882171961,0.16113983453864617,0.0055527117176827605,-0.19952947633508022,0.0,0.1044351076239019,0.4637379515257024,0.0,0.3130807847573795,0.225,0.0,0.23999999999999996,3.0,131.29233754860422,0.011303563390139625,True,False,False
3.64,0.24946065187187075,0.2598491307088868,0.1606001203688762,0.00565683999801036,-0.19952947633508022,0.0,0.1044351076239019,0.46376073189164974,0.0,0.3122767579440475,0.225,0.0,0.23999999999999996,3.0,131.2923628877773,0.010573826522798445,True,False,False
3.645,0.24925220350683852,0.261484059965362,0.16006152971873866,0.005756184765703901,-0.19952947633508022,0.0,0.1044351076239019,0.46378425629022557,0.0,0.31147544963788837,0.225,0.0,0.23999999999999996,3.0,131.29238801185227,0.00988025607877855,True,False,False
3.65,0.24904763795113677,0.26314656300564465,0.15952444004194832,0.005849070960276323,-0.20003758133890026,0.0,0.13400819674239156,0.46380851804477047,0.0,0.31067685390777544,0.225,0.0,0.23999999999999996,3.0,131.68400774973608,0.009357511661473465,True,False,False
3.6550000000000002,0.24884703371124658,0.26483636504832825,0.1588386672814425,0.005946508684200983,-0.20003758133890026,0.0,0.13400819674239156,0.46383350808545787,0.0,0.30988133944394475,0.225,0.0,0.23999999999999996,3.0,131.68403252120035,0.00872790645979895,True,False,False
3.66,0.24865046432596002,0.2665527529834309,0.15815508666348757,0.006034449808414736,-0.20003758133890026,0.0,0.13400819674239156,0.46385921740069147,0.0,0.30908927320680635,0.225,0.0,0.23999999999999996,3.0,131.68405703496816,0.008132710539307544,True,False,False
3.665,0.24845789698053883,0.2682922862618052,0.15747558172098797,0.0061045944597778205,-0.20003758133890026,0.0,0.13400819674239156,0.4638856397296541,0.0,0.3083006420390464,0.225,0.0,0.23999999999999996,3.0,131.6840812778723,0.007572097085822224,True,False,False
3.67,0.24826929610317514,0.27004743347214694,0.15680312339967106,0.006143872615642355,-0.20003758133890026,0.0,0.13400819674239156,0.4639127704996969,0.0,0.30751541660780296,0.225,0.0,0.23999999999999996,3.0,131.68410523707615,0.007047098270417135,True,False,False
3.6750000000000003,0.24808462589912766,0.27180998411445023,0.15613663295480584,0.006157061668386438,-0.20003758133890026,0.0,0.13400819674239156,0.46394060543990334,0.0,0.306733564864486,0.225,0.0,0.23999999999999996,3.0,131.68412890038502,0.006557139837577192,True,False,False
3.68,0.24790385171224058,0.27357307355354643,0.1554751929129664,0.006148221160569268,-0.20003758133890026,0.0,0.13400819674239156,0.4639691397399312,0.0,0.3059550600463815,0.225,0.0,0.23999999999999996,3.0,131.68415225657094,0.006101443443752387,True,False,False
3.685,0.24772693975564658,0.2753308542952642,0.1548181008066131,0.006120459056418188,-0.20003758133890026,0.0,0.13400819674239156,0.46399836820395757,0.0,0.30517987938423385,0.225,0.0,0.23999999999999996,3.0,131.68417529538567,0.00567915941162668,True,False,False
3.69,0.2475538569310824,0.27707827285184444,0.1541647967196399,0.006076253066581357,-0.20003758133890026,0.0,0.13400819674239156,0.46402828535993473,0.0,0.30440800322432315,0.225,0.0,0.23999999999999996,3.0,131.68419800754577,0.005289411194390872,True,False,False
3.6950000000000003,0.24738457070850833,0.27881092081307024,0.15351481691808208,0.006017656271487919,-0.20003758133890026,0.0,0.13400819674239156,0.46405888553682517,0.0,0.303639414442027,0.225,0.0,0.23999999999999996,3.0,131.6842203847037,0.004931322533820448,True,False,False
3.7,0.24721904904378925,0.28052493353648383,0.15286776401796248,0.005946429370163977,-0.20221675715586596,0.0,0.157334731265438,0.4640901629207608,0.0,0.302874098042354,0.225,0.0,0.23999999999999996,3.0,131.99369198315617,0.0019521449427884058,True,False,False
3.705,0.24705733329516058,0.2822186127611864,0.1521039086119601,0.005876046258278228,-0.20221675715586596,0.0,0.157334731265438,0.46412210944015003,0.0,0.3021123394488484,0.225,0.0,0.23999999999999996,3.0,131.99371277021228,0.001748844147985866,True,False,False
3.71,0.24689946176311856,0.2838907889515708,0.1513422020843737,0.00579651229086507,-0.20221675715586596,0.0,0.157334731265438,0.46415471688694443,0.0,0.30135442616179453,0.225,0.0,0.23999999999999996,3.0,131.99373317499058,0.0015720389692081282,True,False,False
3.715,0.24674539838921053,0.28553900861066617,0.15058238502144206,0.005708983540537199,-0.20221675715586596,0.0,0.157334731265438,0.4641879791334703,0.0,0.30060034871431673,0.225,0.0,0.23999999999999996,3.0,131.99375319520635,0.0014210302325562904,True,False,False
3.72,0.24659510742351215,0.2871611366765227,0.14982421731449214,0.005614531639086375,-0.20221675715586596,0.0,0.157334731265438,0.46422189002992453,0.0,0.2998500988781488,0.225,0.0,0.23999999999999996,3.0,131.99377282917632,0.0012951401362727502,True,False,False
3.725,0.24644855340616934,0.28875533522666536,0.14906747407453733,0.005514161837944637,-0.20221675715586596,0.0,0.157334731265438,0.46425644342055244,0.0,0.29910366957932044,0.225,0.0,0.23999999999999996,3.0,131.9937920757839,0.0011937130412670999,True,False,False
3.73,0.24630570115174305,0.2903200463043956,0.1483119429014381,0.005408825049360924,-0.20221675715586596,0.0,0.157334731265438,0.4642916331570626,0.0,0.2983610548300622,0.225,0.0,0.23999999999999996,3.0,131.993810934445,0.0011161151314255033,True,False,False
3.735,0.24616651604066295,0.2918542272905444,0.1475563137286885,0.005304412497309594,-0.20221675715586596,0.0,0.157334731265438,0.4643274531893831,0.0,0.29762225064574965,0.225,0.0,0.23999999999999996,3.0,131.9938294050745,0.0010617452427044774,True,False,False
3.74,0.24603096973714447,0.2933620011450298,0.14679498662554988,0.005226152664684878,-0.20221675715586596,0.0,0.157334731265438,0.4643638991596293,0.0,0.29688727317158486,0.225,0.0,0.23999999999999996,3.0,131.99384748801924,0.0010302734003397387,True,False,False
3.745,0.2458990378403246,0.29485065690961276,0.14602895424371595,0.005169648241876091,-0.20221675715586596,0.0,0.157334731265438,0.46440096810908993,0.0,0.296156150858369,0.225,0.0,0.23999999999999996,3.0,131.99386518394041,0.0010215433125872267,True,False,False
3.75,0.24577069349892747,0.2963254520020275,0.14525964363917876,0.00512852557627109,-0.2049496814427032,0.0,0.1751390894474178,0.46443865678461593,0.0,0.29542890419377454,0.225,0.0,0.23999999999999996,3.0,132.23040454887763,0.0026363594641900245,True,False,False
3.755,0.24564595675960021,0.29779111916596845,0.1443973198903342,0.005105295868456139,-0.2049496814427032,0.0,0.1751390894474178,0.46447695981212783,0.0,0.2947057747544068,0.225,0.0,0.23999999999999996,3.0,132.23042031138812,0.0024693871539676823,True,False,False
3.7600000000000002,0.24552484361254748,0.2992513240857827,0.14353338947309632,0.005089994906862709,-0.2049496814427032,0.0,0.1751390894474178,0.4645158714315296,0.0,0.2939869999477732,0.225,0.0,0.23999999999999996,3.0,132.23043566639538,0.002284388763042877,True,False,False
3.765,0.2454073189932191,0.300708037169779,0.14266829424322278,0.005080648196124355,-0.2049496814427032,0.0,0.1751390894474178,0.46455538743130087,0.0,0.293272587398013,0.225,0.0,0.23999999999999996,3.0,132.2304506189687,0.002081790535004624,True,False,False
3.77,0.24529334719021834,0.30216275866237924,0.14180233617727517,0.005075905433175829,-0.2049496814427032,0.0,0.1751390894474178,0.46459550342448275,0.0,0.2925625428851161,0.225,0.0,0.23999999999999996,3.0,132.23046517435165,0.0018620666605680403,True,False,False
3.775,0.24518289202046537,0.30361666574954005,0.14093572371741478,0.005074833616095893,-0.2049496814427032,0.0,0.1751390894474178,0.46463621487110807,0.0,0.2918568709214826,0.225,0.0,0.23999999999999996,3.0,132.23047933795795,0.0016257248782216849,True,False,False
3.7800000000000002,0.24507591694900488,0.30507071108492,0.14006860253713466,0.005076779684631792,-0.2049496814427032,0.0,0.1751390894474178,0.4646775170946868,0.0,0.2911555751382159,0.225,0.0,0.23999999999999996,3.0,132.23049311536317,0.0013732954954882581,True,False,False
3.785,0.2449723851717751,0.3065256889937872,0.13920107606056192,0.005081278898402408,-0.2049496814427032,0.0,0.1751390894474178,0.46471940529423095,0.0,0.29045865854468167,0.225,0.0,0.23999999999999996,3.0,132.23050651229374,0.0011053230924799942,True,False,False
3.79,0.24487225967359574,0.3079822800367014,0.13833321920775646,0.005087993457237579,-0.2049496814427032,0.0,0.1751390894474178,0.4647618745530496,0.0,0.2897661237033848,0.225,0.0,0.23999999999999996,3.0,132.23051953461388,0.0008223602911091449,True,False,False
3.795,0.2447755032695098,0.30944108107702983,0.13746508763866802,0.0050966712207417345,-0.2049496814427032,0.0,0.1751390894474178,0.46480491984523087,0.0,0.2890779728479509,0.225,0.0,0.23999999999999996,3.0,132.2305321883118,0.0005249630949086814,True,False,False
3.8000000000000003,0.2446820786349308,0.3109026255683349,0.1365967239909044,0.005107117853285921,-0.20750071802512698,0.0,0.18673465498856695,0.46484853604048204,0.0,0.2883942079628135,0.225,0.0,0.23999999999999996,3.0,132.38481762009167,0.003790312212470566,True,False,False
3.805,0.2445919760046627,0.3123680455742845,0.13566902827299115,0.005123672143427458,-0.20750071802512698,0.0,0.18673465498856695,0.4648927166715923,0.0,0.28771497892474257,0.225,0.0,0.23999999999999996,3.0,132.38482858289402,0.0033376060924063464,True,False,False
3.81,0.24450518378742925,0.31383839196522206,0.13474121719185223,0.0051414834192466145,-0.20750071802512698,0.0,0.18673465498856695,0.4649374550703513,0.0,0.287040435300789,0.225,0.0,0.23999999999999996,3.0,132.38483918301756,0.002875616344230142,True,False,False
3.815,0.24442166177999858,0.3153140030129188,0.13381332306483126,0.0051604041227433185,-0.20750071802512698,0.0,0.18673465498856695,0.4649827456576991,0.0,0.2863705783216915,0.225,0.0,0.23999999999999996,3.0,132.38484942912015,0.0024048166848632674,True,False,False
3.8200000000000003,0.24434136972939408,0.3167951783412623,0.13288537282090385,0.005180310520795286,-0.20750071802512698,0.0,0.18673465498856695,0.4650285827632664,0.0,0.28570540906604186,0.225,0.0,0.23999999999999996,3.0,132.38485932977068,0.0019256787502971578,True,False,False
3.825,0.24426426734780193,0.31828218472278896,0.13195738949198135,0.005201096064129862,-0.20750071802512698,0.0,0.18673465498856695,0.4650749606287669,0.0,0.2850449284831765,0.225,0.0,0.23999999999999996,3.0,132.38486889344165,0.0014386695256138615,True,False,False
3.83,0.24419031432542018,0.3197752602740701,0.13102939329802146,0.005222666557905107,-0.20750071802512698,0.0,0.18673465498856695,0.46512187341091243,0.0,0.2843891374097453,0.225,0.0,0.23999999999999996,3.0,132.38487812850195,0.0009442495652865687,True,False,False
3.835,0.244119470341751,0.3212746174662778,0.13010140242959406,0.005244936682649469,-0.20750071802512698,0.0,0.18673465498856695,0.4651693151839387,0.0,0.2837380365816179,0.225,0.0,0.23999999999999996,3.0,132.38488704321028,0.00044287175858798156,True,False,False
3.84,0.24405169507578942,0.3227804452958193,0.12917343360696787,0.005267827513305049,-0.20750071802512698,0.0,0.18673465498856695,0.4652172799418721,0.0,0.2830916266424736,0.225,0.0,0.23999999999999996,3.0,132.38489564570804,6.501952752654278e-05,True,False,False
3.845,0.2439869482154283,0.3242929108486119,0.1282455024753245,0.005291264770568263,-0.20750071802512698,0.0,0.18673465498856695,0.4652657616006357,0.0,0.2824499081500134,0.225,0.0,0.23999999999999996,3.0,132.3849039440134,0.0005789890421267554,True,False,False
3.85,0.2439251894663085,0.32581216044627176,0.12731762388061876,0.00531517760586253,-0.20918262211323102,0.0,0.19339903733067465,0.4653147540000583,0.0,0.2818128815805126,0.225,0.0,0.23999999999999996,3.0,132.47363919586593,0.0012865975798752177,True,False,False
3.855,0.24386639221955936,0.3273386966003472,0.12635582601360804,0.005342105245640571,-0.20918262211323102,0.0,0.19339903733067465,0.46536425017052907,0.0,0.28118063251266645,0.225,0.0,0.23999999999999996,3.0,132.4736463957127,0.0006761906313276361,True,False,False
3.86,0.24381052895965097,0.328872979116326,0.12539414188463816,0.005369241679708382,-0.20918262211323102,0.0,0.19339903733067465,0.46541424300773193,0.0,0.28055324636331874,0.225,0.0,0.23999999999999996,3.0,132.4736533109447,6.327555015690767e-05,True,False,False
3.865,0.24375755809299202,0.330415054863458,0.12443259048158639,0.005396498419493601,-0.20918262211323102,0.0,0.19339903733067465,0.4654647260411311,0.0,0.2799307232268858,0.225,0.0,0.23999999999999996,3.0,132.47365995016256,0.0005517968462852157,True,False,False
3.87,0.24370743809235884,0.33196494679737026,0.12347118866269227,0.005423796510452324,-0.20918262211323102,0.0,0.19339903733067465,0.4655156927332097,0.0,0.27931306310382303,0.225,0.0,0.23999999999999996,3.0,132.4736663217396,0.0011686826469147898,True,False,False
3.875,0.24366012750732635,0.333522656381651,0.12250995159257924,0.005451064603231042,-0.20918262211323102,0.0,0.19339903733067465,0.46556713648245096,0.0,0.27870026591020197,0.225,0.0,0.23999999999999996,3.0,132.4736724338237,0.0017870459948292616,True,False,False
3.88,0.2436155849739521,0.3350881655463766,0.1215488930839386,0.005478237445157684,-0.20918262211323102,0.0,0.19339903733067465,0.4656190506261073,0.0,0.27809233148537493,0.225,0.0,0.23999999999999996,3.0,132.47367829433836,0.0024065598269235114,True,False,False
3.8850000000000002,0.24357376922383073,0.3366614382592634,0.12058802585931178,0.005505254728433351,-0.20918262211323102,0.0,0.19339903733067465,0.465671428442774,0.0,0.27748925959816584,0.225,0.0,0.23999999999999996,3.0,132.47368391098416,0.003026906335910455,True,False,False
3.89,0.2435346390926543,0.3382424218138054,0.11962736174822552,0.005532060227301479,-0.20918262211323102,0.0,0.19339903733067465,0.4657242631548295,0.0,0.27689104995190267,0.225,0.0,0.23999999999999996,3.0,132.47368929124053,0.0036477772429197655,True,False,False
3.895,0.2434981535283846,0.33983104790290103,0.11866691183364923,0.005558601161973818,-0.20918262211323102,0.0,0.19339903733067465,0.4657775479307775,0.0,0.2762977021886359,0.225,0.0,0.23999999999999996,3.0,132.47369444236784,0.004268873939808675,True,False,False
3.9,0.24346427159911016,0.3414272335355309,0.1177066865596577,0.005584827736288782,-0.20963945774463816,0.0,0.1959837025972656,0.4658312758875283,0.0,0.27570921589268654,0.225,0.0,0.23999999999999996,3.0,132.50804977448533,0.004267662515807336,True,False,False
3.9050000000000002,0.2434329569684318,0.34303102366571725,0.1167335589599442,0.005611675692510164,-0.20963945774463816,0.0,0.1959837025972656,0.465885439801202,0.0,0.27512562355568726,0.225,0.0,0.23999999999999996,3.0,132.5080543909417,0.00491069773457202,True,False,False
3.91,0.24340417309732545,0.34464244109416525,0.1157606885708022,0.005638067738689485,-0.20963945774463816,0.0,0.1959837025972656,0.4659400323791483,0.0,0.27454695758424696,0.225,0.0,0.23999999999999996,3.0,132.5080587982327,0.005552505361007081,True,False,False
3.915,0.24337787895713392,0.34626134810028353,0.11478808585855722,0.005663955035541393,-0.20963945774463816,0.0,0.1959837025972656,0.4659950465642979,0.0,0.2739732173505133,0.225,0.0,0.23999999999999996,3.0,132.50806300298277,0.006192837873353285,True,False,False
3.92,0.24335403367577735,0.3478875936105871,0.11381576038221679,0.005689293046853953,-0.20963945774463816,0.0,0.1959837025972656,0.4660504752570983,0.0,0.27340440217394135,0.225,0.0,0.23999999999999996,3.0,132.5080670115937,0.006831456256264808,True,False,False
3.9250000000000003,0.2433325965452884,0.3495210143407889,0.11284372092001217,0.005714040993747973,-0.20963945774463816,0.0,0.1959837025972656,0.4661063113179215,0.0,0.27284051132576365,0.225,0.0,0.23999999999999996,3.0,132.50807083024898,0.007468130201455425,True,False,False
3.93,0.2433135270290352,0.351161435809717,0.11187197557226078,0.005738161414905983,-0.20963945774463816,0.0,0.1959837025972656,0.46616254756939335,0.0,0.2722815440329166,0.225,0.0,0.23999999999999996,3.0,132.50807446491828,0.008102638184151984,True,False,False
3.935,0.24329678476865046,0.35280867323682785,0.11090053184355896,0.005761619819545601,-0.20963945774463816,0.0,0.1959837025972656,0.4662191767986384,0.0,0.2717274994815265,0.225,0.0,0.23999999999999996,3.0,132.5080779213628,0.008734767455321028,True,False,False
3.94,0.2432823295907049,0.354462532353245,0.10992939670799352,0.005784384416759013,-0.20963945774463816,0.0,0.1959837025972656,0.4662761917594579,0.0,0.27117837682006035,0.225,0.0,0.23999999999999996,3.0,132.50808120513904,0.009364313976640563,True,False,False
3.9450000000000003,0.24327012151315094,0.35612281014395064,0.10895857666096188,0.005806425905231033,-0.20963945774463816,0.0,0.1959837025972656,0.4663335851744551,0.0,0.2706341751621819,0.225,0.0,0.23999999999999996,3.0,132.50808432160431,0.009991082316325652,True,False,False
3.95,0.2432601207515564,0.35778929553510763,0.10798807776075174,0.005827717309278741,-0.2089677954535976,0.0,0.1952059267005189,0.4663913497371092,0.0,0.27009489358941846,0.225,0.0,0.23999999999999996,3.0,132.49759006374234,0.011627406895242977,True,False,False
3.955,0.24325228659374956,0.35946171694484275,0.10702192939399084,0.0058478648260432125,-0.2089677954535976,0.0,0.1952059267005189,0.46644947821165866,0.0,0.2695605210442143,0.225,0.0,0.23999999999999996,3.0,132.49759296692918,0.01221171608201051,True,False,False
3.96,0.24324657864019347,0.3611397989892671,0.10605610825644553,0.005867234356854329,-0.2089677954535976,0.0,0.1952059267005189,0.4665079633512199,0.0,0.2690310464521285,0.225,0.0,0.23999999999999996,3.0,132.49759571888723,0.012793676903022348,True,False,False
3.9650000000000003,0.24324295788881029,0.3628233173087853,0.10509061698120158,0.005885815264498296,-0.2089677954535976,0.0,0.1952059267005189,0.466566797794819,0.0,0.2685064688387489,0.225,0.0,0.23999999999999996,3.0,132.49759832396347,0.013373109373976165,True,False,False
3.97,0.24324138555627542,0.3645120442874751,0.1041254585980435,0.005903595556575343,-0.2089677954535976,0.0,0.1952059267005189,0.46662597415975016,0.0,0.26798678721626307,0.225,0.0,0.23999999999999996,3.0,132.49760078635228,0.01394984245965862,True,False,False
3.975,0.2432418230825196,0.366205748765891,0.10316063637624406,0.005920562618491767,-0.2089677954535976,0.0,0.1952059267005189,0.4666854850430882,0.0,0.2674720005823193,0.225,0.0,0.23999999999999996,3.0,132.49760311009933,0.014523713501176842,True,False,False
3.98,0.24324423213529625,0.36790419595129176,0.102196153705743,0.005936703774728809,-0.2089677954535976,0.0,0.1952059267005189,0.46674532302326227,0.0,0.26696210791960584,0.225,0.0,0.23999999999999996,3.0,132.49760529910557,0.015094567770726007,True,False,False
3.985,0.24324857461476518,0.3696071474627196,0.1012320140099393,0.005952006708789499,-0.2089677954535976,0.0,0.1952059267005189,0.46680548066166605,0.0,0.26645710819601487,0.225,0.0,0.23999999999999996,3.0,132.49760735713087,0.015662258112815353,True,False,False
3.99,0.24325481265805313,0.3713143614800328,0.10026822068374686,0.0059664597703898105,-0.2089677954535976,0.0,0.1952059267005189,0.46686595050429625,0.0,0.2659570003651779,0.225,0.0,0.23999999999999996,3.0,132.49760928779727,0.01622664464424023,True,False,False
3.995,0.24326290864374941,0.3730255929680577,0.09930477705143281,0.0059800521945881,-0.2089677954535976,0.0,0.1952059267005189,0.4669267250833886,0.0,0.2654617833673071,0.225,0.0,0.23999999999999996,3.0,132.49761109459462,0.01678759449425539,True,False,False
4.0,0.24327282519632282,0.37474059395291764,0.0983416863397356,0.005992774253181779,-0.2075352314549775,0.0,0.1916891627662317,0.4669877969190498,0.0,0.26497145613025697,0.225,0.0,0.23999999999999996,3.0,132.45063346694533,0.019445516454538216,True,False,False
4.005,0.2432845210794169,0.37645890553564504,0.09739688014514583,0.006003172284784191,-0.2075352314549775,0.0,0.1916891627662317,0.4670491589544643,0.0,0.26448597243888256,0.225,0.0,0.23999999999999996,3.0,132.45063516394413,0.01992374527818655,True,False,False
4.01,0.24329795571421556,0.3781800792390101,0.09645241132117874,0.006012758727825398,-0.2075352314549775,0.0,0.1916891627662317,0.4671108041647657,0.0,0.2640052861138307,0.225,0.0,0.23999999999999996,3.0,132.4506367514786,0.02040020499609152,True,False,False
4.015,0.24331309308668742,0.3799038848596693,0.09550827775466957,0.006021548457996576,-0.2075352314549775,0.0,0.1916891627662317,0.46717272510446145,0.0,0.26352939614375953,0.225,0.0,0.23999999999999996,3.0,132.4506382320682,0.02087475073992527,True,False,False
4.0200000000000005,0.24332989743473837,0.38163009557852,0.09456447874082785,0.006029550619878518,-0.2075352314549775,0.0,0.1916891627662317,0.4672349143211113,0.0,0.263058301529908,0.225,0.0,0.23999999999999996,3.0,132.450639608155,0.021347246220065407,True,False,False
4.025,0.2433483332503767,0.3833584865808708,0.09362101462967098,0.006036770258526364,-0.2075352314549775,0.0,0.1916891627662317,0.4672973643560191,0.0,0.2625920012806063,0.225,0.0,0.23999999999999996,3.0,132.45064088210492,0.02181756265711446,True,False,False
4.03,0.2433683652821855,0.38508883406141914,0.0926778865520079,0.0060432095938426095,-0.2075352314549775,0.0,0.1916891627662317,0.46736006774509786,0.0,0.2621304944073749,0.225,0.0,0.23999999999999996,3.0,132.45064205620974,0.022285578016180686,True,False,False
4.035,0.24338995853802267,0.3868209145682533,0.09173509621215571,0.006048868995515326,-0.2075352314549775,0.0,0.1916891627662317,0.46742301701987643,0.0,0.26167377992231866,0.225,0.0,0.23999999999999996,3.0,132.45064313268864,0.02275117644588487,True,False,False
4.04,0.2434130782878536,0.38855450458067387,0.09079264573456669,0.006053747716428704,-0.2075352314549775,0.0,0.1916891627662317,0.46748620470860125,0.0,0.26122185683645727,0.225,0.0,0.23999999999999996,3.0,132.45064411369043,0.0232142478559787,True,False,False
4.045,0.243437690066652,0.39028938026786597,0.08985053755292224,0.006057844436287551,-0.2075352314549775,0.0,0.1916891627662317,0.4675496233373987,0.0,0.26077472415877845,0.225,0.0,0.23999999999999996,3.0,132.4506450012954,0.023674687589309552,True,False,False
4.05,0.2434637596773175,0.3920253173912388,0.08890877433210295,0.006061157658885436,-0.20579182541106522,0.0,0.18596993393011474,0.4676132654314719,0.0,0.26033238089582156,0.225,0.0,0.23999999999999996,3.0,132.37442123776373,0.026644901569949798,True,False,False
4.055,0.24349124793047894,0.3937617645967105,0.08799636032430594,0.006061420650001909,-0.20579182541106522,0.0,0.18596993393011474,0.46767712423518415,0.0,0.2598947528681049,0.225,0.0,0.23999999999999996,3.0,132.37442201517263,0.02700941710715777,True,False,False
4.0600000000000005,0.24352011649809474,0.39549819055682317,0.0870842592627758,0.006061014338251927,-0.20579182541106522,0.0,0.18596993393011474,0.467741193052731,0.0,0.25946176596772313,0.225,0.0,0.23999999999999996,3.0,132.37442271413306,0.02737346025497082,True,False,False
4.065,0.24355033287414773,0.3972344072983761,0.0861724679875341,0.006059963428109457,-0.20579182541106522,0.0,0.18596993393011474,0.4678054645012091,0.0,0.2590334193318034,0.225,0.0,0.23999999999999996,3.0,132.3744233359073,0.02773689922374207,True,False,False
4.07,0.24358186481421992,0.39897023272439636,0.08526098527598013,0.006058284711009558,-0.20579182541106522,0.0,0.18596993393011474,0.4678699312001877,0.0,0.25860971211999234,0.225,0.0,0.23999999999999996,3.0,132.37442388173315,0.02809960993711396,True,False,False
4.075,0.24361468033627273,0.40070548866271394,0.08434981141165171,0.006055989072015562,-0.20579182541106522,0.0,0.18596993393011474,0.4679345857718795,0.0,0.2581906435067499,0.225,0.0,0.23999999999999996,3.0,132.37442435282392,0.02846147476121124,True,False,False
4.08,0.24364874772182057,0.4024399994053372,0.08343894784635636,0.006053083075996617,-0.20579182541106522,0.0,0.18596993393011474,0.4679994208415355,0.0,0.2577762126756429,0.225,0.0,0.23999999999999996,3.0,132.37442475036815,0.028822381621086215,True,False,False
4.085,0.24368403551742154,0.4041735906580599,0.08252839694201183,0.006049570195440798,-0.20579182541106522,0.0,0.18596993393011474,0.46806442903804546,0.0,0.2573664188151997,0.225,0.0,0.23999999999999996,3.0,132.3744250755302,0.02918222337827774,True,False,False
4.09,0.2437205125363737,0.40590608879194495,0.0816181617776458,0.006045451746070782,-0.20579182541106522,0.0,0.18596993393011474,0.46812960299467365,0.0,0.25696126111599793,0.225,0.0,0.23999999999999996,3.0,132.3744253294505,0.029540897384517303,True,False,False
4.095,0.2437581478605435,0.4076373203322438,0.08070824600818391,0.006040727591114537,-0.20579182541106522,0.0,0.18596993393011474,0.4681949353498932,0.0,0.25656073876866176,0.225,0.0,0.23999999999999996,3.0,132.37442551324585,0.029898305154756204,True,False,False
4.1,0.2437969108422669,0.40936711162249506,0.07979865376363011,0.006035396666163895,-0.20413100213624996,0.0,0.17851045713602115,0.46826041874828556,0.0,0.25616485096253583,0.225,0.0,0.23999999999999996,3.0,132.27519108274905,0.032586939336119586,True,False,False
4.105,0.2438367659014814,0.4110948752659215,0.07892701001529535,0.006026592298712609,-0.20413100213624996,0.0,0.17851045713602115,0.4683260467990409,0.0,0.2557735016545095,0.225,0.0,0.23999999999999996,3.0,132.27519114155442,0.03285750666758822,True,False,False
4.11,0.243877678414501,0.4128200496286981,0.0780556448886091,0.006017324646333145,-0.20413100213624996,0.0,0.17851045713602115,0.46839181318685885,0.0,0.25538659489490684,0.225,0.0,0.23999999999999996,3.0,132.27519114504418,0.03312883076461924,True,False,False
4.115,0.24391961956430894,0.41454250534766496,0.0771845572307707,0.0060076155360967035,-0.20413100213624996,0.0,0.17851045713602115,0.4684577106815484,0.0,0.25500413003464956,0.225,0.0,0.23999999999999996,3.0,132.27519109369078,0.033400782714397316,True,False,False
4.12,0.24396256078923523,0.416262118112113,0.07631374789116224,0.005997478872942948,-0.20413100213624996,0.0,0.17851045713602115,0.46852373206141784,0.0,0.2546261064443026,0.225,0.0,0.23999999999999996,3.0,132.27519098797205,0.03367324023498002,True,False,False
4.125,0.2440064737831552,0.41797876669061906,0.07544321932140956,0.005986922537628227,-0.20413100213624996,0.0,0.17851045713602115,0.46858987011325237,0.0,0.25425252350632843,0.225,0.0,0.23999999999999996,3.0,132.27519082837003,0.033946086440218876,True,False,False
4.13,0.24405133049605243,0.4196923314310335,0.07457297525833807,0.005975949910949957,-0.20413100213624996,0.0,0.17851045713602115,0.46865611763252113,0.0,0.2538833806092191,0.225,0.0,0.23999999999999996,3.0,132.27519061537024,0.034219208997168314,True,False,False
4.135,0.24409710313488828,0.42140269315504575,0.07370302047997221,0.0059645610697979645,-0.20413100213624996,0.0,0.17851045713602115,0.46872246742379686,0.0,0.253518677143144,0.225,0.0,0.23999999999999996,3.0,132.2751903494612,0.03449249954716193,True,False,False
4.14,0.24414376416468128,0.4231097323429371,0.07283336062253229,0.005952753710468513,-0.20413100213624996,0.0,0.17851045713602115,0.46878891230132563,0.0,0.2531584124968048,0.225,0.0,0.23999999999999996,3.0,132.27519003113395,0.03476585330395106,True,False,False
4.1450000000000005,0.24419128630972634,0.42481332856073656,0.07196400204671345,0.005940523853125154,-0.20413100213624996,0.0,0.17851045713602115,0.46885544508970567,0.0,0.2528025860551799,0.225,0.0,0.23999999999999996,3.0,132.27518966088164,0.035039168771111906,True,False,False
4.15,0.24423964255490233,0.42651336006135154,0.07109495174295787,0.0059278663747997645,-0.20281608075989002,0.0,0.16971200699037514,0.4689220586246428,0.0,0.2524511971979717,0.225,0.0,0.23999999999999996,3.0,132.15833445413247,0.037070576814660805,True,False,False
4.155,0.24428880174509757,0.4282092293966371,0.07027032122884978,0.005911490388938899,-0.20281608075989002,0.0,0.16971200699037514,0.46898874690730913,0.0,0.2521041332055063,0.225,0.0,0.23999999999999996,3.0,132.15833396364482,0.03727998965708374,True,False,False
4.16,0.24433873369809428,0.4299003679991131,0.0694459424828826,0.005894842408410165,-0.20281608075989002,0.0,0.16971200699037514,0.46905550402216156,0.0,0.2517612814640632,0.225,0.0,0.23999999999999996,3.0,132.15833343341163,0.03749084872778208,True,False,False
4.165,0.24438941323500343,0.4315866998200731,0.06862181827947596,0.005877934140138621,-0.20281608075989002,0.0,0.16971200699037514,0.4691223229490087,0.0,0.2514226415215214,0.225,0.0,0.23999999999999996,3.0,132.15833286348035,0.03770302746749495,True,False,False
4.17,0.2444408154170416,0.4332681511941346,0.06779795313980969,0.005860770941833935,-0.20281608075989002,0.0,0.16971200699037514,0.4691891966808682,0.0,0.25108821293538575,0.225,0.0,0.23999999999999996,3.0,132.15833225391688,0.037916404850187074,True,False,False
4.175,0.24449291554565739,0.4349446492555506,0.06697435303897314,0.005843353274320151,-0.20281608075989002,0.0,0.16971200699037514,0.46925611822400737,0.0,0.2507579952665766,0.225,0.0,0.23999999999999996,3.0,132.15833160480463,0.0381308643344178,True,False,False
4.18,0.24454568916292643,0.4366161207175656,0.06615102516957536,0.005825677900868896,-0.20281608075989002,0.0,0.16971200699037514,0.46932308059817274,0.0,0.25043198807463973,0.225,0.0,0.23999999999999996,3.0,132.15833091624322,0.03834629315824349,True,False,False
4.1850000000000005,0.244599112052186,0.43828249095405564,0.06532797775876605,0.005807738848823035,-0.20281608075989002,0.0,0.16971200699037514,0.4693900768370047,0.0,0.2501101909141619,0.225,0.0,0.23999999999999996,3.0,132.15833018834806,0.03856258186371579,True,False,False
4.19,0.24465316023884276,0.4399436833271148,0.06450521993189229,0.005789528165614028,-0.20281608075989002,0.0,0.16971200699037514,0.46945709998859064,0.0,0.24979260333216152,0.225,0.0,0.23999999999999996,3.0,132.15832942124945,0.03877962397461201,True,False,False
4.195,0.2447078099912932,0.4415996187076827,0.06368276161510522,0.005771036505334379,-0.20281608075989002,0.0,0.16971200699037514,0.46952414311611546,0.0,0.24947922486621968,0.225,0.0,0.23999999999999996,3.0,132.15832861509207,0.03899731577664128,True,False,False
4.2,0.24476303782192216,0.4432502151486455,0.06286061346968143,0.005752253579950094,-0.20196532857689617,0.0,0.1599256322784472,0.46959119929858556,0.0,0.2491700550431991,0.225,0.0,0.23999999999999996,3.0,132.02853473582465,0.04022625676683952,True,False,False
4.205,0.24481881729082725,0.44489487308756015,0.06208750270306899,0.00572960440554597,-0.20196532857689617,0.0,0.1599256322784472,0.4696582629419356,0.0,0.24886496891783455,0.225,0.0,0.23999999999999996,3.0,132.02853383166052,0.04040812841273457,True,False,False
4.21,0.2448751228944778,0.44653302352372587,0.06131463313008387,0.005706823201369968,-0.20196532857689617,0.0,0.1599256322784472,0.469725328539241,0.0,0.24856384165816756,0.225,0.0,0.23999999999999996,3.0,132.02853289592463,0.04059143258621281,True,False,False
4.215,0.24493193289954054,0.44816462871786755,0.060542012322999515,0.005683909624088749,-0.20196532857689617,0.0,0.1599256322784472,0.4697923893264563,0.0,0.24826667295528793,0.225,0.0,0.23999999999999996,3.0,132.02853192853172,0.04077605045555825,True,False,False
4.22,0.2449892257936186,0.4497896502139696,0.05976964921149103,0.005660859348871142,-0.20196532857689617,0.0,0.1599256322784472,0.46985943855760814,0.0,0.24797346249815921,0.225,0.0,0.23999999999999996,3.0,132.02853092941868,0.04096186772848444,True,False,False
4.225,0.24504698028553068,0.4514080478478781,0.05899755393327526,0.005637664917408381,-0.20196532857689617,0.0,0.1599256322784472,0.46992646950502964,0.0,0.24768420996974014,0.225,0.0,0.23999999999999996,3.0,132.0285298985429,0.04114877385337956,True,False,False
4.23,0.24510517530574233,0.4530197789611128,0.058225737708428836,0.005614316485469152,-0.20196532857689617,0.0,0.1599256322784472,0.4699934754597188,0.0,0.24739891504389933,0.225,0.0,0.23999999999999996,3.0,132.0285288358821,0.04133666148867887,True,False,False
4.235,0.24516379000695768,0.45462479780970033,0.057454212742194206,0.005590802449901749,-0.20196532857689617,0.0,0.1599256322784472,0.4700604497318386,0.0,0.24711757738311702,0.225,0.0,0.23999999999999996,3.0,132.02852774143324,0.041525426150068975,True,False,False
4.24,0.24522280376482522,0.45622305513583117,0.056682992155861145,0.005567109958730399,-0.20196532857689617,0.0,0.1599256322784472,0.47012738565132134,0.0,0.24684019663682039,0.225,0.0,0.23999999999999996,3.0,132.02852661521186,0.041714965975311415,True,False,False
4.245,0.24528219617872327,0.4578144978695283,0.0559120899430653,0.00554322531820788,-0.20196532857689617,0.0,0.1599256322784472,0.47019427656855295,0.0,0.2465667724402214,0.225,0.0,0.23999999999999996,3.0,132.0285254572517,0.04190518156692555,True,False,False
4.25,0.24534194707259305,0.4593990689387933,0.05514152094817476,0.005519134313763098,-0.20157659515856446,0.0,0.14945922306245069,0.4702611158551099,0.0,0.24629730441358996,0.225,0.0,0.23999999999999996,3.0,131.88986802671172,0.04237024953892061,True,False,False
4.255,0.24540203465921487,0.4609761677625321,0.05442297886509593,0.005491087512001486,-0.20157659515856446,0.0,0.14945922306245069,0.4703278983354915,0.0,0.2460316592388212,0.225,0.0,0.23999999999999996,3.0,131.8898667988168,0.042551036870466366,True,False,False
4.26,0.24546243801821885,0.46254522537427245,0.053704686006873906,0.005462994693922522,-0.20157659515856446,0.0,0.14945922306245069,0.4703946189240408,0.0,0.24576970371620083,0.225,0.0,0.23999999999999996,3.0,131.88986554152171,0.04273260893383164,True,False,False
4.265,0.2455231385937136,0.46410622714506067,0.05298665496166304,0.0054348452626874445,-0.20157659515856446,0.0,0.14945922306245069,0.47046127116148084,0.0,0.24551143762532773,0.225,0.0,0.23999999999999996,3.0,131.8898642548277,0.04291486208343608,True,False,False
4.2700000000000005,0.24558411803074126,0.46565915515397593,0.052268899320703915,0.00540662709429708,-0.20157659515856446,0.0,0.14945922306245069,0.4705278486122527,0.0,0.24525686073391414,0.225,0.0,0.23999999999999996,3.0,131.88986293875558,0.04309769637281449,True,False,False
4.275,0.24564535817573613,0.4672039878148729,0.05155143367560408,0.0053783267775991414,-0.20157659515856446,0.0,0.14945922306245069,0.47059434486495844,0.0,0.24500597279632572,0.225,0.0,0.23999999999999996,3.0,131.88986159334493,0.04328101500154813,True,False,False
4.28,0.2457068410770364,0.4687406995523716,0.05083427360828053,0.0053499299023893965,-0.20157659515856446,0.0,0.14945922306245069,0.4706607535328629,0.0,0.24475877355229242,0.225,0.0,0.23999999999999996,3.0,131.88986021865355,0.04346472395152152,True,False,False
4.285,0.24576854898547928,0.4702692605506345,0.050117435685690985,0.0053214213423094904,-0.20157659515856446,0.0,0.14945922306245069,0.4707270682544832,0.0,0.24451526272596563,0.225,0.0,0.23999999999999996,3.0,131.8898588147566,0.04364873174722533,True,False,False
4.29,0.24583046435506098,0.47178963659093365,0.04940093746501117,0.005292785508934134,-0.20157659515856446,0.0,0.14945922306245069,0.4707932826942496,0.0,0.24427544002526183,0.225,0.0,0.23999999999999996,3.0,131.8898573817466,0.043832949296943244,True,False,False
4.295,0.24589256984363503,0.4733017889474263,0.04868479751148595,0.005264006569252663,-0.20157659515856446,0.0,0.14945922306245069,0.4708593905432146,0.0,0.24403930514148528,0.225,0.0,0.23999999999999996,3.0,131.88985591973227,0.0440172897866303,True,False,False
4.3,0.2459548483136392,0.47480567434592336,0.047969035429489146,0.005235068626660464,-0.20157031099652334,0.0,0.13858148406659748,0.47092538551980134,0.0,0.2438068577491622,0.225,0.0,0.23999999999999996,3.0,131.74586829679865,0.04386934404396458,True,False,False
4.305,0.2460172823436606,0.4763006928068906,0.0473068545272547,0.0052021333212657695,-0.20157031099652334,0.0,0.13858148406659748,0.47099126288867793,0.0,0.24357795950141498,0.225,0.0,0.23999999999999996,3.0,131.7458667909269,0.04406487151744703,True,False,False
4.3100000000000005,0.24607985529156842,0.4777862767992606,0.046644948758458274,0.005169200927184993,-0.20157031099652334,0.0,0.13858148406659748,0.4710570180072953,0.0,0.24335247217390432,0.225,0.0,0.23999999999999996,3.0,131.7458652542023,0.044260101844024055,True,False,False
4.315,0.2461425514790024,0.4792624247001664,0.045983335778584135,0.005136254158139789,-0.20157031099652334,0.0,0.13858148406659748,0.4711226447769199,0.0,0.24313039559919467,0.225,0.0,0.23999999999999996,3.0,131.7458636868449,0.044454953223602545,True,False,False
4.32,0.24620535540926666,0.4807291299817921,0.04532203404930348,0.005103276258457917,-0.20157031099652334,0.0,0.13858148406659748,0.47118813712887764,0.0,0.24291172959188417,0.225,0.0,0.23999999999999996,3.0,131.74586208908897,0.04464934687011372,True,False,False
4.325,0.24626825176789804,0.4821863813592473,0.044661062964749816,0.005070250735304182,-0.20157031099652334,0.0,0.13858148406659748,0.47125348902514713,0.0,0.2426964739491711,0.225,0.0,0.23999999999999996,3.0,131.7458604611826,0.04484320665937077,True,False,False
4.33,0.24633122542321156,0.4836341628476824,0.044000442946547196,0.00503716126025985,-0.20157031099652334,0.0,0.13858148406659748,0.47131869445894914,0.0,0.24248462845108285,0.225,0.0,0.23999999999999996,3.0,131.74585880338734,0.04503645889903828,True,False,False
4.335,0.24639426142687756,0.48507245380572295,0.04334019552550264,0.00500399166059396,-0.20157031099652334,0.0,0.13858148406659748,0.47138374745538225,0.0,0.2422761928606576,0.225,0.0,0.23999999999999996,3.0,131.74585711597734,0.04522903217697294,True,False,False
4.34,0.24645734501452027,0.4865012289857483,0.042680343420538905,0.004970725954658504,-0.20157031099652334,0.0,0.13858148406659748,0.471448642072093,0.0,0.2420711669241435,0.225,0.0,0.23999999999999996,3.0,131.74585539923945,0.04542085725942383,True,False,False
4.345,0.2465204616063308,0.48792045859387584,0.04202091062114407,0.004937348405983167,-0.20157031099652334,0.0,0.13858148406659748,0.47151337239997304,0.0,0.24186955037124508,0.225,0.0,0.23999999999999996,3.0,131.7458536534725,0.045611867020826306,True,False,False
4.3500000000000005,0.24658359680768682,0.4893301083713824,0.04136192247714938,0.004903843582389881,-0.20183357237477106,0.0,0.12752404621556904,0.47157793256387504,0.0,0.24167134291543102,0.225,0.0,0.23999999999999996,3.0,131.5995684035453,0.04504398908497048,True,False,False
4.355,0.24664673714488702,0.49072958423001856,0.04075680577192758,0.00486635159862042,-0.20183357237477106,0.0,0.12752404621556904,0.4716423182976729,0.0,0.24147640406678023,0.225,0.0,0.23999999999999996,3.0,131.5995666354125,0.0452595771956959,True,False,False
4.36,0.24670986982854945,0.4921183252229231,0.04015200753438401,0.004828896741111435,-0.20183357237477106,0.0,0.12752404621556904,0.4717065254314504,0.0,0.24128459346134207,0.225,0.0,0.23999999999999996,3.0,131.5995648337787,0.04547359022777325,True,False,False
4.365,0.24677298175271517,0.4934963390594898,0.03954755081063425,0.004791458731635792,-0.20183357237477106,0.0,0.12752404621556904,0.47177054828780607,0.0,0.24109591097332897,0.225,0.0,0.23999999999999996,3.0,131.59956299913176,0.0456859724743147,True,False,False
4.37,0.24683605997515778,0.49486362790821176,0.038943459487115493,0.004754019257352747,-0.20183357237477106,0.0,0.12752404621556904,0.4718343812259174,0.0,0.24091035645664424,0.225,0.0,0.23999999999999996,3.0,131.5995611319671,0.04589667068807486,True,False,False
4.375,0.24689909171796634,0.4962201888890711,0.0383397585211753,0.00471656134356377,-0.20183357237477106,0.0,0.12752404621556904,0.4718980186421925,0.0,0.24072792974683166,0.225,0.0,0.23999999999999996,3.0,131.59955923278852,0.04610563387021074,True,False,False
4.38,0.24696206436805548,0.49756601440745035,0.03773647412612304,0.004679068979603942,-0.20183357237477106,0.0,0.12752404621556904,0.47196145497086767,0.0,0.2405486306623651,0.225,0.0,0.23999999999999996,3.0,131.5995573021073,0.04631281313224996,True,False,False
4.385,0.2470249654776764,0.49890109239119323,0.03713363393256058,0.004641526900642358,-0.20183357237477106,0.0,0.12752404621556904,0.4720246846846209,0.0,0.24037245900559928,0.225,0.0,0.23999999999999996,3.0,131.59955534044207,0.046518161603356825,True,False,False
4.39,0.2470877827649248,0.5002254064874092,0.03653126714003455,0.004603920464893079,-0.20183357237477106,0.0,0.12752404621556904,0.4720877022951942,0.0,0.2401994145635325,0.225,0.0,0.23999999999999996,3.0,131.59955334831838,0.04672163436513446,True,False,False
4.3950000000000005,0.2471505041142458,0.5015389362293059,0.03592940466826211,0.004566235588669614,-0.20183357237477106,0.0,0.12752404621556904,0.472150502354024,0.0,0.24002949710847254,0.225,0.0,0.23999999999999996,3.0,131.59955132626888,0.046923188402956006,True,False,False
4.4,0.24721311757693332,0.5028416571910738,0.0353280793142642,0.004528458716013102,-0.20225464671729892,0.0,0.11648295533638828,0.4722130794528754,0.0,0.2398627063986346,0.225,0.0,0.23999999999999996,3.0,131.4535301839416,0.04611785130364462,True,False,False
4.405,0.24727561314418137,0.5041329900421332,0.03477980616314669,0.004486762540194889,-0.20225464671729892,0.0,0.11648295533638828,0.4722754298267004,0.0,0.23969890225603838,0.225,0.0,0.23999999999999996,3.0,131.45352815642855,0.04635066279925228,True,False,False
4.41,0.2473379813964098,0.5054123890350223,0.034231914621468955,0.004445141209383438,-0.20225464671729892,0.0,0.11648295533638828,0.47233754981014653,0.0,0.23953794463096917,0.225,0.0,0.23999999999999996,3.0,131.45352609335103,0.04658063544065438,True,False,False
4.415,0.2474002115047782,0.5066798726421718,0.03368443407120472,0.004403574284890549,-0.20225464671729892,0.0,0.11648295533638828,0.47239943420722624,0.0,0.23937983344710978,0.225,0.0,0.23999999999999996,3.0,131.45352399545314,0.04680774100024797,True,False,False
4.42,0.24746229278770188,0.5079354538633913,0.03313739504186312,0.004362044091422774,-0.20225464671729892,0.0,0.11648295533638828,0.4724610778645866,0.0,0.23922456860825414,0.225,0.0,0.23999999999999996,3.0,131.45352186348077,0.0470319532527678,True,False,False
4.425,0.24752421471136293,0.5091791409276416,0.032590829525680216,0.004320534881055557,-0.20225464671729892,0.0,0.11648295533638828,0.47252247567212213,0.0,0.2390721500010196,0.225,0.0,0.23999999999999996,3.0,131.45351969818321,0.04725324784815579,True,False,False
4.43,0.2475859668901321,0.5104109377606526,0.03204477124302645,0.004279032297016844,-0.20225464671729892,0.0,0.11648295533638828,0.47258362256351083,0.0,0.2389225774967043,0.225,0.0,0.23999999999999996,3.0,131.45351750031176,0.04747160222729623,True,False,False
4.4350000000000005,0.24764753908697332,0.5116308443330587,0.03149925588203943,0.004237523031026677,-0.20225464671729892,0.0,0.11648295533638828,0.4726445135167421,0.0,0.2387758509526479,0.225,0.0,0.23999999999999996,3.0,131.4535152706201,0.047686995562675485,True,False,False
4.44,0.2477089212138336,0.5128388569246501,0.030954321328692108,0.00419599460565773,-0.20225464671729892,0.0,0.11648295533638828,0.47270514355463805,0.0,0.23863197021327326,0.225,0.0,0.23999999999999996,3.0,131.4535130098641,0.047899408712950724,True,False,False
4.445,0.2477701033320233,0.5140349683438576,0.030410007898598924,0.004154435237420971,-0.20225464671729892,0.0,0.11648295533638828,0.4727655077453722,0.0,0.23849093511093372,0.225,0.0,0.23999999999999996,3.0,131.4535107188018,0.04810882418496091,True,False,False
4.45,0.2478310756525834,0.5152191681125127,0.02986635857881793,0.0041128337518858155,-0.20274377646641356,0.0,0.10562041031220253,0.47282560120298084,0.0,0.23835274546665533,0.225,0.0,0.23999999999999996,3.0,131.30987382990855,0.047207653577933155,True,False,False
4.455,0.24789183113084645,0.516390902258456,0.029373969112417637,0.00406743963559847,-0.20274377646641356,0.0,0.10562041031220253,0.4728854206923617,0.0,0.2382172634589094,0.225,0.0,0.23999999999999996,3.0,131.30987154637253,0.04744990126434606,True,False,False
4.46,0.24795236322085476,0.5175496504239055,0.028882051222327246,0.0040221712503102055,-0.20274377646641356,0.0,0.10562041031220253,0.4729449630809806,0.0,0.2380843513949948,0.225,0.0,0.23999999999999996,3.0,131.30986922674464,0.04768820867378688,True,False,False
4.465,0.24801266309356498,0.5186954458605672,0.02839064249770578,0.003977009602505652,-0.20274377646641356,0.0,0.10562041031220253,0.47300422370733214,0.0,0.23795400926548063,0.225,0.0,0.23999999999999996,3.0,131.30986687198302,0.04792257394582608,True,False,False
4.47,0.24807272205210185,0.5198283167996975,0.027899782294670515,0.003931938743838727,-0.20274377646641356,0.0,0.10562041031220253,0.4730631979575886,0.0,0.2378262370429159,0.225,0.0,0.23999999999999996,3.0,131.30986448304418,0.04815299683050195,True,False,False
4.4750000000000005,0.24813253153214573,0.5209482872300455,0.027409512130664553,0.0038869448505195843,-0.20274377646641356,0.0,0.10562041031220253,0.47312188126610477,0.0,0.23770103468484077,0.225,0.0,0.23999999999999996,3.0,131.30986206088306,0.048379478601995256,True,False,False
4.48,0.2481920831022318,0.5220553774050082,0.0269198760342586,0.003842015618910052,-0.20274377646641356,0.0,0.10562041031220253,0.473180269115837,0.0,0.2375784021358075,0.225,0.0,0.23999999999999996,3.0,131.3098596064534,0.048602021999715576,True,False,False
4.485,0.24825136846403,0.5231496042247992,0.02643092087538403,0.0037971398690059732,-0.20274377646641356,0.0,0.10562041031220253,0.47323835703874695,0.0,0.23745833932886565,0.225,0.0,0.23999999999999996,3.0,131.3098571207064,0.048820631184092425,True,False,False
4.49,0.24831037945260548,0.5242309815172567,0.02594269669353482,0.0037523072848450936,-0.20274377646641356,0.0,0.10562041031220253,0.4732961406161881,0.0,0.23734084618664442,0.225,0.0,0.23999999999999996,3.0,131.30985460459252,0.04903531169956564,True,False,False
4.495,0.24836910803666729,0.5252995202515425,0.025455257036782225,0.00370750824521895,-0.20274377646641356,0.0,0.10562041031220253,0.4733536154792837,0.0,0.23722592262223713,0.225,0.0,0.23999999999999996,3.0,131.30985205906038,0.049246070440646654,True,False,False
4.5,0.24842754631880726,0.5263552287329071,0.024968659321573144,0.0036627337139669303,-0.2032410438911305,0.0,0.09506715018038436,0.47341077730929737,0.0,0.23711356853990978,0.225,0.0,0.23999999999999996,3.0,131.1703119828946,0.04834012110396391,True,False,False
4.505,0.24848568973186605,0.5273975884335749,0.024530667994151607,0.0036143464414222694,-0.2032410438911305,0.0,0.09506715018038436,0.4734676234220254,0.0,0.23700365013194846,0.225,0.0,0.23999999999999996,3.0,131.17030945487676,0.048582116771855643,True,False,False
4.51,0.24854353412429706,0.5284261139583336,0.024093278289161992,0.0035661499983365304,-0.2032410438911305,0.0,0.09506715018038436,0.4735241512374908,0.0,0.2368960337179002,0.225,0.0,0.23999999999999996,3.0,131.17030689206572,0.048819311960572785,True,False,False
4.515,0.24860107241171825,0.5294408574850984,0.02365653916542709,0.003518127326900126,-0.2032410438911305,0.0,0.09506715018038436,0.473580356669855,0.0,0.23679071937280904,0.225,0.0,0.23999999999999996,3.0,131.1703042955847,0.049051728339249895,True,False,False
4.5200000000000005,0.24865829762812344,0.5304418667204628,0.023220502351592683,0.0034702643555654857,-0.2032410438911305,0.0,0.09506715018038436,0.47363623568464736,0.0,0.2366877071559237,0.225,0.0,0.23999999999999996,3.0,131.17030166655238,0.04927938883693805,True,False,False
4.525,0.2487152029261329,0.5314291856549725,0.022785222835838937,0.003422549079392395,-0.2032410438911305,0.0,0.09506715018038436,0.4736917842991304,0.0,0.2365869971136443,0.225,0.0,0.23999999999999996,3.0,131.1702990060831,0.049502317570340716,True,False,False
4.53,0.24877178157716304,0.5324028550598416,0.022350759325200042,0.0033749709521442915,-0.2032410438911305,0.0,0.09506715018038436,0.47374699858257896,0.0,0.2364885892814731,0.225,0.0,0.23999999999999996,3.0,131.17029631528678,0.04972053979321991,True,False,False
4.535,0.24882802697157477,0.5333629128442702,0.02191717469993711,0.0033275204846003547,-0.2032410438911305,0.0,0.09506715018038436,0.47380187465653634,0.0,0.23639248368542326,0.225,0.0,0.23999999999999996,3.0,131.17029359526887,0.049934081856887046,True,False,False
4.54,0.24888393261881234,0.5343093943176622,0.021484536481589444,0.0032801889795737605,-0.2032410438911305,0.0,0.09506715018038436,0.47385640869505957,0.0,0.2362986803430395,0.225,0.0,0.23999999999999996,3.0,131.17029084713027,0.0501429711756548,True,False,False
4.545,0.24893949214752703,0.5352423323907841,0.021052917329130682,0.0032329683577132077,-0.2032410438911305,0.0,0.09506715018038436,0.4739105969249493,0.0,0.2362071792641755,0.225,0.0,0.23999999999999996,3.0,131.17028807196778,0.05034723619401937,True,False,False
4.55,0.24899469930569346,0.5361617577316986,0.020622395575198803,0.0031858510436519405,-0.2037147662466523,0.0,0.084925492054025,0.47396443562597235,0.0,0.23611798045164922,0.225,0.0,0.23999999999999996,3.0,131.0361895767213,0.04948176387595024,True,False,False
4.555,0.24904955155209987,0.537067195085315,0.02023704319795268,0.003135342995926719,-0.2037147662466523,0.0,0.084925492054025,0.47401792267498466,0.0,0.2360309554125174,0.225,0.0,0.23999999999999996,3.0,131.03618682722356,0.049714225717793825,True,False,False
4.5600000000000005,0.2491040466869777,0.5379582013020949,0.01985248436781271,0.003085100030192006,-0.2037147662466523,0.0,0.084925492054025,0.47407105605314825,0.0,0.23594597577739782,0.225,0.0,0.23999999999999996,3.0,131.0361840459422,0.04994128805558189,True,False,False
4.565,0.24915817913973787,0.538834850073549,0.019468784445908886,0.0030351067576284115,-0.2037147662466523,0.0,0.084925492054025,0.4741238322770329,0.0,0.2358630417170969,0.225,0.0,0.23999999999999996,3.0,131.03618123412087,0.05016299236928817,True,False,False
4.57,0.24921194344561753,0.5396972110686212,0.019086013090969002,0.0029853505460801753,-0.2037147662466523,0.0,0.084925492054025,0.474176247916817,0.0,0.23578215338844347,0.225,0.0,0.23999999999999996,3.0,131.03617839299662,0.05037938107438209,True,False,False
4.575,0.2492653342457972,0.5405453506232968,0.018704244888417796,0.002935820648900362,-0.2037147662466523,0.0,0.084925492054025,0.47422829959650437,0.0,0.23570331093700608,0.225,0.0,0.23999999999999996,3.0,131.0361755237998,0.050590497451612,True,False,False
4.58,0.2493183462874506,0.54137933219461,0.018323559972372224,0.0028865076293157054,-0.2037147662466523,0.0,0.084925492054025,0.4742799839940631,0.0,0.23562651449885086,0.225,0.0,0.23999999999999996,3.0,131.03617262775458,0.050796385597508376,True,False,False
4.585,0.24937097442377626,0.5421992166753745,0.01794404466646968,0.0028374029803999484,-0.2037147662466523,0.0,0.084925492054025,0.4743312978415413,0.0,0.23555176420181123,0.225,0.0,0.23999999999999996,3.0,131.0361697060774,0.05099709038559054,True,False,False
4.59,0.24942321361402633,0.5430050626243696,0.017565792163498913,0.002788498874814671,-0.2037147662466523,0.0,0.084925492054025,0.4743822379251752,0.0,0.23547906016634473,0.225,0.0,0.23999999999999996,3.0,131.0361667599787,0.05119265743247794,True,False,False
4.595,0.24947505892352145,0.5437969264351428,0.017188903260268423,0.002739788000794283,-0.2037147662466523,0.0,0.084925492054025,0.474432801085482,0.0,0.23540840250622289,0.225,0.0,0.23999999999999996,3.0,131.0361637906618,0.051383133065845646,True,False,False
4.6000000000000005,0.24952650552366443,0.5445748624669299,0.016813487162239894,0.002691263455513095,-0.20415465807600103,0.0,0.0752727816639793,0.4744829842173498,0.0,0.23533979132903637,0.225,0.0,0.23999999999999996,3.0,130.90852753304313,0.05056993485154167,True,False,False
4.605,0.24957755249514693,0.545338443424313,0.016479049239197078,0.002639598478469782,-0.20415465807600103,0.0,0.0752727816639793,0.4745327857573519,0.0,0.23527310443913424,0.225,0.0,0.23999999999999996,3.0,130.90852459691754,0.050785365809846876,True,False,False
4.61,0.24962819919545842,0.5460872726109458,0.016145693050076116,0.0025882741831553435,-0.20415465807600103,0.0,0.0752727816639793,0.4745822042447888,0.0,0.23520821975879525,0.225,0.0,0.23999999999999996,3.0,130.90852163341026,0.05099503908522031,True,False,False
4.615,0.24967844136201917,0.5468214455345791,0.015813508204353493,0.002537276235128786,-0.20415465807600103,0.0,0.0752727816639793,0.47463123681066977,0.0,0.23514513755678268,0.225,0.0,0.23999999999999996,3.0,130.90851864384786,0.05119901206841571,True,False,False
4.62,0.2497282748267361,0.5475410539391886,0.015482590901243933,0.0024865927858723573,-0.20415465807600103,0.0,0.0752727816639793,0.4746798806404884,0.0,0.23508385808897683,0.225,0.0,0.23999999999999996,3.0,130.9085156295485,0.05139734278003841,True,False,False
4.625,0.24977769551600737,0.5482461864343261,0.015153044772107903,0.002436213667809186,-0.20415465807600103,0.0,0.0752727816639793,0.4747281329743069,0.0,0.23502438160082692,0.225,0.0,0.23999999999999996,3.0,130.90851259182094,0.05159008980082075,True,False,False
4.63,0.24982669945067246,0.5489369288890107,0.014824981747691514,0.002386129863922431,-0.20415465807600103,0.0,0.0752727816639793,0.4747759911067717,0.0,0.23496670832888372,0.225,0.0,0.23999999999999996,3.0,130.9085095319659,0.05177731222276326,True,False,False
4.635,0.24987528274594725,0.5496133647125792,0.014498522976516567,0.0023363331589412546,-0.20415465807600103,0.0,0.0752727816639793,0.47482345238710755,0.0,0.23491083850190542,0.225,0.0,0.23999999999999996,3.0,130.90850645127506,0.05195906961133041,True,False,False
4.64,0.24992344161135577,0.5502755750455376,0.014173799815543673,0.0022868159108406613,-0.20415465807600103,0.0,0.0752727816639793,0.47487051421910276,0.0,0.23485677234161945,0.225,0.0,0.23999999999999996,3.0,130.9085033510308,0.05213542197297061,True,False,False
4.6450000000000005,0.24997117235066185,0.5509236389036594,0.0138509549111577,0.002237570902203914,-0.20415465807600103,0.0,0.0752727816639793,0.47491717406109074,0.0,0.23480451006326028,0.225,0.0,0.23999999999999996,3.0,130.90850023250636,0.05230642972489401,True,False,False
4.65,0.2500184713617934,0.5515576332844144,0.013530143386806921,0.0021885912446492814,-0.20456344354424155,0.0,0.06616493890557704,0.4749634294259226,0.0,0.2347540518759983,0.225,0.0,0.23999999999999996,3.0,130.78806720464186,0.05153792917141115,True,False,False
4.655,0.2500653389967322,0.5521771802387346,0.013245328263900548,0.0021367274160364953,-0.20456344354424155,0.0,0.06616493890557704,0.4750092792979221,0.0,0.23470528258693607,0.225,0.0,0.23999999999999996,3.0,130.78806412707794,0.05173102321181334,True,False,False
4.66,0.2501117757764956,0.5527818555447128,0.012962112310490354,0.0020845499014016597,-0.20456344354424155,0.0,0.06616493890557704,0.47505472270299026,0.0,0.23465808685931028,0.225,0.0,0.23999999999999996,3.0,130.78806102836464,0.0519087687522632,True,False,False
4.665,0.250157778382352,0.5533714472120268,0.01268070586700318,0.0020313964904835904,-0.20456344354424155,0.0,0.06616493890557704,0.4750997571771652,0.0,0.2346124639103806,0.225,0.0,0.23999999999999996,3.0,130.78805791290503,0.052067323791047386,True,False,False
4.67,0.2502033436202222,0.5539456605656466,0.012401260480824763,0.0019771882740119207,-0.20456344354424155,0.0,0.06616493890557704,0.4751443803431968,0.0,0.23456841262087286,0.225,0.0,0.23999999999999996,3.0,130.78805478486566,0.05220957042882985,True,False,False
4.675,0.2502484684527821,0.5545041972214699,0.012123917921824592,0.0019219670378532424,-0.20456344354424155,0.0,0.06616493890557704,0.47518858994892726,0.0,0.23452593182992584,0.225,0.0,0.23999999999999996,3.0,130.7880516478368,0.05233766410307656,True,False,False
4.68,0.2502931499949661,0.5550467817975104,0.011848820060753813,0.001865844713506176,-0.20456344354424155,0.0,0.06616493890557704,0.4752323838653407,0.0,0.2344850204468779,0.225,0.0,0.23999999999999996,3.0,130.7880485049754,0.052453250268685025,True,False,False
4.6850000000000005,0.25033738550783025,0.5555731768262598,0.011576115914046307,0.001808969536151195,-0.20456344354424155,0.0,0.06616493890557704,0.47527576008200545,0.0,0.23444567751472234,0.225,0.0,0.23999999999999996,3.0,130.78804535910285,0.05255760998167973,True,False,False
4.69,0.2503811723917439,0.5560831897632804,0.011305966739959952,0.0017515040027444308,-0.20456344354424155,0.0,0.06616493890557704,0.47531871670116854,0.0,0.2344079022411725,0.225,0.0,0.23999999999999996,3.0,130.78804221277872,0.052651758958450104,True,False,False
4.695,0.250424508179556,0.5565766749299215,0.011038549835256473,0.001693611014337687,-0.20456344354424155,0.0,0.06616493890557704,0.4753612519313721,0.0,0.23437169400897684,0.225,0.0,0.23999999999999996,3.0,130.78803906835148,0.05273651599550292,True,False,False
4.7,0.2504673905300904,0.5570535323339316,0.01077406149844052,0.0016354455933548786,-0.20516662752247855,0.0,0.057678597414262775,0.4754033640810971,0.0,0.23433705237333657,0.225,0.0,0.23999999999999996,3.0,130.67589318973066,0.051592302142145455,True,False,False
4.705,0.25050982096484997,0.5575132472012773,0.010539620262696395,0.0015739501687914216,-0.20516662752247855,0.0,0.057678597414262775,0.4754450528496737,0.0,0.2343038694743419,0.225,0.0,0.23999999999999996,3.0,130.6758901492727,0.0516993390123445,True,False,False
4.71,0.250551801204343,0.5579553382285392,0.010307409405641805,0.0015124305141515986,-0.20516662752247855,0.0,0.057678597414262775,0.47548631805604924,0.0,0.23427203758179532,0.225,0.0,0.23999999999999996,3.0,130.67588710726383,0.05179697390979692,True,False,False
4.715,0.25059332937968504,0.5583798170763732,0.010077586629069405,0.0014510147954116372,-0.20516662752247855,0.0,0.057678597414262775,0.47552715832841697,0.0,0.2342415566787892,0.225,0.0,0.23999999999999996,3.0,130.6758840658561,0.051885747422459286,True,False,False
4.72,0.2506344037269742,0.5587867304923744,0.009850325723948474,0.0013898193279410784,-0.20516662752247855,0.0,0.057678597414262775,0.47556757238115543,0.0,0.23421242688250832,0.225,0.0,0.23999999999999996,3.0,130.67588102709038,0.05196611624738461,True,False,False
4.7250000000000005,0.2506750225824936,0.5591761566572375,0.009625818026982088,0.0013289471596777873,-0.20516662752247855,0.0,0.057678597414262775,0.47560755900982193,0.0,0.23418464843089412,0.225,0.0,0.23999999999999996,3.0,130.67587799291317,0.052038470349167254,True,False,False
4.73,0.25071518437844265,0.5595482013430667,0.00940427375873533,0.00126848788067805,-0.20516662752247855,0.0,0.057678597414262775,0.4756471170866323,0.0,0.23415822166831696,0.225,0.0,0.23999999999999996,3.0,130.67587496519005,0.05210314606894371,True,False,False
4.735,0.25075488763917325,0.5599029941151671,0.009185923317753928,0.0012085181531265726,-0.20516662752247855,0.0,0.057678597414262775,0.4756862455564296,0.0,0.23413314703133828,0.225,0.0,0.23999999999999996,3.0,130.6758719457148,0.05216043629476603,True,False,False
4.74,0.2507941309778768,0.5602406847566156,0.008971018570784832,0.0011491026335437842,-0.20516662752247855,0.0,0.057678597414262775,0.47572494343310273,0.0,0.23410942503520576,0.225,0.0,0.23999999999999996,3.0,130.67586893621987,0.0522105984662203,True,False,False
4.745,0.2508329130936703,0.5605614399842558,0.008759834153204265,0.0010902950781496198,-0.20516662752247855,0.0,0.057678597414262775,0.4757632097964157,0.0,0.2340870562614235,0.225,0.0,0.23999999999999996,3.0,130.6758659383819,0.05225386095434012,True,False,False
4.75,0.2508712327690357,0.5608654404915285,0.008552668772621971,0.0010321395016558601,-0.20623413340442182,0.0,0.04984018503323191,0.47580104378920446,0.0,0.234066041346516,0.225,0.0,0.23999999999999996,3.0,130.57244112452543,0.05036134419163123,True,False,False
4.755,0.2509090923851705,0.5611524181701504,0.008368406285342397,0.0009714180591650539,-0.20623413340442182,0.0,0.04984018503323191,0.4758384457755835,0.0,0.23404628162912336,0.225,0.0,0.23999999999999996,3.0,130.572438292891,0.050451793578602105,True,False,False
4.76,0.2509464944482483,0.5614220707592391,0.008187269706202914,0.0009111976890119214,-0.20623413340442182,0.0,0.04984018503323191,0.4758754161922898,0.0,0.23402767832329108,0.225,0.0,0.23999999999999996,3.0,130.57243546278133,0.05053288807036122,True,False,False
4.765,0.2509834380567303,0.5616745505533802,0.00800949181984719,0.0008515399920369428,-0.20623413340442182,0.0,0.04984018503323191,0.47591195439371736,0.0,0.23401023196595572,0.225,0.0,0.23999999999999996,3.0,130.5724326363095,0.05060509145480052,True,False,False
4.7700000000000005,0.2510199223939666,0.561910027458239,0.007835322736373999,0.000792505205565042,-0.20623413340442182,0.0,0.04984018503323191,0.47594805980505506,0.0,0.23399394316114897,0.225,0.0,0.23999999999999996,3.0,130.57242981549385,0.050668798032749304,True,False,False
4.775,0.2510559467246794,0.5621286880067279,0.007665031134266958,0.0007341487598903571,-0.20623413340442182,0.0,0.04984018503323191,0.47598373191870513,0.0,0.23397881257685862,0.225,0.0,0.23999999999999996,3.0,130.5724270022708,0.05072434806804968,True,False,False
4.78,0.25109151039179006,0.5623307337002706,0.007498905170371216,0.0006765195218760392,-0.20623413340442182,0.0,0.04984018503323191,0.47601897029097334,0.0,0.23396484093914105,0.225,0.0,0.23999999999999996,3.0,130.5724241985063,0.05077203927590286,True,False,False
4.785,0.2511266128135838,0.5625163790050639,0.007337253093920124,0.0006196590997177348,-0.20623413340442182,0.0,0.04984018503323191,0.47605377453905406,0.0,0.23395202902475465,0.225,0.0,0.23999999999999996,3.0,130.5724214060031,0.05081213549755157,True,False,False
4.79,0.2511612534811824,0.5626858492580575,0.007180403561165078,0.0005636017949046756,-0.20623413340442182,0.0,0.04984018503323191,0.4760881443383073,0.0,0.23394037765334197,0.225,0.0,0.23999999999999996,3.0,130.5724186265071,0.05084487335394916,True,False,False
4.795,0.25119543195630234,0.5628393786103011,0.007028705616303019,0.0005083749306524293,-0.20623413340442182,0.0,0.04984018503323191,0.4761220794198158,0.0,0.23392988767969908,0.225,0.0,0.23999999999999996,3.0,130.57241586171241,0.050870467423500584,True,False,False
4.8,0.2512291478692615,0.5629772081039371,0.0068825282805231045,0.0004539993822507511,-0.20765341079893454,0.0,0.042599017043692705,0.476155579568198,0.0,0.23392055998649425,0.225,0.0,0.23999999999999996,3.0,130.477007311164,0.048424796699673756,True,False,False
4.805,0.25126240417832824,0.5630991265326468,0.006751016919251735,0.00039722967737472286,-0.20765341079893454,0.0,0.042599017043692705,0.4761886456579961,0.0,0.23391230372183114,0.225,0.0,0.23999999999999996,3.0,130.477004744291,0.04851307321800507,True,False,False
4.8100000000000005,0.2512952039235382,0.56320485378051,0.006623791254024551,0.0003409737393179706,-0.20765341079893454,0.0,0.042599017043692705,0.47622127861426955,0.0,0.23390502777822547,0.225,0.0,0.23999999999999996,3.0,130.47700217850888,0.04859074545994412,True,False,False
4.815,0.25132754697178394,0.5632945461178338,0.006501124853270663,0.00028529643109950255,-0.20765341079893454,0.0,0.042599017043692705,0.47625347839282683,0.0,0.23389873272511585,0.225,0.0,0.23999999999999996,3.0,130.4769996161286,0.04865840700288173,True,False,False
4.82,0.2513594332689231,0.5633683788410855,0.0063833029457349335,0.00023026398144538663,-0.20765341079893454,0.0,0.042599017043692705,0.47628524501898406,0.0,0.23389341920356702,0.225,0.0,0.23999999999999996,3.0,130.47699705934204,0.04871656104696383,True,False,False
4.825,0.2513908628356834,0.5634265457665412,0.006270621756828865,0.0001759388505010635,-0.20765341079893454,0.0,0.042599017043692705,0.476316578583436,0.0,0.23388908792527613,0.225,0.0,0.23999999999999996,3.0,130.47699451023925,0.04876564084150961,True,False,False
4.83,0.25142183576397464,0.5634692577167043,0.0061633872317326775,0.00012237694996175997,-0.20765341079893454,0.0,0.042599017043692705,0.4763474792384276,0.0,0.23388573966736348,0.225,0.0,0.23999999999999996,3.0,130.47699197082162,0.048806024742225715,True,False,False
4.835,0.2514523522135961,0.5634967404216829,0.006061913190297988,6.96263610107991e-05,-0.20765341079893454,0.0,0.042599017043692705,0.4763779471942576,0.0,0.23388337526478467,0.225,0.0,0.23999999999999996,3.0,130.47698944301123,0.04883804748551951,True,False,False
4.84,0.2514824124092988,0.5635092322167796,0.005966518934842707,1.7726980712602083e-05,-0.20765341079893454,0.0,0.042599017043692705,0.47640798271610985,0.0,0.23388199560176365,0.225,0.0,0.23999999999999996,3.0,130.47698692866015,0.04886200876898933,True,False,False
4.845,0.25151201663818507,0.5635069817147024,0.0058775263236618145,3.328927771551783e-05,-0.20765341079893454,0.0,0.042599017043692705,0.4764375861212146,0.0,0.23388160160307736,0.225,0.0,0.23999999999999996,3.0,130.476984429556,0.04887817988226227,True,False,False
4.8500000000000005,0.25154116524740405,0.5634902455835223,0.0057952563275372945,8.339797408533401e-05,-0.20932037334589965,0.0,0.0359464531796033,0.4764667577763104,0.0,0.23388219422568574,0.225,0.0,0.23999999999999996,3.0,130.38944598758877,0.04604965590291747,True,False,False
4.855,0.2515698616143301,0.5634588389119654,0.005718045120287812,0.00013579317305226029,-0.20932037334589965,0.0,0.0359464531796033,0.4764954990187671,0.0,0.2338836901685331,0.225,0.0,0.23999999999999996,3.0,130.38944369886366,0.04613847187410431,True,False,False
4.86,0.25159810916706193,0.5634124870145282,0.005645947589963812,0.00018772292712860726,-0.20932037334589965,0.0,0.0359464531796033,0.47652381122136583,0.0,0.23388600579657143,0.225,0.0,0.23999999999999996,3.0,130.38944141012456,0.046215475531323144,True,False,False
4.865,0.2516259084337729,0.5633513344059924,0.005579182763821292,0.00023910753863978372,-0.20932037334589965,0.0,0.0359464531796033,0.4765516948965913,0.0,0.2338891416500053,0.225,0.0,0.23999999999999996,3.0,130.38943912382598,0.04628138991883824,True,False,False
4.87,0.25165326001750765,0.5632755489217568,0.005517965466642768,0.00028986598154930455,-0.20932037334589965,0.0,0.0359464531796033,0.47657915062611,0.0,0.23389309835641953,0.225,0.0,0.23999999999999996,3.0,130.38943684228275,0.046336827953565064,True,False,False
4.875,0.25168016459135367,0.5631853210391464,0.005462503882972812,0.0003399219569219888,-0.20932037334589965,0.0,0.0359464531796033,0.47660617905587976,0.0,0.23389787662928402,0.225,0.0,0.23999999999999996,3.0,130.38943456769013,0.04638231713636593,True,False,False
4.88,0.25170662289411383,0.5630808620018908,0.005412996862145122,0.00038920715633003033,-0.20932037334589965,0.0,0.0359464531796033,0.47663278089163735,0.0,0.23390347726151478,0.225,0.0,0.23999999999999996,3.0,130.38943230213937,0.046418317772738124,True,False,False
4.885,0.2517326357264463,0.5629624012840256,0.005369631081123771,0.000437662749861694,-0.20932037334589965,0.0,0.0359464531796033,0.47665895689478255,0.0,0.23390990111626608,0.225,0.0,0.23999999999999996,3.0,130.3894300476298,0.04644523662202419,True,False,False
4.89,0.25175820394743464,0.5628301838007821,0.005332578170781666,0.0004852397747389946,-0.20932037334589965,0.0,0.0359464531796033,0.47668470787866335,0.0,0.23391714911657563,0.225,0.0,0.23999999999999996,3.0,130.3894278060783,0.04646343729189701,True,False,False
4.8950000000000005,0.2517833284715565,0.5626844671066793,0.005301991907729654,0.0005318988693740191,-0.20932037334589965,0.0,0.0359464531796033,0.47671003470525425,0.0,0.23392522223489362,0.225,0.0,0.23999999999999996,3.0,130.3894255793262,0.04647324827749593,True,False,False
4.9,0.2518080102660092,0.5625255187288094,0.005278005572092847,0.0005776096418181762,-0.21114335944125573,0.0,0.029876409911411963,0.47673493828220104,0.0,0.23393412148299964,0.225,0.0,0.23999999999999996,3.0,130.3096484174565,0.04340852749925041,True,False,False
4.905,0.25183225301233203,0.5623531822683304,0.005249241615291978,0.0006254620599766811,-0.21114335944125573,0.0,0.029876409911411963,0.47675942037533003,0.0,0.23394377101282757,0.225,0.0,0.23999999999999996,3.0,130.3096464009356,0.043496709588425914,True,False,False
4.91,0.2518560604189844,0.5621671981077425,0.005225370045368847,0.0006728742943248567,-0.21114335944125573,0.0,0.029876409911411963,0.4767834827735256,0.0,0.23395409459180336,0.225,0.0,0.23999999999999996,3.0,130.30964438358015,0.04357217608268056,True,False,False
4.915,0.25187943358971115,0.5619677051799307,0.005206477132666824,0.0007197550061295816,-0.21114335944125573,0.0,0.029876409911411963,0.47680712650755364,0.0,0.23396509275277658,0.225,0.0,0.23999999999999996,3.0,130.30964236788458,0.04363574739113193,True,False,False
4.92,0.25190237369841506,0.5617548690317158,0.005192636621239296,0.0007660120516940844,-0.21114335944125573,0.0,0.029876409911411963,0.4768303526754065,0.0,0.23397676612804058,0.225,0.0,0.23999999999999996,3.0,130.30964035619309,0.043688119809029535,True,False,False
4.925,0.2519248819837789,0.5615288808968245,0.005183908257739388,0.0008115590481839392,-0.21114335944125573,0.0,0.029876409911411963,0.4768531624368291,0.0,0.23398911544703319,0.225,0.0,0.23999999999999996,3.0,130.3096383507206,0.043729893165087755,True,False,False
4.93,0.25194695974446374,0.5612899554832074,0.005180336619115137,0.0008563188794935932,-0.21114335944125573,0.0,0.029876409911411963,0.47687555700829026,0.0,0.23400214152868154,0.225,0.0,0.23999999999999996,3.0,130.30963635357043,0.04376159122760282,True,False,False
4.9350000000000005,0.25196860833482354,0.5610383280630259,0.005181950251746395,0.0009002252592098765,-0.21114335944125573,0.0,0.029876409911411963,0.4768975376583997,0.0,0.2340158452708175,0.225,0.0,0.23999999999999996,3.0,130.30963436674637,0.0437836770078339,True,False,False
4.94,0.25198982916111207,0.5607742512899432,0.005188761126571563,0.0009432230933144917,-0.21114335944125573,0.0,0.029876409911411963,0.47691910570378926,0.0,0.2340302276383857,0.225,0.0,0.23999999999999996,3.0,130.30963239216237,0.043796564427984505,True,False,False
4.945,0.2520106236781321,0.5604979920369721,0.005200764407299694,0.0009852681310964467,-0.21114335944125573,0.0,0.029876409911411963,0.4769402625054347,0.0,0.2340452896515631,0.225,0.0,0.23999999999999996,3.0,130.30963043165235,0.04380062735631499,True,False,False
4.95,0.2520309933862818,0.5602098283826762,0.005217938521491366,0.0010263262213342362,-0.21304297263267735,0.0,0.024375396366990192,0.4769610094653901,0.0,0.2340610323744275,0.225,0.0,0.23999999999999996,3.0,130.23741121626858,0.04062493460433859,True,False,False
4.955,0.2520509422565799,0.5599097480396403,0.0052228106049467165,0.0010683887206231447,-0.21304297263267735,0.0,0.024375396366990192,0.47698134882349164,0.0,0.23407738760987962,0.225,0.0,0.23999999999999996,3.0,130.23740945652355,0.04072184367976444,True,False,False
4.96,0.25207047435333135,0.5595978349482701,0.005231660824172363,0.001108897806587124,-0.21304297263267735,0.0,0.024375396366990192,0.47700128293411337,0.0,0.23409428748799743,0.225,0.0,0.23999999999999996,3.0,130.23740769251972,0.04081479697663535,True,False,False
4.965,0.25208959137107684,0.5592745611821867,0.005244505901787535,0.0011476785681866007,-0.21304297263267735,0.0,0.024375396366990192,0.477020813422957,0.0,0.23411173376386624,0.225,0.0,0.23999999999999996,3.0,130.23740592502037,0.040903674885559585,True,False,False
4.97,0.2521082950245029,0.5589404380792845,0.005261343705229278,0.001184628366669419,-0.21304297263267735,0.0,0.024375396366990192,0.47703994193570637,0.0,0.23412972835317208,0.225,0.0,0.23999999999999996,3.0,130.23740415480967,0.040988397493401156,True,False,False
4.9750000000000005,0.2521265870416153,0.5585959981339842,0.005282155209416144,0.0012196995398615668,-0.21304297263267735,0.0,0.024375396366990192,0.4770586701294419,0.0,0.23414827326078952,0.225,0.0,0.23999999999999996,3.0,130.23740238268581,0.04106891276700694,True,False,False
4.98,0.25214446915909605,0.5582417813175106,0.005306906341543129,0.0012528855097831107,-0.21304297263267735,0.0,0.024375396366990192,0.47707699966667255,0.0,0.23416737052687958,0.225,0.0,0.23999999999999996,3.0,130.23740060945653,0.04114518855026652,True,False,False
4.985,0.2521619431192453,0.5578783249293672,0.005335549696362144,0.0012842098894385715,-0.21304297263267735,0.0,0.024375396366990192,0.47709493221129734,0.0,0.23418702218695797,0.225,0.0,0.23999999999999996,3.0,130.23739883593458,0.041217207142714096,True,False,False
4.99,0.25217901066805215,0.5575061562107303,0.005368026126910718,0.0013137180877033064,-0.21304297263267735,0.0,0.024375396366990192,0.47711246942596186,0.0,0.23420723024270856,0.225,0.0,0.23999999999999996,3.0,130.23739706293705,0.04128496160873016,True,False,False
4.995,0.2521956735540542,0.557125787053143,0.005404266221909573,0.001341470921493316,-0.21304297263267735,0.0,0.024375396366990192,0.47712961297040996,0.0,0.23422799664116872,0.225,0.0,0.23999999999999996,3.0,130.2373952912822,0.041348453251622966,True,False,False
5.0,0.25221193352777366,0.5567377103085633,0.005444191681779895,0.0013675398015918824,-0.21469784918043974,0.0,0.019378924644504896,0.47714636450056425,0.0,0.23424932326011105,0.225,0.0,0.23999999999999996,3.0,130.17177930900036,0.03863510470193233,True,False,False
5.005,0.2522277945276289,0.5563421728019591,0.005467622997349961,0.0013935548399798988,-0.21469784918043974,0.0,0.019378924644504896,0.4771627264280619,0.0,0.23427114909967423,0.225,0.0,0.23999999999999996,3.0,130.17177768545235,0.03878917505308577,True,False,False
5.01,0.25224326047334084,0.5559394134728116,0.00549391997136765,0.0014179765341173333,-0.21469784918043974,0.0,0.019378924644504896,0.47717870116364736,0.0,0.2342934131359014,0.225,0.0,0.23999999999999996,3.0,130.1717760474108,0.03893647356963981,True,False,False
5.015,0.2522583330905807,0.5555298728726235,0.0055230244649767035,0.001440914829760154,-0.21469784918043974,0.0,0.019378924644504896,0.477194290356385,0.0,0.23431611705981148,0.225,0.0,0.23999999999999996,3.0,130.17177439609654,0.039077063656523046,True,False,False
5.0200000000000005,0.252273014108068,0.5551139610681707,0.005554875350922118,0.0014624726379234782,-0.21469784918043974,0.0,0.019378924644504896,0.4772094956529839,0.0,0.23433926244761463,0.225,0.0,0.23999999999999996,3.0,130.17177273272185,0.039211009919361474,True,False,False
5.025,0.2522873052587109,0.5546920595298457,0.005589408780383124,0.0014827468264941082,-0.21469784918043974,0.0,0.019378924644504896,0.4772243186991261,0.0,0.23436285076801722,0.225,0.0,0.23999999999999996,3.0,130.17177105849015,0.03933837860819256,True,False,False
5.03,0.25230120828065566,0.5542645227517095,0.00562655848683106,0.0015018289804128253,-0.21469784918043974,0.0,0.019378924644504896,0.4772387611406778,0.0,0.2343868833884477,0.225,0.0,0.23999999999999996,3.0,130.17176937459544,0.03945923789223538,True,False,False
5.035,0.25231472491826956,0.5538316796733143,0.0056662561155776696,0.0015198059760551362,-0.21469784918043974,0.0,0.019378924644504896,0.4772528246248171,0.0,0.23441136158055664,0.225,0.0,0.23999999999999996,3.0,130.17176768222234,0.03957365801851418,True,False,False
5.04,0.2523278569230913,0.5533938349716392,0.005708431568417274,0.0015367604111347385,-0.21469784918043974,0.0,0.019378924644504896,0.47726651080111493,0.0,0.2344362865250823,0.225,0.0,0.23999999999999996,3.0,130.17176598254505,0.039681711390358004,True,False,False
5.045,0.25234060605474035,0.5529512702324538,0.005753013353988623,0.0015527709250073552,-0.21469784918043974,0.0,0.019378924644504896,0.477279821322566,0.0,0.2344616593163792,0.225,0.0,0.23999999999999996,3.0,130.1717642767274,0.0397834725902322,True,False,False
5.05,0.2523529740818089,0.5525042450519323,0.00579992893588899,0.0015679124375530327,-0.21568048419779523,0.0,0.014842635112327786,0.4772927578465944,0.0,0.23448748096658506,0.225,0.0,0.23999999999999996,3.0,130.11202899933326,0.03817718797064451,True,False,False
5.055,0.2523649647196791,0.5520527830254196,0.005828502560158551,0.0015837440966020694,-0.21568048419779523,0.0,0.014842635112327786,0.47730532272953136,0.0,0.2345136952042447,0.225,0.0,0.23999999999999996,3.0,130.1120273752269,0.038327290913126984,True,False,False
5.0600000000000005,0.25237658167926535,0.5515969018247894,0.005858945055718768,0.0015987779666391283,-0.21568048419779523,0.0,0.014842635112327786,0.4773175183444786,0.0,0.23454024573862475,0.225,0.0,0.23999999999999996,3.0,130.1120257377618,0.03846979675908694,True,False,False
5.065,0.25238782673844395,0.5511368184987343,0.005891205927412477,0.001613093055488373,-0.21568048419779523,0.0,0.014842635112327786,0.4773293463839511,0.0,0.23456713342674093,0.225,0.0,0.23999999999999996,3.0,130.1120240882676,0.038604812742783136,True,False,False
5.07,0.25239870168737305,0.5506727285797107,0.005925234963382401,0.0016267606855970085,-0.21568048419779523,0.0,0.014842635112327786,0.47734080854933636,0.0,0.23459435904460008,0.225,0.0,0.23999999999999996,3.0,130.1120224280587,0.03873244684113212,True,False,False
5.075,0.25240920832956326,0.5502048081118102,0.005960982174422452,0.0016398457777221606,-0.21568048419779523,0.0,0.014842635112327786,0.4773519065521642,0.0,0.2346219232950204,0.225,0.0,0.23999999999999996,3.0,130.11202075843482,0.0388528080724844,True,False,False
5.08,0.252419348482825,0.5497332153386792,0.005998397784581135,0.0016524078144854889,-0.21568048419779523,0.0,0.014842635112327786,0.4773626421152207,0.0,0.23464982681412483,0.225,0.0,0.23999999999999996,3.0,130.1120190806798,0.03896600666408079,True,False,False
5.085,0.2524291239801317,0.549258092154124,0.0060374322580410275,0.0016645015637075365,-0.21568048419779523,0.0,0.014842635112327786,0.4773730169735556,0.0,0.234678070176893,0.225,0.0,0.23999999999999996,3.0,130.112017396062,0.03907215412908726,True,False,False
5.09,0.2524385366704122,0.5487795653708155,0.006078036350487906,0.0016761776234859966,-0.21568048419779523,0.0,0.014842635112327786,0.4773830328754013,0.0,0.2347066539020054,0.225,0.0,0.23999999999999996,3.0,130.1120157058335,0.039171363281406885,True,False,False
5.095,0.2524475884192905,0.5482977478521887,0.006120161175878846,0.0016874828362409575,-0.21568048419779523,0.0,0.014842635112327786,0.47739269158302555,0.0,0.2347355784561619,0.225,0.0,0.23999999999999996,3.0,130.11201401122966,0.03926374820769905,True,False,False
5.1000000000000005,0.2524562811097753,0.5478127395435651,0.006163758281725386,0.001698460607236022,-0.2159788815453555,0.0,0.010805345799196404,0.4774019948735242,0.0,0.2347648442579674,0.225,0.0,0.23999999999999996,3.0,130.05866821654504,0.03874028106268821,True,False,False
5.105,0.25246461831860345,0.5473244249132267,0.006189239580386663,0.0017105603911883882,-0.2159788815453555,0.0,0.010805345799196404,0.4774109451612616,0.0,0.2347944005574108,0.225,0.0,0.23999999999999996,3.0,130.0586665500896,0.03884089406349414,True,False,False
5.11,0.25247260363327034,0.5468326900870322,0.006215954854411103,0.001722344768744291,-0.2159788815453555,0.0,0.010805345799196404,0.47741954489431015,0.0,0.23482419661195036,0.225,0.0,0.23999999999999996,3.0,130.05866487898513,0.03893451644312945,True,False,False
5.115,0.2524802389806797,0.5463376198867236,0.006243870700936844,0.0017338518150270868,-0.2159788815453555,0.0,0.010805345799196404,0.4774277959249338,0.0,0.23485423278595516,0.225,0.0,0.23999999999999996,3.0,130.0586632044668,0.03902127298664622,True,False,False
5.12,0.25248752630705085,0.5458392887580781,0.006272954092293225,0.0017451158845561768,-0.2159788815453555,0.0,0.010805345799196404,0.4774357001230771,0.0,0.23488450940519137,0.225,0.0,0.23999999999999996,3.0,130.0586615277505,0.03910128925810802,True,False,False
5.125,0.2524944675784319,0.5453377617809547,0.006303172352623849,0.001756168071141545,-0.2159788815453555,0.0,0.010805345799196404,0.4774432593769755,0.0,0.23491502676065493,0.225,0.0,0.23999999999999996,3.0,130.05865985003308,0.039174691515420926,True,False,False
5.13,0.2525010647811486,0.5448330955528172,0.00633449315488805,0.0017670365504218208,-0.2159788815453555,0.0,0.010805345799196404,0.4774504755936875,0.0,0.23494578511193098,0.225,0.0,0.23999999999999996,3.0,130.05865817249148,0.0392416066188852,True,False,False
5.135,0.2525073199222159,0.5443253389865846,0.006366884530838898,0.0017777468413477208,-0.2159788815453555,0.0,0.010805345799196404,0.47745735069958195,0.0,0.2349767846902035,0.225,0.0,0.23999999999999996,3.0,130.05865649628248,0.03930216193513493,True,False,False
5.14,0.2525132350297118,0.5438145340377992,0.0064003148888540275,0.0017883220116299467,-0.2159788815453555,0.0,0.010805345799196404,0.47746388664078004,0.0,0.23500802570100288,0.225,0.0,0.23999999999999996,3.0,130.05865482254248,0.03935648523794745,True,False,False
5.1450000000000005,0.2525188121531089,0.5433007163869263,0.006434753036083803,0.0017987828444039984,-0.2159788815453555,0.0,0.010805345799196404,0.47747008538355024,0.0,0.23503950832679144,0.225,0.0,0.23999999999999996,3.0,130.05865315238606,0.039404704607253704,True,False,False
5.15,0.2525240533635825,0.542783916069204,0.006470168202491773,0.0018091479780089398,-0.2157811256033262,0.0,0.00728086486407142,0.4774759489146734,0.0,0.23507123272930208,0.225,0.0,0.23999999999999996,3.0,130.01193803436237,0.03963627158614094,True,False,False
5.155,0.2525289621685684,0.542263970886006,0.006488894553271737,0.0018207312956392354,-0.2157811256033262,0.0,0.00728086486407142,0.4774814797874467,0.0,0.23510315425244066,0.225,0.0,0.23999999999999996,3.0,130.01193636556349,0.03966559372434746,True,False,False
5.16,0.25253354209575024,0.5417407254894432,0.006508484078444436,0.001832189319252859,-0.2157811256033262,0.0,0.00728086486407142,0.47748668059800725,0.0,0.23513522826579447,0.225,0.0,0.23999999999999996,3.0,130.0119347049202,0.03968942857549247,True,False,False
5.165,0.2525377952797067,0.5412142145057441,0.006528915870792386,0.0018435309344980247,-0.2157811256033262,0.0,0.00728086486407142,0.4774915534291537,0.0,0.23516745494921537,0.225,0.0,0.23999999999999996,3.0,130.01193305342028,0.039707897786243146,True,False,False
5.17,0.2525417238769302,0.5406844700431925,0.006550168874992473,0.001854764736701065,-0.2157811256033262,0.0,0.00728086486407142,0.4774961003850414,0.0,0.23519983447382004,0.225,0.0,0.23999999999999996,3.0,130.01193141202873,0.039721123517888576,True,False,False
5.175,0.25254533006578767,0.5401515218126896,0.00657222196818169,0.0018658988285830587,-0.2157811256033262,0.0,0.00728086486407142,0.47750032359115424,0.0,0.23523236700237787,0.225,0.0,0.23999999999999996,3.0,130.0119297816879,0.03972922811213456,True,False,False
5.18,0.2525486160464782,0.5396153972947226,0.006595054029492599,0.0018769406593894676,-0.2157811256033262,0.0,0.00728086486407142,0.4775042251942764,0.0,0.2352650526898783,0.225,0.0,0.23999999999999996,3.0,130.01192816331695,0.03973233384095849,True,False,False
5.1850000000000005,0.25255158404099676,0.5390761219436134,0.006618643998488032,0.0018878969066673523,-0.2157811256033262,0.0,0.00728086486407142,0.4775078073624728,0.0,0.23529789168425658,0.225,0.0,0.23999999999999996,3.0,130.01192655781125,0.03973056271357896,True,False,False
5.19,0.2525542362930942,0.5385337194225713,0.0066429709235157975,0.0018987733965716558,-0.2157811256033262,0.0,0.00728086486407142,0.47751107228506795,0.0,0.23533088412724157,0.225,0.0,0.23999999999999996,3.0,130.01192496604224,0.039724036322519404,True,False,False
5.195,0.2525565750682277,0.5379882118508251,0.006668014001393382,0.001909575056616845,-0.2157811256033262,0.0,0.00728086486407142,0.47751402217261546,0.0,0.2353640301552717,0.225,0.0,0.23999999999999996,3.0,130.01192338885718,0.03971287571685905,True,False,False
5.2,0.25255860265349855,0.5374396200710919,0.0066937526098643845,0.0019203058945530082,-0.21534042263991307,0.0,0.004252367355806939,0.4775166592568546,0.0,0.23539732990044523,0.225,0.0,0.23999999999999996,3.0,129.9716959661559,0.04028645202824322,True,False,False
5.205,0.2525603225250895,0.5368877974275342,0.006704774383430338,0.0019321233322930557,-0.21534042263991307,0.0,0.004252367355806939,0.4775189862599879,0.0,0.23543074489602034,0.225,0.0,0.23999999999999996,3.0,129.97169439430638,0.04024500555422671,True,False,False
5.21,0.25256173818197686,0.5363326063619033,0.0067164420584972535,0.0019438206711502896,-0.21534042263991307,0.0,0.004252367355806939,0.4775210059477559,0.0,0.23546423670868535,0.225,0.0,0.23999999999999996,3.0,129.97169284390478,0.0401998858770176,True,False,False
5.215,0.2525628519774098,0.5357740822523552,0.00672874161891433,0.0019553915173211216,-0.21534042263991307,0.0,0.004252367355806939,0.4775227206488015,0.0,0.23549780552504027,0.225,0.0,0.23999999999999996,3.0,129.9716913155812,0.04015119799111912,True,False,False
5.22,0.2525636662851563,0.5352122620356508,0.006741658519322244,0.001966831248004154,-0.21534042263991307,0.0,0.004252367355806939,0.4775241327121943,0.0,0.2355314515383773,0.225,0.0,0.23999999999999996,3.0,129.97168980994218,0.04009904698186524,True,False,False
5.2250000000000005,0.25256418349907644,0.5346471837812963,0.006755177832971549,0.0019781364564384063,-0.21534042263991307,0.0,0.004252367355806939,0.47752524450696876,0.0,0.23556517494699114,0.225,0.0,0.23999999999999996,3.0,129.97168832756864,0.040043537602215074,True,False,False
5.23,0.2525644060327338,0.5340788864186774,0.006769284370594976,0.0019893045202717743,-0.21534042263991307,0.0,0.004252367355806939,0.4775260584217108,0.0,0.23559897595299706,0.225,0.0,0.23999999999999996,3.0,129.9716868690179,0.0399847739749084,True,False,False
5.235,0.25256433631903813,0.5335074095561056,0.006783962774520903,0.00200033327569632,-0.21534042263991307,0.0,0.004252367355806939,0.477526576864185,0.0,0.23563285476162393,0.225,0.0,0.23999999999999996,3.0,129.9716854348222,0.03992285937977832,True,False,False
5.24,0.2525639768099171,0.532932793381498,0.006799197592507937,0.002011220778007756,-0.21534042263991307,0.0,0.004252367355806939,0.4775268022609953,0.0,0.23566681158077368,0.225,0.0,0.23999999999999996,3.0,129.97168402548928,0.039857896099144044,True,False,False
5.245,0.25256332997599357,0.5323550786322694,0.0068149733354376475,0.0020219651305267254,-0.21534042263991307,0.0,0.004252367355806939,0.47752673705725746,0.0,0.23570084662086327,0.225,0.0,0.23999999999999996,3.0,129.97168264150213,0.03978998530320336,True,False,False
5.25,0.25256239830627064,0.5317743065972648,0.006831274522404316,0.0020325643663311028,-0.2148796870689832,0.0,0.0016833056013080064,0.47752638371628064,0.0,0.23573496009478545,0.225,0.0,0.23999999999999996,3.0,129.9375299450666,0.04035625454945649,True,False,False
5.255,0.2525611852529314,0.5311903760555192,0.006834977544030655,0.002044008736993921,-0.2148796870689832,0.0,0.0016833056013080064,0.47752574511540935,0.0,0.2357691194447457,0.225,0.0,0.23999999999999996,3.0,129.93752859009663,0.04025969878086945,True,False,False
5.26,0.2525596942879433,0.5306031947960664,0.006839187917593672,0.0020552566609331907,-0.2148796870689832,0.0,0.0016833056013080064,0.4775248241698369,0.0,0.2358032921459374,0.225,0.0,0.23999999999999996,3.0,129.93752726692676,0.0401611318412946,True,False,False
5.265,0.25255792795646226,0.5300128206672076,0.006843894548789997,0.0020662976822762133,-0.2148796870689832,0.0,0.0016833056013080064,0.47752362342600596,0.0,0.23583747847305037,0.225,0.0,0.23999999999999996,3.0,129.93752597579513,0.040060636454444805,True,False,False
5.2700000000000005,0.25255588882017294,0.5294193141400845,0.00684908572652356,0.002077123782283621,-0.2148796870689832,0.0,0.0016833056013080064,0.47752214544686133,0.0,0.23587167871141967,0.225,0.0,0.23999999999999996,3.0,129.93752471691727,0.03995829499763535,True,False,False
5.275,0.2525535794566799,0.5288227377100924,0.0068547492792878605,0.0020877287626445843,-0.2148796870689832,0.0,0.0016833056013080064,0.47752039281119474,0.0,0.2359058931546169,0.225,0.0,0.23999999999999996,3.0,129.93752349048594,0.03985418911690479,True,False,False
5.28,0.2525510024589479,0.5282231554475538,0.006860872699923528,0.0020981077644426365,-0.2148796870689832,0.0,0.0016833056013080064,0.4775183681130509,0.0,0.23594012210266574,0.225,0.0,0.23999999999999996,3.0,129.9375222966718,0.039748399465957415,True,False,False
5.285,0.25254816043479245,0.5276206326656119,0.006867443243848119,0.0021082569012171124,-0.2148796870689832,0.0,0.0016833056013080064,0.47751607396119244,0.0,0.23597436586073245,0.225,0.0,0.23999999999999996,3.0,129.93752113562314,0.03964100552903914,True,False,False
5.29,0.25254505600640115,0.5270152356868572,0.006874448005857311,0.0021181729841224513,-0.2148796870689832,0.0,0.0016833056013080064,0.4775135129786039,0.0,0.23600862473817596,0.225,0.0,0.23999999999999996,3.0,129.9375200074666,0.03953208550083896,True,False,False
5.295,0.2525416918098804,0.5264070316713658,0.006881873980050004,0.0021278533193653127,-0.2148796870689832,0.0,0.0016833056013080064,0.47751068780202405,0.0,0.23604289904786746,0.225,0.0,0.23999999999999996,3.0,129.9375189123071,0.03942171620541178,True,False,False
5.3,0.2525380704948165,0.5257960884989904,0.006889708106694234,0.0021372955612053335,-0.21454278920688608,0.0,-0.0004717610317385504,0.47750760108149704,0.0,0.23607718910569792,0.225,0.0,0.23999999999999996,3.0,129.9088855204625,0.03976646111861171,True,False,False
5.305,0.2525341954755098,0.5251823555605363,0.006886991396881794,0.002147323683895638,-0.21454278920688608,0.0,-0.0004717610317385504,0.4775042558085909,0.0,0.23611146775599479,0.225,0.0,0.23999999999999996,3.0,129.90888447978315,0.039636886369860944,True,False,False
5.3100000000000005,0.2525300701799101,0.5245657898012828,0.006884679210249036,0.0021570708668260854,-0.21454278920688608,0.0,-0.0004717610317385504,0.4775006550036125,0.0,0.23614570787083203,0.225,0.0,0.23999999999999996,3.0,129.9088834761395,0.0395065474464282,True,False,False
5.315,0.2525256972969988,0.5239464728719478,0.006882761226995488,0.0021665293859279965,-0.21454278920688608,0.0,-0.0004717610317385504,0.47749680137842043,0.0,0.23617990981756087,0.225,0.0,0.23999999999999996,3.0,129.90888250943394,0.03937550544817045,True,False,False
5.32,0.2525210795272178,0.5233244883206633,0.0068812266504483304,0.0021756936027084407,-0.21454278920688608,0.0,-0.0004717610317385504,0.47749269765618213,0.0,0.23621407397123534,0.225,0.0,0.23999999999999996,3.0,129.90888157955095,0.03924382077725227,True,False,False
5.325,0.252516219581847,0.5226999210688463,0.006880064327781805,0.002184559484655345,-0.21454278920688608,0.0,-0.0004717610317385504,0.47748834657071637,0.0,0.23624820071254043,0.225,0.0,0.23999999999999996,3.0,129.90888068635718,0.03911155286469867,True,False,False
5.33,0.2525111201824252,0.522072857011061,0.006879262847057736,0.002193124227501043,-0.21454278920688608,0.0,-0.0004717610317385504,0.47748375086588857,0.0,0.23628229042620205,0.225,0.0,0.23999999999999996,3.0,129.90887982970216,0.038978759991851325,True,False,False
5.335,0.2525057840602171,0.5214433827028054,0.006878810614279828,0.0022013859636286575,-0.21454278920688608,0.0,-0.0004717610317385504,0.4774789132950578,0.0,0.236316343499768,0.225,0.0,0.23999999999999996,3.0,129.90887900941848,0.03884549917591868,True,False,False
5.34,0.25250021395571404,0.5208115851313325,0.006878695914228158,0.0022093435403031823,-0.21454278920688608,0.0,-0.0004717610317385504,0.47747383662056353,0.0,0.23635036032266954,0.225,0.0,0.23999999999999996,3.0,129.9088782253226,0.03871182609884988,True,False,False
5.345,0.25249441261815386,0.5201775515281354,0.006878906958467346,0.0022169963528959934,-0.21454278920688608,0.0,-0.0004717610317385504,0.4774685236132358,0.0,0.23638434128552646,0.225,0.0,0.23999999999999996,3.0,129.90887747721516,0.03857779506564364,True,False,False
5.3500000000000005,0.252488382805065,0.5195413692353582,0.006879431923388652,0.0022243442205330858,-0.21438622387405468,0.0,-0.002259243488316652,0.47746297705193075,0.0,0.2364182867795794,0.225,0.0,0.23999999999999996,3.0,129.8851673542719,0.03862859527965402,True,False,False
5.355,0.25248212786959223,0.5189030291961518,0.006871278895465865,0.0022320556181027636,-0.21438622387405468,0.0,-0.002259243488316652,0.47745719999130143,0.0,0.23645217445339362,0.225,0.0,0.23999999999999996,3.0,129.88516667476475,0.03848724385470482,True,False,False
5.36,0.2524756511715964,0.5182625279707845,0.006863442061678147,0.002239431594593254,-0.21438622387405468,0.0,-0.002259243488316652,0.4774511955048961,0.0,0.23648598197637644,0.225,0.0,0.23999999999999996,3.0,129.88516603215038,0.03834589018985945,True,False,False
5.365,0.25246895548988163,0.517619962031787,0.0068559111156074725,0.0022464697541255485,-0.21438622387405468,0.0,-0.002259243488316652,0.47744496641069134,0.0,0.2365197097740645,0.225,0.0,0.23999999999999996,3.0,129.88516542611538,0.03820457805442908,True,False,False
5.37,0.25246204360972185,0.5169754283501996,0.00684867551776694,0.002253168924604406,-0.21438622387405468,0.0,-0.002259243488316652,0.47743851553281436,0.0,0.23655335827418464,0.225,0.0,0.23999999999999996,3.0,129.88516485633423,0.038063350302290314,True,False,False
5.375,0.25245491832232503,0.5163290240876358,0.006841724561462686,0.0022595289032338725,-0.21438622387405468,0.0,-0.002259243488316652,0.4774318457009915,0.0,0.23658692790544694,0.225,0.0,0.23999999999999996,3.0,129.88516432246968,0.03792224872998962,True,False,False
5.38,0.2524475824243287,0.5156808463523042,0.006835047427293138,0.0022655502506704764,-0.21438622387405468,0.0,-0.002259243488316652,0.47742495975003224,0.0,0.2366204190965665,0.225,0.0,0.23999999999999996,3.0,129.88516382417316,0.037781313990362476,True,False,False
5.385,0.2524400387173257,0.5150309920011319,0.006828633227610766,0.0022712341282083866,-0.21438622387405468,0.0,-0.002259243488316652,0.47741786051934665,0.0,0.2366538322754916,0.225,0.0,0.23999999999999996,3.0,129.88516336108535,0.03764058554336844,True,False,False
5.39,0.25243229000741296,0.5143795574869633,0.006822471042580869,0.0022765821708784243,-0.21438622387405468,0.0,-0.002259243488316652,0.4774105508524894,0.0,0.23668716786880134,0.225,0.0,0.23999999999999996,3.0,129.88516293283686,0.03750010163184237,True,False,False
5.3950000000000005,0.25242433910475964,0.5137266387405826,0.0068165499494338795,0.0022815963894323057,-0.21438622387405468,0.0,-0.002259243488316652,0.4774030335967241,0.0,0.2367204263012329,0.225,0.0,0.23999999999999996,3.0,129.8851625390485,0.037359899273970806,True,False,False
5.4,0.25241618882319017,0.5130723310715225,0.006810859046317933,0.002286279094980003,-0.21439695667354702,0.0,-0.0037220731644947054,0.4773953116026052,0.0,0.23675360799529405,0.225,0.0,0.23999999999999996,3.0,129.86580339902756,0.037152695030890054,True,False,False
5.405,0.2524078424313431,0.5124166529251309,0.006798153143337704,0.002291160583201957,-0.21439695667354702,0.0,-0.0037220731644947054,0.4773873879388634,0.0,0.23678669481010498,0.225,0.0,0.23999999999999996,3.0,129.86580307340247,0.03701548639267818,True,False,False
5.41,0.25239930319846116,0.5117596265713013,0.006785681544502466,0.002295691728146784,-0.21439695667354702,0.0,-0.0037220731644947054,0.4773792656843604,0.0,0.2368196686191916,0.225,0.0,0.23999999999999996,3.0,129.86580278048956,0.03687862077738886,True,False,False
5.415,0.2523905739437217,0.5111013520195289,0.006773434026092867,0.002299875102054822,-0.21439695667354702,0.0,-0.0037220731644947054,0.4773709477086804,0.0,0.2368525298629254,0.225,0.0,0.23999999999999996,3.0,129.8658025198908,0.03674213005111934,True,False,False
5.42,0.2523816574884868,0.510441928494563,0.006761400370888034,0.0023037135755498,-0.21439695667354702,0.0,-0.0037220731644947054,0.4773624368831383,0.0,0.23688527897880463,0.225,0.0,0.23999999999999996,3.0,129.86580229120113,0.03660604508517045,True,False,False
5.425,0.2523725566558923,0.5097814543586049,0.006749570381861864,0.0023072102833739216,-0.21439695667354702,0.0,-0.0037220731644947054,0.4773537360803706,0.0,0.23691791640115822,0.225,0.0,0.23999999999999996,3.0,129.86580209400873,0.03647039572718695,True,False,False
5.43,0.25236327427045063,0.5091200270462811,0.00673793389604249,0.0023103685879034726,-0.21439695667354702,0.0,-0.0037220731644947054,0.4773448481739385,0.0,0.23695044256086337,0.225,0.0,0.23999999999999996,3.0,129.86580192789546,0.036335210791339626,True,False,False
5.4350000000000005,0.25235381315766375,0.5084577429953107,0.006726480797633771,0.0023131920446148825,-0.21439695667354702,0.0,-0.0037220731644947054,0.4773357760379442,0.0,0.23698285788509582,0.225,0.0,0.23999999999999996,3.0,129.8658017924375,0.036200518060916155,True,False,False
5.44,0.2523441761436518,0.5077946976051264,0.006715201030038022,0.002315684371194752,-0.21439695667354702,0.0,-0.0037220731644947054,0.4773265225466613,0.0,0.23701516279713936,0.225,0.0,0.23999999999999996,3.0,129.86580168720562,0.03606634429892812,True,False,False
5.445,0.2523343660547887,0.5071309851877789,0.0067040846067005075,0.002317849420696003,-0.21439695667354702,0.0,-0.0037220731644947054,0.47731709057417426,0.0,0.23704735771620777,0.225,0.0,0.23999999999999996,3.0,129.86580161176553,0.03593271526386417,True,False,False
5.45,0.252324385717351,0.5064666989355234,0.0066931216208310565,0.0023196911585207252,-0.21452125168937164,0.0,-0.004898140505999481,0.4773074829940305,0.0,0.23707944305730128,0.225,0.0,0.23999999999999996,3.0,129.85027474436436,0.03556317868450446,True,False,False
5.455,0.2523142382971203,0.5058018719360722,0.006676596671887439,0.0023216219299102745,-0.21452125168937164,0.0,-0.004898140505999481,0.4772977028485127,0.0,0.23711140435166164,0.225,0.0,0.23999999999999996,3.0,129.85027472640908,0.03543912907904436,True,False,False
5.46,0.252303926955952,0.5051365397158294,0.006660229282207022,0.0023232192266695855,-0.21452125168937164,0.0,-0.004898140505999481,0.47728775318318617,0.0,0.23714322713992142,0.225,0.0,0.23999999999999996,3.0,129.8502747349684,0.035315489167019244,True,False,False
5.465,0.25229345451325436,0.5044707969846391,0.006644009731474736,0.0023244887473581424,-0.21452125168937164,0.0,-0.004898140505999481,0.47727763687480695,0.0,0.23717491184304276,0.225,0.0,0.23999999999999996,3.0,129.85027476965857,0.03519228367800825,True,False,False
5.47,0.2522828237872029,0.5038047368776819,0.006627928476563154,0.002325435790803672,-0.21452125168937164,0.0,-0.004898140505999481,0.47726735679836424,0.0,0.23720645887596273,0.225,0.0,0.23999999999999996,3.0,129.85027483009213,0.035069536382839814,True,False,False
5.4750000000000005,0.2522720375944441,0.5031384510507685,0.006611976128885093,0.002326065379428437,-0.21452125168937164,0.0,-0.004898140505999481,0.47725691582679497,0.0,0.2372378686479699,0.225,0.0,0.23999999999999996,3.0,129.8502749158781,0.03494727013915596,True,False,False
5.48,0.2522610987497901,0.5024720297529971,0.006596143439662279,0.0023263823450030067,-0.21452125168937164,0.0,-0.004898140505999481,0.47724631683068885,0.0,0.23726914156297574,0.225,0.0,0.23999999999999996,3.0,129.85027502662209,0.034825506930247975,True,False,False
5.485,0.2522500100659178,0.5018055618693091,0.006580421290755865,0.0023263913876613493,-0.21452125168937164,0.0,-0.004898140505999481,0.4772355626779946,0.0,0.23730027801967268,0.225,0.0,0.23999999999999996,3.0,129.85027516192713,0.034704267898848326,True,False,False
5.49,0.25223877435306785,0.5011391349508552,0.0065648006893761655,0.0023260971159382595,-0.21452125168937164,0.0,-0.004898140505999481,0.47722465623372706,0.0,0.23733127841165808,0.225,0.0,0.23999999999999996,3.0,129.85027532139358,0.034583573377114256,True,False,False
5.495,0.25222739441874564,0.5004728352374354,0.006549272765471368,0.002325504073378328,-0.21452125168937164,0.0,-0.004898140505999481,0.4772136003596749,0.0,0.23736214312752107,0.225,0.0,0.23999999999999996,3.0,129.85027550461956,0.0344634429137175,True,False,False
5.5,0.25221587306742976,0.49980674767632316,0.006533828770941713,0.002324616755677983,-0.21469268978661293,0.0,-0.005820567565316723,0.4772023979141157,0.0,0.23739287255089073,0.225,0.0,0.23999999999999996,3.0,129.83812118026415,0.03404179183183302,True,False,False
5.505,0.2522042133497793,0.49914091114155373,0.0065140803894274055,0.0023237496681135046,-0.21469268978661293,0.0,-0.005820567565316723,0.4771910518820909,0.0,0.23742345541751145,0.225,0.0,0.23999999999999996,3.0,129.83812140667925,0.03393363456670932,True,False,False
5.51,0.252192418309615,0.49847536602111503,0.0064944192333382875,0.0023225834664480226,-0.21469268978661293,0.0,-0.005820567565316723,0.47717956524704,0.0,0.23745388046908283,0.225,0.0,0.23999999999999996,3.0,129.8381216532165,0.03382582328738062,True,False,False
5.515,0.25218049073593485,0.49781019702732493,0.006474836535233015,0.002321124864294525,-0.21469268978661293,0.0,-0.005820567565316723,0.477167940858818,0.0,0.23748414808849727,0.225,0.0,0.23999999999999996,3.0,129.83812191955542,0.03371837878623571,True,False,False
5.5200000000000005,0.25216843341380984,0.49714548705610406,0.006455323786421024,0.002319379825264429,-0.21469268978661293,0.0,-0.005820567565316723,0.47715618156278455,0.0,0.23751425865160997,0.225,0.0,0.23999999999999996,3.0,129.8381222053732,0.03361132101279614,True,False,False
5.525,0.25215624912416157,0.4964813173796619,0.00643587269782436,0.0023173537599148544,-0.21469268978661293,0.0,-0.005820567565316723,0.4771442901995966,0.0,0.23754421252795976,0.225,0.0,0.23999999999999996,3.0,129.83812251034524,0.03350466915135961,True,False,False
5.53,0.2521439406435216,0.49581776778107767,0.006416475171892875,0.0023150516697929926,-0.21469268978661293,0.0,-0.005820567565316723,0.47713226960497973,0.0,0.23757401008131285,0.225,0.0,0.23999999999999996,3.0,129.83812283414497,0.033398441679252405,True,False,False
5.535,0.2521315107437893,0.49515491665673544,0.006397123282715866,0.002312478251992641,-0.21469268978661293,0.0,-0.005820567565316723,0.4771201226094956,0.0,0.2376036516700471,0.225,0.0,0.23999999999999996,3.0,129.8381231764442,0.033292656411532597,True,False,False
5.54,0.25211896219197955,0.4944928410914745,0.006377809262146956,0.0023096379744997017,-0.21469268978661293,0.0,-0.005820567565316723,0.477107852038299,0.0,0.23763313764744104,0.225,0.0,0.23999999999999996,3.0,129.83812353691374,0.033187330536186666,True,False,False
5.545,0.2521062977499724,0.4938316169158004,0.006358525490296702,0.0023065351300909326,-0.21469268978661293,0.0,-0.005820567565316723,0.47709546071089537,0.0,0.23766246836189706,0.225,0.0,0.23999999999999996,3.0,129.83812391522298,0.03308248064261529,True,False,False
5.55,0.2520935201742596,0.4931713187523824,0.006339264489166216,0.002303173874589767,-0.21485262015380896,0.0,-0.0065187788970253804,0.4770829514408947,0.0,0.23769164415711216,0.225,0.0,0.23999999999999996,3.0,129.82893382387218,0.03270185509192595,True,False,False
5.555,0.2520806323926289,0.49251198672415664,0.006316779059905432,0.0022997888637534044,-0.21485262015380896,0.0,-0.0065187788970253804,0.4770703271331196,0.0,0.23772065657046354,0.225,0.0,0.23999999999999996,3.0,129.8289342325415,0.03260788137015941,True,False,False
5.5600000000000005,0.2520676373243367,0.4918536619009627,0.0062943184461624994,0.0022961433349955895,-0.21485262015380896,0.0,-0.0065187788970253804,0.47705759068745424,0.0,0.23774949714305854,0.225,0.0,0.23999999999999996,3.0,129.8289346559076,0.03251417891123523,True,False,False
5.565,0.25205453770440234,0.4911964180242152,0.006271875149973783,0.0022922433784021826,-0.21485262015380896,0.0,-0.0065187788970253804,0.4770447449006083,0.0,0.2377781662151957,0.225,0.0,0.23999999999999996,3.0,129.82893509371812,0.03242076605461587,True,False,False
5.57,0.2520413362616745,0.49054032720349,0.0062494419358724755,0.0022880943177387408,-0.21485262015380896,0.0,-0.0065187788970253804,0.47703179256254813,0.0,0.23780666412075302,0.225,0.0,0.23999999999999996,3.0,129.8289355457187,0.032327660456338586,True,False,False
5.575,0.2520280357186399,0.48988546011150724,0.006227011792524101,0.00228370090359266,-0.21485262015380896,0.0,-0.0065187788970253804,0.4770187364563193,0.0,0.23783499118793908,0.225,0.0,0.23999999999999996,3.0,129.8289360116539,0.032234879163658386,True,False,False
5.58,0.2520146387912174,0.48923188612028823,0.006204577904607648,0.0022790674563788462,-0.21485262015380896,0.0,-0.0065187788970253804,0.4770055793578508,0.0,0.2378631477398471,0.225,0.0,0.23999999999999996,3.0,129.82893649126657,0.03214243866922757,True,False,False
5.585,0.2520011481885414,0.4885796734159772,0.0061821336323905065,0.0022741979715056363,-0.21485262015380896,0.0,-0.0065187788970253804,0.47699232403574787,0.0,0.23789113409486184,0.225,0.0,0.23999999999999996,3.0,129.82893698429896,0.03205035495110223,True,False,False
5.59,0.2519875666127397,0.4879288890764409,0.006159672497012202,0.0022690961962867264,-0.21485262015380896,0.0,-0.0065187788970253804,0.4769789732510775,0.0,0.23791895056698614,0.225,0.0,0.23999999999999996,3.0,129.82893749049188,0.031958643502914254,True,False,False
5.595,0.25197389675870724,0.48727959913448565,0.00613718816995968,0.002263765685938514,-0.21485262015380896,0.0,-0.0065187788970253804,0.4769655297571501,0.0,0.2379465974660681,0.225,0.0,0.23999999999999996,3.0,129.8289380095857,0.03186731935717856,True,False,False
5.6000000000000005,0.25196014131388,0.4866318686280553,0.006114674465591858,0.0022582098442065364,-0.21496096124146535,0.0,-0.007019619805917643,0.47695199629929863,0.0,0.2379740750979945,0.225,0.0,0.23999999999999996,3.0,129.8223439557292,0.03158826072659185,True,False,False
5.605,0.2519463030773115,0.48598573758687474,0.006089855273159322,0.0022525983999373282,-0.21496096124146535,0.0,-0.007019619805917643,0.4769383756838606,0.0,0.23800137744873412,0.225,0.0,0.23999999999999996,3.0,129.82234449614685,0.03150448023112705,True,False,False
5.61,0.251932384838515,0.4853412466167586,0.006065007258200753,0.0022467607928494215,-0.21496096124146535,0.0,-0.007019619805917643,0.47692467070988187,0.0,0.2380284985064211,0.225,0.0,0.23999999999999996,3.0,129.8223450472628,0.031420958863031485,True,False,False
5.615,0.25191838925884863,0.48469845984033305,0.006040124336418174,0.002240701603918776,-0.21496096124146535,0.0,-0.007019619805917643,0.4769108840991786,0.0,0.23805543857310113,0.225,0.0,0.23999999999999996,3.0,129.82234560886997,0.03133771262001664,True,False,False
5.62,0.25190431899144977,0.4840574401461665,0.006015200638469726,0.0022344248731150053,-0.21496096124146535,0.0,-0.007019619805917643,0.47689701856478434,0.0,0.2380821979458812,0.225,0.0,0.23999999999999996,3.0,129.8223461807602,0.03125475698964335,True,False,False
5.625,0.25189017668104513,0.4834182493245733,0.00599023048374365,0.002227934233613799,-0.21496096124146535,0.0,-0.007019619805917643,0.4768830768107698,0.0,0.23810877691745358,0.225,0.0,0.23999999999999996,3.0,129.82234676272438,0.031172106998224636,True,False,False
5.63,0.2518759649637492,0.4827809481742826,0.005965208361029586,0.002221233011281359,-0.21496096124146535,0.0,-0.007019619805917643,0.4768690615320494,0.0,0.23813517577650406,0.225,0.0,0.23999999999999996,3.0,129.8223473545522,0.031089777246199574,True,False,False
5.635,0.2518616864668584,0.482145596575918,0.005940128914352274,0.0022143242980354207,-0.21496096124146535,0.0,-0.007019619805917643,0.4768549754141816,0.0,0.23816139480799173,0.225,0.0,0.23999999999999996,3.0,129.82234795603267,0.031007781934139965,True,False,False
5.64,0.2518473438086399,0.48151225355014565,0.0059149869326262415,0.0022072110057465423,-0.21496096124146535,0.0,-0.007019619805917643,0.4768408211331643,0.0,0.23818743429338007,0.225,0.0,0.23999999999999996,3.0,129.82234856695436,0.030926134882263836,True,False,False
5.6450000000000005,0.25183293959811726,0.4808809773041343,0.005889777342111375,0.0021998959057568084,-0.21496096124146535,0.0,-0.007019619805917643,0.4768266013552259,0.0,0.23821329451080914,0.225,0.0,0.23999999999999996,3.0,129.8223491871051,0.0308448495454297,True,False,False
5.65,0.251818476434857,0.48025182526774024,0.005864495200903707,0.0021923816578358897,-0.21499853247274442,0.0,-0.007348127257537505,0.4768123187366169,0.0,0.23823897573523367,0.225,0.0,0.23999999999999996,3.0,129.8180136366166,0.030693337095308332,True,False,False
5.655,0.25180395698282076,0.47962483766587055,0.005837680158885734,0.0021847848109995864,-0.21499853247274442,0.0,-0.007348127257537505,0.4767979759688278,0.0,0.2382644740832019,0.225,0.0,0.23999999999999996,3.0,129.81801427298055,0.030615331398241536,True,False,False
5.66,0.251789383895614,0.4790000549971272,0.005810791538488517,0.0021769888115892332,-0.21499853247274442,0.0,-0.007348127257537505,0.476783575734172,0.0,0.2382897856720955,0.225,0.0,0.23999999999999996,3.0,129.81801491741584,0.03053766363779651,True,False,False
5.665,0.251774759742499,0.478377533896971,0.005783824670820358,0.0021689965446757362,-0.21499853247274442,0.0,-0.007348127257537505,0.47676912065956517,0.0,0.2383149107731528,0.225,0.0,0.23999999999999996,3.0,129.81801556972923,0.030460346757351195,True,False,False
5.67,0.25176008708249514,0.47775733020329797,0.0057567750313869594,0.0021608107039351836,-0.21499853247274442,0.0,-0.007348127257537505,0.47675461336113634,0.0,0.23833984965431382,0.225,0.0,0.23999999999999996,3.0,129.8180162297271,0.030383393357006374,True,False,False
5.675,0.25174536846417406,0.4771394990012643,0.00572963823099088,0.002152433838638984,-0.21499853247274442,0.0,-0.007348127257537505,0.4767400564440286,0.0,0.23836460258040001,0.225,0.0,0.23999999999999996,3.0,129.81801689721564,0.030306815706625138,True,False,False
5.68,0.25173060642545336,0.4765240946646279,0.005702410009127797,0.0021438683876064232,-0.21499853247274442,0.0,-0.007348127257537505,0.4767254525021974,0.0,0.2383891698132617,0.225,0.0,0.23999999999999996,3.0,129.81801757200063,0.030230625756272996,True,False,False
5.6850000000000005,0.25171580349339107,0.47591117088055523,0.005675086229160635,0.00213511670377805,-0.21499853247274442,0.0,-0.007348127257537505,0.4767108041182088,0.0,0.23841355161186895,0.225,0.0,0.23999999999999996,3.0,129.81801825388786,0.03015483514478383,True,False,False
5.69,0.2517009621839763,0.47530078067154363,0.005647662874753447,0.002126181072055893,-0.21499853247274442,0.0,-0.007348127257537505,0.47669611386303545,0.0,0.23843774823240815,0.225,0.0,0.23999999999999996,3.0,129.81801894268304,0.03007945520697599,True,False,False
5.695,0.25168608500192574,0.4746929764136686,0.0056201360471925385,0.0021170637223182657,-0.21499853247274442,0.0,-0.007348127257537505,0.47668138429585627,0.0,0.23846175992833102,0.225,0.0,0.23999999999999996,3.0,129.81801963819208,0.030004496979895618,True,False,False
5.7,0.2516711744404782,0.4740878098526581,0.005592501963328485,0.00210776683898072,-0.21496371370383988,0.0,-0.0075278590572303156,0.4766666179638548,0.0,0.23848558695041333,0.225,0.0,0.23999999999999996,3.0,129.81563027690973,0.02997865931340548,True,False,False
5.705,0.2516562330202118,0.4734853219900772,0.005563974892698819,0.0020983627847542255,-0.21496371370383988,0.0,-0.0075278590572303156,0.4766518174274508,0.0,0.23850922725269927,0.225,0.0,0.23999999999999996,3.0,129.81563098646012,0.02990282036683733,True,False,False
5.71,0.25164126325041486,0.47288555379407604,0.005535338024635564,0.002088780204533664,-0.21496371370383988,0.0,-0.0075278590572303156,0.47663698523612835,0.0,0.23853267878870432,0.225,0.0,0.23999999999999996,3.0,129.81563170249774,0.029827483079497476,True,False,False
5.715,0.2516262675895855,0.4722885562035731,0.005506588018913388,0.0020790205715437997,-0.21496371370383988,0.0,-0.0075278590572303156,0.4766221239020837,0.0,0.23855594180514356,0.225,0.0,0.23999999999999996,3.0,129.81563242481462,0.029752656342476813,True,False,False
5.72,0.2516112484839319,0.47169437970726885,0.005477721608063407,0.0020690855374091246,-0.21496371370383988,0.0,-0.0075278590572303156,0.4766072359247018,0.0,0.23857901654676372,0.225,0.0,0.23999999999999996,3.0,129.81563315320375,0.029678348853071565,True,False,False
5.7250000000000005,0.2515962083671533,0.47110307430066234,0.005448735605309133,0.002058976887092463,-0.21496371370383988,0.0,-0.0075278590572303156,0.4765923237903392,0.0,0.2386019032561646,0.225,0.0,0.23999999999999996,3.0,129.81563388745886,0.029604569091796016,True,False,False
5.73,0.25158114966022854,0.470514689453576,0.005419626910716221,0.00204869650330551,-0.21496371370383988,0.0,-0.0075278590572303156,0.47657738997211496,0.0,0.23862460217366424,0.225,0.0,0.23999999999999996,3.0,129.81563462737498,0.02953132530834974,True,False,False
5.735,0.25156607477120857,0.46992927408596263,0.005390392515809446,0.002038246338985198,-0.21496371370383988,0.0,-0.0075278590572303156,0.4765624369297056,0.0,0.2386471135372083,0.225,0.0,0.23999999999999996,3.0,129.81563537274775,0.029458625513602156,True,False,False
5.74,0.2515509860950195,0.469346876550517,0.0053610295069326285,0.002027628396341683,-0.21496371370383988,0.0,-0.0075278590572303156,0.47654746710915075,0.0,0.2386694375822872,0.225,0.0,0.23999999999999996,3.0,129.8156361233743,0.0293864774756142,True,False,False
5.745,0.2515358860132636,0.46876754462138226,0.005331535067608089,0.00201684471110537,-0.21496371370383988,0.0,-0.0075278590572303156,0.47653248294265715,0.0,0.238691574541897,0.225,0.0,0.23999999999999996,3.0,129.81563687905276,0.02931488871837477,True,False,False
5.75,0.25152077689403013,0.46819132548511216,0.005301906480115016,0.0020058973408017874,-0.21486647789251,0.0,-0.007580874854185878,0.4765174868484125,0.0,0.23871352464650392,0.225,0.0,0.23999999999999996,3.0,129.81490493608106,0.029395360649194173,True,False,False
5.755,0.2515056611039914,0.46761826100364434,0.005271905926215057,0.001994821355718464,-0.21486647789251,0.0,-0.007580874854185878,0.47650248123911804,0.0,0.23873528741491257,0.225,0.0,0.23999999999999996,3.0,129.81490570530735,0.029319472617602656,True,False,False
5.76,0.25149054099735524,0.4670483926620665,0.005241767403774386,0.001983584119672194,-0.21486647789251,0.0,-0.007580874854185878,0.47648746851475576,0.0,0.2387568623639544,0.225,0.0,0.23999999999999996,3.0,129.81490648007178,0.029244308933144444,True,False,False
5.765,0.25147541890267106,0.46648176658810864,0.005211488774812073,0.0019721861846039813,-0.21486647789251,0.0,-0.007580874854185878,0.47647245105284264,0.0,0.23877824971882478,0.225,0.0,0.23999999999999996,3.0,129.81490726013286,0.0291698735526355,True,False,False
5.7700000000000005,0.2514602971341665,0.46591842868040606,0.005181067914169039,0.001960628599580123,-0.21486647789251,0.0,-0.007580874854185878,0.476457431216079,0.0,0.23879944970359193,0.225,0.0,0.23999999999999996,3.0,129.8149080452514,0.029096170367420682,True,False,False
5.775,0.251445177991524,0.4653584244777891,0.005150502731312721,0.0019489127849644967,-0.21486647789251,0.0,-0.007580874854185878,0.47644241135212506,0.0,0.23882046254069086,0.225,0.0,0.23999999999999996,3.0,129.81490883519075,0.029023203150356728,True,False,False
5.78,0.2514300637596711,0.4648017990730929,0.005119791186891768,0.0019370404357016663,-0.21486647789251,0.0,-0.007580874854185878,0.47642739379339205,0.0,0.23884128845055969,0.225,0.0,0.23999999999999996,3.0,129.8149096297172,0.02895097552170516,True,False,False
5.785,0.25141495670858255,0.46424859704283183,0.005088931305077882,0.001925013447888143,-0.21486647789251,0.0,-0.007580874854185878,0.4764123808568459,0.0,0.23886192765138198,0.225,0.0,0.23999999999999996,3.0,129.8149104285992,0.028879490927822573,True,False,False
5.79,0.2513998590930956,0.4636988623983877,0.005057921182611749,0.0019128338635307385,-0.21486647789251,0.0,-0.007580874854185878,0.47639737484382383,0.0,0.2388823803588762,0.225,0.0,0.23999999999999996,3.0,129.81491123160802,0.02880875262849969,True,False,False
5.795,0.2513847731527324,0.46315263854945704,0.005026758995317566,0.0019005038292629736,-0.21486647789251,0.0,-0.007580874854185878,0.47638237803985944,0.0,0.23890264678615836,0.225,0.0,0.23999999999999996,3.0,129.81491203851778,0.02873876369015932,True,False,False
5.8,0.25136970111152673,0.4626099682798706,0.004995443002698942,0.0018880255656352235,-0.2147222342763861,0.0,-0.007527536953018429,0.4763673927145111,0.0,0.23892272714365376,0.225,0.0,0.23999999999999996,3.0,129.81557294004907,0.02889882166078948,True,False,False
5.805,0.25135464517010897,0.4620708936325615,0.004964171574182877,0.0018754023069280615,-0.2147222342763861,0.0,-0.007527536953018429,0.4763524211160718,0.0,0.2389426222622531,0.225,0.0,0.23999999999999996,3.0,129.81557376060837,0.02882211314709278,True,False,False
5.8100000000000005,0.2513396075152596,0.4615354559059025,0.004932741610815937,0.001862635016776262,-0.2147222342763861,0.0,-0.007527536953018429,0.47633746547830524,0.0,0.23896233296937197,0.225,0.0,0.23999999999999996,3.0,129.81557458602853,0.02874637800523941,True,False,False
5.815,0.25132459032647897,0.46100369636397687,0.004901152041999903,0.0018497238098996711,-0.2147222342763861,0.0,-0.007527536953018429,0.476322528024509,0.0,0.23898185946824202,0.225,0.0,0.23999999999999996,3.0,129.81557541602635,0.02867161471516297,True,False,False
5.82,0.25130959576702444,0.46047565613020586,0.004869401766242857,0.001836669531175582,-0.2147222342763861,0.0,-0.007527536953018429,0.4763076109612742,0.0,0.23900120196130067,0.225,0.0,0.23999999999999996,3.0,129.81557625032303,0.028597821799340947,True,False,False
5.825,0.25129462598368874,0.4599513760025598,0.004837489682479486,0.0018234735684104068,-0.2147222342763861,0.0,-0.007527536953018429,0.47629271647826354,0.0,0.23902036064949284,0.225,0.0,0.23999999999999996,3.0,129.81557708864412,0.02852499774830855,True,False,False
5.83,0.25127968310660886,0.4594308963246118,0.00480541471375875,0.0018101377091873521,-0.2147222342763861,0.0,-0.007527536953018429,0.47627784674802,0.0,0.23903933573171954,0.225,0.0,0.23999999999999996,3.0,129.8155779307197,0.028453140972384574,True,False,False
5.835,0.2512647692490862,0.45891425688193316,0.004773175824879917,0.0017966640325719802,-0.2147222342763861,0.0,-0.007527536953018429,0.47626300392578746,0.0,0.23905812740445903,0.225,0.0,0.23999999999999996,3.0,129.81557877628407,0.02838224977115642,True,False,False
5.84,0.2512498865074243,0.45840149683041254,0.0047407720353364385,0.0017830548278191067,-0.2147222342763861,0.0,-0.007527536953018429,0.47624819014935044,0.0,0.2390767358614863,0.225,0.0,0.23999999999999996,3.0,129.8155796250758,0.028312322314984227,True,False,False
5.845,0.2512350369607784,0.45789265465119733,0.0047082024286819475,0.0017693125336790368,-0.2147222342763861,0.0,-0.007527536953018429,0.47623340753888443,0.0,0.23909516129366082,0.225,0.0,0.23999999999999996,3.0,129.81558047683802,0.02824335663464217,True,False,False
5.8500000000000005,0.2512202226710108,0.4573877681093671,0.0046754661592013835,0.001755439693240519,-0.21454696574635546,0.0,-0.007386289870931026,0.47621865819681436,0.0,0.23911340388878916,0.225,0.0,0.23999999999999996,3.0,129.817395203506,0.028456598415578065,True,False,False
5.855,0.25120544566010294,0.4568868781260136,0.004643101383416899,0.0017414122632519145,-0.21454696574635546,0.0,-0.007386289870931026,0.4762039441912005,0.0,0.23913146555903536,0.225,0.0,0.23999999999999996,3.0,129.81739606887217,0.02837946233899659,True,False,False
5.86,0.25119070793470843,0.4563900245236663,0.004610564757490437,0.0017272603499289556,-0.21454696574635546,0.0,-0.007386289870931026,0.4761892675738257,0.0,0.23914934821165507,0.225,0.0,0.23999999999999996,3.0,129.81739693843414,0.028303545126709503,True,False,False
5.865,0.25117601150730284,0.45589724298362366,0.004577856148372586,0.0017129839831099536,-0.21454696574635546,0.0,-0.007386289870931026,0.47617463039564273,0.0,0.23916705202501448,0.225,0.0,0.23999999999999996,3.0,129.81739781186877,0.028228839642950504,True,False,False
5.87,0.25116135837240533,0.4554085690473548,0.004544975363516835,0.0016985840656023692,-0.21454696574635546,0.0,-0.007386289870931026,0.47616003468922175,0.0,0.2391845771767081,0.225,0.0,0.23999999999999996,3.0,129.81739868885919,0.028155338885308537,True,False,False
5.875,0.2511467505063798,0.4549240378994368,0.0045119221875378835,0.0016840621453976256,-0.21454696574635546,0.0,-0.007386289870931026,0.4761454824685504,0.0,0.239201923842703,0.225,0.0,0.23999999999999996,3.0,129.81739956909473,0.028083035897226494,True,False,False
5.88,0.25113218986726643,0.4544436842140705,0.00447869640988476,0.001669420241974362,-0.21454696574635546,0.0,-0.007386289870931026,0.4761309757288644,0.0,0.23921909219670334,0.225,0.0,0.23999999999999996,3.0,129.81740045227116,0.02801192371123399,True,False,False
5.885,0.2511176783946312,0.4539675420303576,0.004445297845426266,0.0016546607151525603,-0.21454696574635546,0.0,-0.007386289870931026,0.4761165164464988,0.0,0.23923608240971309,0.225,0.0,0.23999999999999996,3.0,129.81740133809,0.027941995313009147,True,False,False
5.89,0.2511032180094371,0.4534956446782795,0.004411726349563189,0.0016397861667837943,-0.21454696574635546,0.0,-0.007386289870931026,0.47610210657875895,0.0,0.23925289464968302,0.225,0.0,0.23999999999999996,3.0,129.81740222625928,0.027873243619533455,True,False,False
5.8950000000000005,0.25108881061392174,0.45302802471473963,0.004377981829180784,0.0016247993674241973,-0.21454696574635546,0.0,-0.007386289870931026,0.476087748063801,0.0,0.2392695290813003,0.225,0.0,0.23999999999999996,3.0,129.8174031164927,0.027805661466783798,True,False,False
5.9,0.25107445809149226,0.4525647138866704,0.004344064250477224,0.0016097032018138747,-0.21435422678587018,0.0,-0.00717352450174027,0.4760734428205275,0.0,0.23928598586580954,0.225,0.0,0.23999999999999996,3.0,129.82015904223417,0.02805049501832791,True,False,False
5.905,0.2510601622736609,0.45210575040907675,0.0043107702956261,0.001594450377932875,-0.21435422678587018,0.0,-0.00717352450174027,0.47605919272283115,0.0,0.23930226778972702,0.225,0.0,0.23999999999999996,3.0,129.82015994548317,0.027974068673640468,True,False,False
5.91,0.2510459249751884,0.4516511710854426,0.0042772981096723586,0.001579095954966744,-0.21435422678587018,0.0,-0.00717352450174027,0.4760449996267549,0.0,0.23931837763344505,0.225,0.0,0.23999999999999996,3.0,129.820160852133,0.027899081086126706,True,False,False
5.915,0.25103174802574213,0.4512010050270491,0.004243648373870929,0.001563640058568029,-0.21435422678587018,0.0,-0.00717352450174027,0.47603086539521033,0.0,0.23933431554662712,0.225,0.0,0.23999999999999996,3.0,129.82016176182879,0.027825519723778665,True,False,False
5.92,0.2510176332356176,0.45075528117231434,0.004209821692653054,0.0015480837545198331,-0.21435422678587018,0.0,-0.00717352450174027,0.47601679187135226,0.0,0.23935008167801636,0.225,0.0,0.23999999999999996,3.0,129.82016267422372,0.027753372265179963,True,False,False
5.925,0.2510035823955716,0.4503140280475592,0.004175818632348466,0.0015324287984568904,-0.21435422678587018,0.0,-0.00717352450174027,0.47600278087840964,0.0,0.2393656761745304,0.225,0.0,0.23999999999999996,3.0,129.82016358897877,0.027682626505814843,True,False,False
5.93,0.25098959727668557,0.44987727360173024,0.004141639750379962,0.0015166774454219015,-0.21435422678587018,0.0,-0.00717352450174027,0.4759888342195495,0.0,0.23938109918057043,0.225,0.0,0.23999999999999996,3.0,129.82016450576288,0.027613270297295385,True,False,False
5.9350000000000005,0.2509756796302512,0.44944504508400235,0.004107285616966129,0.0015008323063280863,-0.21435422678587018,0.0,-0.00717352450174027,0.47597495367776277,0.0,0.23939635083755856,0.225,0.0,0.23999999999999996,3.0,129.8201654242528,0.027545291508897996,True,False,False
5.94,0.2509618311876752,0.4490173689564682,0.00407275683105346,0.001484896240527646,-0.21435422678587018,0.0,-0.00717352450174027,0.47596114101577003,0.0,0.23941143128358583,0.225,0.0,0.23999999999999996,3.0,129.82016634413304,0.027478678004191723,True,False,False
5.945,0.25094805366039635,0.4485942708381081,0.004038054031871796,0.0014688722758004506,-0.21435422678587018,0.0,-0.00717352450174027,0.4759473979759403,0.0,0.2394263406531948,0.225,0.0,0.23999999999999996,3.0,129.82016726509508,0.027413417627867497,True,False,False
5.95,0.2509343487398156,0.44817577546237575,0.004003177907210408,0.0014527635489574092,-0.21415389823187053,0.0,-0.006903569775251622,0.4759337262802221,0.0,0.23944107907719447,0.225,0.0,0.23999999999999996,3.0,129.82367787345422,0.02767467531484991,True,False,False
5.955,0.25092071805701605,0.44776191681671795,0.003969116766598658,0.0014365032240992546,-0.21415389823187053,0.0,-0.006903569775251622,0.4759201275971372,0.0,0.23945565003450203,0.225,0.0,0.23999999999999996,3.0,129.82367880619069,0.0276004256820917,True,False,False
5.96,0.2509071632250882,0.44735272723980474,0.0039348775881617335,0.001420167248003782,-0.21415389823187053,0.0,-0.006903569775251622,0.47590660357606096,0.0,0.23947005699699736,0.225,0.0,0.23999999999999996,3.0,129.82367974136213,0.02752779616172501,True,False,False
5.965,0.2508936858781308,0.44694822838991133,0.003900461747370914,0.001403755872439043,-0.21415389823187053,0.0,-0.006903569775251622,0.47589315587936826,0.0,0.23948430008221078,0.225,0.0,0.23999999999999996,3.0,129.82368067859352,0.027456769302445408,True,False,False
5.97,0.2508802876298089,0.44654844171685665,0.003865870532481801,0.0013872703035157942,-0.21415389823187053,0.0,-0.006903569775251622,0.4758797861486571,0.0,0.23949837940661162,0.225,0.0,0.23999999999999996,3.0,129.82368161751907,0.027387327930343708,True,False,False
5.9750000000000005,0.2508669700732209,0.4461533882153579,0.003831105183149363,0.0013707124422703391,-0.21415389823187053,0.0,-0.006903569775251622,0.4758664960046157,0.0,0.2395122950846675,0.225,0.0,0.23999999999999996,3.0,129.82368255778246,0.027319455053698392,True,False,False
5.98,0.2508537347807995,0.44576308826296357,0.003796166919517086,0.001354084687673872,-0.21415389823187053,0.0,-0.006903569775251622,0.47585328704692265,0.0,0.23952604722818138,0.225,0.0,0.23999999999999996,3.0,129.8236834990367,0.027253133801209015,True,False,False
5.985,0.25084058330423525,0.44537756149566915,0.003761056963832559,0.0013373897884405746,-0.21415389823187053,0.0,-0.006903569775251622,0.47584016085417136,0.0,0.2395396359458038,0.225,0.0,0.23999999999999996,3.0,129.8236844409437,0.027188347382892934,True,False,False
5.99,0.25082751717441787,0.444996826724755,0.003725776556317462,0.00132063073232046,-0.21415389823187053,0.0,-0.006903569775251622,0.4758271189838123,0.0,0.23955306134270776,0.225,0.0,0.23999999999999996,3.0,129.82368538317468,0.027125079066309107,True,False,False
5.995,0.25081453790139135,0.444620901884463,0.0036903269666877367,0.0013038106638160421,-0.21415389823187053,0.0,-0.006903569775251622,0.4758141629721087,0.0,0.23956632352037194,0.225,0.0,0.23999999999999996,3.0,129.8236863254094,0.027063312163136195,True,False,False
6.0,0.2508016469743221,0.44424980398938224,0.0036547095024200816,0.0012869328232438775,-0.21395223193924523,0.0,-0.006588803839227405,0.4758012943341068,0.0,0.2395794225764232,0.225,0.0,0.23999999999999996,3.0,129.82778975672272,0.027331840755353574,True,False,False
6.005,0.2507888458164848,0.4438835616158449,0.0036200503312664415,0.0012699142945382885,-0.21395223193924523,0.0,-0.006588803839227405,0.4757885145249946,0.0,0.2395923625248319,0.225,0.0,0.23999999999999996,3.0,129.82779070891854,0.02726123905961659,True,False,False
6.01,0.250776135832197,0.4435222015278474,0.0035852194299132523,0.0012528479883496492,-0.21395223193924523,0.0,-0.006588803839227405,0.4757758249798625,0.0,0.2396051473719255,0.225,0.0,0.23999999999999996,3.0,129.8277916624416,0.02719239535879893,True,False,False
6.015000000000001,0.2507635184507237,0.4431657373928888,0.003550218747822047,0.001235734214625302,-0.21395223193924523,0.0,-0.006588803839227405,0.47576322715166663,0.0,0.23961777720099248,0.225,0.0,0.23999999999999996,3.0,129.82779261690865,0.027125287905348537,True,False,False
6.0200000000000005,0.2507509950802029,0.4428141826492723,0.003515050140196067,0.0012185742214311077,-0.21395223193924523,0.0,-0.006588803839227405,0.4757507224719364,0.0,0.23963025209419297,0.225,0.0,0.23999999999999996,3.0,129.82779357194687,0.027059895287724338,True,False,False
6.025,0.25073856710755055,0.44246755027552326,0.0034797154052861466,0.0012013699349006498,-0.21395223193924523,0.0,-0.006588803839227405,0.4757383123506788,0.0,0.23964257213165036,0.225,0.0,0.23999999999999996,3.0,129.82779452719387,0.026996196336356193,True,False,False
6.03,0.2507262358983969,0.4421258526255446,0.003444216312479358,0.0011841237621731293,-0.21395223193924523,0.0,-0.006588803839227405,0.4757259981763145,0.0,0.23965473739079018,0.225,0.0,0.23999999999999996,3.0,129.82779548229786,0.026934170062570924,True,False,False
6.035,0.25071400279704753,0.4417891013142412,0.0034085546231689442,0.0011668384434465598,-0.21395223193924523,0.0,-0.006588803839227405,0.47571378131563974,0.0,0.23966674794588547,0.225,0.0,0.23999999999999996,3.0,129.82779643691703,0.026873795619862292,True,False,False
6.04,0.2507018691264604,0.44145730713410164,0.0033727321060825505,0.0011495169416887558,-0.21395223193924523,0.0,-0.006588803839227405,0.47570166311380363,0.0,0.23967860386774495,0.225,0.0,0.23999999999999996,3.0,129.82779739071938,0.026815052280272644,True,False,False
6.045,0.2506898361882386,0.44113048000953764,0.0033367505484208815,0.0011321623608628012,-0.21395223193924523,0.0,-0.006588803839227405,0.4756896448943021,0.0,0.23969030522350598,0.225,0.0,0.23999999999999996,3.0,129.8277983433829,0.026757919420978202,True,False,False
6.05,0.2506779052626315,0.44080862896273426,0.0033006117638673866,0.001114777885541378,-0.2137526203537763,0.0,-0.006239847317651762,0.47567772795898033,0.0,0.23970185207650221,0.225,0.0,0.23999999999999996,3.0,129.83235508611972,0.02702910221622116,True,False,False
6.055,0.2506660775606608,0.4404917764359289,0.003265537682524372,0.001097267749010499,-0.2137526203537763,0.0,-0.006239847317651762,0.4756659135451412,0.0,0.23971324884130513,0.225,0.0,0.23999999999999996,3.0,129.8323560465354,0.026963417197097942,True,False,False
6.0600000000000005,0.25065435427603955,0.4401799457159186,0.003230309047837451,0.0010796835783835538,-0.2137526203537763,0.0,-0.006239847317651762,0.4756542028717088,0.0,0.23972449993357964,0.225,0.0,0.23999999999999996,3.0,129.83235700706734,0.02690036562451642,True,False,False
6.065,0.25064273667089826,0.4398732019423259,0.0031949627793736684,0.001061712079666356,-0.2137526203537763,0.0,-0.006239847317651762,0.4756425972205852,0.0,0.23973560560384882,0.225,0.0,0.23999999999999996,3.0,129.83235796682933,0.02684345394533054,True,False,False
6.07,0.2506312260115184,0.439571674846022,0.003159517679175016,0.0010432609449353882,-0.2137526203537763,0.0,-0.006239847317651762,0.4756310978777676,0.0,0.2397465663367498,0.225,0.0,0.23999999999999996,3.0,129.8323589246344,0.026792261332323708,True,False,False
6.075,0.2506198235214541,0.43927550272371124,0.0031239806234883744,0.0010243306903009238,-0.2137526203537763,0.0,-0.006239847317651762,0.47561970608623727,0.0,0.23975738266167904,0.225,0.0,0.23999999999999996,3.0,129.83235987948322,0.026745939183700662,True,False,False
6.08,0.2506085303796179,0.4389848188013312,0.0030883532203427517,0.0010049533749168006,-0.2137526203537763,0.0,-0.006239847317651762,0.475608423043987,0.0,0.23976805509728855,0.225,0.0,0.23999999999999996,3.0,129.83236083053444,0.02670384878654216,True,False,False
6.085,0.25059734772137415,0.43869974435142933,0.0030526340042719246,0.0009851784608068768,-0.2137526203537763,0.0,-0.006239847317651762,0.47559724990509444,0.0,0.23977858412221686,0.225,0.0,0.23999999999999996,3.0,129.8323617770688,0.02666550005468752,True,False,False
6.09,0.25058627664030975,0.43842038514914894,0.0030168199000895177,0.0009650634679269329,-0.2137526203537763,0.0,-0.006239847317651762,0.4755861877814902,0.0,0.2397889701595381,0.225,0.0,0.23999999999999996,3.0,129.83236271846133,0.026630510125747357,True,False,False
6.095,0.25057531819031353,0.4381468300780503,0.0029809071734434272,0.0009446679880301099,-0.2137526203537763,0.0,-0.006239847317651762,0.4755752377450462,0.0,0.2397992135700989,0.225,0.0,0.23999999999999996,3.0,129.832363654164,0.02659857498093401,True,False,False
6.1000000000000005,0.25056447338772025,0.4378791511153283,0.0029448920273089482,0.0009240500087481246,-0.2134948957422514,0.0,-0.005876888701758878,0.4755644008297337,0.0,0.23980931465154892,0.225,0.0,0.23999999999999996,3.0,129.83708747228863,0.026988254147000547,True,False,False
6.105,0.2505537431842201,0.43761744130466135,0.0029100291311196912,0.0009029879405065472,-0.2134948957422514,0.0,-0.005876888701758878,0.47555367800785947,0.0,0.23981927823043486,0.225,0.0,0.23999999999999996,3.0,129.83708840876236,0.02694897523266998,True,False,False
6.11,0.25054312850406546,0.43736179658221647,0.002875065355139969,0.0008817174781817496,-0.2134948957422514,0.0,-0.005876888701758878,0.4755430702233048,0.0,0.2398291091435938,0.225,0.0,0.23999999999999996,3.0,129.83708934050048,0.026912874313825493,True,False,False
6.115,0.25053263026797123,0.43711226842340956,0.0028399971650028377,0.0008602955579304424,-0.2134948957422514,0.0,-0.005876888701758878,0.4755325784124724,0.0,0.23983880761066273,0.225,0.0,0.23999999999999996,3.0,129.83709026697096,0.026879727942916532,True,False,False
6.12,0.2505222493619734,0.4368688925740468,0.002804821394585654,0.0008387747140585939,-0.2134948957422514,0.0,-0.005876888701758878,0.47552220347680907,0.0,0.23984837379171242,0.225,0.0,0.23999999999999996,3.0,129.83709118769013,0.026849350953913297,True,False,False
6.125,0.2505119866394305,0.4366316904653093,0.002769535403015045,0.0008172022662310632,-0.2134948957422514,0.0,-0.005876888701758878,0.47551194628482346,0.0,0.23985780779232913,0.225,0.0,0.23999999999999996,3.0,129.83709210221554,0.026821588423993424,True,False,False
6.13,0.2505018429228244,0.43640067075262523,0.002734137140223494,0.0007956200909844239,-0.2134948957422514,0.0,-0.005876888701758878,0.4755018076738996,0.0,0.23986710966927574,0.225,0.0,0.23999999999999996,3.0,129.8370930101395,0.02679630960119004,True,False,False
6.135,0.25049181900536455,0.4361758308614966,0.0026986251562961644,0.0007740647447415961,-0.2134948957422514,0.0,-0.005876888701758878,0.475491788451914,0.0,0.2398762794362675,0.225,0.0,0.23999999999999996,3.0,129.83709391108485,0.026773403240398626,True,False,False
6.140000000000001,0.2504819156524147,0.43595715846963146,0.002662998577835306,0.0007525677855653001,-0.2134948957422514,0.0,-0.005876888701758878,0.47548188939867253,0.0,0.23988531706951932,0.225,0.0,0.23999999999999996,3.0,129.83709480470074,0.026752773963816742,True,False,False
6.1450000000000005,0.25047213360274945,0.4357446328820444,0.002627257066423465,0.0007311561951428757,-0.2134948957422514,0.0,-0.005876888701758878,0.47547211126717637,0.0,0.23989422251293796,0.225,0.0,0.23999999999999996,3.0,129.83709569065965,0.026734339380189456,True,False,False
6.15,0.25046247356966395,0.43553822627405386,0.002591400768790271,0.0007098528389352641,-0.21307886309987073,0.0,-0.00551287361730882,0.47546245478473825,0.0,0.23990299568281764,0.225,0.0,0.23999999999999996,3.0,129.84178368341563,0.027386417187461938,True,False,False
6.155,0.25045293622807235,0.4353379535803934,0.002556670922222226,0.0006883092650099346,-0.21307886309987073,0.0,-0.00551287361730882,0.47545292064170797,0.0,0.2399116410661899,0.225,0.0,0.23999999999999996,3.0,129.84178457371294,0.027351868425550558,True,False,False
6.16,0.2504435222397928,0.4351438543561868,0.0025218450627369302,0.0006667594302660146,-0.21307886309987073,0.0,-0.00551287361730882,0.4754435095145523,0.0,0.23992016324179088,0.225,0.0,0.23999999999999996,3.0,129.8417854590752,0.027320505996307615,True,False,False
6.165,0.250434232256374,0.43495592555880985,0.0024869226926196837,0.0006452373190340143,-0.21307886309987073,0.0,-0.00551287361730882,0.4754342220673579,0.0,0.23992856221765252,0.225,0.0,0.23999999999999996,3.0,129.84178633896747,0.027292139869599705,True,False,False
6.17,0.2504250668997233,0.4347741544870196,0.0024519032193021776,0.0006237758220058157,-0.21307886309987073,0.0,-0.00551287361730882,0.47542505893438114,0.0,0.23993683796539964,0.225,0.0,0.23999999999999996,3.0,129.84178721289805,0.027266611738166177,True,False,False
6.175,0.2504160267636183,0.4345985193489146,0.002416786187571122,0.0006024053593114529,-0.21307886309987073,0.0,-0.00551287361730882,0.4754160207215655,0.0,0.2399449904221168,0.225,0.0,0.23999999999999996,3.0,129.84178808041085,0.02724378798923307,True,False,False
6.18,0.25040711241509067,0.4344289900774062,0.0023815714065822495,0.0005811531990951887,-0.21307886309987073,0.0,-0.00551287361730882,0.4754071080079314,0.0,0.23995301949323067,0.225,0.0,0.23999999999999996,3.0,129.84178894108211,0.027223554481212435,True,False,False
6.1850000000000005,0.2503983243956781,0.43426552928288625,0.002346259009802099,0.000560043212794608,-0.21307886309987073,0.0,-0.00551287361730882,0.47539832134683324,0.0,0.2399609250559857,0.225,0.0,0.23999999999999996,3.0,129.84178979451582,0.027205812598781756,True,False,False
6.19,0.2503896632225492,0.4341080932180805,0.0023108494732750453,0.0005390958955086358,-0.21307886309987073,0.0,-0.00551287361730882,0.4753896612670887,0.0,0.23996870696308298,0.225,0.0,0.23999999999999996,3.0,129.8417906403403,0.027190476224169743,True,False,False
6.195,0.25038112938951074,0.4339566327321421,0.002275343608960274,0.0005183285390413512,-0.21307886309987073,0.0,-0.00551287361730882,0.4753811282739893,0.0,0.23997636504620373,0.225,0.0,0.23999999999999996,3.0,129.84179147820598,0.02717746937636078,True,False,False
6.2,0.2503727233679003,0.43381109414644187,0.0022397425440368215,0.0004977554851161328,-0.2125369524731367,0.0,-0.00513379639073595,0.47537272285019544,0.0,0.23998389911935353,0.225,0.0,0.23999999999999996,3.0,129.84663936409373,0.028034025109463845,True,False,False
6.205,0.2503644456039013,0.4336714787754219,0.002205327963167596,0.00047694282347424734,-0.2125369524731367,0.0,-0.00513379639073595,0.47536444545321943,0.0,0.23999131376010208,0.225,0.0,0.23999999999999996,3.0,129.8466402102863,0.027999174926855747,True,False,False
6.21,0.25035629653678515,0.4335378239705067,0.0021708462446351287,0.0004561483205959969,-0.2125369524731367,0.0,-0.00513379639073595,0.47535629653294686,0.0,0.2399986136807291,0.225,0.0,0.23999999999999996,3.0,129.84664105227913,0.027968009157174012,True,False,False
6.215,0.25034827658746006,0.43341011966852605,0.002136297043033564,0.00043540642259456,-0.2125369524731367,0.0,-0.00513379639073595,0.4753482765203001,0.0,0.24000579885832435,0.225,0.0,0.23999999999999996,3.0,129.84664188942838,0.0279402934611575,True,False,False
6.22,0.25034038614734516,0.43328834584614295,0.0021016796987739133,0.00041475151470755976,-0.2125369524731367,0.0,-0.00513379639073595,0.47534038581656124,0.0,0.24001286923268061,0.225,0.0,0.23999999999999996,3.0,129.846642721143,0.027915832257056197,True,False,False
6.2250000000000005,0.2503326255800755,0.43317247288233557,0.0020669935632369246,0.00039421593619442575,-0.2125369524731367,0.0,-0.00513379639073595,0.47533262479508187,0.0,0.24001982470728314,0.225,0.0,0.23999999999999996,3.0,129.84664354687666,0.02789445999383425,True,False,False
6.23,0.25032499522306506,0.43306246232322465,0.0020322381853192543,0.00037382892843542813,-0.2125369524731367,0.0,-0.00513379639073595,0.47532499380285065,0.0,0.24002666515193416,0.225,0.0,0.23999999999999996,3.0,129.84664436612195,0.027876034712344303,True,False,False
6.235,0.2503174953889356,0.43295826783850305,0.0019974134086073654,0.00035361617542905725,-0.2125369524731367,0.0,-0.00513379639073595,0.4753174931619254,0.0,0.24003339040623056,0.225,0.0,0.23999999999999996,3.0,129.84664517840588,0.0278604332172221,True,False,False
6.24,0.25031012636680255,0.43285983626427926,0.001962519412129748,0.00033359970986335,-0.2125369524731367,0.0,-0.00513379639073595,0.475310123170722,0.0,0.24004000028342143,0.225,0.0,0.23999999999999996,3.0,129.84664598328567,0.02784754739546057,True,False,False
6.245,0.25030288842342546,0.4327671086369994,0.0019275567165338726,0.0003137980354568002,-0.2125369524731367,0.0,-0.00513379639073595,0.47530288410516636,0.0,0.2400464945742617,0.225,0.0,0.23999999999999996,3.0,129.8466467803457,0.027837281364971336,True,False,False
6.25,0.2502957818042323,0.4326800211675743,0.0018925261700118018,0.0002942263686248116,-0.21190135186446402,0.0,-0.0047415807092531905,0.4752957762197204,0.0,0.24005287305068584,0.225,0.0,0.23999999999999996,3.0,129.8516393101039,0.028844928135349245,True,False,False
6.255,0.2502888067384739,0.4325985723386181,0.0018587539019405432,0.00027439272836755094,-0.21190135186446402,0.0,-0.0047415807092531905,0.4752887997513695,0.0,0.24005914040902532,0.225,0.0,0.23999999999999996,3.0,129.85164011831066,0.028808872430241356,True,False,False
6.26,0.2502819634524423,0.4325228035297788,0.0018249485774776799,0.0002545784967900171,-0.21190135186446402,0.0,-0.0047415807092531905,0.4752819549334769,0.0,0.24006530150608715,0.225,0.0,0.23999999999999996,3.0,129.85164092317987,0.028777006581770195,True,False,False
6.265000000000001,0.2502752521475898,0.43245270365863675,0.001791109373497588,0.0002348228686103239,-0.21190135186446402,0.0,-0.0047415807092531905,0.475275241975343,0.0,0.24007135631124146,0.225,0.0,0.23999999999999996,3.0,129.85164172394929,0.028749049616339478,True,False,False
6.2700000000000005,0.25026867299569533,0.43238825028579914,0.0017572350590033196,0.00021516504494475307,-0.21190135186446402,0.0,-0.0047415807092531905,0.4752686610564768,0.0,0.24007730475144945,0.225,0.0,0.23999999999999996,3.0,129.8516425199201,0.028724766309559762,True,False,False
6.275,0.250262226140847,0.432329410036887,0.001723324380147875,0.00019564189256635468,-0.21190135186446402,0.0,-0.0047415807092531905,0.4752622123285828,0.0,0.24008314671237316,0.225,0.0,0.23999999999999996,3.0,129.85164331044768,0.028703956927063366,True,False,False
6.28,0.25025591170126077,0.4322761394680005,0.001689376283238402,0.00017628670156080663,-0.21190135186446402,0.0,-0.0047415807092531905,0.4752558959173828,0.0,0.2400888820413593,0.225,0.0,0.23999999999999996,3.0,129.85164409493456,0.0286864496559684,True,False,False
6.285,0.2502497297709385,0.43222838618176007,0.001655390032956233,0.00015712864041102654,-0.21190135186446402,0.0,-0.0047415807092531905,0.4752497119242766,0.0,0.24009451055148565,0.225,0.0,0.23999999999999996,3.0,129.8516448728246,0.02867209493015979,True,False,False
6.29,0.2502436804211611,0.43218609003191183,0.001621365264158289,0.00013819264161857683,-0.21190135186446402,0.0,-0.0047415807092531905,0.4752436604278357,0.0,0.2401000320260183,0.225,0.0,0.23999999999999996,3.0,129.85164564359835,0.028660761103496555,True,False,False
6.295,0.2502377637018222,0.43214918432091104,0.0015873019927457547,0.00011949954216345163,-0.21190135186446402,0.0,-0.0047415807092531905,0.47523774148513864,0.0,0.24010544622288282,0.225,0.0,0.23999999999999996,3.0,129.85164640676925,0.028652331098445716,True,False,False
6.3,0.2502319796426127,0.43211759693951807,0.0015532006023492187,0.00010106636470339864,-0.211201019684295,0.0,-0.004341472644092504,0.4752319551329541,0.0,0.2401107528789318,0.225,0.0,0.23999999999999996,3.0,129.8567232958609,0.029764308990019334,True,False,False
6.305,0.25022632826403335,0.4320913227000056,0.0015204308826824648,8.236243532585105e-05,-0.211201019684295,0.0,-0.004341472644092504,0.4752263013964196,0.0,0.24011595675045086,0.225,0.0,0.23999999999999996,3.0,129.8567240716544,0.02972751320463919,True,False,False
6.3100000000000005,0.2502208095868072,0.43207040381562395,0.001487664776910622,6.36856925368991e-05,-0.211201019684295,0.0,-0.004341472644092504,0.47522078030028336,0.0,0.24012106277110878,0.225,0.0,0.23999999999999996,3.0,129.8567248448403,0.029695321689483092,True,False,False
6.315,0.25021542360245597,0.4320548264325235,0.0014549010845789777,4.507916187181842e-05,-0.211201019684295,0.0,-0.004341472644092504,0.47521539184208,0.0,0.24012607089616006,0.225,0.0,0.23999999999999996,3.0,129.85672561455056,0.02966741622591634,True,False,False
6.32,0.25021017027323705,0.4320445642483287,0.0014221381424472498,2.6585766917392687e-05,-0.211201019684295,0.0,-0.004341472644092504,0.4752101359899932,0.0,0.2401309810344095,0.225,0.0,0.23999999999999996,3.0,129.85672637999002,0.029643529582181367,True,False,False
6.325,0.25020504953434974,0.43203957899904666,0.0013893742552100426,8.24576659805233e-06,-0.211201019684295,0.0,-0.004341472644092504,0.4752050126850661,0.0,0.24013579304954313,0.225,0.0,0.23999999999999996,3.0,129.8567271404259,0.029623434138985074,True,False,False
6.33,0.2502000612959588,0.43203982144343706,0.001356607947652119,9.904598271332193e-06,-0.211201019684295,0.0,-0.004341472644092504,0.47520002184322635,0.0,0.24014050676351512,0.225,0.0,0.23999999999999996,3.0,129.85672789517957,0.02960693349283314,True,False,False
6.335,0.25019520544503715,0.4320452326092767,0.0013238381011246127,2.783369129965885e-05,-0.211201019684295,0.0,-0.004341472644092504,0.4751951633571295,0.0,0.2401451219610778,0.225,0.0,0.23999999999999996,3.0,129.85672864362016,0.029593856156220323,True,False,False
6.34,0.2501904818470219,0.43205574513921663,0.0012910640165884417,4.5514593906539316e-05,-0.211201019684295,0.0,-0.004341472644092504,0.47519043709781517,0.0,0.24014963839475909,0.225,0.0,0.23999999999999996,3.0,129.85672938515904,0.029584050751048287,True,False,False
6.345,0.25018589034729427,0.4320712846219718,0.0012582854323686615,6.292493938430489e-05,-0.211201019684295,0.0,-0.004341472644092504,0.47518584291618493,0.0,0.24015405578983215,0.225,0.0,0.23999999999999996,3.0,129.85673011924575,0.029577382283225092,True,False,False
6.3500000000000005,0.25018143077248783,0.4320917708536441,0.0012255025151910973,8.004659329190704e-05,-0.21046166307026434,0.0,-0.0039380442661539165,0.4751813806443098,0.0,0.24015837384907063,0.225,0.0,0.23999999999999996,3.0,129.86183894654604,0.030752877434265132,True,False,False
6.355,0.2501771029454781,0.4321171932834364,0.0011941396891085054,9.743303842589177e-05,-0.21046166307026434,0.0,-0.0039380442661539165,0.4751770501071179,0.0,0.2401625973338838,0.225,0.0,0.23999999999999996,3.0,129.86183969346453,0.030716403296546728,True,False,False
6.36,0.2501729066920924,0.4321475915076573,0.0011628239134839258,0.00011477709247217883,-0.21046166307026434,0.0,-0.0039380442661539165,0.4751728511319314,0.0,0.2401667311934081,0.225,0.0,0.23999999999999996,3.0,129.86184043826637,0.030684831563663424,True,False,False
6.365,0.2501688418067418,0.43218294701799376,0.001131554296233975,0.00013203362108108087,-0.21046166307026434,0.0,-0.0039380442661539165,0.4751687835176531,0.0,0.24017077536180753,0.225,0.0,0.23999999999999996,3.0,129.86184117999855,0.0306578175525346,True,False,False
6.37,0.25016490805567243,0.43222322826069676,0.001100329506117263,0.0001491577079490114,-0.21046166307026434,0.0,-0.0039380442661539165,0.47516484703496287,0.0,0.24017472972460557,0.225,0.0,0.23999999999999996,3.0,129.86184191778838,0.030635070926623525,True,False,False
6.375,0.2501611051793218,0.43226839118344995,0.0010691482527689386,0.00016610734252888056,-0.21046166307026434,0.0,-0.0039380442661539165,0.4751610414286763,0.0,0.24017859412020598,0.225,0.0,0.23999999999999996,3.0,129.86184265083185,0.030616343626045785,True,False,False
6.38,0.2501574328944761,0.4323183802983152,0.0010380095781042378,0.00018284483269410203,-0.21046166307026434,0.0,-0.0039380442661539165,0.4751573664199029,0.0,0.24018236834355855,0.225,0.0,0.23999999999999996,3.0,129.86184337838492,0.030601420952408562,True,False,False
6.385,0.25015389089623463,0.432373130013984,0.0010069130264318696,0.0001993374092324362,-0.21046166307026434,0.0,-0.0039380442661539165,0.47515382170800907,0.0,0.24018605215101607,0.225,0.0,0.23999999999999996,3.0,129.86184409975635,0.030590114876105672,True,False,False
6.390000000000001,0.2501504788597732,0.4324325660749518,0.0009758587389077408,0.00021555733275275163,-0.21046166307026434,0.0,-0.0039380442661539165,0.4751504069723794,0.0,0.24018964526565148,0.225,0.0,0.23999999999999996,3.0,129.86184481430203,0.03058225892706892,True,False,False
6.3950000000000005,0.2501471964419161,0.4324966069790553,0.0009448475031787171,0.0002314817073066731,-0.21046166307026434,0.0,-0.0039380442661539165,0.4751471218739867,0.0,0.24019314738255676,0.225,0.0,0.23999999999999996,3.0,129.86184552142018,0.03057770423263658,True,False,False
6.4,0.2501440432825271,0.4325651653190938,0.0009138807791149992,0.0002470921332581285,-0.2097058302343759,0.0,-0.003534859074027412,0.4751439660567791,0.0,0.2401965581739013,0.225,0.0,0.23999999999999996,3.0,129.86694619431995,0.03178133373111969,True,False,False
6.405,0.2501410190217155,0.4326382244652873,0.0008844702467631163,0.000262951319372638,-0.2097058302343759,0.0,-0.003534859074027412,0.47514093916082933,0.0,0.24019988236661988,0.225,0.0,0.23999999999999996,3.0,129.86694691334372,0.03174648402256798,True,False,False
6.41,0.25013812330488605,0.43271581918398316,0.0008551744139289098,0.00027874922846918065,-0.2097058302343759,0.0,-0.003534859074027412,0.4751380408310049,0.0,0.2402031248801113,0.225,0.0,0.23999999999999996,3.0,129.86694763046452,0.031716711566308405,True,False,False
6.415,0.2501353557458049,0.4327979254875409,0.0008259957168288688,0.00029444023729933706,-0.2097058302343759,0.0,-0.003534859074027412,0.4751352706843269,0.0,0.2402062856244806,0.225,0.0,0.23999999999999996,3.0,129.8669483446692,0.031691655453191914,True,False,False
6.42,0.2501327159317791,0.4328845062113284,0.000796936629396083,0.00030997903277850067,-0.2097058302343759,0.0,-0.003534859074027412,0.4751326283113234,0.0,0.24020936446073105,0.225,0.0,0.23999999999999996,3.0,129.8669490550301,0.031671010771762854,True,False,False
6.425,0.2501302034260917,0.4329755115999476,0.0007680002809416364,0.0003253233442026251,-0.2097058302343759,0.0,-0.003534859074027412,0.47513011327846505,0.0,0.24021236120240796,0.225,0.0,0.23999999999999996,3.0,129.8669497606928,0.03165451622084529,True,False,False
6.43,0.25012781777022614,0.433070880404686,0.0007391908981048188,0.00034043537353769133,-0.2097058302343759,0.0,-0.003534859074027412,0.4751277251303884,0.0,0.24021527561941158,0.225,0.0,0.23999999999999996,3.0,129.86695046086749,0.03164194495570193,True,False,False
6.4350000000000005,0.2501255584858883,0.4331705412715871,0.0007105141475117411,0.00035528240108761484,-0.2097058302343759,0.0,-0.003534859074027412,0.47512546339191625,0.0,0.24021810744303185,0.225,0.0,0.23999999999999996,3.0,129.86695115482075,0.0316330977130063,True,False,False
6.44,0.2501234250768235,0.43327441421327567,0.0006819774348616241,0.00036983688398734704,-0.2097058302343759,0.0,-0.003534859074027412,0.47512332756987014,0.0,0.240220856371417,0.225,0.0,0.23999999999999996,3.0,129.86695184186988,0.03162779756007709,True,False,False
6.445,0.250121417030432,0.4333824120732182,0.0006535902032377719,0.0003840762562727388,-0.2097058302343759,0.0,-0.003534859074027412,0.4751213171546824,0.0,0.2402235220750386,0.225,0.0,0.23999999999999996,3.0,129.86695252137767,0.03162588582129542,True,False,False
6.45,0.2501195338191991,0.43349444190220743,0.0006253642663620668,0.00039798256588806987,-0.20895305345802448,0.0,-0.0031347765646742385,0.4751194316218222,0.0,0.24022610420187063,0.225,0.0,0.23999999999999996,3.0,129.8720132958733,0.03282721986607066,True,False,False
6.455,0.25011777491853127,0.4336104812653518,0.0005989767342870356,0.0004121160352483129,-0.20895305345802448,0.0,-0.0031347765646742385,0.47511767044502534,0.0,0.2402286074163103,0.225,0.0,0.23999999999999996,3.0,129.87201398538528,0.03279531319481946,True,False,False
6.46,0.2501161398111115,0.433730559072186,0.000572875182697501,0.0004261691760782248,-0.20895305345802448,0.0,-0.0031347765646742385,0.47511603310486206,0.0,0.24023103657506134,0.225,0.0,0.23999999999999996,3.0,129.87201467293534,0.03276853586212891,True,False,False
6.465,0.25011462794949263,0.43385464599718015,0.0005470822557772213,0.00044009723035852547,-0.20895305345802448,0.0,-0.0031347765646742385,0.4751145190561527,0.0,0.24023339156488638,0.225,0.0,0.23999999999999996,3.0,129.87201535747687,0.03274652009489892,True,False,False
6.47,0.25011323876196484,0.43398269980001514,0.0005216244433394647,0.00045385581495957305,-0.20895305345802448,0.0,-0.0031347765646742385,0.47511312772943814,0.0,0.24023567222442477,0.225,0.0,0.23999999999999996,3.0,129.8720160380521,0.03272895427487182,True,False,False
6.4750000000000005,0.2501119716549976,0.4341146659179794,0.0004965336280602586,0.0004674036297490503,-0.20895305345802448,0.0,-0.0031347765646742385,0.4751118585334228,0.0,0.24023787834589178,0.225,0.0,0.23999999999999996,3.0,129.87201671377974,0.03271557056312465,True,False,False
6.48,0.25011082601546997,0.4342504785801754,0.0004718486680253947,0.0004807038704415087,-0.20895305345802448,0.0,-0.0031347765646742385,0.4751107108572016,0.0,0.240240009678947,0.225,0.0,0.23999999999999996,3.0,129.8720173838454,0.032706135751581426,True,False,False
6.485,0.2501098012126976,0.4343900621938394,0.00044761714797291895,0.0004937248215442603,-0.20895305345802448,0.0,-0.0031347765646742385,0.47510968407228427,0.0,0.2402420659357274,0.225,0.0,0.23999999999999996,3.0,129.87201804749378,0.03270044438940149,True,False,False
6.49,0.2501088966002514,0.43453333282323053,0.00042389741937100874,0.0005064399454852406,-0.20895305345802448,0.0,-0.0031347765646742385,0.47510877753440883,0.0,0.2402440467963396,0.225,0.0,0.23999999999999996,3.0,129.87201870402276,0.03269831353136686,True,False,False
6.495,0.25010811151757334,0.43468019964987836,0.0004007610397011572,0.0005188276757240849,-0.20895305345802448,0.0,-0.0031347765646742385,0.4751079905851525,0.0,0.2402459519143158,0.225,0.0,0.23999999999999996,3.0,129.8720193527777,0.03269957866222528,True,False,False
6.5,0.2501074452914053,0.43483056634937906,0.00037829570596592136,0.0005308710485420445,-0.208220016517283,0.0,-0.0027402629982629947,0.4751073225533552,0.0,0.2402477809218006,0.225,0.0,0.23999999999999996,3.0,129.87701277845792,0.03387269851431128,True,False,False
6.505,0.2501068972528891,0.43498440564203766,0.0003585268878785322,0.000543117723498267,-0.208220016517283,0.0,-0.0027402629982629947,0.47510677276726143,0.0,0.2402495383991503,0.225,0.0,0.23999999999999996,3.0,129.877013434532,0.03384491699488933,True,False,False
6.51,0.25010646674205594,0.4351417404063396,0.00033977815612045136,0.0005552673066646164,-0.208220016517283,0.0,-0.0027402629982629947,0.4751063405636233,0.0,0.24025122911461488,0.225,0.0,0.23999999999999996,3.0,129.87701408834656,0.033822199750994146,True,False,False
6.515000000000001,0.2501061530717605,0.43530253678979103,0.00032219273703660455,0.0005672769863056189,-0.208220016517283,0.0,-0.0027402629982629947,0.47510602525678625,0.0,0.2402528529348637,0.225,0.0,0.23999999999999996,3.0,129.87701473884945,0.033804180583579105,True,False,False
6.5200000000000005,0.2501059555331489,0.4354667485909412,0.0003059348385062986,0.0005791043655695288,-0.208220016517283,0.0,-0.0027402629982629947,0.47510582613938424,0.0,0.24025440968057277,0.225,0.0,0.23999999999999996,3.0,129.8770153850785,0.03379054832202872,True,False,False
6.525,0.2501058733980524,0.43563431785305334,0.00029118975840827137,0.0005907100882796327,-0.208220016517283,0.0,-0.0027402629982629947,0.4751057424847315,0.0,0.24025589912813264,0.225,0.0,0.23999999999999996,3.0,129.87701602614922,0.033781034742469906,True,False,False
6.53,0.25010590592116977,0.4358051759536971,0.00027816092575787293,0.0006020592047456365,-0.208220016517283,0.0,-0.0027402629982629947,0.47510577354900274,0.0,0.24025732101344305,0.225,0.0,0.23999999999999996,3.0,129.87701666124508,0.03377540563348751,True,False,False
6.535,0.2501060523420507,0.4359792449646847,0.00026706265901210496,0.0006131217404273736,-0.208220016517283,0.0,-0.0027402629982629947,0.4751059185732115,0.0,0.24025867503685977,0.225,0.0,0.23999999999999996,3.0,129.8770172896099,0.033773454081176865,True,False,False
6.54,0.25010631188687205,0.4361564390966782,0.0002581076715649752,0.0006238727751546322,-0.208220016517283,0.0,-0.0027402629982629947,0.4751061767849809,0.0,0.2402599608685525,0.225,0.0,0.23999999999999996,3.0,129.8770179105414,0.0337749953370605,True,False,False
6.545,0.25010668377001755,0.4363366661235439,0.0002514893375619695,0.000634292235145949,-0.208220016517283,0.0,-0.0027402629982629947,0.47510654740011804,0.0,0.24026117815382908,0.225,0.0,0.23999999999999996,3.0,129.87701852338603,0.033779862833936726,True,False,False
6.55,0.2501071671954709,0.4365198287194521,0.00024736054843625807,0.0006443645288770301,-0.20752073224859985,0.0,-0.0023536013980956123,0.4751070296240013,0.0,0.24026232651818324,0.225,0.0,0.23999999999999996,3.0,129.88191872486235,0.03490296420710675,True,False,False
6.555,0.2501077613720431,0.4367058961009812,0.0002474803962855628,0.0006546161526444426,-0.20752073224859985,0.0,-0.0023536013980956123,0.4751076226616761,0.0,0.24026341043926563,0.225,0.0,0.23999999999999996,3.0,129.88191934178238,0.034880258255316564,True,False,False
6.5600000000000005,0.25010846551868243,0.43689488548089267,0.00025001680562473184,0.0006647576244737654,-0.20752073224859985,0.0,-0.0023536013980956123,0.47510832572800477,0.0,0.2402644345745662,0.225,0.0,0.23999999999999996,3.0,129.88191995596046,0.034862443961018265,True,False,False
6.565,0.2501092788312498,0.4370867596571335,0.0002548513813540006,0.0006747489137943219,-0.20752073224859985,0.0,-0.0023536013980956123,0.4751091380197411,0.0,0.24026539877533967,0.225,0.0,0.23999999999999996,3.0,129.88192056636592,0.034849164202670764,True,False,False
6.57,0.2501102004866948,0.437281469887401,0.00026181268312160984,0.0006845504241038423,-0.20752073224859985,0.0,-0.0023536013980956123,0.4751100587147322,0.0,0.24026630284986972,0.225,0.0,0.23999999999999996,3.0,129.88192117205725,0.034840114674626776,True,False,False
6.575,0.25011122964534865,0.4374789564608179,0.00027069536444693964,0.000694125487802314,-0.20752073224859985,0.0,-0.0023536013980956123,0.47511108697421045,0.0,0.2402671465651306,0.225,0.0,0.23999999999999996,3.0,129.88192177216993,0.03483503233633786,True,False,False
6.58,0.2501123654530153,0.4376791497462443,0.00028127923652515856,0.0007034416603226648,-0.20752073224859985,0.0,-0.0023536013980956123,0.47511222194488034,0.0,0.24026792965043883,0.225,0.0,0.23999999999999996,3.0,129.88192236590723,0.03483368686792157,True,False,False
6.585,0.25011360704286906,0.437881971493317,0.00029334508007554345,0.0007124712549918645,-0.20752073224859985,0.0,-0.0023536013980956123,0.47511346276081157,0.0,0.24026865180219092,0.225,0.0,0.23999999999999996,3.0,129.88192295253234,0.03483587424613048,True,False,False
6.59,0.2501149535371536,0.4380873362154799,0.00030668578450818607,0.0007211914120503096,-0.20752073224859985,0.0,-0.0023536013980956123,0.475114808545132,0.0,0.24026931268898827,0.225,0.0,0.23999999999999996,3.0,129.88192353136205,0.03484141183303458,True,False,False
6.595,0.2501164040486911,0.43829515254475193,0.0003211128851808235,0.0007295838946466894,-0.20752073224859985,0.0,-0.0023536013980956123,0.47511625841153093,0.0,0.24026991195671565,0.225,0.0,0.23999999999999996,3.0,129.88192410176197,0.03485013456207287,True,False,False
6.6000000000000005,0.2501179576822131,0.438505324511566,0.00033645940203723277,0.0007376347367135376,-0.20686672218757662,0.0,-0.001977002571510523,0.4751178114655842,0.0,0.24027044923335344,0.225,0.0,0.23999999999999996,3.0,129.88670537052843,0.03590517914231185,True,False,False
6.605,0.250119613546814,0.4387178192901228,0.0003530679457128953,0.0007458420298155158,-0.20686672218757662,0.0,-0.001977002571510523,0.4751194668120653,0.0,0.24027092887576032,0.225,0.0,0.23999999999999996,3.0,129.8867059414487,0.035888219212792456,True,False,False
6.61,0.2501213707626132,0.4389326490760394,0.0003701769311094677,0.0007539303957807785,-0.20686672218757662,0.0,-0.001977002571510523,0.47512122356651454,0.0,0.24027135540949554,0.225,0.0,0.23999999999999996,3.0,129.88670650902307,0.03587588335975628,True,False,False
6.615,0.2501232284315741,0.439149774633944,0.0003876899006492939,0.0007618632074806454,-0.20686672218757662,0.0,-0.001977002571510523,0.47512308083133836,0.0,0.24027172867563262,0.225,0.0,0.23999999999999996,3.0,129.88670707226763,0.035867830096863444,True,False,False
6.62,0.25012518563967945,0.43936914617159134,0.00040552645794148006,0.0007696042742135101,-0.20686672218757662,0.0,-0.001977002571510523,0.4751250376929724,0.0,0.24027204847595185,0.225,0.0,0.23999999999999996,3.0,129.88670763028466,0.035863767638638765,True,False,False
6.625,0.25012724145908527,0.4395907038850346,0.0004236198129884256,0.0007771201658001881,-0.20686672218757662,0.0,-0.001977002571510523,0.4751270932240329,0.0,0.24027231457452708,0.225,0.0,0.23999999999999996,3.0,129.88670818225145,0.03586344307583354,True,False,False
6.63,0.2501293949500823,0.4398143789404174,0.0004419145203789405,0.0007843814149564425,-0.20686672218757662,0.0,-0.001977002571510523,0.47512924648527494,0.0,0.2402725267011689,0.225,0.0,0.23999999999999996,3.0,129.88670872741096,0.035866634365540564,True,False,False
6.635,0.25013164516287606,0.44004009469690347,0.00046036450295986413,0.0007913630106819145,-0.20686672218757662,0.0,-0.001977002571510523,0.4751314965273664,0.0,0.2402726845558603,0.225,0.0,0.23999999999999996,3.0,129.88670926506444,0.03587314430704969,True,False,False
6.640000000000001,0.2501339911391768,0.44026776799587625,0.00047893137846236983,0.0007980444569738046,-0.20686672218757662,0.0,-0.001977002571510523,0.475133842392473,0.0,0.24027278781355227,0.225,0.0,0.23999999999999996,3.0,129.8867097945657,0.035882795934727194,True,False,False
6.6450000000000005,0.250136431913613,0.4404973104332647,0.0004975830697903469,0.0008044095770792811,-0.20686672218757662,0.0,-0.001977002571510523,0.47513628311566536,0.0,0.24027283612892672,0.225,0.0,0.23999999999999996,3.0,129.8867103153158,0.03589542893913137,True,False,False
6.65,0.25013896651497375,0.4407286295503912,0.0005162926645208158,0.0008104461799933601,-0.20626719420735512,0.0,-0.0016126402526306983,0.47513881772615585,0.0,0.24027282914088033,0.225,0.0,0.23999999999999996,3.0,129.8913467049977,0.03686783969364759,True,False,False
6.655,0.2501415939752219,0.44096169189279244,0.0005349802623320888,0.000816617980244012,-0.20626719420735512,0.0,-0.0016126402526306983,0.4751414452513015,0.0,0.24027277106688932,0.225,0.0,0.23999999999999996,3.0,129.89134722265712,0.03685700484254871,True,False,False
6.66,0.25014431333788656,0.44119650538343014,0.0005536207103880131,0.0008226663430237376,-0.20626719420735512,0.0,-0.0016126402526306983,0.4751441647298269,0.0,0.24027266627951543,0.225,0.0,0.23999999999999996,3.0,129.8913477363104,0.0368504461215395,True,False,False
6.665,0.2501471236338332,0.44143303003821066,0.0005721992399902089,0.0008285584871356649,-0.20626719420735512,0.0,-0.0016126402526306983,0.4751469751927153,0.0,0.240272514614791,0.225,0.0,0.23999999999999996,3.0,129.89134824504245,0.03684784328077974,True,False,False
6.67,0.25015002388092344,0.44167121642719925,0.0005907036224737532,0.000834262057004091,-0.20626719420735512,0.0,-0.0016126402526306983,0.47514987565795747,0.0,0.24027231587360454,0.225,0.0,0.23999999999999996,3.0,129.89134874802,0.03684892192435884,True,False,False
6.675,0.2501530130859947,0.44191100618013673,0.0006091237704785789,0.0008397472444482516,-0.20626719420735512,0.0,-0.0016126402526306983,0.47515286513252875,0.0,0.2402720698231877,0.225,0.0,0.23999999999999996,3.0,129.89134924448092,0.036853443568292496,True,False,False
6.68,0.25015609024666585,0.44215233289055417,0.0006274513783021629,0.000844987883431914,-0.20626719420735512,0.0,-0.0016126402526306983,0.47515594261419214,0.0,0.2402717762002774,0.225,0.0,0.23999999999999996,3.0,129.8913497337257,0.036861198281194045,True,False,False
6.6850000000000005,0.25015925435296826,0.44239512323892094,0.000645679610732907,0.0008499618960050682,-0.20626719420735512,0.0,-0.0016126402526306983,0.4751591070931227,0.0,0.240271434715204,0.225,0.0,0.23999999999999996,3.0,129.89135021511012,0.036871999147422715,True,False,False
6.69,0.2501625043888074,0.44263929817331416,0.0006638028405395167,0.0008546513407581471,-0.20626719420735512,0.0,-0.0016126402526306983,0.47516235755336483,0.0,0.24027104505628094,0.225,0.0,0.23999999999999996,3.0,129.89135068804032,0.036885678031109335,True,False,False
6.695,0.25016583933325626,0.44288477407567045,0.0006818164304912841,0.0008590422288630704,-0.20626719420735512,0.0,-0.0016126402526306983,0.4751656929741195,0.0,0.24027060689417074,0.225,0.0,0.23999999999999996,3.0,129.89135115196737,0.03690208228441136,True,False,False
6.7,0.25016925816169516,0.4431314638485919,0.0006997165541588374,0.0008631242145708756,-0.20572921666812416,0.0,-0.001262635247309411,0.4751691123308792,0.0,0.24027011988597785,0.225,0.0,0.23999999999999996,3.0,129.89581674706957,0.03778047399977257,True,False,False
6.705,0.2501727598509181,0.44337933465571194,0.0007172256484955252,0.00086732185894597,-0.20572921666812416,0.0,-0.001262635247309411,0.47517261459577576,0.0,0.2402695880905829,0.225,0.0,0.23999999999999996,3.0,129.8958172044818,0.0377758672327769,True,False,False
6.71,0.25017634338950684,0.4436283908672734,0.0007345814044285364,0.0008713954090561322,-0.20572921666812416,0.0,-0.001262635247309411,0.47517619875258754,0.0,0.24026901570633563,0.225,0.0,0.23999999999999996,3.0,129.89581765723136,0.03777512394498218,True,False,False
6.715,0.2501800077591829,0.4438785928988628,0.0007517811188927128,0.0008753162218965633,-0.20572921666812416,0.0,-0.001262635247309411,0.47517986378293087,0.0,0.24026840256886808,0.225,0.0,0.23999999999999996,3.0,129.89581810449076,0.037777949764427235,True,False,False
6.72,0.25018375193160997,0.44412989291018257,0.0007688228367653152,0.0008790560593078133,-0.20572921666812416,0.0,-0.001262635247309411,0.4751836086583754,0.0,0.24026774848313387,0.225,0.0,0.23999999999999996,3.0,129.89581854550832,0.0377840917525984,True,False,False
6.7250000000000005,0.25018757487017584,0.4443822352691061,0.0007857052046904466,0.0008825889834081978,-0.20572921666812416,0.0,-0.001262635247309411,0.47518743234222416,0.0,0.2402670532247613,0.225,0.0,0.23999999999999996,3.0,129.89581897959826,0.0377933294657258,True,False,False
6.73,0.250191475531616,0.44463555736768134,0.000802427348561328,0.0008858923317357854,-0.20572921666812416,0.0,-0.001262635247309411,0.47519133379113315,0.0,0.2402663165429034,0.225,0.0,0.23999999999999996,3.0,129.89581940613314,0.03780546833554107,True,False,False
6.735,0.25019545286748035,0.4448897906272309,0.0008189887732258588,0.0008889471113212787,-0.20572921666812416,0.0,-0.001262635247309411,0.4751953119565734,0.0,0.24026553816391522,0.225,0.0,0.23999999999999996,3.0,129.8958198245372,0.03782033468722689,True,False,False
6.74,0.25019950582544376,0.44514486155907845,0.000835389281622523,0.0008917380370577319,-0.20572921666812416,0.0,-0.001262635247309411,0.47519936578613686,0.0,0.24026471779530267,0.225,0.0,0.23999999999999996,3.0,129.89582023428102,0.03783777192634383,True,False,False
6.745,0.2502036333504683,0.44540069281104966,0.0008516289102212253,0.000894253362357133,-0.20572921666812416,0.0,-0.001262635247309411,0.4752034942246933,0.0,0.24026385512961496,0.225,0.0,0.23999999999999996,3.0,129.8958206348778,0.03785763757451206,True,False,False
6.75,0.25020783438582145,0.4456572041383996,0.0008677078778058286,0.000896484597871924,-0.20525788910790577,0.0,-0.0009290102593835539,0.47520769621540426,0.0,0.2402629498481334,0.225,0.0,0.23999999999999996,3.0,129.90009020594007,0.038633572489222764,True,False,False
6.755,0.25021210787401826,0.44591436433233755,0.0008832562029448095,0.0008988135052322634,-0.20525788910790577,0.0,-0.0009290102593835539,0.475211970696255,0.0,0.24026200583160245,0.225,0.0,0.23999999999999996,3.0,129.90009059699656,0.038635053676865885,True,False,False
6.76,0.25021645276927834,0.446172174849815,0.0008986226621163142,0.0009010208869554169,-0.20525788910790577,0.0,-0.0009290102593835539,0.47521631661684716,0.0,0.24026102708323127,0.225,0.0,0.23999999999999996,3.0,129.9000909827889,0.03863993688244401,True,False,False
6.765000000000001,0.2502208680248641,0.4464305974463124,0.0009138069996742709,0.0009030824057066754,-0.20525788910790577,0.0,-0.0009290102593835539,0.47522073293019973,0.0,0.24026001344216336,0.225,0.0,0.23999999999999996,3.0,129.90009136259155,0.03864795730200843,True,False,False
6.7700000000000005,0.2502253525868344,0.4466895868686564,0.000928809385089841,0.0009049741009369515,-0.20525788910790577,0.0,-0.0009290102593835539,0.4752252185821378,0.0,0.2402589647214969,0.225,0.0,0.23999999999999996,3.0,129.9000917357481,0.038658886717758946,True,False,False
6.775,0.25022990539561,0.44694909126321675,0.0009436302952430576,0.0009066740409029332,-0.20525788910790577,0.0,-0.0009290102593835539,0.4752297725128558,0.0,0.240257880709516,0.225,0.0,0.23999999999999996,3.0,129.9000921016611,0.03867252565038738,True,False,False
6.78,0.2502345253874009,0.44720905289163887,0.0009582704282061932,0.0009081631697782586,-0.20525788910790577,0.0,-0.0009290102593835539,0.4752343936583423,0.0,0.24025676117217454,0.225,0.0,0.23999999999999996,3.0,129.90009245978655,0.03868869754511592,True,False,False
6.785,0.2502392114954941,0.44746940901191107,0.000972730640375576,0.0009094256468584591,-0.20525788910790577,0.0,-0.0009290102593835539,0.4752390809516628,0.0,0.240255605856332,0.225,0.0,0.23999999999999996,3.0,129.90009280962752,0.038707244393674664,True,False,False
6.79,0.2502439626514013,0.44773009281253096,0.0009870119007569986,0.0009104488751335391,-0.20525788910790577,0.0,-0.0009290102593835539,0.47524383332410325,0.0,0.24025441449321516,0.225,0.0,0.23999999999999996,3.0,129.90009315072902,0.03872802338192377,True,False,False
6.795,0.2502487777845002,0.44799103265686313,0.0010011153466715312,0.0009111969953975544,-0.20525788910790577,0.0,-0.0009290102593835539,0.4752486497048133,0.0,0.24025318679626417,0.225,0.0,0.23999999999999996,3.0,129.9000934826948,0.03875053626780501,True,False,False
6.8,0.2502536558081026,0.4482521318720674,0.001015044025138079,0.000911548588990766,-0.20485731477733682,0.0,-0.0006134982548195999,0.4752535290069427,0.0,0.24025192239200366,0.225,0.0,0.23999999999999996,3.0,129.9041453292529,0.039415046870059645,True,False,False
6.805,0.25025859559562275,0.44851327757989584,0.00102839364981603,0.0009115155346612415,-0.20485731477733682,0.0,-0.0006134982548195999,0.47525847009994726,0.0,0.2402506246740419,0.225,0.0,0.23999999999999996,3.0,129.90414565057748,0.03941521432222144,True,False,False
6.8100000000000005,0.25026359603080484,0.44877434760504564,0.0010415680725176738,0.0009110194797889286,-0.20485731477733682,0.0,-0.0006134982548195999,0.47526347186370854,0.0,0.24024929699682265,0.225,0.0,0.23999999999999996,3.0,129.90414596808495,0.03941631225581759,True,False,False
6.815,0.2502686560402617,0.4490352092067158,0.0010545700819844677,0.0009100614318941584,-0.20485731477733682,0.0,-0.0006134982548195999,0.47526853322486884,0.0,0.24024793884638818,0.225,0.0,0.23999999999999996,3.0,129.90414628159192,0.03941834817956502,True,False,False
6.82,0.250273774560396,0.4492957312411671,0.0010674021356953563,0.0009086510538699453,-0.20485731477733682,0.0,-0.0006134982548195999,0.47527365311983366,0.0,0.24024654971326456,0.225,0.0,0.23999999999999996,3.0,129.90414659091587,0.039421325076789554,True,False,False
6.825,0.25027895053806265,0.449555786270675,0.0010800664138692917,0.0009068041545837317,-0.20485731477733682,0.0,-0.0006134982548195999,0.4752788304954255,0.0,0.24024512910077236,0.225,0.0,0.23999999999999996,3.0,129.90414689587652,0.03942524255699208,True,False,False
6.83,0.25028418293092286,0.4498152520279599,0.0010925648642026767,0.0009045407820403842,-0.20485731477733682,0.0,-0.0006134982548195999,0.4752840643092323,0.0,0.24024367653088938,0.225,0.0,0.23999999999999996,3.0,129.90414719629598,0.03943009764746587,True,False,False
6.835,0.2502894707075811,0.4500740124242141,0.0011048992379799872,0.0009018837900268507,-0.20485731477733682,0.0,-0.0006134982548195999,0.4752893535297398,0.0,0.24024219154823429,0.225,0.0,0.23999999999999996,3.0,129.9041474919996,0.039435885341994076,True,False,False
6.84,0.25029481284756866,0.4503319581868215,0.0011170711188126599,0.0008988577700429338,-0.20485731477733682,0.0,-0.0006134982548195999,0.475294697136313,0.0,0.24024067372264496,0.225,0.0,0.23999999999999996,3.0,129.9041477828164,0.03944259898492639,True,False,False
6.845,0.2503002083412127,0.450588987238342,0.001129081945393411,0.0008954882612538408,-0.20485731477733682,0.0,-0.0006134982548195999,0.4753000941190642,0.0,0.24023912265073005,0.225,0.0,0.23999999999999996,3.0,129.90414806857925,0.03945023054335315,True,False,False
6.8500000000000005,0.25030565618942874,0.45084500488739815,0.0011409330295566117,0.0008918011699090826,-0.20461023416780566,0.0,-0.0003040911980598522,0.4753055434786446,0.0,0.24023753795664882,0.225,0.0,0.23999999999999996,3.0,129.9081668787311,0.03985829270619098,True,False,False
6.855,0.2503111553692843,0.4510999349044965,0.001152176674385545,0.0008878983558474311,-0.20461023416780566,0.0,-0.0003040911980598522,0.47531104418819303,0.0,0.24023592312823183,0.225,0.0,0.23999999999999996,3.0,129.90816715838065,0.039853406473359276,True,False,False
6.86,0.2503167048695584,0.4513537075443547,0.0011632559483571705,0.0008837261190349825,-0.20461023416780566,0.0,-0.0003040911980598522,0.47531659523261616,0.0,0.2402342816770751,0.225,0.0,0.23999999999999996,3.0,129.90816743590278,0.03984978106429227,True,False,False
6.865,0.2503223037236792,0.4516062497839801,0.0011741714204063323,0.0008793131616750706,-0.20461023416780566,0.0,-0.0003040911980598522,0.47532219564509026,0.0,0.24023261330792134,0.225,0.0,0.23999999999999996,3.0,129.90816771101402,0.039847398011549684,True,False,False
6.87,0.25032795097423777,0.45185749653201024,0.0011849236505240665,0.0008746862212378428,-0.20461023416780566,0.0,-0.0003040911980598522,0.4753278444679109,0.0,0.2402309177555192,0.225,0.0,0.23999999999999996,3.0,129.90816798343934,0.03984623844448325,True,False,False
6.875,0.2503336456725087,0.45210739010896295,0.0011955131848446594,0.000869870271573438,-0.20461023416780566,0.0,-0.0003040911980598522,0.47533354075201506,0.0,0.24022919478257407,0.225,0.0,0.23999999999999996,3.0,129.90816825291142,0.039846283017592896,True,False,False
6.88,0.25033938687799945,0.4523558797479879,0.0012059405519494865,0.000864888684015265,-0.20461023416780566,0.0,-0.0003040911980598522,0.47533928355653376,0.0,0.24022744417790481,0.225,0.0,0.23999999999999996,3.0,129.9081685191714,0.03984751187297517,True,False,False
6.885,0.2503451736580228,0.4526029211699949,0.0012162062604025132,0.0008597633555688484,-0.20461023416780566,0.0,-0.0003040911980598522,0.47534507194836634,0.0,0.24022566575478566,0.225,0.0,0.23999999999999996,3.0,129.9081687819682,0.039849904625991375,True,False,False
6.890000000000001,0.2503510050872927,0.4528484761676789,0.0012263107974044278,0.000854514811071632,-0.20461023416780566,0.0,-0.0003040911980598522,0.4753509050017781,0.0,0.240223859349391,0.225,0.0,0.23999999999999996,3.0,129.90816904105904,0.03985344036675893,True,False,False
6.8950000000000005,0.25035688024753505,0.45309251222655694,0.0012362546284025444,0.0008491622853548114,-0.20461023416780566,0.0,-0.0003040911980598522,0.47535678179801355,0.0,0.24022202481935387,0.225,0.0,0.23999999999999996,3.0,129.9081692962092,0.039858097672456815,True,False,False
6.9,0.25036279822711427,0.45333500216517836,0.0012460381974854636,0.0008437237903898428,-0.20456509373207632,0.0,-7.116691312780178e-06,0.47536270142492437,0.0,0.2402201620424131,0.225,0.0,0.23999999999999996,3.0,129.91208636173482,0.03994474347176681,True,False,False
6.905,0.25036875808470466,0.4535759382365348,0.001255192336478082,0.0008383160702016331,-0.20456509373207632,0.0,-7.116691312780178e-06,0.47536866293737134,0.0,0.24021827466708146,0.225,0.0,0.23999999999999996,3.0,129.91208660918315,0.03994868779462452,True,False,False
6.91,0.250374758883789,0.4538153163997608,0.00126418198602752,0.0008328502213071602,-0.20456509373207632,0.0,-7.116691312780178e-06,0.4753746653951146,0.0,0.24021636635579197,0.225,0.0,0.23999999999999996,3.0,129.9120868527237,0.03995375910497137,True,False,False
6.915,0.25038079972883964,0.45405312222999855,0.001273007381016999,0.0008273415795838144,-0.20456509373207632,0.0,-7.116691312780178e-06,0.47538070790220965,0.0,0.24021443703424444,0.225,0.0,0.23999999999999996,3.0,129.91208709212813,0.03995993307738544,True,False,False
6.92,0.25038687972958157,0.4542893455147128,0.0012816687651679487,0.0008218042346791678,-0.20456509373207632,0.0,-7.116691312780178e-06,0.4753867895679444,0.0,0.2402124866440444,0.225,0.0,0.23999999999999996,3.0,129.91208732717695,0.039967185053255694,True,False,False
6.925,0.2503929980006699,0.45452397990874094,0.001290166388971059,0.000816251124072161,-0.20456509373207632,0.0,-7.116691312780178e-06,0.4753929095065168,0.0,0.2402105151414038,0.225,0.0,0.23999999999999996,3.0,129.9120875576593,0.03997549005841291,True,False,False
6.93,0.25039915366138515,0.4547570226218778,0.001298500508543099,0.0008106941097009725,-0.20456509373207632,0.0,-7.116691312780178e-06,0.47539906683673294,0.0,0.24020852249592656,0.225,0.0,0.23999999999999996,3.0,129.91208778337298,0.03998482282597285,True,False,False
6.9350000000000005,0.25040534583534524,0.4549884741124226,0.0013066713851883273,0.0008051440418646162,-0.20456509373207632,0.0,-7.116691312780178e-06,0.47540526068171973,0.0,0.24020650868948426,0.225,0.0,0.23999999999999996,3.0,129.91208800412448,0.03999515782265687,True,False,False
6.94,0.2504115736502344,0.4552183378106635,0.0013146792854890333,0.000799610813904472,-0.20456509373207632,0.0,-7.116691312780178e-06,0.4754114901686554,0.0,0.24020447371515524,0.225,0.0,0.23999999999999996,3.0,129.91208821972882,0.04000646927735988,True,False,False
6.945,0.2504178362375455,0.4554466198489661,0.0013225244817877094,0.0007941034102463527,-0.20456509373207632,0.0,-7.116691312780178e-06,0.4754177544285129,0.0,0.2402024175762117,0.225,0.0,0.23999999999999996,3.0,129.91208843000962,0.040018731211091674,True,False,False
6.95,0.2504241327323386,0.4556733288080186,0.0013302072529541994,0.0007886299496819524,-0.20467628310178657,0.0,0.00025946088988167463,0.4754240525958201,0.0,0.2402003402851635,0.225,0.0,0.23999999999999996,3.0,129.9156517276425,0.03986547852406605,True,False,False
6.955,0.25043046223813475,0.45589849146578254,0.0013372823759549583,0.0007833087066790752,-0.20467628310178657,0.0,0.00025946088988167463,0.47543038377084423,0.0,0.24019824528620204,0.225,0.0,0.23999999999999996,3.0,129.91565192524374,0.03988554809790696,True,False,False
6.96,0.2504368238584013,0.45612213564292714,0.0013441925312217774,0.0007780296272358597,-0.20467628310178657,0.0,0.00025946088988167463,0.4754367470539069,0.0,0.24019613602767648,0.225,0.0,0.23999999999999996,3.0,129.9156521156329,0.039906328445776774,True,False,False
6.965,0.2504432167328268,0.4563442739937773,0.001350938067101554,0.0007727967359804193,-0.20467628310178657,0.0,0.00025946088988167463,0.4754431415843142,0.0,0.2401940125377864,0.225,0.0,0.23999999999999996,3.0,129.9156522987231,0.03992779610877976,True,False,False
6.97,0.2504496400039262,0.456564920311315,0.0013575193227860797,0.0007676139138927448,-0.20467628310178657,0.0,0.00025946088988167463,0.4754495665041938,0.0,0.24019187484893462,0.225,0.0,0.23999999999999996,3.0,129.91565247443413,0.039949927364988765,True,False,False
6.9750000000000005,0.25045609281693154,0.45678408946581917,0.0013639366339569842,0.0007624847936552782,-0.20467628310178657,0.0,0.00025946088988167463,0.47545602095838624,0.0,0.24018972299753993,0.225,0.0,0.23999999999999996,3.0,129.91565264269238,0.03997269833017991,True,False,False
6.98,0.2504625743196802,0.457001797326983,0.0013701903375801547,0.0007574126845256047,-0.20467628310178657,0.0,0.00025946088988167463,0.47546250409433377,0.0,0.24018755702373937,0.225,0.0,0.23999999999999996,3.0,129.91565280343096,0.039996085034156255,True,False,False
6.985,0.25046908366250287,0.4572180606560085,0.0013762807758697399,0.0007524005214908408,-0.20467628310178657,0.0,0.00025946088988167463,0.47546901506196826,0.0,0.24018537697103243,0.225,0.0,0.23999999999999996,3.0,129.91565295658924,0.04002006348030412,True,False,False
6.99,0.25047561999811263,0.4574328969956566,0.0013822082995194932,0.0007474508337103486,-0.20467628310178657,0.0,0.00025946088988167463,0.475475553013601,0.0,0.2401831828858611,0.225,0.0,0.23999999999999996,3.0,129.91565310211325,0.040044609693526675,True,False,False
6.995,0.25048218248150106,0.4576463245606402,0.0013879732703228245,0.0007425657278959125,-0.20467628310178657,0.0,0.00025946088988167463,0.4754821171038195,0.0,0.2401809748171789,0.225,0.0,0.23999999999999996,3.0,129.9156532399551,0.04006969976000862,True,False,False
7.0,0.25048877026984123,0.4578583620996954,0.001393576063300426,0.0007377468830285875,-0.20486804928799587,0.0,0.0004877480747027547,0.4754887064893906,0.0,0.2401787528159889,0.225,0.0,0.23999999999999996,3.0,129.91873468516928,0.03980066113222068,True,False,False
7.005,0.2504953824907718,0.4580690444103388,0.0013986240765118396,0.0007331041663250655,-0.20486804928799587,0.0,0.0004877480747027547,0.47549532029545455,0.0,0.24017651990175337,0.225,0.0,0.23999999999999996,3.0,129.91873480536262,0.03983735265858315,True,False,False
7.01,0.25050201826983975,0.4582784057366881,0.001403509018532783,0.0007285241799767445,-0.20486804928799587,0.0,0.0004877480747027547,0.4755019576451671,0.0,0.24017427909227015,0.225,0.0,0.23999999999999996,3.0,129.91873491531115,0.03987423547052188,True,False,False
7.015000000000001,0.2505086767641365,0.458486463667071,0.001408231451590087,0.0007240043917404564,-0.20486804928799587,0.0,0.0004877480747027547,0.4755086176953762,0.0,0.24017203043470886,0.225,0.0,0.23999999999999996,3.0,129.91873501508778,0.03991129136614014,True,False,False
7.0200000000000005,0.2505153571327821,0.45869323515870386,0.0014127919118610336,0.0007195428619043185,-0.20486804928799587,0.0,0.0004877480747027547,0.4755152996049607,0.0,0.2401697739737295,0.225,0.0,0.23999999999999996,3.0,129.91873510476856,0.039948502003637074,True,False,False
7.025,0.25052205853697795,0.45889873666905906,0.0014171909202529223,0.0007151380230430521,-0.20486804928799587,0.0,0.0004877480747027547,0.4755220025348831,0.0,0.24016750975203746,0.225,0.0,0.23999999999999996,3.0,129.91873518443268,0.03998584903632677,True,False,False
7.03,0.2505287801400426,0.45910298424318713,0.0014214289910871815,0.0007107885153401861,-0.20486804928799587,0.0,0.0004877480747027547,0.47552872564822524,0.0,0.24016523781072324,0.225,0.0,0.23999999999999996,3.0,129.91873525416264,0.04002331420812468,True,False,False
7.035,0.2505355211074346,0.4593059935484075,0.001425506638924383,0.0007064930665672926,-0.20486804928799587,0.0,0.0004877480747027547,0.4755354681102105,0.0,0.24016295818943917,0.225,0.0,0.23999999999999996,3.0,129.91873531404414,0.04006087942199964,True,False,False
7.04,0.25054228060676537,0.45950777988826436,0.0014294243838373622,0.0007022504069788487,-0.20486804928799587,0.0,0.0004877480747027547,0.47554222908821686,0.0,0.24016067092647064,0.225,0.0,0.23999999999999996,3.0,129.9187353641659,0.040098526789848356,True,False,False
7.045,0.25054905780781195,0.4597083582013609,0.0014331827554378142,0.000698059210950428,-0.20486804928799587,0.0,0.0004877480747027547,0.47554900775178954,0.0,0.2401583760587076,0.225,0.0,0.23999999999999996,3.0,129.91873540461955,0.040136238669488594,True,False,False
7.05,0.25055585188252816,0.45990774302610005,0.0014367822959273327,0.0006939180587673766,-0.20506872067105084,0.0,0.0006779054130813156,0.47555580327265223,0.0,0.2401560736215789,0.225,0.0,0.23999999999999996,3.0,129.92131481382168,0.03986407613843722,True,False,False
7.055,0.2505626619778067,0.46010596232083084,0.0014398932656253785,0.0006899216463295184,-0.20506872067105084,0.0,0.0006779054130813156,0.4755626147959433,0.0,0.24015376613519268,0.225,0.0,0.23999999999999996,3.0,129.92131483372592,0.039912996862287976,True,False,False
7.0600000000000005,0.2505694872387437,0.4603030428441783,0.0014428457370578977,0.000685967026771982,-0.20506872067105084,0.0,0.0006779054130813156,0.47556944146509966,0.0,0.2401514561156055,0.225,0.0,0.23999999999999996,3.0,129.9213148417056,0.03996163544664305,True,False,False
7.065,0.25057632683794634,0.4604989958407014,0.0014456404508518597,0.0006820492941098971,-0.20506872067105084,0.0,0.0006779054130813156,0.4755762824526454,0.0,0.24014914358642325,0.225,0.0,0.23999999999999996,3.0,129.9213148379618,0.04000998084417354,True,False,False
7.07,0.25058317995042606,0.4606938312870026,0.0014482781177784093,0.0006781644290016007,-0.20506872067105084,0.0,0.0006779054130813156,0.475583136933513,0.0,0.24014682856635672,0.225,0.0,0.23999999999999996,3.0,129.92131482269562,0.04005802199690793,True,False,False
7.075,0.2505900457537428,0.46088755809869236,0.001450759430575436,0.0006743090533546429,-0.20506872067105084,0.0,0.0006779054130813156,0.4755900040851859,0.0,0.24014451107007165,0.225,0.0,0.23999999999999996,3.0,129.92131479610816,0.04010574796367982,True,False,False
7.08,0.25059692342811696,0.4610801842980538,0.0014530850733389712,0.0006704802447564756,-0.20506872067105084,0.0,0.0006779054130813156,0.4755968830878111,0.0,0.24014219110881801,0.225,0.0,0.23999999999999996,3.0,129.92131475839992,0.04015314800676735,True,False,False
7.085,0.2506038121565275,0.4612717171164578,0.0014552557288026247,0.0006666753987407311,-0.20506872067105084,0.0,0.0006779054130813156,0.4756037731242956,0.0,0.24013986869084983,0.225,0.0,0.23999999999999996,3.0,129.9213147097726,0.040200211650706606,True,False,False
7.09,0.25061071112479305,0.4614621630727982,0.0014572720838772714,0.0006628921283309243,-0.20506872067105084,0.0,0.0006779054130813156,0.4756106733803881,0.0,0.24013754382175573,0.225,0.0,0.23999999999999996,3.0,129.92131465042652,0.040246928722073805,True,False,False
7.095,0.25061761952164835,0.4616515280240717,0.0014591348338064657,0.0006591281920799282,-0.20506872067105084,0.0,0.0006779054130813156,0.4756175830447548,0.0,0.2401352165046581,0.225,0.0,0.23999999999999996,3.0,129.9213145805623,0.040293289376168585,True,False,False
7.1000000000000005,0.2506245365388158,0.4618398171992358,0.001460844685245649,0.0006553814435634146,-0.20522956522503738,0.0,0.0008343711228476958,0.47562450130905093,0.0,0.24013288674034558,0.225,0.0,0.23999999999999996,3.0,129.92343554419068,0.04009101432691792,True,False,False
7.105,0.25063146134845304,0.4620270465229397,0.0014621325105075157,0.0006517283848985929,-0.20522956522503738,0.0,0.0008343711228476958,0.4756314273443032,0.0,0.24013055657153515,0.225,0.0,0.23999999999999996,3.0,129.92343545338605,0.040145551579402416,True,False,False
7.11,0.25063839312260766,0.46221323072279735,0.0014632686089383782,0.0006480842590037557,-0.20522956522503738,0.0,0.0008343711228476958,0.47563836032150664,0.0,0.2401282280368244,0.225,0.0,0.23999999999999996,3.0,129.92343535063668,0.04019946826519903,True,False,False
7.115,0.2506453310575496,0.462398371687867,0.0014642538403670294,0.0006444445529538643,-0.20522956522503738,0.0,0.0008343711228476958,0.47564529943698397,0.0,0.24012590112498167,0.225,0.0,0.23999999999999996,3.0,129.92343523621886,0.040252760294178916,True,False,False
7.12,0.2506522743529338,0.4625824701404792,0.001465089042951511,0.0006408055858045677,-0.20522956522503738,0.0,0.0008343711228476958,0.47565224389044486,0.0,0.24012357582030266,0.225,0.0,0.23999999999999996,3.0,129.92343511040622,0.04030542366679887,True,False,False
7.125,0.250659222211955,0.46276552584178443,0.001465775042732142,0.0006371643038339571,-0.20522956522503738,0.0,0.0008343711228476958,0.4756591928851397,0.0,0.24012125210344445,0.225,0.0,0.23999999999999996,3.0,129.92343497347008,0.04035745456864852,True,False,False
7.13,0.2506661738414826,0.46294753774953973,0.0014663126611652278,0.000633518124566023,-0.20522956522503738,0.0,0.0008343711228476958,0.4756661456279944,0.0,0.24011892995203377,0.225,0.0,0.23999999999999996,3.0,129.9234348256792,0.040408849432264506,True,False,False
7.135,0.2506731284521758,0.46312850413299744,0.0014667027209136591,0.0006298648197551538,-0.20522956522503738,0.0,0.0008343711228476958,0.47567310132972507,0.0,0.24011660934113288,0.225,0.0,0.23999999999999996,3.0,129.92343466730006,0.04045960497669075,True,False,False
7.140000000000001,0.25068008525858815,0.4633084226662578,0.001466946050207246,0.0006262024287169031,-0.20522956522503738,0.0,0.0008343711228476958,0.4756800592049421,0.0,0.2401142902435812,0.225,0.0,0.23999999999999996,3.0,129.9234344985966,0.04050971823189216,True,False,False
7.1450000000000005,0.2506870434792608,0.46348729048914206,0.0014670434860678623,0.0006225291948579017,-0.20522956522503738,0.0,0.0008343711228476958,0.4756870184722433,0.0,0.2401119726302739,0.225,0.0,0.23999999999999996,3.0,129.92343431983036,0.04055918655281099,True,False,False
7.15,0.25069400233681133,0.46366510426318824,0.0014669958766542095,0.0006188435196841403,-0.2053297659433998,0.0,0.0009628716966472272,0.4756939783543028,0.0,0.2401096564703541,0.225,0.0,0.23999999999999996,3.0,129.92516616909649,0.040454371143562345,True,False,False
7.155,0.2507009610396924,0.4638418688543675,0.0014665864934142654,0.000615203990937119,-0.2053297659433998,0.0,0.0009628716966472272,0.47570093805891545,0.0,0.24010734339854595,0.225,0.0,0.23999999999999996,3.0,129.92516597108357,0.04050806303723457,True,False,False
7.16,0.25070791879839777,0.4640175882383068,0.0014660338082636195,0.0006115460655703853,-0.2053297659433998,0.0,0.0009628716966472272,0.47570789679597847,0.0,0.2401050350465202,0.225,0.0,0.23999999999999996,3.0,129.92516576252262,0.04056095714047232,True,False,False
7.165,0.25071487484498134,0.46419225672468434,0.0014653387581468108,0.0006078669083189882,-0.2053297659433998,0.0,0.0009628716966472272,0.4757148537976943,0.0,0.24010273137502258,0.225,0.0,0.23999999999999996,3.0,129.92516554371196,0.04061305483546689,True,False,False
7.17,0.2507218284159728,0.46436586789548323,0.0014645022716176634,0.000604164268229311,-0.2053297659433998,0.0,0.0009628716966472272,0.4757218083007403,0.0,0.24010043234206763,0.225,0.0,0.23999999999999996,3.0,129.92516531494593,0.04066435765188433,True,False,False
7.175,0.25072877875250693,0.4645384147560684,0.0014635252746255502,0.0006004363460227411,-0.2053297659433998,0.0,0.0009628716966472272,0.475728759546398,0.0,0.24009813790352447,0.225,0.0,0.23999999999999996,3.0,129.92516507651533,0.0407148673204782,True,False,False
7.18,0.25073572510043807,0.4647098898498265,0.001462408695047066,0.000596681692278195,-0.2053297659433998,0.0,0.0009628716966472272,0.47573570678066723,0.0,0.24009584801355704,0.225,0.0,0.23999999999999996,3.0,129.92516482870712,0.04076458580598127,True,False,False
7.1850000000000005,0.25074266671044004,0.4648802853427408,0.0014611534661316287,0.0005928991302732409,-0.2053297659433998,0.0,0.0009628716966472272,0.47574264925436605,0.0,0.2400935626249835,0.225,0.0,0.23999999999999996,3.0,129.92516457180454,0.04081351532598315,True,False,False
7.19,0.2507496028380979,0.4650495930983587,0.001459760529054406,0.0005890876980633572,-0.2053297659433998,0.0,0.0009628716966472272,0.4757495862232219,0.0,0.24009128168953853,0.225,0.0,0.23999999999999996,3.0,129.925164306087,0.0408616583603257,True,False,False
7.195,0.2507565327439925,0.46521780472907975,0.0014582308347600712,0.0005852466052941303,-0.2053297659433998,0.0,0.0009628716966472272,0.47575651694795656,0.0,0.2400890051580862,0.225,0.0,0.23999999999999996,3.0,129.92516403183043,0.040909017654081364,True,False,False
7.2,0.2507634556937779,0.4653849116418387,0.0014565653452563306,0.000581375201136156,-0.20537185316939893,0.0,0.001068613750560151,0.47576344069436305,0.0,0.24008673298080413,0.225,0.0,0.23999999999999996,3.0,129.9265764796193,0.04089277295841678,True,False,False
7.205,0.2507703709435966,0.46555091137722204,0.0014545902393731886,0.0005775167000858754,-0.20537185316939893,0.0,0.001068613750560151,0.47577035671826406,0.0,0.24008446646449116,0.225,0.0,0.23999999999999996,3.0,129.92657618928348,0.04094083387982931,True,False,False
7.21,0.25077727775357367,0.46571580096509607,0.001452481464087267,0.0005736247047994533,-0.20537185316939893,0.0,0.001068613750560151,0.4757772642795122,0.0,0.2400822069142077,0.225,0.0,0.23999999999999996,3.0,129.9265758906968,0.0409880600805597,True,False,False
7.215,0.250784175403168,0.46587957065981467,0.0014502400112708347,0.0005696982138179986,-0.20537185316939893,0.0,0.001068613750560151,0.4757841626577736,0.0,0.24007995427616635,0.225,0.0,0.23999999999999996,3.0,129.92657558413939,0.041034456478404015,True,False,False
7.22,0.25079106317722305,0.46604221046958305,0.0014478668763735466,0.000565736517694424,-0.20537185316939893,0.0,0.001068613750560151,0.47579105113809694,0.0,0.24007770849573434,0.225,0.0,0.23999999999999996,3.0,129.92657526988714,0.041080028149962956,True,False,False
7.2250000000000005,0.2507979403660546,0.4662037102363904,0.001445363060610936,0.0005617391394255449,-0.20537185316939893,0.0,0.001068613750560151,0.4757979290110007,0.0,0.24007546951771666,0.225,0.0,0.23999999999999996,3.0,129.92657494821196,0.041124780348420494,True,False,False
7.23,0.25080480626552787,0.4663640596931035,0.0014427295726499878,0.0005577057880359242,-0.20537185316939893,0.0,0.001068613750560151,0.4758047955725504,0.0,0.2400732372865943,0.225,0.0,0.23999999999999996,3.0,129.92657461938143,0.04116871851207867,True,False,False
7.235,0.2508116601771288,0.4665232485087152,0.0014399674298499995,0.0005536363227870429,-0.20537185316939893,0.0,0.001068613750560151,0.4758116501244297,0.0,0.24007101174670925,0.225,0.0,0.23999999999999996,3.0,129.92657428365908,0.041211848266703835,True,False,False
7.24,0.2508185014080282,0.466681266334276,0.0014370776591333784,0.0005495307257389207,-0.20537185316939893,0.0,0.001068613750560151,0.4758184919740047,0.0,0.24006879284242183,0.225,0.0,0.23999999999999996,3.0,129.92657394130427,0.04125417542375829,True,False,False
7.245,0.2508253292711437,0.4668381028268693,0.0014340612975604233,0.0005453890807499853,-0.20537185316939893,0.0,0.001068613750560151,0.4758253204343857,0.0,0.2400665805182257,0.225,0.0,0.23999999999999996,3.0,129.92657359257237,0.04129570597590546,True,False,False
7.25,0.2508321430839707,0.46699374621798073,0.0014309197994439328,0.0005411839000297213,-0.20537278552568028,0.0,0.0011555588186664804,0.47583213482325937,0.0,0.24006437471396203,0.225,0.0,0.23999999999999996,3.0,129.92772436255936,0.041337451119827735,True,False,False
7.255,0.2508389421390379,0.46714816273471094,0.0014275177306672117,0.0005368054752045554,-0.20537278552568028,0.0,0.0011555588186664804,0.47583893443309216,0.0,0.24006217638235464,0.225,0.0,0.23999999999999996,3.0,129.9277240021447,0.041375006940730506,True,False,False
7.26,0.2508457257236099,0.46730129011442606,0.001424000571052838,0.0005321825933031136,-0.20537278552568028,0.0,0.0011555588186664804,0.4758457185511439,0.0,0.24005998637208043,0.225,0.0,0.23999999999999996,3.0,129.92772363688186,0.04141004254144486,True,False,False
7.265000000000001,0.25085249315215136,0.4674530579672972,0.0014203715803341765,0.0005273157135265451,-0.20537278552568028,0.0,0.0011555588186664804,0.47585248649216216,0.0,0.24005780440927102,0.225,0.0,0.23999999999999996,3.0,129.92772326737372,0.041442931187908406,True,False,False
7.2700000000000005,0.25085924375555324,0.4676033981931308,0.0014166329774348793,0.0005222191039562835,-0.20537278552568028,0.0,0.0011555588186664804,0.47585923758730936,0.0,0.24005563022522533,0.225,0.0,0.23999999999999996,3.0,129.92772289413972,0.04147395391816266,True,False,False
7.275,0.2508659768806836,0.4677522479879828,0.001412786309625173,0.0005169146376698205,-0.20537278552568028,0.0,0.0011555588186664804,0.47586597118371093,0.0,0.2400534635691327,0.225,0.0,0.23999999999999996,3.0,129.9277225176351,0.04150332644124436,True,False,False
7.28,0.25087269188963174,0.46789955139236766,0.0014088327076299339,0.0005114276944459102,-0.20537278552568028,0.0,0.0011555588186664804,0.4758726866436991,0.0,0.24005130421479862,0.225,0.0,0.23999999999999996,3.0,129.92772213826504,0.04153121731950709,True,False,False
7.285,0.25087938815881744,0.468045259896855,0.001404773058431073,0.0005057845369748487,-0.20537278552568028,0.0,0.0011555588186664804,0.47587938334392305,0.0,0.24004915196349352,0.225,0.0,0.23999999999999996,3.0,129.92772175639485,0.04155776043436511,True,False,False
7.29,0.2508860650780695,0.4681893324357326,0.0014006081198307324,0.0005000107009982282,-0.20537278552568028,0.0,0.0011555588186664804,0.47588606067442785,0.0,0.24004700664432999,0.225,0.0,0.23999999999999996,3.0,129.92772137235735,0.04158306367014475,True,False,False
7.295,0.2508927220497303,0.46833173504248893,0.0013963385945016562,0.0004941300696574811,-0.20537278552568028,0.0,0.0011555588186664804,0.47589271803776134,0.0,0.24004486811315437,0.225,0.0,0.23999999999999996,3.0,129.92772098645892,0.04160721507010762,True,False,False
7.3,0.250899358487821,0.4684724402923272,0.0013919651763031177,0.00048816439988497927,-0.20539625534647638,0.0,0.0012335763631444244,0.4758993548481403,0.0,0.2400427362506125,0.225,0.0,0.23999999999999996,3.0,129.92876057283416,0.04159588332269422,True,False,False
7.305,0.2509059738045736,0.4686114288436587,0.001387362581849432,0.00048214642730891875,-0.20539625534647638,0.0,0.0012335763631444244,0.47590597051782335,0.0,0.240040611950506,0.225,0.0,0.23999999999999996,3.0,129.92876018425616,0.041618951157614985,True,False,False
7.3100000000000005,0.2509125674213072,0.4687486844762542,0.0013826580138501202,0.0004760692517954663,-0.20539625534647638,0.0,0.0012335763631444244,0.47591256446818453,0.0,0.2400384961186704,0.225,0.0,0.23999999999999996,3.0,129.9287597943831,0.04164098493089705,True,False,False
7.315,0.2509191387814985,0.46888419260524417,0.001377852230751182,0.0004699491351902147,-0.20539625534647638,0.0,0.0012335763631444244,0.4759191361429266,0.0,0.24003638868484622,0.225,0.0,0.23999999999999996,3.0,129.92875940346823,0.04166203630805038,True,False,False
7.32,0.2509256873381791,0.4690179430213111,0.0013729460215143917,0.00046380036845792904,-0.20539625534647638,0.0,0.0012335763631444244,0.4759256849953014,0.0,0.24003428959551934,0.225,0.0,0.23999999999999996,3.0,129.9287590117508,0.04168214897754498,True,False,False
7.325,0.2509322125534157,0.4691499293386254,0.001367940211686899,0.00045763536210851176,-0.20539625534647638,0.0,0.0012335763631444244,0.4759322104875918,0.0,0.2400321988118388,0.225,0.0,0.23999999999999996,3.0,129.9287586194582,0.04170136018133693,True,False,False
7.33,0.2509387138978543,0.46928014847345906,0.0013628356650890157,0.0004514647866394346,-0.20539625534647638,0.0,0.0012335763631444244,0.4759387120906561,0.0,0.24003011630765297,0.225,0.0,0.23999999999999996,3.0,129.92875822680736,0.04171970191221797,True,False,False
7.335,0.2509451908503224,0.46940860016890307,0.0013576332828827986,0.000445297735603884,-0.20539625534647638,0.0,0.0012335763631444244,0.4759451892835309,0.0,0.2400280420677252,0.225,0.0,0.23999999999999996,3.0,129.9287578340061,0.04173720186351997,True,False,False
7.34,0.25095164289748195,0.46953528656633875,0.0013523340011748744,0.00043914189421980225,-0.20539625534647638,0.0,0.0012335763631444244,0.4759516415530854,0.0,0.24002597608610904,0.225,0.0,0.23999999999999996,3.0,129.92875744125382,0.04175388419157767,True,False,False
7.345,0.2509580695335292,0.4696602118281935,0.001346938787894531,0.0004330037032926128,-0.20539625534647638,0.0,0.0012335763631444244,0.4759580683937209,0.0,0.24002391836470655,0.225,0.0,0.23999999999999996,3.0,129.92875704874282,0.04176977013410469,True,False,False
7.3500000000000005,0.2509644702599348,0.4697833818025444,0.0013414486394114898,0.00042688851272226395,-0.20548039823337866,0.0,0.0013005065743387418,0.47596446930711206,0.0,0.2400218689119934,0.225,0.0,0.23999999999999996,3.0,129.92966877774663,0.04165451903160904,True,False,False
7.355,0.2509708445687459,0.4699048009294638,0.0013357544898739216,0.000420775151526517,-0.20548039823337866,0.0,0.0013005065743387418,0.4759708437854414,0.0,0.24001982859499027,0.225,0.0,0.23999999999999996,3.0,129.92966838706283,0.041672780723673586,True,False,False
7.36,0.2509771919560457,0.4700244681712726,0.0013299690189277262,0.0004146592524385747,-0.20548039823337866,0.0,0.0013005065743387418,0.4759771913249563,0.0,0.2400177982603251,0.225,0.0,0.23999999999999996,3.0,129.92966799624912,0.04169005860573668,True,False,False
7.365,0.2509835119410147,0.47014238383772833,0.0013240932994902743,0.0004085480914942036,-0.20548039823337866,0.0,0.0013005065743387418,0.47598351144508166,0.0,0.24001577789614742,0.225,0.0,0.23999999999999996,3.0,129.92966760553665,0.0417063958420905,True,False,False
7.37,0.25098980405091653,0.4702585502942591,0.0013181283636583773,0.0004024485984051475,-0.20548039823337866,0.0,0.0013005065743387418,0.47598980367332344,0.0,0.24001376749842912,0.225,0.0,0.23999999999999996,3.0,129.92966721514478,0.041721828862661625,True,False,False
7.375,0.25099606782078354,0.4703729718021797,0.0013120752262794876,0.0003963670918796624,-0.20548039823337866,0.0,0.0013005065743387418,0.47599606754495466,0.0,0.24001176707041677,0.225,0.0,0.23999999999999996,3.0,129.92966682528257,0.04173638885497884,True,False,False
7.38,0.25100230279312247,0.4704856543336881,0.0013059348993448314,0.0003903091550960462,-0.20548039823337866,0.0,0.0013005065743387418,0.47600230260272114,0.0,0.2400097766219717,0.225,0.0,0.23999999999999996,3.0,129.9296664361503,0.04175010287435256,True,False,False
7.385,0.2510085085176587,0.47059660534850517,0.0012997084003608243,0.00038427959866900674,-0.20548039823337866,0.0,0.0013005065743387418,0.4760085083965866,0.0,0.24000779616874263,0.225,0.0,0.23999999999999996,3.0,129.92966604794026,0.0417629946832591,True,False,False
7.390000000000001,0.25101468455110576,0.47070583357556395,0.0012933967568316688,0.00037828247622756505,-0.20548039823337866,0.0,0.0013005065743387418,0.4760146844835018,0.0,0.2400058257313455,0.225,0.0,0.23999999999999996,3.0,129.9296656608376,0.04177508539629075,True,False,False
7.3950000000000005,0.2510208304569623,0.4708133488012719,0.0012870010082820817,0.00037232112979988623,-0.20548039823337866,0.0,0.0013005065743387418,0.4760208304272021,0.0,0.24000386533458612,0.225,0.0,0.23999999999999996,3.0,129.92966527502074,0.04178639398307272,True,False,False
7.4,0.25102694580533513,0.47091916167515385,0.001280522206768456,0.0003663982503414973,-0.2056164163963342,0.0,0.0013502083696382964,0.4760269457980306,0.0,0.24000191500670104,0.225,0.0,0.23999999999999996,3.0,129.93036515030983,0.04158428233584403,True,False,False
7.405,0.25103303015419465,0.4710232760921534,0.0012738773149024191,0.00036045448478784893,-0.2056164163963342,0.0,0.0013502083696382964,0.4760330301541934,0.0,0.23999997541584261,0.225,0.0,0.23999999999999996,3.0,129.93036476882318,0.04160048029089448,True,False,False
7.41,0.2510390830636357,0.471125686040924,0.0012671539835619077,0.00035450009162736173,-0.2056164163963342,0.0,0.0013502083696382964,0.4760390830560404,0.0,0.23999804719310297,0.225,0.0,0.23999999999999996,3.0,129.9303643876293,0.04161555842324063,True,False,False
7.415,0.25104510411861247,0.47122638962400876,0.001260353337576857,0.00034854324461443644,-0.2056164163963342,0.0,0.0013502083696382964,0.47604510408878836,0.0,0.23999613031987105,0.225,0.0,0.23999999999999996,3.0,129.93036400698546,0.04162957743574562,True,False,False
7.42,0.2510510929126572,0.4713253873234633,0.0012534764178217669,0.00034259216028356145,-0.2056164163963342,0.0,0.0013502083696382964,0.47605109284623026,0.0,0.23999422478647528,0.225,0.0,0.23999999999999996,3.0,129.93036362713326,0.041642588254368576,True,False,False
7.425,0.25105704904747944,0.4714226819156078,0.0012465242217836378,0.00033665458658703126,-0.2056164163963342,0.0,0.0013502083696382964,0.47605704893033507,0.0,0.23999233059198471,0.225,0.0,0.23999999999999996,3.0,129.93036324830058,0.041654634240070626,True,False,False
7.43,0.2510629721326037,0.47151827829402776,0.0012394977289916596,0.00033073752940346264,-0.2056164163963342,0.0,0.0013502083696382964,0.47606297195088515,0.0,0.23999044774358758,0.225,0.0,0.23999999999999996,3.0,129.93036287070365,0.04166575281700793,True,False,False
7.4350000000000005,0.25106886178503934,0.4716121832372678,0.0012323979164329609,0.00032484713036441985,-0.2056164163963342,0.0,0.0013502083696382964,0.4760688615251466,0.0,0.23998857625575148,0.225,0.0,0.23999999999999996,3.0,129.9303624945482,0.04167597669058224,True,False,False
7.44,0.25107471762898426,0.4717044051560491,0.001225225767427795,0.0003189886383279664,-0.2056164163963342,0.0,0.0013502083696382964,0.47607471727757356,0.0,0.23998671614929307,0.225,0.0,0.23999999999999996,3.0,129.93036212003068,0.04168533477409624,True,False,False
7.445,0.25108053929556506,0.4717949538377887,0.0012179822763004626,0.0003131664364897374,-0.2056164163963342,0.0,0.0013502083696382964,0.47608053883954793,0.0,0.239984867450425,0.225,0.0,0.23999999999999996,3.0,129.93036174733896,0.041693852904941806,True,False,False
7.45,0.25108632642260853,0.47188384021080104,0.001210668450404873,0.0003073841004151812,-0.20579556906418156,0.0,0.001383890087570235,0.47608632584915145,0.0,0.23998303018984604,0.225,0.0,0.23999999999999996,3.0,129.930863058608,0.04142041436992366,True,False,False
7.455,0.25109207863435673,0.47197106473547296,0.0012032254108188818,0.00030155258578765,-0.20579556906418156,0.0,0.001383890087570235,0.47609207793091335,0.0,0.23998120483801866,0.225,0.0,0.23999999999999996,3.0,129.93086269165585,0.04143579596489056,True,False,False
7.46,0.2510977955560483,0.472056614990553,0.0011957173028289544,0.00029569718504157856,-0.20579556906418156,0.0,0.001383890087570235,0.47609779471036745,0.0,0.23997939181719952,0.225,0.0,0.23999999999999996,3.0,129.93086232507315,0.04144989410430293,True,False,False
7.465,0.25110347683936285,0.4721404856565001,0.0011881452359340631,0.00028982872427595876,-0.20579556906418156,0.0,0.001383890087570235,0.47610347583945845,0.0,0.23997759109727435,0.225,0.0,0.23999999999999996,3.0,129.9308619591528,0.04146278866567871,True,False,False
7.47,0.2511091221452712,0.4722226745610258,0.0011805102076117265,0.00028395810391375266,-0.20579556906418156,0.0,0.001383890087570235,0.47610912097942093,0.0,0.2399758026599461,0.225,0.0,0.23999999999999996,3.0,129.93086159416734,0.04147454655800083,True,False,False
7.4750000000000005,0.25111473114351485,0.4723031825797619,0.0011728131566658688,0.0002780956234556094,-0.20579556906418156,0.0,0.001383890087570235,0.47611472980025876,0.0,0.23997402649847294,0.225,0.0,0.23999999999999996,3.0,129.93086123037185,0.04148522463537284,True,False,False
7.48,0.2511203035121306,0.4723820134091177,0.0011650549967235722,0.0002722506198408839,-0.20579556906418156,0.0,0.001383890087570235,0.47612030198027033,0.0,0.23997226261686916,0.225,0.0,0.23999999999999996,3.0,129.93086086800648,0.041494871842975574,True,False,False
7.485,0.2511258389370164,0.4724591732592929,0.0011572366365945764,0.00026643130530963697,-0.20579556906418156,0.0,0.001383890087570235,0.4761258372056147,0.0,0.239970511028826,0.225,0.0,0.23999999999999996,3.0,129.93086050729818,0.04150353082352664,True,False,False
7.49,0.25113133711154895,0.4725346705276815,0.0011493589920434926,0.0002606447287419986,-0.20579556906418156,0.0,0.001383890087570235,0.476131335169929,0.0,0.23996877175647632,0.225,0.0,0.23999999999999996,3.0,129.9308601484621,0.041511239140390836,True,False,False
7.495,0.25113679773623965,0.4726085154665435,0.0011414229920353768,0.000254896810373395,-0.20579556906418156,0.0,0.001383890087570235,0.4761367955739853,0.0,0.23996704482916853,0.225,0.0,0.23999999999999996,3.0,129.9308597917028,0.04151803022375734,True,False,False
7.5,0.25114222051843654,0.47268071987345567,0.0011334295814973093,0.0002491924173073162,-0.20600947270069705,0.0,0.001403858845508926,0.47614221812539137,0.0,0.23996533028228728,0.225,0.0,0.23999999999999996,3.0,129.9311904757189,0.04118759325433422,True,False,False
7.505,0.25114760515091156,0.47275128219725226,0.0011253404549871468,0.00024341878212463434,-0.20600947270069705,0.0,0.001403858845508926,0.47614760251721766,0.0,0.2399636284200821,0.225,0.0,0.23999999999999996,3.0,129.93119012542465,0.04120278306461016,True,False,False
7.51,0.2511529513265485,0.47282018573591766,0.0011171996485628628,0.00023761399612323686,-0.20600947270069705,0.0,0.001403858845508926,0.47615294844264366,0.0,0.23996193949010447,0.225,0.0,0.23999999999999996,3.0,129.93118977540848,0.041216531681631516,True,False,False
7.515000000000001,0.2511582587658037,0.4728874234355462,0.001109008240174356,0.00023179133438639525,-0.20600947270069705,0.0,0.001403858845508926,0.4761582556223816,0.0,0.23996026345713617,0.225,0.0,0.23999999999999996,3.0,129.93118942599807,0.04122893567284186,True,False,False
7.5200000000000005,0.25116352719898066,0.4729529920933692,0.0011007671738524913,0.0002259641074846127,-0.20600947270069705,0.0,0.001403858845508926,0.4761635237869901,0.0,0.2399586003003777,0.225,0.0,0.23999999999999996,3.0,129.93118907749752,0.04124007593798642,True,False,False
7.525,0.2511687563655939,0.47301689222314736,0.0010924773230582738,0.000220144863578642,-0.20600947270069705,0.0,0.001403858845508926,0.4761687526762389,0.0,0.23995695001309506,0.225,0.0,0.23999999999999996,3.0,129.93118873019014,0.04125002120863058,True,False,False
7.53,0.251173946013791,0.4730791277706393,0.0010841395304930315,0.00021434496380315653,-0.20600947270069705,0.0,0.001403858845508926,0.4761739420385308,0.0,0.23995531260162922,0.225,0.0,0.23999999999999996,3.0,129.9311883843413,0.04125883062857066,True,False,False
7.535,0.25117909589982623,0.47313970574166986,0.0010757546323260179,0.00020857439481538506,-0.20600947270069705,0.0,0.001403858845508926,0.4761790916303754,0.0,0.23995368808405312,0.225,0.0,0.23999999999999996,3.0,129.93118804020068,0.04126655568783524,True,False,False
7.54,0.2511842057875926,0.47319863580215793,0.0010673234722311253,0.00020284172786386496,-0.20600947270069705,0.0,0.001403858845508926,0.47618420121592187,0.0,0.23995207648867778,0.225,0.0,0.23999999999999996,3.0,129.9311876980039,0.041273241696960346,True,False,False
7.545,0.251189275448206,0.4732559298724323,0.0010588469088599448,0.00019715416467577104,-0.20600947270069705,0.0,0.001403858845508926,0.47618927056654237,0.0,0.23995047785255186,0.225,0.0,0.23999999999999996,3.0,129.93118735797438,0.04127892892883638,True,False,False
7.55,0.2511943046596414,0.4733116017520023,0.0010503258191722942,0.00019151763137316302,-0.20625024032736927,0.0,0.0014120267434957238,0.4761942994604686,0.0,0.2399488922200386,0.225,0.0,0.23999999999999996,3.0,129.93137027172037,0.0409045999778206,True,False,False
7.555,0.25119929318462997,0.47336564962019506,0.0010417395661656231,0.00018580063896289417,-0.20625024032736927,0.0,0.0014120267434957238,0.4761992876607131,0.0,0.23994731975710687,0.225,0.0,0.23999999999999996,3.0,129.93136993846755,0.04091983337452308,True,False,False
7.5600000000000005,0.25120424078523923,0.4734180547626777,0.0010331148372656875,0.00018005162420902147,-0.20625024032736927,0.0,0.0014120267434957238,0.47620423492961317,0.0,0.23994576056648503,0.225,0.0,0.23999999999999996,3.0,129.93136960534196,0.0409334843643349,True,False,False
7.565,0.25120914725169124,0.47346881014175995,0.0010244526675281767,0.0001742857406617042,-0.20625024032736927,0.0,0.0014120267434957238,0.47620914105763085,0.0,0.2399442146144657,0.225,0.0,0.23999999999999996,3.0,129.9313692727034,0.04094566315564425,True,False,False
7.57,0.2512140123843699,0.47351791310828467,0.001015753940521762,0.00016851812965245434,-0.20625024032736927,0.0,0.0014120267434957238,0.47621400584539053,0.0,0.23994268188375228,0.225,0.0,0.23999999999999996,3.0,129.93136894088414,0.04095646216873027,True,False,False
7.575,0.251218835993092,0.47356536523525244,0.001007019459420109,0.00016276303031069751,-0.20625024032736927,0.0,0.0014120267434957238,0.476218829102951,0.0,0.2399411623730004,0.225,0.0,0.23999999999999996,3.0,129.93136861019332,0.04096595999344459,True,False,False
7.58,0.251223617896442,0.47361117198631986,0.0009982499917491484,0.00015703330861553097,-0.20625024032736927,0.0,0.0014120267434957238,0.47622361064914004,0.0,0.23993965609568227,0.225,0.0,0.23999999999999996,3.0,129.9313682809195,0.040974224309871916,True,False,False
7.585,0.2512283579211718,0.4736553422877478,0.0009894462966829353,0.00015134025240228383,-0.20625024032736927,0.0,0.0014120267434957238,0.4762283503109543,0.0,0.239938163078509,0.225,0.0,0.23999999999999996,3.0,129.93136795333365,0.040981314079194746,True,False,False
7.59,0.25123305590166245,0.4736978880661579,0.000980609140915558,0.00014569353042033752,-0.20625024032736927,0.0,0.0014120267434957238,0.47623304792302096,0.0,0.23993668335973845,0.225,0.0,0.23999999999999996,3.0,129.93136762769103,0.04098728121516002,True,False,False
7.595,0.2512377116794488,0.4737388237951694,0.0009717393071657495,0.00014010124835852147,-0.20625024032736927,0.0,0.0014120267434957238,0.4762377033271224,0.0,0.23993521698745235,0.225,0.0,0.23999999999999996,3.0,129.93136730423268,0.04099217187968691,True,False,False
7.6000000000000005,0.2512423251028009,0.47377816605241174,0.0009628375980233381,0.00013457005828052668,-0.20651056039475343,0.0,0.0014097892298396257,0.47624231637177716,0.0,0.23993376401793803,0.225,0.0,0.23999999999999996,3.0,129.93141864118923,0.04058582558377579,True,False,False
7.605,0.25124689600438876,0.4738159140440538,0.0009538990227611067,0.0001289541585454541,-0.20651056039475343,0.0,0.0014097892298396257,0.47624688688990097,0.0,0.2399323244988164,0.225,0.0,0.23999999999999996,3.0,129.93141832459597,0.040601065806168804,True,False,False
7.61,0.25125142421551644,0.47385204879667725,0.0009449348154797421,0.00012331011531698901,-0.20651056039475343,0.0,0.0014097892298396257,0.4762514147130233,0.0,0.2399308984096907,0.225,0.0,0.23999999999999996,3.0,129.93141800799157,0.040614604964489015,True,False,False
7.615,0.2512559095956412,0.4738865645664589,0.0009359459547351577,0.00011765436537219536,-0.20651056039475343,0.0,0.0014097892298396257,0.4762558997008225,0.0,0.23992948572315942,0.225,0.0,0.23999999999999996,3.0,129.93141769176214,0.04062656394253692,True,False,False
7.62,0.2512603520144516,0.4739194603620518,0.000926933254058631,0.00011200329008369584,-0.20651056039475343,0.0,0.0014097892298396257,0.4762603417232105,0.0,0.23992808642959426,0.225,0.0,0.23999999999999996,3.0,129.93141737626325,0.040637044270192546,True,False,False
7.625,0.2512647513510659,0.47395073975749186,0.0009178974388118508,0.00010637225995042382,-0.20651056039475343,0.0,0.0014097892298396257,0.4762647406595315,0.0,0.2399267005366041,0.225,0.0,0.23999999999999996,3.0,129.93141706182493,0.04064613241715772,True,False,False
7.63,0.2512691074933029,0.47398041051702355,0.0009088391946638194,0.00010077513125549245,-0.20651056039475343,0.0,0.0014097892298396257,0.4762690963978331,0.0,0.23992532806774047,0.225,0.0,0.23999999999999996,3.0,129.93141674875545,0.04065390296342985,True,False,False
7.635,0.2512734203370234,0.4740084841357124,0.0008997591972520175,9.522402944997361e-05,-0.20651056039475343,0.0,0.0014097892298396257,0.4762734088342073,0.0,0.23992396906079105,0.225,0.0,0.23999999999999996,3.0,129.93141643734342,0.040660420978919365,True,False,False
7.640000000000001,0.2512776897855379,0.4740349753212196,0.0008906581295116402,8.972930918856929e-05,-0.20651056039475343,0.0,0.0014097892298396257,0.47627767787219866,0.0,0.23992262356591273,0.225,0.0,0.23999999999999996,3.0,129.93141612786033,0.04066574383991652,True,False,False
7.6450000000000005,0.2512819157490859,0.474059901507446,0.0008815366910385415,8.429961858198465e-05,-0.20651056039475343,0.0,0.0014097892298396257,0.47628190342228266,0.0,0.23992129164375858,0.225,0.0,0.23999999999999996,3.0,129.9314158205623,0.040669922637816214,True,False,False
7.65,0.2512860981443776,0.47408328236924485,0.0008723956024039758,7.894202065729283e-05,-0.20678373883401335,0.0,0.0013981636447810905,0.47628608540140704,0.0,0.23991997336369256,0.225,0.0,0.23999999999999996,3.0,129.93134695893994,0.04024223187887301,True,False,False
7.655,0.25129023687247676,0.4741051188993762,0.0008632441541470973,7.35003428980141e-05,-0.20678373883401335,0.0,0.0013981636447810905,0.47629022371083196,0.0,0.23991866866840922,0.225,0.0,0.23999999999999996,3.0,129.9313466584973,0.040257261901472996,True,False,False
7.66,0.25129433183243916,0.47412539306337903,0.0008540793771339989,6.80373474241232e-05,-0.20678373883401335,0.0,0.0013981636447810905,0.47629431824978236,0.0,0.2399173774293802,0.225,0.0,0.23999999999999996,3.0,129.93134635796017,0.04027049919632014,True,False,False
7.665,0.2512983829509059,0.47414410117748657,0.0008449021785143485,6.25702122794213e-05,-0.20678373883401335,0.0,0.0013981636447810905,0.47629836894510036,0.0,0.2399160996283884,0.225,0.0,0.23999999999999996,3.0,129.9313460577329,0.04028207253142731,True,False,False
7.67,0.2513023901645886,0.47416124451855807,0.0008357132908553892,5.711602444688851e-05,-0.20678373883401335,0.0,0.0013981636447810905,0.4763023757337029,0.0,0.23991483526576657,0.225,0.0,0.23999999999999996,3.0,129.93134575818797,0.04029209026363703,True,False,False
7.675,0.25130635341942265,0.47417682912329845,0.0008265133529884152,5.169078281987919e-05,-0.20678373883401335,0.0,0.0013981636447810905,0.476306338561734,0.0,0.2399135843597809,0.225,0.0,0.23999999999999996,3.0,129.93134545967123,0.04030064485589133,True,False,False
7.68,0.25131027266978984,0.474190865387917,0.0008173029611233192,4.630887485067165e-05,-0.20678373883401335,0.0,0.0013981636447810905,0.4763102573837886,0.0,0.2399123469452718,0.225,0.0,0.23999999999999996,3.0,129.93134516250458,0.04030781621413796,True,False,False
7.6850000000000005,0.2513141478778186,0.474203367568167,0.0008080827002295447,4.098285339990658e-05,-0.20678373883401335,0.0,0.0013981636447810905,0.47631413216221186,0.0,0.23991112307183513,0.225,0.0,0.23999999999999996,3.0,129.9313448669896,0.04031367419288565,True,False,False
7.69,0.25131797901275765,0.47421435325122674,0.0007988531624656791,3.5723398364806105e-05,-0.20678373883401335,0.0,0.0013981636447810905,0.47631796286647243,0.0,0.23990991280183177,0.225,0.0,0.23999999999999996,3.0,129.93134457340955,0.04031828050854256,True,False,False
7.695,0.25132176605042167,0.4742238428178342,0.0007896149572279174,3.053938715370802e-05,-0.20678373883401335,0.0,0.0013981636447810905,0.47632174947260786,0.0,0.23990871620841797,0.225,0.0,0.23999999999999996,3.0,129.9313442820312,0.040321690223787884,True,False,False
7.7,0.2513255089727032,0.4742318589530466,0.0007803687158744602,2.54380247479478e-05,-0.20706371636193777,0.0,0.0013779480699221787,0.4763254919627361,0.0,0.23990753337366422,0.225,0.0,0.23999999999999996,3.0,129.93116389370158,0.039882183567506585,True,False,False
7.705,0.2513292077461033,0.47423840475730217,0.0007711370357908187,2.0256310990139013e-05,-0.20706371636193777,0.0,0.0013779480699221787,0.4763291903034952,0.0,0.2399063641445065,0.225,0.0,0.23999999999999996,3.0,129.9311636091424,0.03989668477545791,True,False,False
7.71,0.25133286233453733,0.4742434638427009,0.0007619036147991564,1.5061518588440172e-05,-0.20706371636193777,0.0,0.0013779480699221787,0.476332844458905,0.0,0.23990520829491074,0.225,0.0,0.23999999999999996,3.0,129.93116332447863,0.039909331663218535,True,False,False
7.715,0.2513364727284094,0.4742470349249736,0.00075266927450949,9.871096751474617e-06,-0.20706371636193777,0.0,0.0013779480699221787,0.476336454419551,0.0,0.23990406581707935,0.225,0.0,0.23999999999999996,3.0,129.93116304012537,0.039920258263149926,True,False,False
7.72,0.2513400389278406,0.47424912175505396,0.000743434656287783,4.702375920143033e-06,-0.20706371636193777,0.0,0.0013779480699221787,0.4763400201857406,0.0,0.23990293672201285,0.225,0.0,0.23999999999999996,3.0,129.93116275646472,0.03992957759844078,True,False,False
7.7250000000000005,0.2513435609417865,0.4742497329076639,0.0007342003044976767,4.2844931782666865e-07,-0.20706371636193777,0.0,0.0013779480699221787,0.476343541766621,0.0,0.2399018210388886,0.225,0.0,0.23999999999999996,3.0,129.93116247385112,0.03993738632190846,True,False,False
7.73,0.25134703878723813,0.4742488813618635,0.0007249667192586382,5.50685251832198e-06,-0.20706371636193777,0.0,0.0013779480699221787,0.4763470191793796,0.0,0.23990071881362596,0.225,0.0,0.23999999999999996,3.0,129.9311621926144,0.039943768143785086,True,False,False
7.735,0.25135047248849507,0.47424658399266323,0.0007157343889503908,1.0520200585709637e-05,-0.20706371636193777,0.0,0.0013779480699221787,0.4763504524485172,0.0,0.23989963010700469,0.225,0.0,0.23999999999999996,3.0,129.93116191306333,0.03994879640631844,True,False,False
7.74,0.2513538620765182,0.4742428610159291,0.0007065038094067552,1.5457790108881964e-05,-0.20706371636193777,0.0,0.0013779480699221787,0.47635384160519967,0.0,0.23989855499263452,0.225,0.0,0.23999999999999996,3.0,129.93116163548714,0.039952536050414926,True,False,False
7.745,0.2513572075883569,0.47423773544495207,0.0006972754944806523,2.0310772580840232e-05,-0.20706371636193777,0.0,0.0013779480699221787,0.47635718668668503,0.0,0.23989749355489948,0.225,0.0,0.23999999999999996,3.0,129.93116136015846,0.039955045141768994,True,False,False
7.75,0.25136050906664414,0.474231232578622,0.0006880499811147804,2.5072018925136448e-05,-0.2073450692754589,0.0,0.0013498496382939975,0.4763604877358178,0.0,0.2398964458870389,0.225,0.0,0.23999999999999996,3.0,129.93087710991057,0.039512176066698546,True,False,False
7.755,0.25136376653915365,0.4742233576095428,0.0006788623660645188,2.9908164435127663e-05,-0.2073450692754589,0.0,0.0013498496382939975,0.47636374478044263,0.0,0.23989541174716916,0.225,0.0,0.23999999999999996,3.0,129.9308768413696,0.03952579283950685,True,False,False
7.76,0.251366980030559,0.47421409613928717,0.0006696837273941251,3.474890728438605e-05,-0.2073450692754589,0.0,0.0013498496382939975,0.4763669578452676,0.0,0.23989439082005137,0.225,0.0,0.23999999999999996,3.0,129.93087657278895,0.03953752539442321,True,False,False
7.765000000000001,0.25137014959047477,0.4742034492910024,0.0006605147894819714,3.957692310557829e-05,-0.2073450692754589,0.0,0.0013498496382939975,0.4763701269800691,0.0,0.23989338310827168,0.225,0.0,0.23999999999999996,3.0,129.93087630458632,0.03954751057201068,True,False,False
7.7700000000000005,0.25137327527770986,0.47419142319558905,0.0006513560945294228,4.4375026488503185e-05,-0.2073450692754589,0.0,0.0013498496382939975,0.47637325224382365,0.0,0.23989238863306428,0.225,0.0,0.23999999999999996,3.0,129.93087603714625,0.03955586401645506,True,False,False
7.775,0.25137635715937506,0.4741780287495523,0.0006422080867555106,4.912718896350025e-05,-0.2073450692754589,0.0,0.0013498496382939975,0.47637633370381594,0.0,0.23989140743366266,0.225,0.0,0.23999999999999996,3.0,129.93087577082474,0.039562684844595894,True,False,False
7.78,0.25137939531007314,0.47416328121622037,0.0006330711658960891,5.381907040222667e-05,-0.2073450692754589,0.0,0.0013498496382939975,0.4763793714348281,0.0,0.23989043956584005,0.225,0.0,0.23999999999999996,3.0,129.9308755059533,0.039568059096976256,True,False,False
7.785,0.2513823898111633,0.47414719969179536,0.0006239457202880229,5.8438242339199664e-05,-0.2073450692754589,0.0,0.0013498496382939975,0.47638236551840407,0.0,0.23988948510002184,0.225,0.0,0.23999999999999996,3.0,129.9308752428413,0.039572062330602356,True,False,False
7.79,0.25138534075010793,0.47412980655147996,0.0006148321465200984,6.297422194056549e-05,-0.2073450692754589,0.0,0.0013498496382939975,0.4763853160421955,0.0,0.2398885441192047,0.225,0.0,0.23999999999999996,3.0,129.93087498177877,0.03957476159994216,True,False,False
7.795,0.2513882482198909,0.47411112690715707,0.0006057308603612705,6.741839469166379e-05,-0.2073450692754589,0.0,0.0013498496382939975,0.476388223099379,0.0,0.23988761671692366,0.225,0.0,0.23999999999999996,3.0,129.93087472303833,0.03957621699453692,True,False,False
7.8,0.25139111231850825,0.4740911880858127,0.0005966423021237518,7.176387641978112e-05,-0.20762299964299955,0.0,0.0013145738229586236,0.4763910867881468,0.0,0.23988670299528803,0.225,0.0,0.23999999999999996,3.0,129.93049444781133,0.03913743368184735,True,False,False
7.805000000000001,0.2513939331298724,0.4740699971253852,0.000587613261124152,7.617806193213627e-05,-0.20762299964299955,0.0,0.0013145738229586236,0.47639390719241276,0.0,0.2398858026298511,0.225,0.0,0.23999999999999996,3.0,129.93049419583585,0.039149822633293564,True,False,False
7.8100000000000005,0.2513967107343583,0.4740475416879178,0.0005786029174865728,8.058893588647613e-05,-0.20762299964299955,0.0,0.0013145738229586236,0.47639668439251315,0.0,0.23988491522359867,0.225,0.0,0.23999999999999996,3.0,129.9304939439512,0.03916032933577179,True,False,False
7.815,0.25139944523535485,0.47402382510135677,0.000569611890116492,8.497962449256216e-05,-0.20762299964299955,0.0,0.0013145738229586236,0.47639941849197953,0.0,0.23988404078863262,0.225,0.0,0.23999999999999996,3.0,129.93049369256997,0.039169091147320687,True,False,False
7.82,0.2514021367447933,0.4739988555645882,0.000560640617295087,8.93334063790977e-05,-0.20762299964299955,0.0,0.0013145738229586236,0.47640210960289237,0.0,0.23988317935519282,0.225,0.0,0.23999999999999996,3.0,129.9304934420716,0.039176224406558054,True,False,False
7.825,0.25140478538225947,0.4739726459135698,0.0005516894405269871,9.363471459471347e-05,-0.20762299964299955,0.0,0.0013145738229586236,0.4764047578449929,0.0,0.23988233097101258,0.225,0.0,0.23999999999999996,3.0,129.93049319280726,0.03918182905117696,True,False,False
7.83,0.25140739127418743,0.4739452132176214,0.0005427586579699235,9.78696584840101e-05,-0.20762299964299955,0.0,0.0013145738229586236,0.4764073633448775,0.0,0.2398814956998656,0.225,0.0,0.23999999999999996,3.0,129.9304929451032,0.03918599203247012,True,False,False
7.835,0.25140995455313264,0.47391657825192635,0.0005338485576162245,0.00010202624169514192,-0.20762299964299955,0.0,0.0013145738229586236,0.47640992623526857,0.0,0.23988067361967857,0.225,0.0,0.23999999999999996,3.0,129.93049269926394,0.0391887898812574,True,False,False
7.84,0.25141247535711964,0.47388676495307047,0.0005249594371362789,0.00010609439353445846,-0.20762299964299955,0.0,0.0013145738229586236,0.476412446654363,0.0,0.23987986482049334,0.225,0.0,0.23999999999999996,3.0,129.93049245557447,0.03919029066882487,True,False,False
7.845,0.2514149538290666,0.47385579987680476,0.0005160916150502308,0.00011006589073213723,-0.20762299964299955,0.0,0.0013145738229586236,0.47641492474525504,0.0,0.23987906940243686,0.225,0.0,0.23999999999999996,3.0,129.9304922143022,0.03919055552927951,True,False,False
7.8500000000000005,0.2514173901162805,0.4738237116849216,0.0005072454363585162,0.0001139342195696924,-0.20789331896668367,0.0,0.0012728774061844259,0.4764173606554307,0.0,0.23987828747379397,0.225,0.0,0.23999999999999996,3.0,129.93002461951207,0.038762364792932255,True,False,False
7.855,0.2514197843529679,0.47379050888035174,0.0004984784640911647,0.00011786495330479323,-0.20789331896668367,0.0,0.0012728774061844259,0.4764197545190272,0.0,0.23987751863410006,0.225,0.0,0.23999999999999996,3.0,129.9300243849804,0.038773228914423356,True,False,False
7.86,0.25142213666943525,0.4737561810922246,0.0004897388223038963,0.00012178554135552187,-0.20789331896668367,0.0,0.0012728774061844259,0.4764221064662396,0.0,0.23987676241221295,0.225,0.0,0.23999999999999996,3.0,129.93002415071948,0.03878224347419604,True,False,False
7.865,0.2514244472167916,0.4737207335070006,0.0004810270200739495,0.00012567982249035565,-0.20789331896668367,0.0,0.0012728774061844259,0.47642441664830065,0.0,0.23987601882833903,0.225,0.0,0.23999999999999996,3.0,129.93002391712955,0.03878954423240962,True,False,False
7.87,0.25142671615393536,0.47368417597134566,0.00047234339060526896,0.00012953179556730374,-0.20789331896668367,0.0,0.0012728774061844259,0.47642668522423925,0.0,0.2398752879200519,0.225,0.0,0.23999999999999996,3.0,129.93002368457837,0.03879524642622039,True,False,False
7.875,0.25142894364668844,0.47364652277018354,0.0004636881735696225,0.00013332659087484449,-0.20789331896668367,0.0,0.0012728774061844259,0.4764289123600146,0.0,0.23987456974164273,0.225,0.0,0.23999999999999996,3.0,129.93002345340574,0.03879944926723973,True,False,False
7.88,0.25143112986700955,0.47360779222318317,0.0004550615677571756,0.00013705097499511809,-0.20789331896668367,0.0,0.0012728774061844259,0.4764310982277293,0.0,0.23987386436269445,0.225,0.0,0.23999999999999996,3.0,129.93002322392726,0.03880223926733792,True,False,False
7.885,0.2514332749922831,0.4735680061780611,0.00044646376395011283,0.00014069356054548669,-0.20789331896668367,0.0,0.0012728774061844259,0.47643324300491674,0.0,0.2398731718662445,0.225,0.0,0.23999999999999996,3.0,129.93002299643697,0.03880369273847466,True,False,False
7.890000000000001,0.2514353792046815,0.473527189476042,0.0004378949647595817,0.00014424483474013565,-0.20789331896668367,0.0,0.0012728774061844259,0.4764353468739039,0.0,0.23987249234681018,0.225,0.0,0.23999999999999996,3.0,129.93002277120945,0.03880387770354565,True,False,False
7.8950000000000005,0.2514374426906081,0.4734853694209911,0.0004293553959811619,0.00014769708167058684,-0.20789331896668367,0.0,0.0012728774061844259,0.4764374100212518,0.0,0.23987182590839226,0.225,0.0,0.23999999999999996,3.0,129.9300225485022,0.038802855380155016,True,False,False
7.9,0.2514394656401996,0.47344257528991135,0.00042084531252919375,0.0001510442468418372,-0.20815242791692168,0.0,0.0012255914174387993,0.4764394326372581,0.0,0.2398711726626261,0.225,0.0,0.23999999999999996,3.0,129.92947750557198,0.038390878155691185,True,False,False
7.905,0.25144144823164255,0.4733988166079011,0.00041243195063978694,0.0001544477822976839,-0.20815242791692168,0.0,0.0012255914174387993,0.47644141489997055,0.0,0.2398705321404725,0.225,0.0,0.23999999999999996,3.0,129.92947728956338,0.03839998739512821,True,False,False
7.91,0.2514433906389428,0.4733540847848507,0.0004040534080618673,0.0001578356623703721,-0.20815242791692168,0.0,0.0012255914174387993,0.47644335698321405,0.0,0.23986990380504025,0.225,0.0,0.23999999999999996,3.0,129.92947707403607,0.0384073082296637,True,False,False
7.915,0.2514452930544917,0.4733083864552412,0.00039571008363405695,0.000161192644172559,-0.20815242791692168,0.0,0.0012255914174387993,0.4764452590794851,0.0,0.2398692876830048,0.225,0.0,0.23999999999999996,3.0,129.92947685937153,0.038412972896120307,True,False,False
7.92,0.25144715567765247,0.4732617326467887,0.000387402207987859,0.00016450364774587835,-0.20815242791692168,0.0,0.0012255914174387993,0.47644712138825884,0.0,0.23986868381740267,0.225,0.0,0.23999999999999996,3.0,129.92947664592006,0.03841709388135692,True,False,False
7.925,0.2514489787139245,0.47321413857021527,0.0003791299233732987,0.0001677546841837574,-0.20815242791692168,0.0,0.0012255914174387993,0.4764489441151536,0.0,0.239868092266995,0.225,0.0,0.23999999999999996,3.0,129.92947643400498,0.03841976823807687,True,False,False
7.930000000000001,0.25145076237418706,0.4731656232249213,0.00037089333494423865,0.00017093333709263154,-0.20815242791692168,0.0,0.0012255914174387993,0.4764507274711738,0.0,0.23986751310492005,0.225,0.0,0.23999999999999996,3.0,129.92947622392583,0.03842108077704278,True,False,False
7.9350000000000005,0.251452506874016,0.4731162089136278,0.00036269254302961755,0.00017402896156844277,-0.20815242791692168,0.0,0.0012255914174387993,0.47645247167202615,0.0,0.23986694641691314,0.225,0.0,0.23999999999999996,3.0,129.92947601596128,0.0384211064670516,True,False,False
7.94,0.2514542124330744,0.4730659207352377,0.00035452766287259404,0.00017703270984273975,-0.20815242791692168,0.0,0.0012255914174387993,0.4764541769375089,0.0,0.23986639229940193,0.225,0.0,0.23999999999999996,3.0,129.92947581037137,0.03841991226986842,True,False,False
7.945,0.2514558792745709,0.4730147860689743,0.00034639883622442454,0.00017993745533884694,-0.20815242791692168,0.0,0.0012255914174387993,0.4764558434909699,0.0,0.23986585085762607,0.225,0.0,0.23999999999999996,3.0,129.92947560739893,0.03841755856536287,True,False,False
7.95,0.25145750762479,0.4729628341075618,0.0003383062377465623,0.00018273766161783152,-0.2083972936194446,0.0,0.001173621376487393,0.47645747155883544,0.0,0.23986532220381596,0.225,0.0,0.23999999999999996,3.0,129.9288641501018,0.038026577045717734,True,False,False
7.955,0.2514590976993359,0.47291007495981463,0.0003303254522560964,0.00018558863459705498,-0.2083972936194446,0.0,0.001173621376487393,0.4764590613565057,0.0,0.239864805808913,0.225,0.0,0.23999999999999996,3.0,129.92886395375268,0.03803377761754529,True,False,False
7.96,0.25146064970943727,0.4728565015819282,0.0003223858080403301,0.0001884198268398821,-0.2083972936194446,0.0,0.001173621376487393,0.4764606130949643,0.0,0.23986430107961418,0.225,0.0,0.23999999999999996,3.0,129.92886375810755,0.038039276324513885,True,False,False
7.965,0.2514621638821683,0.4728021216401688,0.0003144875972026504,0.0001912170710010768,-0.2083972936194446,0.0,0.001173621376487393,0.4764621270013727,0.0,0.23986380804736696,0.225,0.0,0.23999999999999996,3.0,129.92886356352417,0.03804320016012901,True,False,False
7.97,0.2514636404507138,0.4727469468816361,0.00030663095403081524,0.00019396636158036,-0.2083972936194446,0.0,0.001173621376487393,0.4764636033090097,0.0,0.23986332675880703,0.225,0.0,0.23999999999999996,3.0,129.9288633703304,0.038045657376478866,True,False,False
7.9750000000000005,0.2514650796535774,0.47269099293479383,0.00029881593148662196,0.00019665472930036675,-0.2083972936194446,0.0,0.001173621376487393,0.47646504225647957,0.0,0.239862857275169,0.225,0.0,0.23999999999999996,3.0,129.928863178828,0.03804674156728137,True,False,False
7.98,0.25146648173386704,0.4726342789349058,0.00029104255072126897,0.00019927069382677377,-0.2083972936194446,0.0,0.001173621376487393,0.4764664440869969,0.0,0.23986239967097764,0.225,0.0,0.23999999999999996,3.0,129.92886298929668,0.038046534688657895,True,False,False
7.985,0.25146784693864577,0.4725768270721639,0.00028331083264046054,0.00020180444991018935,-0.2083972936194446,0.0,0.001173621376487393,0.4764678090477368,0.0,0.23986195403238958,0.225,0.0,0.23999999999999996,3.0,129.92886280199573,0.03804510933076855,True,False,False
7.99,0.2514691755183557,0.47251866209636306,0.00027562081767022316,0.00020424789004310637,-0.2083972936194446,0.0,0.001173621376487393,0.47646913738925756,0.0,0.23986152045538492,0.225,0.0,0.23999999999999996,3.0,129.92886261716663,0.03804253045504116,True,False,False
7.995,0.25147046772630766,0.4724598108498087,0.0002679725778980139,0.00020659453137772014,-0.2083972936194446,0.0,0.001173621376487393,0.47647042936498984,0.0,0.23986109904398112,0.225,0.0,0.23999999999999996,3.0,129.92886243503466,0.03803885674374287,True,False,False
8.0,0.25147172381823424,0.4724003018099442,0.00026036622441475067,0.00020883939078713263,-0.20862542518564675,0.0,0.0011179320203520394,0.4764716852307883,0.0,0.23986068990853865,0.225,0.0,0.23999999999999996,3.0,129.9281965499087,0.037672854865727225,True,False,False
8.005,0.251472944040544,0.4723401452600452,0.0002528840990667291,0.0002111298750962113,-0.20862542518564675,0.0,0.0011179320203520394,0.4764729052327994,0.0,0.239860292469546,0.225,0.0,0.23999999999999996,3.0,129.92819637427974,0.037678069884885514,True,False,False
8.01,0.25147412863515733,0.47227933547885625,0.0002454482798762893,0.0002133977668455308,-0.20862542518564675,0.0,0.0011179320203520394,0.4764740896126425,0.0,0.23985990608755378,0.225,0.0,0.23999999999999996,3.0,129.92819619957345,0.03768169130832589,True,False,False
8.015,0.2514752778572475,0.47221788076737164,0.00023805896007081823,0.00021563008990606672,-0.20862542518564675,0.0,0.0011179320203520394,0.4764752386255611,0.0,0.2398595307971851,0.225,0.0,0.23999999999999996,3.0,129.9281960261192,0.03768383938558512,True,False,False
8.02,0.2514763919672201,0.47215579316899,0.00023071618832381447,0.00021781402579847136,-0.20862542518564675,0.0,0.0011179320203520394,0.47647635253203746,0.0,0.23985916664696,0.225,0.0,0.23999999999999996,3.0,129.9281958542186,0.037684616829370736,True,False,False
8.025,0.2514774712299742,0.47209308827138563,0.00022341994139830486,0.0002199377257380701,-0.20862542518564675,0.0,0.0011179320203520394,0.4764774315970537,0.0,0.23985881369873718,0.225,0.0,0.23999999999999996,3.0,129.928195684149,0.037684112623801516,True,False,False
8.03,0.2514785159142339,0.4720297848662191,0.00021617017185186034,0.00022199073027545386,-0.20862542518564675,0.0,0.0011179320203520394,0.4764784760894227,0.0,0.23985847202650273,0.225,0.0,0.23999999999999996,3.0,129.92819551616634,0.037682404842589855,True,False,False
8.035,0.2514795262919448,0.4719659045190553,0.0002089668392429116,0.00022396414094165334,-0.20862542518564675,0.0,0.0011179320203520394,0.4764794862811833,0.0,0.23985814171481662,0.225,0.0,0.23999999999999996,3.0,129.92819535050756,0.03767956276888213,True,False,False
8.040000000000001,0.251480502637735,0.4719014711173544,0.00020180993062191116,0.00022585063988538113,-0.20862542518564675,0.0,0.0011179320203520394,0.4764804624470615,0.0,0.2398578228571266,0.225,0.0,0.23999999999999996,3.0,129.92819518739293,0.03767564851683223,True,False,False
8.045,0.2514814452284417,0.4718365104274008,0.00019469947427343202,0.000227644420568642,-0.20862542518564675,0.0,0.0011179320203520394,0.4764814048639946,0.0,0.23985751555411067,0.225,0.0,0.23999999999999996,3.0,129.92819502702704,0.03767071829165308,True,False,False
8.05,0.25148235434269345,0.47177104967406486,0.00018763554944634667,0.00022934107036280937,-0.20883484767928695,0.0,0.001059522866432904,0.4764823138107142,0.0,0.2398572199120978,0.225,0.0,0.23999999999999996,3.0,129.9274873220072,0.03733291803981572,True,False,False
8.055,0.2514832302511962,0.47170509896420704,0.00018070528560205223,0.00023107861461307342,-0.20883484767928695,0.0,0.001059522866432904,0.47648318955761454,0.0,0.23985693531153557,0.225,0.0,0.23999999999999996,3.0,129.92748716797288,0.03733614202460586,True,False,False
8.06,0.25148407322013666,0.47163865369290825,0.00017382538109227613,0.00023279191723326383,-0.20883484767928695,0.0,0.001059522866432904,0.47648403237053527,0.0,0.23985666107776787,0.225,0.0,0.23999999999999996,3.0,129.92748701506233,0.03733789844138747,True,False,False
8.065,0.25148488352637094,0.4715717224557801,0.00016699594542674709,0.00023446927367089376,-0.20883484767928695,0.0,0.001059522866432904,0.4764848425263871,0.0,0.2398563972471774,0.225,0.0,0.23999999999999996,3.0,129.92748686357382,0.0373382995246163,True,False,False
8.07,0.25148566145111073,0.4715043172204912,0.00016021696119251604,0.00023609913041383336,-0.20883484767928695,0.0,0.001059522866432904,0.4764856203064425,0.0,0.23985614386866516,0.225,0.0,0.23999999999999996,3.0,129.92748671377973,0.03733744133471327,True,False,False
8.075,0.25148640727924415,0.4714364531483765,0.00015348835320155878,0.00023767082795681443,-0.20883484767928695,0.0,0.001059522866432904,0.47648636599565586,0.0,0.2398559010031406,0.225,0.0,0.23999999999999996,3.0,129.92748656593,0.03733540725807188,True,False,False
8.08,0.2514871212987206,0.4713681482790787,0.00014681003554502408,0.00023917498397388218,-0.20883484767928695,0.0,0.001059522866432904,0.47648707988204825,0.0,0.23985566872240588,0.225,0.0,0.23999999999999996,3.0,129.92748642025455,0.03733227059786497,True,False,False
8.085,0.2514878037999965,0.4712994231345282,0.0001401819444753268,0.00024060364919023658,-0.20883484767928695,0.0,0.001059522866432904,0.47648776225615214,0.0,0.2398554471077215,0.225,0.0,0.23999999999999996,3.0,129.92748627696596,0.03732809652341743,True,False,False
8.09,0.2514884550755421,0.4712303003086854,0.00013360406270805511,0.0002419503240088554,-0.20883484767928695,0.0,0.001059522866432904,0.47648841341051706,0.0,0.23985523624826172,0.225,0.0,0.23999999999999996,3.0,129.92748613626102,0.037322943561814405,True,False,False
8.095,0.2514890754194034,0.47116080405307464,0.00012707643921160624,0.00024320989373665097,-0.20883484767928695,0.0,0.001059522866432904,0.4764890336392713,0.0,0.23985503623960586,0.225,0.0,0.23999999999999996,3.0,129.92748599832206,0.03731686475730341,True,False,False
8.1,0.2514896651268233,0.4710909599014212,0.00012059920762486933,0.0002443785198620648,-0.20902407445108667,0.0,0.000999399802231148,0.4764896232377416,0.0,0.23985484718227706,0.225,0.0,0.23999999999999996,3.0,129.92674931826394,0.037009760884959095,True,False,False
8.105,0.25149022448653546,0.47102077750282395,0.00011426149558266552,0.0002455836325522822,-0.20902407445108667,0.0,0.000999399802231148,0.4764901824943114,0.0,0.2398546684275804,0.225,0.0,0.23999999999999996,3.0,129.92674918643294,0.03701105040243574,True,False,False
8.11,0.25149075378279795,0.47095025320184347,0.00010797720258890466,0.00024676382712657773,-0.20902407445108667,0.0,0.000999399802231148,0.4764907116928565,0.0,0.23985449927697844,0.225,0.0,0.23999999999999996,3.0,129.92674905589953,0.037011012068744804,True,False,False
8.115,0.2514912533080173,0.4708793955974495,0.00010174639663827488,0.00024790872090967877,-0.20902407445108667,0.0,0.000999399802231148,0.4764912111258244,0.0,0.23985433976741344,0.225,0.0,0.23999999999999996,3.0,129.92674892692878,0.03700974906714415,True,False,False
8.120000000000001,0.2514917233580967,0.47080821628587205,9.55690515930808e-05,0.000249008073824228,-0.20902407445108667,0.0,0.000999399802231148,0.47649168108916423,0.0,0.23985418994692748,0.225,0.0,0.23999999999999996,3.0,129.92674879976187,0.03700734989171081,True,False,False
8.125,0.2514921642318213,0.47073672968795577,8.944511880359684e-05,0.00025005245727393135,-0.20902407445108667,0.0,0.000999399802231148,0.4764921218817125,0.0,0.23985404987418485,0.225,0.0,0.23999999999999996,3.0,129.92674867461966,0.03700389151384055,True,False,False
8.13,0.2514925762303015,0.47066495276642384,8.337458356861603e-05,0.00025103359835642485,-0.20902407445108667,0.0,0.000999399802231148,0.4764925338046358,0.0,0.2398539196174653,0.225,0.0,0.23999999999999996,3.0,129.9267485517049,0.03699944172691495,True,False,False
8.135,0.2514929596564725,0.4705929046701023,7.735751592547968e-05,0.00025194451904883195,-0.20902407445108667,0.0,0.000999399802231148,0.4764929171609288,0.0,0.23985379925337214,0.225,0.0,0.23999999999999996,3.0,129.92674843120383,0.0369940609110477,True,False,False
8.14,0.25149331481464726,0.4705206063592414,7.139412480451744e-05,0.0002527795498693683,-0.20902407445108667,0.0,0.000999399802231148,0.47649327225496746,0.0,0.2398536888654339,0.225,0.0,0.23999999999999996,3.0,129.9267483132887,0.036987803383867895,True,False,False
8.145,0.25149364201012453,0.47044808023747464,6.548482610695411e-05,0.0002535342702318682,-0.20902407445108667,0.0,0.000999399802231148,0.47649359939211544,0.0,0.23985358854272837,0.225,0.0,0.23999999999999996,3.0,129.9267481981185,0.036980718450809504,True,False,False
8.15,0.25149394154884264,0.4703753498059089,5.963033976415805e-05,0.00025420540929287143,-0.20919207768768458,0.0,0.0009385466244212405,0.4764938988783776,0.0,0.23985349837859488,0.225,0.0,0.23999999999999996,3.0,129.9259952390783,0.03670611393007653,True,False,False
8.155,0.2514942137316284,0.4703024240477214,5.391557907762571e-05,0.00025490885318315426,-0.20919207768768458,0.0,0.0009385466244212405,0.47649417101420294,0.0,0.23985341770624455,0.225,0.0,0.23999999999999996,3.0,129.92599512974382,0.03670557626485399,True,False,False
8.16,0.25149445885494787,0.47022930011970177,4.8257147807188935e-05,0.00025558747555663497,-0.20919207768768458,0.0,0.0009385466244212405,0.4764944160956521,0.0,0.23985334581458317,0.225,0.0,0.23999999999999996,3.0,129.9259950218472,0.03670386016228262,True,False,False
8.165000000000001,0.2514946772209964,0.47015598640706485,4.265553527956359e-05,0.0002562322401931961,-0.20919207768768458,0.0,0.0009385466244212405,0.4764946344249491,0.0,0.23985328274015605,0.225,0.0,0.23999999999999996,3.0,129.925994915619,0.03670105895355541,True,False,False
8.17,0.25149486913463814,0.4700824938958229,3.711148491644245e-05,0.0002568342436683693,-0.20919207768768458,0.0,0.0009385466244212405,0.476494826306992,0.0,0.2398532285291583,0.225,0.0,0.23999999999999996,3.0,129.92599481126842,0.03669725285327124,True,False,False
8.175,0.2514950349028588,0.4700088360306222,3.162635813467517e-05,0.0002573853067818608,-0.20919207768768458,0.0,0.0009385466244212405,0.4764949920488045,0.0,0.23985318323700539,0.225,0.0,0.23999999999999996,3.0,129.92599470898614,0.03669251177480573,True,False,False
8.18,0.2514951748342715,0.46993502845612267,2.6202857880729248e-05,0.000257878278160717,-0.20919207768768458,0.0,0.0009385466244212405,0.4764951319590418,0.0,0.23985314692743492,0.225,0.0,0.23999999999999996,3.0,129.92599460894655,0.036686897415729676,True,False,False
8.185,0.2514952892386714,0.4698610887015148,2.0846775324674285e-05,0.00025830715618645975,-0.20919207768768458,0.0,0.0009385466244212405,0.47649524634754437,0.0,0.23985311967135703,0.225,0.0,0.23999999999999996,3.0,129.92599451130957,0.03668046482801494,True,False,False
8.19,0.25149537842664005,0.46978703585077825,1.5572151318196694e-05,0.000258667099771146,-0.20919207768768458,0.0,0.0009385466244212405,0.4764953355249416,0.0,0.23985310154561607,0.225,0.0,0.23999999999999996,3.0,129.92599441622215,0.036673263620369205,True,False,False
8.195,0.251495442709196,0.4697128902103014,1.0421432918990784e-05,0.00025895437429246853,-0.20919207768768458,0.0,0.0009385466244212405,0.4764953998023018,0.0,0.23985309263177398,0.225,0.0,0.23999999999999996,3.0,129.9259943238192,0.036665338893461345,True,False,False
8.2,0.2514954823974903,0.46963867301265716,5.591946108226811e-06,0.00025916626265558654,-0.20933825705631084,0.0,0.0008778992327583922,0.47649543949082673,0.0,0.239853093014961,0.225,0.0,0.23999999999999996,3.0,129.92523728184935,0.036424382875299276,True,False,False
8.205,0.2514954977989184,0.4695643924297433,2.6772750914051436e-06,0.0002594064162172874,-0.20933825705631084,0.0,0.0008778992327583922,0.47649545489751816,0.0,0.239853102021125,0.225,0.0,0.23999999999999996,3.0,129.92523719496802,0.036422164167630576,True,False,False
8.21,0.2514954892166899,0.4694900463323383,5.84704794646506e-06,0.00025962242947683055,-0.20933825705631084,0.0,0.0008778992327583922,0.4764954463251685,0.0,0.23985311893763298,0.225,0.0,0.23999999999999996,3.0,129.92523710962783,0.03641892235199589,True,False,False
8.215,0.2514954569574621,0.4694156427199389,1.0519220476496142e-05,0.00025980661506516786,-0.20933825705631084,0.0,0.0008778992327583922,0.47649541408045426,0.0,0.23985314379989042,0.225,0.0,0.23999999999999996,3.0,129.9252370260246,0.036414740337047356,True,False,False
8.22,0.25149540132977405,0.46934119180483397,1.5327090648783568e-05,0.00025995140762818237,-0.20933825705631084,0.0,0.0008778992327583922,0.4764953584719377,0.0,0.23985317665150618,0.225,0.0,0.23999999999999996,3.0,129.92523694433493,0.03640968954282633,True,False,False
8.225,0.25149532264356933,0.4692667058849415,2.0133850246413774e-05,0.00026004987594844295,-0.20933825705631084,0.0,0.0008778992327583922,0.4764952798095893,0.0,0.23985321754390654,0.225,0.0,0.23999999999999996,3.0,129.9252368647194,0.036403832354515754,True,False,False
8.23,0.25149522120976536,0.4691921991186485,2.4908465041680812e-05,0.000260095985070953,-0.20933825705631084,0.0,0.0008778992327583922,0.4764951784043568,0.0,0.2398532665355494,0.225,0.0,0.23999999999999996,3.0,129.92523678732408,0.03639722394077162,True,False,False
8.235,0.25149509733986686,0.46911768725204134,2.9640413191090755e-05,0.00026008470071630025,-0.20933825705631084,0.0,0.0008778992327583922,0.47649505456777763,0.0,0.23985332369092172,0.225,0.0,0.23999999999999996,3.0,129.9252367122823,0.036389913623430546,True,False,False
8.24,0.25149495134561944,0.46904318732722455,3.4325332954138274e-05,0.0002600119972819664,-0.20933825705631084,0.0,0.0008778992327583922,0.4764949086116327,0.0,0.23985338907946988,0.225,0.0,0.23999999999999996,3.0,129.92523663971562,0.0363819459267949,True,False,False
8.245000000000001,0.251494783538708,0.46896871740201224,3.896122653387762e-05,0.0002598748096744513,-0.20933825705631084,0.0,0.0008778992327583922,0.4764947408476431,0.0,0.2398534627745366,0.225,0.0,0.23999999999999996,3.0,129.9252365697355,0.03637336139418049,True,False,False
8.25,0.251494594230492,0.46889429628022933,4.3547157650513e-05,0.00025967095500515117,-0.20946240643163985,0.0,0.0008183241186978595,0.47649455158720544,0.0,0.23985354485236615,0.225,0.0,0.23999999999999996,3.0,129.92448684588874,0.03616659082798463,True,False,False
8.255,0.2514943837298694,0.4688199312345342,4.7965696264448114e-05,0.0002594914072141207,-0.20946240643163985,0.0,0.0008183241186978595,0.47649434113881917,0.0,0.23985363464196197,0.225,0.0,0.23999999999999996,3.0,129.92448678108235,0.03616286470546541,True,False,False
8.26,0.251494152341781,0.4687456207831861,5.233266324059356e-05,0.0002592888196299677,-0.20946240643163985,0.0,0.0008183241186978595,0.47649410980700757,0.0,0.2398537314395331,0.225,0.0,0.23999999999999996,3.0,129.92448671788276,0.03615827324267485,True,False,False
8.265,0.251493900372495,0.4686713724216143,5.664727569007761e-05,0.0002590568368537959,-0.20946240643163985,0.0,0.0008183241186978595,0.4764938578980503,0.0,0.23985383527880816,0.225,0.0,0.23999999999999996,3.0,129.92448665645094,0.036152888576116024,True,False,False
8.27,0.2514936281294228,0.46859719547466394,6.090915378573811e-05,0.0002587892140490432,-0.20946240643163985,0.0,0.0008183241186978595,0.4764935857193738,0.0,0.2398539462002791,0.225,0.0,0.23999999999999996,3.0,129.92448659693167,0.03614677300691486,True,False,False
8.275,0.251493335920714,0.4685231009867911,6.511816973076897e-05,0.0002584802493026055,-0.20946240643163985,0.0,0.0008183241186978595,0.4764932935791454,0.0,0.2398540642508739,0.225,0.0,0.23999999999999996,3.0,129.9244865394558,0.03613998108904513,True,False,False
8.28,0.2514930240548892,0.46844910152811914,6.927435711300067e-05,0.00025812500412506406,-0.20946240643163985,0.0,0.0008183241186978595,0.4764929817859065,0.0,0.2398541894832853,0.225,0.0,0.23999999999999996,3.0,129.9244864841416,0.03613256117759568,True,False,False
8.285,0.25149269284050996,0.4683752109629536,7.337785497555152e-05,0.00025771939038532184,-0.20946240643163985,0.0,0.0008183241186978595,0.4764926506482412,0.0,0.23985432195512027,0.225,0.0,0.23999999999999996,3.0,129.92448643109626,0.036124556595679196,True,False,False
8.290000000000001,0.251492342585887,0.4683014442056158,7.742887250934e-05,0.00025726017567608445,-0.20946240643163985,0.0,0.0008183241186978595,0.4764923004744848,0.0,0.23985446172798847,0.225,0.0,0.23999999999999996,3.0,129.92448638041677,0.03611600652885306,True,False,False
8.295,0.2514919735988233,0.46822781697448235,8.142766631843488e-05,0.00025674494123432333,-0.20946240643163985,0.0,0.0008183241186978595,0.4764919315724653,0.0,0.23985460886660442,0.225,0.0,0.23999999999999996,3.0,129.92448633219107,0.03610694672154372,True,False,False
8.3,0.2514915861863894,0.4681543455777007,8.537452551659107e-05,0.0002561720144823556,-0.20956467882729649,0.0,0.0007606019217602236,0.4764915442492792,0.0,0.23985476343793855,0.225,0.0,0.23999999999999996,3.0,129.92375430399508,0.03593433215447829,True,False,False
8.305,0.25149118065441295,0.4680810363427235,8.916202714649982e-05,0.0002556194840195206,-0.20956467882729649,0.0,0.0007606019217602236,0.47649113881036076,0.0,0.23985492478359616,0.225,0.0,0.23999999999999996,3.0,129.92375426057052,0.035929289509053164,True,False,False
8.31,0.25149075730503634,0.4680078883847549,9.289605389321124e-05,0.0002550452970113174,-0.20956467882729649,0.0,0.0007606019217602236,0.4764907155574445,0.0,0.2398550922181452,0.225,0.0,0.23999999999999996,3.0,129.9237542187817,0.035923538614800084,True,False,False
8.315,0.25149031643978775,0.46793490862039694,9.657668855943041e-05,0.0002544443963072213,-0.20956467882729649,0.0,0.0007606019217602236,0.4764902747920646,0.0,0.23985526577325036,0.225,0.0,0.23999999999999996,3.0,129.92375417875596,0.035917140693839424,True,False,False
8.32,0.25148985836065607,0.46786210542090567,0.00010020412368997239,0.0002538118234433655,-0.20956467882729649,0.0,0.0007606019217602236,0.4764898168162188,0.0,0.239855445485944,0.225,0.0,0.23999999999999996,3.0,129.92375414060703,0.035910148783641176,True,False,False
8.325,0.2514893833697554,0.4677894885182405,0.00010377862037993692,0.0002531430720601492,-0.20956467882729649,0.0,0.0007606019217602236,0.4764893419320323,0.0,0.2398556313983479,0.225,0.0,0.23999999999999996,3.0,129.923754104437,0.035902609461813284,True,False,False
8.33,0.25148889176902217,0.4677170688478973,0.00010730048244249331,0.0002524342672823702,-0.20956467882729649,0.0,0.0007606019217602236,0.47648885044145456,0.0,0.23985582355712137,0.225,0.0,0.23999999999999996,3.0,129.92375407033722,0.03589456412576727,True,False,False
8.335,0.25148838385994277,0.46764485835807335,0.00011077004033924445,0.00025168223547443436,-0.20956467882729649,0.0,0.0007606019217602236,0.47648834264598655,0.0,0.2398560220127564,0.225,0.0,0.23999999999999996,3.0,129.92375403838955,0.035886049957859434,True,False,False
8.34,0.25148785994331274,0.4675728698007156,0.00011418764127685323,0.00025088450713398416,-0.20956467882729649,0.0,0.0007606019217602236,0.4764878188464397,0.0,0.23985622681882585,0.225,0.0,0.23999999999999996,3.0,129.92375400866757,0.03587710066568589,True,False,False
8.345,0.25148732031902565,0.46750111654107857,0.00011755364316697307,0.00025003928097736884,-0.20956467882729649,0.0,0.0007606019217602236,0.47648727934272406,0.0,0.23985643803124362,0.225,0.0,0.23999999999999996,3.0,129.9237539812368,0.03586774705891309,True,False,False
8.35,0.2514867652858887,0.4674296123717754,0.00012086841098217395,0.0002491453673474615,-0.20964554979161715,0.0,0.0007054161739901734,0.47648672443366374,0.0,0.23985665570757178,0.225,0.0,0.23999999999999996,3.0,129.9230488423139,0.03572874257686083,True,False,False
8.355,0.25148619514259524,0.467358362672671,0.00012403000333921,0.0002482679798290912,-0.20964554979161715,0.0,0.0007054161739901734,0.4764861544175725,0.0,0.23985687921059967,0.225,0.0,0.23999999999999996,3.0,129.92304881929522,0.0357225828333287,True,False,False
8.36,0.25148561018445853,0.4672873671218223,0.0001271391497995066,0.00024737049483694584,-0.20964554979161715,0.0,0.0007054161739901734,0.47648556958937416,0.0,0.23985710788172038,0.225,0.0,0.23999999999999996,3.0,129.92304879790734,0.035715868534238734,True,False,False
8.365,0.25148501070442825,0.46721663201023744,0.00013019607266672676,0.0002464491050240993,-0.20964554979161715,0.0,0.0007054161739901734,0.47648497024202097,0.0,0.23985734175028295,0.225,0.0,0.23999999999999996,3.0,129.92304877824532,0.03570865003581042,True,False,False
8.370000000000001,0.2514843969952919,0.4671461647269308,0.00013320106501791605,0.00024550008963762177,-0.20964554979161715,0.0,0.0007054161739901734,0.4764843566683049,0.0,0.23985758084965958,0.225,0.0,0.23999999999999996,3.0,129.9230487603934,0.03570097113265005,True,False,False
8.375,0.25148376934940714,0.4670759736762181,0.0001361544620680116,0.000244520090947684,-0.20964554979161715,0.0,0.0007054161739901734,0.4764837291605898,0.0,0.23985782521702348,0.225,0.0,0.23999999999999996,3.0,129.92304874442596,0.03569287042658823,True,False,False
8.38,0.25148312805846107,0.46700606815902673,0.0001390566234942283,0.00024350625359761548,-0.20964554979161715,0.0,0.0007054161739901734,0.4764830880105704,0.0,0.239858074892906,0.225,0.0,0.23999999999999996,3.0,129.92304873040874,0.035684382343197873,True,False,False
8.385,0.251482473413255,0.46693645820959706,0.0001419079227756786,0.00024245627771384237,-0.20964554979161715,0.0,0.0007054161739901734,0.4764824335090567,0.0,0.23985832992063205,0.225,0.0,0.23999999999999996,3.0,129.92304871839983,0.035675537899204045,True,False,False
8.39,0.2514818057035143,0.4668671544460811,0.0001447087409624425,0.00024136841951284305,-0.20964554979161715,0.0,0.0007054161739901734,0.4764817659457834,0.0,0.23985859034573292,0.225,0.0,0.23999999999999996,3.0,129.92304870845018,0.03566636529168674,True,False,False
8.395,0.25148112521771987,0.46679816790538214,0.0001474594631934703,0.0002402414615248252,-0.20964554979161715,0.0,0.0007054161739901734,0.4764810856092413,0.0,0.23985885621535444,0.225,0.0,0.23999999999999996,3.0,129.92304870060468,0.035656890357632705,True,False,False
8.4,0.25148043224296496,0.4667295099075163,0.00015016047688223272,0.00023907466671896404,-0.20970577964652534,0.0,0.0006533469018440472,0.4764803927865334,0.0,0.23985912757771782,0.225,0.0,0.23999999999999996,3.0,129.92237836417826,0.03555048717974034,True,False,False
8.405,0.2514797270672581,0.4666611849086872,0.00015271512576990474,0.00023792058314602412,-0.20970577964652534,0.0,0.0006533469018440472,0.47647968776531036,0.0,0.23985940382428989,0.225,0.0,0.23999999999999996,3.0,129.92237836034678,0.03554341116934792,True,False,False
8.41,0.2514790099755598,0.466593193114544,0.00015521928001115338,0.0002367480574556811,-0.20970577964652534,0.0,0.0006533469018440472,0.4764789708301682,0.0,0.23985968433058916,0.225,0.0,0.23999999999999996,3.0,129.92237835811076,0.03553592857708467,True,False,False
8.415000000000001,0.25147828124891597,0.46652554017382764,0.00015767322143155185,0.00023555447086039333,-0.20970577964652534,0.0,0.0006533469018440472,0.47647824226215374,0.0,0.23985996912349283,0.225,0.0,0.23999999999999996,3.0,129.9223783575349,0.035528079113483636,True,False,False
8.42,0.25147754116764864,0.4664582324941756,0.00016007728202792755,0.0002343372790321423,-0.20970577964652534,0.0,0.0006533469018440472,0.4764775023415909,0.0,0.23986025823263563,0.225,0.0,0.23999999999999996,3.0,129.92237835867545,0.03551989750035346,True,False,False
8.425,0.25147679001115564,0.46639127716760514,0.00016243182316660965,0.00023309421449911713,-0.20970577964652534,0.0,0.0006533469018440472,0.4764767513478806,0.0,0.23986055169021914,0.225,0.0,0.23999999999999996,3.0,129.9223783615809,0.03551141449592341,True,False,False
8.43,0.2514760280577299,0.46632468188654347,0.00016473722279691688,0.00023182338756901348,-0.20970577964652534,0.0,0.0006533469018440472,0.4764759895593196,0.0,0.23986084953068737,0.225,0.0,0.23999999999999996,3.0,129.92237836629306,0.03550265765720155,True,False,False
8.435,0.25147525558439726,0.466258454827728,0.00016699386782338655,0.00023052332353338796,-0.20970577964652534,0.0,0.0006533469018440472,0.47647521725293845,0.0,0.23986115179030157,0.225,0.0,0.23999999999999996,3.0,129.92237837284753,0.035493651916347825,True,False,False
8.44,0.25147447286677554,0.46619260452818345,0.0001692021497470326,0.00022919296119041122,-0.20970577964652534,0.0,0.0006533469018440472,0.47647443470435974,0.0,0.23986145850669754,0.225,0.0,0.23999999999999996,3.0,129.9223783812746,0.03548442002385447,True,False,False
8.445,0.25147368017895005,0.46612713977124975,0.00017136246233723725,0.00022783162908740663,-0.20970577964652534,0.0,0.0006533469018440472,0.47647364218767363,0.0,0.2398617697184517,0.225,0.0,0.23999999999999996,3.0,129.9223783915995,0.03547498289471668,True,False,False
8.45,0.2514728777933659,0.46606206948580475,0.00017347520053149446,0.0002264390100627978,-0.2097463750376934,0.0,0.0006048684786357953,0.47647283997533035,0.0,0.23986208546467447,0.225,0.0,0.23999999999999996,3.0,129.92174945000883,0.03539976580825163,True,False,False
8.455,0.25147206598430816,0.4659973972416877,0.00017544945057003456,0.00022505537413270942,-0.2097463750376934,0.0,0.0006048684786357953,0.4764720283412839,0.0,0.23986240517184648,0.225,0.0,0.23999999999999996,3.0,129.92174946394698,0.03539197019788635,True,False,False
8.46,0.25147124502336254,0.4659331237467294,0.00017737577362899758,0.00022365499150231962,-0.2097463750376934,0.0,0.0006048684786357953,0.4764712075567862,0.0,0.2398627282556813,0.225,0.0,0.23999999999999996,3.0,129.92174947941893,0.035383908330691584,True,False,False
8.465,0.25147041517685115,0.4658692540078758,0.00017925448423975645,0.00022223635971988377,-0.2097463750376934,0.0,0.0006048684786357953,0.47647037788815966,0.0,0.2398630547405115,0.225,0.0,0.23999999999999996,3.0,129.92174949646127,0.03537560964295611,True,False,False
8.47,0.2514695767098748,0.46580579346334205,0.00018108593103040172,0.00022079803877005072,-0.2097463750376934,0.0,0.0006048684786357953,0.47646953960050575,0.0,0.23986338465223356,0.225,0.0,0.23999999999999996,3.0,129.92174951510404,0.035367100085362556,True,False,False
8.475,0.25146872988617597,0.4657427479382542,0.0001828704827779918,0.00021933878325602988,-0.2097463750376934,0.0,0.0006048684786357953,0.47646869295756866,0.0,0.23986371801816073,0.225,0.0,0.23999999999999996,3.0,129.92174953537173,0.03535840282083093,True,False,False
8.48,0.2514678749680159,0.46568012357833594,0.00018460851983838927,0.00021785760694035592,-0.2097463750376934,0.0,0.0006048684786357953,0.4764678382216112,0.0,0.23986405486679702,0.225,0.0,0.23999999999999996,3.0,129.9217495572841,0.03534953874477079,True,False,False
8.485,0.2514670122160639,0.4656179267710108,0.00018630042904922952,0.0002163538049587293,-0.2097463750376934,0.0,0.0006048684786357953,0.4764669756533047,0.0,0.2398643952275525,0.225,0.0,0.23999999999999996,3.0,129.92174958085616,0.03534052687942172,True,False,False
8.49,0.25146614188930094,0.4655561640640888,0.00018794660084022816,0.00021482695047411417,-0.2097463750376934,0.0,0.0006048684786357953,0.476466105511632,0.0,0.23986473913044504,0.225,0.0,0.23999999999999996,3.0,129.92174960609879,0.03533138467784818,True,False,False
8.495000000000001,0.25146526424493876,0.46549484209534525,0.00018954742771778822,0.0002132768767373605,-0.2097463750376934,0.0,0.0006048684786357953,0.4764652280538066,0.0,0.23986508660579203,0.225,0.0,0.23999999999999996,3.0,129.92174963301972,0.03532212826200526,True,False,False
8.5,0.2514643795383437,0.4654339675079461,0.00019110330358108348,0.0002117036516131457,-0.20976855031950514,0.0,0.0005603509867775644,0.47646434353519646,0.0,0.23986543768396718,0.225,0.0,0.23999999999999996,3.0,129.921167363609,0.03527633388083085,True,False,False
8.505,0.2514634880275394,0.4653735430462633,0.00019252962121441158,0.0002101358100675403,-0.20976855031950514,0.0,0.0005603509867775644,0.4764634522135254,0.0,0.23986579183161605,0.225,0.0,0.23999999999999996,3.0,129.9211673937444,0.035268007005991885,True,False,False
8.51,0.2514625899682076,0.4653135698835427,0.00019391105156630324,0.00020855291958015465,-0.20976855031950514,0.0,0.0005603509867775644,0.4764625543441754,0.0,0.2398661485094804,0.225,0.0,0.23999999999999996,3.0,129.92116742533022,0.03525954499500892,True,False,False
8.515,0.251461685609617,0.46525405239711387,0.00019524792675075598,0.00020695451260759182,-0.20976855031950514,0.0,0.0005603509867775644,0.47646165017641595,0.0,0.23986650773933577,0.225,0.0,0.23999999999999996,3.0,129.92116745837671,0.03525096751130412,True,False,False
8.52,0.2514607751993848,0.465194995093706,0.0001965405990399789,0.00020534017226791376,-0.20976855031950514,0.0,0.0005603509867775644,0.47646073995786514,0.0,0.23986686954339448,0.225,0.0,0.23999999999999996,3.0,129.9211674928902,0.035242292149307845,True,False,False
8.525,0.25145985898339596,0.4651364025836285,0.00019778943327271954,0.00020370959884864672,-0.20976855031950514,0.0,0.0005603509867775644,0.47645982393440867,0.0,0.2398672339442371,0.225,0.0,0.23999999999999996,3.0,129.92116752887335,0.035233534824892075,True,False,False
8.53,0.25145893720573437,0.46507827954317416,0.00019899480217984338,0.00020206264037746864,-0.20976855031950514,0.0,0.0005603509867775644,0.47645890235013133,0.0,0.23986760096466458,0.225,0.0,0.23999999999999996,3.0,129.92116756632552,0.035224710068163426,True,False,False
8.535,0.251458010108622,0.4650206306699395,0.00020015708359599882,0.00020039930090574778,-0.20976855031950514,0.0,0.0005603509867775644,0.47645797544725565,0.0,0.23986797062753518,0.225,0.0,0.23999999999999996,3.0,129.9211676052431,0.03521583124672908,True,False,False
8.540000000000001,0.25145707793236516,0.46496346063732574,0.00020127665887109927,0.00019871973551836383,-0.20976855031950514,0.0,0.0005603509867775644,0.4764570434660883,0.0,0.23986834295560389,0.225,0.0,0.23999999999999996,3.0,129.92116764561987,0.035206910738844896,True,False,False
8.545,0.2514561409153088,0.46490677405527825,0.00020235391202902547,0.00019702423794137826,-0.20976855031950514,0.0,0.0005603509867775644,0.47645610664497406,0.0,0.23986871797136383,0.225,0.0,0.23999999999999996,3.0,129.92116768744702,0.03519796006981566,True,False,False
8.55,0.25145519929379767,0.4648505754317808,0.000203389229378518,0.00019531322450658652,-0.20977368931969112,0.0,0.0005200643186255352,0.4764551652202574,0.0,0.23986909569691042,0.225,0.0,0.23999999999999996,3.0,129.92063609480084,0.03517953580560586,True,False,False
8.555,0.2514542533075389,0.46479486673796183,0.00020430482964618431,0.00019360417030563106,-0.20977368931969112,0.0,0.0005200643186255352,0.4764542194313791,0.0,0.23986947564304556,0.225,0.0,0.23999999999999996,3.0,129.92063613944933,0.035170854702191286,True,False,False
8.56,0.2514533031942571,0.4647396495781082,0.000205178947290198,0.0001918817432401796,-0.20977368931969112,0.0,0.0005200643186255352,0.4764532695158002,0.0,0.23986985731917265,0.225,0.0,0.23999999999999996,3.0,129.92063618544714,0.035162159170988846,True,False,False
8.565,0.2514523491843141,0.46468492771734066,0.000206011921057728,0.00019014642180459934,-0.20977368931969112,0.0,0.0005200643186255352,0.47645231570388413,0.0,0.23987024074451657,0.225,0.0,0.23999999999999996,3.0,129.92063623278085,0.03515345971240813,True,False,False
8.57,0.25145139150605117,0.46463070477429,0.00020680409742030402,0.00018839872375210054,-0.20977368931969112,0.0,0.0005200643186255352,0.4764513582239742,0.0,0.23987062593773417,0.225,0.0,0.23999999999999996,3.0,129.9206362814352,0.03514476607414886,True,False,False
8.575000000000001,0.25145043038576603,0.46457698421704907,0.00020755582891482648,0.00018663921205343395,-0.20977368931969112,0.0,0.0005200643186255352,0.4764503973023693,0.0,0.23987101291686977,0.225,0.0,0.23999999999999996,3.0,129.92063633139313,0.035136087356979456,True,False,False
8.58,0.2514494660476925,0.46452376934264844,0.00020826747310244385,0.00018486849420654866,-0.20977368931969112,0.0,0.0005200643186255352,0.4764494331633037,0.0,0.2398714016993101,0.225,0.0,0.23999999999999996,3.0,129.92063638263576,0.035127432096841146,True,False,False
8.585,0.25144849871398345,0.46447106327064375,0.00020893939192134298,0.00018308721776524032,-0.20977368931969112,0.0,0.0005200643186255352,0.47644846602893054,0.0,0.23987179230173233,0.225,0.0,0.23999999999999996,3.0,129.92063643514274,0.03511880832960337,True,False,False
8.59,0.2514475286046976,0.46441886892806894,0.00020957195128613835,0.00018129606393385613,-0.20977368931969112,0.0,0.0005200643186255352,0.47644749611930826,0.0,0.23987218474007332,0.225,0.0,0.23999999999999996,3.0,129.92063648889228,0.03511022364293419,True,False,False
8.595,0.2514465559377889,0.46436718904380125,0.00021016552083813036,0.0001794957403915596,-0.20977368931969112,0.0,0.0005200643186255352,0.47644652365239,0.0,0.23987257902949066,0.225,0.0,0.23999999999999996,3.0,129.9206365438611,0.035101685218437345,True,False,False
8.6,0.25144558092910013,0.46431602614135437,0.00021072047378508705,0.0001776869740565375,-0.20976330801930154,0.0,0.000484184288160402,0.4764455488440168,0.0,0.23987297518432926,0.225,0.0,0.23999999999999996,3.0,129.92015842893144,0.035108347850020635,True,False,False
8.605,0.25144460379842853,0.46426538148756286,0.00021116627874101661,0.00017587696405491692,-0.20976330801930154,0.0,0.000484184288160402,0.4764445719137548,0.0,0.23987337276243997,0.225,0.0,0.23999999999999996,3.0,129.92015848633696,0.03509947626376533,True,False,False
8.61,0.25144362476394483,0.4642152570735402,0.00021157427830571638,0.00017405522093845134,-0.20976330801930154,0.0,0.000484184288160402,0.4764435930795472,0.0,0.2398737713243727,0.225,0.0,0.23999999999999996,3.0,129.92015854497694,0.035090699656453374,True,False,False
8.615,0.2514426440356992,0.464165656074401,0.00021194480900227353,0.0001722230746787992,-0.20976330801930154,0.0,0.000484184288160402,0.47644261255144804,0.0,0.23987417088684812,0.225,0.0,0.23999999999999996,3.0,129.92015860481695,0.035082020062715324,True,False,False
8.620000000000001,0.25144166182141797,0.4641165812745612,0.00021227820394392738,0.00017038188358882265,-0.20976330801930154,0.0,0.000484184288160402,0.4764416305371864,0.0,0.23987457146510524,0.225,0.0,0.23999999999999996,3.0,129.9201586658225,0.035073439969453654,True,False,False
8.625,0.2514406783265292,0.4640680350729961,0.0002125747966796193,0.0001685329853071708,-0.20976330801930154,0.0,0.000484184288160402,0.47644064724219237,0.0,0.2398749730729054,0.225,0.0,0.23999999999999996,3.0,129.92015872795895,0.03506496216196353,True,False,False
8.63,0.2514396937541894,0.4640200194924345,0.00021283492352354883,0.00016667766778285265,-0.20976330801930154,0.0,0.000484184288160402,0.4764396628696237,0.0,0.2398753757225508,0.225,0.0,0.23999999999999996,3.0,129.92015879119143,0.035056589613788415,True,False,False
8.635,0.25143870830530624,0.46397253619484946,0.0002130589248882383,0.00016481715331062078,-0.20976330801930154,0.0,0.000484184288160402,0.4764386776203884,0.0,0.2398757794249568,0.225,0.0,0.23999999999999996,3.0,129.92015885548474,0.03504832540678822,True,False,False
8.64,0.2514377221785616,0.4639255865008933,0.00021324714597218105,0.00016295259094047923,-0.20976330801930154,0.0,0.000484184288160402,0.4764376916931681,0.0,0.23987618418972315,0.225,0.0,0.23999999999999996,3.0,129.92015892080354,0.03504017267226948,True,False,False
8.645,0.2514367355704331,0.4638791714179928,0.00021339993703773258,0.00016108505413935082,-0.20976330801930154,0.0,0.000484184288160402,0.4764367052844394,0.0,0.23987659002521106,0.225,0.0,0.23999999999999996,3.0,129.9201589871121,0.03503213454701986,True,False,False
8.65,0.25143574867521495,0.46383329165117954,0.00021351765343597043,0.00015921554164131203,-0.209739018649567,0.0,0.00045280011089455683,0.4764357185884948,0.0,0.2398769969386247,0.225,0.0,0.23999999999999996,3.0,129.91973603489623,0.035061427338070175,True,False,False
8.655,0.2514347616916416,0.4637879478253272,0.0002135373267029289,0.00015734184615693372,-0.209739018649567,0.0,0.00045280011089455683,0.47643473180387186,0.0,0.23987740453670126,0.225,0.0,0.23999999999999996,3.0,129.91973610326693,0.0350525144996904,True,False,False
8.66,0.25143377481716583,0.4637431422730905,0.000213523060928091,0.00015545801214334883,-0.209739018649567,0.0,0.00045280011089455683,0.4764337451278321,0.0,0.23987781243256506,0.225,0.0,0.23999999999999996,3.0,129.91973617274743,0.035043794144507145,True,False,False
8.665000000000001,0.2514327882405471,0.46369887760597356,0.00021347518290032992,0.00015356612253451032,-0.209739018649567,0.0,0.00045280011089455683,0.47643275874914026,0.0,0.23987822064049616,0.225,0.0,0.23999999999999996,3.0,129.91973624328455,0.035035260605660375,True,False,False
8.67,0.2514318021479791,0.46365515582852557,0.00021339400608635,0.00015166827827434065,-0.209739018649567,0.0,0.00045280011089455683,0.47643177285399463,0.0,0.2398786291724857,0.225,0.0,0.23999999999999996,3.0,129.91973631482722,0.03502690975404842,True,False,False
8.675,0.25143081672316164,0.4636119783537505,0.00021327983953298434,0.00014976650022404547,-0.209739018649567,0.0,0.00045280011089455683,0.4764307876260978,0.0,0.2398790380382732,0.225,0.0,0.23999999999999996,3.0,129.91973638732551,0.035018738611435715,True,False,False
8.68,0.25142983214736514,0.4635693460366194,0.000213132993293215,0.0001478626749173667,-0.209739018649567,0.0,0.00045280011089455683,0.47642980324672246,0.0,0.2398794472454518,0.225,0.0,0.23999999999999996,3.0,129.9197364607306,0.03501074506772504,True,False,False
8.685,0.25142884859949144,0.4635272592115423,0.00021295378157469282,0.0001459585284230646,-0.209739018649567,0.0,0.00045280011089455683,0.47642881989477137,0.0,0.23987985679962978,0.225,0.0,0.23999999999999996,3.0,129.91973653499446,0.03500292767109119,True,False,False
8.69,0.2514278662561305,0.46348571774402475,0.0002127425244184004,0.00014405561779603002,-0.209739018649567,0.0,0.00045280011089455683,0.4764278377468346,0.0,0.23988026670458812,0.225,0.0,0.23999999999999996,3.0,129.91973661006995,0.034995285469622876,True,False,False
8.695,0.25142688529160895,0.46344472107607027,0.00021249954844747548,0.00014215533315901194,-0.209739018649567,0.0,0.00045280011089455683,0.4764268569772382,0.0,0.23988067696247345,0.225,0.0,0.23999999999999996,3.0,129.91973668591072,0.03498781788997451,True,False,False
8.700000000000001,0.25142590587803604,0.46340426827554626,0.00021222518704398042,0.00014025890586839837,-0.2097024956539464,0.0,0.0004259227173844222,0.47642587775808987,0.0,0.23988108757397542,0.225,0.0,0.23999999999999996,3.0,129.91936956475075,0.035037165318507035,True,False,False
8.705,0.2514249281923393,0.46336435939129045,0.00021186423665378725,0.0001383556551318637,-0.2097024956539464,0.0,0.0004259227173844222,0.4764249002661537,0.0,0.2398814981956232,0.225,0.0,0.23999999999999996,3.0,129.91936964229075,0.035028345297320136,True,False,False
8.71,0.25142395241049653,0.4633249970401858,0.00021147332653384619,0.0001364438095454959,-0.2097024956539464,0.0,0.0004259227173844222,0.4764239246772505,0.0,0.23988190849356322,0.225,0.0,0.23999999999999996,3.0,129.9193697208093,0.035019803018746506,True,False,False
8.715,0.2514229786993944,0.4632861833007583,0.00021105276725164306,0.00013452610423281717,-0.2097024956539464,0.0,0.0004259227173844222,0.4764229511582742,0.0,0.23988231847970898,0.225,0.0,0.23999999999999996,3.0,129.91936980023755,0.03501152592654451,True,False,False
8.72,0.251422007223172,0.4632479194540772,0.00021060284732258756,0.00013260528267194149,-0.2097024956539464,0.0,0.0004259227173844222,0.47642197987336943,0.0,0.23988272816299633,0.225,0.0,0.23999999999999996,3.0,129.91936988050983,0.03500350396267401,True,False,False
8.725,0.2514210381433308,0.46321020601802604,0.00021012384670348613,0.0001306839556223619,-0.2097024956539464,0.0,0.0004259227173844222,0.47642101098404216,0.0,0.23988313754944313,0.225,0.0,0.23999999999999996,3.0,129.91936996156304,0.03499572897511234,True,False,False
8.73,0.2514200716188377,0.46317304278475246,0.0002096160450302593,0.00012876452484360875,-0.2097024956539464,0.0,0.0004259227173844222,0.47642004464926213,0.0,0.239883546642317,0.225,0.0,0.23999999999999996,3.0,129.91937004333656,0.03498819428301529,True,False,False
8.735,0.25141910780621524,0.4631364288982839,0.00020907972641246843,0.00012684914813751973,-0.2097024956539464,0.0,0.0004259227173844222,0.47641908102555364,0.0,0.23988395544238839,0.225,0.0,0.23999999999999996,3.0,129.91937012577128,0.034980894352281834,True,False,False
8.74,0.2514181468596295,0.46310036291645224,0.00020851518200560844,0.00012493973006164226,-0.2097024956539464,0.0,0.0004259227173844222,0.4764181202670837,0.0,0.2398843639481609,0.225,0.0,0.23999999999999996,3.0,129.9193702088107,0.03497382454943575,True,False,False
8.745000000000001,0.25141718893096104,0.463064842890174,0.0002079227111779157,0.00012303792798525076,-0.2097024956539464,0.0,0.0004259227173844222,0.47641716252573246,0.0,0.2398847721561887,0.225,0.0,0.23999999999999996,3.0,129.9193702923992,0.03496698095198495,True,False,False
8.75,0.25141623416987496,0.4630298664278215,0.00020730262181170375,0.00012114516676063376,-0.20965544389810986,0.0,0.0004034934750779112,0.47641620795116424,0.0,0.23988518006129064,0.225,0.0,0.23999999999999996,3.0,129.9190587594017,0.035033740256780105,True,False,False
8.755,0.25141528273112956,0.46299543306375734,0.0002066075737565499,0.000119243267266821,-0.20965544389810986,0.0,0.0004034934750779112,0.4764152566980052,0.0,0.2398855873698324,0.225,0.0,0.23999999999999996,3.0,129.91905884433925,0.035025131737849664,True,False,False
8.76,0.2514143347688467,0.4629615456462103,0.00020588658904950493,0.00011733426115973698,-0.20965544389810986,0.0,0.0004034934750779112,0.4764143089202526,0.0,0.23988599380057163,0.225,0.0,0.23999999999999996,3.0,129.9190589301207,0.035016873863449455,True,False,False
8.765,0.25141339042782523,0.46292820574766097,0.00020513995640393426,0.00011542143435360924,-0.20965544389810986,0.0,0.0004034934750779112,0.4764133647627138,0.0,0.2398863993631457,0.225,0.0,0.23999999999999996,3.0,129.91905901666377,0.03500894802997534,True,False,False
8.77,0.251412449849989,0.46289541398953926,0.00020436793489993248,0.00011350807221414468,-0.20965544389810986,0.0,0.0004034934750779112,0.4764124243673197,0.0,0.23988680406364613,0.225,0.0,0.23999999999999996,3.0,129.9190591038907,0.035001338964354194,True,False,False
8.775,0.25141151317453747,0.46286317007258354,0.0002035707715938758,0.00011159728168816498,-0.20965544389810986,0.0,0.0004034934750779112,0.4764114878732749,0.0,0.23988720790465184,0.225,0.0,0.23999999999999996,3.0,129.91905919172788,0.03499403395484122,True,False,False
8.78,0.25141058053806964,0.46283147284975334,0.00020274871227701928,0.00010969189621665673,-0.20965544389810986,0.0,0.0004034934750779112,0.47641055541718236,0.0,0.23988761088552912,0.225,0.0,0.23999999999999996,3.0,129.91905928010416,0.034987022284956225,True,False,False
8.785,0.25140965207471233,0.4628003204023384,0.0002019020077440525,0.00010779443331787001,-0.20965544389810986,0.0,0.0004034934750779112,0.4764096271331715,0.0,0.23988801300267687,0.225,0.0,0.23999999999999996,3.0,129.9190593689523,0.03498029481016074,True,False,False
8.790000000000001,0.25140872791622393,0.4627697101389516,0.0002010309171625021,0.00010590708477450143,-0.20965544389810986,0.0,0.0004034934750779112,0.476408703153002,0.0,0.2398884142499067,0.225,0.0,0.23999999999999996,3.0,129.91905945820722,0.03497384363595358,True,False,False
8.795,0.25140780819209335,0.4627396388866986,0.0002001357096064847,0.00010403172619943959,-0.20965544389810986,0.0,0.0004034934750779112,0.4764077836061632,0.0,0.23988881461877792,0.225,0.0,0.23999999999999996,3.0,129.91905954780609,0.03496766186922811,True,False,False
8.8,0.25140689302962616,0.4627101029784556,0.00019921666446013462,0.00010216993737897521,-0.2095995694374085,0.0,0.0003853929979291899,0.4764068686199603,0.0,0.23988921409892347,0.225,0.0,0.23999999999999996,3.0,129.91880255623855,0.035049170774519835,True,False,False
8.805,0.2514059825613983,0.4626811014942673,0.00019823431190997575,0.00010029703865506456,-0.2095995694374085,0.0,0.0003853929979291899,0.47640595832686616,0.0,0.2398896124458224,0.225,0.0,0.23999999999999996,3.0,129.91880264685022,0.035040877138331254,True,False,False
8.81,0.25140507691964176,0.4626526374549352,0.0001972300274514586,9.841846162104603e-05,-0.2095995694374085,0.0,0.0003853929979291899,0.47640505285901763,0.0,0.23989000942967517,0.225,0.0,0.23999999999999996,3.0,129.91880273817026,0.03503299478087657,True,False,False
8.815,0.251404176227186,0.46262471196020105,0.00019620407306206918,9.653794249525299e-05,-0.2095995694374085,0.0,0.0003853929979291899,0.4764041523392537,0.0,0.23989040505795584,0.225,0.0,0.23999999999999996,3.0,129.91880283010545,0.03502549990668113,True,False,False
8.82,0.25140328060391515,0.46259732502644224,0.00019515667461279823,9.465920885898402e-05,-0.2095995694374085,0.0,0.0003853929979291899,0.4764032568874665,0.0,0.23989079933409335,0.225,0.0,0.23999999999999996,3.0,129.91880292256818,0.035018372754244326,True,False,False
8.825000000000001,0.2514023901669416,0.4625704756344075,0.00019408804311813203,9.278577115518624e-05,-0.2095995694374085,0.0,0.0003853929979291899,0.4764023666207745,0.0,0.23989119225758462,0.225,0.0,0.23999999999999996,3.0,129.91880301547596,0.035011596678147176,True,False,False
8.83,0.2514015050307634,0.4625441618022031,0.0001929983877252481,9.092081201146163e-05,-0.2095995694374085,0.0,0.0003853929979291899,0.47640148165368035,0.0,0.23989158382427309,0.225,0.0,0.23999999999999996,3.0,129.91880310875013,0.035005157472702574,True,False,False
8.835,0.2514006253074116,0.46251838068984114,0.00019188792328575177,8.906713771160341e-05,-0.2095995694374085,0.0,0.0003853929979291899,0.4764006020982182,0.0,0.23989197402669574,0.225,0.0,0.23999999999999996,3.0,129.9188032023165,0.03499904286547251,True,False,False
8.84,0.2513997511065745,0.46249312870778003,0.00019075687442724593,8.722716805624554e-05,-0.2095995694374085,0.0,0.0003853929979291899,0.4763997280640783,0.0,0.23989236285452764,0.225,0.0,0.23999999999999996,3.0,129.91880329610345,0.03499324213159037,True,False,False
8.845,0.2513988825357163,0.4624684016270897,0.00018960547740660716,8.540294896372205e-05,-0.2095995694374085,0.0,0.0003853929979291899,0.47639885965872564,0.0,0.23989275029496526,0.225,0.0,0.23999999999999996,3.0,129.91880339004254,0.03498774579543743,True,False,False
8.85,0.2513980197001766,0.46244419468729964,0.00018843398059601823,8.359617764334017e-05,-0.20953655307631408,0.0,0.00037144981237079454,0.47639799698750007,0.0,0.2398931363331282,0.225,0.0,0.23999999999999996,3.0,129.91859919571854,0.03508136593206504,True,False,False
8.855,0.25139716271065554,0.46242050657896305,0.00018721071477912366,8.177667632471643e-05,-0.20953655307631408,0.0,0.00037144981237079454,0.47639714016102463,0.0,0.2398935207722226,0.225,0.0,0.23999999999999996,3.0,129.91859929034925,0.03507347554742522,True,False,False
8.86,0.2513963116777726,0.4623973404274798,0.00018596944887629426,7.995286005151069e-05,-0.20953655307631408,0.0,0.00037144981237079454,0.4763962892898502,0.0,0.23989390343208272,0.225,0.0,0.23999999999999996,3.0,129.918599385554,0.03506604507465725,True,False,False
8.865,0.2513954667028089,0.46237469689618693,0.00018471041392797234,7.812881719110216e-05,-0.20953655307631408,0.0,0.00037144981237079454,0.4763954444752683,0.0,0.23989428431812349,0.225,0.0,0.23999999999999996,3.0,129.9185994812312,0.035059046380526836,True,False,False
8.870000000000001,0.25139462788407757,0.46235257546040137,0.00018343379944854888,7.630862024725659e-05,-0.20953655307631408,0.0,0.00037144981237079454,0.47639460581560045,0.0,0.23989466343134722,0.225,0.0,0.23999999999999996,3.0,129.9185995772858,0.03505245594163301,True,False,False
8.875,0.25139379531712,0.4623309744638952,0.00018213977785139042,7.449609278345404e-05,-0.20953655307631408,0.0,0.00037144981237079454,0.47639377340639466,0.0,0.2398950407684638,0.225,0.0,0.23999999999999996,3.0,129.9185996736285,0.03504625380577622,True,False,False
8.88,0.2513929690948857,0.46230989120536375,0.00018082851938498463,7.269468630781352e-05,-0.20953655307631408,0.0,0.00037144981237079454,0.4763929473406056,0.0,0.2398954163222165,0.225,0.0,0.23999999999999996,3.0,129.91859977017492,0.03504042282598266,True,False,False
8.885,0.2513921493078968,0.4622893220541058,0.00017950020084226326,7.090742694750636e-05,-0.20953655307631408,0.0,0.00037144981237079454,0.4763921277087586,0.0,0.2398957900817859,0.225,0.0,0.23999999999999996,3.0,129.91859986684517,0.035034948086384896,True,False,False
8.89,0.25139133604439085,0.46226926257600215,0.00017815501024354575,6.913690516886858e-05,-0.20953655307631408,0.0,0.00037144981237079454,0.4763913145990937,0.0,0.23989616203326788,0.225,0.0,0.23999999999999996,3.0,129.9185999635636,0.03502981646463725,True,False,False
8.895,0.2513905293904529,0.46224970765717516,0.000176793148965741,6.738529093690504e-05,-0.20953655307631408,0.0,0.00037144981237079454,0.47639050809769706,0.0,0.23989653216012535,0.225,0.0,0.23999999999999996,3.0,129.91860006025695,0.03502501629311876,True,False,False
8.9,0.25138972943013044,0.4622306516150752,0.00017541483229495215,6.565436288197141e-05,-0.20946802688025717,0.0,0.00036144872237342106,0.47638970828861643,0.0,0.2398969004436154,0.225,0.0,0.23999999999999996,3.0,129.91844632488107,0.03512817198467459,True,False,False
8.905,0.2513889362528296,0.4622120928058112,0.0001739960627066424,6.390943598979482e-05,-0.20946802688025717,0.0,0.00036144872237342106,0.4763889152612044,0.0,0.2398972667327518,0.225,0.0,0.23999999999999996,3.0,129.9184464219616,0.0351207586526147,True,False,False
8.91,0.2513881499481206,0.4621940344127731,0.00017256310560467692,6.216148688274143e-05,-0.20946802688025717,0.0,0.00036144872237342106,0.4763881291049859,0.0,0.23989763089461053,0.225,0.0,0.23999999999999996,3.0,129.9184465194853,0.035113842284012195,True,False,False
8.915000000000001,0.25138737059642297,0.462176476688611,0.00017111615753094634,6.04148615317925e-05,-0.20946802688025717,0.0,0.00036144872237342106,0.47638734990039083,0.0,0.23989799293268027,0.225,0.0,0.23999999999999996,3.0,129.91844661734427,0.03510739124737224,True,False,False
8.92,0.2513865982752109,0.4621594186296903,0.0001696553690641774,5.86738837116875e-05,-0.20946802688025717,0.0,0.00036144872237342106,0.4763865777249022,0.0,0.2398983528457594,0.225,0.0,0.23999999999999996,3.0,129.9184467154381,0.035101378972471044,True,False,False
8.925,0.2513858330592274,0.46214285803028127,0.00016818087197576292,5.6942603211086385e-05,-0.20946802688025717,0.0,0.00036144872237342106,0.47638581265326985,0.0,0.2398987106281068,0.225,0.0,0.23999999999999996,3.0,129.91844681367274,0.035095782818155855,True,False,False
8.93,0.2513850750206819,0.4621267915793678,0.0001666927958433734,5.5224663325218306e-05,-0.20946802688025717,0.0,0.00036144872237342106,0.4763850547577082,0.0,0.23989906626976923,0.225,0.0,0.23999999999999996,3.0,129.9184469119598,0.035090583236834005,True,False,False
8.935,0.251384324229426,0.46211121498746643,0.00016519127774181454,5.352324399738143e-05,-0.20946802688025717,0.0,0.00036144872237342106,0.47638430410807253,0.0,0.23989941975706286,0.225,0.0,0.23999999999999996,3.0,129.91844701021571,0.035085763147822156,True,False,False
8.94,0.2513835807531134,0.46209612312452947,0.0001636764674535794,5.184105156912001e-05,-0.20946802688025717,0.0,0.00036144872237342106,0.4763835607720189,0.0,0.23989977107306137,0.225,0.0,0.23999999999999996,3.0,129.91844710836145,0.03508130745939536,True,False,False
8.945,0.25138284465734123,0.4620815101476348,0.00016214852983497562,5.018033602761026e-05,-0.20946802688025717,0.0,0.00036144872237342106,0.4763828248151455,0.0,0.23990012019809506,0.225,0.0,0.23999999999999996,3.0,129.91844720632164,0.03507720269848424,True,False,False
8.950000000000001,0.2513821160057734,0.46206736963423517,0.0001606076454242319,4.854292334644043e-05,-0.20939555373058544,0.0,0.000355138771223229,0.47638209630111683,0.0,0.23990046711023,0.225,0.0,0.23999999999999996,3.0,129.91834109646592,0.0351874149180703,True,False,False
8.955,0.25138139486735817,0.4620536996604357,0.00015903732103672493,4.689058626178698e-05,-0.20939555373058544,0.0,0.000355138771223229,0.4763813752988478,0.0,0.23990081170186262,0.225,0.0,0.23999999999999996,3.0,129.91834119452665,0.03518053842597185,True,False,False
8.96,0.25138068131142194,0.46204050340673075,0.000157456465757166,4.523644292932348e-05,-0.20939555373058544,0.0,0.000355138771223229,0.4763806618776395,0.0,0.23990115388448963,0.225,0.0,0.23999999999999996,3.0,129.91834129290484,0.035174184917183667,True,False,False
8.965,0.2513799753984418,0.46202778075436324,0.00015586523872051646,4.358500710805027e-05,-0.20939555373058544,0.0,0.000355138771223229,0.47637995609797956,0.0,0.2399014936598151,0.225,0.0,0.23999999999999996,3.0,129.91834139148804,0.03516832007525051,True,False,False
8.97,0.25137927718601444,0.46201553027989856,0.0001542637495546415,4.1940764938673555e-05,-0.20939555373058544,0.0,0.000355138771223229,0.47637925801747316,0.0,0.23990183102466012,0.225,0.0,0.23999999999999996,3.0,129.91834149017274,0.03516291497678929,True,False,False
8.975,0.2513785867290814,0.462003749313437,0.00015265208785604552,4.030791003763315e-05,-0.20939555373058544,0.0,0.000355138771223229,0.47637856769106846,0.0,0.23990216597113984,0.225,0.0,0.23999999999999996,3.0,129.9183415888619,0.035157944891769315,True,False,False
8.98,0.25137790408013805,0.4619924340418227,0.00015103034123355684,3.869020450053102e-05,-0.20939555373058544,0.0,0.000355138771223229,0.4763778851712657,0.0,0.23990249848703288,0.225,0.0,0.23999999999999996,3.0,129.91834168746476,0.03515338839773573,True,False,False
8.985,0.2513772292894216,0.46198157964501996,0.00014939860583956056,3.709091971004842e-05,-0.20939555373058544,0.0,0.000355138771223229,0.47637721050830556,0.0,0.23990282855626488,0.225,0.0,0.23999999999999996,3.0,129.9183417858957,0.0351492267151133,True,False,False
8.99,0.25137656240508,0.46197118043647034,0.00014775699203468072,3.551282627015949e-05,-0.20939555373058544,0.0,0.000355138771223229,0.47637654375033806,0.0,0.2399031561594258,0.225,0.0,0.23999999999999996,3.0,129.91834188407407,0.03514544319996844,True,False,False
8.995000000000001,0.25137590347332006,0.4619612300066376,0.00014610562695945454,3.395821288279768e-05,-0.20939555373058544,0.0,0.000355138771223229,0.47637588494357114,0.0,0.23990348127432032,0.225,0.0,0.23999999999999996,3.0,129.91834198192325,0.03514202295080327,True,False,False
9.0,0.25137525253853976,0.46195172135395907,0.00014444465519163727,3.242892107216802e-05,-0.20932060994971696,0.0,0.00035224073945770316,0.476375234132403,0.0,0.23990380387645088,0.225,0.0,0.23999999999999996,3.0,129.91828026283966,0.03525693837506604,True,False,False
9.005,0.2513746096502744,0.46194265233046616,0.00014276490780299912,3.088410802666953e-05,-0.20932060994971696,0.0,0.00035224073945770316,0.47637459136635324,0.0,0.23990412389880222,0.225,0.0,0.23999999999999996,3.0,129.91828036052237,0.03525064513593326,True,False,False
9.01,0.2513739748586249,0.46193402606205597,0.00014107810589738647,2.93386216179169e-05,-0.20932060994971696,0.0,0.00035224073945770316,0.4763739566955143,0.0,0.23990444129411106,0.225,0.0,0.23999999999999996,3.0,129.91828045840262,0.0352448905270684,True,False,False
9.015,0.25137334820524593,0.46192584209617554,0.00013938436910077703,2.779705925873032e-05,-0.20932060994971696,0.0,0.00035224073945770316,0.47637333016155103,0.0,0.23990475606241735,0.225,0.0,0.23999999999999996,3.0,129.91828055636674,0.03523963832419769,True,False,False
9.02,0.251372729729008,0.46191809864787,0.00013768376477790741,2.626398623361149e-05,-0.20932060994971696,0.0,0.00035224073945770316,0.476372711803342,0.0,0.23990506819881463,0.225,0.0,0.23999999999999996,3.0,129.91828065430886,0.03523485791445462,True,False,False
9.025,0.2513721194662362,0.4619107926659606,0.00013597633946395548,2.4743662948294965e-05,-0.20932060994971696,0.0,0.00035224073945770316,0.47637210165721827,0.0,0.23990537769360262,0.225,0.0,0.23999999999999996,3.0,129.91828075213107,0.035230523053775775,True,False,False
9.03,0.25137151745092523,0.461903919939491,0.00013426213812385755,2.3239902173243093e-05,-0.20932060994971696,0.0,0.00035224073945770316,0.47637149975717896,0.0,0.2399056845326764,0.225,0.0,0.23999999999999996,3.0,129.91828084974162,0.035226610949085836,True,False,False
9.035,0.25137092371493297,0.46189747523812896,0.000132541215404981,2.17560086401378e-05,-0.20932060994971696,0.0,0.00035224073945770316,0.47637090613508504,0.0,0.23990598869803456,0.225,0.0,0.23999999999999996,3.0,129.9182809470546,0.03522310156926405,True,False,False
9.040000000000001,0.25137033828815586,0.4618914524596967,0.00013081364169818,2.029476929678092e-05,-0.20932060994971696,0.0,0.00035224073945770316,0.4763703208208347,0.0,0.23990629016832624,0.225,0.0,0.23999999999999996,3.0,129.9182810439888,0.03521997711910521,True,False,False
9.045,0.25136976119868365,0.46188584477299177,0.00012907950589493737,1.885847337267358e-05,-0.20932060994971696,0.0,0.00035224073945770316,0.4763697438425183,0.0,0.23990658891938582,0.225,0.0,0.23999999999999996,3.0,129.91828114046814,0.035217221631357626,True,False,False
9.05,0.2513691924729334,0.4618806447606274,0.0001273389160968932,1.744894873384104e-05,-0.2092445709668463,0.0,0.0003524541457599217,0.47636917522655275,0.0,0.23990688492477596,0.225,0.0,0.23999999999999996,3.0,129.91826026428734,0.03533463682249498,True,False,False
9.055,0.2513686321422522,0.4618758500974645,0.00012558986935801766,1.6023614899690226e-05,-0.2092445709668463,0.0,0.0003524541457599217,0.47636861500428407,0.0,0.23990717815496543,0.225,0.0,0.23999999999999996,3.0,129.9182603603542,0.03532896058476031,True,False,False
9.06,0.25136808023871143,0.4618714638129047,0.00012383705849432306,1.4598651446963036e-05,-0.2092445709668463,0.0,0.0003524541457599217,0.4763680632077897,0.0,0.23990746860046763,0.225,0.0,0.23999999999999996,3.0,129.91826045650632,0.03532382899905451,True,False,False
9.065,0.2513675367864227,0.46186748515155857,0.000122080562872986,1.3178661766762308e-05,-0.2092445709668463,0.0,0.0003524541457599217,0.4763675198611904,0.0,0.23990775625982177,0.225,0.0,0.23999999999999996,3.0,129.91826055262965,0.035319204665898024,True,False,False
9.07,0.2513670018068453,0.4618639120304096,0.00012032040753761203,1.1768213511341663e-05,-0.2092445709668463,0.0,0.0003524541457599217,0.47636698498595265,0.0,0.23990804112660735,0.225,0.0,0.23999999999999996,3.0,129.91826064861908,0.03531505590941306,True,False,False
9.075000000000001,0.2513664753190272,0.46186074109559316,0.00011855659630188979,1.0371562895577846e-05,-0.2092445709668463,0.0,0.0003524541457599217,0.4763664586011299,0.0,0.23990832318961836,0.225,0.0,0.23999999999999996,3.0,129.91826074437708,0.03531135551481164,True,False,False
9.08,0.2513659573398224,0.46185796783759037,0.00011678913205812883,8.992510711058999e-06,-0.2092445709668463,0.0,0.0003524541457599217,0.47636594072357974,0.0,0.23990860243327178,0.225,0.0,0.23999999999999996,3.0,129.91826083981198,0.03530807979554838,True,False,False
9.085,0.25136544788409154,0.46185558673327237,0.00011501802866815113,7.634341746425756e-06,-0.2092445709668463,0.0,0.0003524541457599217,0.4763654313681652,0.0,0.23990887883808623,0.225,0.0,0.23999999999999996,3.0,129.91826093483883,0.03530520789274544,True,False,False
9.09,0.2513649469648781,0.4618535913911196,0.00011324331739008394,6.2998154817562615e-06,-0.2092445709668463,0.0,0.0003524541457599217,0.476364930547931,0.0,0.23990915238125934,0.225,0.0,0.23999999999999996,3.0,129.91826102937762,0.03530272124013973,True,False,False
9.095,0.25136445459356427,0.46185197470276923,0.00011146504982292841,4.991186925755209e-06,-0.2092445709668463,0.0,0.0003524541457599217,0.4763644382742591,0.0,0.23990942303722274,0.225,0.0,0.23999999999999996,3.0,129.91826112335283,0.0353006031489734,True,False,False
9.1,0.2513639707800087,0.46185072898273777,0.0001096832986898198,3.7102438939562633e-06,-0.20916869994572265,0.0,0.0003554637350060399,0.4763639545570079,0.0,0.23990969077816118,0.225,0.0,0.23999999999999996,3.0,129.91827731143138,0.035418483981857644,True,False,False
9.105,0.2513634955387386,0.46184985177819304,0.00010790314193717003,2.4134886066454647e-06,-0.20916869994572265,0.0,0.0003554637350060399,0.4763634794107152,0.0,0.23990995560870315,0.225,0.0,0.23999999999999996,3.0,129.91827740477171,0.03541344660122213,True,False,False
9.11,0.2513630288851361,0.4618493459795258,0.00010612235320301033,1.1180529017821694e-06,-0.20916869994572265,0.0,0.0003554637350060399,0.4763630128507813,0.0,0.2399102175534784,0.225,0.0,0.23999999999999996,3.0,129.91827749809335,0.035408951086619206,True,False,False
9.115,0.25136257082718055,0.461849210570741,0.00010434097391378255,1.7152446489024072e-07,-0.20916869994572265,0.0,0.0003554637350060399,0.4763625548851935,0.0,0.23991047660968262,0.225,0.0,0.23999999999999996,3.0,129.91827759128387,0.03540495954461412,True,False,False
9.120000000000001,0.251362121370356,0.46184944322101407,0.0001025589898028542,1.4507432131069374e-06,-0.20916869994572265,0.0,0.0003554637350060399,0.47636210551944214,0.0,0.2399107327696254,0.225,0.0,0.23999999999999996,3.0,129.91827768423963,0.03540143981967511,True,False,False
9.125,0.2513616805178932,0.46185004035415317,0.00010077636548075253,2.715415702278878e-06,-0.20916869994572265,0.0,0.0003554637350060399,0.4763616647567622,0.0,0.23991098602089844,0.225,0.0,0.23999999999999996,3.0,129.91827777686518,0.03539836423288327,True,False,False
9.13,0.2513612482709861,0.46185099725753254,9.899306571191732e-05,3.961809834845029e-06,-0.20916869994572265,0.0,0.0003554637350060399,0.4763612325983507,0.0,0.23991123634678854,0.225,0.0,0.23999999999999996,3.0,129.9182778690711,0.03539570864969476,True,False,False
9.135,0.2513608246289909,0.4618523082202376,9.720906792980657e-05,5.186708871196755e-06,-0.20916869994572265,0.0,0.0003554637350060399,0.47636080904356526,0.0,0.2399114837267764,0.225,0.0,0.23999999999999996,3.0,129.91827796077405,0.035393451779593965,True,False,False
9.14,0.2513604095896044,0.4618539666870021,9.542436905862563e-05,6.387420194798395e-06,-0.20916869994572265,0.0,0.0003554637350060399,0.476360394090103,0.0,0.23991172813709044,0.225,0.0,0.23999999999999996,3.0,129.91827805189598,0.035391574641037794,True,False,False
9.145,0.2513600031490178,0.461855965401893,9.363898870364966e-05,7.561754093431922e-06,-0.20916869994572265,0.0,0.0003554637350060399,0.47635998773415456,0.0,0.23991196955126604,0.225,0.0,0.23999999999999996,3.0,129.91827814236362,0.03539006014620167,True,False,False
9.15,0.25135960530205603,0.4618582965519996,9.185297008621034e-05,8.707986212676326e-06,-0.20909413925479342,0.0,0.0003609454478001562,0.47635958997054345,0.0,0.23991220794065815,0.225,0.0,0.23999999999999996,3.0,129.91832746166406,0.03550655666816055,True,False,False
9.155,0.2513592160479053,0.4618609576023354,9.007854596230224e-05,9.86977567969979e-06,-0.20909413925479342,0.0,0.0003609454478001562,0.4763592007984766,0.0,0.23991244334056727,0.225,0.0,0.23999999999999996,3.0,129.9183275512987,0.03550216893574077,True,False,False
9.16,0.2513588353867096,0.46186395126889257,8.83065648816499e-05,1.1029395310035275e-05,-0.20909413925479342,0.0,0.0003609454478001562,0.4763588202181258,0.0,0.23991267580596073,0.225,0.0,0.23999999999999996,3.0,129.91832764081968,0.035498312344660055,True,False,False
9.165000000000001,0.25135846331182543,0.4618672763086524,8.653704123669912e-05,1.2182434101419605e-05,-0.20909413925479342,0.0,0.0003609454478001562,0.4763584482228541,0.0,0.2399129053328428,0.225,0.0,0.23999999999999996,3.0,129.91832773011788,0.03549494913204984,True,False,False
9.17,0.2513580998142916,0.4618709302050769,8.47699335420478e-05,1.3324521427114563e-05,-0.20909413925479342,0.0,0.0003609454478001562,0.47635808480370534,0.0,0.23991313191247915,0.225,0.0,0.23999999999999996,3.0,129.9183278190929,0.03549204719830862,True,False,False
9.175,0.25135774488306833,0.46187490922972274,8.300518051623452e-05,1.4451595625974047e-05,-0.20909413925479342,0.0,0.0003609454478001562,0.47635772994964326,0.0,0.23991335553156243,0.225,0.0,0.23999999999999996,3.0,129.91832790765187,0.03548957886616458,True,False,False
9.18,0.25135739850525224,0.4618792085512109,8.124272344232703e-05,1.5560043743986386e-05,-0.20909413925479342,0.0,0.0003609454478001562,0.47635738364776603,0.0,0.23991357617260645,0.225,0.0,0.23999999999999996,3.0,129.9183279957088,0.03548751996321771,True,False,False
9.185,0.2513570606662711,0.46188382237971193,7.948251948149849e-05,1.6646759743316547e-05,-0.20909413925479342,0.0,0.0003609454478001562,0.47635704588350225,0.0,0.23991379381444433,0.225,0.0,0.23999999999999996,3.0,129.91832808318335,0.03548584913248811,True,False,False
9.19,0.2513567313500573,0.46188874410196357,7.772454910922135e-05,1.7709152643679742e-05,-0.20909413925479342,0.0,0.0003609454478001562,0.4763567166407837,0.0,0.23991400843278274,0.225,0.0,0.23999999999999996,3.0,129.91832817000056,0.03548454730552108,True,False,False
9.195,0.251356410539203,0.46189396643917124,7.596881981057212e-05,1.8745125281353967e-05,-0.20909413925479342,0.0,0.0003609454478001562,0.4763563959022012,0.0,0.23991422000073648,0.225,0.0,0.23999999999999996,3.0,129.9183282560902,0.03548359729334242,True,False,False
9.200000000000001,0.2513560982150937,0.46189948157807587,7.421536746503618e-05,1.9753037092209023e-05,-0.20902190462615533,0.0,0.0003685718709744022,0.47635608364913784,0.0,0.23991442848934233,0.225,0.0,0.23999999999999996,3.0,129.91840668953705,0.03559705425994401,True,False,False
9.205,0.251355794363132,0.461905286942972,7.248397510708335e-05,2.0776022237752613e-05,-0.20902190462615533,0.0,0.0003685718709744022,0.47635577986702526,0.0,0.23991463396099882,0.225,0.0,0.23999999999999996,3.0,129.91840677462125,0.0355933167814255,True,False,False
9.21,0.2513554989697574,0.4619113850486484,7.075833922176141e-05,2.179608937700984e-05,-0.20902190462615533,0.0,0.0003685718709744022,0.4763554845423379,0.0,0.23991483649716028,0.225,0.0,0.23999999999999996,3.0,129.91840685950638,0.03559009268442363,True,False,False
9.215,0.2513552120152765,0.4619177744640402,6.903848612969393e-05,2.2809010611916034e-05,-0.20902190462615533,0.0,0.0003685718709744022,0.4763551976553878,0.0,0.23991503609281023,0.225,0.0,0.23999999999999996,3.0,129.91840694408793,0.03558734490045351,True,False,False
9.22,0.2513549334778756,0.4619244525362015,6.732439006429762e-05,2.3810599530522677e-05,-0.20902190462615533,0.0,0.0003685718709744022,0.4763549191843649,0.0,0.23991523273838727,0.225,0.0,0.23999999999999996,3.0,129.91840702826983,0.03558504187017585,True,False,False
9.225,0.251354663333851,0.4619314154535287,6.56160114562343e-05,2.4796970645030624e-05,-0.20902190462615533,0.0,0.0003685718709744022,0.4763546491055678,0.0,0.23991542641995836,0.225,0.0,0.23999999999999996,3.0,129.91840711196363,0.03558315633984886,True,False,False
9.23,0.25135440155781724,0.461938658350015,6.39133211771203e-05,2.5764674134499816e-05,-0.20902190462615533,0.0,0.0003685718709744022,0.4763543873936119,0.0,0.23991561711959908,0.225,0.0,0.23999999999999996,3.0,129.9184071950871,0.03558166447127218,True,False,False
9.235,0.2513541481228978,0.46194617544185373,6.221631556759494e-05,2.6710751709667034e-05,-0.20902190462615533,0.0,0.0003685718709744022,0.47635413402162025,0.0,0.23991580481587538,0.225,0.0,0.23999999999999996,3.0,129.91840727756397,0.03558054517273325,True,False,False
9.24,0.2513539030008933,0.4619539601711385,6.052502553973662e-05,2.7632744064534144e-05,-0.20902190462615533,0.0,0.0003685718709744022,0.47635388896139186,0.0,0.23991598948437598,0.225,0.0,0.23999999999999996,3.0,129.91840735932325,0.035579779587555115,True,False,False
9.245000000000001,0.25135366616242966,0.46196200534166487,5.8839521989878395e-05,2.8528669939316162e-05,-0.20902190462615533,0.0,0.0003685718709744022,0.47635365218355064,0.0,0.2399161710982357,0.225,0.0,0.23999999999999996,3.0,129.91840744029838,0.03557935069692193,True,False,False
9.25,0.25135343757708994,0.4619703032555124,5.715991904062651e-05,2.939698977004644e-05,-0.20895288182295033,0.0,0.00037801717066051596,0.4763534236576765,0.0,0.23991634962863764,0.225,0.0,0.23999999999999996,3.0,129.91851095107089,0.03568831406984942,True,False,False
9.255,0.2513532172181005,0.4619788513381979,5.551461959874928e-05,3.027969971160196e-05,-0.20895288182295033,0.0,0.00037801717066051596,0.47635320335703096,0.0,0.23991652516146872,0.225,0.0,0.23999999999999996,3.0,129.918511030895,0.03568521818933621,True,False,False
9.26,0.2513530050597783,0.4619876518786759,5.3879547181252853e-05,3.1158847263883376e-05,-0.20895288182295033,0.0,0.00037801717066051596,0.47635299125597164,0.0,0.23991669780083166,0.225,0.0,0.23999999999999996,3.0,129.91851111044465,0.035682611817413556,True,False,False
9.265,0.2513528010709932,0.4619967032926109,5.2254886164881734e-05,3.203043509486856e-05,-0.20895288182295033,0.0,0.00037801717066051596,0.4763527873233725,0.0,0.23991686754084435,0.225,0.0,0.23999999999999996,3.0,129.91851118962094,0.03568045908042161,True,False,False
9.27,0.25135260521870284,0.46200600284361193,5.064079112895207e-05,3.2890507735302985e-05,-0.20895288182295033,0.0,0.00037801717066051596,0.4763525915261936,0.0,0.23991703437134188,0.225,0.0,0.23999999999999996,3.0,129.9185112683332,0.03567872938999428,True,False,False
9.275,0.25135241746817355,0.46201554669779216,4.9037430957923365e-05,3.373539875884658e-05,-0.20895288182295033,0.0,0.00037801717066051596,0.47635240382970245,0.0,0.23991719827802566,0.225,0.0,0.23999999999999996,3.0,129.91851134649806,0.03567739629178462,True,False,False
9.28,0.25135223778318094,0.46202533002881646,4.744501912826885e-05,3.4561858935635796e-05,-0.20895288182295033,0.0,0.00037801717066051596,0.4763522241976745,0.0,0.23991735924283591,0.225,0.0,0.23999999999999996,3.0,129.91851142403837,0.03567643661383713,True,False,False
9.285,0.2513520661261912,0.46203534714897576,4.586383530192132e-05,3.5367109118911405e-05,-0.20895288182295033,0.0,0.00037801717066051596,0.47635205259257435,0.0,0.23991751724440935,0.225,0.0,0.23999999999999996,3.0,129.91851150088263,0.03567582982624453,True,False,False
9.290000000000001,0.2513519024585211,0.46204559163946146,4.429424181178679e-05,3.6148846957396706e-05,-0.20895288182295033,0.0,0.00037801717066051596,0.47635188897571645,0.0,0.2399176722585971,0.225,0.0,0.23999999999999996,3.0,129.9185115769644,0.0356755575515025,True,False,False
9.295,0.2513517467404822,0.4620560564893055,4.273669758744736e-05,3.690522655319314e-05,-0.20895288182295033,0.0,0.00037801717066051596,0.47635173330740943,0.0,0.23991782425895058,0.225,0.0,0.23999999999999996,3.0,129.91851165222178,0.035675603184162456,True,False,False
9.3,0.2513515989315042,0.4620667342208951,4.119177138640821e-05,3.763482345185549e-05,-0.2088878256144082,0.0,0.0003889615104594007,0.4763515855470791,0.0,0.23991797321721542,0.225,0.0,0.23999999999999996,3.0,129.9186362419508,0.03577882290883936,True,False,False
9.305,0.25135145899426603,0.4620776222970163,3.969910564490415e-05,3.837795819273759e-05,-0.2088878256144082,0.0,0.0003889615104594007,0.47635144565744436,0.0,0.23991811923918283,0.225,0.0,0.23999999999999996,3.0,129.91863631593895,0.03577635166938247,True,False,False
9.31,0.2513513268925679,0.46208872276062746,3.8225661096550754e-05,3.9116990136167666e-05,-0.2088878256144082,0.0,0.0003889615104594007,0.4763513136023504,0.0,0.23991826244780834,0.225,0.0,0.23999999999999996,3.0,129.91863638958728,0.03577434087805306,True,False,False
9.315,0.2513512025854648,0.462100033912501,3.67724101150124e-05,3.984819210534592e-05,-0.2088878256144082,0.0,0.0003889615104594007,0.4763511893408549,0.0,0.23991840283651847,0.225,0.0,0.23999999999999996,3.0,129.91863646280342,0.0357727562916169,True,False,False
9.32,0.251351086030318,0.46211155297670614,3.534041533603298e-05,4.056787849103552e-05,-0.2088878256144082,0.0,0.0003889615104594007,0.4763510728303204,0.0,0.23991854039472985,0.225,0.0,0.23999999999999996,3.0,129.91863653550348,0.03577156866843408,True,False,False
9.325000000000001,0.25135097718300037,0.4621232761567507,3.393089852609268e-05,4.1272637541850334e-05,-0.2088878256144082,0.0,0.0003889615104594007,0.47635096402661986,0.0,0.23991867510803483,0.225,0.0,0.23999999999999996,3.0,129.91863660760944,0.03577075268216398,True,False,False
9.33,0.25135087599808936,0.46213519873430703,3.254529892834739e-05,4.1959451585914275e-05,-0.2088878256144082,0.0,0.0003889615104594007,0.4763508628843293,0.0,0.2399188069585102,0.225,0.0,0.23999999999999996,3.0,129.91863667905022,0.035770286117989,True,False,False
9.335,0.25135078242903564,0.4621473151884352,3.118532701040077e-05,4.262574640917128e-05,-0.2088878256144082,0.0,0.0003889615104594007,0.47635076935689724,0.0,0.23991893592517813,0.225,0.0,0.23999999999999996,3.0,129.91863674975968,0.0357701492680831,True,False,False
9.34,0.2513506964283159,0.4621596193250433,2.985301792952301e-05,4.3269397194726296e-05,-0.2088878256144082,0.0,0.0003889615104594007,0.4763506833967973,0.0,0.23991906198448043,0.225,0.0,0.23999999999999996,3.0,129.9186368196766,0.03577032446921873,True,False,False
9.345,0.251350617947567,0.46217210440712025,2.8550787844202684e-05,4.3888709030708546e-05,-0.2088878256144082,0.0,0.0003889615104594007,0.47635060495566245,0.0,0.23991918511075266,0.225,0.0,0.23999999999999996,3.0,129.91863688874392,0.03577079574348619,True,False,False
9.35,0.2513505469377042,0.4621847632636585,2.728149520729327e-05,4.448238365025344e-05,-0.20882736084297338,0.0,0.00040109495862854883,0.47635053398440336,0.0,0.23991930527666386,0.225,0.0,0.23999999999999996,3.0,129.91877864959795,0.0358672251463066,True,False,False
9.355,0.2513504833524834,0.462197593426394,2.610216996071786e-05,4.5088604608366925e-05,-0.20882736084297338,0.0,0.00040109495862854883,0.4763504704368192,0.0,0.23991942260439061,0.225,0.0,0.23999999999999996,3.0,129.91877871730549,0.035865354277251314,True,False,False
9.36,0.2513504271467902,0.46221059668364983,2.4969726017344453e-05,4.5690285015797155e-05,-0.20882736084297338,0.0,0.00040109495862854883,0.47635041426784414,0.0,0.23991953723206727,0.225,0.0,0.23999999999999996,3.0,129.91877878461784,0.03586391052373475,True,False,False
9.365,0.25135037827147405,0.4622237712561297,2.388856606182199e-05,4.628399970684056e-05,-0.20882736084297338,0.0,0.00040109495862854883,0.47635036542832876,0.0,0.23991964915257363,0.225,0.0,0.23999999999999996,3.0,129.91877885145013,0.035862861643355316,True,False,False
9.370000000000001,0.2513503366759115,0.46223711436947523,2.2863585813090997e-05,4.6866364183146024e-05,-0.20882736084297338,0.0,0.00040109495862854883,0.4763503238676499,0.0,0.23991975835511137,0.225,0.0,0.23999999999999996,3.0,129.91877891772546,0.03586218006160267,True,False,False
9.375,0.25135030230819905,0.4622506223159197,2.190023995970394e-05,4.743424985092262e-05,-0.20882736084297338,0.0,0.00040109495862854883,0.4763502895339029,0.0,0.23991986482536595,0.225,0.0,0.23999999999999996,3.0,129.9187789833728,0.035861841861088484,True,False,False
9.38,0.25135027511533076,0.4622642905435283,2.1004560181064557e-05,4.798489521196102e-05,-0.20882736084297338,0.0,0.00040109495862854883,0.47635026237407985,0.0,0.23991996854581565,0.225,0.0,0.23999999999999996,3.0,129.91877904832702,0.03586182603344726,True,False,False
9.385,0.25135025504335706,0.46227811376671757,2.0183114606085926e-05,4.851595130543811e-05,-0.20882736084297338,0.0,0.00040109495862854883,0.47635024233422807,0.0,0.2399200694961393,0.225,0.0,0.23999999999999996,3.0,129.91877911252791,0.03586211391651945,True,False,False
9.39,0.2513502420375263,0.4622920860862168,1.9442894061398867e-05,4.9025486855142544e-05,-0.20882736084297338,0.0,0.00040109495862854883,0.47635022935959204,0.0,0.2399201676536714,0.225,0.0,0.23999999999999996,3.0,129.9187791759199,0.03586268876373755,True,False,False
9.395,0.25135023604241014,0.462306201109012,1.8791110004962066e-05,4.951196984576577e-05,-0.20882736084297338,0.0,0.00040109495862854883,0.47635022339473887,0.0,0.23992026299382885,0.225,0.0,0.23999999999999996,3.0,129.9187792384515,0.03586353540944054,True,False,False
9.4,0.25135023700201237,0.46232045205486727,1.8234894394970888e-05,4.997423635771938e-05,-0.20877198535852076,0.0,0.00041412088773174366,0.47635022438366725,0.0,0.2399203554905356,0.225,0.0,0.23999999999999996,3.0,129.91893439908236,0.03595232756813906,True,False,False
9.405,0.2513502448627614,0.46233483655255475,1.784627338705266e-05,5.0447947415419236e-05,-0.20877198535852076,0.0,0.00041412088773174366,0.47635023227285167,0.0,0.23992044527894446,0.225,0.0,0.23999999999999996,3.0,129.91893446019074,0.03595102648783584,True,False,False
9.41,0.2513502595722077,0.4623493561283657,1.756846614950911e-05,5.091678007112217e-05,-0.20877198535852076,0.0,0.00041412088773174366,0.4763502470098926,0.0,0.23992053250882195,0.225,0.0,0.23999999999999996,3.0,129.9189345208588,0.03595011581122925,True,False,False
9.415000000000001,0.25135028107456675,0.462364008948666,1.7403588423744896e-05,5.137763554020337e-05,-0.20877198535852076,0.0,0.00041412088773174366,0.47635026853900597,0.0,0.23992061717265295,0.225,0.0,0.23999999999999996,3.0,129.91893458100992,0.035949565602615884,True,False,False
9.42,0.25135030931280283,0.46237879228685436,1.735168692003649e-05,5.182745427034461e-05,-0.20877198535852076,0.0,0.00041412088773174366,0.4763502968031552,0.0,0.23992069925960424,0.225,0.0,0.23999999999999996,3.0,129.9189346405743,0.03594935022013627,True,False,False
9.425,0.25135034422880836,0.46239370256922746,1.7410695527614047e-05,5.226341241905905e-05,-0.20877198535852076,0.0,0.00041412088773174366,0.4763503317442308,0.0,0.2399207787556552,0.225,0.0,0.23999999999999996,3.0,129.91893469948826,0.03594944738896607,True,False,False
9.43,0.2513503857635633,0.4624087354586747,1.757656247759536e-05,5.2683023152761206e-05,-0.20877198535852076,0.0,0.00041412088773174366,0.47635037330320984,0.0,0.23992085564390123,0.225,0.0,0.23999999999999996,3.0,129.91893475769348,0.03594983751515705,True,False,False
9.435,0.2513504338572843,0.46242388596121586,1.7843538398304372e-05,5.3084177822635694e-05,-0.20877198535852076,0.0,0.00041412088773174366,0.4763504214203054,0.0,0.23992092990492775,0.225,0.0,0.23999999999999996,3.0,129.91893481513566,0.035950503169260066,True,False,False
9.44,0.25135048844955343,0.4624391485348845,1.82045792707784e-05,5.346515031425954e-05,-0.20877198535852076,0.0,0.00041412088773174366,0.47635047603509484,0.0,0.23992100151720658,0.225,0.0,0.23999999999999996,3.0,129.9189348717655,0.03595142869112287,True,False,False
9.445,0.25135054947943136,0.4624545171922867,1.8651799502186916e-05,5.382457987426238e-05,-0.20877198535852076,0.0,0.00041412088773174366,0.47635053708663405,0.0,0.2399210704575106,0.225,0.0,0.23999999999999996,3.0,129.91893492753718,0.0359525998826291,True,False,False
9.450000000000001,0.2513506168855594,0.4624699856086574,1.9176911680432144e-05,5.416144232152418e-05,-0.20872207458954878,0.0,0.00042775887442100666,0.4763506045135586,0.0,0.23992113670128526,0.225,0.0,0.23999999999999996,3.0,129.9190998929158,0.03603310133061295,True,False,False
9.455,0.2513506906085888,0.4624855515319422,1.981578969305644e-05,5.450856491403624e-05,-0.20872207458954878,0.0,0.00042775887442100666,0.4763506782565676,0.0,0.2399212003933981,0.225,0.0,0.23999999999999996,3.0,129.91909994722764,0.03603233415192841,True,False,False
9.46,0.25135077059026417,0.46250121622655416,2.0512572183456712e-05,5.485056709679308e-05,-0.20872207458954878,0.0,0.00042775887442100666,0.47635075825745665,0.0,0.23992126169189087,0.225,0.0,0.23999999999999996,3.0,129.91910000106378,0.036031918145176124,True,False,False
9.465,0.25135085676968305,0.462516977836935,2.1259029174895048e-05,5.5184693690541565e-05,-0.20872207458954878,0.0,0.00042775887442100666,0.47635084445532305,0.0,0.23992132058900045,0.225,0.0,0.23999999999999996,3.0,129.919100054356,0.03603182592422475,True,False,False
9.47,0.25135094908491235,0.46253283371658144,2.204771911917352e-05,5.5508226850285435e-05,-0.20872207458954878,0.0,0.00042775887442100666,0.47635093678823187,0.0,0.23992137707400968,0.225,0.0,0.23999999999999996,3.0,129.91910010704254,0.03603203399174471,True,False,False
9.475,0.2513510474731491,0.46254878046285497,2.2872038757642624e-05,5.581866251553515e-05,-0.20872207458954878,0.0,0.00042775887442100666,0.4763510351933774,0.0,0.2399214311333782,0.225,0.0,0.23999999999999996,3.0,129.91910015906714,0.03603252190275479,True,False,False
9.48,0.25135115187086615,0.4625648140014275,2.372620524641073e-05,5.61138011839104e-05,-0.20872207458954878,0.0,0.00042775887442100666,0.4763511396072292,0.0,0.2399214827510103,0.225,0.0,0.23999999999999996,3.0,129.9191002103782,0.03603327164515586,True,False,False
9.485,0.2513512622139451,0.46258092967464937,2.4605199518591517e-05,5.639178458598211e-05,-0.20872207458954878,0.0,0.00042775887442100666,0.47635124996566464,0.0,0.23992153190858737,0.225,0.0,0.23999999999999996,3.0,129.91910026092856,0.03603426717338927,True,False,False
9.49,0.2513513784377928,0.462597122344083,2.5504690880331262e-05,5.665109924408676e-05,-0.20872207458954878,0.0,0.00042775887442100666,0.4763513662040856,0.0,0.2399215785859446,0.225,0.0,0.23999999999999996,3.0,129.91910031067476,0.03603549405140644,True,False,False
9.495000000000001,0.2513515004774447,0.4626133864851371,2.6420955695932024e-05,5.689056069563105e-05,-0.20872207458954878,0.0,0.00042775887442100666,0.47635148825752227,0.0,0.2399216227614278,0.225,0.0,0.23999999999999996,3.0,129.91910035957702,0.0360369391749918,True,False,False
9.5,0.25135162826765506,0.46262971627459076,2.7350797822144647e-05,5.710928730035607e-05,-0.20867788752041727,0.0,0.0004417471070448776,0.47635161606072307,0.0,0.2399216644122385,0.225,0.0,0.23999999999999996,3.0,129.9192717447475,0.036108681301221836,True,False,False
9.505,0.2513517617447806,0.462646109603665,2.8311241683221383e-05,5.733703314916569e-05,-0.20867788752041727,0.0,0.0004417471070448776,0.4763517495500932,0.0,0.23992170368987104,0.225,0.0,0.23999999999999996,3.0,129.9192717921783,0.036108407826776844,True,False,False
9.51,0.25135190084622744,0.46266256747551865,2.927777255421041e-05,5.755950722495572e-05,-0.20867788752041727,0.0,0.0004417471070448776,0.47635188866309064,0.0,0.2399217407574909,0.225,0.0,0.23999999999999996,3.0,129.91927183910744,0.03610844458880741,True,False,False
9.515,0.2513520455074193,0.46267908804232677,3.024815643173427e-05,5.7774308450154124e-05,-0.20867788752041727,0.0,0.0004417471070448776,0.47635203333513765,0.0,0.23992177560721728,0.225,0.0,0.23999999999999996,3.0,129.91927188547552,0.0361087669329745,True,False,False
9.52,0.25135219566296346,0.4626956687641078,3.122048358039777e-05,5.7979070792621055e-05,-0.20867788752041727,0.0,0.0004417471070448776,0.4763521835008392,0.0,0.2399218082285972,0.225,0.0,0.23999999999999996,3.0,129.91927193122896,0.036109353666633204,True,False,False
9.525,0.25135235124679334,0.4627123064458713,3.219313209418436e-05,5.817161883733783e-05,-0.20867788752041727,0.0,0.0004417471070448776,0.47635233909412555,0.0,0.23992183860871852,0.225,0.0,0.23999999999999996,3.0,129.91927197631904,0.036110186317183726,True,False,False
9.53,0.2513525121922987,0.46272899731020317,3.316472987022428e-05,5.835004761682023e-05,-0.20867788752041727,0.0,0.0004417471070448776,0.4763525000483826,0.0,0.23992186673245802,0.225,0.0,0.23999999999999996,3.0,129.9192720207014,0.03611124858261584,True,False,False
9.535,0.2513526784324421,0.4627457370737743,3.413411849832728e-05,5.851275463861338e-05,-0.20867788752041727,0.0,0.0004417471070448776,0.4763526662965683,0.0,0.23992189258277094,0.225,0.0,0.23999999999999996,3.0,129.91927206433547,0.03611252591771529,True,False,False
9.540000000000001,0.2513528498998643,0.4627625210411598,3.5100320679996825e-05,5.865844267118595e-05,-0.20867788752041727,0.0,0.0004417471070448776,0.4763528377713183,0.0,0.23992191614102112,0.225,0.0,0.23999999999999996,3.0,129.91927210718424,0.0361140052171417,True,False,False
9.545,0.2513530265269743,0.46277934418446254,3.606251172210012e-05,5.878610547570363e-05,-0.20867788752041727,0.0,0.0004417471070448776,0.47635301440503625,0.0,0.23992193738730372,0.225,0.0,0.23999999999999996,3.0,129.91927214921384,0.036115674568850224,True,False,False
9.55,0.25135320824602975,0.4627962012292193,3.7019995076742074e-05,5.8895004369814336e-05,-0.20863957384602055,0.0,0.0004558443142012711,0.4763531961299736,0.0,0.2399219563007468,0.225,0.0,0.23999999999999996,3.0,129.9194468070691,0.03617836307128249,True,False,False
9.555,0.2513533949904914,0.4628130902218576,3.797861545343236e-05,5.901164940571285e-05,-0.20863957384602055,0.0,0.0004558443142012711,0.47635338287964013,0.0,0.23992197303660945,0.225,0.0,0.23999999999999996,3.0,129.91944684763968,0.03617853976542594,True,False,False
9.56,0.25135358669481483,0.46283001191328477,3.8930012540714826e-05,5.9122955796708226e-05,-0.20863957384602055,0.0,0.0004558443142012711,0.476353574588543,0.0,0.23992198776026674,0.225,0.0,0.23999999999999996,3.0,129.91944688769146,0.03617898482193662,True,False,False
9.565,0.2513537832921074,0.4628469644840553,3.9873598333727646e-05,5.922688081578567e-05,-0.20863957384602055,0.0,0.0004558443142012711,0.4763537711897875,0.0,0.23992200046383616,0.225,0.0,0.23999999999999996,3.0,129.91944692717422,0.03617967644285521,True,False,False
9.57,0.2513539847148652,0.46286394552993076,4.080887809599119e-05,5.932141417304437e-05,-0.20863957384602055,0.0,0.0004558443142012711,0.4763539726158669,0.0,0.23992201113725195,0.225,0.0,0.23999999999999996,3.0,129.91944696604253,0.036180595851153054,True,False,False
9.575000000000001,0.2513541908950974,0.4628809520903333,4.173544172429591e-05,5.940471224727265e-05,-0.20863957384602055,0.0,0.0004558443142012711,0.47635417879878694,0.0,0.23992201976836214,0.225,0.0,0.23999999999999996,3.0,129.9194470042557,0.03618172664651472,True,False,False
9.58,0.25135440176444074,0.46289798071143956,4.2652953534431994e-05,5.947516675694264e-05,-0.20863957384602055,0.0,0.0004558443142012711,0.47635438967018007,0.0,0.23992202634315454,0.225,0.0,0.23999999999999996,3.0,129.91944704177592,0.03618305432785873,True,False,False
9.585,0.25135461725426156,0.46291502751398295,4.3561141961636957e-05,5.9531432076729704e-05,-0.20863957384602055,0.0,0.0004558443142012711,0.47635460516140804,0.0,0.23992203084598274,0.225,0.0,0.23999999999999996,3.0,129.91944707856968,0.03618456593358978,True,False,False
9.59,0.251354837295744,0.4629320882720645,4.445978993557186e-05,5.957242727808809e-05,-0.20863957384602055,0.0,0.0004558443142012711,0.47635482520364986,0.0,0.23992203325988165,0.225,0.0,0.23999999999999996,3.0,129.9194471146063,0.03618624976594317,True,False,False
9.595,0.25135506181997175,0.46294915848564716,4.534872626463152e-05,5.959732344835522e-05,-0.20863957384602055,0.0,0.0004558443142012711,0.4763550497279836,0.0,0.23992203356682681,0.225,0.0,0.23999999999999996,3.0,129.91944714985783,0.036188095176417315,True,False,False
9.6,0.2513552907579967,0.46296623345224713,4.622781812660513e-05,5.960552311551749e-05,-0.20860718208091533,0.0,0.000469831230631833,0.47635527866545535,0.0,0.23992203174800497,0.225,0.0,0.23999999999999996,3.0,129.91962219308084,0.03624159791856659,True,False,False
9.605,0.25135552404169,0.4629833113922266,4.709589255094427e-05,5.9620185943618374e-05,-0.20860718208091533,0.0,0.000469831230631833,0.47635551194798476,0.0,0.2399220279597935,0.225,0.0,0.23999999999999996,3.0,129.91962222690745,0.03624217884372837,True,False,False
9.61,0.25135576160385226,0.4630003928074828,4.795296562059842e-05,5.962952083518821e-05,-0.20860718208091533,0.0,0.000469831230631833,0.4763557495084235,0.0,0.23992202236711097,0.225,0.0,0.23999999999999996,3.0,129.9196222602068,0.036242986025743835,True,False,False
9.615,0.2513560033765313,0.4630174759336064,4.8798859297105845e-05,5.963184194442721e-05,-0.20860718208091533,0.0,0.000469831230631833,0.4763559912788169,0.0,0.23992201496218754,0.225,0.0,0.23999999999999996,3.0,129.91962229293748,0.03624400059357619,True,False,False
9.620000000000001,0.2513562492913597,0.46303455852236286,4.963343729381798e-05,5.962549300419167e-05,-0.20860718208091533,0.0,0.000469831230631833,0.47635623719079434,0.0,0.23992200573545228,0.225,0.0,0.23999999999999996,3.0,129.9196223250624,0.036245206250519635,True,False,False
9.625,0.2513564992796611,0.46305163786854353,5.045660054519808e-05,5.960896011561802e-05,-0.20860718208091533,0.0,0.000469831230631833,0.4763564871756757,0.0,0.23992199467562314,0.225,0.0,0.23999999999999996,3.0,129.91962235654816,0.036246588728347795,True,False,False
9.63,0.25135675327254525,0.4630687108612092,5.1268282257730146e-05,5.9580929229157205e-05,-0.20860718208091533,0.0,0.000469831230631833,0.4763567411645666,0.0,0.23992198176988555,0.225,0.0,0.23999999999999996,3.0,129.91962238736463,0.036248135382526636,True,False,False
9.635,0.25135701120099596,0.4630857740443672,5.206844309630116e-05,5.954030876229377e-05,-0.20860718208091533,0.0,0.000469831230631833,0.4763569990884462,0.0,0.2399219670041085,0.225,0.0,0.23999999999999996,3.0,129.91962241748465,0.03624983488706488,True,False,False
9.64,0.2513572729959464,0.4631028236823564,5.285706677548396e-05,5.948623093078178e-05,-0.20860718208091533,0.0,0.000469831230631833,0.4763572608782426,0.0,0.23992195036308814,0.225,0.0,0.23999999999999996,3.0,129.91962244688375,0.03625167700056535,True,False,False
9.645,0.25135753858834725,0.4631198558204959,5.363415616258914e-05,5.9418040702936883e-05,-0.20860718208091533,0.0,0.000469831230631833,0.47635752646490104,0.0,0.239921931830782,0.225,0.0,0.23999999999999996,3.0,129.91962247553985,0.03625365238401851,True,False,False
9.65,0.2513578079092257,0.4631368663465064,5.439972991010697e-05,5.9335278137584525e-05,-0.20858066840815492,0.0,0.00048351161974694235,0.47635779577944315,0.0,0.2399219113905255,0.225,0.0,0.23999999999999996,3.0,129.91979529290322,0.03629798599198556,True,False,False
9.655,0.25135808089006645,0.46315385365822326,5.5148199142429436e-05,5.925770610308196e-05,-0.20858066840815492,0.0,0.00048351161974694235,0.4763580687534015,0.0,0.23992188919739665,0.225,0.0,0.23999999999999996,3.0,129.91979532018803,0.036298923698152366,True,False,False
9.66,0.25135835746320795,0.4631708180265331,5.58844859973475e-05,5.9174886946816894e-05,-0.20858066840815492,0.0,0.00048351161974694235,0.4763583453191642,0.0,0.23992186541346583,0.225,0.0,0.23999999999999996,3.0,129.9197953469446,0.03630004596856126,True,False,False
9.665000000000001,0.2513586375607891,0.46318775775746435,5.660854922125274e-05,5.908548508135297e-05,-0.20858066840815492,0.0,0.00048351161974694235,0.4763586254088676,0.0,0.23992184003117134,0.225,0.0,0.23999999999999996,3.0,129.91979537314091,0.03630133687964927,True,False,False
9.67,0.2513589211147171,0.463204670778819,5.732037293688906e-05,5.8988191455879814e-05,-0.20858066840815492,0.0,0.00048351161974694235,0.4763589089544154,0.0,0.23992181304153626,0.225,0.0,0.23999999999999996,3.0,129.91979539874745,0.03630278263691431,True,False,False
9.675,0.25135920805675466,0.4632215546536158,5.801996274703546e-05,5.8881815129103464e-05,-0.20858066840815492,0.0,0.00048351161974694235,0.47635919588756676,0.0,0.23992178443422602,0.225,0.0,0.23999999999999996,3.0,129.91979542373838,0.036304371126820605,True,False,False
9.68,0.2513594983185992,0.46323840662893623,5.870734218363162e-05,5.8765329698504125e-05,-0.20858066840815492,0.0,0.00048351161974694235,0.47635948614001483,0.0,0.2399217541977071,0.225,0.0,0.23999999999999996,3.0,129.91979544809055,0.036306091584271546,True,False,False
9.685,0.25135979183195356,0.46325522368475935,5.938254959134912e-05,5.863789129976213e-05,-0.20858066840815492,0.0,0.00048351161974694235,0.476359779643458,0.0,0.23992172231943176,0.225,0.0,0.23999999999999996,3.0,129.919795471783,0.03630793434175407,True,False,False
9.69,0.2513600885285906,0.46327200258121165,6.004563545519615e-05,5.84988392717629e-05,-0.20858066840815492,0.0,0.00048351161974694235,0.47636007632966426,0.0,0.2399216887860111,0.225,0.0,0.23999999999999996,3.0,129.9197954947978,0.03630989063687479,True,False,False
9.695,0.25136038834040586,0.46328873991918007,6.0696660142657535e-05,5.834768676521485e-05,-0.20858066840815492,0.0,0.00048351161974694235,0.4763603761305243,0.0,0.23992165358343892,0.225,0.0,0.23999999999999996,3.0,129.9197955171184,0.036311952462352165,True,False,False
9.700000000000001,0.251360691199468,0.463305432183605,6.133569201469985e-05,5.81841059977902e-05,-0.20855990606332725,0.0,0.0004967128780097524,0.47636067897810147,0.0,0.23992161669724965,0.225,0.0,0.23999999999999996,3.0,129.91996378441183,0.03634726798462242,True,False,False
9.705,0.25136099703796555,0.4633220779555357,6.195434727074723e-05,5.802447154616879e-05,-0.20855990606332725,0.0,0.0004967128780097524,0.47636098480463074,0.0,0.23992157827906907,0.225,0.0,0.23999999999999996,3.0,129.91996380543182,0.036348514342103025,True,False,False
9.71,0.25136130578885596,0.4633386772887528,6.256058432190752e-05,5.785973304447683e-05,-0.20855990606332725,0.0,0.0004967128780097524,0.47636129354311807,0.0,0.239921538486007,0.225,0.0,0.23999999999999996,3.0,129.9199638259303,0.036349904561759,True,False,False
9.715,0.25136161738540663,0.46335522857653255,6.315442208377308e-05,5.768889397528533e-05,-0.20855990606332725,0.0,0.0004967128780097524,0.4763616051268279,0.0,0.23992149731079615,0.225,0.0,0.23999999999999996,3.0,129.91996384588316,0.03635142564247205,True,False,False
9.72,0.2513619317608215,0.46337172993392495,6.373589683033748e-05,5.751098119487408e-05,-0.20855990606332725,0.0,0.0004967128780097524,0.47636191948896084,0.0,0.23992145474511667,0.225,0.0,0.23999999999999996,3.0,129.919963865269,0.036353066274715136,True,False,False
9.725,0.25136224884831165,0.46338817920487935,6.430505873389516e-05,5.732511580780936e-05,-0.20855990606332725,0.0,0.0004967128780097524,0.4763622365627244,0.0,0.2399214107796495,0.225,0.0,0.23999999999999996,3.0,129.91996388406918,0.03635481648821241,True,False,False
9.73,0.2513625685811579,0.46340457399847024,6.486196907022707e-05,5.7130548833129914e-05,-0.20855990606332725,0.0,0.0004967128780097524,0.47636255628139534,0.0,0.2399213654041911,0.225,0.0,0.23999999999999996,3.0,129.91996390226723,0.0363566673902136,True,False,False
9.735,0.25136289089276603,0.4634209117321922,6.540669797354593e-05,5.692667472676824e-05,-0.20855990606332725,0.0,0.0004967128780097524,0.47636287857837545,0.0,0.23992131860780136,0.225,0.0,0.23999999999999996,3.0,129.91996391984864,0.036358610967849495,True,False,False
9.74,0.2513632157167172,0.46343718967288555,6.593932263717222e-05,5.671303142921203e-05,-0.20855990606332725,0.0,0.0004967128780097524,0.47636320338724136,0.0,0.23992127037895666,0.225,0.0,0.23999999999999996,3.0,129.91996393680083,0.03636063993633758,True,False,False
9.745000000000001,0.251363542986811,0.46345340496821624,6.645992587153032e-05,5.6489292621131265e-05,-0.20855990606332725,0.0,0.0004967128780097524,0.4763635306417882,0.0,0.23992122070569882,0.225,0.0,0.23999999999999996,3.0,129.91996395311284,0.036362747620552534,True,False,False
9.75,0.2513638726371035,0.4634695546962363,6.696859494689496e-05,5.625525585624388e-05,-0.20854469506162562,0.0,0.000509286248779316,0.47636386027606714,0.0,0.2399211695757778,0.225,0.0,0.23999999999999996,3.0,129.92012563900303,0.03638931555457076,True,False,False
9.755,0.25136420460145886,0.4634856376307797,6.745523103768796e-05,5.602396547211159e-05,-0.20854469506162562,0.0,0.000509286248779316,0.4763641922239875,0.0,0.23992111713547232,0.225,0.0,0.23999999999999996,3.0,129.92012565409948,0.036390822521884136,True,False,False
9.76,0.2513645388144229,0.46350165361760015,6.792966238351852e-05,5.5787768315151965e-05,-0.20854469506162562,0.0,0.000509286248779316,0.47636452642014154,0.0,0.23992106353508164,0.225,0.0,0.23999999999999996,3.0,129.92012566868738,0.036392434148453855,True,False,False
9.765,0.2513648752113074,0.46351760115549373,6.83919404374693e-05,5.554599178370698e-05,-0.20854469506162562,0.0,0.000509286248779316,0.4763648627998379,0.0,0.23992100876771535,0.225,0.0,0.23999999999999996,3.0,129.9201256827507,0.036394140289670925,True,False,False
9.77,0.2513652137275166,0.46353347855315313,6.884212859685666e-05,5.529798342475058e-05,-0.20854469506162562,0.0,0.000509286248779316,0.476365201298478,0.0,0.2399209528257642,0.225,0.0,0.23999999999999996,3.0,129.92012569627545,0.036395932068589355,True,False,False
9.775,0.2513655542985988,0.4635492839394183,6.928029938030433e-05,5.5043161885983244e-05,-0.20854469506162562,0.0,0.000509286248779316,0.4763655418516064,0.0,0.23992089570096223,0.225,0.0,0.23999999999999996,3.0,129.9201257092498,0.03639780161611026,True,False,False
9.78,0.25136589686029137,0.4635650152892505,6.97065323039241e-05,5.478104223969093e-05,-0.20854469506162562,0.0,0.000509286248779316,0.47636588439495714,0.0,0.23992083738446912,0.225,0.0,0.23999999999999996,3.0,129.92012572166337,0.03639974187768779,True,False,False
9.785,0.25136624134856517,0.46358067045598933,7.012091227859541e-05,5.451124522254948e-05,-0.20854469506162562,0.0,0.000509286248779316,0.4763662288644971,0.0,0.23992077786696034,0.225,0.0,0.23999999999999996,3.0,129.9201257335081,0.03640174646712814,True,False,False
9.790000000000001,0.2513665876996582,0.46359624719810033,7.052352839459597e-05,5.423349671920614e-05,-0.20854469506162562,0.0,0.000509286248779316,0.47636657519646053,0.0,0.23992071713877156,0.225,0.0,0.23999999999999996,3.0,129.92012574477658,0.03640380955412478,True,False,False
9.795,0.25136693585010955,0.46361174320984655,7.091447299422928e-05,5.394762163399313e-05,-0.20854469506162562,0.0,0.000509286248779316,0.4763669233273825,0.0,0.23992065518998051,0.225,0.0,0.23999999999999996,3.0,129.92012575546312,0.03640592577637397,True,False,False
9.8,0.2513672857367864,0.4636271561519547,7.129384095888559e-05,5.3653534823049044e-05,-0.208534772089561,0.0,0.0005211066764680241,0.4763672731941261,0.0,0.23992059201052818,0.225,0.0,0.23999999999999996,3.0,129.92027912264123,0.03642412074542204,True,False,False
9.805,0.2513676372960805,0.4636424849801232,7.165058530573245e-05,5.336105240136155e-05,-0.208534772089561,0.0,0.0005211066764680241,0.4763676247331261,0.0,0.23992052773972294,0.225,0.0,0.23999999999999996,3.0,129.92027913220886,0.036425841065913414,True,False,False
9.81,0.2513679904649743,0.4636577293599668,7.199560115931682e-05,5.306390659326603e-05,-0.208534772089561,0.0,0.0005211066764680241,0.47636797788140917,0.0,0.239920462519496,0.225,0.0,0.23999999999999996,3.0,129.92027914128653,0.03642762878034893,True,False,False
9.815,0.2513683451816225,0.46367288790143696,7.232895990971064e-05,5.2761730194240324e-05,-0.208534772089561,0.0,0.0005211066764680241,0.4763683325771271,0.0,0.23992039634337992,0.225,0.0,0.23999999999999996,3.0,129.9202791498658,0.0364294764986246,True,False,False
9.82,0.2513687013844107,0.46368795911400884,7.265074055587607e-05,5.245417291498127e-05,-0.208534772089561,0.0,0.0005211066764680241,0.47636868875866256,0.0,0.23992032920452772,0.225,0.0,0.23999999999999996,3.0,129.92027915793977,0.03643137769291083,True,False,False
9.825000000000001,0.2513690590119897,0.4637029414106255,7.296102770158816e-05,5.214093340855706e-05,-0.208534772089561,0.0,0.0005211066764680241,0.4763690463646634,0.0,0.23992026109574421,0.225,0.0,0.23999999999999996,3.0,129.92027916550296,0.036433326526066526,True,False,False
9.83,0.25136941800330737,0.463717833128145,7.32599101116817e-05,5.182177478629032e-05,-0.208534772089561,0.0,0.0005211066764680241,0.47636940533407424,0.0,0.2399201920095452,0.225,0.0,0.23999999999999996,3.0,129.92027917255112,0.03643531772361541,True,False,False
9.835,0.251369778297636,0.4637326325446408,7.35474796682719e-05,5.1496529814088194e-05,-0.208534772089561,0.0,0.0005211066764680241,0.4763697656061642,0.0,0.23992012193822465,0.225,0.0,0.23999999999999996,3.0,129.9202791790814,0.036437346476626206,True,False,False
9.84,0.2513701398345964,0.46374733790219946,7.382383061211997e-05,5.1165099888693856e-05,-0.208534772089561,0.0,0.0005211066764680241,0.4763701271205506,0.0,0.23992005087393958,0.225,0.0,0.23999999999999996,3.0,129.9202791850917,0.03643940836678205,True,False,False
9.845,0.2513705025541798,0.4637619474194969,7.408905898738867e-05,5.0827450473436907e-05,-0.208534772089561,0.0,0.0005211066764680241,0.4763704898172215,0.0,0.2399199788087681,0.225,0.0,0.23999999999999996,3.0,129.92027919058089,0.03644149930765467,True,False,False
9.85,0.25137086639676576,0.4637764593193044,7.434326223170047e-05,5.0483604717131646e-05,-0.20852982039777918,0.0,0.00053207233568559,0.47637085363655296,0.0,0.23991990573478658,0.225,0.0,0.23999999999999996,3.0,129.920422792606,0.03645178464938755,True,False,False
9.855,0.25137123130200495,0.46379087274792485,7.4575015478186e-05,5.014029079057542e-05,-0.20852982039777918,0.0,0.00053207233568559,0.4763712185182366,0.0,0.23991983178295526,0.225,0.0,0.23999999999999996,3.0,129.920422797082,0.03645367247198,True,False,False
9.86,0.25137159721004526,0.46380518719668123,7.47956920855442e-05,4.979259497045971e-05,-0.20852982039777918,0.0,0.00053207233568559,0.47637158440246163,0.0,0.23991975708555502,0.225,0.0,0.23999999999999996,3.0,129.92042280109155,0.03645559272918747,True,False,False
9.865,0.2513719640625603,0.46381940140095784,7.500537629923257e-05,4.9440434160109266e-05,-0.20852982039777918,0.0,0.00053207233568559,0.47637195123089926,0.0,0.239919681636596,0.225,0.0,0.23999999999999996,3.0,129.92042280463335,0.03645754065225541,True,False,False
9.870000000000001,0.25137233180157725,0.4638335140710846,7.520415623786511e-05,4.908373898510554e-05,-0.20852982039777918,0.0,0.00053207233568559,0.476372318945574,0.0,0.2399196054300125,0.225,0.0,0.23999999999999996,3.0,129.92042280770679,0.036459511952106026,True,False,False
9.875,0.25137270036949516,0.46384752389941003,7.539212282131814e-05,4.872246807910446e-05,-0.20852982039777918,0.0,0.00053207233568559,0.4763726874888821,0.0,0.2399195284596849,0.225,0.0,0.23999999999999996,3.0,129.92042281031257,0.036461502730785925,True,False,False
9.88,0.2513730697091014,0.4638614295752302,7.556936901867837e-05,4.835661442065131e-05,-0.20852982039777918,0.0,0.00053207233568559,0.4763730568036084,0.0,0.23991945071946874,0.225,0.0,0.23999999999999996,3.0,129.92042281245182,0.036463509414885825,True,False,False
9.885,0.2513734397635869,0.46387522978871376,7.573598931957867e-05,4.798620676266041e-05,-0.20852982039777918,0.0,0.00053207233568559,0.47637342683294115,0.0,0.239919372203239,0.225,0.0,0.23999999999999996,3.0,129.92042281412677,0.03646552870463575,True,False,False
9.89,0.25137381047655927,0.46388892324347136,7.589207936106882e-05,4.761130816008537e-05,-0.20852982039777918,0.0,0.00053207233568559,0.47637379752048525,0.0,0.23991929290491548,0.225,0.0,0.23999999999999996,3.0,129.92042281533992,0.03646755753432677,True,False,False
9.895,0.2513741817920525,0.4639025086651914,7.603773566288676e-05,4.723201289951414e-05,-0.20852982039777918,0.0,0.00053207233568559,0.47637416881027206,0.0,0.23991921281851464,0.225,0.0,0.23999999999999996,3.0,129.92042281609474,0.03646959304105499,True,False,False
9.9,0.25137455365453826,0.46391598481027657,7.617305543820313e-05,4.68484426631039e-05,-0.20852947954744389,0.0,0.0005421038706525257,0.47637454064677054,0.0,0.2399191319381654,0.225,0.0,0.23999999999999996,3.0,129.9205554903555,0.0364725055448855,True,False,False
9.905,0.2513749260075361,0.46392935100476657,7.62866722320666e-05,4.6464410493302464e-05,-0.20852947954744389,0.0,0.0005421038706525257,0.4763749129735387,0.0,0.2399190503853737,0.225,0.0,0.23999999999999996,3.0,129.92055549020904,0.036474516966125116,True,False,False
9.91,0.25137529879497034,0.46394260659355496,7.638998958264219e-05,4.6076308239698845e-05,-0.20852947954744389,0.0,0.0005421038706525257,0.47637528573453924,0.0,0.23991896828174034,0.225,0.0,0.23999999999999996,3.0,129.9205554896238,0.03647652846804941,True,False,False
9.915000000000001,0.2513756719625915,0.46395575043840737,7.6483099892954e-05,4.56843134316408e-05,-0.20852947954744389,0.0,0.0005421038706525257,0.47637565887552047,0.0,0.2399188856217942,0.225,0.0,0.23999999999999996,3.0,129.92055548860483,0.036478537743860236,True,False,False
9.92,0.25137604545660835,0.46396878144905634,7.656609613286206e-05,4.528861421167296e-05,-0.20852947954744389,0.0,0.0005421038706525257,0.476376032342689,0.0,0.2399188024002632,0.225,0.0,0.23999999999999996,3.0,129.92055548715763,0.03648054261014084,True,False,False
9.925,0.2513764192236937,0.4639816985934039,7.663907175206274e-05,4.488940721453366e-05,-0.20852947954744389,0.0,0.0005421038706525257,0.47637640608271525,0.0,0.23991871861208638,0.225,0.0,0.23999999999999996,3.0,129.92055548528816,0.03648254099540382,True,False,False
9.93,0.2513767932109856,0.46399450089358324,7.670212061633087e-05,4.4486895430357615e-05,-0.20852947954744389,0.0,0.0005421038706525257,0.4763767800427353,0.0,0.23991863425242937,0.225,0.0,0.23999999999999996,3.0,129.92055548300266,0.03648453093057698,True,False,False
9.935,0.2513771673660912,0.46400718743537495,7.675533695988219e-05,4.4081286173486885e-05,-0.20852947954744389,0.0,0.0005421038706525257,0.4763771541703542,0.0,0.23991854931667977,0.225,0.0,0.23999999999999996,3.0,129.92055548030785,0.03648651054103476,True,False,False
9.94,0.2513775416370887,0.46401975735876977,7.679881534906845e-05,4.3672789221471946e-05,-0.20852947954744389,0.0,0.0005421038706525257,0.476377528413648,0.0,0.23991846380045953,0.225,0.0,0.23999999999999996,3.0,129.92055547721066,0.03648847803987237,True,False,False
9.945,0.2513779159725289,0.46403220986895555,7.683265065419399e-05,4.326161515270578e-05,-0.20852947954744389,0.0,0.0005421038706525257,0.47637790272116576,0.0,0.239918377699621,0.225,0.0,0.23999999999999996,3.0,129.92055547371842,0.036490431722185225,True,False,False
9.950000000000001,0.25137829032143594,0.46404454422688163,7.68569380272909e-05,4.284797388947859e-05,-0.20853335487894437,0.0,0.0005511433823111463,0.4763782770419296,0.0,0.23991829101025114,0.225,0.0,0.23999999999999996,3.0,129.9206763309679,0.03648656672800672,True,False,False
9.955,0.25137866463169123,0.4640567599283194,7.68607076796896e-05,4.2432963039576385e-05,-0.20853335487894437,0.0,0.0005511433823111463,0.47637865132385665,0.0,0.23991820384352988,0.225,0.0,0.23999999999999996,3.0,129.92067632669014,0.03648866025420318,True,False,False
9.96,0.2513790388514898,0.46406885619333577,7.685504580709868e-05,4.2014216757430724e-05,-0.20853335487894437,0.0,0.0005511433823111463,0.4763790255151771,0.0,0.2399181163096204,0.225,0.0,0.23999999999999996,3.0,129.92067632200448,0.03649072434506651,True,False,False
9.965,0.2513794129311,0.46408083200952144,7.684004947818287e-05,4.159214807929009e-05,-0.20853335487894437,0.0,0.0005511433823111463,0.4763793995661575,0.0,0.23991802840359033,0.225,0.0,0.23999999999999996,3.0,129.92067631692194,0.03649275897496346,True,False,False
9.97,0.251379786821339,0.4640926864869911,7.68158133857327e-05,4.1167177667589795e-05,-0.20853335487894437,0.0,0.0005511433823111463,0.4763797734276131,0.0,0.23991794012095585,0.225,0.0,0.23999999999999996,3.0,129.92067631145338,0.03649476391444034,True,False,False
9.975,0.25138016047356193,0.4641044188520822,7.678243075078503e-05,4.0739716734363975e-05,-0.20853335487894437,0.0,0.0005511433823111463,0.47638014705089726,0.0,0.23991785145769737,0.225,0.0,0.23999999999999996,3.0,129.9206763056095,0.036496738789355186,True,False,False
9.98,0.25138053383965286,0.46411602844969424,7.673999392706576e-05,4.0310157195142874e-05,-0.20853335487894437,0.0,0.0005511433823111463,0.4763805203878926,0.0,0.23991776241023213,0.225,0.0,0.23999999999999996,3.0,129.92067629940112,0.03649868312362293,True,False,False
9.985,0.2513809068720187,0.4641275147307076,7.668859480108812e-05,3.987886650565853e-05,-0.20853335487894437,0.0,0.0005511433823111463,0.4763808933910045,0.0,0.23991767297538602,0.225,0.0,0.23999999999999996,3.0,129.92067629283906,0.03650059637057723,True,False,False
9.99,0.2513812795235781,0.46413887724725766,7.662832505388255e-05,3.944618547209724e-05,-0.20853335487894437,0.0,0.0005511433823111463,0.47638126601315023,0.0,0.23991758315038936,0.225,0.0,0.23999999999999996,3.0,129.920676285934,0.03650247793634713,True,False,False
9.995000000000001,0.2513816517477562,0.4641501156503643,7.655927632977117e-05,3.901242789832883e-05,-0.20853335487894437,0.0,0.0005511433823111463,0.4763816382077538,0.0,0.23991749293282777,0.225,0.0,0.23999999999999996,3.0,129.9206762786968,0.03650432719754303,True,False,False
10.0,0.251382023498478,0.46416122966950435,7.64815403432083e-05,3.857788132252916e-05,-0.20854102658852913,0.0,0.0005591532011606954,0.4763820099287392,0.0,0.2399174023206229,0.225,0.0,0.23999999999999996,3.0,129.9207846896283,0.03649432424251694,True,False,False
10.005,0.25138239472836654,0.46417221896184196,7.63848062503099e-05,3.81411489718984e-05,-0.20854102658852913,0.0,0.0005591532011606954,0.47638238112876174,0.0,0.23991731141399342,0.225,0.0,0.23999999999999996,3.0,129.92078468172264,0.036496461172275466,True,False,False
10.01,0.2513827653902685,0.4641830826411269,7.627957223531776e-05,3.7701031605085726e-05,-0.20854102658852913,0.0,0.0005591532011606954,0.47638275176070033,0.0,0.23991722031114598,0.225,0.0,0.23999999999999996,3.0,129.9207846734427,0.03649854215708481,True,False,False
10.015,0.25138313543930096,0.46419381982423064,7.616593725334495e-05,3.7258151535392756e-05,-0.20854102658852913,0.0,0.0005591532011606954,0.4763831217796704,0.0,0.23991712900770334,0.225,0.0,0.23999999999999996,3.0,129.92078466480436,0.03650056925498534,True,False,False
10.02,0.2513835048312041,0.4642044298101581,7.604399527730804e-05,3.681313586987322e-05,-0.20854102658852913,0.0,0.0005591532011606954,0.47638349114141043,0.0,0.23991703749995755,0.225,0.0,0.23999999999999996,3.0,129.92078465582375,0.036502544024184604,True,False,False
10.025,0.25138387352231445,0.4642149120753128,7.59138371643809e-05,3.6366586012865326e-05,-0.20854102658852913,0.0,0.0005591532011606954,0.47638385980225606,0.0,0.23991694578488115,0.225,0.0,0.23999999999999996,3.0,129.92078464651553,0.036504467645828535,True,False,False
10.03,0.25138424146954896,0.464225266260129,7.577555189455181e-05,3.5919060916807304e-05,-0.20854102658852913,0.0,0.0005591532011606954,0.47638422771912303,0.0,0.23991685386007733,0.225,0.0,0.23999999999999996,3.0,129.92078463689458,0.03650634101387871,True,False,False
10.035,0.25138460863038475,0.46423549215884585,7.562922738304351e-05,3.547106913068956e-05,-0.20854102658852913,0.0,0.0005591532011606954,0.4763845948494877,0.0,0.23991676172373727,0.225,0.0,0.23999999999999996,3.0,129.92078462697518,0.03650816480195829,True,False,False
10.040000000000001,0.251384974962843,0.46424558970771324,7.547495100609016e-05,3.502306634078011e-05,-0.20854102658852913,0.0,0.0005591532011606954,0.4763849611513705,0.0,0.23991666937458161,0.225,0.0,0.23999999999999996,3.0,129.9207846167714,0.036509939513895424,True,False,False
10.045,0.2513853404254738,0.4642555589574991,7.531280993516422e-05,3.4575456218859925e-05,-0.20854102658852913,0.0,0.0005591532011606954,0.4763853265833211,0.0,0.23991657681180623,0.225,0.0,0.23999999999999996,3.0,129.92078460629713,0.036511665522538775,True,False,False
10.05,0.2513857049773438,0.4642654000774022,7.514289134447478e-05,3.4128593151904854e-05,-0.2085520583152547,0.0,0.000566114482929831,0.47638569110440576,0.0,0.23991648403502508,0.225,0.0,0.23999999999999996,3.0,129.92088018562393,0.03649619469677582,True,False,False
10.055,0.251386068576087,0.4642751128675378,7.495574415167828e-05,3.3678823094009154e-05,-0.2085520583152547,0.0,0.000566114482929831,0.4763860546722878,0.0,0.23991639113309557,0.225,0.0,0.23999999999999996,3.0,129.92088017459753,0.036498339425544764,True,False,False
10.06,0.2513864311794775,0.4642846963570508,7.476106958062284e-05,3.32260275879809e-05,-0.2085520583152547,0.0,0.000566114482929831,0.4763864172447698,0.0,0.23991629819196447,0.225,0.0,0.23999999999999996,3.0,129.92088016323228,0.036500404814184886,True,False,False
10.065,0.2513867927477076,0.46429414979250216,7.455896617962113e-05,3.2771011376322134e-05,-0.2085520583152547,0.0,0.000566114482929831,0.4763867787820427,0.0,0.23991620520781126,0.225,0.0,0.23999999999999996,3.0,129.92088015154886,0.03650239479471984,True,False,False
10.07,0.25138715324164695,0.4643034726527595,7.434952523168077e-05,3.231458134455242e-05,-0.2085520583152547,0.0,0.000566114482929831,0.4763871392449752,0.0,0.2399161121776963,0.225,0.0,0.23999999999999996,3.0,129.92088013956686,0.03650431253595369,True,False,False
10.075000000000001,0.251387512622811,0.46431266464583176,7.413283352923613e-05,3.1857504194288e-05,-0.2085520583152547,0.0,0.000566114482929831,0.4763874985950819,0.0,0.2399160190995273,0.225,0.0,0.23999999999999996,3.0,129.92088012730508,0.036506160622651065,True,False,False
10.08,0.2513878708533303,0.46432172568608204,7.390897520114096e-05,3.14004836232615e-05,-0.2085520583152547,0.0,0.000566114482929831,0.4763878567944929,0.0,0.23991592597201633,0.225,0.0,0.23999999999999996,3.0,129.92088011478168,0.03650794118720602,True,False,False
10.085,0.25138822789592297,0.46433065588400285,7.367803289970197e-05,3.0944149938248944e-05,-0.2085520583152547,0.0,0.000566114482929831,0.4763882138059261,0.0,0.23991583279461196,0.225,0.0,0.23999999999999996,3.0,129.92088010201402,0.03650965600796128,True,False,False
10.09,0.25138858371387157,0.464339455518725,7.344008855888947e-05,3.0489057383825155e-05,-0.2085520583152547,0.0,0.000566114482929831,0.4763885695926641,0.0,0.23991573956741113,0.225,0.0,0.23999999999999996,3.0,129.92088008901902,0.036511306583859204,True,False,False
10.095,0.25138893827100006,0.46434812501288514,7.319522386761274e-05,3.003568607551465e-05,-0.2085520583152547,0.0,0.000566114482929831,0.47638892411853084,0.0,0.23991564629108114,0.225,0.0,0.23999999999999996,3.0,129.92088007581307,0.03651289419201401,True,False,False
10.1,0.25138929153165457,0.46435666492084043,7.294352055570733e-05,2.9584446511527574e-05,-0.20856600515725604,0.0,0.0005720256647389652,0.47638927734787295,0.0,0.23991555296678663,0.225,0.0,0.23999999999999996,3.0,129.9209626643238,0.03649264333823709,True,False,False
10.105,0.2513896434586506,0.46436507518616515,7.267653688784295e-05,2.9129675495644543e-05,-0.20856600515725604,0.0,0.0005720256647389652,0.4763896292435318,0.0,0.23991545967181677,0.225,0.0,0.23999999999999996,3.0,129.92096265067946,0.036494763587636626,True,False,False
10.11,0.2513899940148632,0.46437335476575864,7.240301946992633e-05,2.867224165582471e-05,-0.20856600515725604,0.0,0.0005720256647389652,0.47638997976840725,0.0,0.23991536647976924,0.225,0.0,0.23999999999999996,3.0,129.92096263673287,0.03649678426788316,True,False,False
10.115,0.2513903431656862,0.46438150303166903,7.212306452196148e-05,2.8213105152680213e-05,-0.20856600515725604,0.0,0.0005720256647389652,0.4763903288878921,0.0,0.2399152733873821,0.225,0.0,0.23999999999999996,3.0,129.9209626225085,0.036498710967349295,True,False,False
10.120000000000001,0.2513906908772315,0.4643895196368482,7.183675903031505e-05,2.7753225842791662e-05,-0.20856600515725604,0.0,0.0005720256647389652,0.47639067656809775,0.0,0.2399151803924497,0.225,0.0,0.23999999999999996,3.0,129.92096260802924,0.03650054828124617,True,False,False
10.125,0.25139103711629135,0.46439740449785993,7.154418435775404e-05,2.7293510735705008e-05,-0.20856600515725604,0.0,0.0005720256647389652,0.4763910227758161,0.0,0.2399150874937479,0.225,0.0,0.23999999999999996,3.0,129.92096259331743,0.03650230003982921,True,False,False
10.13,0.25139138185029536,0.4644051577823,7.124541860526276e-05,2.683478594690295e-05,-0.20856600515725604,0.0,0.0005720256647389652,0.4763913674784766,0.0,0.2399149946910214,0.225,0.0,0.23999999999999996,3.0,129.92096257839384,0.036503969476403,True,False,False
10.135,0.2513917250472782,0.46441277988209256,7.09405381337143e-05,2.637778423055772e-05,-0.20856600515725604,0.0,0.0005720256647389652,0.47639171064411434,0.0,0.23991490198485965,0.225,0.0,0.23999999999999996,3.0,129.92096256327844,0.03650555935301857,True,False,False
10.14,0.25139206667584624,0.4644202713836505,7.062961852439178e-05,2.5923142151660508e-05,-0.20856600515725604,0.0,0.0005720256647389652,0.4763920522413364,0.0,0.23991480937661347,0.225,0.0,0.23999999999999996,3.0,129.9209625479904,0.0365070720561021,True,False,False
10.145,0.2513924067051529,0.46442763304510265,7.031273516834176e-05,2.5471402982928156e-05,-0.20856600515725604,0.0,0.0005720256647389652,0.47639239223929675,0.0,0.23991471686827362,0.225,0.0,0.23999999999999996,3.0,129.92096253254832,0.036508509670357916,True,False,False
10.15,0.25139274510487014,0.46443486576175347,6.998996361294458e-05,2.502302278108497e-05,-0.2085824210526443,0.0,0.0005769008166064398,0.4763927306076685,0.0,0.23991462446239611,0.225,0.0,0.23999999999999996,3.0,129.9210321775807,0.036484172537119317,True,False,False
10.155,0.2513930818430704,0.4644419696008371,6.965397753956502e-05,2.457058361744991e-05,-0.2085824210526443,0.0,0.0005769008166064398,0.4763930673145465,0.0,0.23991453222467668,0.225,0.0,0.23999999999999996,3.0,129.92103216180956,0.036486239512778317,True,False,False
10.16,0.25139341688780803,0.4644489434719939,6.931245484076885e-05,2.411584176903089e-05,-0.2085824210526443,0.0,0.0005769008166064398,0.476393402328006,0.0,0.23991444021649358,0.225,0.0,0.23999999999999996,3.0,129.92103214577335,0.036488189856410835,True,False,False
10.165000000000001,0.251393750209714,0.4644557868678703,6.896548779493924e-05,2.365988605427203e-05,-0.2085824210526443,0.0,0.0005769008166064398,0.4763937356186775,0.0,0.23991434843513387,0.225,0.0,0.23999999999999996,3.0,129.92103212949942,0.03649003059112828,True,False,False
10.17,0.2513940817801686,0.4644624995980555,6.861315778502718e-05,2.3203802760938823e-05,-0.2085824210526443,0.0,0.0005769008166064398,0.47639406715794086,0.0,0.23991425687904777,0.225,0.0,0.23999999999999996,3.0,129.9210321130142,0.03649176755063224,True,False,False
10.175,0.25139441157124626,0.46446908177414936,6.825553965797724e-05,2.274861450047552e-05,-0.2085824210526443,0.0,0.0005769008166064398,0.4763943969178708,0.0,0.23991416554784906,0.225,0.0,0.23999999999999996,3.0,129.92103209634195,0.036493405649031196,True,False,False
10.18,0.2513947395556748,0.46447553378776885,6.789270456206268e-05,2.2295247775221018e-05,-0.2085824210526443,0.0,0.0005769008166064398,0.4763947248711955,0.0,0.23991407444220345,0.225,0.0,0.23999999999999996,3.0,129.9210320795058,0.03649494907970468,True,False,False
10.185,0.2513950657067908,0.46448185628149646,6.752472176162686e-05,2.184451878376556e-05,-0.2085824210526443,0.0,0.0005769008166064398,0.47639505099125234,0.0,0.23991398356373575,0.225,0.0,0.23999999999999996,3.0,129.92103206252787,0.036496401464263084,True,False,False
10.19,0.25139538999850486,0.4644880501112008,6.71516597709845e-05,2.1397130488926432e-05,-0.2085824210526443,0.0,0.0005769008166064398,0.47639537525195297,0.0,0.23991389291490434,0.225,0.0,0.23999999999999996,3.0,129.92103204542929,0.03649776596601094,True,False,False
10.195,0.25139571240526615,0.46449411632483856,6.677358703936871e-05,2.0953676354368238e-05,-0.2085824210526443,0.0,0.0005769008166064398,0.4763956976277479,0.0,0.2399138024988853,0.225,0.0,0.23999999999999996,3.0,129.9210320282302,0.0364990453777401,True,False,False
10.200000000000001,0.25139603290203594,0.46450005612164247,6.639057234346378e-05,2.051464776530317e-05,-0.2086008654758384,0.0,0.0005807679233435243,0.4763960180936001,0.0,0.23991371231945288,0.225,0.0,0.23999999999999996,3.0,129.92108896301173,0.03647131081145801,True,False,False
10.205,0.2513963514621298,0.46450586967751295,6.599647352715604e-05,2.0071128410824398e-05,-0.2086008654758384,0.0,0.0005807679233435243,0.47639633662284386,0.0,0.23991362243088252,0.225,0.0,0.23999999999999996,3.0,129.92108894558706,0.036473299293861464,True,False,False
10.21,0.25139666805877786,0.46451155586654114,6.559782311205816e-05,1.9625659064865382e-05,-0.2086008654758384,0.0,0.0005807679233435243,0.4763966531887267,0.0,0.2399135328825875,0.225,0.0,0.23999999999999996,3.0,129.92108892793453,0.03647515720071206,True,False,False
10.215,0.25139698266780314,0.46451711430031045,6.519470809012247e-05,1.9179431065013973e-05,-0.2086008654758384,0.0,0.0005807679233435243,0.47639696776707124,0.0,0.2399134436723774,0.225,0.0,0.23999999999999996,3.0,129.92108891008414,0.03647689276792722,True,False,False
10.22,0.2513972952657901,0.46452254493240713,6.478720319272045e-05,1.8733631223932104e-05,-0.2086008654758384,0.0,0.0005807679233435243,0.47639728033446194,0.0,0.23991335479935416,0.225,0.0,0.23999999999999996,3.0,129.92108889206403,0.03647851287918317,True,False,False
10.225,0.25139760583002757,0.46452784804741587,6.437537590551691e-05,1.8289373669520463e-05,-0.2086008654758384,0.0,0.0005807679233435243,0.4763975908681881,0.0,0.23991326626386594,0.225,0.0,0.23999999999999996,3.0,129.92108887390043,0.03648002337001619,True,False,False
10.23,0.2513979143384584,0.4645330242334398,6.395928971787385e-05,1.7847663853434315e-05,-0.2086008654758384,0.0,0.0005807679233435243,0.4763978993461936,0.0,0.23991317806740686,0.225,0.0,0.23999999999999996,3.0,129.9210888556188,0.03648142925212764,True,False,False
10.235,0.25139822076963075,0.4645380743507018,6.353900618871914e-05,1.740938297411895e-05,-0.2086008654758384,0.0,0.0005807679233435243,0.4763982057470277,0.0,0.239913090212513,0.225,0.0,0.23999999999999996,3.0,129.92108883724256,0.036482734881533814,True,False,False
10.24,0.25139852510265664,0.46454299949151884,6.311458622605898e-05,1.6975284989582e-05,-0.2086008654758384,0.0,0.0005807679233435243,0.4763985100498038,0.0,0.23991300270262358,0.225,0.0,0.23999999999999996,3.0,129.92108881879406,0.03648394408675336,True,False,False
10.245000000000001,0.25139882731717594,0.464547800946555,6.268609084907637e-05,1.6546001069026253e-05,-0.2086008654758384,0.0,0.0005807679233435243,0.47639881223416397,0.0,0.23991291554193114,0.225,0.0,0.23999999999999996,3.0,129.92108880029505,0.03648506026807552,True,False,False
10.25,0.25139912739332293,0.464552480172648,6.225358161435346e-05,1.6122048138783276e-05,-0.2086209094151933,0.0,0.0005836671273547118,0.4763991122802442,0.0,0.23991282873527137,0.225,0.0,0.23999999999999996,3.0,129.92113342254333,0.03645460250525457,True,False,False
10.255,0.2513994253095679,0.46455703744416155,6.181213719823935e-05,1.5693265813521503e-05,-0.2086209094151933,0.0,0.0005836671273547118,0.4763994101665302,0.0,0.23991274232580745,0.225,0.0,0.23999999999999996,3.0,129.92113340391538,0.036456490878718294,True,False,False
10.26,0.2513997210442326,0.46456147161925077,6.136710038573598e-05,1.5262874378251905e-05,-0.2086209094151933,0.0,0.0005836671273547118,0.4763997058713574,0.0,0.239912656351413,0.225,0.0,0.23999999999999996,3.0,129.921133385096,0.03645823776400445,True,False,False
10.265,0.2514000145782121,0.4645657824158694,6.091855177756378e-05,1.4832142498963838e-05,-0.2086209094151933,0.0,0.0005836671273547118,0.4763999993756206,0.0,0.23991257081040412,0.225,0.0,0.23999999999999996,3.0,129.92113336611732,0.036459852390887504,True,False,False
10.27,0.25140030589316403,0.4645699699174736,6.04665586333107e-05,1.4402332562249415e-05,-0.2086209094151933,0.0,0.0005836671273547118,0.4764002906609779,0.0,0.2399124857024703,0.225,0.0,0.23999999999999996,3.0,129.9211333470089,0.03646134250674738,True,False,False
10.275,0.25140059497144857,0.46457403456280755,6.001118044268493e-05,1.3974627043884483e-05,-0.2086209094151933,0.0,0.0005836671273547118,0.4764005797097901,0.0,0.2399124010286119,0.225,0.0,0.23999999999999996,3.0,129.9211333277984,0.03646271470780954,True,False,False
10.28,0.25140088179606956,0.4645779771082306,5.9552472522409426e-05,1.3550089760341657e-05,-0.2086209094151933,0.0,0.0005836671273547118,0.4764008665050624,0.0,0.2399123167910665,0.225,0.0,0.23999999999999996,3.0,129.92113330851265,0.03646397468360669,True,False,False
10.285,0.2514011663506254,0.46458179859789517,5.9090488291339517e-05,1.3129649242466587e-05,-0.2086209094151933,0.0,0.0005836671273547118,0.4764011510303947,0.0,0.23991223299315687,0.225,0.0,0.23999999999999996,3.0,129.92113328917605,0.03646512740034789,True,False,False
10.290000000000001,0.2514014486192618,0.46458550032294216,5.8625280668910736e-05,1.2714095738355978e-05,-0.2086209094151933,0.0,0.0005836671273547118,0.47640143326993467,0.0,0.23991214963915186,0.225,0.0,0.23999999999999996,3.0,129.92113326981223,0.03646617724079424,True,False,False
10.295,0.2514017285866328,0.46458908378070096,5.8156902897738804e-05,1.2304086256443302e-05,-0.2086209094151933,0.0,0.0005836671273547118,0.47640171320833863,0.0,0.2399120667341183,0.225,0.0,0.23999999999999996,3.0,129.92113325044338,0.03646712811264567,True,False,False
10.3,0.2514020062378641,0.46459255063781396,5.76854089935582e-05,1.190015402148165e-05,-0.20864214061157765,0.0,0.0005856489629068732,0.47640199083073453,0.0,0.23991198428378285,0.225,0.0,0.23999999999999996,3.0,129.92116610062504,0.036434598211784484,True,False,False
10.305,0.25140228155642225,0.46459590124834055,5.7207107711131995e-05,1.149114327411479e-05,-0.20864214061157765,0.0,0.0005856489629068732,0.476402266120601,0.0,0.2399119023206401,0.225,0.0,0.23999999999999996,3.0,129.9211660812162,0.03643636843712329,True,False,False
10.31,0.25140255452556964,0.4645991344733776,5.672613548919403e-05,1.1080848719708397e-05,-0.20864214061157765,0.0,0.0005856489629068732,0.4764025390612102,0.0,0.23991182087157892,0.225,0.0,0.23999999999999996,3.0,129.9211660616515,0.03643798916775561,True,False,False
10.315,0.251402825131088,0.4646022501302396,5.624256564879e-05,1.0670592391169692e-05,-0.20864214061157765,0.0,0.0005856489629068732,0.4764028096383439,0.0,0.2399117399353919,0.225,0.0,0.23999999999999996,3.0,129.9211660419641,0.03643947041429887,True,False,False
10.32,0.25140309335951305,0.46460524841819356,5.5756457359051144e-05,1.0261688530479788e-05,-0.20864214061157765,0.0,0.0005856489629068732,0.4764030778385386,0.0,0.23991165951229088,0.225,0.0,0.23999999999999996,3.0,129.92116602218493,0.03644082060634761,True,False,False
10.325000000000001,0.25140335919806883,0.46460812990667993,5.5267861664221194e-05,9.855365963966874e-06,-0.20864214061157765,0.0,0.0005856489629068732,0.47640334364901904,0.0,0.23991157960387313,0.225,0.0,0.23999999999999996,3.0,129.92116600234272,0.03644204694397886,True,False,False
10.33,0.25140362263460697,0.4646108954937252,5.477682536332391e-05,9.452727363818624e-06,-0.20864214061157765,0.0,0.0005856489629068732,0.4764036070576387,0.0,0.23991150021299795,0.225,0.0,0.23999999999999996,3.0,129.92116598246454,0.0364431556572844,True,False,False
10.335,0.2514038836575539,0.46461354637612473,5.4283393453823614e-05,9.05473188953037e-06,-0.20864214061157765,0.0,0.0005856489629068732,0.47640386805282553,0.0,0.23991142134365911,0.225,0.0,0.23999999999999996,3.0,129.92116596257577,0.03644415220114007,True,False,False
10.34,0.25140414225585983,0.46461608400550825,5.378761062372057e-05,8.662192222069262e-06,-0.20864214061157765,0.0,0.0005856489629068732,0.47640412662353243,0.0,0.2399113430008225,0.225,0.0,0.23999999999999996,3.0,129.92116594270027,0.03644504140384433,True,False,False
10.345,0.2514043984189599,0.4646185100436216,5.32895221197831e-05,8.275780077837705e-06,-0.20864214061157765,0.0,0.0005856489629068732,0.4764043827591966,0.0,0.23991126519026496,0.225,0.0,0.23999999999999996,3.0,129.9211659228613,0.03644582758235425,True,False,False
10.35,0.2514046521367319,0.46462082632388807,5.2789174212782864e-05,7.896036366241765e-06,-0.2086641680505985,0.0,0.0005867726078999901,0.476404636449699,0.0,0.23991118791844307,0.225,0.0,0.23999999999999996,3.0,129.92118766245096,0.0364118460140967,True,False,False
10.355,0.25140490339741967,0.4646230332738997,5.228409184027771e-05,7.511049905458214e-06,-0.2086641680505985,0.0,0.0005867726078999901,0.4764048876832917,0.0,0.23991111120774322,0.225,0.0,0.23999999999999996,3.0,129.9211876426524,0.03641348355086219,True,False,False
10.36,0.25140515218901494,0.4646251297617044,5.177721208101731e-05,7.125086190290511e-06,-0.2086641680505985,0.0,0.0005867726078999901,0.4764051364479728,0.0,0.23991103507473013,0.225,0.0,0.23999999999999996,3.0,129.9211876227321,0.03641496633664105,True,False,False
10.365,0.25140539850194527,0.46462711570094106,5.126860028226311e-05,6.739498124730799e-06,-0.2086641680505985,0.0,0.0005867726078999901,0.47640538273417016,0.0,0.23991095951864005,0.225,0.0,0.23999999999999996,3.0,129.92118760272382,0.036416304958396,True,False,False
10.370000000000001,0.2514056423273733,0.46462899138954133,5.0758307080595074e-05,6.355629552574405e-06,-0.2086641680505985,0.0,0.0005867726078999901,0.4764056265330471,0.0,0.23991088454016057,0.225,0.0,0.23999999999999996,3.0,129.921187582659,0.036417508353454975,True,False,False
10.375,0.25140588365712874,0.4646307575058007,5.024637478532699e-05,5.974735037577588e-06,-0.2086641680505985,0.0,0.0005867726078999901,0.4764058678364347,0.0,0.23991081014138665,0.225,0.0,0.23999999999999996,3.0,129.92118756256696,0.03641858417475388,True,False,False
10.38,0.2514061224836438,0.4646324150644441,4.973284147776773e-05,5.597937859243839e-06,-0.2086641680505985,0.0,0.0005867726078999901,0.47640610663676675,0.0,0.2399107363257143,0.225,0.0,0.23999999999999996,3.0,129.92118754247474,0.03641953906061441,True,False,False
10.385,0.2514063587998999,0.46463396538367646,4.9217743584192e-05,5.226212220265074e-06,-0.2086641680505985,0.0,0.0005867726078999901,0.476406342927027,0.0,0.23991066309767212,0.225,0.0,0.23999999999999996,3.0,129.9211875224086,0.03642037883727746,True,False,False
10.39,0.251406592599374,0.46463541003654624,4.870111743813746e-05,4.86038034880048e-06,-0.2086641680505985,0.0,0.0005867726078999901,0.47640657670069464,0.0,0.23991059046278684,0.225,0.0,0.23999999999999996,3.0,129.9211875023925,0.036421108673531065,True,False,False
10.395,0.2514068238759957,0.4646367508125087,4.818300018135076e-05,4.501118367050048e-06,-0.2086641680505985,0.0,0.0005867726078999901,0.4764068079517022,0.0,0.2399105184274108,0.225,0.0,0.23999999999999996,3.0,129.9211874824494,0.036421733200636276,True,False,False
10.4,0.2514070526241085,0.464637989673499,4.766343023756785e-05,4.148966951319739e-06,-0.20868662571291113,0.0,0.0005871041773303589,0.4764070366743962,0.0,0.23991044699857045,0.225,0.0,0.23999999999999996,3.0,129.92119887251093,0.036386883595845326,True,False,False
10.405,0.2514072788364644,0.46463912709882377,4.714111576852569e-05,3.7914879879693604e-06,-0.20868662571291113,0.0,0.0005871041773303589,0.4764072628615337,0.0,0.23991037618918926,0.225,0.0,0.23999999999999996,3.0,129.92119885267982,0.036388377280190946,True,False,False
10.41,0.2514075025055216,0.4646401619839934,4.661782112698712e-05,3.433316983315165e-06,-0.20868662571291113,0.0,0.0005871041773303589,0.47640748650557585,0.0,0.23991030600626495,0.225,0.0,0.23999999999999996,3.0,129.9211988327592,0.03638971352590112,True,False,False
10.415000000000001,0.25140772362606617,0.4646410943234177,4.609360316393778e-05,3.0758168745365906e-06,-0.20868662571291113,0.0,0.0005871041773303589,0.47640770760130935,0.0,0.23991023644943593,0.225,0.0,0.23999999999999996,3.0,129.92119881278296,0.0363909033025122,True,False,False
10.42,0.25140794219359236,0.464641924504427,4.556850369215685e-05,2.7203405073667226e-06,-0.20868662571291113,0.0,0.0005871041773303589,0.47640792614422917,0.0,0.23991016751980343,0.225,0.0,0.23999999999999996,3.0,129.9211987927828,0.03639195588952144,True,False,False
10.425,0.2514081582042307,0.46464265329079635,4.5042556130067805e-05,2.368149126337054e-06,-0.20868662571291113,0.0,0.0005871041773303589,0.4764081421304672,0.0,0.23991009921988762,0.225,0.0,0.23999999999999996,3.0,129.92119877278785,0.03639287924925254,True,False,False
10.43,0.2514083716546849,0.46464328178666126,4.451578976027971e-05,2.0203697797568916e-06,-0.20868662571291113,0.0,0.0005871041773303589,0.4764083555567292,0.0,0.23991003155350626,0.225,0.0,0.23999999999999996,3.0,129.92119875282538,0.03639368030235123,True,False,False
10.435,0.2514085825421745,0.46464381140121924,4.398823239509112e-05,1.6779773697143709e-06,-0.20868662571291113,0.0,0.0005871041773303589,0.476408566420237,0.0,0.23990996452562469,0.225,0.0,0.23999999999999996,3.0,129.9211987329212,0.036394365134679175,True,False,False
10.44,0.25140879086438234,0.4646442437969602,4.345991198795866e-05,1.34179185482007e-06,-0.20868662571291113,0.0,0.0005871041773303589,0.476408774718676,0.0,0.23990989814219926,0.225,0.0,0.23999999999999996,3.0,129.92119871309927,0.0363949391553273,True,False,False
10.445,0.2514089966194104,0.4646445808543701,4.293085755545424e-05,1.0124843629281362e-06,-0.20868662571291113,0.0,0.0005871041773303589,0.476408980450151,0.0,0.2399098324100048,0.225,0.0,0.23999999999999996,3.0,129.9211986933823,0.03639540721920615,True,False,False
10.450000000000001,0.2514091998057385,0.4646448246209476,4.240109965464931e-05,6.905881658595105e-07,-0.2087091755976875,0.0,0.0005867150793687702,0.47640918361314527,0.0,0.23990976733648647,0.225,0.0,0.23999999999999996,3.0,129.9212005737528,0.036360231257392704,True,False,False
10.455,0.2514094004203165,0.4646449756184675,4.187048168282628e-05,3.6335296469879947e-07,-0.2087091755976875,0.0,0.0005867150793687702,0.47640938420461043,0.0,0.2399097029258379,0.225,0.0,0.23999999999999996,3.0,129.92120055421012,0.03636157314168721,True,False,False
10.46,0.25140959845976446,0.4646450327778794,4.133963766507942e-05,3.568756981142839e-08,-0.2087091755976875,0.0,0.0005867150793687702,0.4764095822211666,0.0,0.2399096391763026,0.225,0.0,0.23999999999999996,3.0,129.92120053460832,0.03636275726609065,True,False,False
10.465,0.25140979392290225,0.46464499616667676,4.080861558015655e-05,2.9105407894900907e-07,-0.2087091755976875,0.0,0.0005867150793687702,0.47640977766163406,0.0,0.23990957608788466,0.225,0.0,0.23999999999999996,3.0,129.92120051498077,0.036363794801506734,True,False,False
10.47,0.25140998680922133,0.46464486624449747,4.0277448248171166e-05,6.155289336864449e-07,-0.2087091755976875,0.0,0.0005867150793687702,0.47640997052550543,0.0,0.2399095136620426,0.225,0.0,0.23999999999999996,3.0,129.92120049535868,0.03636469521455231,True,False,False
10.475,0.25141017711881486,0.4646446438411615,3.974616014437524e-05,9.364864363799415e-07,-0.2087091755976875,0.0,0.0005867150793687702,0.4764101608128751,0.0,0.23990945190163998,0.225,0.0,0.23999999999999996,3.0,129.92120047577095,0.03636546664239057,True,False,False
10.48,0.2514103648523123,0.46464433012921974,3.921477176073515e-05,1.2528110844666907e-06,-0.2087091755976875,0.0,0.0005867150793687702,0.47641034852437486,0.0,0.23990939081082546,0.225,0.0,0.23999999999999996,3.0,129.92120045624446,0.036366116169758066,True,False,False
10.485,0.2514105500108227,0.46464392657532333,3.868330233041224e-05,1.5635402853227457e-06,-0.2087091755976875,0.0,0.0005867150793687702,0.47641053366111585,0.0,0.23990933039488527,0.225,0.0,0.23999999999999996,3.0,129.92120043680444,0.03636665003707247,True,False,False
10.49,0.2514107325958816,0.4646434349033608,3.8151771469473314e-05,1.8678670251650635e-06,-0.2087091755976875,0.0,0.0005867150793687702,0.4764107162246366,0.0,0.2399092706600799,0.225,0.0,0.23999999999999996,3.0,129.92120041747424,0.036367073799417414,True,False,False
10.495000000000001,0.2514109126094076,0.46464285704582914,3.762020011061831e-05,2.1651336158874384e-06,-0.2087091755976875,0.0,0.0005867150793687702,0.4764108962168586,0.0,0.23990921161346426,0.225,0.0,0.23999999999999996,3.0,129.92120039827657,0.03636739244992792,True,False,False
10.5,0.25141109005365986,0.4646421951006962,3.7088610980530507e-05,2.4548205805330805e-06,-0.20873151004371418,0.0,0.0005856804522056817,0.4764110736400443,0.0,0.23990915326276024,0.225,0.0,0.23999999999999996,3.0,129.92119366760215,0.036332385855136616,True,False,False
10.505,0.251411264929439,0.4646414496190419,3.655792388770206e-05,2.7497912627829348e-06,-0.20873151004371418,0.0,0.0005856804522056817,0.47641124849499356,0.0,0.2399090956042258,0.225,0.0,0.23999999999999996,3.0,129.9211936486325,0.03633357101541909,True,False,False
10.51,0.25141143723719056,0.46464061957837793,3.602769669285993e-05,3.0449551445306047e-06,-0.20873151004371418,0.0,0.0005856804522056817,0.47641142078214876,0.0,0.23990903862821764,0.225,0.0,0.23999999999999996,3.0,129.92119362963112,0.036334600243048895,True,False,False
10.515,0.2514116069794121,0.46463970510846353,3.549796824436617e-05,3.3389843978663857e-06,-0.20873151004371418,0.0,0.0005856804522056817,0.4764115905040081,0.0,0.23990898233507013,0.225,0.0,0.23999999999999996,3.0,129.92119361063118,0.03633548474313706,True,False,False
10.52,0.2514117741592323,0.464638706724944,3.496876228972476e-05,3.630562666462079e-06,-0.20873151004371418,0.0,0.0005856804522056817,0.47641175766370136,0.0,0.23990892672653213,0.225,0.0,0.23999999999999996,3.0,129.921193591663,0.03633623402617233,True,False,False
10.525,0.2514119387803397,0.46463762530817637,3.444009437632742e-05,3.918465661492282e-06,-0.20873151004371418,0.0,0.0005856804522056817,0.4764119222649186,0.0,0.2399088718057349,0.225,0.0,0.23999999999999996,3.0,129.9211935727548,0.03633685627966902,True,False,False
10.53,0.2514121008469192,0.46463646207185855,3.391197626508576e-05,4.201603135963188e-06,-0.20873151004371418,0.0,0.0005856804522056817,0.47641208431184695,0.0,0.23990881757706545,0.225,0.0,0.23999999999999996,3.0,129.92119355393277,0.03633735864291098,True,False,False
10.535,0.2514122603635946,0.46463521851753825,3.338441868408047e-05,4.4790364158766625e-06,-0.20873151004371418,0.0,0.0005856804522056817,0.4764122438091124,0.0,0.2399087640460282,0.225,0.0,0.23999999999999996,3.0,129.9211935352213,0.036337747413399436,True,False,False
10.540000000000001,0.25141241733537895,0.4646338963977523,3.2857432984506424e-05,4.749980917362371e-06,-0.20873151004371418,0.0,0.0005856804522056817,0.47641240076173097,0.0,0.2399087112190521,0.225,0.0,0.23999999999999996,3.0,129.92119351664329,0.03633802820461377,True,False,False
10.545,0.2514125717676247,0.4646324976626917,3.233103207891421e-05,5.013799849172835e-06,-0.20873151004371418,0.0,0.0005856804522056817,0.47641255517505815,0.0,0.23990865910338155,0.225,0.0,0.23999999999999996,3.0,129.92119349821996,0.03633820606847881,True,False,False
10.55,0.25141272366599066,0.4646310244303992,3.180523091710018e-05,5.269993118778486e-06,-0.20875335338057965,0.0,0.0005840776967925933,0.4764127070547559,0.0,0.23990860770685737,0.225,0.0,0.23999999999999996,3.0,129.9211790950516,0.03630381566657716,True,False,False
10.555,0.2514128730347599,0.46462947727044623,3.1281960772469105e-05,5.531355033224518e-06,-0.20875335338057965,0.0,0.0005840776967925933,0.476412856405104,0.0,0.2399085570186294,0.225,0.0,0.23999999999999996,3.0,129.92117907690107,0.036304841983810704,True,False,False
10.56,0.2514130198778395,0.4646278552078302,3.0759764856625675e-05,5.79269898650602e-06,-0.20875335338057965,0.0,0.0005840776967925933,0.4764130032300038,0.0,0.2399085070220763,0.225,0.0,0.23999999999999996,3.0,129.92117905874412,0.036305716115285734,True,False,False
10.565,0.2514131642010292,0.46462615843159977,3.023867271275527e-05,6.052738391297891e-06,-0.20875335338057965,0.0,0.0005840776967925933,0.4764131475352557,0.0,0.23990845771780764,0.225,0.0,0.23999999999999996,3.0,129.9211790406128,0.03630644914833569,True,False,False
10.57,0.25141330601071293,0.46462438749945584,2.9718698983929923e-05,6.310198502986498e-06,-0.20875335338057965,0.0,0.0005840776967925933,0.47641328932724475,0.0,0.23990840910781502,0.225,0.0,0.23999999999999996,3.0,129.92117902253634,0.03630705050686653,True,False,False
10.575000000000001,0.25141344531378923,0.46462254332050135,2.91998503267499e-05,6.563895040074963e-06,-0.20875335338057965,0.0,0.0005840776967925933,0.47641342861287095,0.0,0.2399083611954275,0.225,0.0,0.23999999999999996,3.0,129.92117900454195,0.036307528315195736,True,False,False
10.58,0.25141358211760945,0.464620627129363,2.8682129832422527e-05,6.812775066893487e-06,-0.20875335338057965,0.0,0.0005840776967925933,0.476413565399488,0.0,0.2399083139851801,0.225,0.0,0.23999999999999996,3.0,129.92117898665478,0.036307889667088825,True,False,False
10.585,0.2514137164299216,0.46461864043913237,2.8165539784276374e-05,7.055933999638899e-06,-0.20875335338057965,0.0,0.0005840776967925933,0.47641369969484615,0.0,0.23990826748268634,0.225,0.0,0.23999999999999996,3.0,129.9211789688983,0.03630814082796875,True,False,False
10.59,0.2514138482588194,0.46461658499823005,2.7650083315046995e-05,7.2926179527754936e-06,-0.20875335338057965,0.0,0.0005840776967925933,0.476413831507042,0.0,0.23990822169446752,0.225,0.0,0.23999999999999996,3.0,129.9211789512943,0.03630828738947755,True,False,False
10.595,0.2514139776126998,0.46461446275275853,2.7135765344851683e-05,7.5222174848622084e-06,-0.20875335338057965,0.0,0.0005840776967925933,0.4764139608444754,0.0,0.23990817662778932,0.225,0.0,0.23999999999999996,3.0,129.92117893386347,0.03630833438949215,True,False,False
10.6,0.25141410450022095,0.4646122758065025,2.6622593055736363e-05,7.744256670446435e-06,-0.20877446294949664,0.0,0.0005819851177890582,0.47641408771580795,0.0,0.23990813229053265,0.225,0.0,0.23999999999999996,3.0,129.92115781898949,0.036274956169063004,True,False,False
10.605,0.25141422892876475,0.46461002473120555,2.6113444084748008e-05,7.971296819520945e-06,-0.20877446294949664,0.0,0.0005819851177890582,0.47641421212841556,0.0,0.23990808866556834,0.225,0.0,0.23999999999999996,3.0,129.92115780186685,0.0362758240899662,True,False,False
10.61,0.2514143509053185,0.4646077086159553,2.5605910444020193e-05,8.198134187429045e-06,-0.20877446294949664,0.0,0.0005819851177890582,0.4764143340892776,0.0,0.23990804573021754,0.225,0.0,0.23999999999999996,3.0,129.9211577847606,0.03627654525631015,True,False,False
10.615,0.25141447043859344,0.4646053276919822,2.5100012243842618e-05,8.423536536226477e-06,-0.20877446294949664,0.0,0.0005819851177890582,0.47641445360710605,0.0,0.23990800348533553,0.225,0.0,0.23999999999999996,3.0,129.92115776770112,0.03627713050163988,True,False,False
10.620000000000001,0.25141458753783585,0.4646028825458607,2.459575499111726e-05,8.646283647495059e-06,-0.20877446294949664,0.0,0.0005819851177890582,0.47641457069114823,0.0,0.23990796193309044,0.225,0.0,0.23999999999999996,3.0,129.92115775071613,0.03627758904632403,True,False,False
10.625,0.25141470221275736,0.4646003741030451,2.409313645256589e-05,8.865243113777073e-06,-0.20877446294949664,0.0,0.0005819851177890582,0.4764146853511175,0.0,0.2399079210769313,0.225,0.0,0.23999999999999996,3.0,129.9211577338321,0.03627792884950989,True,False,False
10.63,0.25141481447347586,0.46459780359650077,2.3592151045855352e-05,9.079409692119569e-06,-0.20877446294949664,0.0,0.0005819851177890582,0.4764147975971336,0.0,0.2399078809214769,0.225,0.0,0.23999999999999996,3.0,129.9211577170726,0.036278156869431685,True,False,False
10.635,0.2514149243304625,0.46459517252592053,2.3092792580610072e-05,9.287921609821942e-06,-0.20877446294949664,0.0,0.0005819851177890582,0.47641490743967024,0.0,0.23990784147235472,0.225,0.0,0.23999999999999996,3.0,129.9211577004599,0.036278279259106566,True,False,False
10.64,0.25141503179449093,0.46459248261772507,2.2595055907493925e-05,9.490062725390471e-06,-0.20877446294949664,0.0,0.0005819851177890582,0.47641501488950383,0.0,0.23990780273606438,0.225,0.0,0.23999999999999996,3.0,129.9211576840147,0.03627830151595561,True,False,False
10.645,0.2514151368765968,0.46458973578349333,2.209893785332053e-05,9.68525639654129e-06,-0.20877446294949664,0.0,0.0005819851177890582,0.4764151199576727,0.0,0.2399077647198129,0.225,0.0,0.23999999999999996,3.0,129.92115766775638,0.03627822859801062,True,False,False
10.65,0.2514152395880387,0.46458693407996043,2.1604437695975725e-05,9.873054846979765e-06,-0.20879462953865038,0.0,0.0005794806821885143,0.476415222655439,0.0,0.23990772743137584,0.225,0.0,0.23999999999999996,3.0,129.92113080791037,0.03624620670803189,True,False,False
10.655,0.25141533993889637,0.4645840780796074,2.1115323120110174e-05,1.0065641242599446e-05,-0.20879462953865038,0.0,0.0005794806821885143,0.47641532299287426,0.0,0.23990769084824093,0.225,0.0,0.23999999999999996,3.0,129.92113079198785,0.036246918990984985,True,False,False
10.66,0.2514154379388508,0.46458116693180807,2.0628292573794618e-05,1.0257866449760438e-05,-0.20879462953865038,0.0,0.0005794806821885143,0.47641542097964973,0.0,0.23990765494256822,0.225,0.0,0.23999999999999996,3.0,129.92113077610153,0.03624749139712478,True,False,False
10.665000000000001,0.2514155335991284,0.46457820090618374,2.014335664232167e-05,1.0448563668001603e-05,-0.20879462953865038,0.0,0.0005794806821885143,0.47641551662699233,0.0,0.23990761971541114,0.225,0.0,0.23999999999999996,3.0,129.9211307602803,0.03624793438665527,True,False,False
10.67,0.2514156269314361,0.4645751806065483,1.9660511632884295e-05,1.0636578114467874e-05,-0.20879462953865038,0.0,0.0005794806821885143,0.47641560994661025,0.0,0.2399075851690803,0.225,0.0,0.23999999999999996,3.0,129.9211307445505,0.03624825687339373,True,False,False
10.675,0.2514157179478977,0.4645721069583682,1.9179746336305458e-05,1.082083925430895e-05,-0.20879462953865038,0.0,0.0005794806821885143,0.4764157009506288,0.0,0.23990755130708563,0.225,0.0,0.23999999999999996,3.0,129.9211307289365,0.03624846656132031,True,False,False
10.68,0.2514158066609958,0.4645689811742537,1.8701046358476295e-05,1.1000398250780806e-05,-0.20879462953865038,0.0,0.0005794806821885143,0.47641578965153253,0.0,0.23990751813403516,0.225,0.0,0.23999999999999996,3.0,129.9211307134607,0.03624857019354845,True,False,False
10.685,0.2514158930835197,0.46456580472023545,1.8224396828561432e-05,1.1174443422159996e-05,-0.20879462953865038,0.0,0.0005794806821885143,0.4764158760621133,0.0,0.23990748565549974,0.225,0.0,0.23999999999999996,3.0,129.92113069814403,0.03624857373954143,True,False,False
10.69,0.25141597722852027,0.4645625792796848,1.7749784032627327e-05,1.13423022065689e-05,-0.20879462953865038,0.0,0.0005794806821885143,0.4764159601954241,0.0,0.23990745387786305,0.225,0.0,0.23999999999999996,3.0,129.92113068300583,0.036248482538284194,True,False,False
10.695,0.25141605910926734,0.46455930670154416,1.727719634381513e-05,1.1503435221883984e-05,-0.20879462953865038,0.0,0.0005794806821885143,0.4764160420647381,0.0,0.23990742280817337,0.225,0.0,0.23999999999999996,3.0,129.92113066806422,0.036248301409508375,True,False,False
10.700000000000001,0.25141613873921476,0.4645559889752276,1.6806624698764673e-05,1.1657426040053185e-05,-0.20881367728249683,0.0,0.0005766409025325994,0.47641612168351205,0.0,0.23990739245401396,0.225,0.0,0.23999999999999996,3.0,129.92109902111469,0.036217928019268965,True,False,False
10.705,0.25141621613074416,0.4645526266638655,1.6342695859987095e-05,1.1815953697207303e-05,-0.20881367728249683,0.0,0.0005766409025325994,0.47641619906411775,0.0,0.2399073627883319,0.225,0.0,0.23999999999999996,3.0,129.92109900652844,0.03621848947048997,True,False,False
10.71,0.2514162912958344,0.46454921898349466,1.5881253095305092e-05,1.1973987848996275e-05,-0.20881367728249683,0.0,0.0005766409025325994,0.4764162742185226,0.0,0.23990733377904183,0.225,0.0,0.23999999999999996,3.0,129.92109899199565,0.0362189191327665,True,False,False
10.715,0.2514163642478311,0.46454576622968413,1.5422297604651716e-05,1.2130436228826227e-05,-0.20881367728249683,0.0,0.0005766409025325994,0.47641634716007286,0.0,0.2399073054273591,0.225,0.0,0.23999999999999996,3.0,129.92109897754332,0.03621922699006402,True,False,False
10.72,0.25141643500050415,0.46454226901339823,1.496581657317521e-05,1.2284218423929425e-05,-0.20881367728249683,0.0,0.0005766409025325994,0.4764164179025395,0.0,0.23990727773567563,0.225,0.0,0.23999999999999996,3.0,129.92109896319596,0.03621942156076663,True,False,False
10.725,0.25141650356798984,0.4645387282421786,1.4511789794044266e-05,1.2434333933052456e-05,-0.20881367728249683,0.0,0.0005766409025325994,0.4764164864600605,0.0,0.23990725070750257,0.225,0.0,0.23999999999999996,3.0,129.92109894897618,0.03621951021585432,True,False,False
10.73,0.2514165699647347,0.46453514509975746,1.406019391779081e-05,1.257989740168316e-05,-0.20881367728249683,0.0,0.0005766409025325994,0.47641655284708406,0.0,0.23990722434738626,0.225,0.0,0.23999999999999996,3.0,129.9210989349046,0.03621949941433514,True,False,False
10.735,0.25141663420544785,0.4645315209989928,1.3611005114373159e-05,1.2720153107827388e-05,-0.20881367728249683,0.0,0.0005766409025325994,0.4764166170783216,0.0,0.2399071986607485,0.225,0.0,0.23999999999999996,3.0,129.92109892100106,0.03621939488032437,True,False,False
10.74,0.2514166963050559,0.4645278575536336,1.3164200682770623e-05,1.285447672397923e-05,-0.20881367728249683,0.0,0.0005766409025325994,0.47641667916870223,0.0,0.23990717365378486,0.225,0.0,0.23999999999999996,3.0,129.92109890728324,0.03621920173849378,True,False,False
10.745000000000001,0.2514167562786639,0.4645241565367445,1.2719759969910868e-05,1.2982369629222504e-05,-0.20881367728249683,0.0,0.0005766409025325994,0.4764167391333337,0.0,0.23990714933330487,0.225,0.0,0.23999999999999996,3.0,129.9210988937678,0.03621892461932569,True,False,False
10.75,0.25141681414152345,0.464520419849329,1.2277664842311453e-05,1.3103449187334734e-05,-0.2088314630777412,0.0,0.0005735398491345082,0.4764167969874705,0.0,0.2399071257066046,0.225,0.0,0.23999999999999996,3.0,129.92106339546444,0.0361904405602304,True,False,False
10.755,0.2514168699079214,0.464516648033483,1.1843434911441165e-05,1.3228783511730833e-05,-0.2088314630777412,0.0,0.0005735398491345082,0.47641685274538836,0.0,0.23990710274293564,0.225,0.0,0.23999999999999996,3.0,129.92106338231673,0.0361908577650486,True,False,False
10.76,0.2514169235917459,0.46451284037434143,1.1412048583053964e-05,1.3353517429967551e-05,-0.2088314630777412,0.0,0.0005735398491345082,0.4764169064209625,0.0,0.23990708040684494,0.225,0.0,0.23999999999999996,3.0,129.92106336923703,0.036191152247193416,True,False,False
10.765,0.2514169752080689,0.4645089971880142,1.0983499809358854e-05,1.3476640369739146e-05,-0.2088314630777412,0.0,0.0005735398491345082,0.4764169580292654,0.0,0.23990705869967788,0.225,0.0,0.23999999999999996,3.0,129.9210633562501,0.036191333428081084,True,False,False
10.77,0.25141702477233374,0.4645051190793605,1.05577688023934e-05,1.3597153304471064e-05,-0.2088314630777412,0.0,0.0005735398491345082,0.4764170075857417,0.0,0.2399070376238552,0.225,0.0,0.23999999999999996,3.0,129.92106334337868,0.03619140935587693,True,False,False
10.775,0.251417072300297,0.46450120693023184,1.0134828534352215e-05,1.3714132144714258e-05,-0.2088314630777412,0.0,0.0005735398491345082,0.4764170551061492,0.0,0.23990701718284368,0.225,0.0,0.23999999999999996,3.0,129.9210633306435,0.03619138700288031,True,False,False
10.78,0.2514171178079785,0.46449726187515955,9.714648934540656e-06,1.3826760508455106e-05,-0.2088314630777412,0.0,0.0005735398491345082,0.47641710060650966,0.0,0.23990699738104626,0.225,0.0,0.23999999999999996,3.0,129.9210633180638,0.03619127248562187,True,False,False
10.785,0.2514171613116146,0.4644932852597796,9.297199545926172e-06,1.3934343139067242e-05,-0.2088314630777412,0.0,0.0005735398491345082,0.4764171441030615,0.0,0.2399069782237007,0.225,0.0,0.23999999999999996,3.0,129.92106330565713,0.03619107123044799,True,False,False
10.790000000000001,0.25141720282761787,0.4644892786180871,8.88245116145962e-06,1.4036307461255595e-05,-0.2088314630777412,0.0,0.0005735398491345082,0.4764171856122195,0.0,0.23990695971673298,0.225,0.0,0.23999999999999996,3.0,129.92106329343994,0.036190788100209544,True,False,False
10.795,0.25141724237254076,0.46448524362458055,8.470376793348116e-06,1.4132198196332216e-05,-0.2088314630777412,0.0,0.0005735398491345082,0.4764172251505388,0.0,0.2399069418666409,0.225,0.0,0.23999999999999996,3.0,129.92106328142742,0.036190427492731256,True,False,False
10.8,0.2514172799630441,0.46448118207229755,8.060952215252971e-06,1.422166822393534e-05,-0.20884787557068168,0.0,0.0005702482936599157,0.47641726273468293,0.0,0.23990692468035651,0.225,0.0,0.23999999999999996,3.0,129.92102483375257,0.03616402359801705,True,False,False
10.805,0.25141731561493474,0.46447709447764957,7.660818260334743e-06,1.4315086878995832e-05,-0.20884787557068168,0.0,0.0005702482936599157,0.47641729838044633,0.0,0.23990690812425314,0.225,0.0,0.23999999999999996,3.0,129.92102482211328,0.036164304651679455,True,False,False
10.81,0.2514173493436268,0.4644729801980702,7.263955636718087e-06,1.4407822660569113e-05,-0.20884787557068168,0.0,0.0005702482936599157,0.4764173321032293,0.0,0.23990689216035718,0.225,0.0,0.23999999999999996,3.0,129.9210248105539,0.03616447280330122,True,False,False
10.815,0.25141738116554124,0.4644688395569314,6.8703735496077995e-06,1.4498951994026586e-05,-0.20884787557068168,0.0,0.0005702482936599157,0.47641736391945333,0.0,0.2399068767900987,0.225,0.0,0.23999999999999996,3.0,129.921024799097,0.03616453684171538,True,False,False
10.82,0.25141741109741383,0.46446467315069034,6.480072112310945e-06,1.4587562416118408e-05,-0.20884787557068168,0.0,0.0005702482936599157,0.4764173938458553,0.0,0.2399068620158949,0.225,0.0,0.23999999999999996,3.0,129.92102478776317,0.03616450428393956,True,False,False
10.825000000000001,0.25141743915624315,0.46446048181986704,6.093050163518201e-06,1.4672810920571713e-05,-0.20884787557068168,0.0,0.0005702482936599157,0.47641742189943503,0.0,0.23990684784111432,0.225,0.0,0.23999999999999996,3.0,129.9210247765713,0.03616438164987533,True,False,False
10.83,0.25141746535924464,0.46445626663885503,5.709311378190801e-06,1.475395407262829e-05,-0.20884787557068168,0.0,0.0005702482936599157,0.4764174480974097,0.0,0.23990683426997403,0.225,0.0,0.23999999999999996,3.0,129.9210247655387,0.03616417466566543,True,False,False
10.835,0.2514174897238047,0.4644520288766955,5.328869659951427e-06,1.4830360287090134e-05,-0.20884787557068168,0.0,0.0005702482936599157,0.47641747245716776,0.0,0.2399068213074601,0.225,0.0,0.23999999999999996,3.0,129.92102475468135,0.03616388841672118,True,False,False
10.84,0.2514175122674473,0.4644477699664824,4.951754709800796e-06,1.4901511178288392e-05,-0.20884787557068168,0.0,0.0005702482936599157,0.4764174949962351,0.0,0.23990680895917568,0.225,0.0,0.23999999999999996,3.0,129.92102474401403,0.03616352746483496,True,False,False
10.845,0.2514175330077972,0.46444349147476544,4.578018743399383e-06,1.496699652039054e-05,-0.20884787557068168,0.0,0.0005702482936599157,0.47641751573223906,0.0,0.2399067972312442,0.225,0.0,0.23999999999999996,3.0,129.92102473355015,0.0361630959392294,True,False,False
10.85,0.25141755196255444,0.4644391950740906,4.207745633458242e-06,1.5026505756626862e-05,-0.20886283377194248,0.0,0.0005668329831628871,0.47641753468288206,0.0,0.23990678613017058,0.225,0.0,0.23999999999999996,3.0,129.92098419468036,0.03613891499491752,True,False,False
10.855,0.25141756914867225,0.46443488124501725,3.8499042824500475e-06,1.5089640013890815e-05,-0.20886283377194248,0.0,0.0005668329831628871,0.47641755186510426,0.0,0.2399067756202279,0.225,0.0,0.23999999999999996,3.0,129.92098418458949,0.036139069236947624,True,False,False
10.86,0.2514175845827233,0.46443054941653583,3.497128523363314e-06,1.5152032116633766e-05,-0.20886283377194248,0.0,0.0005668329831628871,0.47641756729546364,0.0,0.23990676566172292,0.225,0.0,0.23999999999999996,3.0,129.92098417458777,0.03613912093814572,True,False,False
10.865,0.25141759828211296,0.4644261999201013,3.1499407997067024e-06,1.5212849033169189e-05,-0.20886283377194248,0.0,0.0005668329831628871,0.4764175809913661,0.0,0.23990675625614058,0.225,0.0,0.23999999999999996,3.0,129.9209841646956,0.036139078200487534,True,False,False
10.870000000000001,0.25141761026450693,0.4644218333241822,2.809095423461258e-06,1.5271268300807488e-05,-0.20886283377194248,0.0,0.0005668329831628871,0.47641759297047853,0.0,0.23990674740585266,0.225,0.0,0.23999999999999996,3.0,129.92098415493138,0.03613894796234747,True,False,False
10.875,0.2514176205477851,0.4644174504279942,2.4757390995180868e-06,1.532653105481296e-05,-0.20886283377194248,0.0,0.0005668329831628871,0.4764176032506817,0.0,0.23990673911408295,0.225,0.0,0.23999999999999996,3.0,129.92098414531205,0.0361387362491275,True,False,False
10.88,0.25141762914999627,0.4644130522309036,2.1516941287420076e-06,1.5377969352841423e-05,-0.20886283377194248,0.0,0.0005668329831628871,0.4764176118500263,0.0,0.23990673138483432,0.225,0.0,0.23999999999999996,3.0,129.92098413585308,0.03613844835884233,True,False,False
10.885,0.25141763608932133,0.46440863991438724,1.8399896726901658e-06,1.5425017264246343e-05,-0.20886283377194248,0.0,0.0005668329831628871,0.4764176187866948,0.0,0.2399067242227778,0.225,0.0,0.23999999999999996,3.0,129.92098412656867,0.03613808900181084,True,False,False
10.89,0.2514176413840376,0.46440421480515504,1.5459052644369404e-06,1.5467212017123238e-05,-0.20886283377194248,0.0,0.0005668329831628871,0.4764176240789666,0.0,0.23990671763315266,0.225,0.0,0.23999999999999996,3.0,129.92098411747193,0.03613766240759131,True,False,False
10.895,0.2514176450524895,0.4643997783476888,1.2790492094220283e-06,1.5504189336538397e-05,-0.20886283377194248,0.0,0.0005668329831628871,0.47641762774518825,0.0,0.23990671162164898,0.225,0.0,0.23999999999999996,3.0,129.92098410857494,0.03613717240814149,True,False,False
10.9,0.25141764711306164,0.4643953320767797,1.057148640193037e-06,1.553567564974815e-05,-0.2088762853546081,0.0,0.0005633560440973625,0.4764176298037467,0.0,0.2399067061943103,0.225,0.0,0.23999999999999996,3.0,129.92094228446356,0.036115311628135076,True,False,False
10.905,0.2514176475835005,0.4643908764418543,9.276701800490685e-07,1.5570452137459103e-05,-0.2088762853546081,0.0,0.0005633560440973625,0.4764176302723746,0.0,0.23990670131403677,0.225,0.0,0.23999999999999996,3.0,129.92094227593338,0.03611534938381576,True,False,False
10.91,0.2514176464811867,0.4643864109372065,9.061260913137976e-07,1.5604448907869067e-05,-0.2088762853546081,0.0,0.0005633560440973625,0.47641762916843755,0.0,0.23990669694016334,0.225,0.0,0.23999999999999996,3.0,129.92094226749927,0.036115295299099646,True,False,False
10.915000000000001,0.2514176438241657,0.4643819358937571,9.960726706012992e-07,1.563692537481218e-05,-0.2088762853546081,0.0,0.0005633560440973625,0.47641762650998165,0.0,0.2399066930741966,0.225,0.0,0.23999999999999996,3.0,129.9209422591792,0.036115156749887876,True,False,False
10.92,0.25141763963069186,0.464377451851995,1.1692264021088058e-06,1.5667150888705804e-05,-0.2088762853546081,0.0,0.0005633560440973625,0.4764176223152621,0.0,0.23990668971842755,0.225,0.0,0.23999999999999996,3.0,129.92094225098955,0.036114940061269,True,False,False
10.925,0.25141763391918426,0.46437295955413915,1.392563821708568e-06,1.5694452280526896e-05,-0.2088762853546081,0.0,0.0005633560440973625,0.4764176166026991,0.0,0.23990668687591082,0.225,0.0,0.23999999999999996,3.0,129.9209422429451,0.036114650733171876,True,False,False
10.93,0.2514176267081883,0.46436845992452613,1.6438197219381787e-06,1.5718238314745234e-05,-0.2088762853546081,0.0,0.0005633560440973625,0.4764176093908396,0.0,0.23990668455038255,0.225,0.0,0.23999999999999996,3.0,129.9209422350595,0.036114293607500556,True,False,False
10.935,0.2514176180163416,0.46436395404607383,1.9103789707010702e-06,1.5738009562862754e-05,-0.2088762853546081,0.0,0.0005633560440973625,0.4764176006983226,0.0,0.23990668274617494,0.225,0.0,0.23999999999999996,3.0,129.92094222734528,0.03611387299397715,True,False,False
10.94,0.25141760786234174,0.4643594431265378,2.1852584283145745e-06,1.575335935326541e-05,-0.2088762853546081,0.0,0.0005633560440973625,0.4764175905438477,0.0,0.23990668146811653,0.225,0.0,0.23999999999999996,3.0,129.92094221981378,0.03611339276650255,True,False,False
10.945,0.2514175962649199,0.46435492848125115,2.464476013841385e-06,1.576396951166313e-05,-0.2088762853546081,0.0,0.0005633560440973625,0.47641757894614795,0.0,0.23990668072143498,0.225,0.0,0.23999999999999996,3.0,129.92094221247552,0.03611285643811658,True,False,False
10.950000000000001,0.2514175832428179,0.4643504115048729,2.745661048127536e-06,1.5769603296178616e-05,-0.2088882046913021,0.0,0.0005598745110570113,0.47641756592396717,0.0,0.23990668051166097,0.225,0.0,0.23999999999999996,3.0,129.9208998500048,0.036093370376509164,True,False,False
10.955,0.25141756881424254,0.4643458926031322,3.026922723586424e-06,1.5778186968598956e-05,-0.2088882046913021,0.0,0.0005598745110570113,0.47641755149549814,0.0,0.23990668080100702,0.225,0.0,0.23999999999999996,3.0,129.92089984302265,0.036093302708627324,True,False,False
10.96,0.2514175529970515,0.46434137134269954,3.3067847984010413e-06,1.5785973433023863e-05,-0.2088882046913021,0.0,0.0005598745110570113,0.47641753567858347,0.0,0.23990668154853292,0.225,0.0,0.23999999999999996,3.0,129.9208998361411,0.03609315405288407,True,False,False
10.965,0.2514175358096108,0.46433684804218484,3.5847248341770064e-06,1.5792314937327472e-05,-0.2088882046913021,0.0,0.0005598745110570113,0.47641751849158964,0.0,0.2399066827557346,0.225,0.0,0.23999999999999996,3.0,129.92089982937583,0.03609293103408674,True,False,False
10.97,0.2514175172704433,0.4643323232085938,3.860389810520688e-06,1.579657296121561e-05,-0.2088882046913021,0.0,0.0005598745110570113,0.47641749995304045,0.0,0.23990668442479796,0.225,0.0,0.23999999999999996,3.0,129.92089982274095,0.036092639341534574,True,False,False
10.975,0.25141749739819247,0.46432779752399284,4.133538719344275e-06,1.5798160201938653e-05,-0.2088882046913021,0.0,0.0005598745110570113,0.47641748008158014,0.0,0.2399066865585699,0.225,0.0,0.23999999999999996,3.0,129.92089981624952,0.03609228392923194,True,False,False
10.98,0.25141747621158567,0.46432327182903443,4.404006392526137e-06,1.579656212349983e-05,-0.2088882046913021,0.0,0.0005598745110570113,0.47641745889593756,0.0,0.23990668916049757,0.225,0.0,0.23999999999999996,3.0,129.92089980991312,0.036091869164230225,True,False,False
10.985,0.2514174537294054,0.4643187471009856,4.671680041417852e-06,1.5791345607497057e-05,-0.2088882046913021,0.0,0.0005598745110570113,0.4764174364148967,0.0,0.23990669223454342,0.225,0.0,0.23999999999999996,3.0,129.92089980374257,0.0360913989383536,True,False,False
10.99,0.25141742997046057,0.46431422442783093,4.9364836614805896e-06,1.578215971377201e-05,-0.2088882046913021,0.0,0.0005598745110570113,0.4764174126572679,0.0,0.2399066957851026,0.225,0.0,0.23999999999999996,3.0,129.92089979774758,0.036090876753780914,True,False,False
10.995000000000001,0.2514174049535648,0.46430970498629903,5.1983674432048225e-06,1.576873183935119e-05,-0.2088882046913021,0.0,0.0005598745110570113,0.47641738764186664,0.0,0.2399066998168955,0.225,0.0,0.23999999999999996,3.0,129.9208997919369,0.03609030578964196,True,False,False
11.0,0.2514173786975116,0.464305190026167,5.45730044879183e-06,1.5750861403425295e-05,-0.20889859068413608,0.0,0.0005564399763608901,0.47641736138748814,0.0,0.23990670433492772,0.225,0.0,0.23999999999999996,3.0,129.92085757360448,0.036073209605502934,True,False,False
11.005,0.2514173512206605,0.46430067990787327,5.710276106380539e-06,1.5735600456183443e-05,-0.20889859068413608,0.0,0.0005564399763608901,0.4764173339124781,0.0,0.23990670930134905,0.225,0.0,0.23999999999999996,3.0,129.92085756813523,0.036073048079031916,True,False,False
11.01,0.2514173225410425,0.4642961742633978,5.959925814318132e-06,1.571954309928336e-05,-0.20889859068413608,0.0,0.0005564399763608901,0.47641730523485215,0.0,0.23990671467556596,0.225,0.0,0.23999999999999996,3.0,129.920857562769,0.036072816397837194,True,False,False
11.015,0.25141729267704704,0.4642916733990208,6.206235058244562e-06,1.5702133427898182e-05,-0.20889859068413608,0.0,0.0005564399763608901,0.47641727537300055,0.0,0.23990672045903869,0.225,0.0,0.23999999999999996,3.0,129.9208575575192,0.036072520423826505,True,False,False
11.02,0.2514172616471737,0.46428717778117506,6.449201610165568e-06,1.5682824008949842e-05,-0.20889859068413608,0.0,0.0005564399763608901,0.4764172443454233,0.0,0.23990672665382567,0.225,0.0,0.23999999999999996,3.0,129.9208575523979,0.03607216519931651,True,False,False
11.025,0.2514172294699988,0.46428268802703493,6.688832387484414e-06,1.5661112322447385e-05,-0.20889859068413608,0.0,0.0005564399763608901,0.4764172121706979,0.0,0.2399067332625481,0.225,0.0,0.23999999999999996,3.0,129.920857547416,0.036071755121758906,True,False,False
11.03,0.2514171961641461,0.4642782048903915,6.925141047838845e-06,1.563655941965802e-05,-0.20889859068413608,0.0,0.0005564399763608901,0.4764171788674491,0.0,0.23990674028833642,0.225,0.0,0.23999999999999996,3.0,129.92085754258338,0.03607129407324296,True,False,False
11.035,0.25141716174825873,0.4642737292388946,7.15814617288554e-06,1.5608797362620995e-05,-0.20889859068413608,0.0,0.0005564399763608901,0.4764171444543214,0.0,0.23990674773475967,0.225,0.0,0.23999999999999996,3.0,129.92085753790914,0.03607078551807091,True,False,False
11.040000000000001,0.2514171262409761,0.4642692620360015,7.3878699077066095e-06,1.5577529805599423e-05,-0.20889859068413608,0.0,0.0005564399763608901,0.4764171089499556,0.0,0.2399067556057548,0.225,0.0,0.23999999999999996,3.0,129.92085753340135,0.03607023257752811,True,False,False
11.045,0.25141708966091336,0.4642648043213553,7.614336945420176e-06,1.554252858107294e-05,-0.20889859068413608,0.0,0.0005564399763608901,0.47641707237296843,0.0,0.23990676390554003,0.225,0.0,0.23999999999999996,3.0,129.92085752906755,0.03606963808808833,True,False,False
11.05,0.25141705202664233,0.46426035718802255,7.837573770266709e-06,1.550362814210445e-05,-0.20890746443947897,0.0,0.0005530983535615454,0.4764170347419332,0.0,0.239906772638555,0.225,0.0,0.23999999999999996,3.0,129.9208160691323,0.03605491108063844,True,False,False
11.055,0.25141701335639394,0.46425592095661156,8.053815914394091e-06,1.5467001501158823e-05,-0.20890746443947897,0.0,0.0005530983535615454,0.47641699607506705,0.0,0.23990678176746383,0.225,0.0,0.23999999999999996,3.0,129.92081606512127,0.036054667542592914,True,False,False
11.06,0.25141697366809224,0.46425149531890336,8.266650803189385e-06,1.5429595657443055e-05,-0.20890746443947897,0.0,0.0005530983535615454,0.47641695639027926,0.0,0.23990679125257922,0.225,0.0,0.23999999999999996,3.0,129.92081606121377,0.03605436450873515,True,False,False
11.065,0.25141693297988216,0.4642470805641087,8.476090029575617e-06,1.5390944337207458e-05,-0.20890746443947897,0.0,0.0005530983535615454,0.4764169157057152,0.0,0.23990680109531504,0.225,0.0,0.23999999999999996,3.0,129.9208160574209,0.03605400707839337,True,False,False
11.07,0.25141689130997585,0.46424267711491196,8.682152044946675e-06,1.535058893931261e-05,-0.20890746443947897,0.0,0.0005530983535615454,0.47641687403958777,0.0,0.23990681129756697,0.225,0.0,0.23999999999999996,3.0,129.92081605375273,0.03605359964610651,True,False,False
11.075000000000001,0.25141684867662184,0.46423828552198304,8.88485996595253e-06,1.5308109524622143e-05,-0.20890746443947897,0.0,0.0005530983535615454,0.47641683141014624,0.0,0.23990682186171325,0.225,0.0,0.23999999999999996,3.0,129.92081605021824,0.03605314605118437,True,False,False
11.08,0.2514168050980797,0.46423390644671,9.0842400491754e-06,1.5263140636292142e-05,-0.20890746443947897,0.0,0.0005530983535615454,0.4764167878356512,0.0,0.23990683279055824,0.225,0.0,0.23999999999999996,3.0,129.92081604682556,0.036052649688605255,True,False,False
11.085,0.25141676059259915,0.464229540647073,9.2803206356289e-06,1.5215377555723104e-05,-0.20890746443947897,0.0,0.0005530983535615454,0.4764167433343536,0.0,0.23990684408726595,0.225,0.0,0.23999999999999996,3.0,129.9208160435821,0.0360521135926104,True,False,False
11.09,0.25141671517839725,0.4642251889603759,9.473131422489494e-06,1.5164576716378613e-05,-0.20890746443947897,0.0,0.0005530983535615454,0.4764166979244716,0.0,0.23990685575530057,0.225,0.0,0.23999999999999996,3.0,129.92081604049443,0.036051540500790305,True,False,False
11.095,0.25141666887364217,0.4642208522844067,9.662702961057682e-06,1.5110552718568554e-05,-0.20890746443947897,0.0,0.0005530983535615454,0.4764166516241747,0.0,0.23990686779836518,0.225,0.0,0.23999999999999996,3.0,129.92081603756864,0.03605093290399658,True,False,False
11.1,0.25141662169643686,0.4642165315640933,9.849066310255328e-06,1.5053173524917701e-05,-0.20891486683683436,0.0,0.0005498897471633248,0.4764166044515673,0.0,0.23990688022033363,0.225,0.0,0.23999999999999996,3.0,129.92077587956834,0.03603852223992988,True,False,False
11.105,0.2514165736646308,0.46421222707075255,1.002814419592512e-05,1.4997741439396038e-05,-0.20891486683683436,0.0,0.0005498897471633248,0.47641655642448544,0.0,0.23990689298488507,0.225,0.0,0.23999999999999996,3.0,129.920775876944,0.036038208616193154,True,False,False
11.11,0.25141652479579,0.4642079385575163,1.0203895737573724e-05,1.4941561825699822e-05,-0.20891486683683436,0.0,0.0005498897471633248,0.4764165075604807,0.0,0.23990690605373832,0.225,0.0,0.23999999999999996,3.0,129.92077587442185,0.03603784584386453,True,False,False
11.115,0.2514164751075771,0.46420366628942233,1.037633865106649e-05,1.4884254745533741e-05,-0.20891486683683436,0.0,0.0005498897471633248,0.4764164578772163,0.0,0.23990691942822578,0.225,0.0,0.23999999999999996,3.0,129.92077587201086,0.03603743827097643,True,False,False
11.120000000000001,0.2514164246176794,0.4641994106453642,1.0545495972389321e-05,1.482544711027587e-05,-0.20891486683683436,0.0,0.0005498897471633248,0.4764164073923801,0.0,0.23990693311008046,0.225,0.0,0.23999999999999996,3.0,129.92077586971922,0.03603698965291127,True,False,False
11.125,0.2514163733437857,0.4641951721039631,1.0711394144944902e-05,1.4764798380591416e-05,-0.20891486683683436,0.0,0.0005498897471633248,0.47641635612366173,0.0,0.23990694710142177,0.225,0.0,0.23999999999999996,3.0,129.92077586755403,0.036036503277448874,True,False,False
11.13,0.2514163213035646,0.46419095123650606,1.0874061750172287e-05,1.4702013637823827e-05,-0.20891486683683436,0.0,0.0005498897471633248,0.47641630408873054,0.0,0.23990696140471435,0.225,0.0,0.23999999999999996,3.0,129.9207758655217,0.036035982057538725,True,False,False
11.135,0.25141626851464444,0.46418674869124604,1.1033528673318982e-05,1.4636848698494661e-05,-0.20891486683683436,0.0,0.0005498897471633248,0.47641625130521587,0.0,0.23990697602271235,0.225,0.0,0.23999999999999996,3.0,129.92077586362808,0.03603542860126871,True,False,False
11.14,0.2514162149945989,0.46418256517848694,1.1189825560657143e-05,1.4569110373479803e-05,-0.20891486683683436,0.0,0.0005498897471633248,0.47641619779069233,0.0,0.23990699095841095,0.225,0.0,0.23999999999999996,3.0,129.92077586187835,0.03603484526553747,True,False,False
11.145,0.2514161607609296,0.4641784014580231,1.1342983469983168e-05,1.4498653906815996e-05,-0.20891486683683436,0.0,0.0005498897471633248,0.47641614356266293,0.0,0.23990700621498667,0.225,0.0,0.23999999999999996,3.0,129.92077586027708,0.03603423419787861,True,False,False
11.15,0.25141610583105434,0.46417425832343717,1.1493033648022973e-05,1.442537890965402e-05,-0.2089208560378879,0.0,0.0005468484207134316,0.47641608863854645,0.0,0.2399070217957554,0.225,0.0,0.23999999999999996,3.0,129.9207374758304,0.03602405875737398,True,False,False
11.155,0.251416050222218,0.4641701360022046,1.1635810730567611e-05,1.4353737081743449e-05,-0.2089208560378879,0.0,0.0005468484207134316,0.4764160330355749,0.0,0.23990703766585192,0.225,0.0,0.23999999999999996,3.0,129.92073747450704,0.03602368686787227,True,False,False
11.16,0.25141599395140685,0.4641660342993621,1.1775397287650005e-05,1.4281391901254806e-05,-0.2089208560378879,0.0,0.0005468484207134316,0.4764159767707209,0.0,0.23990705378882266,0.225,0.0,0.23999999999999996,3.0,129.92073747328303,0.03602327574557731,True,False,False
11.165000000000001,0.25141593703559034,0.46416195345730366,1.1911814260258576e-05,1.4208045541940272e-05,-0.2089208560378879,0.0,0.0005468484207134316,0.47641591986095444,0.0,0.23990707016591062,0.225,0.0,0.23999999999999996,3.0,129.92073747216526,0.03602282900826047,True,False,False
11.17,0.2514158794917268,0.4641578938063743,1.2045086794679346e-05,1.413340619470984e-05,-0.2089208560378879,0.0,0.0005468484207134316,0.4764158623232343,0.0,0.23990708679866718,0.225,0.0,0.23999999999999996,3.0,129.92073747116,0.036022349789158546,True,False,False
11.175,0.2514158213367429,0.46415385575466583,1.2175242626062392e-05,1.4057208700233066e-05,-0.2089208560378879,0.0,0.0005468484207134316,0.4764158041744878,0.0,0.23990710368894808,0.225,0.0,0.23999999999999996,3.0,129.92073747027277,0.036021840838454396,True,False,False
11.18,0.25141576258751647,0.4641498397833083,1.2302311029499844e-05,1.3979224991515408e-05,-0.2089208560378879,0.0,0.0005468484207134316,0.4764157454315936,0.0,0.2399071208388749,0.225,0.0,0.23999999999999996,3.0,129.92073746950834,0.03602130459861595,True,False,False
11.185,0.2514157032608616,0.4641458464299832,1.2426322149839078e-05,1.389926812150906e-05,-0.2089208560378879,0.0,0.0005468484207134316,0.4764156861113665,0.0,0.23990713825079307,0.225,0.0,0.23999999999999996,3.0,129.92073746887104,0.03602074326125947,True,False,False
11.19,0.251415643373515,0.464141876284214,1.2547306581420131e-05,1.3817192381483006e-05,-0.2089208560378879,0.0,0.0005468484207134316,0.476415626230544,0.0,0.23990715592722936,0.225,0.0,0.23999999999999996,3.0,129.92073746836465,0.03602015881079972,True,False,False
11.195,0.25141558294212335,0.46413792996773634,1.2665295110710662e-05,1.3732891153590112e-05,-0.2089208560378879,0.0,0.0005468484207134316,0.47641556580577393,0.0,0.23990717387084828,0.225,0.0,0.23999999999999996,3.0,129.92073746799255,0.036019553058490604,True,False,False
11.200000000000001,0.251415521983234,0.4641340081290025,1.2780318563562351e-05,1.364629355935839e-05,-0.20892550497833734,0.0,0.0005440028542754411,0.4764155048536045,0.0,0.23990719208440986,0.225,0.0,0.23999999999999996,3.0,129.9207012567772,0.03601150733159914,True,False,False
11.205,0.2514154605132936,0.46413011095003115,1.2888261645922868e-05,1.356103115123048e-05,-0.20892550497833734,0.0,0.0005440028542754411,0.47641544339047004,0.0,0.23990721053488484,0.225,0.0,0.23999999999999996,3.0,129.92070125665762,0.03601108872479644,True,False,False
11.21,0.25141539854851574,0.4641262382861668,1.2993185189119184e-05,1.3475120106083064e-05,-0.20892550497833734,0.0,0.0005440028542754411,0.47641538143257156,0.0,0.2399072291880061,0.225,0.0,0.23999999999999996,3.0,129.92070125663315,0.03601064026765533,True,False,False
11.215,0.25141533610499794,0.464122390352406,1.309511227232214e-05,1.338833970945909e-05,-0.20892550497833734,0.0,0.0005440028542754411,0.47641531899600686,0.0,0.2399072480449107,0.225,0.0,0.23999999999999996,3.0,129.92070125670887,0.03601016487722959,True,False,False
11.22,0.2514152731987935,0.46411856743049856,1.3194069201317919e-05,1.3300474434853315e-05,-0.20892550497833734,0.0,0.0005440028542754411,0.4764152560968298,0.0,0.23990726710696075,0.225,0.0,0.23999999999999996,3.0,129.9207012568892,0.036009665088960065,True,False,False
11.225,0.25141520984589477,0.46411476985795547,1.3290084210185894e-05,1.3211329783793885e-05,-0.20892550497833734,0.0,0.0005440028542754411,0.47641519275103317,0.0,0.2399072863757502,0.225,0.0,0.23999999999999996,3.0,129.92070125717797,0.03600914313578118,True,False,False
11.23,0.25141514606222193,0.4641109980272664,1.3383186629650753e-05,1.3120740245965333e-05,-0.20892550497833734,0.0,0.0005440028542754411,0.47641512897453786,0.0,0.23990730585305364,0.225,0.0,0.23999999999999996,3.0,129.92070125757857,0.03600860100690521,True,False,False
11.235,0.25141508186360906,0.46410725237098027,1.3473406365001515e-05,1.302857230485766e-05,-0.20892550497833734,0.0,0.0005440028542754411,0.4764150647831785,0.0,0.23990732554081823,0.225,0.0,0.23999999999999996,3.0,129.92070125809397,0.0360080404922371,True,False,False
11.24,0.25141501726579457,0.46410353335856513,1.3560773576837228e-05,1.2934724429976635e-05,-0.20892550497833734,0.0,0.0005440028542754411,0.47641500019269434,0.0,0.23990734544111045,0.225,0.0,0.23999999999999996,3.0,129.9207012587267,0.03600746321650295,True,False,False
11.245000000000001,0.25141495228441224,0.46409984147991856,1.3645318492886118e-05,1.283912532784676e-05,-0.20892550497833734,0.0,0.0005440028542754411,0.47641493521871986,0.0,0.239907365556096,0.225,0.0,0.23999999999999996,3.0,129.92070125947888,0.03600687066589385,True,False,False
11.25,0.251414886934983,0.4640961772453673,1.3727071303026239e-05,1.2741731273103406e-05,-0.2089288988812888,0.0,0.0005413758813870333,0.4764148698767766,0.0,0.23990738588800065,0.225,0.0,0.23999999999999996,3.0,129.92066755026931,0.03600082863677147,True,False,False
11.255,0.2514148212329919,0.4640925407922145,1.3802062751757772e-05,1.2645393041154336e-05,-0.2089288988812888,0.0,0.0005413758813870333,0.47641480418233856,0.0,0.23990740640594058,0.225,0.0,0.23999999999999996,3.0,129.92066755124748,0.03600037444408353,True,False,False
11.26,0.25141475519371764,0.46408893201823354,1.3874232635114341e-05,1.2548469500847872e-05,-0.2089288988812888,0.0,0.0005413758813870333,0.47641473815067226,0.0,0.23990742707812673,0.225,0.0,0.23999999999999996,3.0,129.9206675523153,0.035999899165856816,True,False,False
11.265,0.2514146888322355,0.46408535111255356,1.394360542636067e-05,1.2450811420273518e-05,-0.2089288988812888,0.0,0.0005413758813870333,0.4764146717968536,0.0,0.23990744790557733,0.225,0.0,0.23999999999999996,3.0,129.92066755347614,0.035999405055231755,True,False,False
11.27,0.25141462216354776,0.464081798306714,1.4010207937262277e-05,1.2352273941312047e-05,-0.2089288988812888,0.0,0.0005413758813870333,0.4764146051358852,0.0,0.23990746888946876,0.225,0.0,0.23999999999999996,3.0,129.92066755473277,0.03599889408048134,True,False,False
11.275,0.2514145552025721,0.46407827387152417,1.4074068344427603e-05,1.2252727944213921e-05,-0.2089288988812888,0.0,0.0005413758813870333,0.4764145381826851,0.0,0.23990749003112055,0.225,0.0,0.23999999999999996,3.0,129.9206675560876,0.03599836798314241,True,False,False
11.28,0.25141448796413113,0.46407477811078174,1.4135215570938635e-05,1.2152065693297978e-05,-0.2089288988812888,0.0,0.0005413758813870333,0.47641447095207645,0.0,0.2399075113319818,0.225,0.0,0.23999999999999996,3.0,129.92066755754269,0.035997828321279714,True,False,False
11.285,0.25141442046294443,0.4640713113581327,1.4193678902876887e-05,1.2050202894124543e-05,-0.2089288988812888,0.0,0.0005413758813870333,0.4764144034587795,0.0,0.23990753279360552,0.225,0.0,0.23999999999999996,3.0,129.9206675590996,0.035997276502223945,True,False,False
11.290000000000001,0.25141435271362156,0.46406787396686155,1.4249487759141223e-05,1.1947078574506137e-05,-0.2089288988812888,0.0,0.0005413758813870333,0.4764143357174041,0.0,0.23990755441761788,0.225,0.0,0.23999999999999996,3.0,129.9206675607598,0.0359967138077685,True,False,False
11.295,0.251414284730654,0.46406446630361,1.430267155983692e-05,1.1842653714375401e-05,-0.2089288988812888,0.0,0.0005413758813870333,0.4764142677424426,0.0,0.23990757620570102,0.225,0.0,0.23999999999999996,3.0,129.92066756252436,0.035996141413871245,True,False,False
11.3,0.25141421652841045,0.4640610887444487,1.4353259656758578e-05,1.17369092207784e-05,-0.2089311328269402,0.0,0.0005389848963077723,0.47641419954826403,0.0,0.23990759815957302,0.225,0.0,0.23999999999999996,3.0,129.92063661517687,0.03599196037657251,True,False,False
11.305,0.2514141481212813,0.4640577413858534,1.4397499813846206e-05,1.1631961942405508e-05,-0.2089311328269402,0.0,0.0005389848963077723,0.4764141311492485,0.0,0.2399076202507453,0.225,0.0,0.23999999999999996,3.0,129.92063661714016,0.03599148118694516,True,False,False
11.31,0.25141407952347605,0.46405442416407466,1.4439137481231976e-05,1.1526499429974174e-05,-0.2089311328269402,0.0,0.0005389848963077723,0.4764140625595945,0.0,0.23990764245012947,0.225,0.0,0.23999999999999996,3.0,129.92063661918684,0.03599098899178287,True,False,False
11.315,0.2514140107489271,0.4640511372391962,1.4478197898893856e-05,1.1420437818989175e-05,-0.2089311328269402,0.0,0.0005389848963077723,0.47641399379323507,0.0,0.23990766475862552,0.225,0.0,0.23999999999999996,3.0,129.92063662131847,0.03599048542314279,True,False,False
11.32,0.25141394181146987,0.46404788079407755,1.4514707837433434e-05,1.131369682995431e-05,-0.2089311328269402,0.0,0.0005389848963077723,0.47641392486400574,0.0,0.23990768717721372,0.225,0.0,0.23999999999999996,3.0,129.92063662353647,0.035989971917984406,True,False,False
11.325000000000001,0.2514138727248335,0.46404465503356873,1.4548694944117979e-05,1.120620700835485e-05,-0.2089311328269402,0.0,0.0005389848963077723,0.47641385578563605,0.0,0.2399077097069549,0.225,0.0,0.23999999999999996,3.0,129.9206366258418,0.03598944975689505,True,False,False
11.33,0.2514138035026353,0.4640414601805843,1.4580187330242167e-05,1.1097913241142055e-05,-0.2089311328269402,0.0,0.0005389848963077723,0.4764137865717437,0.0,0.239907732348976,0.225,0.0,0.23999999999999996,3.0,129.92063662823537,0.03598892009298862,True,False,False
11.335,0.25141373415837487,0.46403829647139094,1.4609213317683123e-05,1.0988775945354938e-05,-0.2089311328269402,0.0,0.0005389848963077723,0.4764137172358287,0.0,0.23990775510445056,0.225,0.0,0.23999999999999996,3.0,129.92063663071767,0.03598838397383525,True,False,False
11.34,0.25141366470542864,0.46403516415168106,1.4635801288995044e-05,1.0878770853137249e-05,-0.2089311328269402,0.0,0.0005389848963077723,0.47641364779126794,0.0,0.23990777797459162,0.225,0.0,0.23999999999999996,3.0,129.92063663328898,0.03598784235838624,True,False,False
11.345,0.25141359515704736,0.4640320634718596,1.4659979603843406e-05,1.0767887997251572e-05,-0.2089311328269402,0.0,0.0005389848963077723,0.47641357825131253,0.0,0.23990780096062414,0.225,0.0,0.23999999999999996,3.0,129.92063663594948,0.03598729613024589,True,False,False
11.35,0.2514135255263501,0.4640289946831174,1.4681776557010028e-05,1.0656130285859594e-05,-0.20893230940913698,0.0,0.0005368421217183896,0.47641350862908194,0.0,0.23990782406377964,0.225,0.0,0.23999999999999996,3.0,129.92060864421452,0.03598482038614834,True,False,False
11.355,0.2514134558265279,0.4640259578410687,1.4697710760290105e-05,1.0544933564556365e-05,-0.20893230940913698,0.0,0.0005368421217183896,0.4764134389377578,0.0,0.23990784725816128,0.225,0.0,0.23999999999999996,3.0,129.92060864704624,0.03598432614072171,True,False,False
11.36,0.25141338607061536,0.4640229529164934,1.4711277429931157e-05,1.0433296643044506e-05,-0.20893230940913698,0.0,0.0005368421217183896,0.4764133691903649,0.0,0.23990787051754764,0.225,0.0,0.23999999999999996,3.0,129.92060864995415,0.0359838262343505,True,False,False
11.365,0.2514133162713101,0.4640199800403978,1.472250201581299e-05,1.0321194559757507e-05,-0.20893230940913698,0.0,0.0005368421217183896,0.4764132993996013,0.0,0.2399078938427086,0.225,0.0,0.23999999999999996,3.0,129.92060865293845,0.03598332172565471,True,False,False
11.370000000000001,0.2514132464411919,0.46401703934771216,1.4731410768222403e-05,1.020860518369949e-05,-0.20893230940913698,0.0,0.0005368421217183896,0.476413229578047,0.0,0.2399079172344358,0.225,0.0,0.23999999999999996,3.0,129.92060865599916,0.03598281356033407,True,False,False
11.375,0.25141317659271734,0.4640141309827894,1.4738030390622824e-05,1.009551270623162e-05,-0.20893230940913698,0.0,0.0005368421217183896,0.47641315973815884,0.0,0.23990794069353513,0.225,0.0,0.23999999999999996,3.0,129.92060865913612,0.03598230259218206,True,False,False
11.38,0.2514131067382169,0.4640112550876223,1.4742387822050978e-05,9.981909226179457e-06,-0.20893230940913698,0.0,0.0005368421217183896,0.4764130898922675,0.0,0.23990796422082783,0.225,0.0,0.23999999999999996,3.0,129.9206086623491,0.03598178959887185,True,False,False
11.385,0.25141303688989175,0.46400841181205577,1.4744510104697213e-05,9.867795154752286e-06,-0.20893230940913698,0.0,0.0005368421217183896,0.4764130200525746,0.0,0.23990798781713613,0.225,0.0,0.23999999999999996,3.0,129.92060866563756,0.035981275294014806,True,False,False
11.39,0.2514129670598122,0.46400560129886204,1.4744424306672176e-05,9.753178919542273e-06,-0.20893230940913698,0.0,0.0005368421217183896,0.47641295023115066,0.0,0.2399080114832733,0.225,0.0,0.23999999999999996,3.0,129.9206086690009,0.035980760336530894,True,False,False
11.395,0.2514128972599144,0.464002823691595,1.4742157479967842e-05,9.63807627973217e-06,-0.20893230940913698,0.0,0.0005368421217183896,0.4764128804399319,0.0,0.2399080352200439,0.225,0.0,0.23999999999999996,3.0,129.92060867243836,0.035980245338045426,True,False,False
11.4,0.2514128275019993,0.4640000791259505,1.4737736640280217e-05,9.522509451938244e-06,-0.20893253650518828,0.0,0.0005349549267197887,0.47641281069071983,0.0,0.2399080590282247,0.225,0.0,0.23999999999999996,3.0,129.92058376747397,0.035979309731458985,True,False,False
11.405,0.2514127577979814,0.46399736761979576,1.4727992034748226e-05,9.407290913838336e-06,-0.20893253650518828,0.0,0.0005349549267197887,0.47641274099542047,0.0,0.23990808288463922,0.225,0.0,0.23999999999999996,3.0,129.92058377105542,0.03597880963795682,True,False,False
11.41,0.2514126881596414,0.46399468917371045,1.4716125857031461e-05,9.29171048283811e-06,-0.20893253650518828,0.0,0.0005349549267197887,0.4764126713658058,0.0,0.23990810676604546,0.225,0.0,0.23999999999999996,3.0,129.92058377470522,0.035978310457754986,True,False,False
11.415000000000001,0.2514126185983772,0.4639920438880262,1.4702163269083169e-05,9.175795415125024e-06,-0.20893253650518828,0.0,0.0005349549267197887,0.47641260181327394,0.0,0.23990813067308064,0.225,0.0,0.23999999999999996,3.0,129.92058377842238,0.035977812727338486,True,False,False
11.42,0.25141254912545113,0.46398943185364405,1.4686129579965921e-05,9.059575085033675e-06,-0.20893253650518828,0.0,0.0005349549267197887,0.47641253234908765,0.0,0.2399081546063465,0.225,0.0,0.23999999999999996,3.0,129.92058378220585,0.03597731694440787,True,False,False
11.425,0.2514124797519893,0.4639868531536046,1.4668050186917555e-05,8.943081122433605e-06,-0.20893253650518828,0.0,0.0005349549267197887,0.4764124629843731,0.0,0.23990817856641264,0.225,0.0,0.23999999999999996,3.0,129.92058378605427,0.03597682357296929,True,False,False
11.43,0.25141241048898105,0.46398430786230244,1.4647950539536204e-05,8.826347273071502e-06,-0.20893253650518828,0.0,0.0005349549267197887,0.47641239373011984,0.0,0.23990820255381043,0.225,0.0,0.23999999999999996,3.0,129.92058378996649,0.0359763330473253,True,False,False
11.435,0.25141234134727813,0.46398179604312934,1.462585611880468e-05,8.709409107504676e-06,-0.20893253650518828,0.0,0.0005349549267197887,0.47641232459717975,0.0,0.23990822656902977,0.225,0.0,0.23999999999999996,3.0,129.9205837939411,0.03597584577525359,True,False,False
11.44,0.25141227233759483,0.4639793177484736,1.4601792425381059e-05,8.59230365894146e-06,-0.20893253650518828,0.0,0.0005349549267197887,0.4764122555962674,0.0,0.23990825061252202,0.225,0.0,0.23999999999999996,3.0,129.92058379797666,0.03597536214057716,True,False,False
11.445,0.2514122034705082,0.46397687302207685,1.4575784973588541e-05,8.475069039754815e-06,-0.20893253650518828,0.0,0.0005349549267197887,0.4764121867379597,0.0,0.23990827468469234,0.225,0.0,0.23999999999999996,3.0,129.92058380207163,0.03597488250527259,True,False,False
11.450000000000001,0.2514121347564566,0.46397446189432,1.4547859288736984e-05,8.357744066642696e-06,-0.2089319251810944,0.0,0.0005333261861639167,0.4764121180326955,0.0,0.23990829878590708,0.225,0.0,0.23999999999999996,3.0,129.92056205654612,0.03597531576043669,True,False,False
11.455,0.25141206620602663,0.4639720843492305,1.45151874730425e-05,8.24057889501883e-06,-0.2089319251810944,0.0,0.0005333261861639167,0.47641204949105376,0.0,0.23990832289579198,0.225,0.0,0.23999999999999996,3.0,129.92056206075833,0.035974818226654666,True,False,False
11.46,0.25141199782969353,0.4639697404108908,1.448064648553709e-05,8.123131840560057e-06,-0.2089319251810944,0.0,0.0005333261861639167,0.47641198112350236,0.0,0.23990834699413238,0.225,0.0,0.23999999999999996,3.0,129.92056206503074,0.03597432738984352,True,False,False
11.465,0.25141192963751446,0.4639674301512954,1.444426075756721e-05,8.005475590943593e-06,-0.2089319251810944,0.0,0.0005333261861639167,0.47641191294009877,0.0,0.23990837108143126,0.225,0.0,0.23999999999999996,3.0,129.92056206936132,0.0359738433182043,True,False,False
11.47,0.2514118616393985,0.46396515361886576,1.4406054290642347e-05,7.887684287827408e-06,-0.2089319251810944,0.0,0.0005333261861639167,0.47641184495075206,0.0,0.2399083951581123,0.225,0.0,0.23999999999999996,3.0,129.92056207374785,0.035973366106962626,True,False,False
11.475,0.2514117938451083,0.46396291084080743,1.4366050863507748e-05,7.769830713718217e-06,-0.2089319251810944,0.0,0.0005333261861639167,0.4764117771652251,0.0,0.23990841922451878,0.225,0.0,0.23999999999999996,3.0,129.92056207818825,0.035972895869375805,True,False,False
11.48,0.2514117262642619,0.4639607018270365,1.4324274163180455e-05,7.651984638773504e-06,-0.2089319251810944,0.0,0.0005333261861639167,0.47641170959313595,0.0,0.2399084432809127,0.225,0.0,0.23999999999999996,3.0,129.92056208268036,0.035972432730289654,True,False,False
11.485,0.251411658906335,0.46395852656389525,1.4280747865201879e-05,7.53421192313617e-06,-0.2089319251810944,0.0,0.0005333261861639167,0.47641164224396054,0.0,0.23990846732748045,0.225,0.0,0.23999999999999996,3.0,129.92056208722215,0.03597197682145897,True,False,False
11.49,0.25141159178066225,0.4639563850227922,1.423549568052727e-05,7.416574102747338e-06,-0.2089319251810944,0.0,0.0005333261861639167,0.47641157512703336,0.0,0.23990849136433934,0.225,0.0,0.23999999999999996,3.0,129.9205620918114,0.03597152827809785,True,False,False
11.495000000000001,0.2514115248964388,0.46395427715627463,1.4188541380687474e-05,7.2991282773777345e-06,-0.2089319251810944,0.0,0.0005333261861639167,0.47641150825154976,0.0,0.23990851539153724,0.225,0.0,0.23999999999999996,3.0,129.920562096446,0.035971087236303836,True,False,False
11.5,0.2514114582627221,0.4639522029019556,1.4139908809154354e-05,7.181927181079154e-06,-0.2089305877502321,0.0,0.0005319546715968746,0.4764114416265671,0.0,0.23990853940906115,0.225,0.0,0.23999999999999996,3.0,129.92054352910662,0.03597271506536786,True,False,False
11.505,0.25141139188874306,0.46395016221079455,1.4087133279264157e-05,7.0647218763616285e-06,-0.2089305877502321,0.0,0.0005319546715968746,0.47641137526131,0.0,0.2399085633993765,0.225,0.0,0.23999999999999996,3.0,129.92054353383256,0.03597222765091682,True,False,False
11.51,0.25141132578364406,0.4639481551280125,1.4032743184818377e-05,6.947314958483877e-06,-0.2089305877502321,0.0,0.0005319546715968746,0.47641130916491436,0.0,0.2399085873452933,0.225,0.0,0.23999999999999996,3.0,129.92054353861025,0.03597175191989694,True,False,False
11.515,0.2514112599561243,0.463946181694896,1.3976761836903356e-05,6.829817768885918e-06,-0.2089305877502321,0.0,0.0005319546715968746,0.47641124334607976,0.0,0.23990861124718643,0.225,0.0,0.23999999999999996,3.0,129.9205435434367,0.035971287527589046,True,False,False
11.52,0.2514111944147265,0.4639442419228726,1.3919211615044434e-05,6.712342492071265e-06,-0.2089305877502321,0.0,0.0005319546715968746,0.4764111778133491,0.0,0.23990863510530647,0.225,0.0,0.23999999999999996,3.0,129.92054354830896,0.03597083421364293,True,False,False
11.525,0.25141112916783953,0.4639423357880112,1.3860114415606363e-05,6.594996798900122e-06,-0.2089305877502321,0.0,0.0005319546715968746,0.4764111125751111,0.0,0.23990865891978985,0.225,0.0,0.23999999999999996,3.0,129.9205435532241,0.03597039178086848,True,False,False
11.53,0.2514110642237046,0.46394046324044835,1.3799491933394002e-05,6.47788089228358e-06,-0.2089305877502321,0.0,0.0005319546715968746,0.47641104763960695,0.0,0.23990868269064852,0.225,0.0,0.23999999999999996,3.0,129.92054355817928,0.035969960079736255,True,False,False
11.535,0.2514109995904163,0.4639386241996744,1.3737365832662075e-05,6.361086092196369e-06,-0.2089305877502321,0.0,0.0005319546715968746,0.4764109830149315,0.0,0.23990870641779738,0.225,0.0,0.23999999999999996,3.0,129.92054356317183,0.03596953899687445,True,False,False
11.540000000000001,0.2514109352759281,0.46393681856317415,1.3673757845782696e-05,6.244694383151314e-06,-0.2089305877502321,0.0,0.0005319546715968746,0.47641091870903784,0.0,0.23990873010104977,0.225,0.0,0.23999999999999996,3.0,129.92054356819907,0.03596912844639065,True,False,False
11.545,0.2514108712880543,0.46393504620328435,1.3608689825167733e-05,6.128778542800193e-06,-0.2089305877502321,0.0,0.0005319546715968746,0.47641085472974043,0.0,0.23990875374013398,0.225,0.0,0.23999999999999996,3.0,129.92054357325827,0.03596872836322451,True,False,False
11.55,0.2514108076344733,0.46393330697504936,1.3542183765780977e-05,6.013402602524335e-06,-0.20892863599954148,0.0,0.0005308354651872184,0.4764107910847175,0.0,0.23990877733470017,0.225,0.0,0.23999999999999996,3.0,129.92052815385702,0.0359713763211314,True,False,False
11.555,0.25141074432305693,0.463931600801852,1.3472152021827727e-05,5.8978828034359554e-06,-0.20892863599954148,0.0,0.0005308354651872184,0.47641072778183546,0.0,0.2399088008700353,0.225,0.0,0.23999999999999996,3.0,129.9205281589828,0.03597090570640255,True,False,False
11.56,0.2514106813616076,0.4639299277429779,1.3400758667681233e-05,5.782240614040278e-06,-0.20892863599954148,0.0,0.0005308354651872184,0.4764106648288917,0.0,0.23990882433193353,0.225,0.0,0.23999999999999996,3.0,129.9205281641518,0.03597045097010766,True,False,False
11.565,0.25141061875747184,0.4639282878144976,1.3328025555663612e-05,5.6666193593696245e-06,-0.20892863599954148,0.0,0.0005308354651872184,0.4764106022332329,0.0,0.23990884772064552,0.225,0.0,0.23999999999999996,3.0,129.92052816936027,0.035970011410522675,True,False,False
11.57,0.2514105565178341,0.46392668098926587,1.3253973178179242e-05,5.551162653559141e-06,-0.20892863599954148,0.0,0.0005308354651872184,0.47641054000204336,0.0,0.23990887103626274,0.225,0.0,0.23999999999999996,3.0,129.92052817460456,0.03596958645917475,True,False,False
11.575000000000001,0.2514104946497215,0.46392510719849206,1.3178621331173128e-05,5.436006903277525e-06,-0.20892863599954148,0.0,0.0005308354651872184,0.47641047814235027,0.0,0.23990889427872422,0.225,0.0,0.23999999999999996,3.0,129.92052817988116,0.035969175649275834,True,False,False
11.58,0.25141043316001055,0.46392356634038145,1.3101989529479447e-05,5.321277262771958e-06,-0.20892863599954148,0.0,0.0005308354651872184,0.47641041666103023,0.0,0.23990891744782694,0.225,0.0,0.23999999999999996,3.0,129.92052818518664,0.03596877859254116,True,False,False
11.585,0.25141037205543276,0.46392205827542105,1.3024097257910776e-05,5.207085789512524e-06,-0.20892863599954148,0.0,0.0005308354651872184,0.47641035556481454,0.0,0.23990894054323367,0.225,0.0,0.23999999999999996,3.0,129.92052819051784,0.03596839496189503,True,False,False
11.59,0.25141031134257874,0.4639205828350208,1.2944964115020129e-05,5.0935309661306755e-06,-0.20892863599954148,0.0,0.0005308354651872184,0.4764102948602936,0.0,0.23990896356449382,0.225,0.0,0.23999999999999996,3.0,129.92052819587153,0.03596802447835294,True,False,False
11.595,0.2514102510279026,0.4639191398238699,1.2864609887766104e-05,4.980698038279712e-06,-0.20892863599954148,0.0,0.0005308354651872184,0.4764102345539215,0.0,0.23990898651105164,0.225,0.0,0.23999999999999996,3.0,129.9205282012447,0.03596766690091487,True,False,False
11.6,0.2514101911177266,0.4639177290246511,1.2783054582773593e-05,4.868659809953403e-06,-0.20892617959343718,0.0,0.0005299603884673225,0.4764101746520202,0.0,0.2399090093822632,0.225,0.0,0.23999999999999996,3.0,129.92051585571517,0.035971162969160475,True,False,False
11.605,0.25141013161857856,0.46391635033631123,1.269859507576764e-05,4.756361966988121e-06,-0.20892617959343718,0.0,0.0005299603884673225,0.4764101151611132,0.0,0.2399090321661827,0.225,0.0,0.23999999999999996,3.0,129.92051586113155,0.03597071494031822,True,False,False
11.61,0.2514100725369361,0.4639150038290584,1.2613021811503507e-05,4.6440187462042475e-06,-0.20892617959343718,0.0,0.0005299603884673225,0.47641005608767406,0.0,0.23990905485150876,0.225,0.0,0.23999999999999996,3.0,129.92051586658275,0.03597028621032584,True,False,False
11.615,0.251410013878817,0.4639136894921739,1.2526354894164622e-05,4.531798981569329e-06,-0.20892617959343718,0.0,0.0005299603884673225,0.4764099974377207,0.0,0.23990907743836776,0.225,0.0,0.23999999999999996,3.0,129.92051587206433,0.035969875776044706,True,False,False
11.620000000000001,0.25140995565007423,0.4639124072670079,1.2438612710170744e-05,4.41987130163072e-06,-0.20892617959343718,0.0,0.0005299603884673225,0.47640993921710606,0.0,0.23990909992670528,0.225,0.0,0.23999999999999996,3.0,129.920515877572,0.035969482808133973,True,False,False
11.625,0.25140989785640305,0.4639111570454078,1.2349812779874538e-05,4.308394888027873e-06,-0.20892617959343718,0.0,0.0005299603884673225,0.4764098814315253,0.0,0.23990912231628728,0.225,0.0,0.23999999999999996,3.0,129.92051588310198,0.035969106610950506,True,False,False
11.63,0.25140984050334936,0.46390993867678876,1.2259972289641257e-05,4.1975145453104e-06,-0.20892617959343718,0.0,0.0005299603884673225,0.47640982408652427,0.0,0.23990914460671148,0.225,0.0,0.23999999999999996,3.0,129.92051588865027,0.03596874659303684,True,False,False
11.635,0.25140978359631516,0.4639087519728462,1.216910841238379e-05,4.087358512741692e-06,-0.20892617959343718,0.0,0.0005299603884673225,0.4764097671875047,0.0,0.239909166797427,0.225,0.0,0.23999999999999996,3.0,129.92051589421334,0.03596840224504952,True,False,False
11.64,0.2514097271405655,0.46390759670912723,1.2077238490063216e-05,3.978037972620518e-06,-0.20892617959343718,0.0,0.0005299603884673225,0.47640971073973154,0.0,0.23990918888774906,0.225,0.0,0.23999999999999996,3.0,129.92051589978763,0.03596807312297587,True,False,False
11.645,0.251409671141233,0.4639064726321017,1.1984380127370111e-05,3.8696475660591485e-06,-0.20892617959343718,0.0,0.0005299603884673225,0.4764096547483371,0.0,0.2399092108768805,0.225,0.0,0.23999999999999996,3.0,129.92051590536977,0.03596775883517164,True,False,False
11.65,0.2514096156033236,0.4639053794646605,1.1890551229669552e-05,3.762266468313533e-06,-0.20892332466203398,0.0,0.0005293184377585044,0.47640959921832693,0.0,0.23990923276392334,0.225,0.0,0.23999999999999996,3.0,129.92050652114997,0.035971935722164027,True,False,False
11.655,0.2514095605320562,0.4639043170821031,1.179443546570456e-05,3.654533123669539e-06,-0.20892332466203398,0.0,0.0005293184377585044,0.47640954415491676,0.0,0.23990925453960912,0.225,0.0,0.23999999999999996,3.0,129.9205065267536,0.03597151517085518,True,False,False
11.66,0.25140950593261496,0.4639032855632068,1.1697445700333785e-05,3.5468281862315213e-06,-0.20892332466203398,0.0,0.0005293184377585044,0.4764094895632877,0.0,0.23990927619542032,0.225,0.0,0.23999999999999996,3.0,129.92050653238374,0.035971116590897995,True,False,False
11.665000000000001,0.251409451809731,0.4639022848743939,1.1599600047396872e-05,3.4393397963326597e-06,-0.20892332466203398,0.0,0.0005293184377585044,0.47640943544817077,0.0,0.23990929773136943,0.225,0.0,0.23999999999999996,3.0,129.92050653803554,0.03597073873221714,True,False,False
11.67,0.25140939816796964,0.4639013149239419,1.1500914611876195e-05,3.3322554552270185e-06,-0.20892332466203398,0.0,0.0005293184377585044,0.47640938181413134,0.0,0.23990931914726807,0.225,0.0,0.23999999999999996,3.0,129.9205065437044,0.03597038055098156,True,False,False
11.675,0.2514093450117414,0.4639003755721957,1.1401404503100228e-05,3.225751419802521e-06,-0.20892332466203398,0.0,0.0005293184377585044,0.4764093286655797,0.0,0.23990934044272644,0.225,0.0,0.23999999999999996,3.0,129.9205065493858,0.035970041162741044,True,False,False
11.68,0.2514092923453097,0.4638994666299965,1.1301084466724621e-05,3.1199870850499447e-06,-0.20892332466203398,0.0,0.0005293184377585044,0.4764092760067793,0.0,0.23990936161717297,0.225,0.0,0.23999999999999996,3.0,129.9205065550758,0.03596971980788916,True,False,False
11.685,0.25140924017279886,0.46389858786339483,1.1199969264576145e-05,3.0151025340916263e-06,-0.20892332466203398,0.0,0.0005293184377585044,0.47640922384185413,0.0,0.23990938266986966,0.225,0.0,0.23999999999999996,3.0,129.9205065607705,0.035969415825799086,True,False,False
11.69,0.2514091884982007,0.46389773900386455,1.1098073889765467e-05,2.9112180437706887e-06,-0.20892332466203398,0.0,0.0005293184377585044,0.4764091721747957,0.0,0.23990940359993645,0.225,0.0,0.23999999999999996,3.0,129.92050656646603,0.03596912863512694,True,False,False
11.695,0.251409137325381,0.46389691974987346,1.0995413676034272e-05,2.8084347475831526e-06,-0.20892332466203398,0.0,0.0005293184377585044,0.4764091210094695,0.0,0.23990942440636864,0.225,0.0,0.23999999999999996,3.0,129.9205065721589,0.03596885771857609,True,False,False
11.700000000000001,0.251409086658085,0.4638961297731688,1.0892004340697281e-05,2.706835937553792e-06,-0.20892017257694967,0.0,0.0005288962195882822,0.47640907034962043,0.0,0.23990944508805784,0.225,0.0,0.23999999999999996,3.0,129.92050000357278,0.035973554869667745,True,False,False
11.705,0.2514090365002721,0.4638953689340511,1.0786914608734483e-05,2.6048143356787284e-06,-0.20892017257694967,0.0,0.0005288962195882822,0.47640902019920545,0.0,0.23990946563829443,0.225,0.0,0.23999999999999996,3.0,129.92050000926716,0.03597316580603995,True,False,False
11.71,0.2514089868558829,0.46389463731123054,1.0681180046641121e-05,2.5028908288447777e-06,-0.20892017257694967,0.0,0.0005288962195882822,0.476408970562163,0.0,0.23990948605119494,0.225,0.0,0.23999999999999996,3.0,129.92050001498004,0.035972800673491595,True,False,False
11.715,0.2514089377284161,0.46389393484984853,1.0574816582037598e-05,2.401266998576411e-06,-0.20892017257694967,0.0,0.0005288962195882822,0.476408921441992,0.0,0.23990950632666516,0.225,0.0,0.23999999999999996,3.0,129.92050002070619,0.03597245802768078,True,False,False
11.72,0.2514088891212094,0.4638932614345433,1.0467837904440766e-05,2.3001434148687428e-06,-0.20892017257694967,0.0,0.0005288962195882822,0.4764088728420298,0.0,0.23990952646439628,0.225,0.0,0.23999999999999996,3.0,129.92050002644078,0.03597213665518956,True,False,False
11.725,0.25140884103744915,0.46389261689495015,1.0360256614229865e-05,2.199708030119663e-06,-0.20892017257694967,0.0,0.0005288962195882822,0.47640882476546276,0.0,0.2399095464638646,0.225,0.0,0.23999999999999996,3.0,129.92050003217915,0.03597183552158801,True,False,False
11.73,0.25140879348017986,0.4638920010096287,1.0252084938462679e-05,2.1001300624617562e-06,-0.20892017257694967,0.0,0.0005288962195882822,0.4764087772153352,0.0,0.23990956632435181,0.225,0.0,0.23999999999999996,3.0,129.92050003791707,0.035971553733124766,True,False,False
11.735,0.2514087464523125,0.4638914135099917,1.0143335160220633e-05,2.0015573617019424e-06,-0.20892017257694967,0.0,0.0005288962195882822,0.47640873019455765,0.0,0.23990958604496887,0.225,0.0,0.23999999999999996,3.0,129.92050004365046,0.03597129050800955,True,False,False
11.74,0.2514086999566328,0.4638908540905184,1.0034019860823302e-05,1.9041159220039896e-06,-0.20892017257694967,0.0,0.0005288962195882822,0.4764086837059156,0.0,0.2399096056246682,0.225,0.0,0.23999999999999996,3.0,129.9205000493753,0.03597104515452284,True,False,False
11.745000000000001,0.2514086539958071,0.4638903224111115,9.924152041872916e-06,1.8079106621050287e-06,-0.20892017257694967,0.0,0.0005288962195882822,0.476408637752075,0.0,0.2399096250622783,0.225,0.0,0.23999999999999996,3.0,129.92050005508807,0.03597081705406569,True,False,False
11.75,0.2514086085723884,0.4638898181049541,9.813745171913665e-06,1.7130269023018494e-06,-0.2089168189148318,0.0,0.0005286783794317193,0.4764085923355884,0.0,0.23990964435652262,0.225,0.0,0.23999999999999996,3.0,129.9204961286972,0.03597588236931524,True,False,False
11.755,0.25140856368914083,0.4638893410173564,9.702248659660038e-06,1.6176706323110533e-06,-0.2089168189148318,0.0,0.0005286783794317193,0.47640854745921846,0.0,0.239909663503101,0.225,0.0,0.23999999999999996,3.0,129.92049613439335,0.03597552794687431,True,False,False
11.76,0.2514085193488227,0.4638888912277563,9.590324019089803e-06,1.522477324447859e-06,-0.2089168189148318,0.0,0.0005286783794317193,0.47640850312572225,0.0,0.23990968249858924,0.225,0.0,0.23999999999999996,3.0,129.9204961401004,0.035975198744744016,True,False,False
11.765,0.2514084755537702,0.4638884686623789,9.477984844856988e-06,1.4276565276061625e-06,-0.2089168189148318,0.0,0.0005286783794317193,0.4764084593374359,0.0,0.23990970134280126,0.225,0.0,0.23999999999999996,3.0,129.92049614581285,0.03597489317457473,True,False,False
11.77,0.25140843230616355,0.4638880731830186,9.36524232042313e-06,1.333416467347355e-06,-0.2089168189148318,0.0,0.0005286783794317193,0.47640841609653967,0.0,0.23990972003531869,0.225,0.0,0.23999999999999996,3.0,129.92049615152573,0.03597460989627022,True,False,False
11.775,0.2514083896080389,0.463887704593324,9.252106478527927e-06,1.239951780355963e-06,-0.2089168189148318,0.0,0.0005286783794317193,0.47640837340506925,0.0,0.23990973857550252,0.225,0.0,0.23999999999999996,3.0,129.92049615723445,0.03597434776257406,True,False,False
11.78,0.25140834746129626,0.46388736264822594,9.138586985928564e-06,1.1474370753255234e-06,-0.2089168189148318,0.0,0.0005286783794317193,0.47640833126492454,0.0,0.23990975696251937,0.225,0.0,0.23999999999999996,3.0,129.92049616293443,0.035974105778169875,True,False,False
11.785,0.2514083058677106,0.4638870470523659,9.02469361333853e-06,1.0560241873444378e-06,-0.2089168189148318,0.0,0.0005286783794317193,0.4764082896778803,0.0,0.23990977519534565,0.225,0.0,0.23999999999999996,3.0,129.92049616862164,0.035973883068998604,True,False,False
11.790000000000001,0.251408264828938,0.463886757471096,8.91043649988265e-06,9.658417064185575e-07,-0.2089168189148318,0.0,0.0005286783794317193,0.47640824864559195,0.0,0.23990979327281484,0.225,0.0,0.23999999999999996,3.0,129.92049617429203,0.035973678858853754,True,False,False
11.795,0.2514082243465244,0.46388649353597894,8.795826285382526e-06,8.769958463848458e-07,-0.2089168189148318,0.0,0.0005286783794317193,0.47640820816960516,0.0,0.23990981119362004,0.225,0.0,0.23999999999999996,3.0,129.92049617994192,0.03597349245124547,True,False,False
11.8,0.2514081844219112,0.46388625485185836,8.680874159772168e-06,7.89572048131957e-07,-0.20891335260597155,0.0,0.0005286480182185166,0.4764081682513609,0.0,0.23990982895635082,0.225,0.0,0.23999999999999996,3.0,129.9204946997927,0.03597878371347347,True,False,False
11.805,0.25140814505674186,0.463886041252208,8.565404924903585e-06,7.016454030423176e-07,-0.20891335260597155,0.0,0.0005286480182185166,0.47640812889250184,0.0,0.23990984655894937,0.225,0.0,0.23999999999999996,3.0,129.92049470540994,0.03597846626427669,True,False,False
11.81,0.2514081062526656,0.4638858528140597,8.449710707491917e-06,6.139411856008487e-07,-0.20891335260597155,0.0,0.0005286480182185166,0.4764080900946768,0.0,0.23990986400026687,0.225,0.0,0.23999999999999996,3.0,129.92049471103078,0.035978174702229124,True,False,False
11.815,0.25140806801093557,0.46388568944394754,8.333802685531935e-06,5.266718726947076e-07,-0.20891335260597155,0.0,0.0005286480182185166,0.4764080518591389,0.0,0.23990988128002227,0.225,0.0,0.23999999999999996,3.0,129.9204947166499,0.03597790734231293,True,False,False
11.82,0.2514080303326565,0.463885550988689,8.217689502821588e-06,4.4004836527175784e-07,-0.20891335260597155,0.0,0.0005286480182185166,0.47640801418699286,0.0,0.23990989839770893,0.225,0.0,0.23999999999999996,3.0,129.92049472226216,0.0359776627582253,True,False,False
11.825000000000001,0.2514079932187964,0.4638854372322424,8.101378619009259e-06,3.5426738003479694e-07,-0.20891335260597155,0.0,0.0005286480182185166,0.47640797707920624,0.0,0.23990991535259448,0.225,0.0,0.23999999999999996,3.0,129.92049472786292,0.035977439724976495,True,False,False
11.83,0.25140795667019633,0.46388534790827823,7.984877150034105e-06,2.6950485147246274e-07,-0.20891335260597155,0.0,0.0005286480182185166,0.47640794053661983,0.0,0.2399099321437439,0.225,0.0,0.23999999999999996,3.0,129.92049473344775,0.03597723717649772,True,False,False
11.835,0.25140792068757967,0.4638852827025357,7.868192371172975e-06,1.8591314159872303e-07,-0.20891335260597155,0.0,0.0005286480182185166,0.4764079045599568,0.0,0.23990994877004634,0.225,0.0,0.23999999999999996,3.0,129.92049473901244,0.035977054173822284,True,False,False
11.84,0.2514078852715609,0.4638852412622513,7.751331999648355e-06,1.0362059198612507e-07,-0.20891335260597155,0.0,0.0005286480182185166,0.4764078691498311,0.0,0.23990996523023167,0.225,0.0,0.23999999999999996,3.0,129.9204947445531,0.035976889880799404,True,False,False
11.845,0.251407850422653,0.4638852231969449,7.634304335552929e-06,2.273245424092497e-08,-0.20891335260597155,0.0,0.0005286480182185166,0.47640783430675515,0.0,0.239909981522899,0.225,0.0,0.23999999999999996,3.0,129.92049475006607,0.035976743545265186,True,False,False
11.85,0.2514078161412735,0.4638852280941334,7.517118313738433e-06,5.666742630494459e-08,-0.20890985526288197,0.0,0.000528787091568727,0.47640780003114613,0.0,0.23990999764654408,0.225,0.0,0.23999999999999996,3.0,129.92049550276488,0.035982129565006626,True,False,False
11.855,0.25140778242803036,0.4638852557778223,7.399970308214772e-06,1.3658269874513257e-07,-0.20890985526288197,0.0,0.000528787091568727,0.4764077663236119,0.0,0.23991001360116376,0.225,0.0,0.23999999999999996,3.0,129.92049550823108,0.03598185064367965,True,False,False
11.86,0.25140774928354637,0.46388530632029046,7.2827870800204835e-06,2.1622192268602326e-07,-0.20890985526288197,0.0,0.000528787091568727,0.4764077331847758,0.0,0.2399100293876694,0.225,0.0,0.23999999999999996,3.0,129.92049551369436,0.0359815977066073,True,False,False
11.865,0.25140771670807877,0.46388537961389154,7.16557741718547e-06,2.953742657679369e-07,-0.20890985526288197,0.0,0.000528787091568727,0.4764077006148948,0.0,0.23991004500570937,0.225,0.0,0.23999999999999996,3.0,129.92049551914914,0.035981369016106456,True,False,False
11.870000000000001,0.25140768470174657,0.46388547548890635,7.048347496309287e-06,3.7383066706781694e-07,-0.20890985526288197,0.0,0.000528787091568727,0.4764076686140878,0.0,0.23991006045469015,0.225,0.0,0.23999999999999996,3.0,129.92049552459065,0.03598116309734246,True,False,False
11.875,0.2514076532645403,0.4638855937159004,6.9311023041199165e-06,4.513964984957466e-07,-0.20890985526288197,0.0,0.000528787091568727,0.476407637182345,0.0,0.23991007573380962,0.225,0.0,0.23999999999999996,3.0,129.92049553001416,0.035980978680304504,True,False,False
11.88,0.2514076223963332,0.4638857340159378,6.813846523049131e-06,5.278981721633717e-07,-0.20890985526288197,0.0,0.000528787091568727,0.4764076063195395,0.0,0.23991009084206566,0.225,0.0,0.23999999999999996,3.0,129.92049553541537,0.03598081465693263,True,False,False
11.885,0.25140759209689145,0.46388589606136754,6.6965850619750555e-06,6.031859145093412e-07,-0.20890985526288197,0.0,0.000528787091568727,0.476407576025437,0.0,0.23991010577827016,0.225,0.0,0.23999999999999996,3.0,129.92049554079014,0.035980670048924315,True,False,False
11.89,0.2514075623658812,0.4638860794860372,6.579323354802993e-06,6.771341843007307e-07,-0.20890985526288197,0.0,0.000528787091568727,0.47640754629970294,0.0,0.23991012054108837,0.225,0.0,0.23999999999999996,3.0,129.92049554613476,0.03598054398314904,True,False,False
11.895,0.25140753320287623,0.463886283891579,6.462067509874607e-06,7.496407057877798e-07,-0.20890985526288197,0.0,0.000528787091568727,0.476407517141911,0.0,0.23991013512906095,0.225,0.0,0.23999999999999996,3.0,129.92049555144555,0.03598043567257855,True,False,False
11.9,0.25140750460736544,0.46388650885290944,6.3448243655630745e-06,8.206247469398178e-07,-0.20890640068152722,0.0,0.0005290767875312134,0.47640748855154935,0.0,0.23991014954062184,0.225,0.0,0.23999999999999996,3.0,129.92049831100292,0.035985797160117745,True,False,False
11.905,0.251407476579013,0.46388675418929126,6.2281632598209144e-06,8.921206311825291e-07,-0.20890640068152722,0.0,0.0005290767875312134,0.47640746052828287,0.0,0.23991016377762062,0.225,0.0,0.23999999999999996,3.0,129.92049831625494,0.035985557595194284,True,False,False
11.91,0.251407449117505,0.4638870199674753,6.111645924500042e-06,9.632930028921556e-07,-0.20890640068152722,0.0,0.0005290767875312134,0.47640743307179867,0.0,0.23991017784282054,0.225,0.0,0.23999999999999996,3.0,129.92049832149792,0.03598534359789745,True,False,False
11.915000000000001,0.25140742222219703,0.4638873060625026,5.995279047815741e-06,1.033936757375847e-06,-0.20890640068152722,0.0,0.0005290767875312134,0.47640740618145233,0.0,0.23991019173579617,0.225,0.0,0.23999999999999996,3.0,129.92049832672654,0.03598515341821727,True,False,False
11.92,0.2514073958923169,0.4638876122967712,5.879066682846315e-06,1.103848702600229e-06,-0.20890640068152722,0.0,0.0005290767875312134,0.47640737985647125,0.0,0.23991020545589534,0.225,0.0,0.23999999999999996,3.0,129.920498331936,0.035984985567378044,True,False,False
11.925,0.2514073701269744,0.46388793843139386,5.763011728799305e-06,1.1728400125384537e-06,-0.20890640068152722,0.0,0.0005290767875312134,0.476407354095965,0.0,0.23991021900225856,0.225,0.0,0.23999999999999996,3.0,129.92049833712193,0.03598483876042604,True,False,False
11.93,0.2514073449251732,0.46388828417876876,5.647116856926117e-06,1.2407427095733537e-06,-0.20890640068152722,0.0,0.0005290767875312134,0.476407328898937,0.0,0.2399102323738305,0.225,0.0,0.23999999999999996,3.0,129.92049834228,0.03598471187379411,True,False,False
11.935,0.2514073202858188,0.46388864920650896,5.531385068345484e-06,1.3074123681434327e-06,-0.20890640068152722,0.0,0.0005290767875312134,0.47640730426429234,0.0,0.23991024556938453,0.225,0.0,0.23999999999999996,3.0,129.9204983474065,0.03598460391342065,True,False,False
11.94,0.2514072962077282,0.46388903314058466,5.415820011322866e-06,1.3727284973544443e-06,-0.20890640068152722,0.0,0.0005290767875312134,0.47640728019084744,0.0,0.23991025858754578,0.225,0.0,0.23999999999999996,3.0,129.92049835249765,0.035984513990394915,True,False,False
11.945,0.2514072726896357,0.4638894355818238,5.300426143798797e-06,1.4365935610423171e-06,-0.20890640068152722,0.0,0.0005290767875312134,0.4764072566773362,0.0,0.23991027142682253,0.225,0.0,0.23999999999999996,3.0,129.92049835755006,0.03598444130205664,True,False,False
11.950000000000001,0.2514072497302008,0.4638898561011969,5.185208799068563e-06,1.4989312565499065e-06,-0.20890305450607058,0.0,0.0005294978791859846,0.47640723372241744,0.0,0.23991028408562082,0.225,0.0,0.23999999999999996,3.0,129.92050288994324,0.03598967147974114,True,False,False
11.955,0.2514072273282399,0.4638902945195202,5.071123589160999e-06,1.5617629223339008e-06,-0.20890305450607058,0.0,0.0005294978791859846,0.47640721132490904,0.0,0.23991029656744534,0.225,0.0,0.23999999999999996,3.0,129.92050289492684,0.0359894714308637,True,False,False
11.96,0.25140720548259815,0.46389075088938336,4.957358929163035e-06,1.6242299575287207e-06,-0.20890305450607058,0.0,0.0005294978791859846,0.47640718948365757,0.0,0.23991030887667347,0.225,0.0,0.23999999999999996,3.0,129.92050289989595,0.035989296077441994,True,False,False
11.965,0.2514071841918274,0.46389122507873976,4.843920490530179e-06,1.6861365658059622e-06,-0.20890305450607058,0.0,0.0005294978791859846,0.47640716819721485,0.0,0.2399103210128241,0.225,0.0,0.23999999999999996,3.0,129.9205029048455,0.03598914369357092,True,False,False
11.97,0.25140716345436287,0.4638917169013294,4.730811403641132e-06,1.7472889537595415e-06,-0.20890305450607058,0.0,0.0005294978791859846,0.4764071474640158,0.0,0.23991033297519776,0.225,0.0,0.23999999999999996,3.0,129.92050290977093,0.035989012807826404,True,False,False
11.975,0.2514071432685344,0.46389222611196534,4.618033804070761e-06,1.8075073448182737e-06,-0.20890305450607058,0.0,0.0005294978791859846,0.47640712728239,0.0,0.23991034476289785,0.225,0.0,0.23999999999999996,3.0,129.920502914668,0.03598890214756771,True,False,False
11.98,0.2514071236325759,0.4638927524206767,4.5055898107378265e-06,1.8666322178742997e-06,-0.20890305450607058,0.0,0.0005294978791859846,0.4764071076505709,0.0,0.23991035637483887,0.225,0.0,0.23999999999999996,3.0,129.92050291953274,0.03598881059775397,True,False,False
11.985,0.25140710454463466,0.4638932954950652,4.393482128263074e-06,1.9245268926169065e-06,-0.20890305450607058,0.0,0.0005294978791859846,0.47640708856670555,0.0,0.23991036780977293,0.225,0.0,0.23999999999999996,3.0,129.92050292436153,0.03598873716999236,True,False,False
11.99,0.25140708600277895,0.46389385496344876,4.281714404727988e-06,1.9810778725233895e-06,-0.20890305450607058,0.0,0.0005294978791859846,0.4764070700288616,0.0,0.2399103790663179,0.225,0.0,0.23999999999999996,3.0,129.92050292915087,0.035988680978883525,True,False,False
11.995000000000001,0.25140706800500656,0.46389443043136114,4.170291433886494e-06,2.0361938729087616e-06,-0.20890305450607058,0.0,0.0005294978791859846,0.4764070520350364,0.0,0.23991039014297133,0.225,0.0,0.23999999999999996,3.0,129.9205029338977,0.03598864122365605,True,False,False
12.0,0.251407050549249,0.46389502147290906,4.05921926203262e-06,2.0898041349510688e-06,-0.20889987404640237,0.0,0.0005300310496187302,0.4764070345831609,0.0,0.23991040103814787,0.225,0.0,0.23999999999999996,3.0,129.92050900131522,0.03599364619436865,True,False,False
