time_s,position_error_3d_m,orientation_error_deg,tip_speed_m_s,ax_cmd_m_s2,ay_cmd_m_s2,az_cmd_m_s2,tip_x_m,tip_y_m,tip_z_m,target_x_m,target_y_m,target_z_m,wind_x_m_s,thrust_N,max_abs_torque_Nm,safe,task_success,anchor_active
0.0,0.0,0.0,0.0,0.0,0.0,0.0,0.225,0.0,0.38999999999999996,0.225,0.0,0.38999999999999996,1.5,129.8844,0.0,True,True,False
0.005,6.003160554136367e-07,0.0001282395300757419,0.00024009670461627952,0.0,0.0,0.0,0.22500032675402332,0.0,0.38999949640177256,0.225,0.0,0.38999999999999996,1.5,129.88439999999852,0.00043042318414697884,True,True,False
0.01,2.3964889850760255e-06,0.0005114781128779521,0.00047784113246218413,0.0,0.0,0.0,0.22500130728947468,0.0,0.38999799147972747,0.225,0.0,0.38999999999999996,1.5,129.88439999997573,0.0008596543381830182,True,True,False
0.015,5.374007216046629e-06,0.0011450043645258225,0.0007127535774710064,0.0,0.0,0.0,0.22500294353583897,0.0,0.3899955038293712,0.225,0.0,0.38999999999999996,1.5,129.88439999987807,0.0012845215918919593,True,True,False
0.02,9.52004154733437e-06,0.002024417401856958,0.0009453189096816396,0.0,0.0,0.0,0.22500523864185037,0.0,0.3899920509231588,0.225,0.0,0.38999999999999996,1.5,129.88439999961864,0.0017054024264695474,True,True,False
0.025,1.48234266518719e-05,0.0031456293297125767,0.0011757455648678835,0.0,0.0,0.0,0.22500819685652312,0.0,0.3899876490680172,0.225,0.0,0.38999999999999996,1.5,129.88439999908002,0.0021229620388609743,True,True,False
0.03,2.1273561653951268e-05,0.004504526669166091,0.001404073325190798,0.0,0.0,0.0,0.22501182353484117,0.0,0.3899823147392073,0.225,0.0,0.38999999999999996,1.5,129.88439999811547,0.0025380213809573365,True,True,False
0.035,2.8859740994523667e-05,0.0060967576180098685,0.0016302416633558329,0.0,0.0,0.0,0.2250161251338636,0.0,0.3899760654077086,0.225,0.0,0.38999999999999996,1.5,129.88439999655066,0.002951473626902493,True,True,False
0.04,3.7570758287058186e-05,0.007917601924786574,0.0018541334032658669,0.0,0.0,0.0,0.2250211092017908,0.0,0.3899689200470074,0.225,0.0,0.38999999999999996,1.5,129.88439999418435,0.003364231097548091,True,True,False
0.045,4.7394684735083515e-05,0.009961891722953734,0.0020756029702353293,0.0,0.0,0.0,0.22502678436159207,0.0,0.3899608994358705,0.225,0.0,0.38999999999999996,1.5,129.88439999078923,0.0037771913932494127,True,True,False
0.05,5.8318877213781126e-05,0.012224002259504704,0.0022947101804987,-0.016804677570101047,0.0,1.7035307083710325e-06,0.22503316028912596,0.0,0.3899520261877212,0.225,0.0,0.38999999999999996,1.5,129.88442579453846,0.022299715014931498,True,True,False
0.055,7.033902560592391e-05,0.014700670298940273,0.0025151321063439534,-0.016804677570101047,0.0,1.7035307083710325e-06,0.22504024756860092,0.0,0.38994231367800847,0.225,0.0,0.38999999999999996,1.5,129.88442652647396,0.02093136366667222,True,True,False
0.06,8.346717967754489e-05,0.017393535478062983,0.002738276486544233,-0.016804677570101047,0.0,1.7035307083710325e-06,0.22504805757085514,0.0,0.38993175602615004,0.225,0.0,0.38999999999999996,1.5,129.88442746193732,0.019585237876372705,True,True,False
0.065,9.771640780772205e-05,0.02030440478926931,0.0029638983473718864,-0.016804677570101047,0.0,1.7035307083710325e-06,0.22505660251641507,0.0,0.3899203466793515,0.225,0.0,0.38999999999999996,1.5,129.8844285937353,0.0182602189417708,True,True,False
0.07,0.00011309825278169237,0.023434469830284955,0.003191656741910959,-0.016804677570101047,0.0,1.7035307083710325e-06,0.22506589539207375,0.0,0.38990808149214806,0.225,0.0,0.38999999999999996,1.5,129.88442991465016,0.01695523595241273,True,True,False
0.075,0.0001296222707872076,0.026784157108571755,0.0034211285155328385,-0.016804677570101047,0.0,1.7035307083710325e-06,0.22507594989080382,0.0,0.38989495930707135,0.225,0.0,0.38999999999999996,1.5,129.8844314174538,0.015669274813673646,True,True,False
0.08,0.00014729564788444852,0.030353000802554608,0.0036518241202604714,-0.016804677570101047,0.0,1.7035307083710325e-06,0.22508678035593477,0.0,0.389880982447893,0.225,0.0,0.38999999999999996,1.5,129.8844330949188,0.01440138817247236,True,True,False
0.085,0.0001661228979796567,0.034139539912600714,0.003883204727537474,-0.016804677570101047,0.0,1.7035307083710325e-06,0.22509840173004897,0.0,0.38986615711914135,0.225,0.0,0.38999999999999996,1.5,129.88443493982552,0.013150705412480557,True,True,False
0.09,0.00018610564479102837,0.038141239847668075,0.004114699940435671,-0.016804677570101047,0.0,1.7035307083710325e-06,0.22511082950877812,0.0,0.3898504937091387,0.225,0.0,0.38999999999999996,1.5,129.8844369449669,0.011916442069897618,True,True,False
0.095,0.00020724248803413622,0.04235443882619819,0.004345725458810264,-0.016804677570101047,0.0,1.7035307083710325e-06,0.22512407969944956,0.0,0.38983400699704174,0.225,0.0,0.38999999999999996,1.5,129.88443910314948,0.010697908166361212,True,True,False
0.1,0.00022952895162584798,0.046774317726479664,0.0045757001158163125,-0.03402640435458404,0.0,1.0161924275789368e-05,0.22513816878430795,0.0,0.38981671626728664,0.225,0.0,0.38999999999999996,1.5,129.88457321967536,0.03664258431833628,True,True,False
0.105,0.0002529572381314061,0.051394830196665076,0.004803965233635319,-0.03402640435458404,0.0,1.0161924275789368e-05,0.22515311366204965,0.0,0.38979864565855976,0.225,0.0,0.38999999999999996,1.5,129.8845784617481,0.034477507095958024,True,True,False
0.11,0.00027751677567828105,0.05620882676567331,0.005030129598395592,-0.03402640435458404,0.0,1.0161924275789368e-05,0.22516893166189664,0.0,0.3897798235834797,0.225,0.0,0.38999999999999996,1.5,129.88458429599748,0.03235238786971533,True,True,False
0.115,0.0003031942554675662,0.06120802880333695,0.005253627881111771,-0.03402640435458404,0.0,1.0161924275789368e-05,0.22518564049658124,0.0,0.38976028274451424,0.225,0.0,0.38999999999999996,1.5,129.88459069564368,0.030269697708404323,True,True,False
0.12,0.0003299737894918299,0.06638307520768733,0.00547412047317951,-0.03402640435458404,0.0,1.0161924275789368e-05,0.22520325823606396,0.0,0.3897400600238059,0.225,0.0,0.38999999999999996,1.5,129.88459763336402,0.028228957012252927,True,True,False
0.125,0.0003578376955788019,0.07172374043260465,0.005691342403619029,-0.03402640435458404,0.0,1.0161924275789368e-05,0.22522180335164999,0.0,0.3897191956382568,0.225,0.0,0.38999999999999996,1.5,129.8846050820369,0.026229105949337556,True,True,False
0.13,0.000386766697985294,0.0772189762882158,0.005905071091172757,-0.03402640435458404,0.0,1.0161924275789368e-05,0.2252412946882905,0.0,0.3896977329788527,0.225,0.0,0.38999999999999996,1.5,129.88461301482377,0.024269122570939213,True,True,False
0.135,0.00041674007796373825,0.08285693766235125,0.0061151226794901046,-0.03402640435458404,0.0,1.0161924275789368e-05,0.22526175142740254,0.0,0.38967571851296445,0.225,0.0,0.38999999999999996,1.5,129.88462140520213,0.02234805523578659,True,True,False
0.14,0.0004477358065569166,0.08862500163249219,0.0063213505444245695,-0.03402640435458404,0.0,1.0161924275789368e-05,0.22528319304374386,0.0,0.38965320171216067,0.225,0.0,0.38999999999999996,1.5,129.8846302269856,0.02046505002437977,True,True,False
0.145,0.00047973067102968244,0.09450978322068292,0.006523646155802146,-0.03402640435458404,0.0,1.0161924275789368e-05,0.22530563925742286,0.0,0.38963023499212524,0.225,0.0,0.38999999999999996,1.5,129.88463945433315,0.018619372259389727,True,True,False
0.15,0.0005127004069340013,0.10049715130800926,0.006721942206154926,-0.048714673485398985,0.0,2.096503223006115e-05,0.2253291099823111,0.0,0.389606873650319,0.225,0.0,0.38999999999999996,1.5,129.8848434868743,0.03996435928152028,True,True,False
0.155,0.0005466197810076539,0.10657225786443862,0.006916191430557281,-0.048714673485398985,0.0,2.096503223006115e-05,0.2253536252763847,0.0,0.3895831758777485,0.225,0.0,0.38999999999999996,1.5,129.8848583031061,0.037356767645660705,True,True,False
0.16,0.0005814627772000533,0.11271953655084976,0.007106437547211903,-0.048714673485398985,0.0,2.096503223006115e-05,0.22537920527559033,0.0,0.3895592026313217,0.225,0.0,0.38999999999999996,1.5,129.88487399341741,0.03480698301374711,True,True,False
0.165,0.0006172029203208491,0.1189227459595159,0.007292778843846041,-0.048714673485398985,0.0,2.096503223006115e-05,0.22540587014088773,0.0,0.38953501734055085,0.225,0.0,0.38999999999999996,1.5,129.88489050676318,0.0323146173746517,True,True,False
0.17,0.00065381350420417,0.1251650416871068,0.007475381953534231,-0.048714673485398985,0.0,2.096503223006115e-05,0.22543364001460126,0.0,0.38951068574922,0.225,0.0,0.38999999999999996,1.5,129.88490779254212,0.02987939263173041,True,True,False
0.17500000000000002,0.0006912678846819338,0.13142903905658548,0.007654487618479433,-0.048714673485398985,0.0,2.096503223006115e-05,0.2254625349699442,0.0,0.3894862756673357,0.225,0.0,0.38999999999999996,1.5,129.88492580064198,0.027501130258055576,True,True,False
0.18,0.0007295398072715382,0.13769688785998357,0.007830415203476892,-0.048714673485398985,0.0,2.096503223006115e-05,0.22549257496266714,0.0,0.3894618566765746,0.225,0.0,0.38999999999999996,1.5,129.88494448148586,0.0251797379997575,True,True,False
0.185,0.0007686037658467275,0.14395035885175866,0.008003565362369779,-0.048714673485398985,0.0,2.096503223006115e-05,0.2255237797851598,0.0,0.38943749979063846,0.225,0.0,0.38999999999999996,1.5,129.8849637860804,0.022915194470053496,True,True,False
0.19,0.0008084353862313681,0.15017094098949654,0.008174420348184863,-0.048714673485398985,0.0,2.096503223006115e-05,0.22555616902312997,0.0,0.38941327707440243,0.225,0.0,0.38999999999999996,1.5,129.8849836660668,0.02070753246217482,True,True,False
0.195,0.0008490118267178963,0.15633994795627684,0.008343541580198151,-0.048714673485398985,0.0,2.096503223006115e-05,0.22558976201481198,0.0,0.38938926122786266,0.225,0.0,0.38999999999999996,1.5,129.88500407377543,0.01855682176094562,True,True,False
0.2,0.0008903121858184138,0.16243863187469434,0.008511564232892286,-0.058291639936623715,0.0,2.4781441475200373e-05,0.22562457781248726,0.0,0.3893655251428422,0.225,0.0,0.38999999999999996,1.5,129.8851479547051,0.03155962101505413,True,True,False
0.20500000000000002,0.000932317668990231,0.16844824386844207,0.008679074656801417,-0.058291639936623715,0.0,2.4781441475200373e-05,0.22566063512277193,0.0,0.3893421417550326,0.225,0.0,0.38999999999999996,1.5,129.88517416300343,0.029026831668151558,True,True,False
0.21,0.0009750118538064172,0.17435011490796706,0.008847091707368356,-0.058291639936623715,0.0,2.4781441475200373e-05,0.22569795224964995,0.0,0.38931918374558794,0.225,0.0,0.38999999999999996,1.5,129.88520110188483,0.026666360847533772,True,True,False
0.215,0.0010183863766140414,0.1801275229691309,0.009017267823548685,-0.058291639936623715,0.0,2.4781441475200373e-05,0.22573654777527052,0.0,0.3892967161406536,0.225,0.0,0.38999999999999996,1.5,129.88522865995657,0.024465175588782834,True,True,False
0.22,0.0010624369051051791,0.18576440812593278,0.009189768292291603,-0.058291639936623715,0.0,2.4781441475200373e-05,0.22577644003204786,0.0,0.3892748013693042,0.225,0.0,0.38999999999999996,1.5,129.8852567390151,0.022395328172880022,True,True,False
0.225,0.0011071584336503223,0.1912437971145085,0.00936483420736636,-0.058291639936623715,0.0,2.4781441475200373e-05,0.22581764639134258,0.0,0.38925350540797166,0.225,0.0,0.38999999999999996,1.5,129.88528525587512,0.020436545740079012,True,True,False
0.23,0.001152546658441337,0.19654824320790734,0.009542916207631662,-0.058291639936623715,0.0,2.4781441475200373e-05,0.22586018333259666,0.0,0.3892328960733986,0.225,0.0,0.38999999999999996,1.5,129.88531413747347,0.01857639657300575,True,True,False
0.23500000000000001,0.0011985988443715934,0.20166011296337752,0.00972426823242867,-0.058291639936623715,0.0,2.4781441475200373e-05,0.22590406645899488,0.0,0.3892130419150619,0.225,0.0,0.38999999999999996,1.5,129.88534331747547,0.016808758076312588,True,True,False
0.24,0.0012453018935183026,0.20655740954955748,0.009906606057230677,-0.058291639936623715,0.0,2.4781441475200373e-05,0.2259493087370396,0.0,0.3891940287053619,0.225,0.0,0.38999999999999996,1.5,129.88537273082162,0.015142849627234223,True,True,False
0.245,0.0012926350624277885,0.2112144997481434,0.010091890190413653,-0.058291639936623715,0.0,2.4781441475200373e-05,0.22599592060331758,0.0,0.3891759565809344,0.225,0.0,0.38999999999999996,1.5,129.88540231292922,0.013567919044065763,True,True,False
0.25,0.001340596805598399,0.21561151027807504,0.01028307782055886,-0.06311252779174076,0.0,1.6402476692060475e-05,0.22604391356149534,0.0,0.38915890293585886,0.225,0.0,0.38999999999999996,1.5,129.8853846151136,0.01964297169634674,True,True,False
0.255,0.001389203021209055,0.21973403240536832,0.010481892324331377,-0.06311252779174076,0.0,1.6402476692060475e-05,0.22609330002816533,0.0,0.3891429235258449,0.225,0.0,0.38999999999999996,1.5,129.8854174437374,0.01788872325523813,True,True,False
0.26,0.0014384805925624206,0.2235711502296716,0.010689292938335121,-0.06311252779174076,0.0,1.6402476692060475e-05,0.22614409252931045,0.0,0.3891280603807861,0.225,0.0,0.38999999999999996,1.5,129.88545048877756,0.016185523643592187,True,True,False
0.265,0.0014884644906020328,0.22711465338459466,0.010905841662568987,-0.06311252779174076,0.0,1.6402476692060475e-05,0.22619630336690597,0.0,0.3891143449914822,0.225,0.0,0.38999999999999996,1.5,129.88548370643642,0.014533173990778012,True,True,False
0.27,0.0015391959742754714,0.2303585846205945,0.011131772597576287,-0.06311252779174076,0.0,1.6402476692060475e-05,0.2262499444223511,0.0,0.38910180002880246,0.225,0.0,0.38999999999999996,1.5,129.88551705426855,0.012931481519520449,True,True,False
0.275,0.0015907210599756315,0.23329888238610624,0.011367069742947917,-0.06311252779174076,0.0,1.6402476692060475e-05,0.22630502700314598,0.0,0.3890904407596479,0.225,0.0,0.38999999999999996,1.5,129.88555049118665,0.011380275072187515,True,True,False
0.28,0.0016430892859294315,0.23593311532308867,0.011611525586246388,-0.06311252779174076,0.0,1.6402476692060475e-05,0.2263615617310145,0.0,0.38908027609894436,0.225,0.0,0.38999999999999996,1.5,129.88558397745885,0.00987941522214307,True,True,False
0.28500000000000003,0.00169635268405933,0.23826027976092962,0.011864786327782179,-0.06311252779174076,0.0,1.6402476692060475e-05,0.22641955845980122,0.0,0.389071309412171,0.225,0.0,0.38999999999999996,1.5,129.88561747470033,0.008428800084427701,True,True,False
0.29,0.0017505765530068894,0.24028713529805562,0.012126868392598992,-0.06311252779174076,0.0,1.6402476692060475e-05,0.22647902391505623,0.0,0.3890635137338811,0.225,0.0,0.38999999999999996,1.5,129.88565094594463,0.007027759262979036,True,True,False
0.295,0.0018058828909997134,0.24205481135659446,0.012396064905407097,-0.06311252779174076,0.0,1.6402476692060475e-05,0.22653995141617708,0.0,0.3890567276894662,0.225,0.0,0.38999999999999996,1.5,129.88568435601238,0.005675389841994061,True,True,False
0.3,0.0018623823619797533,0.24360459438263662,0.012669719256232602,-0.06442449925307972,0.0,-4.537291044847247e-06,0.2266023318227191,0.0,0.3890507893847438,0.225,0.0,0.38999999999999996,1.5,129.88546630066134,0.006440445592886868,True,True,False
0.305,0.0019201550017346103,0.24496581478813229,0.012946339236483738,-0.06442449925307972,0.0,-4.537291044847247e-06,0.22666615858595102,0.0,0.3890455835305548,0.225,0.0,0.38999999999999996,1.5,129.885500407707,0.005112484425968178,True,True,False
0.31,0.0019792597670874774,0.24615962017815501,0.013225042115555174,-0.06442449925307972,0.0,-4.537291044847247e-06,0.22673142711001873,0.0,0.3890410269094998,0.225,0.0,0.38999999999999996,1.5,129.88553439366277,0.0038371662489646435,True,True,False
0.315,0.0020397407529970197,0.2472014732022572,0.013505299770813866,-0.06442449925307972,0.0,-4.537291044847247e-06,0.22679813421936917,0.0,0.38903705884469997,0.225,0.0,0.38999999999999996,1.5,129.8855682245194,0.002615370031237657,True,True,False
0.32,0.0021016314845989812,0.24810281711027654,0.013786732238178214,-0.06442449925307972,0.0,-4.537291044847247e-06,0.22686627771501838,0.0,0.3890336344441757,0.225,0.0,0.38999999999999996,1.5,129.88560186720383,0.0014492518266265159,True,True,False
0.325,0.0021649537568707443,0.24887066871062927,0.014068409498969467,-0.06442449925307972,0.0,-4.537291044847247e-06,0.22693585469112693,0.0,0.3890307263625628,0.225,0.0,0.38999999999999996,1.5,129.88563528513075,0.0003601816589350604,True,True,False
0.33,0.0022297179661230357,0.2495082229855421,0.014349792102551384,-0.06442449925307972,0.0,-4.537291044847247e-06,0.22700685952024766,0.0,0.38902832254608677,0.225,0.0,0.38999999999999996,1.5,129.8856684367352,0.0006501397025761579,True,True,False
0.335,0.002295931649055171,0.25001838949904387,0.0146307670530645,-0.06442449925307972,0.0,-4.537291044847247e-06,0.22707928563056837,0.0,0.38902641209762795,0.225,0.0,0.38999999999999996,1.5,129.88570128446923,0.0015875896003453432,True,True,False
0.34,0.002363591873202109,0.25039721059644343,0.014911869515018583,-0.06442449925307972,0.0,-4.537291044847247e-06,0.22715312864595996,0.0,0.3890250109862087,0.225,0.0,0.38999999999999996,1.5,129.8857337949999,0.002457093358908105,True,True,False
0.34500000000000003,0.00243269016479654,0.2506359503300974,0.015193303182065427,-0.06442449925307972,0.0,-4.537291044847247e-06,0.22722838635232498,0.0,0.38902415385297184,0.225,0.0,0.38999999999999996,1.5,129.88576593874512,0.0032629758566594946,True,True,False
0.35000000000000003,0.002503223612595607,0.2507286114961606,0.0154754504750895,-0.06043989403857168,0.0,-2.966567042767302e-05,0.22730505706484389,0.0,0.38902386456755755,0.225,0.0,0.38999999999999996,1.5,129.8853584468848,0.010290918470774471,True,True,False
0.355,0.0025752016398581166,0.2506758777922962,0.015758551638877225,-0.06043989403857168,0.0,-2.966567042767302e-05,0.22738314106514393,0.0,0.38902414030232174,0.225,0.0,0.38999999999999996,1.5,129.88538692443453,0.010758714849276915,True,True,False
0.36,0.0026486352619972033,0.25048001532794667,0.016042391879439077,-0.06043989403857168,0.0,-2.966567042767302e-05,0.22746263865671137,0.0,0.38902497200165026,0.225,0.0,0.38999999999999996,1.5,129.88541489133047,0.011181257438474507,True,True,False
0.365,0.002723533483295456,0.25014308264533475,0.016326768681741204,-0.06043989403857168,0.0,-2.966567042767302e-05,0.2275435494693085,0.0,0.3890263518439333,0.225,0.0,0.38999999999999996,1.5,129.88544233838047,0.011560609366713978,True,True,False
0.37,0.00279990367530103,0.2496670102118614,0.01661149409683144,-0.06043989403857168,0.0,-2.966567042767302e-05,0.22762587248622987,0.0,0.38902827252944805,0.225,0.0,0.38999999999999996,1.5,129.88546925798295,0.011898452213911441,True,True,False
0.375,0.002877751797520414,0.24905369189344295,0.01689639106372525,-0.06043989403857168,0.0,-2.966567042767302e-05,0.22770960607997037,0.0,0.3890307269221114,0.225,0.0,0.38999999999999996,1.5,129.88549564393452,0.012196200379949937,True,True,False
0.38,0.0029570825713731816,0.24830506034107566,0.01718129080613037,-0.06043989403857168,0.0,-2.966567042767302e-05,0.2277947480437386,0.0,0.38903370775334867,0.225,0.0,0.38999999999999996,1.5,129.8855214912841,0.012455083932778728,True,True,False
0.385,0.003037899619046408,0.24742315035794374,0.017466030990192435,-0.06043989403857168,0.0,-2.966567042767302e-05,0.22788129562024403,0.0,0.38903720737219016,0.225,0.0,0.38999999999999996,1.5,129.88554679621993,0.012676208515691241,True,True,False
0.39,0.003120205575475627,0.24641015310835823,0.017750454436461824,-0.06043989403857168,0.0,-2.966567042767302e-05,0.22796924552875525,0.0,0.38904121753082554,0.225,0.0,0.38999999999999996,1.5,129.8855715559798,0.01286059853623571,True,True,False
0.395,0.0032040021793400294,0.24526846299883812,0.01803440824945075,-0.06043989403857168,0.0,-2.966567042767302e-05,0.2280585939911251,0.0,0.38904572919846137,0.225,0.0,0.38999999999999996,1.5,129.88559576877816,0.013009228152461583,True,True,False
0.4,0.003289290347310798,0.24400071843687252,0.0183177432739503,-0.053964641664504626,0.0,-4.9685614500100337e-05,0.22814933675724805,0.0,0.3890507323989736,0.225,0.0,0.38999999999999996,1.5,129.88513686215921,0.023330110978122397,True,True,False
0.405,0.003376070256409828,0.24260976618565586,0.018600296827204783,-0.053964641664504626,0.0,-4.9685614500100337e-05,0.22824146909960122,0.0,0.38905621588668504,0.225,0.0,0.38999999999999996,1.5,129.88515569030747,0.023043563342580058,True,True,False
0.41000000000000003,0.003464341369435165,0.24109876614376935,0.018881941806509005,-0.053964641664504626,0.0,-4.9685614500100337e-05,0.22833498586621404,0.0,0.38906216718113906,0.225,0.0,0.38999999999999996,1.5,129.88517392037232,0.02273359917042459,True,True,False
0.41500000000000004,0.003554102481403376,0.23947130593451188,0.019162539784062765,-0.053964641664504626,0.0,-4.9685614500100337e-05,0.22842988154491814,0.0,0.38906857258138505,0.225,0.0,0.38999999999999996,1.5,129.88519156373968,0.022400991487779368,True,True,False
0.42,0.003645351772370178,0.23773134981754737,0.019441955972962416,-0.053964641664504626,0.0,-4.9685614500100337e-05,0.22852615025997752,0.0,0.38907541691104425,0.225,0.0,0.38999999999999996,1.5,129.88520863200338,0.022046538573992865,True,True,False
0.425,0.003738086824904402,0.2358832500331893,0.019720059788641105,-0.053964641664504626,0.0,-4.9685614500100337e-05,0.22862378579619977,0.0,0.3890826834713226,0.225,0.0,0.38999999999999996,1.5,129.8852251369408,0.021671061204997247,True,True,False
0.43,0.0038323046382216022,0.2339317538702791,0.019996725508812232,-0.053964641664504626,0.0,-4.9685614500100337e-05,0.2287227816232994,0.0,0.38909035401096953,0.225,0.0,0.38999999999999996,1.5,129.88524109048845,0.021275400068680082,True,True,False
0.435,0.003928001639743517,0.23188200626415928,0.02027183301386384,-0.053964641664504626,0.0,-4.9685614500100337e-05,0.22882313092041986,0.0,0.3890984087139078,0.225,0.0,0.38999999999999996,1.5,129.88525650471854,0.02086041326276923,True,True,False
0.44,0.004025173694879826,0.22973954781563383,0.020545268587442284,-0.053964641664504626,0.0,-4.9685614500100337e-05,0.22892482660073454,0.0,0.3891068262049751,0.225,0.0,0.38999999999999996,1.5,129.8852713918139,0.020426973828760596,True,True,False
0.445,0.0041238161158321995,0.22751030819224127,0.02081692575495535,-0.053964641664504626,0.0,-4.9685614500100337e-05,0.22902786133605102,0.0,0.3891155835739072,0.225,0.0,0.38999999999999996,1.5,129.88528576404474,0.019975967303846084,True,True,False
0.45,0.004223923670158175,0.22520059491398817,0.02108670613615555,-0.047738973711967794,0.0,-6.202848099710243e-05,0.22913222758134216,0.0,0.38912465641756067,0.225,0.0,0.38999999999999996,1.5,129.88488931828738,0.029322124110595017,True,True,False
0.455,0.0043254905893823446,0.22281700917366432,0.0213545033259575,-0.047738973711967794,0.0,-6.202848099710243e-05,0.22923791756978315,0.0,0.38913401875854114,0.225,0.0,0.38999999999999996,1.5,129.8848992509669,0.028486315061312138,True,True,False
0.46,0.004428510577373342,0.2203664973267442,0.02162025299175502,-0.047738973711967794,0.0,-6.202848099710243e-05,0.22934492336355372,0.0,0.38914364324096046,0.225,0.0,0.38999999999999996,1.5,129.88490871645192,0.027644812299014183,True,True,False
0.465,0.004532976842538658,0.21785641109824652,0.021883885912525575,-0.047738973711967794,0.0,-6.202848099710243e-05,0.22945323691479108,0.0,0.38915350130789594,0.225,0.0,0.38999999999999996,1.5,129.8849177331012,0.026798400044986553,True,True,False
0.47000000000000003,0.004638882014895342,0.21529432254024952,0.022145342149662718,-0.047738973711967794,0.0,-6.202848099710243e-05,0.22956285002619412,0.0,0.38916356351910025,0.225,0.0,0.38999999999999996,1.5,129.88492631882755,0.025948404290659095,True,True,False
0.47500000000000003,0.004746218152423222,0.2126879789750111,0.022404574173700398,-0.047738973711967794,0.0,-6.202848099710243e-05,0.22967375436392237,0.0,0.3891737997239722,0.225,0.0,0.38999999999999996,1.5,129.88493449111613,0.025095697929697038,True,True,False
0.48,0.0048549769641864455,0.21004545550198306,0.022661547277316313,-0.047738973711967794,0.0,-6.202848099710243e-05,0.22978594155338702,0.0,0.38918417846906045,0.225,0.0,0.38999999999999996,1.5,129.88494226694252,0.02424092809944501,True,True,False
0.485,0.00496514983488711,0.20737512900792818,0.022916239727106286,-0.047738973711967794,0.0,-6.202848099710243e-05,0.2298994032089676,0.0,0.3891946671006114,0.225,0.0,0.38999999999999996,1.5,129.8849496627649,0.02338472479775341,True,True,False
0.49,0.005076727829754477,0.2046856265303941,0.023168643178053668,-0.047738973711967794,0.0,-6.202848099710243e-05,0.23001413095473944,0.0,0.3892052319670951,0.225,0.0,0.38999999999999996,1.5,129.88495669452632,0.022527708710270145,True,True,False
0.495,0.005189701700291407,0.2019857661783584,0.02341876284617666,-0.047738973711967794,0.0,-6.202848099710243e-05,0.23013011644279774,0.0,0.38921583865095,0.225,0.0,0.38999999999999996,1.5,129.88496337765886,0.021670496814742184,True,True,False
0.5,0.005304061892177215,0.19928449209693483,0.023666617412901183,-0.04328187940779882,0.0,-6.621214068663157e-05,0.23024735136938856,0.0,0.38922645222369745,0.225,0.0,0.38999999999999996,1.5,129.88471592950552,0.027839745535399526,True,True,False
0.505,0.005419798608151945,0.19659082151773624,0.023912229394715417,-0.04328187940779882,0.0,-6.621214068663157e-05,0.23036582749489545,0.0,0.3892370371909786,0.225,0.0,0.38999999999999996,1.5,129.88472010726727,0.026731315605307646,True,True,False
0.51,0.005536901753326626,0.1939137422211199,0.024155652495782005,-0.04328187940779882,0.0,-6.621214068663157e-05,0.23048553664579918,0.0,0.3892475581526883,0.225,0.0,0.38999999999999996,1.5,129.8847240140279,0.025631079651331663,True,True,False
0.515,0.005655360912052212,0.19126212898827608,0.024396942350441188,-0.04328187940779882,0.0,-6.621214068663157e-05,0.23060647072166268,0.0,0.3892579803960088,0.225,0.0,0.38999999999999996,1.5,129.88472766532763,0.024539589635900312,True,True,False
0.52,0.00577516543524734,0.18864469730879463,0.024636164952789846,-0.04328187940779882,0.0,-6.621214068663157e-05,0.23072862171425473,0.0,0.38926826981786666,0.225,0.0,0.38999999999999996,1.5,129.88473107596315,0.023457402542543845,True,True,False
0.525,0.005896304471162963,0.18606993605804614,0.02487339536236298,-0.04328187940779882,0.0,-6.621214068663157e-05,0.23085198171802176,0.0,0.38927839318975255,0.225,0.0,0.38999999999999996,1.5,129.88473426000996,0.02238507799969434,True,True,False
0.53,0.0060187670001024636,0.1835460435349594,0.025108716277296887,-0.04328187940779882,0.0,-6.621214068663157e-05,0.23097654294012523,0.0,0.3892883184094261,0.225,0.0,0.38999999999999996,1.5,129.88473723084576,0.02132317603222339,True,True,False
0.535,0.006142541872653231,0.1810808680879254,0.025342216526723502,-0.04328187940779882,0.0,-6.621214068663157e-05,0.23110229771028784,0.0,0.3892980147349736,0.225,0.0,0.38999999999999996,1.5,129.88474000117372,0.020272254819089737,True,True,False
0.54,0.0062676178508454415,0.1786818542326938,0.025573989535225584,-0.04328187940779882,0.0,-6.621214068663157e-05,0.23122923849065186,0.0,0.38930745299739444,0.225,0.0,0.38999999999999996,1.5,129.8847425830449,0.019232868419729546,True,True,False
0.545,0.006393983651527776,0.17635599502728436,0.025804131810209418,-0.04328187940779882,0.0,-6.621214068663157e-05,0.23135735788579867,0.0,0.38931660578881727,0.225,0.0,0.38999999999999996,1.5,129.8847449878806,0.01820556448308191,True,True,False
0.55,0.006521627991210809,0.17410979125228163,0.026032741498396253,-0.04145223754748931,0.0,-6.456363277768795e-05,0.23148664865304203,0.0,0.389325447624174,0.225,0.0,0.38999999999999996,1.5,129.8846812532492,0.020075112565994337,True,True,False
0.555,0.00665053964412533,0.1719492242873177,0.02625991546979858,-0.04145223754748931,0.0,-6.456363277768795e-05,0.231617103715539,0.0,0.38933395497458306,0.225,0.0,0.38999999999999996,1.5,129.88468283336,0.018969852537359166,True,True,False
0.56,0.006780707469114238,0.16987971633257873,0.02648575266707287,-0.04145223754748931,0.0,-6.456363277768795e-05,0.23174871616844447,0.0,0.3893421064983769,0.225,0.0,0.38999999999999996,1.5,129.8846842847739,0.01788095692321808,True,True,False
0.5650000000000001,0.006912120379168674,0.16790602247071776,0.026710341156355906,-0.04145223754748931,0.0,-6.456363277768795e-05,0.23188147925386396,0.0,0.38934988353754196,0.225,0.0,0.38999999999999996,1.5,129.88468561684255,0.01680949795551099,True,True,False
0.5700000000000001,0.007044767364347501,0.16603218235610148,0.026933771298672398,-0.04145223754748931,0.0,-6.456363277768795e-05,0.23201538635154606,0.0,0.3893572702307213,0.225,0.0,0.38999999999999996,1.5,129.8846868383371,0.01575605714870122,True,True,False
0.5750000000000001,0.007178638037699906,0.1642621750792099,0.027156190644574373,-0.04145223754748931,0.0,-6.456363277768795e-05,0.23215043126131252,0.0,0.3893642509508015,0.225,0.0,0.38999999999999996,1.5,129.88468795744717,0.014721283285318866,True,True,False
0.58,0.007313723710224547,0.1626013769153261,0.027377758781587484,-0.04145223754748931,0.0,-6.456363277768795e-05,0.23228660878752944,0.0,0.3893708045716952,0.225,0.0,0.38999999999999996,1.5,129.88468898183075,0.013706044135921719,True,True,False
0.585,0.0074500160674406506,0.1610547455699631,0.027598569110355433,-0.04145223754748931,0.0,-6.456363277768795e-05,0.23242391407954208,0.0,0.38937691160763427,0.225,0.0,0.38999999999999996,1.5,129.88468991862177,0.012710631994856583,True,True,False
0.59,0.007587506788591655,0.15962624717370028,0.027818709901991014,-0.04145223754748931,0.0,-6.456363277768795e-05,0.23256234241177356,0.0,0.3893825564689663,0.225,0.0,0.38999999999999996,1.5,129.8846907744461,0.011735288959257704,True,True,False
0.595,0.0077261877530245045,0.15831712833216402,0.028039020502859016,-0.04145223754748931,0.0,-6.456363277768795e-05,0.2327018898870734,0.0,0.38938773423876366,0.225,0.0,0.38999999999999996,1.5,129.88469155544948,0.010780325780772284,True,True,False
0.6,0.007866052306302404,0.15711140325193917,0.02826133808264255,-0.042523478695057584,0.0,-6.000885124928542e-05,0.232842559010997,0.0,0.38939250757657806,0.225,0.0,0.38999999999999996,1.5,129.88480629331238,0.00815823449873666,True,True,False
0.605,0.008007096076530294,0.15598872153072613,0.028485236843697123,-0.042523478695057584,0.0,-6.000885124928542e-05,0.23298435507360607,0.0,0.3893969563553374,0.225,0.0,0.38999999999999996,1.5,129.88480710671868,0.007308274815309237,True,True,False
0.61,0.008149316194703077,0.15493431137591765,0.02871039136383191,-0.042523478695057584,0.0,-6.000885124928542e-05,0.23312728241198802,0.0,0.38940113854937874,0.225,0.0,0.38999999999999996,1.5,129.8848078533057,0.00649401962756703,True,True,False
0.615,0.008292711439984363,0.15393579062624546,0.028936981131244065,-0.042523478695057584,0.0,-6.000885124928542e-05,0.2332713457144796,0.0,0.38940510244713267,0.225,0.0,0.38999999999999996,1.5,129.88480854095636,0.005828256598487595,True,True,False
0.62,0.00843728170926281,0.15298108484345402,0.02916481277506885,-0.042523478695057584,0.0,-6.000885124928542e-05,0.23341655021159974,0.0,0.38940889495258346,0.225,0.0,0.38999999999999996,1.5,129.88480918012675,0.005309666733121788,True,True,False
0.625,0.008583026594374455,0.15205948324468105,0.029393587727182664,-0.042523478695057584,0.0,-6.000885124928542e-05,0.2335629000396615,0.0,0.38941255772155503,0.225,0.0,0.38999999999999996,1.5,129.88480977930035,0.0049101073766632,True,True,False
0.63,0.00872994520987252,0.15116165184760014,0.029622994779511014,-0.042523478695057584,0.0,-6.000885124928542e-05,0.23371039814288597,0.0,0.3894161271030567,0.225,0.0,0.38999999999999996,1.5,129.88481034512355,0.004597410136395508,True,True,False
0.635,0.00887803576729958,0.15028028057130385,0.029852583094422576,-0.042523478695057584,0.0,-6.000885124928542e-05,0.2338590457553842,0.0,0.38941963167775956,0.225,0.0,0.38999999999999996,1.5,129.88481088128032,0.004300709687926567,True,True,False
0.64,0.009027295783388022,0.14941015882965555,0.03008215222485845,-0.042523478695057584,0.0,-6.000885124928542e-05,0.23400884266776628,0.0,0.38942309190661856,0.225,0.0,0.38999999999999996,1.5,129.8848113893645,0.004010667860004963,True,True,False
0.645,0.0091777226251009,0.14854723481983131,0.030311580506094022,-0.042523478695057584,0.0,-6.000885124928542e-05,0.23415978807141,0.0,0.3894265236969636,0.225,0.0,0.38999999999999996,1.5,129.88481187086475,0.003728303451479637,True,True,False
0.65,0.009329313541144815,0.14768827992445846,0.030540774080303847,-0.04528070191443352,0.0,-5.672905335090407e-05,0.23431188071361256,0.0,0.3894299397185923,0.225,0.0,0.38999999999999996,1.5,129.88499740927662,0.0008921044985255675,True,True,False
0.655,0.009482065615992985,0.14683061532097877,0.030769648473711792,-0.04528070191443352,0.0,-5.672905335090407e-05,0.23446511895809427,0.0,0.3894333506771194,0.225,0.0,0.38999999999999996,1.5,129.88499811704528,0.0010012836033630526,True,True,False
0.66,0.00963597579051584,0.14597200411959418,0.030998141167963317,-0.04528070191443352,0.0,-5.672905335090407e-05,0.23461950083846433,0.0,0.3894367655424324,0.225,0.0,0.38999999999999996,1.5,129.88499880277155,0.001105433670721306,True,True,False
0.665,0.009791040937652365,0.1451105970087152,0.031226200827416065,-0.04528070191443352,0.0,-5.672905335090407e-05,0.23477502415130194,0.0,0.3894401915646863,0.225,0.0,0.38999999999999996,1.5,129.88499946741018,0.0012042917693961454,True,True,False
0.67,0.009947257828591382,0.1442447940923225,0.031453783158671395,-0.04528070191443352,0.0,-5.672905335090407e-05,0.23493168647872525,0.0,0.3894436350147802,0.225,0.0,0.38999999999999996,1.5,129.88500011189527,0.0012976804981487833,True,True,False
0.675,0.010104623132416321,0.14337318081974101,0.03168084873656518,-0.04528070191443352,0.0,-5.672905335090407e-05,0.23508948521118378,0.0,0.38944710143654826,0.225,0.0,0.38999999999999996,1.5,129.88500073713615,0.0013854838701294284,True,True,False
0.68,0.01026313341490296,0.14249448208431803,0.03190736147503495,-0.04528070191443352,0.0,-5.672905335090407e-05,0.23524841756307396,0.0,0.38945059582730474,0.225,0.0,0.38999999999999996,1.5,129.88500134401423,0.0014676304693770244,True,True,False
0.685,0.010422785136745506,0.1416075295551998,0.03213328755483542,-0.04528070191443352,0.0,-5.672905335090407e-05,0.2354084805832832,0.0,0.38945412276638447,0.225,0.0,0.38999999999999996,1.5,129.88500193338228,0.0015440816159955264,True,True,False
0.6900000000000001,0.010583574651432304,0.14071123854197787,0.03235859467511864,-0.04528070191443352,0.0,-5.672905335090407e-05,0.2355696711621891,0.0,0.3894576865061345,0.225,0.0,0.38999999999999996,1.5,129.88500250606324,0.0016148229939874272,True,True,False
0.6950000000000001,0.010745498202940759,0.13980459175380555,0.032583251534639666,-0.04528070191443352,0.0,-5.672905335090407e-05,0.2357319860362063,0.0,0.38946129103583066,0.225,0.0,0.38999999999999996,1.5,129.88500306285022,0.0016798586822508125,True,True,False
0.7000000000000001,0.010908551923367022,0.1388866279650704,0.032807227475718195,-0.04845798214374729,0.0,-5.4624417902924116e-05,0.23589542179065393,0.0,0.3894649401262119,0.225,0.0,0.38999999999999996,1.5,129.88519756985053,0.00674778039496576,True,True,False
0.705,0.011072731775464646,0.13795637416459475,0.033030480460626996,-0.04845798214374729,0.0,-5.4624417902924116e-05,0.23605997482764543,0.0,0.38946863780409774,0.225,0.0,0.38999999999999996,1.5,129.88519836241218,0.006621722116868912,True,True,False
0.71,0.011238033562681283,0.13701290183573947,0.03325297870278858,-0.04845798214374729,0.0,-5.4624417902924116e-05,0.23622564135598412,0.0,0.3894723879239724,0.225,0.0,0.38999999999999996,1.5,129.8851991528359,0.006494775076316002,True,True,False
0.715,0.011404453005847977,0.13605539552957968,0.03347469221854811,-0.04845798214374729,0.0,-5.4624417902924116e-05,0.23639241744810222,0.0,0.38947619368964154,0.225,0.0,0.38999999999999996,1.5,129.8851999411193,0.006366899665926153,True,True,False
0.72,0.011571985708820776,0.13508308861782942,0.03369559161771292,-0.04845798214374729,0.0,-5.4624417902924116e-05,0.23656029903077735,0.0,0.38948005811463143,0.225,0.0,0.38999999999999996,1.5,129.88520072726115,0.006238067171038182,True,True,False
0.725,0.011740627157598783,0.13409525779047654,0.03391564792321323,-0.04845798214374729,0.0,-5.4624417902924116e-05,0.23672928188708584,0.0,0.3894839840438258,0.225,0.0,0.38999999999999996,1.5,129.8852015112601,0.006108256970708745,True,True,False
0.73,0.011910372719409172,0.1330912191790423,0.03413483245080652,-0.04845798214374729,0.0,-5.4624417902924116e-05,0.23689936165781272,0.0,0.3894879741687934,0.225,0.0,0.38999999999999996,1.5,129.88520229311416,0.005977454539136605,True,True,False
0.735,0.012081217641792345,0.13207032556706938,0.03435311673159104,-0.04845798214374729,0.0,-5.4624417902924116e-05,0.2370705338424872,0.0,0.3894920310386193,0.225,0.0,0.38999999999999996,1.5,129.8852030728201,0.005845650000362032,True,True,False
0.74,0.012253157051748417,0.13103196450040017,0.034570472464900096,-0.04845798214374729,0.0,-5.4624417902924116e-05,0.23724279380019747,0.0,0.3894961570674719,0.225,0.0,0.38999999999999996,1.5,129.88520385037316,0.005712837067061185,True,True,False
0.745,0.0124261859549782,0.12997555691251786,0.03478687149263421,-0.04845798214374729,0.0,-5.4624417902924116e-05,0.23741613675029025,0.0,0.38950035453990894,0.225,0.0,0.38999999999999996,1.5,129.88520462576656,0.00557901224801911,True,True,False
0.75,0.012600299235246491,0.1289005561907554,0.035002285788607715,-0.051780459944381324,0.0,-5.3368470146708756e-05,0.2375905577730305,0.0,0.38950462561457566,0.225,0.0,0.38999999999999996,1.5,129.8853984810358,0.01068162012045689,True,True,False
0.755,0.012775491600995306,0.127806384736978,0.03521667542479001,-0.051780459944381324,0.0,-5.3368470146708756e-05,0.23776605177477064,0.0,0.38950897277980023,0.225,0.0,0.38999999999999996,1.5,129.88539954533624,0.010357807359007225,True,True,False
0.76,0.012951757592705239,0.12669249801757168,0.035430010530437865,-0.051780459944381324,0.0,-5.3368470146708756e-05,0.23794261347716522,0.0,0.3895133983961194,0.225,0.0,0.38999999999999996,1.5,129.88540062996336,0.0100379316395012,True,True,False
0.765,0.013129091660130779,0.1255584595591719,0.0356422633510689,-0.051780459944381324,0.0,-5.3368470146708756e-05,0.23812023747706093,0.0,0.3895179041945406,0.225,0.0,0.38999999999999996,1.5,129.88540173377316,0.009721907514124968,True,True,False
0.77,0.013307488133402075,0.12440387575778679,0.03585340683913029,-0.051780459944381324,0.0,-5.3368470146708756e-05,0.23829891823725904,0.0,0.3895224917389866,0.225,0.0,0.38999999999999996,1.5,129.88540285564605,0.009409655825414047,True,True,False
0.775,0.013486941224225658,0.12322839136372384,0.03606341451623892,-0.051780459944381324,0.0,-5.3368470146708756e-05,0.23847865008935804,0.0,0.38952716244399765,0.225,0.0,0.38999999999999996,1.5,129.8854039944861,0.009101101638528161,True,True,False
0.78,0.01366744502693198,0.12203168608191156,0.03627226037832467,-0.051780459944381324,0.0,-5.3368470146708756e-05,0.23865942723615963,0.0,0.38953191758816585,0.225,0.0,0.38999999999999996,1.5,129.88540514922084,0.008796172816127759,True,True,False
0.785,0.013848993519405604,0.12081347191338872,0.03647991883139582,-0.051780459944381324,0.0,-5.3368470146708756e-05,0.2388412437537458,0.0,0.38953675832448753,0.225,0.0,0.38999999999999996,1.5,129.88540631880124,0.008494799035525366,True,True,False
0.79,0.014031580563970244,0.11957349112078533,0.03668636464916964,-0.051780459944381324,0.0,-5.3368470146708756e-05,0.23902409359334703,0.0,0.38954168568838576,0.225,0.0,0.38999999999999996,1.5,129.88540750220153,0.008196911109253514,True,True,False
0.795,0.014215199908260747,0.11831151458895446,0.03689157294621535,-0.051780459944381324,0.0,-5.3368470146708756e-05,0.23920797058307303,0.0,0.38954670060407265,0.225,0.0,0.38999999999999996,1.5,129.8854086984193,0.007902440515105842,True,True,False
0.8,0.014399845186113956,0.11702734051827453,0.03709551916201489,-0.05477182068961206,0.0,-5.294646529028444e-05,0.2393928684295649,0.0,0.3895518038897049,0.225,0.0,0.38999999999999996,1.5,129.88557719128877,0.012326790463547914,True,True,False
0.805,0.014585509874309666,0.11572073680301272,0.037298168607659075,-0.05477182068961206,0.0,-5.294646529028444e-05,0.23957878068754307,0.0,0.3895569966612923,0.225,0.0,0.38999999999999996,1.5,129.8855787338529,0.011869720671565456,True,True,False
0.81,0.014772187296748786,0.1143914980434123,0.03749949505233039,-0.05477182068961206,0.0,-5.294646529028444e-05,0.23976570075113202,0.0,0.38956227993163917,0.225,0.0,0.38999999999999996,1.5,129.88558031377377,0.01142031873090596,True,True,False
0.8150000000000001,0.014959870691566592,0.1130395126250705,0.03769947470477174,-0.05477182068961206,0.0,-5.294646529028444e-05,0.23995362190877145,0.0,0.3895676541686292,0.225,0.0,0.38999999999999996,1.5,129.88558192875897,0.010978436960724704,True,True,False
0.8200000000000001,0.015148553189909389,0.11166470365459542,0.037898084587891415,-0.05477182068961206,0.0,-5.294646529028444e-05,0.24014253733563176,0.0,0.3895731197047037,0.225,0.0,0.38999999999999996,1.5,129.88558357656706,0.010543932424245468,True,True,False
0.8250000000000001,0.01533822781821433,0.11026702445103063,0.038095302402485834,-0.05477182068961206,0.0,-5.294646529028444e-05,0.24033244009694074,0.0,0.3895786767545364,0.225,0.0,0.38999999999999996,1.5,129.88558525500767,0.01011666521263373,True,True,False
0.8300000000000001,0.015528887500240745,0.1088464550553884,0.03829110642942935,-0.05477182068961206,0.0,-5.294646529028444e-05,0.24052332315085775,0.0,0.3895843254287581,0.225,0.0,0.38999999999999996,1.5,129.88558696194258,0.009696497302828316,True,True,False
0.835,0.01572052505889656,0.10740299944414561,0.03848547545963284,-0.05477182068961206,0.0,-5.294646529028444e-05,0.24071517935099127,0.0,0.3895900657448168,0.225,0.0,0.38999999999999996,1.5,129.88558869528526,0.009283291806156944,True,True,False
0.84,0.015913133217934472,0.10593668331692455,0.038678388743961,-0.05477182068961206,0.0,-5.294646529028444e-05,0.2409080014486683,0.0,0.3895958976356209,0.225,0.0,0.38999999999999996,1.5,129.88559045300175,0.008876912483245127,True,True,False
0.845,0.016106704603558526,0.10444755231439538,0.03886982595742916,-0.05477182068961206,0.0,-5.294646529028444e-05,0.24110178209502456,0.0,0.3896018209565533,0.225,0.0,0.38999999999999996,1.5,129.88559223311105,0.008477223441041492,True,True,False
0.85,0.016301231745969934,0.10293567050540302,0.03905976717356301,-0.05719149421176083,0.0,-5.305152297955112e-05,0.2412965138429645,0.0,0.3896078354912988,0.225,0.0,0.38999999999999996,1.5,129.8857262909171,0.01189836464942477,True,True,False
0.855,0.016496707047406137,0.10140107341500039,0.03924818472879076,-0.05719149421176083,0.0,-5.305152297955112e-05,0.24149218912300932,0.0,0.3896139412754094,0.225,0.0,0.38999999999999996,1.5,129.88572843956803,0.01137476179564622,True,True,False
0.86,0.01669312278377952,0.09984381382957556,0.03943505723281108,-0.05719149421176083,0.0,-5.305152297955112e-05,0.2416888002368772,0.0,0.38962013827786035,0.225,0.0,0.38999999999999996,1.5,129.88573063053158,0.010861045714198726,True,True,False
0.865,0.016890471157182906,0.09826401573459985,0.03962036569540604,-0.05719149421176083,0.0,-5.305152297955112e-05,0.24188633940246146,0.0,0.3896264260494822,0.225,0.0,0.38999999999999996,1.5,129.88573286068223,0.010357016580342842,True,True,False
0.87,0.017088744281712843,0.09666182630026662,0.03980409188747453,-0.05719149421176083,0.0,-5.305152297955112e-05,0.24208479874802202,0.0,0.38963280405045975,0.225,0.0,0.38999999999999996,1.5,129.8857351269757,0.009862478649029545,True,True,False
0.875,0.017287934185948928,0.09503741202790798,0.03998621821944909,-0.05719149421176083,0.0,-5.305152297955112e-05,0.24228417031524388,0.0,0.3896392716654543,0.225,0.0,0.38999999999999996,1.5,129.88573742644968,0.009377238949760225,True,True,False
0.88,0.017488032815153598,0.09339095570507662,0.04016672765170162,-0.05719149421176083,0.0,-5.305152297955112e-05,0.24248444606188396,0.0,0.38964582821546645,0.225,0.0,0.38999999999999996,1.5,129.88573975622353,0.00890110644241715,True,True,False
0.885,0.01768903203324736,0.09172265401704431,0.04034560362817807,-0.05719149421176083,0.0,-5.305152297955112e-05,0.24268561786409315,0.0,0.38965247296720884,0.225,0.0,0.38999999999999996,1.5,129.88574211349894,0.008433891485572737,True,True,False
0.89,0.01789092362461799,0.09003271561298541,0.04052283002684943,-0.05719149421176083,0.0,-5.305152297955112e-05,0.242887677518497,0.0,0.38965920514063196,0.225,0.0,0.38999999999999996,1.5,129.88574449555972,0.007975405516380367,True,True,False
0.895,0.018093699295805846,0.08832135953889685,0.040698391122306915,-0.05719149421176083,0.0,-5.305152297955112e-05,0.24309061674409455,0.0,0.3896660239150309,0.225,0.0,0.38999999999999996,1.5,129.88574689977182,0.007525460873849612,True,True,False
0.9,0.018297350677098694,0.08658881393018308,0.04087227155710825,-0.05899709319840703,0.0,-5.325202639130732e-05,0.24329442718402206,0.0,0.3896729284340712,0.225,0.0,0.38999999999999996,1.5,129.88584904424113,0.009930137716730902,True,True,False
0.905,0.018501869300454284,0.08483528084219497,0.0410444505102863,-0.05899709319840703,0.0,-5.325202639130732e-05,0.24349910038771666,0.0,0.38967991804756563,0.225,0.0,0.38999999999999996,1.5,129.88585178479977,0.009394568747133427,True,True,False
0.91,0.01870724659959512,0.08306097026585219,0.04121491138381617,-0.05899709319840703,0.0,-5.325202639130732e-05,0.24370462780642044,0.0,0.38968699207462637,0.225,0.0,0.38999999999999996,1.5,129.885854559974,0.008869672003887233,True,True,False
0.915,0.01891347394801146,0.08126614032157488,0.0413836396662746,-0.05899709319840703,0.0,-5.325202639130732e-05,0.243911000827016,0.0,0.38969414954191856,0.225,0.0,0.38999999999999996,1.5,129.88585736632695,0.008355215231696057,True,True,False
0.92,0.01912054265012359,0.07945106137111084,0.04155062146101281,-0.05899709319840703,0.0,-5.325202639130732e-05,0.24411821076778506,0.0,0.38970138942794513,0.225,0.0,0.38999999999999996,1.5,129.88586020052807,0.007850970129229331,True,True,False
0.925,0.019328443943440566,0.07761601307134158,0.04171584338751699,-0.05899709319840703,0.0,-5.325202639130732e-05,0.2443262488808244,0.0,0.38970871067448704,0.225,0.0,0.38999999999999996,1.5,129.8858630593526,0.007356711423668748,True,True,False
0.93,0.019537169000463272,0.07576128209265759,0.04187929250747277,-0.05899709319840703,0.0,-5.325202639130732e-05,0.24453510635412917,0.0,0.38971611219553276,0.225,0.0,0.38999999999999996,1.5,129.88586593968088,0.006872216286400903,True,True,False
0.935,0.019746708930380455,0.07388716033566575,0.042040956270267354,-0.05899709319840703,0.0,-5.325202639130732e-05,0.24474477431341146,0.0,0.3897235928842913,0.225,0.0,0.38999999999999996,1.5,129.88586883849771,0.006397263980424318,True,True,False
0.9400000000000001,0.019957054780756087,0.07199394363789167,0.04220082252818123,-0.05899709319840703,0.0,-5.325202639130732e-05,0.2449552438238601,0.0,0.38973115161820715,0.225,0.0,0.38999999999999996,1.5,129.88587175289175,0.005931635722285718,True,True,False
0.9450000000000001,0.02016819753916926,0.07008193077735635,0.042358879424994764,-0.05899709319840703,0.0,-5.325202639130732e-05,0.24516650589182137,0.0,0.38973878726277794,0.225,0.0,0.38999999999999996,1.5,129.88587468005412,0.005475114486445304,True,True,False
0.9500000000000001,0.02038012813425293,0.06815142226754864,0.042515115359078315,-0.06027459627555317,0.0,-5.312579644278778e-05,0.245378551465879,0.0,0.38974649867635697,0.225,0.0,0.38999999999999996,1.5,129.8859539555117,0.0070412783527962625,True,True,False
0.9550000000000001,0.020592837420976184,0.066202695375859,0.042669515090688524,-0.06027459627555317,0.0,-5.312579644278778e-05,0.2455913714242033,0.0,0.3897542848859724,0.225,0.0,0.38999999999999996,1.5,129.8859571467616,0.006530055704074309,True,True,False
0.96,0.020806316180001415,0.06423602828328341,0.042822065951405704,-0.06027459627555317,0.0,-5.312579644278778e-05,0.24580495657146958,0.0,0.3897621449150145,0.225,0.0,0.38999999999999996,1.5,129.8859603566506,0.00602920207282651,True,True,False
0.965,0.021020555143820892,0.06225172855237255,0.04297275697066728,-0.06027459627555317,0.0,-5.312579644278778e-05,0.24601929766289254,0.0,0.3897700775932293,0.225,0.0,0.38999999999999996,1.5,129.88596358193178,0.0055384737465538555,True,True,False
0.97,0.021235544991432227,0.06025010779738728,0.043121577622738654,-0.06027459627555317,0.0,-5.312579644278778e-05,0.24623438540119108,0.0,0.38977808173390716,0.225,0.0,0.38999999999999996,1.5,129.8859668194757,0.00505763110521722,True,True,False
0.975,0.021451276349983638,0.05823147966708995,0.04326851775264508,-0.06027459627555317,0.0,-5.312579644278778e-05,0.2464502104383061,0.0,0.3897861561416545,0.225,0.0,0.38999999999999996,1.5,129.8859700662702,0.00458643798950056,True,True,False
0.98,0.021667739796205225,0.056196158324329094,0.04341356752017786,-0.06027459627555317,0.0,-5.312579644278778e-05,0.24666676337686536,0.0,0.3897942996184202,0.225,0.0,0.38999999999999996,1.5,129.88597331941796,0.004124661307821565,True,True,False
0.985,0.021884925857675538,0.05414445726457181,0.04355671735719012,-0.06027459627555317,0.0,-5.312579644278778e-05,0.2468840347714545,0.0,0.38980251096808854,0.225,0.0,0.38999999999999996,1.5,129.88597657613462,0.003672070803607718,True,True,False
0.99,0.0221028250139557,0.052076688389345996,0.04369795793466147,-0.06027459627555317,0.0,-5.312579644278778e-05,0.24710201512973512,0.0,0.3898107890000398,0.225,0.0,0.38999999999999996,1.5,129.8859798337475,0.0032284389295655844,True,True,False
0.995,0.022321427697622156,0.04999316130625312,0.04383728013695602,-0.06027459627555317,0.0,-5.312579644278778e-05,0.24732069491344633,0.0,0.38981913253187717,0.225,0.0,0.38999999999999996,1.5,129.88598308969313,0.002793540792992665,True,True,False
1.0,0.022540724295216044,0.04789418282761703,0.043974675041395,-0.0611689116541061,0.0,-5.23436399123633e-05,0.247540064539313,0.0,0.38982754039154544,0.225,0.0,0.38999999999999996,1.5,129.88605075237774,0.00377690050755157,True,True,False
1.0050000000000001,0.022760705137455782,0.04578003955515668,0.04411013139761296,-0.0611689116541061,0.0,-5.23436399123633e-05,0.24776011437015108,0.0,0.38983601154964903,0.225,0.0,0.38999999999999996,1.5,129.88605418993126,0.0033082125796826158,True,True,False
1.01,0.02298136049831506,0.04365101496715836,0.0442436392879153,-0.0611689116541061,0.0,-5.23436399123633e-05,0.2479808347127112,0.0,0.3898445449886187,0.225,0.0,0.38999999999999996,1.5,129.88605762765903,0.002848931533783697,True,True,False
1.0150000000000001,0.023202680612811326,0.04150740946723964,0.04437519020113954,-0.0611689116541061,0.0,-5.23436399123633e-05,0.2482022158345087,0.0,0.38985313955942746,0.225,0.0,0.38999999999999996,1.5,129.8860610628262,0.0023988195101898417,True,True,False
1.02,0.023424655673752764,0.0393495227555088,0.04450477592835803,-0.0611689116541061,0.0,-5.23436399123633e-05,0.24842424796161455,0.0,0.38986179411490673,0.225,0.0,0.38999999999999996,1.5,129.88606449281392,0.001957642945172547,True,True,False
1.025,0.023647275832896424,0.03717765251474949,0.044632388509664195,-0.0611689116541061,0.0,-5.23436399123633e-05,0.248646921279806,0.0,0.3898705075147144,0.225,0.0,0.38999999999999996,1.5,129.8860679151168,0.0015251721288136108,True,True,False
1.03,0.023870531201951102,0.03499209357423636,0.04475802019402089,-0.0611689116541061,0.0,-5.23436399123633e-05,0.24887022593554378,0.0,0.38987927862900684,0.225,0.0,0.38999999999999996,1.5,129.8860713273408,0.0011011809284091137,True,True,False
1.035,0.024094411853453648,0.032793137086375254,0.04488166340876044,-0.0611689116541061,0.0,-5.23436399123633e-05,0.24909415203681085,0.0,0.38988810634114573,0.225,0.0,0.38999999999999996,1.5,129.8860747272004,0.0006854466224929974,True,True,False
1.04,0.024318907821548583,0.0305810701806193,0.045003310736223455,-0.0611689116541061,0.0,-5.23436399123633e-05,0.24931868965384635,0.0,0.38989698954963864,0.225,0.0,0.38999999999999996,1.5,129.88607811251626,0.0002777498082353405,True,True,False
1.045,0.024544009102691302,0.028356175398877234,0.04512295489569327,-0.0611689116541061,0.0,-5.23436399123633e-05,0.24954382881979822,0.0,0.389905927169513,0.225,0.0,0.38999999999999996,1.5,129.88608148121276,0.00012212564289016195,True,True,False
1.05,0.02476970565629176,0.02611873070028448,0.04524058872927876,-0.061830181832363294,0.0,-5.070407138422113e-05,0.24976955953131347,0.0,0.3899149181332459,0.225,0.0,0.38999999999999996,1.5,129.88614795523486,0.0005279833876037331,True,True,False
1.055,0.024995987397740293,0.023868996587774433,0.045356203607149106,-0.061830181832363294,0.0,-5.070407138422113e-05,0.2499958717418467,0.0,0.38992396150224257,0.225,0.0,0.38999999999999996,1.5,129.88615143756405,0.00010570638969218879,True,True,False
1.06,0.025222844197346442,0.02160722897843797,0.04546979132785996,-0.061830181832363294,0.0,-5.070407138422113e-05,0.25022275536003236,0.0,0.3899330563552503,0.225,0.0,0.38999999999999996,1.5,129.88615490354985,0.00030839325404317247,True,True,False
1.065,0.025450265893086053,0.019333694131408362,0.04558134498266848,-0.061830181832363294,0.0,-5.070407138422113e-05,0.2504502002621109,0.0,0.38994220166758714,0.225,0.0,0.38999999999999996,1.5,129.88615835108004,0.0007145361081610062,True,True,False
1.07,0.025678242288475622,0.017048655816857956,0.045690857872056075,-0.061830181832363294,0.0,-5.070407138422113e-05,0.25067819629019916,0.0,0.38995139642338184,0.225,0.0,0.38999999999999996,1.5,129.88616177814657,0.0011129383054720825,True,True,False
1.075,0.025906763153400125,0.014752374490507859,0.04579832346737272,-0.061830181832363294,0.0,-5.070407138422113e-05,0.2509067332530899,0.0,0.3899606396186772,0.225,0.0,0.38999999999999996,1.5,129.8861651828427,0.0015038118896321777,True,True,False
1.08,0.0261358182248259,0.012445106748566628,0.04590373538230795,-0.061830181832363294,0.0,-5.070407138422113e-05,0.2511358009269296,0.0,0.38996993026359755,0.225,0.0,0.38999999999999996,1.5,129.88616856336,0.001887365036275946,True,True,False
1.085,0.0263653972074226,0.010127104776508536,0.0460070873516409,-0.061830181832363294,0.0,-5.070407138422113e-05,0.2513653890558018,0.0,0.38997926738380445,0.225,0.0,0.38999999999999996,1.5,129.8861719179859,0.002263802193154821,True,True,False
1.09,0.026595489774116365,0.007798616561740129,0.04610837321538896,-0.061830181832363294,0.0,-5.070407138422113e-05,0.2515954873522392,0.0,0.38998865002141836,0.225,0.0,0.38999999999999996,1.5,129.8861752451003,0.0026333241667042713,True,True,False
1.095,0.02682608556659339,0.005459885206725984,0.04620758690697304,-0.061830181832363294,0.0,-5.070407138422113e-05,0.25182608549768615,0.0,0.38999807723549934,0.225,0.0,0.38999999999999996,1.5,129.88617854317363,0.0029961281735069803,True,True,False
1.1,0.027057174195762285,0.0031111494101045377,0.04630472244438687,-0.062380785462039415,0.0,-4.813335921699874e-05,0.2520571731429205,0.0,0.3900075481022502,0.225,0.0,0.38999999999999996,1.5,129.88625161170538,0.002484491087601636,True,True,False
1.105,0.027288745236186886,0.0007526328252124931,0.046399772889769576,-0.062380785462039415,0.0,-4.813335921699874e-05,0.25228873990237916,0.0,0.3900170618232472,0.225,0.0,0.38999999999999996,1.5,129.8862549803973,0.0028655844978345765,True,True,False
1.11,0.027520788227527536,0.0016154462313297164,0.046492733705225234,-0.062380785462039415,0.0,-4.813335921699874e-05,0.252520775355482,0.0,0.3900266176165855,0.225,0.0,0.38999999999999996,1.5,129.8862583202991,0.0032397102885827374,True,True,False
1.115,0.027753292722696204,0.003992861569410222,0.04658361064070669,-0.062380785462039415,0.0,-4.813335921699874e-05,0.25275326909489926,0.0,0.390036214607166,0.225,0.0,0.38999999999999996,1.5,129.8862616298749,0.003607065908767148,True,True,False
1.12,0.027986248278716912,0.006379392174694312,0.04667239941675755,-0.062380785462039415,0.0,-4.813335921699874e-05,0.2529862107173898,0.0,0.3900458519338925,0.225,0.0,0.38999999999999996,1.5,129.8862649076768,0.003967844396075702,True,True,False
1.125,0.028219644425570133,0.008774819390609654,0.0467590945330179,-0.062380785462039415,0.0,-4.813335921699874e-05,0.25321958979262493,0.0,0.39005552874562344,0.225,0.0,0.38999999999999996,1.5,129.8862681523422,0.004322234665663106,True,True,False
1.1300000000000001,0.02845347066573393,0.011178927565334618,0.04684369060312661,-0.062380785462039415,0.0,-4.813335921699874e-05,0.2534533958627057,0.0,0.3900652442023725,0.225,0.0,0.38999999999999996,1.5,129.88627136259092,0.0046704217090087485,True,True,False
1.135,0.028687716474692364,0.013591504648974106,0.04692618233901117,-0.062380785462039415,0.0,-4.813335921699874e-05,0.253687618442647,0.0,0.39007499747620444,0.225,0.0,0.38999999999999996,1.5,129.88627453722228,0.005012586736047396,True,True,False
1.1400000000000001,0.028922371301396733,0.016012341968333572,0.04700656453970507,-0.062380785462039415,0.0,-4.813335921699874e-05,0.2539222470208148,0.0,0.39008478775163885,0.225,0.0,0.38999999999999996,1.5,129.88627767511278,0.005348907271824032,True,True,False
1.145,0.02915742456869009,0.01844123440758145,0.04708483208351979,-0.062380785462039415,0.0,-4.813335921699874e-05,0.2541572710593281,0.0,0.3900946142257793,0.225,0.0,0.38999999999999996,1.5,129.88628077521284,0.005679557223166189,True,True,False
1.1500000000000001,0.02939286567370977,0.020877980334547713,0.04716097992271276,-0.0629009260575034,0.0,-4.466570090433931e-05,0.25439267999444026,0.0,0.39010447610816523,0.225,0.0,0.38999999999999996,1.5,129.88636478886613,0.005184820388368944,True,True,False
1.155,0.029628683982930514,0.023322391429255972,0.0472350023490941,-0.0629009260575034,0.0,-4.466570090433931e-05,0.2546284632311141,0.0,0.39011437273662614,0.225,0.0,0.38999999999999996,1.5,129.8863679393134,0.005534060854155039,True,True,False
1.16,0.02986486883065085,0.025774282292158453,0.047306892945950106,-0.0629009260575034,0.0,-4.466570090433931e-05,0.2548646101418024,0.0,0.3901243034598654,0.225,0.0,0.38999999999999996,1.5,129.88637105279614,0.0058773565797821566,True,True,False
1.165,0.030101409528318607,0.028233458678832216,0.0473766468224344,-0.0629009260575034,0.0,-4.466570090433931e-05,0.2551011100763165,0.0,0.390134267512934,0.225,0.0,0.38999999999999996,1.5,129.8863741282323,0.006214881183926536,True,True,False
1.17,0.030338295363460163,0.03069972736361764,0.047444259249802334,-0.0629009260575034,0.0,-4.466570090433931e-05,0.25533795236037254,0.0,0.3901442641338475,0.225,0.0,0.38999999999999996,1.5,129.8863771646122,0.006546803960449588,True,True,False
1.175,0.030575515600344612,0.03317289670814773,0.04750972563513112,-0.0629009260575034,0.0,-4.466570090433931e-05,0.25557512629624196,0.0,0.3901542925655061,0.225,0.0,0.38999999999999996,1.5,129.8863801609963,0.006873290190268229,True,True,False
1.18,0.030813059480571756,0.03565277696892817,0.047573041502676605,-0.0629009260575034,0.0,-4.466570090433931e-05,0.25581262116332587,0.0,0.3901643520569268,0.225,0.0,0.38999999999999996,1.5,129.88638311651223,0.007194501357067548,True,True,False
1.185,0.031050916223601583,0.038139180422965914,0.047634202480857084,-0.0629009260575034,0.0,-4.466570090433931e-05,0.25605042621867247,0.0,0.3901744418639596,0.225,0.0,0.38999999999999996,1.5,129.88638603035233,0.007510595298465268,True,True,False
1.19,0.03128907502724429,0.0406319215323555,0.04769320429337808,-0.0629009260575034,0.0,-4.466570090433931e-05,0.2562885306974562,0.0,0.39018456124962336,0.225,0.0,0.38999999999999996,1.5,129.8863889017712,0.007821726314049645,True,True,False
1.195,0.0315275250681258,0.0431308168953298,0.047750042753405386,-0.0629009260575034,0.0,-4.466570090433931e-05,0.2565269238134342,0.0,0.39019470948414237,0.225,0.0,0.38999999999999996,1.5,129.88639173008355,0.008128045244711665,True,True,False
1.2,0.0317662555021348,0.04563568526531475,0.04780471375998427,-0.0634294830395434,0.0,-4.041317013542194e-05,0.2567655947593857,0.0,0.3902048858447944,0.225,0.0,0.38999999999999996,1.5,129.88648772696175,0.007596554881471804,True,True,False
1.205,0.03200525545977387,0.04814635744692563,0.047857212731645525,-0.0634294830395434,0.0,-4.041317013542194e-05,0.2570045327015969,0.0,0.3902150897435958,0.225,0.0,0.38999999999999996,1.5,129.8864905997111,0.007923588672091982,True,True,False
1.21,0.032244514044326635,0.05066266591683176,0.047907534022702446,-0.0634294830395434,0.0,-4.041317013542194e-05,0.25724372677875296,0.0,0.3902253205980541,0.225,0.0,0.38999999999999996,1.5,129.88649343075278,0.008245455586040971,True,True,False
1.215,0.032484020341040566,0.05318443266478583,0.04795567373230662,-0.0634294830395434,0.0,-4.041317013542194e-05,0.25748316611210936,0.0,0.3902355776947155,0.225,0.0,0.38999999999999996,1.5,129.88649621932626,0.008562307169049141,True,True,False
1.22,0.0327237634164522,0.055711479406238,0.04800162814063125,-0.0634294830395434,0.0,-4.041317013542194e-05,0.25772283980402866,0.0,0.3902458603176877,0.225,0.0,0.38999999999999996,1.5,129.88649896473103,0.008874290851807402,True,True,False
1.225,0.032963732319138905,0.058243628050111636,0.04804539368304303,-0.0634294830395434,0.0,-4.041317013542194e-05,0.2579627369387213,0.0,0.3902561677507065,0.225,0.0,0.38999999999999996,1.5,129.88650166632365,0.009181550277880954,True,True,False
1.23,0.03320391608039744,0.060780701116501516,0.04808696693193839,-0.0634294830395434,0.0,-4.041317013542194e-05,0.2582028465829159,0.0,0.39026649927846857,0.225,0.0,0.38999999999999996,1.5,129.88650432351585,0.009484225533176505,True,True,False
1.235,0.03344430371486363,0.06332252191615341,0.04812634458420521,-0.0634294830395434,0.0,-4.041317013542194e-05,0.2584431577864727,0.0,0.3902768541874917,0.225,0.0,0.38999999999999996,1.5,129.8865069357721,0.009782453309049675,True,True,False
1.24,0.03368488422109609,0.0658689146607291,0.048163523452804294,-0.0634294830395434,0.0,-4.041317013542194e-05,0.25868365958296285,0.0,0.3902872317665643,0.225,0.0,0.38999999999999996,1.5,129.88650950260757,0.010076367020805787,True,True,False
1.245,0.03392564658213477,0.06841970452173293,0.04819850046136181,-0.0634294830395434,0.0,-4.041317013542194e-05,0.25892434099022477,0.0,0.3902976313069356,0.225,0.0,0.38999999999999996,1.5,129.88651202358596,0.010366096896249493,True,True,False
1.25,0.03416657976604551,0.07097471765096779,0.04823127264096194,-0.06397483877779253,0.0,-3.553613156708441e-05,0.25916519101090785,0.0,0.3903080521023007,0.225,0.0,0.38999999999999996,1.5,129.88661850789956,0.009792152410490949,True,True,False
1.2550000000000001,0.03440767272153493,0.07353379144657134,0.048261836670874005,-0.06397483877779253,0.0,-3.553613156708441e-05,0.25940619862680064,0.0,0.3903184935876919,0.225,0.0,0.38999999999999996,1.5,129.88662107327784,0.010104743040952446,True,True,False
1.26,0.034648914375803995,0.07609676390742508,0.04829018790118044,-0.06397483877779253,0.0,-3.553613156708441e-05,0.25964735279784945,0.0,0.3903289551993071,0.225,0.0,0.38999999999999996,1.5,129.88662359452138,0.010412709895823654,True,True,False
1.2650000000000001,0.03489029364377115,0.07866346107528588,0.04831632362767905,-0.06397483877779253,0.0,-3.553613156708441e-05,0.2598886424728227,0.0,0.39033943622689954,0.225,0.0,0.38999999999999996,1.5,129.8866260710847,0.010716185510917004,True,True,False
1.27,0.035131799427800835,0.08123370763481338,0.0483402413529236,-0.06397483877779253,0.0,-3.553613156708441e-05,0.26013005658782273,0.0,0.3903499359535682,0.225,0.0,0.38999999999999996,1.5,129.88662850247243,0.011015298582468911,True,True,False
1.2750000000000001,0.035373420618572834,0.08380732749752129,0.048361938759561685,-0.06397483877779253,0.0,-3.553613156708441e-05,0.26037158406714156,0.0,0.390360453658064,0.225,0.0,0.38999999999999996,1.5,129.8866308882371,0.011310174308618642,True,True,False
1.28,0.035615146095876335,0.08638414421517751,0.048381413691523815,-0.06397483877779253,0.0,-3.553613156708441e-05,0.260613213824045,0.0,0.3903709886163549,0.225,0.0,0.38999999999999996,1.5,129.88663322797737,0.011600934628694354,True,True,False
1.285,0.03585696472934012,0.08896398123218303,0.04839866414096126,-0.06397483877779253,0.0,-3.553613156708441e-05,0.2608549347614964,0.0,0.39038154010271386,0.225,0.0,0.38999999999999996,1.5,129.88663552133568,0.011887698393433076,True,True,False
1.29,0.0360988653791259,0.09154666207210486,0.04841368823937953,-0.06397483877779253,0.0,-3.553613156708441e-05,0.2610967357728462,0.0,0.39039210739036695,0.225,0.0,0.38999999999999996,1.5,129.88663776799692,0.01217058148860104,True,True,False
1.295,0.03634083689659308,0.09413201042825849,0.04842648425182563,-0.06397483877779253,0.0,-3.553613156708441e-05,0.26133860574249507,0.0,0.39040268975190073,0.225,0.0,0.38999999999999996,1.5,129.88663996768608,0.012449696927161552,True,True,False
1.3,0.0365828681249485,0.09671985022142206,0.04843705057329394,-0.06452488824795985,0.0,-3.0216237196139713e-05,0.2615805335465439,0.0,0.3904132864594296,0.225,0.0,0.38999999999999996,1.5,129.8867537042237,0.011858144328644788,True,True,False
1.305,0.036824947895228326,0.09931001605336208,0.04844538536652197,-0.06452488824795985,0.0,-3.0216237196139713e-05,0.26182250804709484,0.0,0.3904238969307715,0.225,0.0,0.38999999999999996,1.5,129.88675594760338,0.01216116788177836,True,True,False
1.31,0.03706706502391124,0.10190234245826232,0.048451485270570804,-0.06452488824795985,0.0,-3.0216237196139713e-05,0.2620645180914356,0.0,0.39043452058237443,0.225,0.0,0.38999999999999996,1.5,129.88675814576888,0.012459927116296381,True,True,False
1.315,0.03730920832200125,0.10449665131026827,0.04845534900976047,-0.06452488824795985,0.0,-3.0216237196139713e-05,0.26230655252297386,0.0,0.39044515667475704,0.225,0.0,0.38999999999999996,1.5,129.88676029832035,0.012754538752735647,True,True,False
1.32,0.03755136659515974,0.10709276257551027,0.04845697553698602,-0.06452488824795985,0.0,-3.0216237196139713e-05,0.2625486001797499,0.0,0.3904558044595706,0.225,0.0,0.38999999999999996,1.5,129.886762404901,0.01304511598360945,True,True,False
1.325,0.037793528644682425,0.10969049492430474,0.048456364006323104,-0.06452488824795985,0.0,-3.0216237196139713e-05,0.26279064989539325,0.0,0.3904664631820904,0.225,0.0,0.38999999999999996,1.5,129.8867644651952,0.013331768816702635,True,True,False
1.33,0.038035683268390116,0.11228966619744978,0.04845351375353409,-0.06452488824795985,0.0,-3.0216237196139713e-05,0.2630326904999983,0.0,0.39047713208300505,0.225,0.0,0.38999999999999996,1.5,129.88676647892666,0.013614604314904698,True,True,False
1.335,0.03827781926145779,0.11489009373045243,0.04844842428235153,-0.06452488824795985,0.0,-3.0216237196139713e-05,0.263274710820943,0.0,0.3904878103996614,0.225,0.0,0.38999999999999996,1.5,129.88676844585694,0.013893726766031447,True,True,False
1.34,0.03851992541719729,0.11749159455134356,0.04844109525497155,-0.06452488824795985,0.0,-3.0216237196139713e-05,0.26351669968366453,0.0,0.39049849736693176,0.225,0.0,0.38999999999999996,1.5,129.88677036578383,0.01416923780533056,True,True,False
1.345,0.03876199052781275,0.12009398555310126,0.04843152648560613,-0.06452488824795985,0.0,-3.0216237196139713e-05,0.26375864591241044,0.0,0.3905091922177678,0.225,0.0,0.38999999999999996,1.5,129.88677223853958,0.014441236505976774,True,True,False
1.35,0.03900400338513606,0.12269708355231923,0.04841971793625185,-0.06505764037459877,0.0,-2.463349534312623e-05,0.26400053833097187,0.0,0.3905198941835601,0.225,0.0,0.38999999999999996,1.5,129.88688916148155,0.013870079550100332,True,True,False
1.355,0.03924595277712361,0.12530071550097432,0.048405669466505645,-0.06505764037459877,0.0,-2.463349534312623e-05,0.26424236575718163,0.0,0.3905306026420923,0.225,0.0,0.38999999999999996,1.5,129.88689107297827,0.01416547777475779,True,True,False
1.36,0.03948782748534818,0.1279047080914995,0.04838937927699675,-0.06505764037459877,0.0,-2.463349534312623e-05,0.26448411700230423,0.0,0.390541316969039,0.225,0.0,0.38999999999999996,1.5,129.88689293888015,0.014456852782481312,True,True,False
1.365,0.0397296162935971,0.13050887560150304,0.04837084771044367,-0.06505764037459877,0.0,-2.463349534312623e-05,0.2647257808818045,0.0,0.3905520363822375,0.225,0.0,0.38999999999999996,1.5,129.8868947588977,0.014744308113009238,True,True,False
1.37,0.03997130798838943,0.1331130303223955,0.04835007535021546,-0.06505764037459877,0.0,-2.463349534312623e-05,0.2649673462139192,0.0,0.39056276009044943,0.225,0.0,0.38999999999999996,1.5,129.8868965327794,0.015027944103746436,True,True,False
1.375,0.0402128913600156,0.13571698323443734,0.048327062993132955,-0.06505764037459877,0.0,-2.463349534312623e-05,0.2652088018206687,0.0,0.3905734872959426,0.225,0.0,0.38999999999999996,1.5,129.88689826030944,0.01530785821993513,True,True,False
1.3800000000000001,0.040454355203492,0.13832054446332062,0.0483018116299282,-0.06505764037459877,0.0,-2.463349534312623e-05,0.2654501365287906,0.0,0.39058421719633934,0.225,0.0,0.38999999999999996,1.5,129.88689994130675,0.015584145284415096,True,True,False
1.385,0.04069568831944955,0.1409235236214987,0.04827432243130226,-0.06505764037459877,0.0,-2.463349534312623e-05,0.2656913391706131,0.0,0.39059494898597313,0.225,0.0,0.38999999999999996,1.5,129.88690157562337,0.015856897639416966,True,True,False
1.3900000000000001,0.04093687951497631,0.1435257300641178,0.048244596738061224,-0.06505764037459877,0.0,-2.463349534312623e-05,0.26593239858488604,0.0,0.39060568185684075,0.225,0.0,0.38999999999999996,1.5,129.88690316314288,0.01612620526240216,True,True,False
1.395,0.04117791760442778,0.14612697304525832,0.04821263605421405,-0.06505764037459877,0.0,-2.463349534312623e-05,0.2661733036175835,0.0,0.3906164149992728,0.225,0.0,0.38999999999999996,1.5,129.88690470377927,0.016392155850801587,True,True,False
1.4000000000000001,0.041418791410214734,0.14872706183816647,0.04817844204221625,-0.06554927857166934,0.0,-1.8949768787933187e-05,0.26641404312268585,0.0,0.39062714760239925,0.225,0.0,0.38999999999999996,1.5,129.8870206745482,0.01587990691093528,True,True,False
1.405,0.04165948975994955,0.15132581517113214,0.048142016406598744,-0.06554927857166934,0.0,-1.8949768787933187e-05,0.2666546059571204,0.0,0.39063787899821933,0.225,0.0,0.38999999999999996,1.5,129.88702224370067,0.016167208676045527,True,True,False
1.41,0.04190000148395208,0.15392305167934173,0.04810335910978069,-0.06554927857166934,0.0,-1.8949768787933187e-05,0.2668949809803812,0.0,0.3906486085172752,0.225,0.0,0.38999999999999996,1.5,129.8870237672538,0.016450671272055024,True,True,False
1.415,0.04214031542300717,0.15651857868399138,0.048062472227557294,-0.06554927857166934,0.0,-1.8949768787933187e-05,0.2671351570646545,0.0,0.39065933533761726,0.225,0.0,0.38999999999999996,1.5,129.887025245018,0.01673038685090691,True,True,False
1.42,0.04238042042921414,0.15911220187373226,0.04801935807699468,-0.06554927857166934,0.0,-1.8949768787933187e-05,0.2673751230935066,0.0,0.3906700586296113,0.225,0.0,0.38999999999999996,1.5,129.887026676837,0.017006444689205417,True,True,False
1.425,0.042620305367043324,0.16170372592109636,0.04797401919068619,-0.06554927857166934,0.0,-1.8949768787933187e-05,0.26761486796290707,0.0,0.3906807775583988,0.225,0.0,0.38999999999999996,1.5,129.88702806258604,0.017278931491158542,True,True,False
1.43,0.04285995911430828,0.16429295494264196,0.047926458298094256,-0.06554927857166934,0.0,-1.8949768787933187e-05,0.267854380582176,0.0,0.39069149128569824,0.225,0.0,0.38999999999999996,1.5,129.887029402171,0.017547931598778096,True,True,False
1.435,0.04309937056307526,0.16687969283518972,0.04787667831207323,-0.06554927857166934,0.0,-1.8949768787933187e-05,0.2680936498748739,0.0,0.3907021989711331,0.225,0.0,0.38999999999999996,1.5,129.88703069552682,0.017813527139316436,True,True,False
1.44,0.04333852862052561,0.16946374352084412,0.0478246823191669,-0.06554927857166934,0.0,-1.8949768787933187e-05,0.2683326647796498,0.0,0.39071289977319157,0.225,0.0,0.38999999999999996,1.5,129.8870319426161,0.018075798130283684,True,True,False
1.445,0.04357742220978539,0.1720449111125939,0.04777047357264978,-0.06554927857166934,0.0,-1.8949768787933187e-05,0.2685714142510597,0.0,0.39072359284991665,0.225,0.0,0.38999999999999996,1.5,129.8870331434286,0.018334822555772283,True,True,False
1.45,0.04381604027073159,0.17462300004217618,0.04771405548755696,-0.06597913032047321,0.0,-1.3298620301727742e-05,0.2688098872603645,0.0,0.3907342773593999,0.225,0.0,0.38999999999999996,1.5,129.88714447539553,0.017913145570141058,True,True,False
1.455,0.044054371757875084,0.17719782334645065,0.04765543167676344,-0.06597913032047321,0.0,-1.3298620301727742e-05,0.2690480727911246,0.0,0.39074495259503683,0.225,0.0,0.38999999999999996,1.5,129.8871456898823,0.01819021855862093,True,True,False
1.46,0.04429240563802024,0.17976919430718732,0.04759460397340841,-0.06597913032047321,0.0,-1.3298620301727742e-05,0.2692859598390662,0.0,0.39075561785020013,0.225,0.0,0.38999999999999996,1.5,129.8871468590756,0.01846362713761577,True,True,False
1.465,0.04453013089688301,0.18233691666094576,0.0475315762198856,-0.06597913032047321,0.0,-1.3298620301727742e-05,0.26952353742113205,0.0,0.3907662722770589,0.225,0.0,0.38999999999999996,1.5,129.88714798288856,0.018733453033077073,True,True,False
1.47,0.04476753654020871,0.18490079308595253,0.04746635249010463,-0.06597913032047321,0.0,-1.3298620301727742e-05,0.2697607945743465,0.0,0.39077691502242934,0.225,0.0,0.38999999999999996,1.5,129.88714906126316,0.01899977541869567,True,True,False
1.475,0.045004611594797336,0.1874606257425713,0.047398937066436615,-0.06597913032047321,0.0,-1.3298620301727742e-05,0.26999772035680564,0.0,0.39078754522999465,0.225,0.0,0.38999999999999996,1.5,129.88715009416896,0.01926267118045368,True,True,False
1.48,0.04524134510945766,0.19001621669680907,0.04732933442287796,-0.06597913032047321,0.0,-1.3298620301727742e-05,0.27023430384860514,0.0,0.3907981620418906,0.225,0.0,0.38999999999999996,1.5,129.88715108160227,0.019522215100067034,True,True,False
1.485,0.045477726155897916,0.19256736822089493,0.04725754921276081,-0.06597913032047321,0.0,-1.3298620301727742e-05,0.27047053415270955,0.0,0.39080876459993996,0.225,0.0,0.38999999999999996,1.5,129.88715202358406,0.019778479983566216,True,True,False
1.49,0.04571374382957497,0.19511388300850657,0.04718358625978016,-0.06597913032047321,0.0,-1.3298620301727742e-05,0.2707064003957857,0.0,0.39081935204651336,0.225,0.0,0.38999999999999996,1.5,129.88715292016028,0.0200315367528269,True,True,False
1.495,0.045949387250511516,0.19765556433644968,0.04710745055143206,-0.06597913032047321,0.0,-1.3298620301727742e-05,0.2709418917290074,0.0,0.39082992352517076,0.225,0.0,0.38999999999999996,1.5,129.88715377139968,0.020281454512067046,True,True,False
1.5,0.046184645564091735,0.20019221617219854,0.04702914723420305,-0.06633189820730293,0.0,-7.780389701063513e-06,0.2711769973288416,0.0,0.39084047818111783,0.225,0.0,0.38999999999999996,1.5,129.8872575183713,0.019972279295605157,True,True,False
1.5050000000000001,0.046419507939724214,0.20272365001180173,0.04694868181417101,-0.06633189820730293,0.0,-7.780389701063513e-06,0.27141170639346063,0.0,0.39085101528383803,0.225,0.0,0.38999999999999996,1.5,129.88725836537915,0.020236074185721258,True,True,False
1.51,0.04665396356877322,0.20524967799635888,0.04686605801711356,-0.06633189820730293,0.0,-7.780389701063513e-06,0.27164600814285417,0.0,0.39086153410449154,0.225,0.0,0.38999999999999996,1.5,129.88725916780697,0.020496401605080306,True,True,False
1.5150000000000001,0.04688800166983755,0.20777010488879866,0.046781281415835624,-0.06633189820730293,0.0,-7.780389701063513e-06,0.27187989182647915,0.0,0.3908720337885098,0.225,0.0,0.38999999999999996,1.5,129.88725992567723,0.020753333156781302,True,True,False
1.52,0.04712161149006336,0.21028473504338482,0.04669435779703963,-0.06633189820730293,0.0,-7.780389701063513e-06,0.2721133467223503,0.0,0.3908825134786924,0.225,0.0,0.38999999999999996,1.5,129.88726063903687,0.02100693821057433,True,True,False
1.5250000000000001,0.04735478230610884,0.21279337286394118,0.04660529314196484,-0.06633189820730293,0.0,-7.780389701063513e-06,0.2723463621379721,0.0,0.3908929723170192,0.225,0.0,0.38999999999999996,1.5,129.88726130795635,0.021257284121410987,True,True,False
1.53,0.04758750342504316,0.2152958231452233,0.04651409361215058,-0.06633189820730293,0.0,-7.780389701063513e-06,0.27257892741121176,0.0,0.3909034094460081,0.225,0.0,0.38999999999999996,1.5,129.88726193252833,0.021504436381425445,True,True,False
1.5350000000000001,0.047819764185194374,0.2177918913254889,0.04642076553894889,-0.06633189820730293,0.0,-7.780389701063513e-06,0.27281103191112777,0.0,0.39091382400970953,0.225,0.0,0.38999999999999996,1.5,129.88726251286707,0.021748458726918753,True,True,False
1.54,0.04805155395696002,0.2202813836641257,0.0463253154157728,-0.06633189820730293,0.0,-7.780389701063513e-06,0.27304266503876473,0.0,0.39092421515443854,0.225,0.0,0.38999999999999996,1.5,129.8872630491072,0.021989413214985914,True,True,False
1.545,0.048282862143589046,0.2227641073748979,0.04622774989233575,-0.06633189820730293,0.0,-7.780389701063513e-06,0.27327381622792335,0.0,0.39093458202930975,0.225,0.0,0.38999999999999996,1.5,129.88726354140294,0.02222736027966039,True,True,False
1.55,0.04851367818194319,0.2252398707215976,0.04612807577033929,-0.06659792397840546,0.0,-2.46097702628806e-06,0.2735044749459123,0.0,0.3909449237866187,0.225,0.0,0.38999999999999996,1.5,129.88735759518184,0.022043070550038835,True,True,False
1.555,0.048743991541950187,0.22770848817211156,0.04602630037491014,-0.06659792397840546,0.0,-2.46097702628806e-06,0.27373463069089327,0.0,0.39095523968926954,0.225,0.0,0.38999999999999996,1.5,129.88735806411404,0.022290225560422008,True,True,False
1.56,0.04897379172489673,0.2301697752226972,0.045922429276377935,-0.06659792397840546,0.0,-2.46097702628806e-06,0.2739642729922249,0.0,0.3909655290034154,0.225,0.0,0.38999999999999996,1.5,129.8873584897584,0.022534148957291483,True,True,False
1.565,0.04920306826726181,0.23262354232134538,0.04581646969142673,-0.06659792397840546,0.0,-2.46097702628806e-06,0.27419339141649773,0.0,0.39097579088747214,0.225,0.0,0.38999999999999996,1.5,129.8873588722511,0.02277490209345762,True,True,False
1.57,0.04943181074215957,0.23506960013596814,0.04570842902801361,-0.06659792397840546,0.0,-2.46097702628806e-06,0.2744219755668907,0.0,0.3909860244998693,0.225,0.0,0.38999999999999996,1.5,129.8873592117482,0.023012544405215902,True,True,False
1.575,0.04966000876021634,0.23750775990586798,0.04559831487039443,-0.06659792397840546,0.0,-2.46097702628806e-06,0.2746500150840202,0.0,0.3909962290004462,0.225,0.0,0.38999999999999996,1.5,129.88735950842388,0.023247133580516024,True,True,False
1.58,0.049887651970400335,0.23993783369907068,0.04548613496803413,-0.06659792397840546,0.0,-2.46097702628806e-06,0.27487749964674896,0.0,0.3910064035514376,0.225,0.0,0.38999999999999996,1.5,129.8873597624714,0.0234787256769133,True,True,False
1.585,0.05011473006080635,0.242359634591386,0.04537189722735916,-0.06659792397840546,0.0,-2.46097702628806e-06,0.27510441897295324,0.0,0.3910165473182553,0.225,0.0,0.38999999999999996,1.5,129.88735997410075,0.023707375205604307,True,True,False
1.59,0.05034123275941164,0.2447729768040705,0.045255609705585585,-0.06659792397840546,0.0,-2.46097702628806e-06,0.2753307628202661,0.0,0.39102665947001947,0.225,0.0,0.38999999999999996,1.5,129.88736014353853,0.023933135192607573,True,True,False
1.595,0.0505671498348096,0.24717767580453873,0.04513728060605881,-0.06659792397840546,0.0,-2.46097702628806e-06,0.27555652098680056,0.0,0.3910367391799677,0.225,0.0,0.38999999999999996,1.5,129.88736027102706,0.02415605722454887,True,True,False
1.6,0.05079247109692462,0.24957354836981419,0.04501691827469356,-0.06677232582073775,0.0,2.6270905802279873e-06,0.2757816833118564,0.0,0.39104678562573775,0.225,0.0,0.38999999999999996,1.5,129.88744333191613,0.024101330958870727,True,True,False
1.605,0.051017186397235265,0.2519604159885816,0.04489453174559751,-0.06677232582073775,0.0,2.6270905802279873e-06,0.2760062396742598,0.0,0.3910567980801518,0.225,0.0,0.38999999999999996,1.5,129.88744341740917,0.02432859077997672,True,True,False
1.61,0.0512412856274993,0.25433810145133706,0.04477012833653475,-0.06677232582073775,0.0,2.6270905802279873e-06,0.27623017999292737,0.0,0.39106677582051286,0.225,0.0,0.38999999999999996,1.5,129.88744346166183,0.02455289940360059,True,True,False
1.615,0.05146475872210251,0.25670642484400347,0.0446437167912318,-0.06677232582073775,0.0,2.6270905802279873e-06,0.2764534942311623,0.0,0.3910767180355029,0.225,0.0,0.38999999999999996,1.5,129.8874434649214,0.024774307586966936,True,True,False
1.62,0.051687595659579116,0.25906520702346875,0.04451530601955852,-0.06677232582073775,0.0,2.6270905802279873e-06,0.2766761723963081,0.0,0.3910866239161678,0.225,0.0,0.38999999999999996,1.5,129.88744342744988,0.024992864487976746,True,True,False
1.625,0.05190978646339175,0.26141426984413674,0.044384905087331145,-0.06677232582073775,0.0,2.6270905802279873e-06,0.27689820454050845,0.0,0.39109649265682783,0.225,0.0,0.38999999999999996,1.5,129.88744334952366,0.025208617781089918,True,True,False
1.6300000000000001,0.05213132120267602,0.26375343631773757,0.04425252320868253,-0.06677232582073775,0.0,2.6270905802279873e-06,0.2771195807614363,0.0,0.3911063234557309,0.225,0.0,0.38999999999999996,1.5,129.8874432314327,0.025421613740238592,True,True,False
1.635,0.05235218999295583,0.2660825307367098,0.04411816974031134,-0.06677232582073775,0.0,2.6270905802279873e-06,0.2773402912029968,0.0,0.39111611551554515,0.225,0.0,0.38999999999999996,1.5,129.88744307347991,0.025631897299499128,True,True,False
1.6400000000000001,0.05257238299683817,0.268401378755363,0.043981854177103395,-0.06677232582073775,0.0,2.6270905802279873e-06,0.27756032605601283,0.0,0.3911258680437148,0.225,0.0,0.38999999999999996,1.5,129.88744287598038,0.02583951209879953,True,True,False
1.645,0.052791890424688744,0.27070980744896694,0.04384358614875271,-0.06677232582073775,0.0,2.6270905802279873e-06,0.27777967555889294,0.0,0.39113558025270934,0.225,0.0,0.38999999999999996,1.5,129.88744263926105,0.026044500519567856,True,True,False
1.6500000000000001,0.05301070253529761,0.27300764535483424,0.0437033754171104,-0.06685370640959981,0.0,7.482349033630642e-06,0.27799832999829105,0.0,0.39114525136020517,0.225,0.0,0.38999999999999996,1.5,129.8875141200209,0.02611867317582646,True,True,False
1.655,0.053228809636841005,0.2752947240944841,0.04356123259950588,-0.06685370640959981,0.0,7.482349033630642e-06,0.27821627970846813,0.0,0.3911548806627276,0.225,0.0,0.38999999999999996,1.5,129.88751382457875,0.026323133313400297,True,True,False
1.6600000000000001,0.05344620208607885,0.27757087674737524,0.043417166634042284,-0.06685370640959981,0.0,7.482349033630642e-06,0.27843351507205694,0.0,0.3911644674620805,0.225,0.0,0.38999999999999996,1.5,129.88751349083446,0.0265249657728582,True,True,False
1.665,0.05366287028923503,0.27983593595795814,0.04327118766070085,-0.06685370640959981,0.0,7.482349033630642e-06,0.27865002652257487,0.0,0.3911740109906971,0.225,0.0,0.38999999999999996,1.5,129.88751311913563,0.026724210314340836,True,True,False
1.67,0.053878804703554294,0.28208973558432776,0.04312330595979146,-0.06685370640959981,0.0,7.482349033630642e-06,0.2788658045443944,0.0,0.3911835104853117,0.225,0.0,0.38999999999999996,1.5,129.88751270983997,0.026920905417829745,True,True,False
1.675,0.05409399583797638,0.2843321107973628,0.04297353194667517,-0.06685370640959981,0.0,7.482349033630642e-06,0.2790808396734057,0.0,0.39119296518742,0.225,0.0,0.38999999999999996,1.5,129.88751226331502,0.02711508834648675,True,True,False
1.68,0.0543084342537978,0.2865628981571856,0.04282187616771451,-0.06685370640959981,0.0,7.482349033630642e-06,0.27929512249767025,0.0,0.391202374343564,0.225,0.0,0.38999999999999996,1.5,129.88751177993666,0.02730679519451002,True,True,False
1.685,0.05452211056531192,0.28878193565944,0.0426683492971213,-0.06685370640959981,0.0,7.482349033630642e-06,0.27950864365805445,0.0,0.3912117372055603,0.225,0.0,0.38999999999999996,1.5,129.88751126009035,0.027496060924572185,True,True,False
1.69,0.05473501544043953,0.290989062775625,0.04251296213445939,-0.06685370640959981,0.0,7.482349033630642e-06,0.27972139384885475,0.0,0.39122105303065674,0.225,0.0,0.38999999999999996,1.5,129.88751070416905,0.027682919398273657,True,True,False
1.695,0.05494713960134782,0.2931841204667298,0.04235572560262424,-0.06685370640959981,0.0,7.482349033630642e-06,0.2799333638184122,0.0,0.39123032108165556,0.225,0.0,0.38999999999999996,1.5,129.8875101125736,0.027867403401922362,True,True,False
1.7,0.055158473825061706,0.2953669512110998,0.042196650746169136,-0.06684290002482914,0.0,1.213144571141436e-05,0.28014454436972064,0.0,0.3912395406269783,0.225,0.0,0.38999999999999996,1.5,129.88757002114994,0.028066629026599788,True,True,False
1.705,0.055369008945133684,0.29753739884250546,0.04203574963848738,-0.06684290002482914,0.0,1.213144571141436e-05,0.28035492636081605,0.0,0.3912487109973598,0.225,0.0,0.38999999999999996,1.5,129.88756935702645,0.02824584536483154,True,True,False
1.71,0.05557873585133693,0.29969530872610206,0.041873032695151594,-0.06684290002482914,0.0,1.213144571141436e-05,0.2805645007057268,0.0,0.39125783152924826,0.225,0.0,0.38999999999999996,1.5,129.8875686585007,0.02842279548118414,True,True,False
1.715,0.055787645489111394,0.3018405279341632,0.04170851131859951,-0.06684290002482914,0.0,1.213144571141436e-05,0.2807732583752005,0.0,0.391266901508365,0.225,0.0,0.38999999999999996,1.5,129.88756792600208,0.028597507783122204,True,True,False
1.72,0.05599572886112989,0.30397290509205305,0.041542197026197325,-0.06684290002482914,0.0,1.213144571141436e-05,0.2809811903970005,0.0,0.39127592022632934,0.225,0.0,0.38999999999999996,1.5,129.88756715996578,0.02877000971945915,True,True,False
1.725,0.05620297702787215,0.3060922903690258,0.04137410144984806,-0.06684290002482914,0.0,1.213144571141436e-05,0.2811882878564789,0.0,0.39128488698062835,0.225,0.0,0.38999999999999996,1.5,129.88756636083184,0.028940327791856908,True,True,False
1.73,0.05640938110819835,0.3081985354507161,0.04120423633550093,-0.06684290002482914,0.0,1.213144571141436e-05,0.2813945418971501,0.0,0.3912938010745667,0.225,0.0,0.38999999999999996,1.5,129.8875655290452,0.02910848756815074,True,True,False
1.735,0.0566149322799167,0.3102914935341393,0.04103261354258643,-0.06684290002482914,0.0,1.213144571141436e-05,0.28159994372125696,0.0,0.3913026618172417,0.225,0.0,0.38999999999999996,1.5,129.88756466505532,0.02927451369695072,True,True,False
1.74,0.05681962178035149,0.31237101930914946,0.04085924504339636,-0.06684290002482914,0.0,1.213144571141436e-05,0.2818044845903387,0.0,0.3913114685235142,0.225,0.0,0.38999999999999996,1.5,129.88756376931568,0.029438429923142787,True,True,False
1.745,0.057023440906904185,0.3144369689536587,0.040684142922421895,-0.06684290002482914,0.0,1.213144571141436e-05,0.2820081558257904,0.0,0.39132022051400217,0.225,0.0,0.38999999999999996,1.5,129.8875628422839,0.029600259104030646,True,True,False
1.75,0.05722638101761292,0.3164892001166647,0.04050731937565962,-0.06674200009439266,0.0,1.662579260708938e-05,0.282210948809422,0.0,0.3913289171150622,0.225,0.0,0.38999999999999996,1.5,129.887611670229,0.02991912288640791,True,True,False
1.7550000000000001,0.05742843353350099,0.31852757006232846,0.040328787811914825,-0.06674200009439266,0.0,1.662579260708938e-05,0.28241285498486357,0.0,0.39133755769922923,0.225,0.0,0.38999999999999996,1.5,129.88761066043975,0.030071133477846693,True,True,False
1.76,0.05762958993876785,0.32055193755719363,0.04014855997438254,-0.06674200009439266,0.0,1.662579260708938e-05,0.2826138658586841,0.0,0.3913461416448832,0.225,0.0,0.38999999999999996,1.5,129.88760962111138,0.030221270729747392,True,True,False
1.7650000000000001,0.05782984177884857,0.32256216510967556,0.039966648396863085,-0.06674200009439266,0.0,1.662579260708938e-05,0.28281397299936145,0.0,0.39135466829732024,0.225,0.0,0.38999999999999996,1.5,129.88760855272977,0.030369551437974655,True,True,False
1.77,0.05802918066197474,0.32455811704755744,0.03978306570361455,-0.06674200009439266,0.0,1.662579260708938e-05,0.28301316803790943,0.0,0.39136313700902964,0.225,0.0,0.38999999999999996,1.5,129.88760745578224,0.030515991762799163,True,True,False
1.7750000000000001,0.058227598259650265,0.32653965938845164,0.03959782461370062,-0.06674200009439266,0.0,1.662579260708938e-05,0.2832114426683638,0.0,0.39137154713919076,0.225,0.0,0.38999999999999996,1.5,129.88760633075717,0.030660607189751908,True,True,False
1.78,0.058425086307138246,0.32850665973551874,0.039410937943948364,-0.06674200009439266,0.0,1.662579260708938e-05,0.2834087886482761,0.0,0.3913798980533228,0.225,0.0,0.38999999999999996,1.5,129.88760517814396,0.03080341250920437,True,True,False
1.7850000000000001,0.058621636603960595,0.33045898720943606,0.039222418610887655,-0.06674200009439266,0.0,1.662579260708938e-05,0.283605197799219,0.0,0.3913881891230051,0.225,0.0,0.38999999999999996,1.5,129.88760399843275,0.030944421808639835,True,True,False
1.79,0.05881724101440054,0.3323965123898436,0.03903227963194462,-0.06674200009439266,0.0,1.662579260708938e-05,0.28380066200729187,0.0,0.39139641972569283,0.225,0.0,0.38999999999999996,1.5,129.88760279211428,0.031083648473515406,True,True,False
1.795,0.05901189146801188,0.3343191072745661,0.03884053412608922,-0.06674200009439266,0.0,1.662579260708938e-05,0.28399517322363277,0.0,0.39140458924457566,0.225,0.0,0.38999999999999996,1.5,129.88760155967975,0.03122110519394384,True,True,False
1.8,0.059205579960126285,0.33622664524828133,0.03864719531408242,-0.06655373284956242,0.0,2.1037854959214606e-05,0.2841887234649269,0.0,0.39141269706848925,0.225,0.0,0.38999999999999996,1.5,129.88764018717453,0.03165362212409081,True,True,False
1.805,0.05939829855485601,0.33811899755591324,0.038452277828633336,-0.06655373284956242,0.0,2.1037854959214606e-05,0.2843813048158037,0.0,0.3914207426172316,0.225,0.0,0.38999999999999996,1.5,129.88763886568998,0.031776922187437884,True,True,False
1.81,0.05959003938577402,0.3399960368825658,0.03825579458805792,-0.06655373284956242,0.0,2.1037854959214606e-05,0.2845729094301132,0.0,0.3914287253163673,0.225,0.0,0.38999999999999996,1.5,129.8876375204292,0.03189876672353066,True,True,False
1.815,0.05978079465262991,0.34185764157366033,0.03805775913087785,-0.06655373284956242,0.0,2.1037854959214606e-05,0.28476352952818174,0.0,0.39143664457471383,0.225,0.0,0.38999999999999996,1.5,129.8876361519041,0.03201916076922173,True,True,False
1.82,0.05997055662290416,0.34370369200508777,0.0378581850626646,-0.06655373284956242,0.0,2.1037854959214606e-05,0.28495315739776933,0.0,0.39144449980936336,0.225,0.0,0.38999999999999996,1.5,129.88763476062437,0.032138109048765066,True,True,False
1.825,0.06015931763218488,0.3455340703493541,0.037657086064915885,-0.06655373284956242,0.0,2.1037854959214606e-05,0.28514178539446733,0.0,0.391452290444762,0.225,0.0,0.38999999999999996,1.5,129.8876333470974,0.03225561588544757,True,True,False
1.83,0.060347070084574496,0.3473486603888382,0.03745447590130185,-0.06655373284956242,0.0,2.1037854959214606e-05,0.2853294059421205,0.0,0.3914600159120315,0.225,0.0,0.38999999999999996,1.5,129.8876319118282,0.03237168514832886,True,True,False
1.835,0.06053380645311818,0.3491473473930528,0.03725036842198504,-0.06655373284956242,0.0,2.1037854959214606e-05,0.2855160115332662,0.0,0.3914676756484871,0.225,0.0,0.38999999999999996,1.5,129.8876304553196,0.03248632022273458,True,True,False
1.84,0.06071951928024823,0.3509300180211253,0.03704477756653213,-0.06655373284956242,0.0,2.1037854959214606e-05,0.28570159472958706,0.0,0.39147526909728547,0.225,0.0,0.38999999999999996,1.5,129.88762897807212,0.032599523996791946,True,True,False
1.845,0.06090420117823666,0.3526965602516139,0.03683771736579608,-0.06655373284956242,0.0,2.1037854959214606e-05,0.2858861481623683,0.0,0.3914827957071898,0.225,0.0,0.38999999999999996,1.5,129.88762748058372,0.03271129885880082,True,True,False
1.85,0.06108784482965584,0.3544468633386373,0.036629201943044906,-0.0662811341216282,0.0,2.5457025536616933e-05,0.28606966453296245,0.0,0.39149025493239864,0.225,0.0,0.38999999999999996,1.5,129.88765709800717,0.033251398716298244,True,True,False
1.855,0.061270442991017436,0.3561808126739784,0.03641924705167416,-0.0662811341216282,0.0,2.5457025536616933e-05,0.28625213661614635,0.0,0.39149764624409844,0.225,0.0,0.38999999999999996,1.5,129.8876555092538,0.03334489803620907,True,True,False
1.86,0.061451988493915845,0.3578982950035918,0.03620786663139646,-0.0662811341216282,0.0,2.5457025536616933e-05,0.28643355726154024,0.0,0.39150496911909255,0.225,0.0,0.38999999999999996,1.5,129.8876539032701,0.03343737866827597,True,True,False
1.865,0.061632474240443436,0.3595992045562577,0.035995075102651646,-0.0662811341216282,0.0,2.5457025536616933e-05,0.28661391938920655,0.0,0.39151222303225464,0.225,0.0,0.38999999999999996,1.5,129.8876522805599,0.033528833849210495,True,True,False
1.87,0.061811893204741626,0.3612834377783541,0.03578088693053526,-0.0662811341216282,0.0,2.5457025536616933e-05,0.28679321599092844,0.0,0.39151940746768293,0.225,0.0,0.38999999999999996,1.5,129.88765064162212,0.033619256824035916,True,True,False
1.875,0.06199023843328113,0.36295089298744043,0.03556531663795979,-0.0662811341216282,0.0,2.5457025536616933e-05,0.2869714401305212,0.0,0.39152652191738885,0.225,0.0,0.38999999999999996,1.5,129.88764898695084,0.03370864071004388,True,True,False
1.8800000000000001,0.062167503045188685,0.36460147012445177,0.03534837881500324,-0.0662811341216282,0.0,2.5457025536616933e-05,0.28714858494418255,0.0,0.39153356588031674,0.225,0.0,0.38999999999999996,1.5,129.88764731703515,0.033796978411671216,True,True,False
1.885,0.0623436802326083,0.3662350705613023,0.03513008812546792,-0.0662811341216282,0.0,2.5457025536616933e-05,0.28732464364087007,0.0,0.3915405388616551,0.225,0.0,0.38999999999999996,1.5,129.88764563235983,0.03388426256980635,True,True,False
1.8900000000000001,0.06251876326108441,0.3678515969817849,0.034910459311401194,-0.0662811341216282,0.0,2.5457025536616933e-05,0.2874996095026965,0.0,0.39154744037234707,0.225,0.0,0.38999999999999996,1.5,129.88764393340477,0.033970485534329777,True,True,False
1.895,0.06269274546996269,0.3694509532791164,0.03468950719612822,-0.0662811341216282,0.0,2.5457025536616933e-05,0.2876734758853386,0.0,0.39155426992874803,0.225,0.0,0.38999999999999996,1.5,129.88764222064583,0.03405563935233055,True,True,False
1.9000000000000001,0.06286562027279982,0.3710330445019432,0.0344672466861965,-0.06592743839463491,0.0,2.998505254654368e-05,0.28784623621845246,0.0,0.39156102705240337,0.225,0.0,0.38999999999999996,1.5,129.88766426111917,0.03469730403774217,True,True,False
1.905,0.06303738116162894,0.37259777016731105,0.034243694558203516,-0.06592743839463491,0.0,2.998505254654368e-05,0.2880178840099557,0.0,0.39156771126941814,0.225,0.0,0.38999999999999996,1.5,129.88766245893862,0.034760283728762935,True,True,False
1.9100000000000001,0.06320802170853347,0.3741450310516568,0.03401886561844734,-0.06592743839463491,0.0,2.998505254654368e-05,0.28818841284758034,0.0,0.391574322111317,0.225,0.0,0.38999999999999996,1.5,129.88766064669844,0.03482269537936529,True,True,False
1.915,0.06337753555979549,0.37567473716321415,0.03379277504881159,-0.06592743839463491,0.0,2.998505254654368e-05,0.2883578163928744,0.0,0.3915808591208451,0.225,0.0,0.38999999999999996,1.5,129.8876588248586,0.03488452047843431,True,True,False
1.92,0.06354591643745408,0.37718680089093226,0.03356543805438309,-0.06592743839463491,0.0,2.998505254654368e-05,0.2885260883827872,0.0,0.3915873218508563,0.225,0.0,0.38999999999999996,1.5,129.88765699387244,0.03494574083989793,True,True,False
1.925,0.06371315813949223,0.37868113657015545,0.03333686988063529,-0.06592743839463491,0.0,2.998505254654368e-05,0.28869322262989805,0.0,0.3915937098626127,0.225,0.0,0.38999999999999996,1.5,129.88765515418675,0.03500633842067125,True,True,False
1.93,0.06387925454008446,0.3801576601528797,0.033107085825681025,-0.06592743839463491,0.0,2.998505254654368e-05,0.28885921302269446,0.0,0.39160002272453603,0.225,0.0,0.38999999999999996,1.5,129.88765330624202,0.035066295204728475,True,True,False
1.935,0.06404419958988906,0.38161628897747235,0.03287610124892086,-0.06592743839463491,0.0,2.998505254654368e-05,0.28902405352588667,0.0,0.39160626001131355,0.225,0.0,0.38999999999999996,1.5,129.88765145047293,0.0351255931318734,True,True,False
1.94,0.06420798731637167,0.3830569416054274,0.03264393157706086,-0.06592743839463491,0.0,2.998505254654368e-05,0.2891877381807464,0.0,0.3916124213032886,0.225,0.0,0.38999999999999996,1.5,129.88764958730766,0.035184214056661084,True,True,False
1.945,0.06437061182415396,0.38447953770709276,0.03241059230821153,-0.06592743839463491,0.0,2.998505254654368e-05,0.289350261105467,0.0,0.3916185061860027,0.225,0.0,0.38999999999999996,1.5,129.8876477171694,0.03524213972765322,True,True,False
1.95,0.06453206729537223,0.38588399797891243,0.03217609901458531,-0.06549608493872261,0.0,3.473105858986106e-05,0.28951161649552903,0.0,0.3916245142499336,0.225,0.0,0.38999999999999996,1.5,129.8876637933784,0.035979355971333116,True,True,False
1.955,0.06469234799455757,0.38727023599766547,0.03194046940142505,-0.06549608493872261,0.0,3.473105858986106e-05,0.2896717986288604,0.0,0.39163044507943984,0.225,0.0,0.38999999999999996,1.5,129.88766183957927,0.03601143184310571,True,True,False
1.96,0.06485144827060228,0.3886381665022959,0.03170371898582172,-0.06549608493872261,0.0,3.473105858986106e-05,0.2898308018675191,0.0,0.39163629826409707,0.225,0.0,0.38999999999999996,1.5,129.8876598833279,0.03604339945500021,True,True,False
1.965,0.06500936254967184,0.3899877151378146,0.03146586359166645,-0.06549608493872261,0.0,3.473105858986106e-05,0.28998862065016473,0.0,0.3916420734160378,0.225,0.0,0.38999999999999996,1.5,129.88765792500476,0.036075228681184165,True,True,False
1.97,0.06516608533678635,0.3913188100876897,0.03122691904555403,-0.06549608493872261,0.0,3.473105858986106e-05,0.2901452494939314,0.0,0.39164777015835106,0.225,0.0,0.38999999999999996,1.5,129.88765596498277,0.0361068900314714,True,True,False
1.975,0.06532161121591484,0.3926313815463262,0.030986901197712146,-0.06549608493872261,0.0,3.473105858986106e-05,0.2903006829945739,0.0,0.39165338812300676,0.225,0.0,0.38999999999999996,1.5,129.8876540036276,0.036138354425061,True,True,False
1.98,0.06547593485014357,0.39392536132943107,0.030745825936952718,-0.06549608493872261,0.0,3.473105858986106e-05,0.2904549158266744,0.0,0.3916589269493313,0.225,0.0,0.38999999999999996,1.5,129.8876520412983,0.03616959304496963,True,True,False
1.985,0.06562905098189979,0.3952006825937386,0.030503709201258337,-0.06549608493872261,0.0,3.473105858986106e-05,0.29060794274389284,0.0,0.39166438628295264,0.225,0.0,0.38999999999999996,1.5,129.8876500783473,0.03620057724699907,True,True,False
1.99,0.0657809544332176,0.39645727963571825,0.03026056698518692,-0.06549608493872261,0.0,3.473105858986106e-05,0.29075975857925285,0.0,0.39166976577502155,0.225,0.0,0.38999999999999996,1.5,129.88764811512084,0.03623127850548192,True,True,False
1.995,0.06593164010602803,0.3976950877608591,0.030016415344957696,-0.06549608493872261,0.0,3.473105858986106e-05,0.29091035824544453,0.0,0.3916750650817107,0.225,0.0,0.38999999999999996,1.5,129.8876461519595,0.03626166838382367,True,True,False
2.0,0.06608110298246898,0.39891404319167884,0.029771270401846277,-0.06499076592954413,0.0,3.9806269289797755e-05,0.2910597367351435,0.0,0.391680283863876,0.225,0.0,0.38999999999999996,1.5,129.88765799223162,0.0370883196429955,True,True,False
2.005,0.06622933813037143,0.4001140735127373,0.029525150696116387,-0.06499076592954413,0.0,3.9806269289797755e-05,0.2912078891269988,0.0,0.3916854217674241,0.225,0.0,0.38999999999999996,1.5,129.88765595484367,0.037089413185640206,True,True,False
2.0100000000000002,0.06637634070557163,0.40129510738496627,0.02927807229981806,-0.06499076592954413,0.0,3.9806269289797755e-05,0.29135481058743945,0.0,0.3916904784432698,0.225,0.0,0.38999999999999996,1.5,129.88765392284125,0.03709086306264046,True,True,False
2.015,0.06652210594361757,0.4024570859618989,0.029030051560140057,-0.06499076592954413,0.0,3.9806269289797755e-05,0.2915004963616898,0.0,0.39169545357434643,0.225,0.0,0.38999999999999996,1.5,129.88765189649058,0.037092627738418066,True,True,False
2.02,0.06666662916139325,0.4035999530978843,0.028781104807596845,-0.06499076592954413,0.0,3.9806269289797755e-05,0.29164494177590866,0.0,0.3917003468553428,0.225,0.0,0.38999999999999996,1.5,129.88764987605052,0.037094666615808417,True,True,False
2.025,0.06680990575712048,0.4047236547236161,0.028531248380413612,-0.06499076592954413,0.0,3.9806269289797755e-05,0.2917881422372532,0.0,0.3917051579902628,0.225,0.0,0.38999999999999996,1.5,129.88764786177333,0.03709693976757747,True,True,False
2.0300000000000002,0.06695193121044808,0.405828138390855,0.02828049864196486,-0.06499076592954413,0.0,3.9806269289797755e-05,0.29193009323401264,0.0,0.39170988669067497,0.225,0.0,0.38999999999999996,1.5,129.88764585390513,0.03709940776250908,True,True,False
2.035,0.06709270108260823,0.4069133529512324,0.02802887199314838,-0.06499076592954413,0.0,3.9806269289797755e-05,0.29207079033579725,0.0,0.391714532674447,0.225,0.0,0.38999999999999996,1.5,129.88764385268604,0.03710203155539909,True,True,False
2.04,0.06723221101661966,0.4079792483269281,0.027776384881072032,-0.06499076592954413,0.0,3.9806269289797755e-05,0.292210229193764,0.0,0.3917190956648742,0.225,0.0,0.38999999999999996,1.5,129.88764185835072,0.03710477242014269,True,True,False
2.045,0.06737045673752305,0.409025775352557,0.027523053805057793,-0.06499076592954413,0.0,3.9806269289797755e-05,0.2923484055408679,0.0,0.3917235753900719,0.225,0.0,0.38999999999999996,1.5,129.88763987112878,0.037107591911870734,True,True,False
2.05,0.0675074340526391,0.41005288567878917,0.027268895320692293,-0.06441546983991424,0.0,4.531863404216629e-05,0.29248531519213006,0.0,0.39172797158260153,0.225,0.0,0.38999999999999996,1.5,129.88764925255043,0.03801736378514025,True,True,False
2.055,0.06764313885764851,0.41106052088209494,0.027013928710194816,-0.06441546983991424,0.0,4.531863404216629e-05,0.29262095405139465,0.0,0.39173228395313586,0.225,0.0,0.38999999999999996,1.5,129.8876472038752,0.03798767879765257,True,True,False
2.06,0.06777756713920373,0.4120486235388128,0.026758170447089443,-0.06441546983991424,0.0,4.531863404216629e-05,0.2927553181132594,0.0,0.3917365122171452,0.225,0.0,0.38999999999999996,1.5,129.88764516843779,0.0379588154475866,True,True,False
2.065,0.06791071496546261,0.4130171502223037,0.026501637285155883,-0.06441546983991424,0.0,4.531863404216629e-05,0.29288840345271533,0.0,0.39174065612964126,0.225,0.0,0.38999999999999996,1.5,129.8876431463578,0.037930721061712386,True,True,False
2.07,0.06804257848777566,0.413966060356697,0.02624434594364332,-0.06441546983991424,0.0,4.531863404216629e-05,0.29302020622752706,0.0,0.39174471545811945,0.225,0.0,0.38999999999999996,1.5,129.88764113774928,0.03790334419867415,True,True,False
2.075,0.06817315394059628,0.41489531550209835,0.025986313134810205,-0.06441546983991424,0.0,4.531863404216629e-05,0.2931507226782133,0.0,0.3917486899798147,0.225,0.0,0.38999999999999996,1.5,129.88763914272096,0.03787663434046338,True,True,False
2.08,0.06830243764149206,0.41580487884925665,0.025727555583638522,-0.06441546983991424,0.0,4.531863404216629e-05,0.2932799491281103,0.0,0.3917525794796766,0.225,0.0,0.38999999999999996,1.5,129.88763716137728,0.03785054169159365,True,True,False
2.085,0.06843042599123145,0.4166947148463853,0.025468090041851934,-0.06441546983991424,0.0,4.531863404216629e-05,0.293407881983495,0.0,0.3917563837489647,0.225,0.0,0.38999999999999996,1.5,129.8876351938184,0.03782501705105007,True,True,False
2.09,0.06855711547392576,0.4175647889452414,0.025207933297795138,-0.06441546983991424,0.0,4.531863404216629e-05,0.2935345177337533,0.0,0.39176010258424065,0.225,0.0,0.38999999999999996,1.5,129.88763324014053,0.0378000117333089,True,True,False
2.095,0.06868250265720838,0.4184150674252009,0.024947102183307333,-0.06441546983991424,0.0,4.531863404216629e-05,0.29365985295157715,0.0,0.3917637357866865,0.225,0.0,0.38999999999999996,1.5,129.88763130043688,0.03777547752242965,True,True,False
2.1,0.06880658419243754,0.41924551727748355,0.024685613578412022,-0.06377449942291473,0.0,5.136755432505255e-05,0.2937838842931789,0.0,0.3917672831616835,0.225,0.0,0.38999999999999996,1.5,129.88763997950912,0.038761807745925456,True,True,False
2.105,0.06892935682136082,0.4200560940810578,0.024423487416996435,-0.06377449942291473,0.0,5.136755432505255e-05,0.29390660850575906,0.0,0.39177074448764787,0.225,0.0,0.38999999999999996,1.5,129.8876379940469,0.038701809946337755,True,True,False
2.11,0.06905081737897258,0.4208467543339513,0.024160740427541783,-0.06377449942291473,0.0,5.136755432505255e-05,0.29402802242955506,0.0,0.39177411954756874,0.225,0.0,0.38999999999999996,1.5,129.88763602947307,0.0386430958430507,True,True,False
2.115,0.06917096278291646,0.421617469945819,0.02389738965947752,-0.06377449942291473,0.0,5.136755432505255e-05,0.2941481229861985,0.0,0.3917774081695483,0.225,0.0,0.38999999999999996,1.5,129.88763408573203,0.038585601962644656,True,True,False
2.12,0.06928979003525385,0.42236821581065304,0.023633452112146743,-0.06377449942291473,0.0,5.136755432505255e-05,0.29426690718130544,0.0,0.39178061019484356,0.225,0.0,0.38999999999999996,1.5,129.88763216276544,0.03852926634644151,True,True,False
2.125,0.06940729622228516,0.4230989690191838,0.023368944765205336,-0.06377449942291473,0.0,5.136755432505255e-05,0.2943843721043767,0.0,0.3917837254747958,0.225,0.0,0.38999999999999996,1.5,129.88763026051237,0.038474028204304546,True,True,False
2.13,0.06952347851448247,0.4238097082928572,0.023103884600418647,-0.06377449942291473,0.0,5.136755432505255e-05,0.29450051492878837,0.0,0.3917867538686042,0.225,0.0,0.38999999999999996,1.5,129.88762837891022,0.038419827688465684,True,True,False
2.1350000000000002,0.06963833416650861,0.4245004135742702,0.022838288617212227,-0.06377449942291473,0.0,5.136755432505255e-05,0.29461533291185243,0.0,0.39178969524173124,0.225,0.0,0.38999999999999996,1.5,129.88762651789494,0.03836660574845206,True,True,False
2.14,0.06975186051729644,0.4251710657392087,0.022572173843696006,-0.06377449942291473,0.0,5.136755432505255e-05,0.29472882339492495,0.0,0.39179254946479725,0.225,0.0,0.38999999999999996,1.5,129.88762467740128,0.03831430404069078,True,True,False
2.145,0.06986405499017007,0.4258216464080388,0.022305557344411284,-0.06377449942291473,0.0,5.136755432505255e-05,0.2948409838035471,0.0,0.3917953164128297,0.225,0.0,0.38999999999999996,1.5,129.88762285736362,0.03826286487496447,True,True,False
2.15,0.06997491509299464,0.4264521378183934,0.022038456225705723,-0.06307246207654632,0.0,5.8038936226981434e-05,0.2949518116476082,0.0,0.3917979959647776,0.225,0.0,0.38999999999999996,1.5,129.88763250059912,0.03931893938161494,True,True,False
2.1550000000000002,0.0700844384254052,0.427062509539572,0.021770890992431652,-0.06307246207654632,0.0,5.8038936226981434e-05,0.2950613045294561,0.0,0.39180058796931017,0.225,0.0,0.38999999999999996,1.5,129.8876306529308,0.03922933693381293,True,True,False
2.16,0.07019262268186136,0.4276527319890799,0.021502878497186625,-0.06307246207654632,0.0,5.8038936226981434e-05,0.2951694601460638,0.0,0.3918030922794242,0.225,0.0,0.38999999999999996,1.5,129.887628833391,0.039141473200171736,True,True,False
2.165,0.0702994656399637,0.42822279229453764,0.021234435988301287,-0.06307246207654632,0.0,5.8038936226981434e-05,0.2952762762761991,0.0,0.39180550879692383,0.225,0.0,0.38999999999999996,1.5,129.88762704172504,0.03905527430941768,True,True,False
2.17,0.07040496516232418,0.42877268069545577,0.020965580652311442,-0.06307246207654632,0.0,5.8038936226981434e-05,0.29538175078319845,0.0,0.3918078374373343,0.225,0.0,0.38999999999999996,1.5,129.88762527767906,0.03897066817611654,True,True,False
2.1750000000000003,0.0705091191962971,0.42930238967665335,0.020696329646980687,-0.06307246207654632,0.0,5.8038936226981434e-05,0.2954858816147843,0.0,0.3918100781265591,0.225,0.0,0.38999999999999996,1.5,129.88762354100072,0.038887584119347784,True,True,False
2.18,0.07061192577383676,0.42981191334576585,0.020426700125069655,-0.06307246207654632,0.0,5.8038936226981434e-05,0.2955886668029867,0.0,0.391812230798425,0.225,0.0,0.38999999999999996,1.5,129.8876218314395,0.03880595261286816,True,True,False
2.185,0.07071338301144903,0.4303012469902145,0.020156709251412698,-0.06307246207654632,0.0,5.8038936226981434e-05,0.2956901044641401,0.0,0.39181429539294055,0.225,0.0,0.38999999999999996,1.5,129.88762014874715,0.038725705124114176,True,True,False
2.19,0.07081348910938354,0.43077038592242306,0.019886372691860128,-0.06307246207654632,0.0,5.8038936226981434e-05,0.2957901927981894,0.0,0.3918162718518858,0.225,0.0,0.38999999999999996,1.5,129.887618492686,0.038646345521839064,True,True,False
2.195,0.07091224227030445,0.43121923004890483,0.019615673243215028,-0.06307246207654632,0.0,5.8038936226981434e-05,0.295888930016678,0.0,0.3918181597545003,0.225,0.0,0.38999999999999996,1.5,129.88761686381062,0.03855821412351358,True,True,False
2.2,0.07100964064020818,0.4316474599033332,0.01934462227529094,-0.062322538503276736,0.0,6.542512990315269e-05,0.2959863142959238,0.0,0.39181995783792584,0.225,0.0,0.38999999999999996,1.5,129.88763022466924,0.03964167114621764,True,True,False
2.205,0.07110568254812898,0.4320547514670469,0.019073276618744164,-0.062322538503276736,0.0,6.542512990315269e-05,0.29608234399530353,0.0,0.39182166483432906,0.225,0.0,0.38999999999999996,1.5,129.88762859633442,0.03949865232180406,True,True,False
2.21,0.07120036649355528,0.4324408307043439,0.01880164507604207,-0.062322538503276736,0.0,6.542512990315269e-05,0.29617701763962856,0.0,0.3918232796671369,0.225,0.0,0.38999999999999996,1.5,129.8876270079832,0.03935064860529193,True,True,False
2.215,0.07129369105537578,0.4328054036200439,0.018529754576120595,-0.062322538503276736,0.0,6.542512990315269e-05,0.29627033383539153,0.0,0.39182480116484353,0.225,0.0,0.38999999999999996,1.5,129.8876254603758,0.039198501404102935,True,True,False
2.22,0.07138565494288678,0.43314819335213395,0.01825763193584712,-0.062322538503276736,0.0,6.542512990315269e-05,0.29636229131763486,0.0,0.3918262282228435,0.225,0.0,0.38999999999999996,1.5,129.88762395412544,0.039042831273883194,True,True,False
2.225,0.07147625699471209,0.43346894659221624,0.017985303601893512,-0.062322538503276736,0.0,6.542512990315269e-05,0.29645288894821076,0.0,0.391827559829059,0.225,0.0,0.38999999999999996,1.5,129.88762248973273,0.03888410123271093,True,True,False
2.23,0.07156549617668474,0.43376743657007666,0.01771279552042847,-0.062322538503276736,0.0,6.542512990315269e-05,0.2965421257133531,0.0,0.391828795075962,0.225,0.0,0.38999999999999996,1.5,129.88762106761047,0.038722659811291214,True,True,False
2.235,0.07165337157924123,0.43404346386777615,0.017440133086218616,-0.062322538503276736,0.0,6.542512990315269e-05,0.2966300007209836,0.0,0.39182993316399894,0.225,0.0,0.38999999999999996,1.5,129.88761968810206,0.038558770778739385,True,True,False
2.24,0.07173988241464595,0.4342968558957436,0.01716734113958501,-0.062322538503276736,0.0,6.542512990315269e-05,0.29671651319798525,0.0,0.39183097339970707,0.225,0.0,0.38999999999999996,1.5,129.88761835149532,0.03839263401859356,True,True,False
2.245,0.07182502801423117,0.43452746557565614,0.016894443990869198,-0.062322538503276736,0.0,6.542512990315269e-05,0.29680166248757167,0.0,0.3918319151907051,0.225,0.0,0.38999999999999996,1.5,129.88761705803304,0.03822440046180959,True,True,False
2.25,0.0719088078257634,0.43473516962491404,0.016621465459479356,-0.06172588186355996,0.0,7.38492375928602e-05,0.2968854480468256,0.0,0.3918327580390517,0.225,0.0,0.38999999999999996,1.5,129.88766100366914,0.038994792514886384,True,True,False
2.255,0.07199122146508041,0.4349199110434393,0.016348450182140095,-0.06172588186355996,0.0,7.38492375928602e-05,0.2969678694930164,0.0,0.39183350175086235,0.225,0.0,0.38999999999999996,1.5,129.8876597640261,0.03879427684082887,True,True,False
2.2600000000000002,0.0720722686811236,0.4350816977091222,0.01607540439514479,-0.06172588186355996,0.0,7.38492375928602e-05,0.29704892656992143,0.0,0.3918341463862351,0.225,0.0,0.38999999999999996,1.5,129.88765857481704,0.03859360743680394,True,True,False
2.265,0.07215194927893141,0.43522052721527243,0.015802348196213976,-0.06172588186355996,0.0,7.38492375928602e-05,0.2971286190793767,0.0,0.3918346919228215,0.225,0.0,0.38999999999999996,1.5,129.8876574358273,0.03839261921386071,True,True,False
2.27,0.07223026315955866,0.43533640447825456,0.015529301659504616,-0.06172588186355996,0.0,7.38492375928602e-05,0.2972069469183304,0.0,0.3918351383687655,0.225,0.0,0.38999999999999996,1.5,129.88765634685998,0.03819117088138158,True,True,False
2.275,0.07230721031972857,0.4354293400325788,0.015256284873726914,-0.06172588186355996,0.0,7.38492375928602e-05,0.29728391007866883,0.0,0.3918354857559736,0.225,0.0,0.38999999999999996,1.5,129.88765530773196,0.03798913888060753,True,True,False
2.2800000000000002,0.07238279085159777,0.4354993489761606,0.014983317963805445,-0.06172588186355996,0.0,7.38492375928602e-05,0.2973595086470896,0.0,0.3918357341359553,0.225,0.0,0.38999999999999996,1.5,129.88765431827125,0.03778641318182056,True,True,False
2.285,0.07245700494259516,0.43554645036504225,0.014710421102689521,-0.06172588186355996,0.0,7.38492375928602e-05,0.2974337428050039,0.0,0.3918358835774107,0.225,0.0,0.38999999999999996,1.5,129.8876533783148,0.03758289433960261,True,True,False
2.29,0.07252985287528789,0.4355706668913911,0.014437614517586808,-0.06172588186355996,0.0,7.38492375928602e-05,0.2975066128284371,0.0,0.3918359341649495,0.225,0.0,0.38999999999999996,1.5,129.8876524877072,0.03737849139947098,True,True,False
2.295,0.07260133502724696,0.43557202473364,0.014164918493376212,-0.06172588186355996,0.0,7.38492375928602e-05,0.29757811908791176,0.0,0.39183588599849106,0.225,0.0,0.38999999999999996,1.5,129.887651646299,0.03717312038623677,True,True,False
2.3000000000000003,0.07267145187089652,0.4355505535090138,0.013892353374974341,-0.061356246354986474,0.0,8.284627221833457e-05,0.2976482620483045,0.0,0.3918357391930518,0.225,0.0,0.38999999999999996,1.5,129.8877286947836,0.03754945809148938,True,True,False
2.305,0.07274020400761881,0.4355063138057543,0.013619951743149204,-0.061356246354986474,0.0,8.284627221833457e-05,0.2977170422983808,0.0,0.39183549406032864,0.225,0.0,0.38999999999999996,1.5,129.88772794006974,0.0373243281162115,True,True,False
2.31,0.07280759214647836,0.4354393974894629,0.01334772416936844,-0.061356246354986474,0.0,8.284627221833457e-05,0.2977844605313938,0.0,0.39183515103517863,0.225,0.0,0.38999999999999996,1.5,129.88772723845142,0.037099056104489755,True,True,False
2.315,0.07287361705680888,0.4353498822726223,0.013075689637342116,-0.061356246354986474,0.0,8.284627221833457e-05,0.2978505175039972,0.0,0.3918347104246236,0.225,0.0,0.38999999999999996,1.5,129.88772658956321,0.03687345027669879,True,True,False
2.32,0.07293827959462865,0.4352378437574907,0.012803867391488793,-0.061356246354986474,0.0,8.284627221833457e-05,0.2979152140595996,0.0,0.3918341725292332,0.225,0.0,0.38999999999999996,1.5,129.8877259930661,0.03664734665286581,True,True,False
2.325,0.07300158070317418,0.4351033553893676,0.012532276939972897,-0.061356246354986474,0.0,8.284627221833457e-05,0.29797855112890415,0.0,0.39183353764291246,0.225,0.0,0.38999999999999996,1.5,129.8877254486411,0.036420603153588346,True,True,False
2.33,0.07306352141338893,0.4349464886853568,0.012260938053321251,-0.061356246354986474,0.0,8.284627221833457e-05,0.2980405297303776,0.0,0.39183280605372467,0.225,0.0,0.38999999999999996,1.5,129.88772495598755,0.036193095268879476,True,True,False
2.335,0.07312410284433815,0.4347673136572284,0.011989870762455293,-0.061356246354986474,0.0,8.284627221833457e-05,0.298101150970625,0.0,0.39183197804551084,0.225,0.0,0.38999999999999996,1.5,129.88772451481836,0.035964712824747475,True,True,False
2.34,0.07318332620354613,0.43456589928836936,0.011719095358573623,-0.061356246354986474,0.0,8.284627221833457e-05,0.29816041604468124,0.0,0.3918310538997502,0.225,0.0,0.38999999999999996,1.5,129.88772412485827,0.035735357526447784,True,True,False
2.345,0.07324119278724471,0.4343423140445003,0.011448632396457424,-0.061356246354986474,0.0,8.284627221833457e-05,0.2982183262362115,0.0,0.3918300338975149,0.225,0.0,0.38999999999999996,1.5,129.88772378584147,0.0355049410601514,True,True,False
2.35,0.0732977039805376,0.4340966263508058,0.011178502702265053,-0.06118650331751381,0.0,9.194728607019991e-05,0.29827488291763027,0.0,0.39182891832132916,0.225,0.0,0.38999999999999996,1.5,129.88782499504646,0.035541043325690164,True,True,False
2.355,0.0733528612742397,0.4338289177376511,0.010908731522593943,-0.06118650331751381,0.0,9.194728607019991e-05,0.2983300875632746,0.0,0.39182770760252644,0.225,0.0,0.38999999999999996,1.5,129.88782475611214,0.03530019153601007,True,True,False
2.36,0.0734066662541633,0.43353928329329305,0.010639336720331986,-0.06118650331751381,0.0,9.194728607019991e-05,0.2983839417410685,0.0,0.39182640222666804,0.225,0.0,0.38999999999999996,1.5,129.88782456936354,0.03505854033993869,True,True,False
2.365,0.0734591205783976,0.4332278110718242,0.010370339310242347,-0.06118650331751381,0.0,9.194728607019991e-05,0.2984364470941875,0.0,0.39182500255730246,0.225,0.0,0.38999999999999996,1.5,129.88782443444575,0.034815970802240595,True,True,False
2.37,0.07351022599047224,0.4328945879639063,0.010101760757017724,-0.06118650331751381,0.0,9.194728607019991e-05,0.29848760535125046,0.0,0.39182350895505486,0.225,0.0,0.38999999999999996,1.5,129.88782435101805,0.03457238005302486,True,True,False
2.375,0.07355998431956577,0.43253969989814633,0.009833623011591918,-0.06118650331751381,0.0,9.194728607019991e-05,0.29853741832651043,0.0,0.39182192177839,0.225,0.0,0.38999999999999996,1.5,129.887824318751,0.03432767818714319,True,True,False
2.38,0.07360839748065562,0.4321632321386173,0.009565948554642508,-0.06118650331751381,0.0,9.194728607019991e-05,0.29858588791997687,0.0,0.3918202413847596,0.225,0.0,0.38999999999999996,1.5,129.88782433732402,0.03408178594443558,True,True,False
2.3850000000000002,0.07365546747460541,0.43176526964137607,0.00929876045007075,-0.06118650331751381,0.0,9.194728607019991e-05,0.29863301611747106,0.0,0.3918184681319462,0.225,0.0,0.38999999999999996,1.5,129.88782440642316,0.03383463294458478,True,True,False
2.39,0.07370119638818871,0.4313458974005658,0.009032082411022425,-0.06118650331751381,0.0,9.194728607019991e-05,0.2986788049906177,0.0,0.3918166023794125,0.225,0.0,0.38999999999999996,1.5,129.88782452573983,0.0335861563207768,True,True,False
2.395,0.07374558639405034,0.4309052007860951,0.008765938881099156,-0.06118650331751381,0.0,9.194728607019991e-05,0.29872325669677585,0.0,0.3918146444896002,0.225,0.0,0.38999999999999996,1.5,129.88782469496937,0.03333629964509474,True,True,False
2.4,0.073788639750608,0.4304432658494825,0.008500355133750491,-0.06119417790453435,0.0,0.00010079003337714172,0.29876637347891327,0.0,0.39181259482910186,0.225,0.0,0.38999999999999996,1.5,129.88794284647676,0.033073001385562836,True,True,False
2.4050000000000002,0.07383035880304228,0.4299601791181785,0.008235354443941835,-0.06119417790453435,0.0,0.00010079003337714172,0.2988081576638875,0.0,0.39181045387919333,0.225,0.0,0.38999999999999996,1.5,129.88794311449547,0.03282059936835373,True,True,False
2.41,0.07387074598164807,0.42945602771296476,0.0079709667097688,-0.06119417790453435,0.0,0.00010079003337714172,0.2988486116635382,0.0,0.39180822212493505,0.225,0.0,0.38999999999999996,1.5,129.8879434314352,0.03256665713347138,True,True,False
2.415,0.07390980380073055,0.42893090038493126,0.007707220529878546,-0.06119417790453435,0.0,0.00010079003337714172,0.29888773797620743,0.0,0.3918058999478924,0.225,0.0,0.38999999999999996,1.5,129.88794379700093,0.03231113955491877,True,True,False
2.42,0.07394753485963662,0.4283848875379863,0.00744414598886044,-0.06119417790453435,0.0,0.00010079003337714172,0.29892553918503295,0.0,0.3918034877375052,0.225,0.0,0.38999999999999996,1.5,129.8879442108963,0.032054014466495875,True,True,False
2.4250000000000003,0.07398394184241866,0.4278180813488244,0.007181774922127928,-0.06119417790453435,0.0,0.00010079003337714172,0.2989620179576025,0.0,0.39180098589157974,0.225,0.0,0.38999999999999996,1.5,129.88794467282298,0.031795252453107235,True,True,False
2.43,0.07401902751746978,0.4272305758692791,0.006920141239869543,-0.06119417790453435,0.0,0.00010079003337714172,0.2989971770455836,0.0,0.3917983948166366,0.225,0.0,0.38999999999999996,1.5,129.88794518248005,0.031534826661681135,True,True,False
2.435,0.074052794737132,0.4266224670862215,0.006659281324970266,-0.06119417790453435,0.0,0.00010079003337714172,0.2990310192843282,0.0,0.39179571492816456,0.225,0.0,0.38999999999999996,1.5,129.88794573956378,0.031272712631914334,True,True,False
2.44,0.07408524643728343,0.4259938529668862,0.006399234524422851,-0.06119417790453435,0.0,0.00010079003337714172,0.2990635475924597,0.0,0.3917929466507619,0.225,0.0,0.38999999999999996,1.5,129.88794634376686,0.031008888145953813,True,True,False
2.445,0.0741163856369067,0.4253448334783787,0.006140043759980934,-0.06119417790453435,0.0,0.00010079003337714172,0.29909476497144255,0.0,0.3917900904182082,0.225,0.0,0.38999999999999996,1.5,129.88794699477845,0.030743333095498017,True,True,False
2.45,0.07414621543763963,0.42467551060084546,0.005881756292310515,-0.061358331443502515,0.0,0.00010905605901363927,0.2991246745051356,0.0,0.3917871466734919,0.225,0.0,0.38999999999999996,1.5,129.88807546450755,0.030217351950233014,True,True,False
2.455,0.07417473901062774,0.4239859762247328,0.0056244157277076205,-0.061358331443502515,0.0,0.00010905605901363927,0.299153279344881,0.0,0.39178411594208,0.225,0.0,0.38999999999999996,1.5,129.88807620172824,0.02995609257482182,True,True,False
2.46,0.07420195960287312,0.42327631187304193,0.005368090111539406,-0.061358331443502515,0.0,0.00010905605901363927,0.29918058271879105,0.0,0.391780998710559,0.225,0.0,0.38999999999999996,1.5,129.88807698292274,0.029692589383063656,True,True,False
2.465,0.07422788055515261,0.42254660872550254,0.005112847356591954,-0.061358331443502515,0.0,0.00010905605901363927,0.29920658795068156,0.0,0.39177779538411117,0.225,0.0,0.38999999999999996,1.5,129.88807780787332,0.02942688610747649,True,True,False
2.47,0.07425250529220977,0.4217969624057643,0.004858765412845385,-0.061358331443502515,0.0,0.00010905605901363927,0.2992312984478515,0.0,0.3917745063864741,0.225,0.0,0.38999999999999996,1.5,129.8880786763453,0.029159017349315423,True,True,False
2.475,0.07427583732188073,0.421027472979602,0.00460593495440073,-0.061358331443502515,0.0,0.00010905605901363927,0.29925471770021395,0.0,0.3917711321599542,0.225,0.0,0.38999999999999996,1.5,129.8880795880888,0.02888901100034853,True,True,False
2.48,0.07429788023422497,0.42023824480686184,0.004354462936683448,-0.061358331443502515,0.0,0.00010905605901363927,0.29927684927944564,0.0,0.39176767316485606,0.225,0.0,0.38999999999999996,1.5,129.88808054284013,0.028616890000690166,True,True,False
2.485,0.0743186377006694,0.4194293863163904,0.004104477366988351,-0.061358331443502515,0.0,0.00010905605901363927,0.2992976968381579,0.0,0.3917641298785929,0.225,0.0,0.38999999999999996,1.5,129.8880815403228,0.028342673634459206,True,True,False
2.49,0.07433811347317383,0.4186010097331699,0.0038561337923921496,-0.061358331443502515,0.0,0.00010905605901363927,0.29931726410909265,0.0,0.39176050279461266,0.225,0.0,0.38999999999999996,1.5,129.88808258024827,0.028066378500559916,True,True,False
2.495,0.07435631138341872,0.41775323079423743,0.0036096242571970563,-0.061358331443502515,0.0,0.00010905605901363927,0.2993355549043422,0.0,0.3917567924212749,0.225,0.0,0.38999999999999996,1.5,129.88808366231638,0.027788019251481038,True,True,False
2.5,0.07437323534202198,0.4168861684625381,0.0033651898715322437,-0.06165888742111364,0.0,0.00011646539707143876,0.29935257311459756,0.0,0.3917529992807216,0.225,0.0,0.38999999999999996,1.5,129.88821631888024,0.027033909913785483,True,True,False
2.505,0.07438888932458473,0.4159999353453119,0.0031231237245316016,-0.06165888742111364,0.0,0.00011646539707143876,0.2993683226931899,0.0,0.3917491239941445,0.225,0.0,0.38999999999999996,1.5,129.88821746611785,0.02676826252255456,True,True,False
2.5100000000000002,0.07440327748380286,0.41509476481328367,0.0028838224349693824,-0.06165888742111364,0.0,0.00011646539707143876,0.2993828077597879,0.0,0.3917451676430098,0.225,0.0,0.38999999999999996,1.5,129.88821864979926,0.026509447731989613,True,True,False
2.515,0.07441640413080343,0.4141710396662993,0.002647782840317548,-0.06165888742111364,0.0,0.00011646539707143876,0.29939603258198727,0.0,0.3917411317638094,0.225,0.0,0.38999999999999996,1.5,129.88821986791194,0.026257364415133762,True,True,False
2.52,0.07442827363838142,0.4132292015199291,0.0024156829141239225,-0.06165888742111364,0.0,0.00011646539707143876,0.2994080014838495,0.0,0.39173701812576445,0.225,0.0,0.38999999999999996,1.5,129.88822111853813,0.02601166695070714,True,True,False
2.525,0.07443889042759536,0.41226972728446953,0.0021884692373183743,-0.06165888742111364,0.0,0.00011646539707143876,0.2994187188347197,0.0,0.39173282863852177,0.225,0.0,0.38999999999999996,1.5,129.88822239985012,0.025772045295033737,True,True,False
2.5300000000000002,0.07444825895864339,0.41129311174027183,0.0019674941699965682,-0.06165888742111364,0.0,0.00011646539707143876,0.2994281890417415,0.0,0.3917285652837008,0.225,0.0,0.38999999999999996,1.5,129.88822371010374,0.025538215308158856,True,True,False
2.535,0.07445638372459933,0.4102998546007258,0.0017547343861007206,-0.06165888742111364,0.0,0.00011646539707143876,0.29943641654479847,0.0,0.3917242300641248,0.225,0.0,0.38999999999999996,1.5,129.88822504763309,0.02530991221398977,True,True,False
2.54,0.07446326924723404,0.4092904510603179,0.0015531390659090489,-0.06165888742111364,0.0,0.00011646539707143876,0.2994434058132087,0.0,0.3917198249666737,0.225,0.0,0.38999999999999996,1.5,129.88822641084636,0.02508688616444346,True,True,False
2.545,0.07446892007434941,0.4082653849931506,0.0013671669865905664,-0.06165888742111364,0.0,0.00011646539707143876,0.29944916134367744,0.0,0.391715351935588,0.225,0.0,0.38999999999999996,1.5,129.88822779822277,0.02486889922151734,True,True,False
2.5500000000000003,0.07447334077821345,0.40722512415882595,0.0012035265398129952,-0.0619212612144483,0.0,0.0001224631096360454,0.29945368765916025,0.0,0.3917108128536223,0.225,0.0,0.38999999999999996,1.5,129.88833763938075,0.02424219808450946,True,True,False
2.555,0.07447653595375264,0.40617012194192137,0.0010718266967189422,-0.0619212612144483,0.0,0.0001224631096360454,0.29945698930460163,0.0,0.3917062096486216,0.225,0.0,0.38999999999999996,1.5,129.88833905087313,0.02404845486606325,True,True,False
2.56,0.07447851021567281,0.40510081000969506,0.0009843347564156418,-0.0619212612144483,0.0,0.0001224631096360454,0.2994590708470112,0.0,0.3917015441651191,0.225,0.0,0.38999999999999996,1.5,129.88834047931678,0.02385870013744265,True,True,False
2.565,0.07447926820158529,0.4040175909218775,0.0009526048951356183,-0.0619212612144483,0.0,0.0001224631096360454,0.299459936881507,0.0,0.39169681803552014,0.225,0.0,0.38999999999999996,1.5,129.8883419235882,0.02367273550152808,True,True,False
2.57,0.07447881457355571,0.40292084259922,0.0009813796085853634,-0.0619212612144483,0.0,0.0001224631096360454,0.29945959203014233,0.0,0.3916920327972172,0.225,0.0,0.38999999999999996,1.5,129.888343382619,0.023490368469593337,True,True,False
2.575,0.07447715401906463,0.4018109183735969,0.001065143576763821,-0.0619212612144483,0.0,0.0001224631096360454,0.2994580409428369,0.0,0.3916871898927803,0.225,0.0,0.38999999999999996,1.5,129.8883448553945,0.02331141228242166,True,True,False
2.58,0.07447429125209558,0.40068814729054736,0.0011918023122522406,-0.0619212612144483,0.0,0.0001224631096360454,0.2994552882984133,0.0,0.3916822906711158,0.225,0.0,0.38999999999999996,1.5,129.88834634095136,0.02313568577575209,True,True,False
2.585,0.07447023101430152,0.39955283458980095,0.0013488322374887664,-0.0619212612144483,0.0,0.0001224631096360454,0.2994513388056953,0.0,0.39167733638934044,0.225,0.0,0.38999999999999996,1.5,129.88834783837595,0.02296301327481875,True,True,False
2.59,0.07446497807623707,0.39840526232345563,0.0015264496530703149,-0.0619212612144483,0.0,0.0001224631096360454,0.2994461972046605,0.0,0.3916723282151748,0.225,0.0,0.38999999999999996,1.5,129.8883493468028,0.02279322450739758,True,True,False
2.595,0.07445853723863112,0.3972456900669503,0.0017178874233438452,-0.0619212612144483,0.0,0.0001224631096360454,0.29943986826762453,0.0,0.3916672672297277,0.225,0.0,0.38999999999999996,1.5,129.88835086541224,0.02262615452797298,True,True,False
2.6,0.0744509133336887,0.3960743557054872,0.0019186586477202665,-0.06181729351621361,0.0,0.0001269208632757116,0.29943235680044994,0.0,0.39166215443053287,0.225,0.0,0.38999999999999996,1.5,129.8883999886049,0.022625574126320214,True,True,False
2.605,0.07444211122810664,0.39489147435286115,0.0021257904794732335,-0.06181729351621361,0.0,0.0001269208632757116,0.29942366764460876,0.0,0.3916569907732442,0.225,0.0,0.38999999999999996,1.5,129.88840153405116,0.02245758494048139,True,True,False
2.61,0.07443213582415285,0.3936972411860715,0.0023373039598561345,-0.06181729351621361,0.0,0.0001269208632757116,0.2994138056790262,0.0,0.39165177713668237,0.225,0.0,0.38999999999999996,1.5,129.88840308860813,0.022292005828491737,True,True,False
2.615,0.07442099205857772,0.39249183464327486,0.0025518374276053027,-0.06181729351621361,0.0,0.0001269208632757116,0.2994027758197063,0.0,0.3916465142894652,0.225,0.0,0.38999999999999996,1.5,129.88840465157048,0.022128689706563082,True,True,False
2.62,0.07440868490483939,0.3912754153702256,0.002768436090800673,-0.06181729351621361,0.0,0.0001269208632757116,0.29939058302099986,0.0,0.39164120293181603,0.225,0.0,0.38999999999999996,1.5,129.88840622227173,0.021967494645411874,True,True,False
2.625,0.07439521937433467,0.3900481270039838,0.00298641457704589,-0.06181729351621361,0.0,0.0001269208632757116,0.2993772322767462,0.0,0.39163584369862436,0.225,0.0,0.38999999999999996,1.5,129.88840780008272,0.021808283738121624,True,True,False
2.63,0.07438060051763132,0.38881009700468294,0.0032052697956132326,-0.06181729351621361,0.0,0.0001269208632757116,0.299362728621414,0.0,0.3916304371626629,0.225,0.0,0.38999999999999996,1.5,129.88840938440995,0.021650924984081416,True,True,False
2.6350000000000002,0.07436483342569028,0.38756143750232736,0.0034246246501476747,-0.06181729351621361,0.0,0.0001269208632757116,0.29934707713123143,0.0,0.39162498383788497,0.225,0.0,0.38999999999999996,1.5,129.888410974694,0.0214952911827325,True,True,False
2.64,0.0743479232310704,0.3863022461671819,0.0036441909249275975,-0.06181729351621361,0.0,0.0001269208632757116,0.2993302829252978,0.0,0.3916194841827947,0.225,0.0,0.38999999999999996,1.5,129.88841257040804,0.021341259832983198,True,True,False
2.645,0.07432987510911039,0.38503260708033266,0.0038637443044673408,-0.06181729351621361,0.0,0.0001269208632757116,0.29931235116667354,0.0,0.39161393860383364,0.225,0.0,0.38999999999999996,1.5,129.88841417105652,0.021188713035607876,True,True,False
2.65,0.07431069427907944,0.38375259161455166,0.004083107223573331,-0.06128256332278092,0.0,0.00013059688952221342,0.2992932870634394,0.0,0.39160834745879136,0.225,0.0,0.38999999999999996,1.5,129.8884061291894,0.021880478668703178,True,True,False
2.6550000000000002,0.0742903860105107,0.38246224921646316,0.00430213875301973,-0.06128256332278092,0.0,0.00013059688952221342,0.29927309587588335,0.0,0.39160271101653576,0.225,0.0,0.38999999999999996,1.5,129.8884077865087,0.02170031346011026,True,True,False
2.66,0.07426895562664296,0.3811616186190028,0.004520717620291783,-0.06128256332278092,0.0,0.00013059688952221342,0.299251782918889,0.0,0.39159702950456404,0.225,0.0,0.38999999999999996,1.5,129.88840945313052,0.021522102109191414,True,True,False
2.665,0.07424640849656218,0.3798507407892314,0.004738746923875965,-0.06128256332278092,0.0,0.00013059688952221342,0.29922935355287994,0.0,0.3915913031640549,0.225,0.0,0.38999999999999996,1.5,129.8884111284026,0.02134572995821283,True,True,False
2.67,0.07422275003730813,0.3785296493888015,0.004956145537600208,-0.06128256332278092,0.0,0.00013059688952221342,0.29920581318681355,0.0,0.39158553220858255,0.225,0.0,0.38999999999999996,1.5,129.88841281170397,0.021171087349387958,True,True,False
2.6750000000000003,0.07419798571449446,0.3771983709044755,0.005172844648107218,-0.06128256332278092,0.0,0.00013059688952221342,0.29918116727877986,0.0,0.3915797168246251,0.225,0.0,0.38999999999999996,1.5,129.88841450244405,0.02099806922552725,True,True,False
2.68,0.0741721210429714,0.3758569249607384,0.0053887851524234255,-0.06128256332278092,0.0,0.00013059688952221342,0.29915542133663,0.0,0.3915738571727082,0.225,0.0,0.38999999999999996,1.5,129.888416200061,0.020826574828939712,True,True,False
2.685,0.07414516158751595,0.37450532472285236,0.005603915679508913,-0.06128256332278092,0.0,0.00013059688952221342,0.2991285809186232,0.0,0.3915679533889702,0.225,0.0,0.38999999999999996,1.5,129.88841790402017,0.020656507466878048,True,True,False
2.69,0.07411711296352744,0.37314357737820253,0.005818191070160782,-0.06128256332278092,0.0,0.00013059688952221342,0.29910065163407407,0.0,0.3915620055870206,0.225,0.0,0.38999999999999996,1.5,129.88841961381323,0.02048777432208524,True,True,False
2.695,0.07408798083771019,0.3717716846825116,0.006031571197562985,-0.06128256332278092,0.0,0.00013059688952221342,0.2990716391439827,0.0,0.3915560138600029,0.225,0.0,0.38999999999999996,1.5,129.88842132895687,0.02032028629404766,True,True,False
2.7,0.07405777092873472,0.3703896435217279,0.006244020043797559,-0.060379063628903225,0.0,0.00013423474396637543,0.2990415491616419,0.0,0.39154997828278804,0.225,0.0,0.38999999999999996,1.5,129.88837347611386,0.021578197148049517,True,True,False
2.705,0.07402648901626721,0.36899742944123404,0.006455508199634013,-0.060379063628903225,0.0,0.00013423474396637543,0.29901038746381664,0.0,0.39154389880862145,0.225,0.0,0.38999999999999996,1.5,129.88837528807883,0.021361832518193707,True,True,False
2.71,0.07399414094597165,0.3675950147331935,0.006665998172142289,-0.060379063628903225,0.0,0.00013423474396637543,0.2989781598934397,0.0,0.3915377753779379,0.225,0.0,0.38999999999999996,1.5,129.8883771138629,0.02114781223548206,True,True,False
2.715,0.07396073261540674,0.3661823895254276,0.006875462002613912,-0.060379063628903225,0.0,0.00013423474396637543,0.2989448723429777,0.0,0.3915316080400764,0.225,0.0,0.38999999999999996,1.5,129.88837895260968,0.02093603681680796,True,True,False
2.72,0.07392626997599974,0.36475954476744066,0.007083874031584791,-0.060379063628903225,0.0,0.00013423474396637543,0.29891053075861074,0.0,0.39152539684831794,0.225,0.0,0.38999999999999996,1.5,129.88838080349484,0.02072641140570379,True,True,False
2.725,0.07389075903293695,0.36332647166303145,0.0072912104903439,-0.060379063628903225,0.0,0.00013423474396637543,0.29887514114016994,0.0,0.39151914185760417,0.225,0.0,0.38999999999999996,1.5,129.88838266572463,0.020518845167696458,True,True,False
2.73,0.07385420584516572,0.36188316136764276,0.0074974491780767,-0.060379063628903225,0.0,0.00013423474396637543,0.2988387095411636,0.0,0.39151284312332335,0.225,0.0,0.38999999999999996,1.5,129.88838453853478,0.020313250855943297,True,True,False
2.735,0.07381661652547099,0.36042960489084686,0.007702569205212983,-0.060379063628903225,0.0,0.00013423474396637543,0.29880124206886133,0.0,0.391506500700886,0.225,0.0,0.38999999999999996,1.5,129.8883864211896,0.0201095444927772,True,True,False
2.74,0.07377799724059458,0.35896579314669064,0.007906550788168003,-0.060379063628903225,0.0,0.00013423474396637543,0.29876274488440935,0.0,0.3915001146458601,0.225,0.0,0.38999999999999996,1.5,129.8883883129807,0.019907645130290537,True,True,False
2.745,0.07373835421136882,0.3574917170949377,0.008109375084189087,-0.060379063628903225,0.0,0.00013423474396637543,0.2987232242029516,0.0,0.3914936850145273,0.225,0.0,0.38999999999999996,1.5,129.88839021322613,0.019707474665104793,True,True,False
2.75,0.07369769371285247,0.3560073679615592,0.008311024057689619,-0.059228853836552166,0.0,0.00013836425941476238,0.2986826862937485,0.0,0.3914872118646856,0.225,0.0,0.38999999999999996,1.5,129.88832347413955,0.02132209641492218,True,True,False
2.755,0.07365602208513485,0.35451271578469196,0.008511482887659228,-0.059228853836552166,0.0,0.00013836425941476238,0.2986411374937831,0.0,0.39148069511635625,0.225,0.0,0.38999999999999996,1.5,129.88832551132884,0.021060089366662857,True,True,False
2.7600000000000002,0.07361334573905823,0.3530077319791815,0.008710726956102501,-0.059228853836552166,0.0,0.00013836425941476238,0.29859858421057395,0.0,0.3914741346943811,0.225,0.0,0.38999999999999996,1.5,129.88832756800437,0.02080130557019065,True,True,False
2.765,0.07356967113763466,0.35149241575000584,0.008908739584399455,-0.059228853836552166,0.0,0.00013836425941476238,0.29855503290041435,0.0,0.3914675306874737,0.225,0.0,0.38999999999999996,1.5,129.88832964296216,0.020545646495470853,True,True,False
2.77,0.07352500479793736,0.3499667719988272,0.00910550494050325,-0.059228853836552166,0.0,0.00013836425941476238,0.29851049007313074,0.0,0.3914608832071248,0.225,0.0,0.38999999999999996,1.5,129.88833173503593,0.02029301780897389,True,True,False
2.775,0.0734793532903808,0.34843081018362726,0.009301007880834239,-0.059228853836552166,0.0,0.00013836425941476238,0.2984649622914599,0.0,0.3914541923830666,0.225,0.0,0.38999999999999996,1.5,129.88833384309618,0.020043328652570795,True,True,False
2.7800000000000002,0.07343272323816419,0.34688454353493686,0.009495233830023939,-0.059228853836552166,0.0,0.00013836425941476238,0.2984184561705595,0.0,0.39144745836017913,0.225,0.0,0.38999999999999996,1.5,129.8883359660493,0.01979649114049057,True,True,False
2.785,0.07338512131683542,0.34532798855053476,0.009688168689310031,-0.059228853836552166,0.0,0.00013836425941476238,0.29837097837761684,0.0,0.39144068129644793,0.225,0.0,0.38999999999999996,1.5,129.88833810283643,0.019552420004672527,True,True,False
2.79,0.07333655425393083,0.3437611646720413,0.009879798766559948,-0.059228853836552166,0.0,0.00013836425941476238,0.29832253563151784,0.0,0.3914338613616867,0.225,0.0,0.38999999999999996,1.5,129.88834025243247,0.019311032341228742,True,True,False
2.795,0.07328702882866228,0.3421840941127343,0.01007011072261657,-0.059228853836552166,0.0,0.00013836425941476238,0.29827313470255157,0.0,0.39142699873682807,0.225,0.0,0.38999999999999996,1.5,129.8883424138457,0.019072247426105804,True,True,False
2.8000000000000003,0.07323655187162637,0.3405968017899479,0.010259091529982802,-0.05796368799337107,0.0,0.00014322793338173565,0.29822278241212913,0.0,0.3914200936136092,0.225,0.0,0.38999999999999996,1.5,129.88827468155637,0.020830340846199773,True,True,False
2.805,0.07318513027641299,0.3389992914309403,0.010446729718142806,-0.05796368799337107,0.0,0.00014322793338173565,0.29817148564729035,0.0,0.3914131460447966,0.225,0.0,0.38999999999999996,1.5,129.88827701317072,0.020524953096388528,True,True,False
2.81,0.07313277100536755,0.3373915701265452,0.01063300575819228,-0.05796368799337107,0.0,0.00014322793338173565,0.29811925136350187,0.0,0.3914061560953748,0.225,0.0,0.38999999999999996,1.5,129.88827936860577,0.020223821943412126,True,True,False
2.815,0.07307948106862537,0.3357736771094842,0.010817906921361966,-0.05796368799337107,0.0,0.00014322793338173565,0.2980660865604465,0.0,0.3913991240119865,0.225,0.0,0.38999999999999996,1.5,129.88828174627005,0.01992684069392176,True,True,False
2.82,0.07302526752598057,0.33414565922014927,0.011001421069255779,-0.05796368799337107,0.0,0.00014322793338173565,0.2980119982868571,0.0,0.39139205007130123,0.225,0.0,0.38999999999999996,1.5,129.88828414461958,0.01963390648110238,True,True,False
2.825,0.07297013748576116,0.33250756941576526,0.011183536536572912,-0.05796368799337107,0.0,0.00014322793338173565,0.2979569936395151,0.0,0.3913849345741365,0.225,0.0,0.38999999999999996,1.5,129.8882865621568,0.0193449195078012,True,True,False
2.83,0.0729140981039045,0.330859465691156,0.011364242044419786,-0.05796368799337107,0.0,0.00014322793338173565,0.29790107976241575,0.0,0.39137777784120215,0.225,0.0,0.38999999999999996,1.5,129.88828899742927,0.019059782529635826,True,True,False
2.835,0.07285715658318256,0.3292014103050662,0.011543526636452781,-0.05796368799337107,0.0,0.00014322793338173565,0.29784426384605905,0.0,0.3913705802100268,0.225,0.0,0.38999999999999996,1.5,129.8882914490292,0.0187784005011749,True,True,False
2.84,0.07279932017252833,0.32753346923430154,0.01172137963195138,-0.05796368799337107,0.0,0.00014322793338173565,0.2977865531268238,0.0,0.3913633420327816,0.225,0.0,0.38999999999999996,1.5,129.88829391559224,0.01850068033297935,True,True,False
2.845,0.07274059616643183,0.32585571178843387,0.01189779059139173,-0.05796368799337107,0.0,0.00014322793338173565,0.2977279548863978,0.0,0.3913560636747597,0.225,0.0,0.38999999999999996,1.5,129.888296395797,0.01822653072425085,True,True,False
2.85,0.07268099190437814,0.32416821035232163,0.012072749291224665,-0.05669335071810113,0.0,0.00014880091708896075,0.29766847645124067,0.0,0.3913487455133425,0.225,0.0,0.38999999999999996,1.5,129.88823934460996,0.019958375531099817,True,True,False
2.855,0.07262051478244987,0.322471016241222,0.01224624578696656,-0.05669335071810113,0.0,0.00014880091708896075,0.29760812520681224,0.0,0.39134138779623895,0.225,0.0,0.38999999999999996,1.5,129.8882420164165,0.01961923277091099,True,True,False
2.86,0.07255917225867797,0.32076418417883923,0.01241826445842504,-0.05669335071810113,0.0,0.00014880091708896075,0.2975469086002586,0.0,0.3913339907834112,0.225,0.0,0.38999999999999996,1.5,129.888244713431,0.019285288269030813,True,True,False
2.865,0.07249697183156806,0.3190478010480258,0.012588795208929023,-0.05669335071810113,0.0,0.00014880091708896075,0.2974848341160066,0.0,0.39132655490733514,0.225,0.0,0.38999999999999996,1.5,129.88824743372427,0.018956423285199666,True,True,False
2.87,0.0724339210419694,0.3173219611251359,0.01275782845720094,-0.05669335071810113,0.0,0.00014880091708896075,0.2974219092803211,0.0,0.3913190806295297,0.225,0.0,0.38999999999999996,1.5,129.88825017542544,0.018632522645152087,True,True,False
2.875,0.07237002747176258,0.31558676446164163,0.0129253550342518,-0.05669335071810113,0.0,0.00014880091708896075,0.2973581416601213,0.0,0.3913115684341611,0.225,0.0,0.38999999999999996,1.5,129.88825293672065,0.018313474006930446,True,True,False
2.88,0.07230529874275798,0.313842315687464,0.013091366107543795,-0.05669335071810113,0.0,0.00014880091708896075,0.2972935388619751,0.0,0.39130401882331944,0.225,0.0,0.38999999999999996,1.5,129.8882557158522,0.017999167367767556,True,True,False
2.8850000000000002,0.07223974251575949,0.31208872312539765,0.01325585312543709,-0.05669335071810113,0.0,0.00014880091708896075,0.2972281085312338,0.0,0.3912964323135191,0.225,0.0,0.38999999999999996,1.5,129.88825851111753,0.01768949473415059,True,True,False
2.89,0.07217336648974276,0.31032609814246326,0.01341880777661884,-0.05669335071810113,0.0,0.00014880091708896075,0.2971618583512633,0.0,0.39128880943313454,0.225,0.0,0.38999999999999996,1.5,129.88826132086828,0.017384349902522037,True,True,False
2.895,0.07210617840111357,0.30855455467624426,0.013580221960539816,-0.05669335071810113,0.0,0.00014880091708896075,0.2970947960427416,0.0,0.3912811507205285,0.225,0.0,0.38999999999999996,1.5,129.8882641435091,0.01708362831513933,True,True,False
2.9,0.07203818602302525,0.3067742088894135,0.013740087765907827,-0.055491858288883804,0.0,0.000154861051428376,0.29702692936300634,0.0,0.39127345672265895,0.225,0.0,0.38999999999999996,1.5,129.88822272251556,0.018681223544062577,True,True,False
2.9050000000000002,0.07196939717641,0.3049851562589918,0.013898396607547832,-0.055491858288883804,0.0,0.000154861051428376,0.2969582661192687,0.0,0.3912657278713701,0.225,0.0,0.38999999999999996,1.5,129.8882257437866,0.018321068508601428,True,True,False
2.91,0.07189981973470926,0.30318749463621947,0.014055136417485353,-0.055491858288883804,0.0,0.000154861051428376,0.2968888141711357,0.0,0.39125796460665785,0.225,0.0,0.38999999999999996,1.5,129.8882287881113,0.017966821486164193,True,True,False
2.915,0.07182946160323578,0.30138135136496297,0.014210299399463043,-0.055491858288883804,0.0,0.000154861051428376,0.29681858140752526,0.0,0.39125016751733144,0.225,0.0,0.38999999999999996,1.5,129.88823185333413,0.017618351955540353,True,True,False
2.92,0.07175833072103881,0.29956685980793796,0.014363878220120392,-0.055491858288883804,0.0,0.000154861051428376,0.29674757575076954,0.0,0.3912423372157222,0.225,0.0,0.38999999999999996,1.5,129.8882349373676,0.017275532810445644,True,True,False
2.9250000000000003,0.07168643505957065,0.29774415776262947,0.014515865916736927,-0.055491858288883804,0.0,0.000154861051428376,0.29667580515540154,0.0,0.39123447433142816,0.225,0.0,0.38999999999999996,1.5,129.88823803819147,0.01693823968311129,True,True,False
2.93,0.07161378262156153,0.29591338628589625,0.014666255829228536,-0.055491858288883804,0.0,0.000154861051428376,0.29660327760711863,0.0,0.39122657950666495,0.225,0.0,0.38999999999999996,1.5,129.88824115385154,0.01660635049481537,True,True,False
2.935,0.0715403814400588,0.294074688806582,0.014815041550179786,-0.055491858288883804,0.0,0.000154861051428376,0.2965300011218881,0.0,0.39121865339280604,0.225,0.0,0.38999999999999996,1.5,129.88824428245837,0.016279745160069407,True,True,False
2.94,0.07146623957758412,0.29222821049324077,0.014962216888197825,-0.055491858288883804,0.0,0.000154861051428376,0.29645598374515336,0.0,0.39121069664781427,0.225,0.0,0.38999999999999996,1.5,129.88824742218625,0.0159583053947035,True,True,False
2.945,0.07139136512537367,0.2903740977623157,0.015107775841056539,-0.055491858288883804,0.0,0.000154861051428376,0.2963812335511108,0.0,0.3912027099343549,0.225,0.0,0.38999999999999996,1.5,129.88825057127204,0.015641914594258812,True,True,False
2.95,0.07131576620268029,0.28851249793525535,0.01525171257601023,-0.05439708508294697,0.0,0.00016107309470047207,0.29630575864203884,0.0,0.39119469391839945,0.225,0.0,0.38999999999999996,1.5,129.88822417933568,0.017056231625899226,True,True,False
2.955,0.07123945096693403,0.28664353833712214,0.015394019971625131,-0.05439708508294697,0.0,0.00016107309470047207,0.29622956716018484,0.0,0.3911866491658937,0.225,0.0,0.38999999999999996,1.5,129.88822752043575,0.016687660194241637,True,True,False
2.96,0.0711624276178179,0.28476734728305453,0.01553468909950629,-0.05439708508294697,0.0,0.00016107309470047207,0.2961526672900933,0.0,0.3911785762454999,0.225,0.0,0.38999999999999996,1.5,129.88823087924203,0.01632542780585595,True,True,False
2.965,0.07108470437823006,0.28288407876012484,0.015673714242979385,-0.05439708508294697,0.0,0.00016107309470047207,0.29607506723761484,0.0,0.3911704758472052,0.225,0.0,0.38999999999999996,1.5,129.8882342535102,0.015969395028540414,True,True,False
2.97,0.07100628949611502,0.28099389103223765,0.01581109009341682,-0.05439708508294697,0.0,0.00016107309470047207,0.29599677523351187,0.0,0.39116234867758837,0.225,0.0,0.38999999999999996,1.5,129.8882376410722,0.01561942577594163,True,True,False
2.975,0.07092719124321337,0.2790969451956691,0.015946811668711466,-0.05439708508294697,0.0,0.00016107309470047207,0.29591779953231123,0.0,0.3911541954541066,0.225,0.0,0.38999999999999996,1.5,129.8882410398346,0.015275386701137077,True,True,False
2.98,0.07084741791400828,0.2771934041030874,0.016080874253036437,-0.05439708508294697,0.0,0.00016107309470047207,0.29583814841132666,0.0,0.3911460169008352,0.225,0.0,0.38999999999999996,1.5,129.88824444777737,0.01493714679639618,True,True,False
2.985,0.07076697782482462,0.2752834315619406,0.016213273352439,-0.05439708508294697,0.0,0.00016107309470047207,0.2957578301698134,0.0,0.3911378137453323,0.225,0.0,0.38999999999999996,1.5,129.88824786295245,0.014604577132302832,True,True,False
2.99,0.07068587931304139,0.27336719175210206,0.01634400466214038,-0.05439708508294697,0.0,0.00016107309470047207,0.29567685312822156,0.0,0.3911295867163046,0.225,0.0,0.38999999999999996,1.5,129.88825128348267,0.014277550690881404,True,True,False
2.995,0.070604130736382,0.2714448487953517,0.016473064042450615,-0.05439708508294697,0.0,0.00016107309470047207,0.2955952256275155,0.0,0.3911213365419455,0.225,0.0,0.38999999999999996,1.5,129.88825470755935,0.01395594226211095,True,True,False
3.0,0.3205148887236186,0.2695165664542555,0.016600447501006147,-0.30439708508294694,0.0,0.00016706405953226814,0.2955129560285509,0.0,0.39111306394866524,-0.024999999999999994,0.0,0.38999999999999996,1.5,129.91345552010577,0.3802683923972753,True,True,False
3.005,0.32043195439995076,0.2675872379533369,0.016725873420385416,-0.30439708508294694,0.0,0.00016706405953226814,0.2954300497674394,0.0,0.391104810666325,-0.024999999999999994,0.0,0.38999999999999996,1.5,129.91343147818188,0.3664427364516606,True,True,False
3.0100000000000002,0.32034838574941754,0.2656616338334403,0.01685073814822271,-0.30439708508294694,0.0,0.00016706405953226814,0.2953465087694983,0.0,0.3910966181885078,-0.024999999999999994,0.0,0.38999999999999996,1.5,129.91343738374937,0.35298421835170257,True,True,False
3.015,0.3202641859116357,0.2637387201209502,0.016975101106770765,-0.30439708508294694,0.0,0.00016706405953226814,0.29526233619088554,0.0,0.391088482980563,-0.024999999999999994,0.0,0.38999999999999996,1.5,129.91347210737854,0.3398863166134896,True,True,False
3.02,0.3201793582048613,0.26181653629918716,0.017098958697512375,-0.30439708508294694,0.0,0.00016706405953226814,0.2951775353779865,0.0,0.39108039796143834,-0.024999999999999994,0.0,0.38999999999999996,1.5,129.913534512084,0.32714292049391286,True,True,False
3.025,0.3200939062632896,0.2598925104750607,0.017222262834516205,-0.30439708508294694,0.0,0.00016706405953226814,0.29509211000017865,0.0,0.39107235373134897,-0.024999999999999994,0.0,0.38999999999999996,1.5,129.91362345655983,0.314748189592271,True,True,False
3.0300000000000002,0.32000783413575246,0.25796369422911664,0.01734493453532702,-0.30439708508294694,0.0,0.00016706405953226814,0.2950060641452241,0.0,0.39106433948434555,-0.024999999999999994,0.0,0.38999999999999996,1.5,129.913737798399,0.30269645973080245,True,True,False
3.035,0.31992114635393515,0.2560269371323962,0.01746687377487163,-0.30439708508294694,0.0,0.00016706405953226814,0.2949194023850951,0.0,0.39105634368441566,-0.024999999999999994,0.0,0.38999999999999996,1.5,129.91387639720074,0.2909821802318964,True,True,False
3.04,0.3198338479784232,0.2540790157010224,0.017587966571796575,-0.30439708508294694,0.0,0.00016706405953226814,0.29483212982030926,0.0,0.3910483545630864,-0.024999999999999994,0.0,0.38999999999999996,1.5,129.91403811752093,0.27959987249224116,True,True,False
3.045,0.3197459446285211,0.25211672817251374,0.017708090056420725,-0.30439708508294694,0.0,0.00016706405953226814,0.2947442521085405,0.0,0.3910403604833655,-0.024999999999999994,0.0,0.38999999999999996,1.5,129.91422183164258,0.2685441030387701,True,True,False
3.0500000000000003,0.3196574425001034,0.25013696381109024,0.01782711608382609,-0.5543970850829469,0.0,-7.851057566205828e-05,0.2946557754816312,0.0,0.3910323502041155,-0.024999999999999994,0.0,0.38999999999999996,1.5,129.9373560220517,0.6508878732660326,True,True,False
3.055,0.31956835083498825,0.24814008912112037,0.01794270601476823,-0.5543970850829469,0.0,-7.851057566205828e-05,0.29456670910542126,0.0,0.39102434707262534,-0.024999999999999994,0.0,0.38999999999999996,1.5,129.9378599139802,0.6263430130861494,True,True,False
3.06,0.3194786796552208,0.24612773802727805,0.01805684949428173,-0.5543970850829469,0.0,-7.851057566205828e-05,0.2944770629096952,0.0,0.39101638026242097,-0.024999999999999994,0.0,0.38999999999999996,1.5,129.9384662404487,0.6024740891777063,True,True,False
3.065,0.3193884363277852,0.24409838007535134,0.018169648678929066,-0.5543970850829469,0.0,-7.851057566205828e-05,0.29438684427483863,0.0,0.3910084463633089,-0.024999999999999994,0.0,0.38999999999999996,1.5,129.93917023965204,0.5792712709471681,True,True,False
3.0700000000000003,0.31929762789854343,0.2420499752782263,0.018281182135371082,-0.5543970850829469,0.0,-7.851057566205828e-05,0.2942960602652157,0.0,0.39100054022827946,-0.024999999999999994,0.0,0.38999999999999996,1.5,129.9399671778814,0.5567249125025455,True,True,False
3.075,0.3192062611860227,0.23998003617945954,0.018391506754202012,-0.5543970850829469,0.0,-7.851057566205828e-05,0.29420471772210044,0.0,0.3909926551835717,-0.024999999999999994,0.0,0.38999999999999996,1.5,129.94085235990937,0.5348254315048224,True,True,False
3.08,0.3191143428644653,0.23788569241070265,0.01850065975114474,-0.5543970850829469,0.0,-7.851057566205828e-05,0.29411282334586714,0.0,0.39098478324971253,-0.024999999999999994,0.0,0.38999999999999996,1.5,129.9418211389246,0.5135632356138526,True,True,False
3.085,0.31902187953908157,0.23576375466619462,0.018608660528456455,-0.5543970850829469,0.0,-7.851057566205828e-05,0.2940203837704165,0.0,0.390976915361954,-0.024999999999999994,0.0,0.38999999999999996,1.5,129.94286892585234,0.49292867910840343,True,True,False
3.09,0.31892887781497903,0.23361077588738496,0.01871551230336975,-0.5543970850829469,0.0,-7.851057566205828e-05,0.29392740563133674,0.0,0.390969041581489,-0.024999999999999994,0.0,0.38999999999999996,1.5,129.94399119798837,0.4729120386644457,True,True,False
3.095,0.3188353443933746,0.23142314605359465,0.018821145171765283,-0.5543970850829469,0.0,-7.851057566205828e-05,0.2938338956609705,0.0,0.39096115144026294,-0.024999999999999994,0.0,0.38999999999999996,1.5,129.94518350684348,0.45350360901015546,True,True,False
3.1,0.3187412873013018,0.22919853296312545,0.01892494871304115,-0.8043970850829469,0.0,-0.0005920300697437244,0.29373986190124945,0.0,0.39095323956246775,-0.024999999999999994,0.0,0.38999999999999996,1.5,129.97066014773426,0.8262517624459695,True,True,False
3.105,0.318646717133772,0.22693596397202434,0.019025669480538188,-0.8043970850829469,0.0,-0.0005920300697437244,0.2936453148739758,0.0,0.3909453300983819,-0.024999999999999994,0.0,0.38999999999999996,1.5,129.97274168897636,0.7939572374570911,True,True,False
3.11,0.3185516438014951,0.22463394216650115,0.019124778965820276,-0.8043970850829469,0.0,-0.0005920300697437244,0.2935502644195762,0.0,0.39093744698657945,-0.024999999999999994,0.0,0.38999999999999996,1.5,129.97500720456924,0.7626047406992229,True,True,False
3.115,0.3184560758078596,0.22229084572384497,0.019221998973814547,-0.8043970850829469,0.0,-0.0005920300697437244,0.29345471904109943,0.0,0.39092959098298447,-0.024999999999999994,0.0,0.38999999999999996,1.5,129.97744645623214,0.7321799467999397,True,True,False
3.12,0.31836002307992256,0.21990648889822648,0.019317033911361452,-0.8043970850829469,0.0,-0.0005920300697437244,0.29335868864818376,0.0,0.39092176876582313,-0.024999999999999994,0.0,0.38999999999999996,1.5,129.98004936036693,0.702668525967789,True,True,False
3.125,0.31826349600521403,0.21748102887526105,0.019409880779819415,-0.8043970850829469,0.0,-0.0005920300697437244,0.2932621836070183,0.0,0.3909139885959112,-0.024999999999999994,0.0,0.38999999999999996,1.5,129.98280600790758,0.6740554882883067,True,True,False
3.13,0.31816650502499394,0.2150143677115779,0.01950055127014163,-0.8043970850829469,0.0,-0.0005920300697437244,0.2931652143405956,0.0,0.39090625792263617,-0.024999999999999994,0.0,0.38999999999999996,1.5,129.98570668095059,0.646325688236673,True,True,False
3.1350000000000002,0.31806906061746093,0.2125060106739269,0.01958906734060729,-0.8043970850829469,0.0,-0.0005920300697437244,0.2930677913135098,0.0,0.3908985827839381,-0.024999999999999994,0.0,0.38999999999999996,1.5,129.98874186655357,0.6194638184633734,True,True,False
3.14,0.3179711732873335,0.20995495587027746,0.019675457300667908,-0.8043970850829469,0.0,-0.0005920300697437244,0.2929699250226856,0.0,0.39089096733450523,-0.024999999999999994,0.0,0.38999999999999996,1.5,129.99190226903127,0.5934544177579516,True,True,False
3.145,0.3178728535590078,0.2073595945420179,0.019759770427604652,-0.8043970850829469,0.0,-0.0005920300697437244,0.2928716259914921,0.0,0.39088341342041905,-0.024999999999999994,0.0,0.38999999999999996,1.5,129.99517882088935,0.5682816671688664,True,True,False
3.15,0.3177741112381644,0.20471436884405778,0.019842805798366607,-0.6338995492955068,0.0,-0.0014884192068376056,0.29277290406731915,0.0,0.3908759074309898,-0.024999999999999994,0.0,0.38999999999999996,1.5,129.95872286359696,0.27716231453181084,True,True,False
3.1550000000000002,0.3176749537979089,0.20200173147810185,0.01992699474634994,-0.6338995492955068,0.0,-0.0014884192068376056,0.29267376700422865,0.0,0.3908683477682204,-0.024999999999999994,0.0,0.38999999999999996,1.5,129.96131059152634,0.2631633533418811,True,True,False
3.16,0.3175753890341295,0.19920336404302702,0.020009897155824203,-0.6338995492955068,0.0,-0.0014884192068376056,0.2925742228830795,0.0,0.3908606279026827,-0.024999999999999994,0.0,0.38999999999999996,1.5,129.96391660934273,0.24969494972714046,True,True,False
3.165,0.31747542713136506,0.19631534958233923,0.020090506162135535,-0.6338995492955068,0.0,-0.0014884192068376056,0.2924742819051789,0.0,0.3908527373767495,-0.024999999999999994,0.0,0.38999999999999996,1.5,129.96653716423452,0.23674946568884003,True,True,False
3.17,0.3173750807357393,0.19333630130291588,0.020168452768737515,-0.6338995492955068,0.0,-0.0014884192068376056,0.2923739567061593,0.0,0.39084467549623036,-0.024999999999999994,0.0,0.38999999999999996,1.5,129.96916865925874,0.22431399727064305,True,True,False
3.1750000000000003,0.31727436910995566,0.19024989362824138,0.020243462936652225,-0.6338995492955068,0.0,-0.0014884192068376056,0.2922732666929887,0.0,0.3908363827353767,-0.024999999999999994,0.0,0.38999999999999996,1.5,129.9718076715574,0.21237928191186828,True,True,False
3.18,0.31717331267152227,0.1870443189526397,0.020314317643930734,-0.6338995492955068,0.0,-0.0014884192068376056,0.2921722323748426,0.0,0.3908278172419655,-0.024999999999999994,0.0,0.38999999999999996,1.5,129.9744508849787,0.20094844111781796,True,True,False
3.185,0.3170719350050767,0.18372626200449815,0.020379641387678237,-0.6338995492955068,0.0,-0.0014884192068376056,0.29207087723588876,0.0,0.39081900960160754,-0.024999999999999994,0.0,0.38999999999999996,1.5,129.9770951198189,0.19000841650654388,True,True,False
3.19,0.31697026003668555,0.18030551473110248,0.02043968392134253,-0.6338995492955068,0.0,-0.0014884192068376056,0.2919692250736285,0.0,0.39081000243672814,-0.024999999999999994,0.0,0.38999999999999996,1.5,129.97973736637925,0.1795454506988885,True,True,False
3.1950000000000003,0.3168683108796702,0.17679039226722584,0.02049463219732569,-0.6338995492955068,0.0,-0.0014884192068376056,0.2918672988920554,0.0,0.39080083243448627,-0.024999999999999994,0.0,0.38999999999999996,1.5,129.98237478205206,0.1695458946661822,True,True,False
3.2,0.31676611014139,0.17318803661633525,0.020544610639792977,-0.4238079326114617,0.0,-0.002276264402962495,0.2917651212048489,0.0,0.3907915315436543,-0.024999999999999994,0.0,0.38999999999999996,1.5,129.92889689705248,0.169979423332294,True,True,False
3.205,0.3166636789823967,0.1695048551883288,0.02059234509431378,-0.4238079326114617,0.0,-0.002276264402962495,0.2916627132387929,0.0,0.39078206835534174,-0.024999999999999994,0.0,0.38999999999999996,1.5,129.93033305412175,0.167202269759063,True,True,False
3.21,0.3165610383158509,0.16574590109762832,0.02063541795213651,-0.4238079326114617,0.0,-0.002276264402962495,0.29156009598786775,0.0,0.3907724038850309,-0.024999999999999994,0.0,0.38999999999999996,1.5,129.93172439102727,0.16431179840172422,True,True,False
3.215,0.3164582107300759,0.16191537480029072,0.02067367059194837,-0.4238079326114617,0.0,-0.002276264402962495,0.29145729198246845,0.0,0.39076255465631393,-0.024999999999999994,0.0,0.38999999999999996,1.5,129.93307195020913,0.1613178538794539,True,True,False
3.22,0.31635521945198325,0.15801742745269706,0.02070711735000624,-0.4238079326114617,0.0,-0.002276264402962495,0.2913543243936423,0.0,0.3907525370121284,-0.024999999999999994,0.0,0.38999999999999996,1.5,129.93437678086934,0.15823045357082405,True,True,False
3.225,0.3162520850055449,0.1540558955015068,0.020736742517610752,-0.4238079326114617,0.0,-0.002276264402962495,0.29125121369423845,0.0,0.3907423659983566,-0.024999999999999994,0.0,0.38999999999999996,1.5,129.9356399398415,0.15506107858658819,True,True,False
3.23,0.3161488248861353,0.15003342237657508,0.02076279879060396,-0.4238079326114617,0.0,-0.002276264402962495,0.2911479773412083,0.0,0.39073205187461457,-0.024999999999999994,0.0,0.38999999999999996,1.5,129.93686248648962,0.1518176264030443,True,True,False
3.235,0.3160454565091043,0.14595167074551244,0.020785297237714564,-0.4238079326114617,0.0,-0.002276264402962495,0.29104463272154335,0.0,0.39072160096515063,-0.024999999999999994,0.0,0.38999999999999996,1.5,129.93804547523777,0.1485069298347393,True,True,False
3.24,0.31594199765890363,0.14181184306526592,0.020804151610174137,-0.4238079326114617,0.0,-0.002276264402962495,0.29094119759622844,0.0,0.39071101769290684,-0.024999999999999994,0.0,0.38999999999999996,1.5,129.9391899528447,0.14513521967925358,True,True,False
3.245,0.315838466770779,0.137615115331784,0.020819195757606292,-0.4238079326114617,0.0,-0.002276264402962495,0.2908376903778646,0.0,0.39070030628485236,-0.024999999999999994,0.0,0.38999999999999996,1.5,129.9402969561546,0.14170817598406898,True,True,False
3.25,0.31573488314984033,0.13336299404266927,0.020830198974607354,-0.2589073960863061,0.0,-0.002724739913635438,0.2907341303466362,0.0,0.39068947218700556,-0.024999999999999994,0.0,0.38999999999999996,1.5,129.89114246262602,0.39787149041207914,True,True,False
3.255,0.3156312675945361,0.12905789066020398,0.02083896081602063,-0.2589073960863061,0.0,-0.002724739913635438,0.29063053838761455,0.0,0.39067846921683863,-0.024999999999999994,0.0,0.38999999999999996,1.5,129.8914100151581,0.38498955751479835,True,True,False
3.2600000000000002,0.3155276417519892,0.12470297001950625,0.020843302039239828,-0.2589073960863061,0.0,-0.002724739913635438,0.29052693622405856,0.0,0.39066725304832833,-0.024999999999999994,0.0,0.38999999999999996,1.5,129.89165278479092,0.37231145321496795,True,True,False
3.265,0.3154240277676769,0.12030189179364216,0.020842912303169918,-0.2589073960863061,0.0,-0.002724739913635438,0.29042334595374186,0.0,0.39065583574947854,-0.024999999999999994,0.0,0.38999999999999996,1.5,129.89187265226334,0.35983889240153444,True,True,False
3.27,0.3153204489573804,0.1158592799649835,0.02083744477682065,-0.2589073960863061,0.0,-0.002724739913635438,0.2903197908380232,0.0,0.39064423330340386,-0.024999999999999994,0.0,0.38999999999999996,1.5,129.89207138500836,0.3475731093300959,True,True,False
3.275,0.3152169297853866,0.11138079302427119,0.020826703041106006,-0.2589073960863061,0.0,-0.002724739913635438,0.2902162952802726,0.0,0.3906324658926393,-0.024999999999999994,0.0,0.38999999999999996,1.5,129.89225064210788,0.3355148708370723,True,True,False
3.2800000000000002,0.31511349271509875,0.1068693387353221,0.02081219724105611,-0.2589073960863061,0.0,-0.002724739913635438,0.2901128817065393,0.0,0.3906205430760066,-0.024999999999999994,0.0,0.38999999999999996,1.5,129.89241197907663,0.32366419178735323,True,True,False
3.285,0.31501015645394054,0.10232267080482334,0.020794342159337544,-0.2589073960863061,0.0,-0.002724739913635438,0.29000956882685947,0.0,0.39060845431396884,-0.024999999999999994,0.0,0.38999999999999996,1.5,129.89255685276012,0.31202159852499345,True,True,False
3.29,0.31490693980265744,0.09773821555077528,0.020773032036884614,-0.2589073960863061,0.0,-0.002724739913635438,0.2899063754451084,0.0,0.3905961878051354,-0.024999999999999994,0.0,0.38999999999999996,1.5,129.8926866262743,0.30058766635421574,True,True,False
3.295,0.31480386206055777,0.0931140188731739,0.020748093361209637,-0.2589073960863061,0.0,-0.002724739913635438,0.2898033208571082,0.0,0.39058373416835096,-0.024999999999999994,0.0,0.38999999999999996,1.5,129.8928025735529,0.2893628286991494,True,True,False
3.3000000000000003,0.31470094310636976,0.08844922789512916,0.0207192926667634,-0.1443303363780687,0.0,-0.0027304788402560294,0.2897004249284924,0.0,0.3905710883162109,-0.024999999999999994,0.0,0.38999999999999996,1.5,129.85762504823884,0.4589371103125347,True,True,False
3.305,0.3145982034268839,0.08374426880118416,0.020688336274442776,-0.1443303363780687,0.0,-0.0027304788402560294,0.2895977081926845,0.0,0.39055821083253883,-0.024999999999999994,0.0,0.38999999999999996,1.5,129.85737032779772,0.44162048511440744,True,True,False
3.31,0.3144956642545614,0.07900161354546203,0.02065293657706418,-0.1443303363780687,0.0,-0.0027304788402560294,0.2894951919085501,0.0,0.3905450700157092,-0.024999999999999994,0.0,0.38999999999999996,1.5,129.85712599764219,0.4246837041882097,True,True,False
3.315,0.31439334756813786,0.07422611086662761,0.02061272733619604,-0.1443303363780687,0.0,-0.0027304788402560294,0.28939289799329504,0.0,0.3905316826849854,-0.024999999999999994,0.0,0.38999999999999996,1.5,129.85689276847492,0.4081248178170981,True,True,False
3.3200000000000003,0.3142912760031151,0.06942477110884636,0.020567323102815067,-0.1443303363780687,0.0,-0.0027304788402560294,0.28929084900886454,0.0,0.39051807427404,-0.024999999999999994,0.0,0.38999999999999996,1.5,129.85667123231585,0.3919414755843476,True,True,False
3.325,0.3141894728532168,0.06460701162955379,0.020516227603935247,-0.1443303363780687,0.0,-0.0027304788402560294,0.2891890681641052,0.0,0.39050427963820833,-0.024999999999999994,0.0,0.38999999999999996,1.5,129.85646185576292,0.3762129817829688,True,True,False
3.33,0.3140879622622618,0.05978591154018095,0.02045911929840532,-0.1443303363780687,0.0,-0.0027304788402560294,0.2890875795037781,0.0,0.39049034632442187,-0.024999999999999994,0.0,0.38999999999999996,1.5,129.85626483198178,0.36115866154092346,True,True,False
3.335,0.31398676775110823,0.05497222923186395,0.02039656624397016,-0.1443303363780687,0.0,-0.0027304788402560294,0.2889864064710889,0.0,0.39047631309088504,-0.024999999999999994,0.0,0.38999999999999996,1.5,129.85608021558605,0.3465830943417035,True,True,False
3.34,0.31388591292377793,0.050175641836870274,0.020328457830812222,-0.1443303363780687,0.0,-0.0027304788402560294,0.28888557260180703,0.0,0.3904622168638212,-0.024999999999999994,0.0,0.38999999999999996,1.5,129.85590819500908,0.3323297470597797,True,True,False
3.345,0.31378542189121156,0.04539573703681782,0.0202564209956964,-0.1443303363780687,0.0,-0.0027304788402560294,0.28878510200137586,0.0,0.3904480551659791,-0.024999999999999994,0.0,0.38999999999999996,1.5,129.85574891939058,0.3184024037842541,True,True,False
3.35,0.31368531877685574,0.040624227175975906,0.0201805674956829,-0.07291627933523726,0.0,-0.002323718142658685,0.2886850188301175,0.0,0.39043379452101634,-0.024999999999999994,0.0,0.38999999999999996,1.5,129.83746541758956,0.41739034768565264,True,True,False
3.355,0.313585627665094,0.035853400778852476,0.02010205745038503,-0.07291627933523726,0.0,-0.002323718142658685,0.28858534722838824,0.0,0.390419382596352,-0.024999999999999994,0.0,0.38999999999999996,1.5,129.83723984660247,0.40006772978233907,True,True,False
3.36,0.3134863721032385,0.031077640901777417,0.02001959404346936,-0.07291627933523726,0.0,-0.002323718142658685,0.2884861107790858,0.0,0.3904047753115371,-0.024999999999999994,0.0,0.38999999999999996,1.5,129.83704350258387,0.383173743325501,True,True,False
3.365,0.31338757473313383,0.026294372634778556,0.019933041362156834,-0.07291627933523726,0.0,-0.002323718142658685,0.2883873321100145,0.0,0.39038996164302436,-0.024999999999999994,0.0,0.38999999999999996,1.5,129.83687579263685,0.36670430789311903,True,True,False
3.37,0.31328925717889206,0.02150427280957359,0.019842221716909376,-0.07291627933523726,0.0,-0.002323718142658685,0.2882890328134441,0.0,0.3903749433540279,-0.024999999999999994,0.0,0.38999999999999996,1.5,129.83673605925816,0.3506549361141825,True,True,False
3.375,0.31319143982362335,0.016711741072251075,0.019746918226440615,-0.07291627933523726,0.0,-0.002323718142658685,0.28819123322369516,0.0,0.39035973686954095,-0.024999999999999994,0.0,0.38999999999999996,1.5,129.8366235883434,0.3350208826511652,True,True,False
3.38,0.31309414161300303,0.011925246408551204,0.01964688348910963,-0.07291627933523726,0.0,-0.002323718142658685,0.2880939522227578,0.0,0.3903443746748102,-0.024999999999999994,0.0,0.38999999999999996,1.5,129.8365376165617,0.3197972253087337,True,True,False
3.3850000000000002,0.3129973798866243,0.00715755035299677,0.019541854885805853,-0.07291627933523726,0.0,-0.002323718142658685,0.2879972070747262,0.0,0.39032890623702793,-0.024999999999999994,0.0,0.38999999999999996,1.5,129.83647733819228,0.3049789066134133,True,True,False
3.39,0.3129011704364673,0.0024253193819806637,0.019431627781417295,-0.07291627933523726,0.0,-0.002323718142658685,0.2879010134900595,0.0,0.3903133965615244,-0.024999999999999994,0.0,0.38999999999999996,1.5,129.836441913927,0.2905571284507345,True,True,False
3.395,0.31280552754007346,0.002251174295084252,0.019315968806013335,-0.07291627933523726,0.0,-0.002323718142658685,0.2878053856637873,0.0,0.39029792507933336,-0.024999999999999994,0.0,0.38999999999999996,1.5,129.83643047936798,0.2765258960423618,True,True,False
3.4,0.3127104633478325,0.006846692637358302,0.0191946730087753,-0.03298549634301118,0.0,-0.001631998030278023,0.2877103356615779,0.0,0.3902825909400176,-0.024999999999999994,0.0,0.38999999999999996,1.5,129.83221025910004,0.3258322348867148,True,True,False
3.4050000000000002,0.31261598765860216,0.01133088574489812,0.019068039029373554,-0.03298549634301118,0.0,-0.001631998030278023,0.28761587320461723,0.0,0.390267507528795,-0.024999999999999994,0.0,0.38999999999999996,1.5,129.83225412181207,0.31030886691736137,True,True,False
3.41,0.31252210804854275,0.015669325967627216,0.018935849817243885,-0.03298549634301118,0.0,-0.001631998030278023,0.28752200579943543,0.0,0.39025280467294343,-0.024999999999999994,0.0,0.38999999999999996,1.5,129.83232860746224,0.29522025944844,True,True,False
3.415,0.31242883012687284,0.01982459774638728,0.018798468263771982,-0.03298549634301118,0.0,-0.001631998030278023,0.28742873899494015,0.0,0.39023863042117374,-0.024999999999999994,0.0,0.38999999999999996,1.5,129.83243239264226,0.2805594687738402,True,True,False
3.42,0.3123361565774463,0.023754435133779794,0.0186562471000506,-0.03298549634301118,0.0,-0.001631998030278023,0.28733607542526834,0.0,0.3902251521977782,-0.024999999999999994,0.0,0.38999999999999996,1.5,129.8325641481276,0.26631644310529595,True,True,False
3.4250000000000003,0.3122440782917791,0.027390662884701673,0.0185097824868421,-0.03298549634301118,0.0,-0.001631998030278023,0.28724400588712007,0.0,0.39021264018150864,-0.024999999999999994,0.0,0.38999999999999996,1.5,129.83272255977838,0.2524727280594789,True,True,False
3.43,0.3121525806844461,0.030656259998508573,0.018361764113476873,-0.03298549634301118,0.0,-0.001631998030278023,0.2871525157132955,0.0,0.3902013996535561,-0.024999999999999994,0.0,0.38999999999999996,1.5,129.8329063269413,0.23902147421598333,True,True,False
3.435,0.3120616515507108,0.03348548375261987,0.018215125088810957,-0.03298549634301118,0.0,-0.001631998030278023,0.2870615926752885,0.0,0.3901916912088609,-0.024999999999999994,0.0,0.38999999999999996,1.5,129.83311414990885,0.22596139234542184,True,True,False
3.44,0.311971281049957,0.03582423011696046,0.018072721867185473,-0.03298549634301118,0.0,-0.001631998030278023,0.28697122694821114,0.0,0.3901837290914387,-0.024999999999999994,0.0,0.38999999999999996,1.5,129.83334471168342,0.21330323462037531,True,True,False
3.4450000000000003,0.3118814607803237,0.037628081433375295,0.017937218614876668,-0.03298549634301118,0.0,-0.001631998030278023,0.28688141016267893,0.0,0.39017768907515893,-0.024999999999999994,0.0,0.38999999999999996,1.5,129.83359669106878,0.20104024783615662,True,True,False
3.45,0.31179218213428245,0.03885852858246126,0.01781119025731101,-0.01570304601681699,0.0,-0.0008004972973476999,0.2867921337367831,0.0,0.3901737236931285,-0.024999999999999994,0.0,0.38999999999999996,1.5,129.8392151618764,0.21640794965831442,True,True,False
3.455,0.3117034355686769,0.0394814376082781,0.01769715121083591,-0.01570304601681699,0.0,-0.0008004972973476999,0.28670338812840296,0.0,0.390171972644646,-0.024999999999999994,0.0,0.38999999999999996,1.5,129.8395312124895,0.20392833973780763,True,True,False
3.46,0.31161521020119937,0.03946634284981805,0.01759762314423711,-0.01570304601681699,0.0,-0.0008004972973476999,0.28661516242201013,0.0,0.3901725614148266,-0.024999999999999994,0.0,0.38999999999999996,1.5,129.83986847162177,0.19184535361641045,True,True,False
3.465,0.3115274935471236,0.03878606737511836,0.017514945879914687,-0.01570304601681699,0.0,-0.0008004972973476999,0.2865274440573878,0.0,0.3901755984746503,-0.024999999999999994,0.0,0.38999999999999996,1.5,129.84022552465848,0.1801511097742971,True,True,False
3.47,0.3114402712122866,0.03741619112052645,0.01745133444080869,-0.01570304601681699,0.0,-0.0008004972973476999,0.28644021851070467,0.0,0.3901811816413255,-0.024999999999999994,0.0,0.38999999999999996,1.5,129.8406009868907,0.1688378711120222,True,True,False
3.475,0.3113535267089655,0.03533481845223336,0.017408842274191243,-0.01570304601681699,0.0,-0.0008004972973476999,0.28635346910243714,0.0,0.39018939901855276,-0.024999999999999994,0.0,0.38999999999999996,1.5,129.84099350543534,0.15789802518433593,True,True,False
3.48,0.31126724132003175,0.03252244548172208,0.017389319351337106,-0.01570304601681699,0.0,-0.0008004972973476999,0.28626717685463987,0.0,0.3902003295415402,-0.024999999999999994,0.0,0.38999999999999996,1.5,129.84140176092927,0.14732407027222974,True,True,False
3.485,0.311181393998801,0.02896189424650323,0.017394368678440117,-0.01570304601681699,0.0,-0.0008004972973476999,0.2861813203849515,0.0,0.39021404325543896,-0.024999999999999994,0.0,0.38999999999999996,1.5,129.84182446900428,0.13710860553591425,True,True,False
3.49,0.3110959612958357,0.024638291048105405,0.017425304703022327,-0.01570304601681699,0.0,-0.0008004972973476999,0.28609587582860413,0.0,0.39023060141773724,-0.024999999999999994,0.0,0.38999999999999996,1.5,129.84226038155174,0.12724432396059857,True,True,False
3.495,0.31101091730659103,0.01953907264802919,0.017483116876471187,-0.01570304601681699,0.0,-0.0008004972973476999,0.2860108167823744,0.0,0.3902500564886747,-0.024999999999999994,0.0,0.38999999999999996,1.5,129.84270828778702,0.11772400716934961,True,True,False
3.5,0.31092623363563165,0.013654008509525735,0.017568441205764833,-0.012382842232716296,0.0,3.454158271139359e-05,0.28592611426626263,0.0,0.39027245205523875,-0.024999999999999994,0.0,0.38999999999999996,1.5,129.8531922229896,0.113775320672024,True,True,False
3.505,0.3108418790187005,0.006976181698891296,0.01768131858618283,-0.012382842232716296,0.0,3.454158271139359e-05,0.28584173633884147,0.0,0.39029782835755644,-0.024999999999999994,0.0,0.38999999999999996,1.5,129.85366817922875,0.10473289340725167,True,True,False
3.5100000000000002,0.3107578030272731,0.00045028931879575746,0.017802407957938585,-0.012382842232716296,0.0,3.454158271139359e-05,0.28575763200439164,0.0,0.3903260266255838,-0.024999999999999994,0.0,0.38999999999999996,1.5,129.85415329102895,0.09602002021449799,True,True,False
3.515,0.3106739387697077,0.008525877258101798,0.01792581846508002,-0.012382842232716296,0.0,3.454158271139359e-05,0.2856737340403124,0.0,0.39035666249220624,-0.024999999999999994,0.0,0.38999999999999996,1.5,129.8546464690237,0.08762591062945463,True,True,False
3.52,0.31059024035417904,0.017190578722129108,0.018055587566540795,-0.012382842232716296,0.0,3.454158271139359e-05,0.2855899961179158,0.0,0.39038950576341824,-0.024999999999999994,0.0,0.38999999999999996,1.5,129.85514666706243,0.07954504183398764,True,True,False
3.525,0.3105066685279681,0.0264111220573568,0.01819411413216536,-0.012382842232716296,0.0,3.454158271139359e-05,0.28550637845110144,0.0,0.39042443081749223,-0.024999999999999994,0.0,0.38999999999999996,1.5,129.85565287887556,0.07176984806478393,True,True,False
3.5300000000000002,0.31042318198826924,0.03617112009500785,0.01834736913324229,-0.012382842232716296,0.0,3.454158271139359e-05,0.2854228391174016,0.0,0.39046137838470824,-0.024999999999999994,0.0,0.38999999999999996,1.5,129.85616413806517,0.06429556762747635,True,True,False
3.535,0.31033973740444515,0.04647074323669711,0.018517279761475845,-0.012382842232716296,0.0,3.454158271139359e-05,0.2853393340488664,0.0,0.3905003542406087,-0.024999999999999994,0.0,0.38999999999999996,1.5,129.85667951730153,0.05711512201961011,True,True,False
3.54,0.3102562896577509,0.05731120945704761,0.018703654084935562,-0.012382842232716296,0.0,3.454158271139359e-05,0.285255817338584,0.0,0.39054136841563647,-0.024999999999999994,0.0,0.38999999999999996,1.5,129.85719812972067,0.050222495237267295,True,True,False
3.545,0.31017279158293315,0.06869288674428743,0.018906167980479796,-0.012382842232716296,0.0,3.454158271139359e-05,0.2851722409928965,0.0,0.3905844277493264,-0.024999999999999994,0.0,0.38999999999999996,1.5,129.8577191277047,0.04361169717484009,True,True,False
3.5500000000000003,0.310089194020626,0.08061516597984066,0.019124371580601394,-0.015740620402969085,0.0,0.0007995824241300701,0.2850885549864208,0.0,0.3906295353802399,-0.024999999999999994,0.0,0.38999999999999996,1.5,129.86932630068432,0.031986549093887595,True,True,False
3.555,0.3100054458605271,0.09307638980772637,0.01935983816334373,-0.015740620402969085,0.0,0.0007995824241300701,0.28500470728513727,0.0,0.39067670099788426,-0.024999999999999994,0.0,0.38999999999999996,1.5,129.86984067754756,0.026111936757243492,True,True,False
3.56,0.30992149410062747,0.10607372900766353,0.01960987944401617,-0.015740620402969085,0.0,0.0007995824241300701,0.2849206439260369,0.0,0.39072592977340326,-0.024999999999999994,0.0,0.38999999999999996,1.5,129.87035470414295,0.020496048340886197,True,True,False
3.565,0.30983728390435883,0.11960306658923282,0.01987371722779419,-0.015740620402969085,0.0,0.0007995824241300701,0.2848363091049089,0.0,0.39077721134681476,-0.024999999999999994,0.0,0.38999999999999996,1.5,129.87086771966867,0.015132776488062605,True,True,False
3.5700000000000003,0.3097527586431672,0.13365896978578565,0.020150491668175067,-0.015740620402969085,0.0,0.0007995824241300701,0.284751645203936,0.0,0.3908305302566289,-0.024999999999999994,0.0,0.38999999999999996,1.5,129.8713791000987,0.01001594964570729,True,True,False
3.575,0.30966785994908946,0.14823463857821487,0.02043927436311098,-0.015740620402969085,0.0,0.0007995824241300701,0.2846665928500933,0.0,0.3908858657140878,-0.024999999999999994,0.0,0.38999999999999996,1.5,129.8718882576468,0.005139336210460976,True,True,False
3.58,0.30958252776999623,0.16332186323641643,0.020739081276454754,-0.015740620402969085,0.0,0.0007995824241300701,0.2845810909768576,0.0,0.3909431914116967,-0.024999999999999994,0.0,0.38999999999999996,1.5,129.87239464015576,0.0004966554319801864,True,True,False
3.585,0.3094967004282653,0.17891098918636197,0.021048885322518633,-0.015740620402969085,0.0,0.0007995824241300701,0.28449507688998155,0.0,0.3910024753601937,-0.024999999999999994,0.0,0.38999999999999996,1.5,129.87289773040524,0.003918405971455652,True,True,False
3.59,0.3094103146834629,0.1949908880551931,0.02136762858183723,-0.015740620402969085,0.0,0.0007995824241300701,0.28440848633789767,0.0,0.39106367974999756,-0.024999999999999994,0.0,0.38999999999999996,1.5,129.87339704533989,0.008112172691760955,True,True,False
3.595,0.30932330579937656,0.21154893432562275,0.021694234216702656,-0.015740620402969085,0.0,0.0007995824241300701,0.2843212535870671,0.0,0.39112676083530096,-0.024999999999999994,0.0,0.38999999999999996,1.5,129.8738921352172,0.012090956495185934,True,True,False
3.6,0.3092356076155063,0.22857098765065587,0.022027618220024497,-0.020665523713969125,0.0,0.001471496074184773,0.2842333115023424,0.0,0.3911916688410277,-0.024999999999999994,0.0,0.38999999999999996,1.5,129.88454767674267,0.0236205700681702,True,True,False
3.605,0.30914715261051406,0.24604141120134468,0.022369083106668998,-0.020665523713969125,0.0,0.001471496074184773,0.2841445915799441,0.0,0.3912583576828598,-0.024999999999999994,0.0,0.38999999999999996,1.5,129.8850192048446,0.026908468816167264,True,True,False
3.61,0.3090578719968184,0.2639430426821408,0.02271522622325776,-0.020665523713969125,0.0,0.001471496074184773,0.2840550240830285,0.0,0.39132677512806424,-0.024999999999999994,0.0,0.38999999999999996,1.5,129.8854849116366,0.03000729132889901,True,True,False
3.615,0.3089676958159587,0.28225716373422494,0.023065000976114365,-0.020665523713969125,0.0,0.001471496074184773,0.2839645381909447,0.0,0.3913968529912034,-0.024999999999999994,0.0,0.38999999999999996,1.5,129.88594451191196,0.03292296150151974,True,True,False
3.62,0.3088765530117519,0.30096353994519065,0.02341740165802436,-0.020665523713969125,0.0,0.001471496074184773,0.28387306204709617,0.0,0.39146851696354945,-0.024999999999999994,0.0,0.38999999999999996,1.5,129.88639774704262,0.03566125513217372,True,True,False
3.625,0.30878437151858473,0.3200404463845434,0.02377147650425845,-0.020665523713969125,0.0,0.001471496074184773,0.28378052285770206,0.0,0.3915416866904374,-0.024999999999999994,0.0,0.38999999999999996,1.5,129.88684438380008,0.03822778097143281,True,True,False
3.63,0.30869107835077997,0.33946470661644484,0.024126340909911146,-0.020665523713969125,0.0,0.001471496074184773,0.28368684699154056,0.0,0.3916162759011341,-0.024999999999999994,0.0,0.38999999999999996,1.5,129.88728421316594,0.04062796525416487,True,True,False
3.6350000000000002,0.30859659969225584,0.359211746225227,0.02448119058396977,-0.020665523713969125,0.0,0.001471496074184773,0.2835919600797168,0.0,0.3916921925956784,-0.024999999999999994,0.0,0.38999999999999996,1.5,129.8877170491429,0.04286703992484672,True,True,False
3.64,0.30850086098578,0.3792556615491545,0.024835314345867308,-0.020665523713969125,0.0,0.001471496074184773,0.28349578711457124,0.0,0.39176933929156693,-0.024999999999999994,0.0,0.38999999999999996,1.5,129.8881427275754,0.04495003459751909,True,True,False
3.645,0.3084037870212069,0.39956930385530165,0.025188106218878806,-0.020665523713969125,0.0,0.001471496074184773,0.28339825254692863,0.0,0.39184761333151397,-0.024999999999999994,0.0,0.38999999999999996,1.5,129.88856110498872,0.046881772145017125,True,True,False
3.65,0.30830530202222844,0.4201243785828306,0.025539076445595724,-0.02426221531992767,0.0,0.0020462539008782267,0.28329928038103125,0.0,0.39192690725146667,-0.024999999999999994,0.0,0.38999999999999996,1.5,129.89740941119294,0.05433293910269926,True,True,False
3.6550000000000002,0.3082053297164086,0.4408915767913656,0.02588989069120267,-0.02426221531992767,0.0,0.0020462539008782267,0.28319879419925925,0.0,0.39200711726683557,-0.024999999999999994,0.0,0.38999999999999996,1.5,129.8978029890019,0.05577154621967312,True,True,False
3.66,0.30810379343625993,0.4618406868579005,0.026238271015290818,-0.02426221531992767,0.0,0.0020462539008782267,0.2830967173132296,0.0,0.39208813568174994,-0.024999999999999994,0.0,0.38999999999999996,1.5,129.89818873533918,0.05707747084251383,True,True,False
3.665,0.30800061621393093,0.482940710963157,0.02658411725030325,-0.02426221531992767,0.0,0.0020462539008782267,0.2829929729198663,0.0,0.39216984334542704,-0.024999999999999994,0.0,0.38999999999999996,1.5,129.89856660371655,0.058254674556936975,True,True,False
3.67,0.30789572084403116,0.5041600270923772,0.0269274714558617,-0.02426221531992767,0.0,0.0020462539008782267,0.2828874841193084,0.0,0.39225211828023265,-0.024999999999999994,0.0,0.38999999999999996,1.5,129.8989365619393,0.0593069280769109,True,True,False
3.6750000000000003,0.30778902996089685,0.5254665422202499,0.02726851879597647,-0.02426221531992767,0.0,0.0020462539008782267,0.28278017399412175,0.0,0.392334836272209,-0.024999999999999994,0.0,0.38999999999999996,1.5,129.89929859118052,0.060237822032483096,True,True,False
3.68,0.3076804661142826,0.5468278499134032,0.02760758573018373,-0.02426221531992767,0.0,0.0020462539008782267,0.28267096568542016,0.0,0.39241787148194385,-0.024999999999999994,0.0,0.38999999999999996,1.5,129.8996526851027,0.061050778786143345,True,True,False
3.685,0.30756995184384767,0.5682113895951667,0.02794513549361269,-0.02426221531992767,0.0,0.0020462539008782267,0.28255978246626706,0.0,0.3925010970651463,-0.024999999999999994,0.0,0.38999999999999996,1.5,129.89999884902608,0.06174906485579498,True,True,False
3.69,0.30745740975286934,0.5895846047147698,0.028281760936492113,-0.02426221531992767,0.0,0.0020462539008782267,0.2824465478128208,0.0,0.39258438579216043,-0.024999999999999994,0.0,0.38999999999999996,1.5,129.90033709914286,0.06233580356648302,True,True,False
3.6950000000000003,0.30734276258161786,0.6109150971939138,0.02861817488545495,-0.02426221531992767,0.0,0.0020462539008782267,0.2823311854737309,0.0,0.3926676106559967,-0.024999999999999994,0.0,0.38999999999999996,1.5,129.90066746177556,0.06281398760450171,True,True,False
3.7,0.3072259332808276,0.6321707756702412,0.028955198272722485,-0.02689381328302931,0.0,0.0025132288043380937,0.2822136195383167,0.0,0.39275064545914123,-0.024999999999999994,0.0,0.38999999999999996,1.5,129.90770946013444,0.06733170143450365,True,True,False
3.705,0.3071068450707906,0.6533200017076204,0.029295205914014667,-0.02689381328302931,0.0,0.0025132288043380937,0.28209377443043415,0.0,0.3928333717377359,-0.024999999999999994,0.0,0.38999999999999996,1.5,129.90801753212207,0.06745182947390482,True,True,False
3.71,0.3069854215338897,0.6743317153068916,0.029637682501696603,-0.02689381328302931,0.0,0.0025132288043380937,0.28197157504536086,0.0,0.39291567290866175,-0.024999999999999994,0.0,0.38999999999999996,1.5,129.90831775114324,0.06747562418498107,True,True,False
3.715,0.3068615867040842,0.6951755442949726,0.029983679213567566,-0.02689381328302931,0.0,0.0025132288043380937,0.2818469468932261,0.0,0.39299742837343576,-0.024999999999999994,0.0,0.38999999999999996,1.5,129.9086101928408,0.06740563196795019,True,True,False
3.72,0.30673526512787164,0.7158219140549905,0.03033429279318331,-0.02689381328302931,0.0,0.0025132288043380937,0.28171981609561014,0.0,0.39307852031677504,-0.024999999999999994,0.0,0.38999999999999996,1.5,129.908894939119,0.06724431789595489,True,True,False
3.725,0.30660638194259265,0.7362421393780225,0.030690648361343442,-0.02689381328302931,0.0,0.0025132288043380937,0.281590109454224,0.0,0.39315883408458596,-0.024999999999999994,0.0,0.38999999999999996,1.5,129.90917207762877,0.06699407412282413,True,True,False
3.73,0.3064748629557936,0.7564085031104911,0.031053882385493073,-0.02689381328302931,0.0,0.0025132288043380937,0.281457754520231,0.0,0.39323825851197347,-0.024999999999999994,0.0,0.38999999999999996,1.5,129.90944170128063,0.06665722732443663,True,True,False
3.735,0.30634063472546336,0.7762943217802469,0.03142512619098643,-0.02689381328302931,0.0,0.0025132288043380937,0.28132267966417196,0.0,0.393316686201752,-0.024999999999999994,0.0,0.38999999999999996,1.5,129.9097039077844,0.06623604515691497,True,True,False
3.74,0.3062036246408787,0.7958739986946367,0.03180549035805876,-0.02689381328302931,0.0,0.0025132288043380937,0.28118481414636015,0.0,0.39339401375528515,-0.024999999999999994,0.0,0.38999999999999996,1.5,129.90995879921164,0.06573274173484042,True,True,False
3.745,0.3060637610036993,0.815123065353825,0.03219605029765112,-0.02689381328302931,0.0,0.0025132288043380937,0.28104408818749715,0.0,0.3934701419586237,-0.024999999999999994,0.0,0.38999999999999996,1.5,129.9102064815814,0.06514948214995184,True,True,False
3.75,0.3059209731088971,0.8340182121855003,0.032597833240955394,-0.030417047246249496,0.0,0.002846341025756464,0.280900433039192,0.0,0.3935449759278922,-0.024999999999999994,0.0,0.38999999999999996,1.5,129.91549329425482,0.0700390098016632,True,True,False
3.755,0.3057751913123653,0.8525373081913749,0.03301266531543935,-0.030417047246249496,0.0,0.002846341025756464,0.28075378098533127,0.0,0.39361842994787494,-0.024999999999999994,0.0,0.38999999999999996,1.5,129.91571904969618,0.06910198957666386,True,True,False
3.7600000000000002,0.30562634712373754,0.8706594197722791,0.03344053157471016,-0.030417047246249496,0.0,0.002846341025756464,0.28060406547625283,0.0,0.3936904228193338,-0.024999999999999994,0.0,0.38999999999999996,1.5,129.91593786198663,0.06809648173322858,True,True,False
3.765,0.3054743732962876,0.8883648154655874,0.03388225062370139,-0.030417047246249496,0.0,0.002846341025756464,0.28045122126736793,0.0,0.39376087317429564,-0.024999999999999994,0.0,0.38999999999999996,1.5,129.9161498659974,0.06702443053887325,True,True,False
3.77,0.3053192038892653,0.9056349626071712,0.03433855775733613,-0.030417047246249496,0.0,0.002846341025756464,0.28029518441833534,0.0,0.3938297042378429,-0.024999999999999994,0.0,0.38999999999999996,1.5,129.91635519783026,0.06588773533295206,True,True,False
3.775,0.30516077434037664,0.9224525246819765,0.03481010055906145,-0.030417047246249496,0.0,0.002846341025756464,0.28013589235628306,0.0,0.39389684384510604,-0.024999999999999994,0.0,0.38999999999999996,1.5,129.91655399452512,0.06468825093078323,True,True,False
3.7800000000000002,0.3049990215348159,0.93880135657035,0.03529743603645898,-0.030417047246249496,0.0,0.002846341025756464,0.27997328393582943,0.0,0.39396222444985407,-0.024999999999999994,0.0,0.38999999999999996,1.5,129.91674639378257,0.06342778758882328,True,True,False
3.785,0.3048338838703596,0.9546664988397843,0.035801029155100424,-0.030417047246249496,0.0,0.002846341025756464,0.2798072994954118,0.0,0.39402578312906433,-0.024999999999999994,0.0,0.38999999999999996,1.5,129.91693253369945,0.062108110594548405,True,True,False
3.79,0.3046653013181169,0.9700341720630797,0.036321252615958644,-0.030417047246249496,0.0,0.002846341025756464,0.2796378809095051,0.0,0.3940874615869999,-0.024999999999999994,0.0,0.38999999999999996,1.5,129.91711255251838,0.06073093955250011,True,True,False
3.795,0.30449321547857333,0.9848917719489102,0.03685838771494162,-0.030417047246249496,0.0,0.002846341025756464,0.2794649716363664,0.0,0.39414720616168064,-0.024999999999999994,0.0,0.38999999999999996,1.5,129.91728658838903,0.05929794744663833,True,True,False
3.8000000000000003,0.3043175696326472,0.9992278658571534,0.0374126261242456,-0.03609176347809395,0.0,0.0030272354686997818,0.27928851676102007,0.0,0.3942049678357246,-0.024999999999999994,0.0,0.38999999999999996,1.5,129.9207582711239,0.06675231943931781,True,True,False
3.805,0.30413830877923353,1.0130321857145994,0.03798443870592443,-0.03609176347809395,0.0,0.0030272354686997818,0.27910846298282077,0.0,0.3942607052607205,-0.024999999999999994,0.0,0.38999999999999996,1.5,129.9209101056622,0.06489006687735097,True,True,False
3.81,0.3039553796825452,1.0262956406637578,0.03857344446161172,-0.03609176347809395,0.0,0.0030272354686997818,0.2789247586950745,0.0,0.3943143817750565,-0.024999999999999994,0.0,0.38999999999999996,1.5,129.92105633417654,0.06298515820558798,True,True,False
3.815,0.3037687309169711,1.0390103184815829,0.03917958345732916,-0.03609176347809395,0.0,0.0030272354686997818,0.2787373540662064,0.0,0.3943659624101888,-0.024999999999999994,0.0,0.38999999999999996,1.5,129.92119711336053,0.0610389850858591,True,True,False
3.8200000000000003,0.30357831288982284,1.051169478817392,0.03980271973838232,-0.03609176347809395,0.0,0.0030272354686997818,0.2785462010145924,0.0,0.39441541692707044,-0.024999999999999994,0.0,0.38999999999999996,1.5,129.92133259748294,0.059052878560475086,True,True,False
3.825,0.3033840778658362,1.0627675582213236,0.04044264589441141,-0.03609176347809395,0.0,0.0030272354686997818,0.2783512532263999,0.0,0.39446271985187986,-0.024999999999999994,0.0,0.38999999999999996,1.5,129.92146293826238,0.05702810961534828,True,True,False
3.83,0.3031859799861442,1.0738001768090844,0.04109908780191214,-0.03609176347809395,0.0,0.0030272354686997818,0.27815246616823586,0.0,0.39450785051607035,-0.024999999999999994,0.0,0.38999999999999996,1.5,129.92158828475237,0.05496589028456593,True,True,False
3.835,0.3029839758416399,1.0842636587203018,0.0417713881339559,-0.03609176347809395,0.0,0.0030272354686997818,0.2779497976831687,0.0,0.3945507911987469,-0.024999999999999994,0.0,0.38999999999999996,1.5,129.92170878319178,0.05286711010568433,True,True,False
3.84,0.30277803346994037,1.094177728216504,0.042463215569008256,-0.03609176347809395,0.0,0.0030272354686997818,0.27774321562895155,0.0,0.39459161655264,-0.024999999999999994,0.0,0.38999999999999996,1.5,129.92182457683995,0.0507340636797681,True,True,False
3.845,0.3025681395650712,1.1035960021012563,0.04317111463363125,-0.03609176347809395,0.0,0.0030272354686997818,0.2775327043888178,0.0,0.3946305350723912,-0.024999999999999994,0.0,0.38999999999999996,1.5,129.92193580887292,0.04857275352575678,True,True,False
3.85,0.30235428357432836,1.1125628448103266,0.043892444085797094,-0.04445040756971941,0.0,0.003065047629421584,0.27731825150656336,0.0,0.3946677191174818,-0.024999999999999994,0.0,0.38999999999999996,1.5,129.92374099715596,0.059553452455183856,True,True,False
3.855,0.30213645210031675,1.1211104549676558,0.044624125063348015,-0.04445040756971941,0.0,0.003065047629421584,0.27709984228224116,0.0,0.3947032946762882,-0.024999999999999994,0.0,0.38999999999999996,1.5,129.92383106666284,0.05683915684760167,True,True,False
3.86,0.3019146241877799,1.1292394632885736,0.04536429738497186,-0.04445040756971941,0.0,0.003065047629421584,0.2768774563168898,0.0,0.3947372635658889,-0.024999999999999994,0.0,0.38999999999999996,1.5,129.92391701676928,0.054071597551706305,True,True,False
3.865,0.30168876718122445,1.1369482669149635,0.04611576937426216,-0.04445040756971941,0.0,0.003065047629421584,0.27665106165106346,0.0,0.3947696171872981,-0.024999999999999994,0.0,0.38999999999999996,1.5,129.92399898361776,0.051264901154247866,True,True,False
3.87,0.30145884776727666,1.1442400673340376,0.04687774544574299,-0.04445040756971941,0.0,0.003065047629421584,0.27642062534656486,0.0,0.39480036590895307,-0.024999999999999994,0.0,0.38999999999999996,1.5,129.92407710482388,0.048426302835177334,True,True,False
3.875,0.3012248348049809,1.1511169441925082,0.04764950718592094,-0.04445040756971941,0.0,0.003065047629421584,0.27618611667845594,0.0,0.39482951585974646,-0.024999999999999994,0.0,0.38999999999999996,1.5,129.92415151677923,0.04556110812027729,True,True,False
3.88,0.3009866992068384,1.1575802030126963,0.048430417616867234,-0.04445040756971941,0.0,0.003065047629421584,0.27594750699689385,0.0,0.39485707028797445,-0.024999999999999994,0.0,0.38999999999999996,1.5,129.92422235355082,0.04267329481465813,True,True,False
3.8850000000000002,0.3007444138429744,1.1636306552861664,0.04921990331008212,-0.04445040756971941,0.0,0.003065047629421584,0.2757047696152934,0.0,0.39488303065396974,-0.024999999999999994,0.0,0.38999999999999996,1.5,129.9242897461488,0.03976591444703148,True,True,False
3.89,0.30049795345645874,1.1692688611533384,0.050017440751085204,-0.04445040756971941,0.0,0.003065047629421584,0.27545787971123725,0.0,0.3949073975738382,-0.024999999999999994,0.0,0.38999999999999996,1.5,129.92435382205,0.03684137906310132,True,True,False
3.895,0.3002472945862666,1.1744953438581098,0.050822545808680133,-0.04445040756971941,0.0,0.003065047629421584,0.27520681423623544,0.0,0.3949301716504413,-0.024999999999999994,0.0,0.38999999999999996,1.5,129.9244147049015,0.03390166643732316,True,True,False
3.9,0.29999241549532735,1.179310782357837,0.051634765479164874,-0.055505053787727854,0.0,0.002986974557386209,0.27495155183152037,0.0,0.39495135421716876,-0.024999999999999994,0.0,0.38999999999999996,1.5,129.92488112819953,0.048369655568731476,True,True,False
3.9050000000000002,0.29973329615532224,1.1837160635752582,0.05245363313344768,-0.055505053787727854,0.0,0.002986974557386209,0.27469207280896163,0.0,0.394970947555764,-0.024999999999999994,0.0,0.38999999999999996,1.5,129.92492416687878,0.0447789776700335,True,True,False
3.91,0.2994699181603289,1.187712503112286,0.05327873398780422,-0.055505053787727854,0.0,0.002986974557386209,0.2744283590512436,0.0,0.3949889556856816,-0.024999999999999994,0.0,0.38999999999999996,1.5,129.92496457320976,0.041194899994243125,True,True,False
3.915,0.29920226492529856,1.1913013970386768,0.05410953573268867,-0.055505053787727854,0.0,0.002986974557386209,0.2741603942398371,0.0,0.39500538257217194,-0.024999999999999994,0.0,0.38999999999999996,1.5,129.92500247245565,0.03762200886153589,True,True,False
3.92,0.2989303214686714,1.1944845911496602,0.054945723272688936,-0.055505053787727854,0.0,0.002986974557386209,0.2738881635998827,0.0,0.39502023438227496,-0.024999999999999994,0.0,0.38999999999999996,1.5,129.92503798445728,0.03406154909941394,True,True,False
3.9250000000000003,0.2986540740149729,1.1972653955712433,0.05578700567855046,-0.055505053787727854,0.0,0.002986974557386209,0.27361165344179855,0.0,0.39503352306999184,-0.024999999999999994,0.0,0.38999999999999996,1.5,129.92507122302902,0.030514282279632696,True,True,False
3.93,0.2983735098949613,1.1996487549575987,0.056633093228704585,-0.055505053787727854,0.0,0.002986974557386209,0.2733308510488567,0.0,0.3950452670398569,-0.024999999999999994,0.0,0.38999999999999996,1.5,129.92510229608865,0.026980854645366037,True,True,False
3.935,0.2980886174609209,1.2016413607049408,0.0574836930301766,-0.055505053787727854,0.0,0.002986974557386209,0.2730457445839283,0.0,0.39505549158589226,-0.024999999999999994,0.0,0.38999999999999996,1.5,129.92513130582356,0.023461842912633868,True,True,False
3.94,0.2977993860128946,1.2032517157033205,0.05833850609673095,-0.055505053787727854,0.0,0.002986974557386209,0.2727563230106393,0.0,0.3950642291457679,-0.024999999999999994,0.0,0.38999999999999996,1.5,129.92515834887035,0.019957791339298682,True,True,False
3.9450000000000003,0.2975058057363336,1.2044901515581117,0.05919722593034376,-0.055505053787727854,0.0,0.002986974557386209,0.27246257602952473,0.0,0.39507151936842366,-0.024999999999999994,0.0,0.38999999999999996,1.5,129.92518351650574,0.016469242387783065,True,True,False
3.95,0.2972078676510401,1.2053688000792833,0.06005953852692324,-0.06546807799087317,0.0,0.002816931831716001,0.2721644940290065,0.0,0.39507740900093224,-0.024999999999999994,0.0,0.38999999999999996,1.5,129.92417009073225,0.028698848695662395,True,True,False
3.955,0.29690556356025455,1.2059015588574693,0.060925112304822435,-0.06546807799087317,0.0,0.002816931831716001,0.27186206806103563,0.0,0.39508195036943405,-0.024999999999999994,0.0,0.38999999999999996,1.5,129.9241854570592,0.024678382204389566,True,True,False
3.96,0.29659888604218865,1.206103914043886,0.061793633669083706,-0.06546807799087317,0.0,0.002816931831716001,0.27155528982250865,0.0,0.3950852020368036,-0.024999999999999994,0.0,0.38999999999999996,1.5,129.92419946205212,0.020689857425584907,True,True,False
3.9650000000000003,0.296287828434415,1.2059927753415869,0.06266477702815919,-0.06546807799087317,0.0,0.002816931831716001,0.2712441516282403,0.0,0.3950872295451981,-0.024999999999999994,0.0,0.38999999999999996,1.5,129.92421218218067,0.016733848077078048,True,True,False
3.97,0.2959723848002149,1.2055863659748094,0.0635382196065813,-0.06546807799087317,0.0,0.002816931831716001,0.27092864641002995,0.0,0.39508810360094815,-0.024999999999999994,0.0,0.38999999999999996,1.5,129.92422368822494,0.012811011443127684,True,True,False
3.975,0.2956525499158112,1.2049040408126104,0.06441364491672628,-0.06546807799087317,0.0,0.002816931831716001,0.2706087677183002,0.0,0.3950878993493606,-0.024999999999999994,0.0,0.38999999999999996,1.5,129.92423404555797,0.00892208992690191,True,True,False
3.98,0.29532831926094455,1.2039660906688385,0.06529074618694831,-0.06546807799087317,0.0,0.002816931831716001,0.27028450972819607,0.0,0.39508669559471044,-0.024999999999999994,0.0,0.38999999999999996,1.5,129.92424331441993,0.005067910492231764,True,True,False
3.985,0.2949996890110424,1.2027935391699107,0.06616922954723808,-0.06546807799087317,0.0,0.002816931831716001,0.2699558672478615,0.0,0.39508457399136093,-0.024999999999999994,0.0,0.38999999999999996,1.5,129.92425155018566,0.0012493817371493077,True,True,False
3.99,0.2946666560292946,1.2014079382569565,0.06704881682756943,-0.06546807799087317,0.0,0.002816931831716001,0.26962283572670454,0.0,0.39508161823063,-0.024999999999999994,0.0,0.38999999999999996,1.5,129.9242588036236,0.0025325113949402414,True,True,False
3.995,0.2943292178571142,1.1998311678437075,0.06792924787800081,-0.06546807799087317,0.0,0.002816931831716001,0.2692854112616695,0.0,0.39507791324567715,-0.024999999999999994,0.0,0.38999999999999996,1.5,129.9242651211478,0.006276715076882763,True,True,False
4.0,0.2939873727016426,1.198085244494964,0.0688102823691182,-0.07206813197877959,0.0,0.002573067183857489,0.2689435905997765,0.0,0.3950735444538812,-0.024999999999999994,0.0,0.38999999999999996,1.5,129.92181795476597,0.00042154128369005506,True,True,False
4.005,0.2936411194186561,1.1961921663180426,0.06969169858174055,-0.07206813197877959,0.0,0.002573067183857489,0.26859737117875315,0.0,0.395068594515927,-0.024999999999999994,0.0,0.38999999999999996,1.5,129.9218211008262,0.003617967272673172,True,True,False
4.01,0.2932904574994134,1.1941737064805726,0.07057330140196384,-0.07206813197877959,0.0,0.002573067183857489,0.2682467510842267,0.0,0.3950631451451449,-0.024999999999999994,0.0,0.38999999999999996,1.5,129.92182361864442,0.007606645979485037,True,True,False
4.015,0.292935387041721,1.192051255382262,0.07145491481389729,-0.07206813197877959,0.0,0.002573067183857489,0.26789172898721053,0.0,0.3950572791266953,-0.024999999999999994,0.0,0.38999999999999996,1.5,129.92182553709156,0.011543385543172592,True,True,False
4.0200000000000005,0.29257590871170325,1.1898457346155222,0.07233638535021705,-0.07206813197877959,0.0,0.002573067183857489,0.26753230415811075,0.0,0.39505107735295264,-0.024999999999999994,0.0,0.38999999999999996,1.5,129.92182688118328,0.015427064067183385,True,True,False
4.025,0.29221202370378263,1.187577498040047,0.07321758176995243,-0.07206813197877959,0.0,0.002573067183857489,0.2671684764341773,0.0,0.39504461843865113,-0.024999999999999994,0.0,0.38999999999999996,1.5,129.92182767234954,0.019256561495490578,True,True,False
4.03,0.2918437336950887,1.1852662529321032,0.07409839451705773,-0.07206813197877959,0.0,0.002573067183857489,0.26680024617976406,0.0,0.3950379784158849,-0.024999999999999994,0.0,0.38999999999999996,1.5,129.92182792869514,0.02303077241259623,True,True,False
4.035,0.2914710407947125,1.1829310003033167,0.07497873501483673,-0.07206813197877959,0.0,0.002573067183857489,0.2664276142398956,0.0,0.39503123050511046,-0.024999999999999994,0.0,0.38999999999999996,1.5,129.92182766525298,0.026748617234202413,True,True,False
4.04,0.29109394748841555,1.18058999288337,0.07585853484147702,-0.07206813197877959,0.0,0.002573067183857489,0.2660505818878773,0.0,0.3950244449560618,-0.024999999999999994,0.0,0.38999999999999996,1.5,129.92182689422907,0.03040905175625661,True,True,False
4.045,0.2907124565795625,1.1782607087859631,0.07673774482062745,-0.07206813197877959,0.0,0.002573067183857489,0.26566915076787634,0.0,0.39501768895066147,-0.024999999999999994,0.0,0.38999999999999996,1.5,129.92182562523985,0.03401107501499512,True,True,False
4.05,0.29032657112716376,1.1759598385406893,0.07761633404974635,-0.07316704066779067,0.0,0.0022675512197311057,0.2652833228335447,0.0,0.395011026558712,-0.024999999999999994,0.0,0.38999999999999996,1.5,129.9179077699822,0.03581837223916965,True,True,False
4.055,0.28993629439412066,1.1737032829564615,0.07849428259311238,-0.07316704066779067,0.0,0.0022675512197311057,0.26489310036077224,0.0,0.3950045149828397,-0.024999999999999994,0.0,0.38999999999999996,1.5,129.91790568728277,0.03936305478733504,True,True,False
4.0600000000000005,0.289541629771501,1.171506155207664,0.07937159653053888,-0.07316704066779067,0.0,0.0022675512197311057,0.2644984858064783,0.0,0.39499820832831656,-0.024999999999999994,0.0,0.38999999999999996,1.5,129.91790314818672,0.04284502560528984,True,True,False
4.065,0.2891425807012722,1.169382793952852,0.08024829289631817,-0.07316704066779067,0.0,0.0022675512197311057,0.26409948166501007,0.0,0.3949921614170813,-0.024999999999999994,0.0,0.38999999999999996,1.5,129.91790015316664,0.046263520381772234,True,True,False
4.07,0.28873915062395505,1.167346780416177,0.08112440274999638,-0.07316704066779067,0.0,0.0022675512197311057,0.26369609047874765,0.0,0.3949864261079199,-0.024999999999999994,0.0,0.38999999999999996,1.5,129.91789670111632,0.04961783216811856,True,True,False
4.075,0.2883313429166708,1.165410954246646,0.08199996995669734,-0.07316704066779067,0.0,0.0022675512197311057,0.26328831477430437,0.0,0.3949810513671701,-0.024999999999999994,0.0,0.38999999999999996,1.5,129.9178927895521,0.05290731018763227,True,True,False
4.08,0.28791916083400027,1.1635874279821272,0.0828750499111463,-0.07316704066779067,0.0,0.0022675512197311057,0.26287615700159067,0.0,0.3949760833343533,-0.024999999999999994,0.0,0.38999999999999996,1.5,129.9178884148044,0.05613135739726044,True,True,False
4.085,0.28750260745238587,1.1618875984354204,0.08374970820444864,-0.07316704066779067,0.0,0.0022675512197311057,0.262459619476603,0.0,0.3949715653759447,-0.024999999999999994,0.0,0.38999999999999996,1.5,129.91788357220318,0.059289427077896084,True,True,False
4.09,0.2870816856186837,1.1603221536795767,0.08462401923663435,-0.07316704066779067,0.0,0.0022675512197311057,0.2620387043286512,0.0,0.39496753812203517,-0.024999999999999994,0.0,0.38999999999999996,1.5,129.91787825625386,0.0623810187202761,True,True,False
4.095,0.2866563979033488,1.1589010747163229,0.0854980647824939,-0.07316704066779067,0.0,0.0022675512197311057,0.26161341345258704,0.0,0.3949640394820567,-0.024999999999999994,0.0,0.38999999999999996,1.5,129.91787246080685,0.06540567346314997,True,True,False
4.1,0.28622674655859914,1.157633631310524,0.08637193252290327,-0.06788794474885318,0.0,0.0019174072947593377,0.2611837484664298,0.0,0.3949611046374557,-0.024999999999999994,0.0,0.38999999999999996,1.5,129.9125969197355,0.07667877106119077,True,True,False
4.105,0.285792733506413,1.156528345516659,0.08724568073798579,-0.06788794474885318,0.0,0.0019174072947593377,0.26074971078230835,0.0,0.3949587612258207,-0.024999999999999994,0.0,0.38999999999999996,1.5,129.91258793216068,0.07926908409472294,True,True,False
4.11,0.28535436027605693,1.155593018721822,0.08811943476905491,-0.06788794474885318,0.0,0.0019174072947593377,0.26031130146074966,0.0,0.3949570341264611,-0.024999999999999994,0.0,0.38999999999999996,1.5,129.91257838777025,0.08179901670526038,True,True,False
4.115,0.2849116279554703,1.1548347304829119,0.08899329121462403,-0.06788794474885318,0.0,0.0019174072947593377,0.25986852108022357,0.0,0.39495595014125184,-0.024999999999999994,0.0,0.38999999999999996,1.5,129.91256828469807,0.08426813887654944,True,True,False
4.12,0.2844645371989375,1.1542597760705586,0.08986734655778711,-0.06788794474885318,0.0,0.0019174072947593377,0.2594213698294207,0.0,0.39495553308551323,-0.024999999999999994,0.0,0.38999999999999996,1.5,129.91255762124842,0.08667604097457736,True,True,False
4.125,0.2840130882120608,1.1538736352209167,0.09074169584861798,-0.06788794474885318,0.0,0.0019174072947593377,0.25896984749393154,0.0,0.39495580367096084,-0.024999999999999994,0.0,0.38999999999999996,1.5,129.9125463959923,0.08902232906732192,True,True,False
4.13,0.28355728065320923,1.1536811487973087,0.09161657188598579,-0.06788794474885318,0.0,0.0019174072947593377,0.258513953345131,0.0,0.39495678021075886,-0.024999999999999994,0.0,0.38999999999999996,1.5,129.91253460829262,0.09128820016789646,True,True,False
4.135,0.28309711158824263,1.1536912706535627,0.09249270604329929,-0.06788794474885318,0.0,0.0019174072947593377,0.2580536837626811,0.0,0.39495849755289025,-0.024999999999999994,0.0,0.38999999999999996,1.5,129.91252228167778,0.09329791254994423,True,True,False
4.14,0.28263257500906286,1.1539122435026183,0.09337152311388801,-0.06788794474885318,0.0,0.0019174072947593377,0.2575890320860357,0.0,0.3949609878986976,-0.024999999999999994,0.0,0.38999999999999996,1.5,129.91250945723343,0.09508625329566556,True,True,False
4.1450000000000005,0.2821636469536389,1.1543186829473362,0.094256051212003,-0.06788794474885318,0.0,0.0019174072947593377,0.25711997600060066,0.0,0.39496415185084605,-0.024999999999999994,0.0,0.38999999999999996,1.5,129.9124961746132,0.09668447382816969,True,True,False
4.15,0.281690297675085,1.1548631706490111,0.09514509141481985,-0.057259911506428396,0.0,0.001556108965242803,0.2566464889375613,0.0,0.39496780368192946,-0.024999999999999994,0.0,0.38999999999999996,1.5,129.90637048972616,0.11497655760164263,True,True,False
4.155,0.2812125033586314,1.1555081308084372,0.09603783078833811,-0.057259911506428396,0.0,0.001556108965242803,0.25616854969807284,0.0,0.39497179101638846,-0.024999999999999994,0.0,0.38999999999999996,1.5,129.90635040249236,0.11587512257289119,True,True,False
4.16,0.28073024410582986,1.1562244127705132,0.09693359633500576,-0.057259911506428396,0.0,0.001556108965242803,0.25568614043891097,0.0,0.394975994496259,-0.024999999999999994,0.0,0.38999999999999996,1.5,129.90633000202365,0.11674496684328872,True,True,False
4.165,0.28024350759140126,1.1569946794685755,0.09783044630815928,-0.057259911506428396,0.0,0.001556108965242803,0.2551992499971358,0.0,0.39498034619021694,-0.024999999999999994,0.0,0.38999999999999996,1.5,129.9063092969353,0.117583203803758,True,True,False
4.17,0.2797522903608167,1.1578165050630123,0.09872783223581678,-0.057259911506428396,0.0,0.001556108965242803,0.25470787505257214,0.0,0.3949848365768013,-0.024999999999999994,0.0,0.38999999999999996,1.5,129.90628829705977,0.11838836948114734,True,True,False
4.175,0.27925658963367944,1.1586892360124375,0.09962578593093135,-0.057259911506428396,0.0,0.001556108965242803,0.25421201283535944,0.0,0.394989463123455,-0.024999999999999994,0.0,0.38999999999999996,1.5,129.9062670130094,0.11915957426968636,True,True,False
4.18,0.27875640248200345,1.159612023143236,0.10052432675175833,-0.057259911506428396,0.0,0.001556108965242803,0.25371166044056187,0.0,0.3949942225795061,-0.024999999999999994,0.0,0.38999999999999996,1.5,129.90624545612542,0.11989598814266028,True,True,False
4.1850000000000005,0.2782517258737529,1.160583722944996,0.10142346427435836,-0.057259911506428396,0.0,0.001556108965242803,0.25320681487886676,0.0,0.39499911058870124,-0.024999999999999994,0.0,0.38999999999999996,1.5,129.90622363847024,0.12059682177642754,True,True,False
4.19,0.27774255670788855,1.1616028228308704,0.1023232001106593,-0.057259911506428396,0.0,0.001556108965242803,0.25269747311723045,0.0,0.39500412139538527,-0.024999999999999994,0.0,0.38999999999999996,1.5,129.90620157282225,0.12126131928692264,True,True,False
4.195,0.2772288918438084,1.1626673872818951,0.10322352922293555,-0.057259911506428396,0.0,0.001556108965242803,0.25218363211254513,0.0,0.3950092476324536,-0.024999999999999994,0.0,0.38999999999999996,1.5,129.9061792726705,0.12188875814621722,True,True,False
4.2,0.27671072817799713,1.1637748998037971,0.10412439286968199,-0.04391144057321328,0.0,0.001226450138062504,0.25166528890014206,0.0,0.39501447969368086,-0.024999999999999994,0.0,0.38999999999999996,1.5,129.90004752879244,0.14351079376511186,True,True,False
4.205,0.27618806290779135,1.1649217253516282,0.10502567147153029,-0.04391144057321328,0.0,0.001226450138062504,0.2511424409887496,0.0,0.3950197985550252,-0.024999999999999994,0.0,0.38999999999999996,1.5,129.90001738195227,0.14329306669455658,True,True,False
4.21,0.275660893253703,1.1661038278863345,0.10592742792392376,-0.04391144057321328,0.0,0.001226450138062504,0.2506150859423444,0.0,0.3950251836208786,-0.024999999999999994,0.0,0.38999999999999996,1.5,129.89998745125047,0.1430495089263406,True,True,False
4.215,0.27512921633687226,1.1673170784620095,0.10682968742215614,-0.04391144057321328,0.0,0.001226450138062504,0.2500832211436296,0.0,0.3950306189864108,-0.024999999999999994,0.0,0.38999999999999996,1.5,129.89995775488242,0.14278188521502158,True,True,False
4.22,0.2745930291671545,1.168557336428427,0.10773246798975603,-0.04391144057321328,0.0,0.001226450138062504,0.24954684386687462,0.0,0.3950360887533626,-0.024999999999999994,0.0,0.38999999999999996,1.5,129.899928310279,0.14249136658789913,True,True,False
4.225,0.27405232867474044,1.1698203996340182,0.10863578042837294,-0.04391144057321328,0.0,0.001226450138062504,0.249005951313357,0.0,0.3950415768277553,-0.024999999999999994,0.0,0.38999999999999996,1.5,129.89989913433016,0.1421787282088519,True,True,False
4.23,0.27350711174194314,1.1711019584442464,0.10953962845322938,-0.04391144057321328,0.0,0.001226450138062504,0.24846054064673379,0.0,0.3950470667338405,-0.024999999999999994,0.0,0.38999999999999996,1.5,129.89987024353326,0.14184448475851755,True,True,False
4.235,0.2729573752347125,1.172397554569722,0.11044400889542508,-0.04391144057321328,0.0,0.001226450138062504,0.24791060902783274,0.0,0.39505254144773205,-0.024999999999999994,0.0,0.38999999999999996,1.5,129.89984165408697,0.14148898357474987,True,True,False
4.24,0.27240311603377787,1.173702544872604,0.11134891191611991,-0.04391144057321328,0.0,0.001226450138062504,0.24735615364875368,0.0,0.3950579832510941,-0.024999999999999994,0.0,0.38999999999999996,1.5,129.89981338194852,0.14111246899905872,True,True,False
4.245,0.2718443310654675,1.175012069982346,0.11225432121147517,-0.04391144057321328,0.0,0.001226450138062504,0.24679717176633137,0.0,0.39506337360411764,-0.024999999999999994,0.0,0.38999999999999996,1.5,129.89978544286427,0.14071512693258897,True,True,False
4.25,0.2712810173322879,1.1763210274947702,0.11316021420410473,-0.029034007372638837,0.0,0.0009431463668800786,0.24623366073505665,0.0,0.395068693036799,-0.024999999999999994,0.0,0.38999999999999996,1.5,129.89398401684682,0.1637448725129889,True,True,False
4.255,0.27071317188411986,1.17762420740326,0.11406654149085829,-0.029034007372638837,0.0,0.0009431463668800786,0.24566561805624224,0.0,0.39507391700694916,-0.024999999999999994,0.0,0.38999999999999996,1.5,129.89394997737486,0.16246429271827362,True,True,False
4.26,0.27014079190082246,1.1789161083845736,0.11497328943140042,-0.029034007372638837,0.0,0.0009431463668800786,0.24509304138897875,0.0,0.3950790197927263,-0.024999999999999994,0.0,0.38999999999999996,1.5,129.89391702757487,0.16118526058760355,True,True,False
4.265,0.2695638748024196,1.1801907244297212,0.11588041272640749,-0.029034007372638837,0.0,0.0009431463668800786,0.2445159285883105,0.0,0.39508397833150877,-0.024999999999999994,0.0,0.38999999999999996,1.5,129.89388517009255,0.1599075784267392,True,True,False
4.2700000000000005,0.2689824182248434,1.181441694944701,0.11678786152333197,-0.029034007372638837,0.0,0.0009431463668800786,0.24393427775662865,0.0,0.3950887681815028,-0.024999999999999994,0.0,0.38999999999999996,1.5,129.8938544069314,0.15863110825574578,True,True,False
4.275,0.2683964200468264,1.1826623098625837,0.11769558149220327,-0.029034007372638837,0.0,0.0009431463668800786,0.24334808727061935,0.0,0.395093363540193,-0.024999999999999994,0.0,0.38999999999999996,1.5,129.89382473944082,0.1573557632524095,True,True,False
4.28,0.2678058784170817,1.1838455177351166,0.11860351393472406,-0.029034007372638837,0.0,0.0009431463668800786,0.2427573558082471,0.0,0.39509773727456776,-0.024999999999999994,0.0,0.38999999999999996,1.5,129.89379616831107,0.1560815010904138,True,True,False
4.285,0.2672107917816036,1.1849839370851367,0.11951159591816643,-0.029034007372638837,0.0,0.0009431463668800786,0.24216208237557207,0.0,0.39510186096435396,-0.024999999999999994,0.0,0.38999999999999996,1.5,129.89376869356983,0.15480831859500854,True,True,False
4.29,0.26661115891096354,1.1860698711871565,0.12041976042580978,-0.029034007372638837,0.0,0.0009431463668800786,0.24156226633325323,0.0,0.3951057049588516,-0.024999999999999994,0.0,0.38999999999999996,1.5,129.8937423145815,0.15353624731856566,True,True,False
4.295,0.2660069789274903,1.1870953263322506,0.1213279365161115,-0.029034007372638837,0.0,0.0009431463668800786,0.2409579074226132,0.0,0.395109238447655,-0.024999999999999994,0.0,0.38999999999999996,1.5,129.89371703004764,0.15226534976610673,True,True,False
4.3,0.26539825133224193,1.188052033573029,0.12223604948337347,-0.01513615385099143,0.0,0.0007188179476558829,0.24034900579116017,0.0,0.395112429545206,-0.024999999999999994,0.0,0.38999999999999996,1.5,129.88877773546312,0.17290082077830587,True,True,False
4.305,0.26478497597367884,1.188931623015391,0.12314401304986837,-0.01513615385099143,0.0,0.0007188179476558829,0.23973556202456298,0.0,0.39511524201973663,-0.024999999999999994,0.0,0.38999999999999996,1.5,129.88875067205518,0.17084593639792767,True,True,False
4.3100000000000005,0.2641671531255387,1.1897254960832988,0.12405175491159327,-0.01513615385099143,0.0,0.0007188179476558829,0.23911757715951226,0.0,0.39511763869777033,-0.024999999999999994,0.0,0.38999999999999996,1.5,129.88872556103922,0.16881303096938252,True,True,False
4.315,0.26354478358998434,1.1904246691546372,0.1249591856042718,-0.01513615385099143,0.0,0.0007188179476558829,0.2384950527216948,0.0,0.39511958481548465,-0.024999999999999994,0.0,0.38999999999999996,1.5,129.8887023758285,0.16680190975235892,True,True,False
4.32,0.2629178686694738,1.191019959037736,0.12586621338406914,-0.01513615385099143,0.0,0.0007188179476558829,0.2378679907587231,0.0,0.3951210448319204,-0.024999999999999994,0.0,0.38999999999999996,1.5,129.88868108896347,0.16481242836474658,True,True,False
4.325,0.2622864101886512,1.1915020301144434,0.12677274419311196,-0.01513615385099143,0.0,0.0007188179476558829,0.23723639385818684,0.0,0.3951219826145045,-0.024999999999999994,0.0,0.38999999999999996,1.5,129.88866167214695,0.16284447904994767,True,True,False
4.33,0.2616504105160551,1.1918614426374954,0.12767868162167345,-0.01513615385099143,0.0,0.0007188179476558829,0.2366002651653089,0.0,0.39512236162919273,-0.024999999999999994,0.0,0.38999999999999996,1.5,129.88864409628817,0.16089798052607057,True,True,False
4.335,0.26100987258549624,1.1920887020787496,0.12858392685864709,-0.01513615385099143,0.0,0.0007188179476558829,0.23595960840006266,0.0,0.395122145134895,-0.024999999999999994,0.0,0.38999999999999996,1.5,129.88862833155176,0.1589728704159563,True,True,False
4.34,0.2603647999170046,1.192174309295072,0.12948837862450926,-0.01513615385099143,0.0,0.0007188179476558829,0.2353144278736709,0.0,0.3951212963813142,-0.024999999999999994,0.0,0.38999999999999996,1.5,129.88861434740872,0.15706909955360568,True,True,False
4.345,0.25971519663727793,1.1921088112021054,0.13039193308342617,-0.01513615385099143,0.0,0.0007188179476558829,0.23466472850444584,0.0,0.3951197788089319,-0.024999999999999994,0.0,0.38999999999999996,1.5,129.88860211269002,0.15518662767155206,True,True,False
4.3500000000000005,0.25906106749957336,1.1918828515942712,0.13129448373338468,-0.003954523730064774,0.0,0.0005522906878949472,0.2340105158329464,0.0,0.39511755624976624,-0.024999999999999994,0.0,0.38999999999999996,1.5,129.88479861335787,0.17094993034414388,True,True,False
4.355,0.2584024178545912,1.191487342929633,0.13219592586540846,-0.003954523730064774,0.0,0.0005522906878949472,0.2333517960392668,0.0,0.39511459053921705,-0.024999999999999994,0.0,0.38999999999999996,1.5,129.88478899008228,0.1684770576307734,True,True,False
4.36,0.25773925371247275,1.1909133894110853,0.13309614504123762,-0.003954523730064774,0.0,0.0005522906878949472,0.23268857595043638,0.0,0.3951108442451877,-0.024999999999999994,0.0,0.38999999999999996,1.5,129.88478182134463,0.16604185188454798,True,True,False
4.365,0.2570715818246114,1.1901521834381217,0.13399502271392214,-0.003954523730064774,0.0,0.0005522906878949472,0.23202086306815384,0.0,0.39510628333616127,-0.024999999999999994,0.0,0.38999999999999996,1.5,129.88477704775698,0.16364400005235175,True,True,False
4.37,0.25639940965611635,1.1891951757478054,0.13489243778109622,-0.003954523730064774,0.0,0.0005522906878949472,0.2313486655867829,0.0,0.3951008748152347,-0.024999999999999994,0.0,0.38999999999999996,1.5,129.88477460956636,0.1612832144619583,True,True,False
4.375,0.2557227454000393,1.188034129121663,0.13578826629996768,-0.003954523730064774,0.0,0.0005522906878949472,0.2306719924022114,0.0,0.3950945869329001,-0.024999999999999994,0.0,0.38999999999999996,1.5,129.88477444673183,0.15895922272451185,True,True,False
4.38,0.25504159799118986,1.1866611689515072,0.13668238122309684,-0.003954523730064774,0.0,0.0005522906878949472,0.22999085312049738,0.0,0.39508738938755644,-0.024999999999999994,0.0,0.38999999999999996,1.5,129.88477649900557,0.15667176063663507,True,True,False
4.385,0.254355977119426,1.1850688305162642,0.13757465215644563,-0.003954523730064774,0.0,0.0005522906878949472,0.22930525806621985,0.0,0.39507925351319084,-0.024999999999999994,0.0,0.38999999999999996,1.5,129.88478070601377,0.1544205672357456,True,True,False
4.39,0.2536658932798102,1.1832500118629263,0.13846489596258119,-0.003954523730064774,0.0,0.0005522906878949472,0.22861521833509524,0.0,0.3950701520969312,-0.024999999999999994,0.0,0.38999999999999996,1.5,129.88478700731244,0.1522055581485183,True,True,False
4.3950000000000005,0.2529713586527086,1.1811959291967484,0.13935268518928515,-0.003954523730064774,0.0,0.0005522906878949472,0.2279207468334361,0.0,0.39506005136478084,-0.024999999999999994,0.0,0.38999999999999996,1.5,129.88479534177097,0.15002772584712037,True,True,False
4.4,0.25227238691866927,1.1788967274461337,0.140237922544669,0.003568790778516795,0.0,0.0004340958028608904,0.22722185804440292,0.0,0.39504891337535636,-0.024999999999999994,0.0,0.38999999999999996,1.5,129.88217271489222,0.159745519952684,True,True,False
4.405,0.25156899227413193,1.1763439712213335,0.14112050941640034,0.003568790778516795,0.0,0.0004340958028608904,0.22651856688991928,0.0,0.39503670363069643,-0.024999999999999994,0.0,0.38999999999999996,1.5,129.88218605722582,0.1572158824090662,True,True,False
4.41,0.2508611894983657,1.1735305326535672,0.1420003729908741,0.003568790778516795,0.0,0.0004340958028608904,0.22581088876188635,0.0,0.39502339277855436,-0.024999999999999994,0.0,0.38999999999999996,1.5,129.88220181520126,0.15473368550191305,True,True,False
4.415,0.2501489939453704,1.1704506588555281,0.14287739877146172,0.003568790778516795,0.0,0.0004340958028608904,0.22509883946388612,0.0,0.39500895904338057,-0.024999999999999994,0.0,0.38999999999999996,1.5,129.88221990651704,0.15229823189575134,True,True,False
4.42,0.24943242166585983,1.1670997465507738,0.14375143649763494,0.003568790778516795,0.0,0.0004340958028608904,0.22438243539252017,0.0,0.39499338520352756,-0.024999999999999994,0.0,0.38999999999999996,1.5,129.88224024968525,0.14990883984414935,True,True,False
4.425,0.24871149255735794,1.1634831502278429,0.1446206731328646,0.003568790778516795,0.0,0.0004340958028608904,0.22366169599454722,0.0,0.39497669320172546,-0.024999999999999994,0.0,0.38999999999999996,1.5,129.88226276396173,0.14756529846960248,True,True,False
4.43,0.24798623533837583,1.1596276356689597,0.1454840880308302,0.003568790778516795,0.0,0.0004340958028608904,0.22293664784345027,0.0,0.39495898915639616,-0.024999999999999994,0.0,0.38999999999999996,1.5,129.8822873684553,0.14526849760991078,True,True,False
4.4350000000000005,0.24725667955421335,1.1555559998459075,0.14634177152503447,0.003568790778516795,0.0,0.0004340958028608904,0.22220731864415488,0.0,0.3949403636447354,-0.024999999999999994,0.0,0.38999999999999996,1.5,129.88231398177726,0.14301908827653084,True,True,False
4.44,0.24652285421805178,1.1512848801468925,0.14719378038233197,0.003568790778516795,0.0,0.0004340958028608904,0.22147373604803727,0.0,0.39492088308510526,-0.024999999999999994,0.0,0.38999999999999996,1.5,129.88234252254665,0.14081730450297442,True,True,False
4.445,0.245784788043355,1.146826823521671,0.14804014235879492,0.003568790778516795,0.0,0.0004340958028608904,0.22073592772350334,0.0,0.39490059786006515,-0.024999999999999994,0.0,0.38999999999999996,1.5,129.88237290985487,0.13866304766465878,True,True,False
4.45,0.24504250960693652,1.1421916318240781,0.1488808621838594,0.007270758043687486,0.0,0.00035181501249187885,0.2199939214137856,0.0,0.394879547598028,-0.024999999999999994,0.0,0.38999999999999996,1.5,129.88079810607704,0.1423912308557516,True,True,False
4.455,0.24429604750677064,1.1373871804017597,0.1497159145204031,0.007270758043687486,0.0,0.00035181501249187885,0.2192477450578427,0.0,0.3948577630231849,-0.024999999999999994,0.0,0.38999999999999996,1.5,129.88083322693402,0.14012130119026095,True,True,False
4.46,0.2435454304554222,1.1324200804807787,0.1505452721944878,0.007270758043687486,0.0,0.00035181501249187885,0.21849742680488116,0.0,0.39483526991164347,-0.024999999999999994,0.0,0.38999999999999996,1.5,129.88087023035666,0.13790278755241475,True,True,False
4.465,0.2427906872693069,1.1272961566561766,0.15136890118729532,0.007270758043687486,0.0,0.00035181501249187885,0.21774299493929988,0.0,0.3948120923309313,-0.024999999999999994,0.0,0.38999999999999996,1.5,129.88090902848253,0.13573476918120583,True,True,False
4.47,0.2420318469198987,1.1220206364287542,0.15218676211457494,0.007270758043687486,0.0,0.00035181501249187885,0.21698447794433892,0.0,0.3947882520258472,-0.024999999999999994,0.0,0.38999999999999996,1.5,129.88094953531518,0.13361624749868303,True,True,False
4.4750000000000005,0.24126893851726783,1.1165983067139695,0.15299887677093219,0.007270758043687486,0.0,0.00035181501249187885,0.21622190447358414,0.0,0.39476376903157656,-0.024999999999999994,0.0,0.38999999999999996,1.5,129.8809916668887,0.13154577377504956,True,True,False
4.48,0.24050198932632882,1.1110326804099588,0.15380600725541582,0.007270758043687486,0.0,0.00035181501249187885,0.21545530143175579,0.0,0.3947386583845062,-0.024999999999999994,0.0,0.38999999999999996,1.5,129.8810353433591,0.12951864445283945,True,True,False
4.485,0.2397310238702301,1.1053254197197273,0.15460828214662686,0.007270758043687486,0.0,0.00035181501249187885,0.21468469312185143,0.0,0.39471292785354684,-0.024999999999999994,0.0,0.38999999999999996,1.5,129.8810804895731,0.1275332193819089,True,True,False
4.49,0.2389560670568842,1.0994778629861175,0.15540556896052693,0.007270758043687486,0.0,0.00035181501249187885,0.21391010425276213,0.0,0.3946865839615306,-0.024999999999999994,0.0,0.38999999999999996,1.5,129.8811270320439,0.12558895989183855,True,True,False
4.495,0.23817714444236993,1.093491303266677,0.156197737180283,0.007270758043687486,0.0,0.00035181501249187885,0.2131315601811121,0.0,0.3946596330790032,-0.024999999999999994,0.0,0.38999999999999996,1.5,129.88117489878164,0.12368526969148469,True,True,False
4.5,0.2373942822176813,1.087367076226499,0.15698465787079766,0.0077248861578489425,0.0,0.00029396997112636524,0.21234908689133136,0.0,0.3946320817673429,-0.024999999999999994,0.0,0.38999999999999996,1.5,129.8803964611539,0.1225374014932406,True,True,False
4.505,0.23660750719846074,1.081106615047061,0.15776620832719732,0.0077248861578489425,0.0,0.00029396997112636524,0.21156271099618051,0.0,0.39460393622970835,-0.024999999999999994,0.0,0.38999999999999996,1.5,129.8804469916099,0.12068706938108698,True,True,False
4.51,0.23581684681460274,1.0747114775550406,0.15854225814237347,0.0077248861578489425,0.0,0.00029396997112636524,0.210772459709481,0.0,0.3945752031783275,-0.024999999999999994,0.0,0.38999999999999996,1.5,129.8804986711691,0.11887597225935344,True,True,False
4.515,0.2350223291005488,1.068183360904901,0.15931268270910484,0.0077248861578489425,0.0,0.00029396997112636524,0.20997836082075258,0.0,0.3945458906540826,-0.024999999999999994,0.0,0.38999999999999996,1.5,129.88055143296498,0.11710338402222856,True,True,False
4.5200000000000005,0.23422398268671937,1.061524114207121,0.1600773589995304,0.0077248861578489425,0.0,0.00029396997112636524,0.20918044270088665,0.0,0.3945160073123683,-0.024999999999999994,0.0,0.38999999999999996,1.5,129.8806052118885,0.1153685595524594,True,True,False
4.525,0.23342183678991688,1.0547357430305178,0.160836165721979,0.0077248861578489425,0.0,0.00029396997112636524,0.20837873429252282,0.0,0.39448556243949706,-0.024999999999999994,0.0,0.38999999999999996,1.5,129.88065994461002,0.11367073726243612,True,True,False
4.53,0.2326159212031515,1.047820410452308,0.1615889834984695,0.0077248861578489425,0.0,0.00029396997112636524,0.20757326510013685,0.0,0.39445456595553985,-0.024999999999999994,0.0,0.38999999999999996,1.5,129.88071556959517,0.1120091412153777,True,True,False
4.535,0.23180626628477724,1.0407804356902057,0.16233569505432222,0.0077248861578489425,0.0,0.00029396997112636524,0.20676406517964294,0.0,0.39442302840769533,-0.024999999999999994,0.0,0.38999999999999996,1.5,129.88077202711602,0.1103829829975982,True,True,False
4.54,0.23099290294687969,1.0336182909330902,0.16307618541389435,0.0077248861578489425,0.0,0.00029396997112636524,0.20595116512740194,0.0,0.39439096095656745,-0.024999999999999994,0.0,0.38999999999999996,1.5,129.88082925925735,0.10879146344000151,True,True,False
4.545,0.23017586264289092,1.0263365967266487,0.16381034209801285,0.0077248861578489425,0.0,0.00029396997112636524,0.20513459606857964,0.0,0.39435837535678997,-0.024999999999999994,0.0,0.38999999999999996,1.5,129.88088720991817,0.1072337742421686,True,True,False
4.55,0.22935517735442876,1.0189381161412394,0.16453805531963964,0.006589566967920901,0.0,0.0002549268692845885,0.20431438964483137,0.0,0.3943252839328677,-0.024999999999999994,0.0,0.38999999999999996,1.5,129.8805773905672,0.10391957447767272,True,True,False
4.555,0.22853087957452853,1.0114257251001686,0.16525922652455985,0.006589566967920901,0.0,0.0002549268692845885,0.2034905780074889,0.0,0.39429169907044803,-0.024999999999999994,0.0,0.38999999999999996,1.5,129.88063594157381,0.1024915992745433,True,True,False
4.5600000000000005,0.2277030022309707,1.003801160295874,0.1659738249030044,0.006589566967920901,0.0,0.0002549268692845885,0.20266319382572634,0.0,0.3942576286906216,-0.024999999999999994,0.0,0.38999999999999996,1.5,129.88069498371019,0.10109322788034233,True,True,False
4.565,0.2268715785973306,0.9960639156308945,0.1666817890693544,0.006589566967920901,0.0,0.0002549268692845885,0.20183227026937822,0.0,0.3942230723039641,-0.024999999999999994,0.0,0.38999999999999996,1.5,129.8807544716627,0.09972364802806219,True,True,False
4.57,0.22603664236389728,0.9882134299813689,0.16738303228920093,0.006589566967920901,0.0,0.0002549268692845885,0.2009978409244232,0.0,0.3941880292075761,-0.024999999999999994,0.0,0.38999999999999996,1.5,129.88081436177305,0.09838209382985075,True,True,False
4.575,0.2251982276284637,0.9802494044138959,0.16807747075767565,0.006589566967920901,0.0,0.0002549268692845885,0.20015993976059268,0.0,0.39415249972999733,-0.024999999999999994,0.0,0.38999999999999996,1.5,129.8808746120001,0.09706780716135795,True,True,False
4.58,0.22435636887527552,0.9721718521616161,0.1687650234636944,0.006589566967920901,0.0,0.0002549268692845885,0.19931860110706057,0.0,0.3941164854269325,-0.024999999999999994,0.0,0.38999999999999996,1.5,129.88093518189459,0.09578003467925769,True,True,False
4.585,0.2235111009548487,0.9639811417940696,0.1694456120371307,0.006589566967920901,0.0,0.0002549268692845885,0.19847385962963157,0.0,0.3940799892505118,-0.024999999999999994,0.0,0.38999999999999996,1.5,129.88099603257234,0.09451802493232597,True,True,False
4.59,0.22266245906490884,0.9556780326845701,0.17011916059255117,0.006589566967920901,0.0,0.0002549268692845885,0.19762575030974072,0.0,0.3940430156884665,-0.024999999999999994,0.0,0.38999999999999996,1.5,129.88105712669224,0.09328102558487264,True,True,False
4.595,0.22181047873260923,0.9472637021886112,0.17078559558019782,0.006589566967920901,0.0,0.0002549268692845885,0.19677430842545238,0.0,0.3940055708708772,-0.024999999999999994,0.0,0.38999999999999996,1.5,129.88111842843497,0.09206828080419077,True,True,False
4.6000000000000005,0.22095519579813847,0.9387397641892157,0.17144484565244286,0.005173667831177453,0.0,0.0002308084235395822,0.19591956953458045,0.0,0.3939676626430911,-0.024999999999999994,0.0,0.38999999999999996,1.5,129.8810373310222,0.08864719097392672,True,True,False
4.605,0.22009664639796958,0.9301082825581735,0.17209684409923182,0.005173667831177453,0.0,0.0002308084235395822,0.19506156946123765,0.0,0.3939293004326127,-0.024999999999999994,0.0,0.38999999999999996,1.5,129.88109802686571,0.08756112699159649,True,True,False
4.61,0.21923486695409963,0.9213717660015375,0.17274152094989087,0.005173667831177453,0.0,0.0002308084235395822,0.1942003442830112,0.0,0.3938904954171849,-0.024999999999999994,0.0,0.38999999999999996,1.5,129.88115875416293,0.0864949079786061,True,True,False
4.615,0.2183698941635554,0.9125331581025843,0.17337881085252238,0.005173667831177453,0.0,0.0002308084235395822,0.1933359303189608,0.0,0.3938512606710377,-0.024999999999999994,0.0,0.38999999999999996,1.5,129.88121948709096,0.08544776393853198,True,True,False
4.62,0.21750176498525806,0.903595827702268,0.17400865039264776,0.005173667831177453,0.0,0.0002308084235395822,0.19246836412165902,0.0,0.39381161093921657,-0.024999999999999994,0.0,0.38999999999999996,1.5,129.88128020115195,0.08441891475996108,True,True,False
4.625,0.2166305166303241,0.8945635471458684,0.1746309780873097,0.005173667831177453,0.0,0.0002308084235395822,0.19159768247014652,0.0,0.39377156255187407,-0.024999999999999994,0.0,0.38999999999999996,1.5,129.881340873154,0.08340756995580013,True,True,False
4.63,0.21575618655348008,0.8854404639779647,0.17524573440407598,0.005173667831177453,0.0,0.0002308084235395822,0.19072392236444913,0.0,0.393731133312711,-0.024999999999999994,0.0,0.38999999999999996,1.5,129.88140148119174,0.0824129289101847,True,True,False
4.635,0.21487881244543688,0.8762310669190554,0.17585286180151766,0.005173667831177453,0.0,0.0002308084235395822,0.18984712102141643,0.0,0.3936903423648883,-0.024999999999999994,0.0,0.38999999999999996,1.5,129.8814620046251,0.0814341816437149,True,True,False
4.64,0.2139984322260667,0.8669401470278225,0.17645230478716128,0.005173667831177453,0.0,0.0002308084235395822,0.18896731587163831,0.0,0.3936492100379434,-0.024999999999999994,0.0,0.38999999999999996,1.5,129.8815224240575,0.08047051009073795,True,True,False
4.6450000000000005,0.21311508403820598,0.8575727550046535,0.17704400998856967,0.005173667831177453,0.0,0.0002308084235395822,0.18808454455717197,0.0,0.3936077576795268,-0.024999999999999994,0.0,0.38999999999999996,1.5,129.88158272131216,0.07952108986627884,True,True,False
4.65,0.21222880624191284,0.8481341556103986,0.1776279262330955,0.004576251517778185,0.0,0.0002204303982329777,0.18719884492982025,0.0,0.3935660074758025,-0.024999999999999994,0.0,0.38999999999999996,1.5,129.88157625768292,0.07764339508265271,True,True,False
4.655,0.21133963740821302,0.8386297817025494,0.17820400588675475,0.004576251517778185,0.0,0.0002204303982329777,0.18631025505020068,0.0,0.3935239821869709,-0.024999999999999994,0.0,0.38999999999999996,1.5,129.88163585936988,0.07675394173100657,True,True,False
4.66,0.21044761631495118,0.8290651831297797,0.17877220109468417,0.004576251517778185,0.0,0.0002204303982329777,0.18541881318628778,0.0,0.3934817050304461,-0.024999999999999994,0.0,0.38999999999999996,1.5,129.88169526182543,0.07587536718536511,True,True,False
4.665,0.20955278194210822,0.8194459770692494,0.1793324677660525,0.004576251517778185,0.0,0.0002204303982329777,0.1845245578112631,0.0,0.39343919956842144,-0.024999999999999994,0.0,0.38999999999999996,1.5,129.88175445307394,0.07500685623436706,True,True,False
4.67,0.20865517346519824,0.8097778025855239,0.17988476434266837,0.004576251517778185,0.0,0.0002204303982329777,0.1836275276018065,0.0,0.39339648944491684,-0.024999999999999994,0.0,0.38999999999999996,1.5,129.88181342215972,0.07414760248956026,True,True,False
4.675,0.2077548302490629,0.8000662759571735,0.18042905270876783,0.004576251517778185,0.0,0.0002204303982329777,0.18272776143515954,0.0,0.39335359821004084,-0.024999999999999994,0.0,0.38999999999999996,1.5,129.88187215910858,0.0732968136955208,True,True,False
4.68,0.2068517917644218,0.790317137394778,0.1809653191326125,0.004576251517778185,0.0,0.0002204303982329777,0.18182529829674168,0.0,0.3933105498962479,-0.024999999999999994,0.0,0.38999999999999996,1.5,129.88193065486757,0.07245375805950896,True,True,False
4.6850000000000005,0.20594609756985113,0.7805362241129967,0.18149352306343308,0.004576251517778185,0.0,0.0002204303982329777,0.18092017726449436,0.0,0.3932673689124228,-0.024999999999999994,0.0,0.38999999999999996,1.5,129.88198890126574,0.07161764385406842,True,True,False
4.69,0.20503778742561193,0.7707291313553276,0.18201364748476412,0.004576251517778185,0.0,0.0002204303982329777,0.18001243764422195,0.0,0.39322407871560816,-0.024999999999999994,0.0,0.38999999999999996,1.5,129.88204689163467,0.07078573005770193,True,True,False
4.695,0.204126901090768,0.7609016672926265,0.18252567898346378,0.004576251517778185,0.0,0.0002204303982329777,0.17910211873839182,0.0,0.39318070360448665,-0.024999999999999994,0.0,0.38999999999999996,1.5,129.88210462173188,0.06995657319121015,True,True,False
4.7,0.20321347847327748,0.7510594181079828,0.18302958629488106,0.005540960833349318,0.0,0.000225377824723716,0.1781892600237172,0.0,0.39313726699906876,-0.024999999999999994,0.0,0.38999999999999996,1.5,129.88211957996344,0.07065118391834077,True,True,False
4.705,0.20229755967966348,0.7412075669013508,0.1835253388929434,0.005540960833349318,0.0,0.000225377824723716,0.17727390121156725,0.0,0.39309379071692785,-0.024999999999999994,0.0,0.38999999999999996,1.5,129.88217743234222,0.06977378019735095,True,True,False
4.71,0.2013791849992557,0.7313508819187946,0.18401291362005492,0.005540960833349318,0.0,0.000225377824723716,0.17635608223186988,0.0,0.39305029493605237,-0.024999999999999994,0.0,0.38999999999999996,1.5,129.88223505698383,0.06890103601207562,True,True,False
4.715,0.20045839487438993,0.7214937448622377,0.18449228998599412,0.005540960833349318,0.0,0.000225377824723716,0.1754358432004954,0.0,0.39300679831768826,-0.024999999999999994,0.0,0.38999999999999996,1.5,129.8822924475934,0.06803281786505118,True,True,False
4.72,0.1995352298882411,0.711640138997024,0.1849634510904655,0.005540960833349318,0.0,0.000225377824723716,0.1745132244069884,0.0,0.39296331795119965,-0.024999999999999994,0.0,0.38999999999999996,1.5,129.8823495981727,0.06716892229457448,True,True,False
4.7250000000000005,0.19860973074749805,0.7017936544900568,0.1854263834246261,0.005540960833349318,0.0,0.000225377824723716,0.17358826629593122,0.0,0.3929198693755001,-0.024999999999999994,0.0,0.38999999999999996,1.5,129.88240650306227,0.06630909480405421,True,True,False
4.73,0.19768193826563968,0.6919574963777345,0.18588107661642828,0.005540960833349318,0.0,0.000225377824723716,0.17266100944874646,0.0,0.3928764666107465,-0.024999999999999994,0.0,0.38999999999999996,1.5,129.88246315696736,0.06545304327790101,True,True,False
4.735,0.1967518933472011,0.6821344940449624,0.1863275231463838,0.005540960833349318,0.0,0.000225377824723716,0.17173149456640568,0.0,0.3928331221958634,-0.024999999999999994,0.0,0.38999999999999996,1.5,129.8825195549745,0.06460044778672305,True,True,False
4.74,0.19581963697324628,0.672327111542031,0.1867657180509142,0.005540960833349318,0.0,0.000225377824723716,0.1707997624533061,0.0,0.3927898472293044,-0.024999999999999994,0.0,0.38999999999999996,1.5,129.8825756925588,0.06375096799071377,True,True,False
4.745,0.19488521018816224,0.6625374583186191,0.18719565862417595,0.005540960833349318,0.0,0.000225377824723716,0.16986585400246118,0.0,0.39274665141138354,-0.024999999999999994,0.0,0.38999999999999996,1.5,129.88263156558605,0.06290424891358172,True,True,False
4.75,0.19394865408781775,0.652767300156745,0.18761734412510236,0.007954771369440838,0.0,0.00024810667851243146,0.1689298101820635,0.0,0.39270354308728583,-0.024999999999999994,0.0,0.38999999999999996,1.5,129.88273375992839,0.06586480550926756,True,True,False
4.755,0.1930100098315653,0.6430180144424585,0.18803076726812679,0.007954771369440838,0.0,0.00024810667851243146,0.16799167204739873,0.0,0.3926605291823676,-0.024999999999999994,0.0,0.38999999999999996,1.5,129.8827907504582,0.0648859592312532,True,True,False
4.76,0.192069318607646,0.6332905556398459,0.18843598683201315,0.007954771369440838,0.0,0.00024810667851243146,0.16705148070862277,0.0,0.3926176149508524,-0.024999999999999994,0.0,0.38999999999999996,1.5,129.88284757500594,0.06391235249022359,True,True,False
4.765,0.1911266198999194,0.6235808849770818,0.18883397239373623,0.007954771369440838,0.0,0.00024810667851243146,0.1661092758390873,0.0,0.39257478593826867,-0.024999999999999994,0.0,0.38999999999999996,1.5,129.88290422504417,0.06294330093066361,True,True,False
4.7700000000000005,0.19018195034783406,0.6138779347847986,0.1892248871810479,0.007954771369440838,0.0,0.00024810667851243146,0.16516509462442477,0.0,0.39253200011642775,-0.024999999999999994,0.0,0.38999999999999996,1.5,129.88296069295168,0.06197777212604841,True,True,False
4.775,0.18923534698617478,0.6041731774035222,0.18960851573784424,0.007954771369440838,0.0,0.00024810667851243146,0.16421897448659523,0.0,0.39248922542554865,-0.024999999999999994,0.0,0.38999999999999996,1.5,129.88301697203477,0.0610148948621812,True,True,False
4.78,0.18828684749195032,0.594460576509681,0.18998469274920848,0.007954771369440838,0.0,0.00024810667851243146,0.1632709533407728,0.0,0.39244643957896297,-0.024999999999999994,0.0,0.38999999999999996,1.5,129.88307305634478,0.060053982046733914,True,True,False
4.785,0.18733649007676273,0.5847357668614441,0.19035328753666236,0.007954771369440838,0.0,0.00024810667851243146,0.16232106953646774,0.0,0.39240362684184504,-0.024999999999999994,0.0,0.38999999999999996,1.5,129.883128940522,0.05909449421775875,True,True,False
4.79,0.18638431340825254,0.5749955137439086,0.19071419345755092,0.007954771369440838,0.0,0.00024810667851243146,0.1613693618108329,0.0,0.3923607759081635,-0.024999999999999994,0.0,0.38999999999999996,1.5,129.88318461967273,0.058136008491413566,True,True,False
4.795,0.18543035655301957,0.5652373551628126,0.19106732061287013,0.007954771369440838,0.0,0.00024810667851243146,0.1604158692525044,0.0,0.39231787849512517,-0.024999999999999994,0.0,0.38999999999999996,1.5,129.8832400892733,0.05717819319721401,True,True,False
4.8,0.18447465893525164,0.5554593640222472,0.1914125908118138,0.011432267151312625,0.0,0.0002892568230602417,0.15946063127402738,0.0,0.39227492840870515,-0.024999999999999994,0.0,0.38999999999999996,1.5,129.88349712968537,0.06170231092296233,True,True,False
4.805,0.18351726034464502,0.5456599242886075,0.19174991627295684,0.011432267151312625,0.0,0.0002892568230602417,0.15850368762869727,0.0,0.3922319209380534,-0.024999999999999994,0.0,0.38999999999999996,1.5,129.88355461506302,0.060548393955188906,True,True,False
4.8100000000000005,0.18255820092566877,0.5358376916265257,0.1920792358397419,0.011432267151312625,0.0,0.0002892568230602417,0.1575450784061465,0.0,0.39218885241865903,-0.024999999999999994,0.0,0.38999999999999996,1.5,129.88361203574783,0.05939969761674371,True,True,False
4.815,0.1815975210991547,0.5259916005948524,0.19240048924104025,0.011432267151312625,0.0,0.0002892568230602417,0.15658484395754016,0.0,0.3921457199895911,-0.024999999999999994,0.0,0.38999999999999996,1.5,129.88366937954203,0.058256001262510404,True,True,False
4.82,0.18063526156190685,0.5161207495413744,0.19271361980515214,0.011432267151312625,0.0,0.0002892568230602417,0.15562302489776808,0.0,0.3921025214193333,-0.024999999999999994,0.0,0.38999999999999996,1.5,129.88372663463483,0.05711711677391759,True,True,False
4.825,0.17967146327574982,0.5062243640161092,0.19301857350355475,0.011432267151312625,0.0,0.0002892568230602417,0.15465966209656712,0.0,0.3920592549614953,-0.024999999999999994,0.0,0.38999999999999996,1.5,129.88378378957228,0.05598288123295263,True,True,False
4.83,0.1787061674591031,0.496301771852155,0.193315298293284,0.011432267151312625,0.0,0.0002892568230602417,0.1536947966715115,0.0,0.3920159192563583,-0.024999999999999994,0.0,0.38999999999999996,1.5,129.8838408332329,0.05485315152433744,True,True,False
4.835,0.17773941558031273,0.48635238618949894,0.19360374366948235,0.011432267151312625,0.0,0.0002892568230602417,0.15272846998231812,0.0,0.3919725132636708,-0.024999999999999994,0.0,0.38999999999999996,1.5,129.88389775480778,0.05372780033927034,True,True,False
4.84,0.17677124935216038,0.4763756939535177,0.19388386036579902,0.011432267151312625,0.0,0.0002892568230602417,0.1517607236260303,0.0,0.3919290362168171,-0.024999999999999994,0.0,0.38999999999999996,1.5,129.88395454378403,0.05260671319633452,True,True,False
4.845,0.1758017107271369,0.46637124803024427,0.19415560015868658,0.011432267151312625,0.0,0.0002892568230602417,0.1507915994327658,0.0,0.39188548759156416,-0.024999999999999994,0.0,0.38999999999999996,1.5,129.88401118993022,0.05148978620082742,True,True,False
4.8500000000000005,0.17483084189317988,0.4563386619777133,0.19441891574455175,0.015563571636997786,0.0,0.0003480128193215173,0.14982113946179426,0.0,0.3918418670847651,-0.024999999999999994,0.0,0.38999999999999996,1.5,129.8844668376241,0.05688895324752358,True,True,False
4.855,0.17385868531493215,0.44627752917892155,0.19467373753952746,0.015563571636997786,0.0,0.0003480128193215173,0.14884938604143522,0.0,0.3917981747558671,-0.024999999999999994,0.0,0.38999999999999996,1.5,129.88452620257715,0.055546372228934646,True,True,False
4.86,0.17288528374266968,0.4361874996455875,0.19492002540601364,0.015563571636997786,0.0,0.0003480128193215173,0.14787638177992568,0.0,0.3917544108597446,-0.024999999999999994,0.0,0.38999999999999996,1.5,129.8845855840119,0.05421383977241577,True,True,False
4.865,0.1719106801340564,0.4260683713990301,0.1951577341571162,0.015563571636997786,0.0,0.0003480128193215173,0.14690216948821916,0.0,0.3917105757502737,-0.024999999999999994,0.0,0.38999999999999996,1.5,129.88464496227843,0.052891171027779266,True,True,False
4.87,0.17093491766408922,0.415920009610304,0.19538682013073613,0.015563571636997786,0.0,0.0003480128193215173,0.14592679218850074,0.0,0.3916666700267443,-0.024999999999999994,0.0,0.38999999999999996,1.5,129.8847043182629,0.051578193021497534,True,True,False
4.875,0.16995803971872184,0.40574234057095715,0.19560724100163512,0.015563571636997786,0.0,0.0003480128193215173,0.14495029310818758,0.0,0.39162269450968645,-0.024999999999999994,0.0,0.38999999999999996,1.5,129.88476363337196,0.050274741792965816,True,True,False
4.88,0.16898008988901994,0.3955353471338509,0.1958189556551815,0.015563571636997786,0.0,0.0003480128193215173,0.14397271567438258,0.0,0.391578650222667,-0.024999999999999994,0.0,0.38999999999999996,1.5,129.88482288951994,0.048980660383546634,True,True,False
4.885,0.1680011119656967,0.38529906528943897,0.19602192410532893,0.015563571636997786,0.0,0.0003480128193215173,0.1429941035086526,0.0,0.39153453837836427,-0.024999999999999994,0.0,0.38999999999999996,1.5,129.88488206911873,0.047695797412129134,True,True,False
4.89,0.1670211499338663,0.37503358150944394,0.1962161074440659,0.015563571636997786,0.0,0.0003480128193215173,0.14201450042198427,0.0,0.3914903603678524,-0.024999999999999994,0.0,0.38999999999999996,1.5,129.88494115506523,0.046420006055594515,True,True,False
4.8950000000000005,0.16604024796792777,0.36473903066285385,0.19640146781306314,0.015563571636997786,0.0,0.0003480128193215173,0.14103395040984312,0.0,0.3914461177520151,-0.024999999999999994,0.0,0.38999999999999996,1.5,129.88500013073343,0.045153143310899896,True,True,False
4.9,0.16505845042649114,0.354415594330031,0.19657796839078207,0.019609808639678705,0.0,0.00042001041453293913,0.14005249764725552,0.0,0.3914018122545999,-0.024999999999999994,0.0,0.38999999999999996,1.5,129.88567091132413,0.050272887128221685,True,True,False
4.905,0.1640758018918608,0.3440634239232351,0.19674554766976013,0.019609808639678705,0.0,0.00042001041453293913,0.13907018652557737,0.0,0.39135744610184064,-0.024999999999999994,0.0,0.38999999999999996,1.5,129.88573276091373,0.048794585761892134,True,True,False
4.91,0.16309234717708126,0.33368271680106665,0.19690417933640023,0.019609808639678705,0.0,0.00042001041453293913,0.13808706166284543,0.0,0.3913130216711306,-0.024999999999999994,0.0,0.38999999999999996,1.5,129.88579463789935,0.047330827046497756,True,True,False
4.915,0.16210813124777462,0.32327380602873573,0.19705382932726265,0.019609808639678705,0.0,0.00042001041453293913,0.13710316782794257,0.0,0.39126854120611143,-0.024999999999999994,0.0,0.38999999999999996,1.5,129.8858565169451,0.04588137165527109,True,True,False
4.92,0.1611231992308055,0.31283708150471107,0.19719446535482407,0.019609808639678705,0.0,0.00042001041453293913,0.13611854994649186,0.0,0.3912240071526143,-0.024999999999999994,0.0,0.38999999999999996,1.5,129.88591837345143,0.04444598910751302,True,True,False
4.925,0.16013759640668657,0.30237298383411043,0.19732605671996198,0.019609808639678705,0.0,0.00042001041453293913,0.13513325309360286,0.0,0.3911794221343382,-0.024999999999999994,0.0,0.38999999999999996,1.5,129.88598018354008,0.04302445536265358,True,True,False
4.93,0.15915136820255757,0.2918819995158402,0.19744857417877376,0.019609808639678705,0.0,0.00042001041453293913,0.1341473224871284,0.0,0.3911347889336835,-0.024999999999999994,0.0,0.38999999999999996,1.5,129.88604192404162,0.041616551193467924,True,True,False
4.9350000000000005,0.15816456018560276,0.28136465710880876,0.1975619898486474,0.019609808639678705,0.0,0.00042001041453293913,0.13316080348131232,0.0,0.3910901104764499,-0.024999999999999994,0.0,0.38999999999999996,1.5,129.88610357248254,0.04022206109089127,True,True,False
4.94,0.15717721805677523,0.27082152411843524,0.19766627714250354,0.019609808639678705,0.0,0.00042001041453293913,0.13217374156070938,0.0,0.3910453898193524,-0.024999999999999994,0.0,0.38999999999999996,1.5,129.88616510707536,0.03884077253215072,True,True,False
4.945,0.1561893876447235,0.2602532044288099,0.19776141072310205,0.019609808639678705,0.0,0.00042001041453293913,0.1311861823342807,0.0,0.3910006301397281,-0.024999999999999994,0.0,0.38999999999999996,1.5,129.88622650670536,0.03747247549838856,True,True,False
4.95,0.1552011148998676,0.24966033611452393,0.19784736647153067,0.02307303911689862,0.0,0.0004993117673816247,0.1301981715296192,0.0,0.39095583472672013,-0.024999999999999994,0.0,0.38999999999999996,1.5,129.88707252593608,0.041575685829454104,True,True,False
4.955,0.15421244592674324,0.2390435252472452,0.19792409545860207,0.02307303911689862,0.0,0.0004993117673816247,0.12920975502230386,0.0,0.3909110075025689,-0.024999999999999994,0.0,0.38999999999999996,1.5,129.88713644993535,0.0400368545404495,True,True,False
4.96,0.15322342698834207,0.2284034101297112,0.19799158713021156,0.02307303911689862,0.0,0.0004993117673816247,0.1282209788440252,0.0,0.39086615248690904,-0.024999999999999994,0.0,0.38999999999999996,1.5,129.88720033447706,0.03851555371958687,True,True,False
4.965,0.1522341044379387,0.21774073726715804,0.19804982058194798,0.02307303911689862,0.0,0.0004993117673816247,0.12723188911709282,0.0,0.3908212733177119,-0.024999999999999994,0.0,0.38999999999999996,1.5,129.88726415185155,0.037011489356572086,True,True,False
4.97,0.15124452472545022,0.207056293632197,0.1980987766942423,0.02307303911689862,0.0,0.0004993117673816247,0.12624253205761138,0.0,0.390776373769338,-0.024999999999999994,0.0,0.38999999999999996,1.5,129.88732787523656,0.035524374984332155,True,True,False
4.9750000000000005,0.15025473438979647,0.19635090094955981,0.19813843795298164,0.02307303911689862,0.0,0.0004993117673816247,0.125252953968092,0.0,0.3907314577299588,-0.024999999999999994,0.0,0.38999999999999996,1.5,129.8873914786794,0.034053929754290405,True,True,False
4.98,0.14926478005183488,0.18562541115738154,0.19816878831764098,0.02307303911689862,0.0,0.0004993117673816247,0.12426320123058718,0.0,0.3906865291835624,-0.024999999999999994,0.0,0.38999999999999996,1.5,129.88745493708205,0.03259987717237478,True,True,False
4.985,0.14827470840774715,0.1748807027516984,0.19818981312393077,0.02307303911689862,0.0,0.0004993117673816247,0.12327332030023877,0.0,0.39064159219543454,-0.024999999999999994,0.0,0.38999999999999996,1.5,129.8875182261863,0.031161944283685503,True,True,False
4.99,0.14728456622276254,0.1641176777874841,0.19820149901139406,0.02307303911689862,0.0,0.0004993117673816247,0.12228335769913233,0.0,0.3905966509002453,-0.024999999999999994,0.0,0.38999999999999996,1.5,129.88758132255916,0.029739861161700507,True,True,False
4.995,0.1462944003251267,0.15333725938104784,0.19820383386895313,0.02307303911689862,0.0,0.0004993117673816247,0.12129336001037339,0.0,0.3905517094921374,-0.024999999999999994,0.0,0.38999999999999996,1.5,129.88764420357955,0.028333360604579583,True,True,False
5.0,0.1453042575983137,0.1425403923878646,0.1981968088564566,0.025740547834733285,0.0,0.0005796655457754759,0.12030337387034977,0.0,0.39050677222739916,-0.024999999999999994,0.0,0.38999999999999996,1.5,129.88858853157984,0.031146439253277633,True,True,False
5.005,0.14431418490155473,0.13172810891421516,0.19818042496188895,0.025740547834733285,0.0,0.0005796655457754759,0.1193134458857501,0.0,0.39046184454181776,-0.024999999999999994,0.0,0.38999999999999996,1.5,129.88865324047362,0.02961780126652422,True,True,False
5.01,0.14332422902312467,0.12090150660861361,0.19815469988941053,0.025740547834733285,0.0,0.0005796655457754759,0.11832362259129023,0.0,0.3904169321077742,-0.024999999999999994,0.0,0.38999999999999996,1.5,129.8887177860975,0.02810698918980037,True,True,False
5.015,0.14233443674991944,0.11006164552304347,0.19811963621604398,0.025740547834733285,0.0,0.0005796655457754759,0.1173339505229682,0.0,0.390372039570556,-0.024999999999999994,0.0,0.38999999999999996,1.5,129.8887821424022,0.02661383122590784,True,True,False
5.0200000000000005,0.14134485486916354,0.09920955044856743,0.19807523457395923,0.025740547834733285,0.0,0.0005796655457754759,0.11634447621626663,0.0,0.3903271714140091,-0.024999999999999994,0.0,0.38999999999999996,1.5,129.88884628415747,0.025138152493903165,True,True,False
5.025,0.14035553017715255,0.08834621495628003,0.19802149388901005,0.025740547834733285,0.0,0.0005796655457754759,0.11535524621461399,0.0,0.3902823319759905,-0.024999999999999994,0.0,0.38999999999999996,1.5,129.88891018694645,0.023679775292623037,True,True,False
5.03,0.13936650948638682,0.07747260703174975,0.1979584116616272,0.025740547834733285,0.0,0.0005796655457754759,0.11436630707624468,0.0,0.39023752547025964,-0.024999999999999994,0.0,0.38999999999999996,1.5,129.88897382715652,0.02223851909290754,True,True,False
5.035,0.13837783963111996,0.0665896753210471,0.19788598426244056,0.025740547834733285,0.0,0.0005796655457754759,0.11337770537950208,0.0,0.39019275601075565,-0.024999999999999994,0.0,0.38999999999999996,1.5,129.88903718197255,0.02081420038463984,True,True,False
5.04,0.1373895674713864,0.05569835538342372,0.19780420722599018,0.025740547834733285,0.0,0.0005796655457754759,0.11238948772665851,0.0,0.3901480276359003,-0.024999999999999994,0.0,0.38999999999999996,1.5,129.88910022936867,0.019406632457407993,True,True,False
5.045,0.1364017398956079,0.0447995756041126,0.19771307553283166,0.025740547834733285,0.0,0.0005796655457754759,0.11140170074635511,0.0,0.39010334433152016,-0.024999999999999994,0.0,0.38999999999999996,1.5,129.8891629480997,0.018015625164057483,True,True,False
5.05,0.13541440382189185,0.033894262486635754,0.19761258387469316,0.027571280642577578,0.0,0.0006554583263555574,0.11041439109477337,0.0,0.39005871005158066,-0.024999999999999994,0.0,0.38999999999999996,1.5,129.89011971137663,0.019526356357944585,True,True,False
5.055,0.13442760618612218,0.022983348354235458,0.19750271632403124,0.027571280642577578,0.0,0.0006554583263555574,0.10942760544354535,0.0,0.39001412960180953,-0.024999999999999994,0.0,0.38999999999999996,1.5,129.8901833790528,0.018063861022314845,True,True,False
5.0600000000000005,0.1334413939500167,0.012067766454264715,0.19738347889629665,0.027571280642577578,0.0,0.0006554583263555574,0.10844139048899183,0.0,0.3899696077649275,-0.024999999999999994,0.0,0.38999999999999996,1.5,129.89024673163124,0.01662004475889714,True,True,False
5.065,0.13245581411638005,0.0011484550412198557,0.19725486579629856,0.027571280642577578,0.0,0.0006554583263555574,0.10745579296686476,0.0,0.38992514846640547,-0.024999999999999994,0.0,0.38999999999999996,1.5,129.89030974611174,0.015194674346824297,True,True,False
5.07,0.13147091375840045,0.009773628709945883,0.1971168409724413,0.027571280642577578,0.0,0.0006554583263555574,0.10647085968099376,0.0,0.3898807556742836,-0.024999999999999994,0.0,0.38999999999999996,1.5,129.89037240036708,0.01378751106072669,True,True,False
5.075,0.13048674027623022,0.020697498110909658,0.19696933537363545,0.027571280642577578,0.0,0.0006554583263555574,0.10548663775997358,0.0,0.3898364334575753,-0.024999999999999994,0.0,0.38999999999999996,1.5,129.89043467313232,0.012398310740819748,True,True,False
5.08,0.12950334122807983,0.031622139582319936,0.196812343780022,0.027571280642577578,0.0,0.0006554583263555574,0.10450317448835356,0.0,0.38979218595924925,-0.024999999999999994,0.0,0.38999999999999996,1.5,129.89049654399548,0.011026823235419314,True,True,False
5.085,0.128520764186301,0.04254652045019517,0.1966458641360884,0.027571280642577578,0.0,0.0006554583263555574,0.10352051716277356,0.0,0.3897480173735838,-0.024999999999999994,0.0,0.38999999999999996,1.5,129.89055799338635,0.009672792861961765,True,True,False
5.09,0.12753905673035953,0.053469588030557146,0.1964698956195796,0.027571280642577578,0.0,0.0006554583263555574,0.10253871308500241,0.0,0.3897039319481941,-0.024999999999999994,0.0,0.38999999999999996,1.5,129.89061900256536,0.008335958645424316,True,True,False
5.095,0.12655826644032528,0.06439026958306447,0.19628443874962115,0.027571280642577578,0.0,0.0006554583263555574,0.10155780955549672,0.0,0.38965993398437404,-0.024999999999999994,0.0,0.38999999999999996,1.5,129.8906795536119,0.007016054599126867,True,True,False
5.1000000000000005,0.12557844088993958,0.07530747262391395,0.19608949547800616,0.02861813177241529,0.0,0.0007216697078510415,0.10057785386653639,0.0,0.3896160278357999,-0.024999999999999994,0.0,0.38999999999999996,1.5,129.8915633726129,0.0073626052626328264,True,True,False
5.105,0.12459962763087,0.0862200836350365,0.195885057614203,0.02861813177241529,0.0,0.0007216697078510415,0.09959889328924615,0.0,0.38957221869312425,-0.024999999999999994,0.0,0.38999999999999996,1.5,129.89162394004993,0.006016265599772974,True,True,False
5.11,0.12362187419154537,0.09712697462556551,0.1956711421182831,0.02861813177241529,0.0,0.0007216697078510415,0.09862097507092835,0.0,0.3895285117783209,-0.024999999999999994,0.0,0.38999999999999996,1.5,129.89168403771941,0.004687581936790586,True,True,False
5.115,0.12264522808290877,0.10802700579290272,0.19544775453606403,0.02861813177241529,0.0,0.0007216697078510415,0.09764414643758376,0.0,0.3894849115559178,-0.024999999999999994,0.0,0.38999999999999996,1.5,129.8917436482025,0.0033762562251058725,True,True,False
5.12,0.1216697367837785,0.11891902240981862,0.19521490244767503,0.02861813177241529,0.0,0.0007216697078510415,0.0966684545814489,0.0,0.38944142252475683,-0.024999999999999994,0.0,0.38999999999999996,1.5,129.8918027549125,0.002081986514420403,True,True,False
5.125,0.12069544773085272,0.1298018544276561,0.19497259523578644,0.02861813177241529,0.0,0.0007216697078510415,0.09569394665106046,0.0,0.389398049219641,-0.024999999999999994,0.0,0.38999999999999996,1.5,129.89186134207958,0.0008044675410443652,True,True,False
5.13,0.11972240831024106,0.14067431826622634,0.19472084403381063,0.02861813177241529,0.0,0.0007216697078510415,0.09472066974280774,0.0,0.3893547962045693,-0.024999999999999994,0.0,0.38999999999999996,1.5,129.89191939473432,0.00045660871364305855,True,True,False
5.135,0.11875066584905636,0.15153521887571103,0.19445966173358736,0.02861813177241529,0.0,0.0007216697078510415,0.09374867089252562,0.0,0.3893116680648994,-0.024999999999999994,0.0,0.38999999999999996,1.5,129.89197689869243,0.0017015524454241648,True,True,False
5.14,0.11778026760703253,0.1623833519065018,0.1941890629825462,0.02861813177241529,0.0,0.0007216697078510415,0.09277799706709369,0.0,0.3892686693990632,-0.024999999999999994,0.0,0.38999999999999996,1.5,129.89203384053687,0.002930675429652918,True,True,False
5.1450000000000005,0.11681126076821623,0.1732175059925475,0.19390906417143103,0.02861813177241529,0.0,0.0007216697078510415,0.09180869515608778,0.0,0.3892258048099046,-0.024999999999999994,0.0,0.38999999999999996,1.5,129.89209020760072,0.0041442904092428845,True,True,False
5.15,0.11584369243277277,0.1840364651244187,0.19361968341846622,0.02913914421702052,0.0,0.0007741169769103156,0.09084081196352264,0.0,0.3891830788957021,-0.024999999999999994,0.0,0.38999999999999996,1.5,129.89281891228927,0.004521712558861191,True,True,False
5.155,0.11487760960280109,0.19483901079869725,0.19332092995833458,0.02913914421702052,0.0,0.0007741169769103156,0.08987439419833324,0.0,0.3891404968763752,-0.024999999999999994,0.0,0.38999999999999996,1.5,129.89287459197536,0.005734851212593789,True,True,False
5.16,0.11391305917937904,0.2056239277313579,0.19301283601439095,0.02913914421702052,0.0,0.0007741169769103156,0.08890948846756663,0.0,0.38909806393684776,-0.024999999999999994,0.0,0.38999999999999996,1.5,129.89292967941782,0.006932648524548862,True,True,False
5.165,0.11295008796291653,0.216390004841399,0.1926954243342476,0.02913914421702052,0.0,0.0007741169769103156,0.08794614127135619,0.0,0.38905578458949597,-0.024999999999999994,0.0,0.38999999999999996,1.5,129.8929841635241,0.008115422652102217,True,True,False
5.17,0.11198874264041636,0.2271360349233266,0.19236871925123505,0.02913914421702052,0.0,0.0007741169769103156,0.08698439899430305,0.0,0.3890136633099446,-0.024999999999999994,0.0,0.38999999999999996,1.5,129.89303803390087,0.00928348999137564,True,True,False
5.175,0.11102906977818236,0.23786081677733042,0.19203274663830494,0.02913914421702052,0.0,0.0007741169769103156,0.08602430789801377,0.0,0.38897170452907404,-0.024999999999999994,0.0,0.38999999999999996,1.5,129.89309128083372,0.010437164570697488,True,True,False
5.18,0.11007111581479549,0.24856315732335088,0.19168753385582793,0.02913914421702052,0.0,0.0007741169769103156,0.08506591411388065,0.0,0.3889299126250755,-0.024999999999999994,0.0,0.38999999999999996,1.5,129.89314389526734,0.011576757450742811,True,True,False
5.1850000000000005,0.10911492705437578,0.25924187365497,0.19133310969450068,0.02913914421702052,0.0,0.0007741169769103156,0.08410926363612317,0.0,0.38888829191569046,-0.024999999999999994,0.0,0.38999999999999996,1.5,129.8931958687859,0.012702576136504357,True,True,False
5.19,0.10816054966010338,0.2698957950723215,0.19096950436000037,0.02913914421702052,0.0,0.0007741169769103156,0.08315440231506305,0.0,0.3888468466506247,-0.024999999999999994,0.0,0.38999999999999996,1.5,129.89324719359342,0.01381492424622996,True,True,False
5.195,0.10720802964757038,0.28052376537372165,0.19059674950202976,0.02913914421702052,0.0,0.0007741169769103156,0.08220137585019102,0.0,0.38880558100299173,-0.024999999999999994,0.0,0.38999999999999996,1.5,129.89329786249283,0.014914101201635846,True,True,False
5.2,0.10625741287905326,0.29112464470449967,0.19021487788243086,0.02942128551731832,0.0,0.0008099431894207005,0.08125022978414051,0.0,0.38876449906234994,-0.024999999999999994,0.0,0.38999999999999996,1.5,129.8938132336423,0.015555846449417668,True,True,False
5.205,0.1053087450533499,0.30169731014034573,0.1898239157428928,0.02942128551731832,0.0,0.0008099431894207005,0.08030100949756391,0.0,0.3887236052705358,-0.024999999999999994,0.0,0.38999999999999996,1.5,129.8938628413578,0.016645584130743574,True,True,False
5.21,0.10436207170216294,0.3122406554510344,0.18942390828846425,0.02942128551731832,0.0,0.0008099431894207005,0.07935376020084478,0.0,0.3886829039852822,-0.024999999999999994,0.0,0.38999999999999996,1.5,129.89391178246632,0.017722735331644812,True,True,False
5.215,0.10341743809442672,0.3227534885802437,0.18901492098401565,0.02942128551731832,0.0,0.0008099431894207005,0.07840852683786326,0.0,0.38864239945584134,-0.024999999999999994,0.0,0.38999999999999996,1.5,129.8939600516896,0.018788737641058414,True,True,False
5.22,0.102474889171861,0.3332345774336533,0.18859701032496576,0.02942128551731832,0.0,0.0008099431894207005,0.0774653540247687,0.0,0.38860209608198115,-0.024999999999999994,0.0,0.38999999999999996,1.5,129.89400764452463,0.01984370219518787,True,True,False
5.2250000000000005,0.10153446965204324,0.3436828085490182,0.1881702239267776,0.02942128551731832,0.0,0.0008099431894207005,0.07652428614440751,0.0,0.38856199777811107,-0.024999999999999994,0.0,0.38999999999999996,1.5,129.89405455677579,0.020887562604364654,True,True,False
5.23,0.10059622405379612,0.35409717295676363,0.18773460532256742,0.02942128551731832,0.0,0.0008099431894207005,0.0755853673712191,0.0,0.38852210802883264,-0.024999999999999994,0.0,0.38999999999999996,1.5,129.89410078457016,0.02192032744319719,True,True,False
5.235,0.0996601967109384,0.36447674552745446,0.18729019508458833,0.02942128551731832,0.0,0.0008099431894207005,0.07464864168501542,0.0,0.38848242997053084,-0.024999999999999994,0.0,0.38999999999999996,1.5,129.8941463243812,0.02294205679652693,True,True,False
5.24,0.09872643178175791,0.37482066733183006,0.18683703168738214,0.02942128551731832,0.0,0.0008099431894207005,0.07371415288050975,0.0,0.3884429664610395,-0.024999999999999994,0.0,0.38999999999999996,1.5,129.89419117304277,0.023952846083659843,True,True,False
5.245,0.09779497325512679,0.38512813131472995,0.18637515220539616,0.02942128551731832,0.0,0.0008099431894207005,0.07278194457346107,0.0,0.38840372013620733,-0.024999999999999994,0.0,0.38999999999999996,1.5,129.89423532775274,0.024952810726490415,True,True,False
5.25,0.0968658649542217,0.3953983709624523,0.18590459281737656,0.029608437703785795,0.0,0.0008275867549618803,0.07185206020437743,0.0,0.3883646934546792,-0.024999999999999994,0.0,0.38999999999999996,1.5,129.8945081946477,0.02564716476468372,True,True,False
5.255,0.09593915053831663,0.40563065470446524,0.1854253843639675,0.029608437703785795,0.0,0.0008275867549618803,0.07092454304376439,0.0,0.38832588893475595,-0.024999999999999994,0.0,0.38999999999999996,1.5,129.8945511320189,0.026636453608963787,True,True,False
5.26,0.09501487350601226,0.4158242758040206,0.18493756628759755,0.029608437703785795,0.0,0.0008275867549618803,0.06999943619217999,0.0,0.3882873089795787,-0.024999999999999994,0.0,0.38999999999999996,1.5,129.89459337330243,0.027615036696923514,True,True,False
5.265,0.09409307719425174,0.4259785431997476,0.18444117394012702,0.029608437703785795,0.0,0.0008275867549618803,0.06907678257540009,0.0,0.38824895569892826,-0.024999999999999994,0.0,0.38999999999999996,1.5,129.89463491672092,0.028583055844139393,True,True,False
5.2700000000000005,0.09317380477620173,0.43609278088633496,0.18393624281877657,0.029608437703785795,0.0,0.0008275867549618803,0.06815662494538871,0.0,0.3882108311264909,-0.024999999999999994,0.0,0.38999999999999996,1.5,129.89467576084178,0.029540651322147754,True,True,False
5.275,0.09225709926002963,0.4461663251470282,0.18342280866604274,0.029608437703785795,0.0,0.0008275867549618803,0.06723900587882059,0.0,0.3881729372310009,-0.024999999999999994,0.0,0.38999999999999996,1.5,129.89471590456677,0.030487960895761862,True,True,False
5.28,0.09134300348739299,0.45619852243213715,0.18290090754296476,0.029608437703785795,0.0,0.0008275867549618803,0.06632396777528479,0.0,0.3881352759247988,-0.024999999999999994,0.0,0.38999999999999996,1.5,129.89475534712113,0.031425119193525475,True,True,False
5.285,0.09043156013172358,0.4661887277376014,0.1823705758829422,0.029608437703785795,0.0,0.0008275867549618803,0.06541155285525599,0.0,0.3880978490704486,-0.024999999999999994,0.0,0.38999999999999996,1.5,129.89479408804243,0.03235225730451867,True,True,False
5.29,0.08952281169637417,0.4761363033634501,0.18183185053139828,0.029608437703785795,0.0,0.0008275867549618803,0.06450180315790371,0.0,0.3880606584858963,-0.024999999999999994,0.0,0.38999999999999996,1.5,129.8948321271707,0.0332695025296363,True,True,False
5.295,0.08861680051265393,0.48604061792791964,0.18128476877515898,0.029608437703785795,0.0,0.0008275867549618803,0.06359476053876889,0.0,0.38802370594857416,-0.024999999999999994,0.0,0.38999999999999996,1.5,129.89486946463649,0.03417697823866374,True,True,False
5.3,0.08771356873779998,0.4959010456173629,0.18072936836437017,0.02963027272910701,0.0,0.0008261906190289431,0.06269046666735512,0.0,0.38798699319865904,-0.024999999999999994,0.0,0.38999999999999996,1.5,129.89488733015122,0.0350403798274048,True,True,False
5.305,0.08681315835344514,0.5057169659944348,0.18016568780003325,0.02963027272910701,0.0,0.0008261906190289431,0.061788963024731414,0.0,0.3879505219220137,-0.024999999999999994,0.0,0.38999999999999996,1.5,129.89492328615987,0.03592990583890358,True,True,False
5.3100000000000005,0.08591561116331323,0.5154877630739729,0.1795937654375468,0.02963027272910701,0.0,0.0008261906190289431,0.060890290901223804,0.0,0.38791429377217557,-0.024999999999999994,0.0,0.38999999999999996,1.5,129.8949585429333,0.03680997586233067,True,True,False
5.315,0.08502096879035598,0.5252128243900844,0.17901364049853186,0.02963027272910701,0.0,0.0008261906190289431,0.05999449139361451,0.0,0.38787831039228765,-0.024999999999999994,0.0,0.38999999999999996,1.5,129.89499310162654,0.037680697848315514,True,True,False
5.32,0.08412927267496026,0.5348915411163768,0.17842535271838186,0.02963027272910701,0.0,0.0008261906190289431,0.059101605402454405,0.0,0.38784257339692224,-0.024999999999999994,0.0,0.38999999999999996,1.5,129.89502696363905,0.038542175796409166,True,True,False
5.325,0.08324056407278524,0.5445233078095746,0.17782894235109084,0.02963027272910701,0.0,0.0008261906190289431,0.058211673629424865,0.0,0.3878070843733641,-0.024999999999999994,0.0,0.38999999999999996,1.5,129.8950601306055,0.03939450983283576,True,True,False
5.33,0.08235488405260047,0.5541075221993694,0.17722445017321262,0.02963027272910701,0.0,0.0008261906190289431,0.05732473657468207,0.0,0.3877718448827625,-0.024999999999999994,0.0,0.38999999999999996,1.5,129.895092604387,0.04023779629172309,True,True,False
5.335,0.08147227349413318,0.5636435849960739,0.17661191748714933,0.02963027272910701,0.0,0.0008261906190289431,0.05644083453419066,0.0,0.38773685646115524,-0.024999999999999994,0.0,0.38999999999999996,1.5,129.895124387063,0.04107212779857615,True,True,False
5.34,0.08059277308592311,0.5731308997385661,0.1759913861239034,0.02963027272910701,0.0,0.0008261906190289431,0.05556000759704516,0.0,0.38770212062041554,-0.024999999999999994,0.0,0.38999999999999996,1.5,129.8951554809227,0.04189759335508662,True,True,False
5.345,0.07971642332319105,0.5825688726470734,0.17536289844538813,0.02963027272910701,0.0,0.0008261906190289431,0.05468229564278371,0.0,0.3876676388491035,-0.024999999999999994,0.0,0.38999999999999996,1.5,129.89518588845755,0.04271427842460519,True,True,False
5.3500000000000005,0.07884326450572315,0.5919569125121085,0.1747264973463628,0.02941986450551015,0.0,0.0008053274816025726,0.053807738338695316,0.0,0.3876334126132426,-0.024999999999999994,0.0,0.38999999999999996,1.5,129.89494021767854,0.04385382200524239,True,True,False
5.355,0.07797333673860857,0.6012944269889053,0.1740822320197522,0.02941986450551015,0.0,0.0008053274816025726,0.05293637513249519,0.0,0.3875994431147271,-0.024999999999999994,0.0,0.38999999999999996,1.5,129.8949690694211,0.04464128709640289,True,True,False
5.36,0.07710667992510786,0.6105808262031295,0.1734301415489927,0.02941986450551015,0.0,0.0008053274816025726,0.05206824525126294,0.0,0.3875657315340701,-0.024999999999999994,0.0,0.38999999999999996,1.5,129.89499724061164,0.04542052089876434,True,True,False
5.365,0.0762433337629866,0.6198155270980217,0.17277027046137025,0.02941986450551015,0.0,0.0008053274816025726,0.05120338770482871,0.0,0.38753227926990647,-0.024999999999999994,0.0,0.38999999999999996,1.5,129.89502473483353,0.04619158999625187,True,True,False
5.37,0.07538333774656152,0.6289979496557009,0.17210266378168815,0.02941986450551015,0.0,0.0008053274816025726,0.05034184128005273,0.0,0.387499087697757,-0.024999999999999994,0.0,0.38999999999999996,1.5,129.895051555821,0.04695455820402909,True,True,False
5.375,0.07452673116478735,0.6381275165666597,0.17142736705247666,0.02941986450551015,0.0,0.0008053274816025726,0.049483644538231425,0.0,0.3874661581716934,-0.024999999999999994,0.0,0.38999999999999996,1.5,129.89507770745357,0.047709488648867045,True,True,False
5.38,0.07367355309884559,0.6472036523111891,0.17074442644263396,0.02941986450551015,0.0,0.0008053274816025726,0.04862883581208577,0.0,0.3874334920289746,-0.024999999999999994,0.0,0.38999999999999996,1.5,129.89510319375242,0.048456454477903164,True,True,False
5.385,0.07282384241970175,0.6562257829574044,0.17005388870498372,0.02941986450551015,0.0,0.0008053274816025726,0.047777453202589304,0.0,0.38740109059132943,-0.024999999999999994,0.0,0.38999999999999996,1.5,129.89512801887514,0.04919551516159767,True,True,False
5.39,0.07197763778639532,0.6651933368960495,0.16935580112908757,0.02941986450551015,0.0,0.0008053274816025726,0.046929534576341136,0.0,0.3873689551618284,-0.024999999999999994,0.0,0.38999999999999996,1.5,129.8951521871074,0.04992672480860382,True,True,False
5.3950000000000005,0.07113497764421949,0.6741057449512139,0.168650211539848,0.02941986450551015,0.0,0.0008053274816025726,0.04608511756288938,0.0,0.3873370870247412,-0.024999999999999994,0.0,0.38999999999999996,1.5,129.89517570285807,0.050650134685583686,True,True,False
5.4,0.07029590022293646,0.6829624404511071,0.16793716829401864,0.02891742897541688,0.0,0.0007652987916094594,0.045244239552061,0.0,0.3873054874456208,-0.024999999999999994,0.0,0.38999999999999996,1.5,129.89466611383182,0.052157574003838546,True,True,False
5.405,0.06946044354243255,0.6917628505276224,0.16721673171081167,0.02891742897541688,0.0,0.0007652987916094594,0.044406937680695396,0.0,0.38727415721298397,-0.024999999999999994,0.0,0.38999999999999996,1.5,129.8946878961403,0.05283710564044061,True,True,False
5.41,0.06862864539827308,0.7005064051515044,0.16648894188356886,0.02891742897541688,0.0,0.0007652987916094594,0.0435732488335015,0.0,0.38724309709627,-0.024999999999999994,0.0,0.38999999999999996,1.5,129.89470903523443,0.05350972322415695,True,True,False
5.415,0.06780054335572698,0.7091925478802683,0.16575384880879365,0.02891742897541688,0.0,0.0007652987916094594,0.0427432096545248,0.0,0.3872123082962937,-0.024999999999999994,0.0,0.38999999999999996,1.5,129.89472953672472,0.05417545429769281,True,True,False
5.42,0.06697617475859545,0.7178207268664089,0.16501150290846933,0.02891742897541688,0.0,0.0007652987916094594,0.041916856537770136,0.0,0.3871817919882645,-0.024999999999999994,0.0,0.38999999999999996,1.5,129.89474940628654,0.05483432484442926,True,True,False
5.425,0.06615557672794563,0.7263903942908186,0.16426195505446273,0.02891742897541688,0.0,0.0007652987916094594,0.04109422562490442,0.0,0.38715154932439927,-0.024999999999999994,0.0,0.38999999999999996,1.5,129.89476864965675,0.05548635908375464,True,True,False
5.43,0.06533878616083957,0.734901005951473,0.16350525658574036,0.02891742897541688,0.0,0.0007652987916094594,0.04027535280288916,0.0,0.3871215814358796,-0.024999999999999994,0.0,0.38999999999999996,1.5,129.8947872726307,0.05613157935658431,True,True,False
5.4350000000000005,0.06452583972907634,0.7433520209932051,0.16274145932024853,0.02891742897541688,0.0,0.0007652987916094594,0.039460273701561244,0.0,0.3870918894343132,-0.024999999999999994,0.0,0.38999999999999996,1.5,129.8948052810595,0.05677000607162385,True,True,False
5.44,0.06371677387796308,0.7517429017136311,0.16197061556283468,0.02891742897541688,0.0,0.0007652987916094594,0.03864902369117845,0.0,0.38706247441282904,-0.024999999999999994,0.0,0.38999999999999996,1.5,129.89482268084723,0.05740165769239987,True,True,False
5.445,0.06291162482513188,0.7600731134601163,0.16119277811022575,0.02891742897541688,0.0,0.0007652987916094594,0.03784163787994496,0.0,0.3870333374468913,-0.024999999999999994,0.0,0.38999999999999996,1.5,129.89483947794827,0.058026550751587275,True,True,False
5.45,0.06211042855941445,0.768342124573209,0.16040800025380947,0.028047268133658487,0.0,0.0007071471875041644,0.03703815111152681,0.0,0.38700447959487966,-0.024999999999999994,0.0,0.38999999999999996,1.5,129.89407399238183,0.060016041821024706,True,True,False
5.455,0.06131322085444488,0.7765493910171809,0.1596163529003823,0.028047268133658487,0.0,0.0007071471875041644,0.03623859794473058,0.0,0.38697590124010894,-0.024999999999999994,0.0,0.38999999999999996,1.5,129.8940888676024,0.06057823471559341,True,True,False
5.46,0.0605200372437159,0.7846943721426783,0.15881787688524013,0.028047268133658487,0.0,0.0007071471875041644,0.03544301265654243,0.0,0.38694760274836115,-0.024999999999999994,0.0,0.38999999999999996,1.5,129.89410315396003,0.06113500293788013,True,True,False
5.465,0.059730913010411106,0.7927765494148279,0.1580126270906011,0.028047268133658487,0.0,0.0007071471875041644,0.03465142926349454,0.0,0.38691958511242286,-0.024999999999999994,0.0,0.38999999999999996,1.5,129.8941168587284,0.061686332624850376,True,True,False
5.47,0.0589458832064467,0.8007954106281351,0.15720065872537223,0.028047268133658487,0.0,0.0007071471875041644,0.033863881508024496,0.0,0.3868918492962362,-0.024999999999999994,0.0,0.38999999999999996,1.5,129.89412998916316,0.062232209660881825,True,True,False
5.4750000000000005,0.05816498265214811,0.8087504488924874,0.1563820273692709,0.028047268133658487,0.0,0.0007071471875041644,0.03308040285655939,0.0,0.3868643962392452,-0.024999999999999994,0.0,0.38999999999999996,1.5,129.89414255250205,0.06277261925145336,True,True,False
5.48,0.057388245935912886,0.8166411619119863,0.15555678900410455,0.028047268133658487,0.0,0.0007071471875041644,0.03230102649746602,0.0,0.38683722685961835,-0.024999999999999994,0.0,0.38999999999999996,1.5,129.8941545559646,0.06330754565819524,True,True,False
5.485,0.05661570741389561,0.8244670514799104,0.1547250000355743,0.028047268133658487,0.0,0.0007071471875041644,0.03152578533890499,0.0,0.3868103420566039,-0.024999999999999994,0.0,0.38999999999999996,1.5,129.89416600675202,0.06383697204294826,True,True,False
5.49,0.0558474012097377,0.8322276231430943,0.15388671730809636,0.028047268133658487,0.0,0.0007071471875041644,0.030754712006613588,0.0,0.38678374271225213,-0.024999999999999994,0.0,0.38999999999999996,1.5,129.89417691204716,0.06436088038530266,True,True,False
5.495,0.05508336121438524,0.8399223859889755,0.1530419981144849,0.028047268133658487,0.0,0.0007071471875041644,0.0299878388416564,0.0,0.38675742969259486,-0.024999999999999994,0.0,0.38999999999999996,1.5,129.89418727901423,0.06487925144964213,True,True,False
5.5,0.054323621085984465,0.8475508525273291,0.15219090020183987,0.026803134996951083,0.0,0.0006325918660959023,0.029225197898138572,0.0,0.3867314038485421,-0.024999999999999994,0.0,0.38999999999999996,1.5,129.89318297239566,0.06735284209454079,True,True,False
5.505,0.053568214276255105,0.8551125165586076,0.1513335041522485,0.026803134996951083,0.0,0.0006325918660959023,0.028466820915548446,0.0,0.386705665176177,-0.024999999999999994,0.0,0.38999999999999996,1.5,129.89319128657516,0.06778969278477097,True,True,False
5.51,0.052817173991405036,0.8626068758129,0.15046985150347014,0.026803134996951083,0.0,0.0006325918660959023,0.02771273932424198,0.0,0.38668021365553945,-0.024999999999999994,0.0,0.38999999999999996,1.5,129.89319908302878,0.06822279369654079,True,True,False
5.515,0.05207053317383986,0.8700334588383678,0.1496000015234372,0.026803134996951083,0.0,0.0006325918660959023,0.026962984277085045,0.0,0.3866550500710218,-0.024999999999999994,0.0,0.38999999999999996,1.5,129.89320637022024,0.06865208789419372,True,True,False
5.5200000000000005,0.05132832453616688,0.8773918022734072,0.148724013698834,0.026803134996951083,0.0,0.0006325918660959023,0.026217586631328504,0.0,0.38663017517481524,-0.024999999999999994,0.0,0.38999999999999996,1.5,129.8932131565201,0.06907751943435828,True,True,False
5.525,0.05059058056230144,0.8846814493784514,0.14784194779901128,0.026803134996951083,0.0,0.0006325918660959023,0.025476576947123075,0.0,0.3866055896930577,-0.024999999999999994,0.0,0.38999999999999996,1.5,129.8932194502084,0.06949903272463075,True,True,False
5.53,0.04985733350858999,0.8919019489774281,0.14695386392151688,0.026803134996951083,0.0,0.0006325918660959023,0.024739985485836724,0.0,0.38658129433037536,-0.024999999999999994,0.0,0.38999999999999996,1.5,129.8932252594771,0.06991657211408231,True,True,False
5.535,0.04912861540499977,0.89905285471774,0.14605982252408706,0.026803134996951083,0.0,0.0006325918660959023,0.02400784220822652,0.0,0.3865572897731652,-0.024999999999999994,0.0,0.38999999999999996,1.5,129.89323059243287,0.07033008164049251,True,True,False
5.54,0.04840445805641242,0.906133724558146,0.14515988444669,0.026803134996951083,0.0,0.0006325918660959023,0.023280176772508293,0.0,0.3865335766919863,-0.024999999999999994,0.0,0.38999999999999996,1.5,129.89323545709956,0.07073950488334045,True,True,False
5.545,0.047684893044065646,0.9131441204396594,0.14425411092626905,0.026803134996951083,0.0,0.0006325918660959023,0.022557018532362527,0.0,0.38651015574323033,-0.024999999999999994,0.0,0.38999999999999996,1.5,129.89323986142017,0.0711447848881584,True,True,False
5.55,0.046969951727166205,0.9200836080862693,0.14334256360612532,0.025199872231866205,0.0,0.0005439466780929116,0.02183839653489833,0.0,0.3864870275702834,-0.024999999999999994,0.0,0.38999999999999996,1.5,129.89202284930283,0.07407271400984587,True,True,False
5.555,0.04625966528831012,0.9269517283361111,0.14242533147178701,0.025199872231866205,0.0,0.0005439466780929116,0.021124339485836946,0.0,0.3864641918064257,-0.024999999999999994,0.0,0.38999999999999996,1.5,129.8920251491549,0.07437883136519394,True,True,False
5.5600000000000005,0.045554064676232235,0.933748026399003,0.14150245682679183,0.025199872231866205,0.0,0.0005439466780929116,0.02041487575754311,0.0,0.38644164807062686,-0.024999999999999994,0.0,0.38999999999999996,1.5,129.89202701797677,0.07468301852288378,True,True,False
5.565,0.04485318057449486,0.9404720865724906,0.14057400273995407,0.025199872231866205,0.0,0.0005439466780929116,0.019710033430704654,0.0,0.38641939693996724,-0.024999999999999994,0.0,0.38999999999999996,1.5,129.89202846483497,0.07498517381974559,True,True,False
5.57,0.04415704345651584,0.9471235028235006,0.13964003238833925,0.025199872231866205,0.0,0.0005439466780929116,0.01900984027179728,0.0,0.3863974389565866,-0.024999999999999994,0.0,0.38999999999999996,1.5,129.8920294986391,0.07528519779041597,True,True,False
5.575,0.04346568358897363,0.9537018768642319,0.138700609140499,0.025199872231866205,0.0,0.0005439466780929116,0.01831432373205119,0.0,0.3863757746356166,-0.024999999999999994,0.0,0.38999999999999996,1.5,129.8920301281478,0.07558299232260633,True,True,False
5.58,0.04277913103533771,0.9602068167634634,0.13775579661600304,0.025199872231866205,0.0,0.0005439466780929116,0.017623510946161214,0.0,0.38635440447099934,-0.024999999999999994,0.0,0.38999999999999996,1.5,129.8920303619735,0.07587846011177064,True,True,False
5.585,0.04209741565957401,0.9666379359613264,0.13680565872753384,0.025199872231866205,0.0,0.0005439466780929116,0.016937428730797233,0.0,0.38633332893972605,-0.024999999999999994,0.0,0.38999999999999996,1.5,129.89203020858776,0.076171504318214,True,True,False
5.59,0.041420567130094774,0.9729948525871922,0.13585025971018724,0.025199872231866205,0.0,0.0005439466780929116,0.01625610358298238,0.0,0.3863125485048727,-0.024999999999999994,0.0,0.38999999999999996,1.5,129.89202967632625,0.07646202836083492,True,True,False
5.595,0.04074861492399533,0.9792771890052756,0.13488966414139908,0.025199872231866205,0.0,0.0005439466780929116,0.015579561678377984,0.0,0.3862920636177555,-0.024999999999999994,0.0,0.38999999999999996,1.5,129.89202877339335,0.07674993580309192,True,True,False
5.6000000000000005,0.040081588331626415,0.98548457152956,0.13392393695400404,0.023260324585418157,0.0,0.0004440099278660664,0.014907828869511003,0.0,0.38627187471940716,-0.024999999999999994,0.0,0.38999999999999996,1.5,129.89063300353718,0.08009207901959083,True,True,False
5.605,0.03941951652905718,0.9916165956001376,0.1329531740187618,0.023260324585418157,0.0,0.0004440099278660664,0.014240930644314698,0.0,0.3862519811162833,-0.024999999999999994,0.0,0.38999999999999996,1.5,129.8906300293642,0.08026473275474331,True,True,False
5.61,0.0387624284985163,0.9976728612547454,0.13197741859760082,0.023260324585418157,0.0,0.0004440099278660664,0.013578892136550752,0.0,0.3862323821028438,-0.024999999999999994,0.0,0.38999999999999996,1.5,129.89062672388533,0.08043736922376005,True,True,False
5.615,0.03811035297874839,1.0036530152035346,0.13099673693853717,0.023260324585418157,0.0,0.0004440099278660664,0.012921738176882247,0.0,0.3862130780561532,-0.024999999999999994,0.0,0.38999999999999996,1.5,129.8906230961105,0.08060984089795858,True,True,False
5.62,0.037463318548828436,1.0095567151045695,0.13001119529052726,0.023260324585418157,0.0,0.0004440099278660664,0.01226949326626059,0.0,0.38619406931656,-0.024999999999999994,0.0,0.38999999999999996,1.5,129.89061915484595,0.08078200362547076,True,True,False
5.625,0.036821353635563644,1.0153836272129177,0.129020860004915,0.023260324585418157,0.0,0.0004440099278660664,0.011622181575345975,0.0,0.38617535619728754,-0.024999999999999994,0.0,0.38999999999999996,1.5,129.89061490870225,0.08095371559775458,True,True,False
5.63,0.03618448652126337,1.0211334246778827,0.12802579760821778,0.023260324585418157,0.0,0.0004440099278660664,0.01097982694361066,0.0,0.38615693899146536,-0.024999999999999994,0.0,0.38999999999999996,1.5,129.89061036610178,0.08112483667869212,True,True,False
5.635,0.035552745351946274,1.0268057863276732,0.12702607485384143,0.023260324585418157,0.0,0.0004440099278660664,0.010342452878195824,0.0,0.38613881797724503,-0.024999999999999994,0.0,0.38999999999999996,1.5,129.89060553528645,0.08129522797883115,True,True,False
5.64,0.03492615814607516,1.0324003958240415,0.12602175875835175,0.023260324585418157,0.0,0.0004440099278660664,0.009710082552599253,0.0,0.3861209934214547,-0.024999999999999994,0.0,0.38999999999999996,1.5,129.8906004243239,0.08146475159506117,True,True,False
5.6450000000000005,0.0343047528038873,1.037916941089457,0.1250129166264397,0.023260324585418157,0.0,0.0004440099278660664,0.009082738805245405,0.0,0.38610346558218295,-0.024999999999999994,0.0,0.38999999999999996,1.5,129.89059504111592,0.08163327046193296,True,True,False
5.65,0.0336885571173909,1.043355113940408,0.1239996160676145,0.02101057814387297,0.0,0.00033593677350762666,0.008460444137979833,0.0,0.3860862347105581,-0.024999999999999994,0.0,0.38999999999999996,1.5,129.8890606310637,0.08534661211445893,True,True,False
5.655,0.03307759888032438,1.0487145695508873,0.12298195817140317,0.02101057814387297,0.0,0.00033593677350762666,0.007843220668745238,0.0,0.3860692998344133,-0.024999999999999994,0.0,0.38999999999999996,1.5,129.8890532921924,0.08538542827964332,True,True,False
5.66,0.03247190578273649,1.0539949676910638,0.1219599874806482,0.02101057814387297,0.0,0.00033593677350762666,0.00723109014398951,0.0,0.3860526599724703,-0.024999999999999994,0.0,0.38999999999999996,1.5,129.88904573120476,0.08542618318544982,True,True,False
5.665,0.03187150533806371,1.0591960216281575,0.1209337728019629,0.02101057814387297,0.0,0.00033593677350762666,0.006624073998183377,0.0,0.38603631531631916,-0.024999999999999994,0.0,0.38999999999999996,1.5,129.8890379563756,0.08546868306157154,True,True,False
5.67,0.03127642500613715,1.0643174565490405,0.11990338284248764,0.02101057814387297,0.0,0.00033593677350762666,0.006022193323696162,0.0,0.3860202660199778,-0.024999999999999994,0.0,0.38999999999999996,1.5,129.88902997574883,0.08551273867345902,True,True,False
5.675,0.03068669220805639,1.0693590068156722,0.11886888632806035,0.02101057814387297,0.0,0.00033593677350762666,0.005425468870664446,0.0,0.3860045122109787,-0.024999999999999994,0.0,0.38999999999999996,1.5,129.88902179714748,0.08555816411528613,True,True,False
5.68,0.03010233434194754,1.0743204139751457,0.11783035208819774,0.02101057814387297,0.0,0.00033593677350762666,0.004833921046477424,0.0,0.3859890539985003,-0.024999999999999994,0.0,0.38999999999999996,1.5,129.88901342818338,0.08560477602370808,True,True,False
5.6850000000000005,0.029523378799721483,1.0792014253348232,0.11678784911669844,0.02101057814387297,0.0,0.00033593677350762666,0.004247569914971744,0.0,0.3859738914792713,-0.024999999999999994,0.0,0.38999999999999996,1.5,129.88900487626637,0.08565239307606785,True,True,False
5.69,0.02894985298496298,1.0840017929683659,0.11574144661438894,0.02101057814387297,0.0,0.00033593677350762666,0.0036664351954227015,0.0,0.3859590247417732,-0.024999999999999994,0.0,0.38999999999999996,1.5,129.88899614861361,0.08570083568051465,True,True,False
5.695,0.028381784332062444,1.088721273036314,0.11469121401881024,0.02101057814387297,0.0,0.00033593677350762666,0.003090536261395105,0.0,0.3859444538692116,-0.024999999999999994,0.0,0.38999999999999996,1.5,129.88898725225795,0.08574992579558785,True,True,False
5.7,0.02781920032671007,1.0933596253497022,0.11363722102435667,0.018476690581056665,0.0,0.00022310651943523364,0.002519892139499963,0.0,0.3859301789415363,-0.024999999999999994,0.0,0.38999999999999996,1.5,129.887358604844,0.08979342319107037,True,True,False
5.705,0.027262128667928917,1.097916567553163,0.11257957221112923,0.018476690581056665,0.0,0.00022310651943523364,0.0019545214571898006,0.0,0.3859161987657812,-0.024999999999999994,0.0,0.38999999999999996,1.5,129.88734794246477,0.08969991526463804,True,True,False
5.71,0.02671059713538024,1.1023918217036275,0.11151831383357869,0.018476690581056665,0.0,0.00022310651943523364,0.0013944424565290048,0.0,0.38590251214308535,-0.024999999999999994,0.0,0.38999999999999996,1.5,129.88733717246004,0.08961030280816758,True,True,False
5.715,0.026164633490163507,1.1067851694677031,0.11045351666154937,0.018476690581056665,0.0,0.00022310651943523364,0.0008396730609799563,0.0,0.3858891190997241,-0.024999999999999994,0.0,0.38999999999999996,1.5,129.88732630171896,0.08952434624340466,True,True,False
5.72,0.02562426565211377,1.1110964051444252,0.10938525127409303,0.018476690581056665,0.0,0.00022310651943523364,0.00029023084255880294,0.0,0.3858760196241755,-0.024999999999999994,0.0,0.38999999999999996,1.5,129.88731533689443,0.0894418116669981,True,True,False
5.7250000000000005,0.025089521729392994,1.1153253325633907,0.1083135881927143,0.018476690581056665,0.0,0.00022310651943523364,-0.00025386697787244117,0.0,0.38586321367957543,-0.024999999999999994,0.0,0.38999999999999996,1.5,129.8873042844141,0.0893624694841791,True,True,False
5.73,0.02456043005007982,1.119471762835054,0.10723859797736494,0.018476690581056665,0.0,0.00022310651943523364,-0.0007926035307503632,0.0,0.3858507012128042,-0.024999999999999994,0.0,0.38999999999999996,1.5,129.88729315049235,0.08928609351649565,True,True,False
5.735,0.02403701919592554,1.1235355127393822,0.10616035129509845,0.018476690581056665,0.0,0.00022310651943523364,-0.0013259622982929042,0.0,0.3858384821611046,-0.024999999999999994,0.0,0.38999999999999996,1.5,129.88728194114032,0.08921246042994191,True,True,False
5.74,0.02351931803851006,1.1275164035985574,0.10507891896872026,0.018476690581056665,0.0,0.00022310651943523364,-0.0018539271152117343,0.0,0.38582655645675484,-0.024999999999999994,0.0,0.38999999999999996,1.5,129.88727066217666,0.08914134937919455,True,True,False
5.745,0.023007355777978918,1.1314142605081412,0.10399437201082004,0.018476690581056665,0.0,0.00022310651943523364,-0.002376482169592131,0.0,0.3858149240303529,-0.024999999999999994,0.0,0.38999999999999996,1.5,129.8872593192374,0.08907254179758252,True,True,False
5.75,0.022501161984581228,1.135228911837591,0.10290678164713044,0.015682998211875576,0.0,0.00010899237351370307,-0.0028936120038801083,0.0,0.3858035848130374,-0.024999999999999994,0.0,0.38999999999999996,1.5,129.8855832143633,0.09340939494623507,True,True,False
5.755,0.022000766834828007,1.138960138538615,0.10181625423277973,0.015682998211875576,0.0,0.00010899237351370307,-0.003405301570839625,0.0,0.3857925374542265,-0.024999999999999994,0.0,0.38999999999999996,1.5,129.88557035773186,0.09318647962237125,True,True,False
5.76,0.021506200955400546,1.1426077256624612,0.10072283823757545,0.015682998211875576,0.0,0.00010899237351370307,-0.003911536219219247,0.0,0.38578178060068347,-0.024999999999999994,0.0,0.38999999999999996,1.5,129.88555750894173,0.09296938542317618,True,True,False
5.765,0.021017495299829967,1.1461715233839207,0.09962660583997424,0.015682998211875576,0.0,0.00010899237351370307,-0.004412301621008724,0.0,0.38577131413627647,-0.024999999999999994,0.0,0.38999999999999996,1.5,129.88554467291036,0.09275782812509802,True,True,False
5.7700000000000005,0.020534681403734833,1.149651395027555,0.09852762894715257,0.015682998211875576,0.0,0.00010899237351370307,-0.004907583806053745,0.0,0.38576113790715716,-0.024999999999999994,0.0,0.38999999999999996,1.5,129.88553185433545,0.09255153029424322,True,True,False
5.775,0.020057791444011125,1.153047213647437,0.09742597934170306,0.015682998211875576,0.0,0.00010899237351370307,-0.0053973691613629915,0.0,0.38575125173544444,-0.024999999999999994,0.0,0.38999999999999996,1.5,129.88551905770728,0.09235021977352167,True,True,False
5.78,0.01958685830219557,1.1563588595428527,0.09632172878749333,0.015682998211875576,0.0,0.00010899237351370307,-0.005881644430900862,0.0,0.38574165542918565,-0.024999999999999994,0.0,0.38999999999999996,1.5,129.88550628732077,0.09215362869252339,True,True,False
5.785,0.01912191563227854,1.1595862184828756,0.09521494910559297,0.015682998211875576,0.0,0.00010899237351370307,-0.006360396715756306,0.0,0.3857323487895576,-0.024999999999999994,0.0,0.38999999999999996,1.5,129.885493547287,0.09196149283063157,True,True,False
5.79,0.018662997933293606,1.1627291804605795,0.09410571222832674,0.015682998211875576,0.0,0.00010899237351370307,-0.006833613474575118,0.0,0.3857233316159675,-0.024999999999999994,0.0,0.38999999999999996,1.5,129.8854808415447,0.09177355121833902,True,True,False
5.795,0.018210140626991226,1.165787638846933,0.09299409023737167,0.015682998211875576,0.0,0.00010899237351370307,-0.007301282524175973,0.0,0.38571460370960187,-0.024999999999999994,0.0,0.38999999999999996,1.5,129.88546817387032,0.09158954589914625,True,True,False
5.8,0.017763380140916198,1.1687614898408845,0.09188015539022377,0.012651703335869735,0.0,-2.961586202502556e-06,-0.007763392040291028,0.0,0.385706164875779,-0.024999999999999994,0.0,0.38999999999999996,1.5,129.88379196572717,0.0961874536977469,True,True,False
5.805,0.01732275425303314,1.1716505772543853,0.09076401418334619,0.012651703335869735,0.0,-2.961586202502556e-06,-0.00821993061606241,0.0,0.38569801367026596,-0.024999999999999994,0.0,0.38999999999999996,1.5,129.8837780869952,0.09583904459404317,True,True,False
5.8100000000000005,0.01688830192564297,1.174454748624682,0.08964571784324708,0.012651703335869735,0.0,-2.961586202502556e-06,-0.00867088724806167,0.0,0.3856901486491804,-0.024999999999999994,0.0,0.38999999999999996,1.5,129.88376432840928,0.09549832952022579,True,True,False
5.815,0.016460063169040636,1.1771739216265518,0.0885253394601676,0.012651703335869735,0.0,-2.961586202502556e-06,-0.00911625125896054,0.0,0.3856825695766653,-0.024999999999999994,0.0,0.38999999999999996,1.5,129.88375069241707,0.09516498135646398,True,True,False
5.82,0.016038079410825468,1.179808027474062,0.08740295178634938,0.012651703335869735,0.0,-2.961586202502556e-06,-0.009556012332873565,0.0,0.38567527617926983,-0.024999999999999994,0.0,0.38999999999999996,1.5,129.8837371812844,0.09483868085529237,True,True,False
5.825,0.015622393610281397,1.1823570072095217,0.08627862739477739,0.012651703335869735,0.0,-2.961586202502556e-06,-0.009990160514280144,0.0,0.3856682681607137,-0.024999999999999994,0.0,0.38999999999999996,1.5,129.88372379710745,0.09451911499357953,True,True,False
5.83,0.01521305037978787,1.1848208090109373,0.08515243879400482,0.012651703335869735,0.0,-2.961586202502556e-06,-0.01041868620748218,0.0,0.38566154521262536,-0.024999999999999994,0.0,0.38999999999999996,1.5,129.8837105418254,0.0942059758917475,True,True,False
5.835,0.014810096113369036,1.187199386267855,0.08402445851085498,0.012651703335869735,0.0,-2.961586202502556e-06,-0.010841580176471716,0.0,0.38565510702226735,-0.024999999999999994,0.0,0.38999999999999996,1.5,129.88369741723227,0.09389896011626145,True,True,False
5.84,0.014413579122429073,1.1894926962337637,0.08289475914970496,0.012651703335869735,0.0,-2.961586202502556e-06,-0.011258833545091773,0.0,0.3856489532779998,-0.024999999999999994,0.0,0.38999999999999996,1.5,129.8836844249879,0.09359776824052904,True,True,False
5.845,0.014023549778615984,1.1917006991095105,0.08176341343473752,0.012651703335869735,0.0,-2.961586202502556e-06,-0.011670437797396377,0.0,0.38564308367302724,-0.024999999999999994,0.0,0.38999999999999996,1.5,129.88367156662906,0.09330210457995901,True,True,False
5.8500000000000005,0.013640060663572666,1.1938233574535597,0.08063049423982734,0.009403289260571546,0.0,-0.00010945354796779031,-0.012076384778152843,0.0,0.38563749790789925,-0.024999999999999994,0.0,0.38999999999999996,1.5,129.88204155003882,0.09813228888847245,True,True,False
5.855,0.013263167060046618,1.195860576768857,0.07949610673206839,0.009403289260571546,0.0,-0.00010945354796779031,-0.012476666752640087,0.0,0.3856321945054437,-0.024999999999999994,0.0,0.38999999999999996,1.5,129.88202782140564,0.09766300816826537,True,True,False
5.86,0.012892926785784605,1.1978122658836392,0.07836030545790808,0.009403289260571546,0.0,-0.00010945354796779031,-0.012871276393983194,0.0,0.38562717199143925,-0.024999999999999994,0.0,0.38999999999999996,1.5,129.88201431833556,0.09720322792287305,True,True,False
5.865,0.012529400045645352,1.1996784083609162,0.07722316401857131,0.009403289260571546,0.0,-0.00010945354796779031,-0.013260206702616933,0.0,0.3856224300304235,-0.024999999999999994,0.0,0.38999999999999996,1.5,129.88200104040828,0.09675258031904684,True,True,False
5.87,0.012172649938129856,1.2014590016083009,0.0760847556317487,0.009403289260571546,0.0,-0.00010945354796779031,-0.013643451041272736,0.0,0.3856179682492839,-0.024999999999999994,0.0,0.38999999999999996,1.5,129.88198798707896,0.09631070643753084,True,True,False
5.875,0.011822742627170715,1.2031540529005502,0.07494515330164499,0.009403289260571546,0.0,-0.00010945354796779031,-0.014021003133533744,0.0,0.38561378625299175,-0.024999999999999994,0.0,0.38999999999999996,1.5,129.8819751576901,0.09587725450029444,True,True,False
5.88,0.011479747513589132,1.2047635765027793,0.07380442994263665,0.009403289260571546,0.0,-0.00010945354796779031,-0.014392857062970277,0.0,0.3856098836360323,-0.024999999999999994,0.0,0.38999999999999996,1.5,129.88196255148353,0.09545187870571743,True,True,False
5.885,0.011143737403150165,1.2062875916109816,0.07266265846913558,0.009403289260571546,0.0,-0.00010945354796779031,-0.014759007272719504,0.0,0.3856062599906052,-0.024999999999999994,0.0,0.38999999999999996,1.5,129.88195016761142,0.09503423847450737,True,True,False
5.89,0.010814788664425161,1.2077261160870685,0.07151990278972059,0.009403289260571546,0.0,-0.00010945354796779031,-0.015119448560665744,0.0,0.38560291493022375,-0.024999999999999994,0.0,0.38999999999999996,1.5,129.8819380052452,0.0946216181527264,True,True,False
5.8950000000000005,0.010492981030255227,1.2090787236468483,0.07037607109322702,0.009403289260571546,0.0,-0.00010945354796779031,-0.015474175698961118,0.0,0.3855998497426754,-0.024999999999999994,0.0,0.38999999999999996,1.5,129.8819260713155,0.09417143380685655,True,True,False
5.9,0.010178396988270423,1.210344059086937,0.06923121116613433,0.005994148998900106,0.0,-0.00020742818067447078,-0.01582318322513207,0.0,0.385597069256582,-0.024999999999999994,0.0,0.38999999999999996,1.5,129.8803885128744,0.0990518597262694,True,True,False
5.905,0.009871122802030407,1.211520781957813,0.06808559346388533,0.005994148998900106,0.0,-0.00020742818067447078,-0.016166466514200034,0.0,0.38559457703188266,-0.024999999999999994,0.0,0.38999999999999996,1.5,129.88037616007836,0.09836093428276327,True,True,False
5.91,0.00957124855394894,1.2126077840214848,0.06693923246135322,0.005994148998900106,0.0,-0.00020742818067447078,-0.016504021677449965,0.0,0.3855923757845944,-0.024999999999999994,0.0,0.38999999999999996,1.5,129.8803641783812,0.09765088526568598,True,True,False
5.915,0.009278867414755861,1.2136038620910397,0.06579224261006948,0.005994148998900106,0.0,-0.00020742818067447078,-0.016835845118862353,0.0,0.3855904699142182,-0.024999999999999994,0.0,0.38999999999999996,1.5,129.88035257616636,0.09692514955389843,True,True,False
5.92,0.008994076182533077,1.2145078840803916,0.06464473853856235,0.005994148998900106,0.0,-0.00020742818067447078,-0.017161933793836848,0.0,0.3855888635789615,-0.024999999999999994,0.0,0.38999999999999996,1.5,129.88034136037868,0.09618625009971107,True,True,False
5.925,0.008716975238511306,1.2153188158465462,0.06349683372403302,0.005994148998900106,0.0,-0.00020742818067447078,-0.017482285205346837,0.0,0.38558756058681,-0.024999999999999994,0.0,0.38999999999999996,1.5,129.88033053683398,0.09543605871637492,True,True,False
5.93,0.00844766840165931,1.2160357337636016,0.062348639780237615,0.005994148998900106,0.0,-0.00020742818067447078,-0.01779689739553253,0.0,0.3855865643435179,-0.024999999999999994,0.0,0.38999999999999996,1.5,129.8803201104454,0.09467597463351468,True,True,False
5.9350000000000005,0.008186262666755695,1.2166578282770253,0.0612002661358146,0.005994148998900106,0.0,-0.00020742818067447078,-0.018105768935108763,0.0,0.38558587783664666,-0.024999999999999994,0.0,0.38999999999999996,1.5,129.88031008539133,0.09390704769483801,True,True,False
5.94,0.007932867807292859,1.2171844018706306,0.06005181995394059,0.005994148998900106,0.0,-0.00020742818067447078,-0.01840889891194203,0.0,0.3855855036419785,-0.024999999999999994,0.0,0.38999999999999996,1.5,129.88030046524284,0.09313006480748659,True,True,False
5.945,0.007687595821716081,1.2176148637693505,0.05890340619584636,0.005994148998900106,0.0,-0.00020742818067447078,-0.01870628691960738,0.0,0.38558544394307176,-0.024999999999999994,0.0,0.38999999999999996,1.5,129.88029125306164,0.09234561172780664,True,True,False
5.95,0.0074505601991426374,1.2179487229187993,0.057755127765347726,0.0032802991380809776,0.0,-0.00029407410722799543,-0.018997933046391274,0.0,0.3855857005577955,-0.024999999999999994,0.0,0.38999999999999996,1.5,129.87894676024737,0.09583223673906295,True,True,False
5.955,0.007221875939643479,1.2181857835471155,0.05660719682728363,0.0032802991380809776,0.0,-0.00029407410722799543,-0.01928383813352952,0.0,0.3855862730483286,-0.024999999999999994,0.0,0.38999999999999996,1.5,129.8789379014575,0.09490482514058068,True,True,False
5.96,0.007001658006850204,1.2183261380755435,0.05545962525283941,0.0032802991380809776,0.0,-0.00029407410722799543,-0.01956400359715263,0.0,0.3855871598767777,-0.024999999999999994,0.0,0.38999999999999996,1.5,129.8789295408081,0.09397856906911906,True,True,False
5.965,0.0067900186946184705,1.2183698245997991,0.054312498753400315,0.0032802991380809776,0.0,-0.00029407410722799543,-0.019838431054537614,0.0,0.3855883608608016,-0.024999999999999994,0.0,0.38999999999999996,1.5,129.87892167630687,0.09305266749490887,True,True,False
5.97,0.006587066575546714,1.2183169092183492,0.0531659030145812,0.0032802991380809776,0.0,-0.00029407410722799543,-0.020107122527121574,0.0,0.3855898757266848,-0.024999999999999994,0.0,0.38999999999999996,1.5,129.8789143060571,0.09212643501242757,True,True,False
5.9750000000000005,0.006392904631476746,1.2181675354338841,0.05201991773160774,0.0032802991380809776,0.0,-0.00029407410722799543,-0.020370080426314108,0.0,0.38559170391552955,-0.024999999999999994,0.0,0.38999999999999996,1.5,129.87890742765856,0.09120389246791998,True,True,False
5.98,0.006207629220011842,1.2179224070124075,0.0508746561550884,0.0032802991380809776,0.0,-0.00029407410722799543,-0.020627307637602066,0.0,0.38559384271309205,-0.024999999999999994,0.0,0.38999999999999996,1.5,129.87890103297875,0.09030124933258618,True,True,False
5.985,0.00603132693348701,1.217582524274308,0.04973018451695061,0.0032802991380809776,0.0,-0.00029407410722799543,-0.020878807488154322,0.0,0.38559628828612574,-0.024999999999999994,0.0,0.38999999999999996,1.5,129.8788951098995,0.08941930397701359,True,True,False
5.99,0.005864071047656757,1.2171488948595184,0.048586573066799345,0.0032802991380809776,0.0,-0.00029407410722799543,-0.021124583622526505,0.0,0.38559903679256724,-0.024999999999999994,0.0,0.38999999999999996,1.5,129.87888964620723,0.08855765659307425,True,True,False
5.995,0.005705918292689407,1.2166225221746385,0.0474438940424913,0.0032802991380809776,0.0,-0.00029407410722799543,-0.02136464002199001,0.0,0.38560208442632976,-0.024999999999999994,0.0,0.38999999999999996,1.5,129.87888462973663,0.08771587957544416,True,True,False
6.0,0.00555690543951501,1.2160043970559167,0.04630222146113633,0.0014634990158014505,0.0,-0.0003677165055497515,-0.021598981010850504,0.0,0.38560542744977894,-0.024999999999999994,0.0,0.38999999999999996,1.5,129.87777634573,0.08975756289842779,True,True,False
6.005,0.005417046590623675,1.2152954988413611,0.04516162775894296,0.0014634990158014505,0.0,-0.0003677165055497515,-0.021827611271249853,0.0,0.3856090612030356,-0.024999999999999994,0.0,0.38999999999999996,1.5,129.87777205910416,0.08885086981235106,True,True,False
6.01,0.005286328926069402,1.214496787157515,0.044022190895747895,0.0014634990158014505,0.0,-0.0003677165055497515,-0.022050535834695573,0.0,0.38561298112014736,-0.024999999999999994,0.0,0.38999999999999996,1.5,129.87776824823106,0.08796532086330507,True,True,False
6.015000000000001,0.005164708480490135,1.2136092052848522,0.04288398922651754,0.0014634990158014505,0.0,-0.0003677165055497515,-0.022267760079366955,0.0,0.38561718370171116,-0.024999999999999994,0.0,0.38999999999999996,1.5,129.87776489924104,0.08710037791576238,True,True,False
6.0200000000000005,0.005052107806353551,1.2126336903999417,0.04174710159129258,0.0014634990158014505,0.0,-0.0003677165055497515,-0.0224792897416575,0.0,0.3856216654901086,-0.024999999999999994,0.0,0.38999999999999996,1.5,129.8777619984535,0.08625548520829458,True,True,False
6.025,0.004948413297329991,1.2115711766311925,0.04061160708401378,0.0014634990158014505,0.0,-0.0003677165055497515,-0.022685130914176788,0.0,0.3856264230569598,-0.024999999999999994,0.0,0.38999999999999996,1.5,129.8777595324016,0.08543007093846917,True,True,False
6.03,0.004853473102191617,1.2104225973704377,0.039477584889895556,0.0014634990158014505,0.0,-0.0003677165055497515,-0.022885290042271744,0.0,0.3856314529934562,-0.024999999999999994,0.0,0.38999999999999996,1.5,129.87775748785464,0.0846235488396663,True,True,False
6.035,0.00476709577714969,1.209188886744764,0.038345114194404346,0.0014634990158014505,0.0,-0.0003677165055497515,-0.023079773919292113,0.0,0.38563675190397245,-0.024999999999999994,0.0,0.38999999999999996,1.5,129.87775585183897,0.08383531976992237,True,True,False
6.04,0.0046890497997869925,1.2078709802426333,0.037214274165880294,0.0014634990158014505,0.0,-0.0003677165055497515,-0.02326858968082668,0.0,0.3856423164030023,-0.024999999999999994,0.0,0.38999999999999996,1.5,129.8777546116558,0.083064773320842,True,True,False
6.045,0.004619064030322484,1.2064698145560322,0.03608514401389957,0.0014634990158014505,0.0,-0.0003677165055497515,-0.02345174479812079,0.0,0.38564814311516643,-0.024999999999999994,0.0,0.38999999999999996,1.5,129.87775375489784,0.08231128944746251,True,True,False
6.05,0.004556829158058071,1.2049863267144478,0.03495780312634294,-0.000280323404660332,0.0,-0.0004277999224863116,-0.023629247070877074,0.0,0.38565422867801014,-0.024999999999999994,0.0,0.38999999999999996,1.5,129.8768334684123,0.08432327542642802,True,True,False
6.055,0.004502000912200666,1.2034214556284655,0.03383232100210028,-0.000280323404660332,0.0,-0.0004277999224863116,-0.023801104625854053,0.0,0.3856605689203183,-0.024999999999999994,0.0,0.38999999999999996,1.5,129.87683336314365,0.08350289683290978,True,True,False
6.0600000000000005,0.004454202590630441,1.2017761314524285,0.03270878633744007,-0.000280323404660332,0.0,-0.0004277999224863116,-0.02396732590032627,0.0,0.385667159716509,-0.024999999999999994,0.0,0.38999999999999996,1.5,129.87683366664035,0.0827002635280428,True,True,False
6.065,0.004413028341582868,1.2000512742199954,0.031587281487658624,-0.000280323404660332,0.0,-0.0004277999224863116,-0.02412791963273231,0.0,0.38567399780667644,-0.024999999999999994,0.0,0.38999999999999996,1.5,129.87683436554477,0.081914707277118,True,True,False
6.07,0.004378048655587221,1.1982477979684465,0.030467890342737208,-0.000280323404660332,0.0,-0.0004277999224863116,-0.02428289486293078,0.0,0.38568107996681134,-0.024999999999999994,0.0,0.38999999999999996,1.5,129.8768354468656,0.08114555701520265,True,True,False
6.075,0.004348815492709135,1.196366608151706,0.029350698963230695,-0.000280323404660332,0.0,-0.0004277999224863116,-0.024432260924007798,0.0,0.3856884030184607,-0.024999999999999994,0.0,0.38999999999999996,1.5,129.8768368979861,0.08039214048654099,True,True,False
6.08,0.0043248677041891415,1.1944086171778396,0.02823578160258905,-0.000280323404660332,0.0,-0.0004277999224863116,-0.024576027422063357,0.0,0.38569596376503446,-0.024999999999999994,0.0,0.38999999999999996,1.5,129.87683870672834,0.07965327979740543,True,True,False
6.085,0.004305737118812192,1.1923749166364928,0.027123168581298512,-0.000280323404660332,0.0,-0.0004277999224863116,-0.024714204066749096,0.0,0.3857037582911509,-0.024999999999999994,0.0,0.38999999999999996,1.5,129.87684086194287,0.07892676623791291,True,True,False
6.09,0.004290953062198893,1.1902666076843098,0.026012936880776456,-0.000280323404660332,0.0,-0.0004277999224863116,-0.024846800639510613,0.0,0.3857117826386784,-0.024999999999999994,0.0,0.38999999999999996,1.5,129.8768433531166,0.07821229201897152,True,True,False
6.095,0.004280046560553067,1.188084637860672,0.02490518149590354,-0.000280323404660332,0.0,-0.0004277999224863116,-0.024973827094171425,0.0,0.38572003346514216,-0.024999999999999994,0.0,0.38999999999999996,1.5,129.87684616989998,0.07750957728865512,True,True,False
6.1000000000000005,0.004272554865414518,1.18582982125364,0.023800012219858408,-0.0026274580805416003,0.0,-0.0004732894558287493,-0.02509529358564072,0.0,0.38572850796436264,-0.024999999999999994,0.0,0.38999999999999996,1.5,129.87608041561285,0.08051842056315008,True,True,False
6.105,0.0042680259559669045,1.183502816359672,0.022697555650238888,-0.0026274580805416003,0.0,-0.0004732894558287493,-0.0252112105259078,0.0,0.3857372033036335,-0.024999999999999994,0.0,0.38999999999999996,1.5,129.8760840407694,0.07970529660297421,True,True,False
6.11,0.00426602151733106,1.1811041889251572,0.021597962207368367,-0.0026274580805416003,0.0,-0.0004732894558287493,-0.025321588598091693,0.0,0.38574611702559775,-0.024999999999999994,0.0,0.38999999999999996,1.5,129.87608804306493,0.07890622928206181,True,True,False
6.115,0.0042661193553091515,1.1786344796696497,0.020501396310097095,-0.0026274580805416003,0.0,-0.0004732894558287493,-0.025426438717696176,0.0,0.38575524743079254,-0.024999999999999994,0.0,0.38999999999999996,1.5,129.87609240999936,0.07812070680748062,True,True,False
6.12,0.004267916147757636,1.1760941722985254,0.019408048444920924,-0.0026274580805416003,0.0,-0.0004732894558287493,-0.025525772059317886,0.0,0.3857645930554513,-0.024999999999999994,0.0,0.38999999999999996,1.5,129.87609712941224,0.0773482149503703,True,True,False
6.125,0.004271029164450694,1.1734837008049683,0.01831814210199674,-0.0026274580805416003,0.0,-0.0004732894558287493,-0.02561960006268893,0.0,0.3857741526428532,-0.024999999999999994,0.0,0.38999999999999996,1.5,129.87610218948635,0.07658824153965124,True,True,False
6.13,0.0042750974919675095,1.1708034555505833,0.017231943389346797,-0.0026274580805416003,0.0,-0.0004732894558287493,-0.02570793443766481,0.0,0.38578392511952225,-0.024999999999999994,0.0,0.38999999999999996,1.5,129.8761075787481,0.07584027945592968,True,True,False
6.135,0.004279782822263814,1.1680537883221822,0.016149774484971912,-0.0026274580805416003,0.0,-0.0004732894558287493,-0.02579078716844535,0.0,0.38579390957539345,-0.024999999999999994,0.0,0.38999999999999996,1.5,129.87611328606678,0.07510382862930753,True,True,False
6.140000000000001,0.0042847698682701085,1.1652350165904746,0.015072032733930023,-0.0026274580805416003,0.0,-0.0004732894558287493,-0.02586817051721979,0.0,0.3858041052471414,-0.024999999999999994,0.0,0.38999999999999996,1.5,129.8761193006515,0.0743783973703637,True,True,False
6.1450000000000005,0.004289766470452168,1.1623474271265894,0.013999218261689367,-0.0026274580805416003,0.0,-0.0004732894558287493,-0.025940097027373404,0.0,0.38581451150400103,-0.024999999999999994,0.0,0.38999999999999996,1.5,129.8761256120477,0.07366350325136438,True,True,False
6.15,0.004294503455922038,1.1593912791375607,0.012931974778414112,-0.005786148858176798,0.0,-0.0005029857072670337,-0.026006579526354573,0.0,0.385825127835484,-0.024999999999999994,0.0,0.38999999999999996,1.5,129.87551779587184,0.07793823171593532,True,True,False
6.155,0.004298734558484127,1.1563667481869966,0.01187115082646319,-0.005786148858176798,0.0,-0.0005029857072670337,-0.026067631167548067,0.0,0.3858359535912305,-0.024999999999999994,0.0,0.38999999999999996,1.5,129.87552511815682,0.0770642870070552,True,True,False
6.16,0.004302235714676768,1.1532739890045725,0.010817905264284399,-0.005786148858176798,0.0,-0.0005029857072670337,-0.02612326543812407,0.0,0.3858469882133376,-0.024999999999999994,0.0,0.38999999999999996,1.5,129.87553281930423,0.0762041970008584,True,True,False
6.165,0.004304804292742166,1.1501132086265884,0.009773841335153678,-0.005786148858176798,0.0,-0.0005029857072670337,-0.026173496100421578,0.0,0.3858582314283501,-0.024999999999999994,0.0,0.38999999999999996,1.5,129.87554088560296,0.07535743633105897,True,True,False
6.17,0.00430625871041772,1.1468846077894634,0.008741276681691034,-0.005786148858176798,0.0,-0.0005029857072670337,-0.02621833720895561,0.0,0.38586968299929375,-0.024999999999999994,0.0,0.38999999999999996,1.5,129.87554930373722,0.07452349542968921,True,True,False
6.175,0.004306437778691864,1.1435883788885444,0.007723694321660825,-0.005786148858176798,0.0,-0.0005029857072670337,-0.026257803110207006,0.0,0.38588134273364505,-0.024999999999999994,0.0,0.38999999999999996,1.5,129.87555806077975,0.07370187874722964,True,True,False
6.18,0.004305200056088833,1.140224704848703,0.006726565717087095,-0.005786148858176798,0.0,-0.0005029857072670337,-0.026291908442849538,0.0,0.38589321048771164,-0.024999999999999994,0.0,0.38999999999999996,1.5,129.8755671441855,0.0728921035197485,True,True,False
6.1850000000000005,0.0043024232351482825,1.1367937586631374,0.005758930058526164,-0.005786148858176798,0.0,-0.0005029857072670337,-0.026320668138301362,0.0,0.38590528616838493,-0.024999999999999994,0.0,0.38999999999999996,1.5,129.87557654178474,0.07209369890482763,True,True,False
6.19,0.004298003578888913,1.1332957034349522,0.004836573002115582,-0.005786148858176798,0.0,-0.0005029857072670337,-0.026344097421477808,0.0,0.38591756973290187,-0.024999999999999994,0.0,0.38999999999999996,1.5,129.8755862417772,0.07130620536560366,True,True,False
6.195,0.00429185542160231,1.1297306927827258,0.003988602519191447,-0.005786148858176798,0.0,-0.0005029857072670337,-0.02636221181166415,0.0,0.3859300611871798,-0.024999999999999994,0.0,0.38999999999999996,1.5,129.87559623272523,0.07052917422178609,True,True,False
6.2,0.004283910745588678,1.1260988715057412,0.003270343000645546,-0.009646964871021402,0.0,-0.0005156830829745981,-0.02637502712344192,0.0,0.38594276058310956,-0.024999999999999994,0.0,0.38999999999999996,1.5,129.87517397020085,0.0758485926827501,True,True,False
6.205,0.0042741188638052855,1.12240030410495,0.0027804564868573957,-0.009646964871021402,0.0,-0.0005156830829745981,-0.026382559509858905,0.0,0.38595566800773784,-0.024999999999999994,0.0,0.38999999999999996,1.5,129.87518529314727,0.07487274551668033,True,True,False
6.21,0.004262446180698846,1.1186350499405273,0.0026449253620512555,-0.009646964871021402,0.0,-0.0005156830829745981,-0.02638482547587262,0.0,0.38596878357753783,-0.024999999999999994,0.0,0.38999999999999996,1.5,129.87519701597103,0.0739118269513494,True,True,False
6.215,0.004248876071790342,1.1148032513350035,0.0029099921669805445,-0.009646964871021402,0.0,-0.0005156830829745981,-0.026381841810590584,0.0,0.38598210738272704,-0.024999999999999994,0.0,0.38999999999999996,1.5,129.87520912258617,0.07296532639723888,True,True,False
6.22,0.004233408840180888,1.1109050600744486,0.0034823313997689904,-0.009646964871021402,0.0,-0.0005156830829745981,-0.026373625600573436,0.0,0.3859956394870627,-0.024999999999999994,0.0,0.38999999999999996,1.5,129.87522159735707,0.07203274934669332,True,True,False
6.2250000000000005,0.004216061762112624,1.106940633659993,0.004236669995804134,-0.009646964871021402,0.0,-0.0005156830829745981,-0.026360194228002037,0.0,0.38600937994240764,-0.024999999999999994,0.0,0.38999999999999996,1.5,129.87523442509047,0.07111361506211104,True,True,False
6.23,0.0041968692481601216,1.1029101328083886,0.005090567516641429,-0.009646964871021402,0.0,-0.0005156830829745981,-0.02634156536946039,0.0,0.38602332879840223,-0.024999999999999994,0.0,0.38999999999999996,1.5,129.8752475910283,0.07020745498740649,True,True,False
6.235,0.004175883120807633,1.0988137198745074,0.005999778497487796,-0.009646964871021402,0.0,-0.0005156830829745981,-0.026317756995170916,0.0,0.38603748610850075,-0.024999999999999994,0.0,0.38999999999999996,1.5,129.87526108084037,0.0693138116493386,True,True,False
6.24,0.004153173008411848,1.0946515579624088,0.006940933459845841,-0.009646964871021402,0.0,-0.0005156830829745981,-0.02628878736852794,0.0,0.386051851933308,-0.024999999999999994,0.0,0.38999999999999996,1.5,129.87527488061767,0.06843223789037733,True,True,False
6.245,0.004128826854451745,1.0904238105350745,0.007901133729772055,-0.009646964871021402,0.0,-0.0005156830829745981,-0.026254675045821296,0.0,0.3860664263419334,-0.024999999999999994,0.0,0.38999999999999996,1.5,129.8752889768653,0.06756229632634256,True,True,False
6.25,0.004102951539390665,1.0861306413905072,0.008872846550772947,-0.014007897213074189,0.0,-0.0005107305916024534,-0.026215438876068392,0.0,0.386081209411932,-0.024999999999999994,0.0,0.38999999999999996,1.5,129.87507972135643,0.07357835721369925,True,True,False
6.255,0.0040756733965804865,1.0817721328656815,0.009851437737794407,-0.014007897213074189,0.0,-0.0005107305916024534,-0.026171098044159263,0.0,0.386096201464399,-0.024999999999999994,0.0,0.38999999999999996,1.5,129.87509553377345,0.07248367955854822,True,True,False
6.26,0.004047139278544234,1.0773483703884885,0.01083386706307119,-0.014007897213074189,0.0,-0.0005107305916024534,-0.026121672089398223,0.0,0.38611140281543577,-0.024999999999999994,0.0,0.38999999999999996,1.5,129.87511177065045,0.0714058720122309,True,True,False
6.265000000000001,0.004017517742605043,1.0728595416637365,0.01181810338070544,-0.014007897213074189,0.0,-0.0005107305916024534,-0.026067180832210657,0.0,0.3861268134716349,-0.024999999999999994,0.0,0.38999999999999996,1.5,129.87512841265817,0.07034441736942054,True,True,False
6.2700000000000005,0.0039869998065651824,1.0683058526822053,0.012802725301674608,-0.014007897213074189,0.0,-0.0005107305916024534,-0.026007644383628237,0.0,0.3861424333766358,-0.024999999999999994,0.0,0.38999999999999996,1.5,129.87514544100227,0.0692988141939624,True,True,False
6.275,0.003955799965934725,1.0636875228821678,0.01378670501814552,-0.014007897213074189,0.0,-0.0005107305916024534,-0.0259430831421881,0.0,0.386158262429914,-0.024999999999999994,0.0,0.38999999999999996,1.5,129.87516283741445,0.06826857425223287,True,True,False
6.28,0.003924157233950682,1.0590047817356711,0.014769277209932513,-0.014007897213074189,0.0,-0.0005107305916024534,-0.02587351779155303,0.0,0.38617430049995977,-0.024999999999999994,0.0,0.38999999999999996,1.5,129.87518058414474,0.06725322076754282,True,True,False
6.285,0.0038923361620410747,1.0542578663988411,0.015749856689186794,-0.014007897213074189,0.0,-0.0005107305916024534,-0.025798969298673202,0.0,0.38619054743327724,-0.024999999999999994,0.0,0.38999999999999996,1.5,129.8751986639539,0.06625228723092824,True,True,False
6.29,0.0038606277871825116,1.0494470201505952,0.016727985026843657,-0.014007897213074189,0.0,-0.0005107305916024534,-0.02571945891231639,0.0,0.3862070030602893,-0.024999999999999994,0.0,0.38999999999999996,1.5,129.8752170601057,0.06526531658872445,True,True,False
6.295,0.0038293504396800225,1.0445724914180616,0.017703294996413384,-0.014007897213074189,0.0,-0.0005107305916024534,-0.025635008161845108,0.0,0.3862236671989524,-0.024999999999999994,0.0,0.38999999999999996,1.5,129.87523575635964,0.06429186068574122,True,True,False
6.3,0.00379885033063486,1.0396345332227894,0.018675486301558426,-0.01863816083068698,0.0,-0.00048825227472221373,-0.02554563885614239,0.0,0.3862405396566485,-0.024999999999999994,0.0,0.38999999999999996,1.5,129.87525832949365,0.07063078567586872,True,True,False
6.305,0.0037695013606824693,1.0346333155576228,0.01964432188094369,-0.01863816083068698,0.0,-0.00048825227472221373,-0.025451373124964566,0.0,0.3862576207019802,-0.024999999999999994,0.0,0.38999999999999996,1.5,129.87527912298458,0.06942109227098932,True,True,False
6.3100000000000005,0.003741705435555943,1.02956901499916,0.020609552543802187,-0.01863816083068698,0.0,-0.00048825227472221373,-0.025352233441470168,0.0,0.38627491058239144,-0.024999999999999994,0.0,0.38999999999999996,1.5,129.87530035382545,0.06823051505494823,True,True,False
6.315,0.0037158922904487433,1.024441919863559,0.021570992917370455,-0.01863816083068698,0.0,-0.00048825227472221373,-0.025248242547124405,0.0,0.3862924089826393,-0.024999999999999994,0.0,0.38999999999999996,1.5,129.8753219991302,0.06705851558198095,True,True,False
6.32,0.003692517632120078,1.01925234031329,0.022528482243503217,-0.01863816083068698,0.0,-0.00048825227472221373,-0.025139423457388427,0.0,0.38631011550816996,-0.024999999999999994,0.0,0.38999999999999996,1.5,129.8753440366566,0.06590457088096544,True,True,False
6.325,0.003672060926493759,1.0140006028212758,0.02348187900860374,-0.01863816083068698,0.0,-0.00048825227472221373,-0.025025799457719544,0.0,0.3863280297065657,-0.024999999999999994,0.0,0.38999999999999996,1.5,129.87536644479806,0.0647681707810897,True,True,False
6.33,0.0036550222654453727,1.008687046169364,0.024431056919531256,-0.01863816083068698,0.0,-0.00048825227472221373,-0.02490739410036763,0.0,0.38634615108300097,-0.024999999999999994,0.0,0.38999999999999996,1.5,129.8753892025734,0.0636488161099768,True,True,False
6.335,0.00364191821807649,1.0033120185866387,0.025375901854236157,-0.01863816083068698,0.0,-0.00048825227472221373,-0.02478423120177395,0.0,0.3863644791112043,-0.024999999999999994,0.0,0.38999999999999996,1.5,129.8754122896182,0.06254601748277323,True,True,False
6.34,0.003633276614349584,0.9978758757471835,0.02631630952648945,-0.01863816083068698,0.0,-0.00048825227472221373,-0.02465633484039051,0.0,0.38638301324104574,-0.024999999999999994,0.0,0.38999999999999996,1.5,129.87543568617625,0.061459294491138274,True,True,False
6.345,0.0036296302695934843,0.992378979401159,0.02725218367954216,-0.01863816083068698,0.0,-0.00048825227472221373,-0.02452372935478797,0.0,0.3864017529036406,-0.024999999999999994,0.0,0.38999999999999996,1.5,129.8754593730905,0.06038817516318983,True,True,False
6.3500000000000005,0.003631509736041172,0.9868216964771589,0.028183434675691635,-0.023334834931187126,0.0,-0.0004491755297206002,-0.02438643934195847,0.0,0.38642069751461744,-0.024999999999999994,0.0,0.38999999999999996,1.5,129.87571888038948,0.06673607427152552,True,True,False
6.355,0.0036394345760746116,0.9812043096131596,0.029109995792244634,-0.023334834931187126,0.0,-0.0004491755297206002,-0.02424448969566953,0.0,0.386439847164295,-0.024999999999999994,0.0,0.38999999999999996,1.5,129.87574498421193,0.06542907272290033,True,True,False
6.36,0.0036539054856727245,0.9755271080586521,0.030031747366626945,-0.023334834931187126,0.0,-0.0004491755297206002,-0.024097905631836253,0.0,0.38645920191917743,-0.024999999999999994,0.0,0.38999999999999996,1.5,129.8757715154844,0.0641433010877901,True,True,False
6.365,0.0036753963002492977,0.9697904943267784,0.030948611895938633,-0.023334834931187126,0.0,-0.0004491755297206002,-0.023946712614729193,0.0,0.3864787610635011,-0.024999999999999994,0.0,0.38999999999999996,1.5,129.87579844802735,0.06287819381440288,True,True,False
6.37,0.0037043448088070995,0.9639948924955513,0.031860516748985934,-0.023334834931187126,0.0,-0.0004491755297206002,-0.023790936359230047,0.0,0.38649852380058003,-0.024999999999999994,0.0,0.38999999999999996,1.5,129.87582575642884,0.0616332006509322,True,True,False
6.375,0.003741144950999591,0.958140742362722,0.03276739325255325,-0.023334834931187126,0.0,-0.0004491755297206002,-0.023630602826333336,0.0,0.38651848927545185,-0.024999999999999994,0.0,0.38999999999999996,1.5,129.87585341603292,0.06040778397476627,True,True,False
6.38,0.0037861401722259344,0.9522284951735684,0.03366917598701747,-0.023334834931187126,0.0,-0.0004491755297206002,-0.023465738219476645,0.0,0.3865386565913552,-0.024999999999999994,0.0,0.38999999999999996,1.5,129.87588140292857,0.059201417006172576,True,True,False
6.385,0.0038396183176990675,0.9462586105217808,0.034565802240595425,-0.023334834931187126,0.0,-0.0004491755297206002,-0.023296368981503668,0.0,0.3865590248215909,-0.024999999999999994,0.0,0.38999999999999996,1.5,129.875909693939,0.05801358262059693,True,True,False
6.390000000000001,0.0039018083428112695,0.9402315541354292,0.035457211583888835,-0.023334834931187126,0.0,-0.0004491755297206002,-0.023122521792080408,0.0,0.38657959301795547,-0.024999999999999994,0.0,0.38999999999999996,1.5,129.87593826660972,0.05684377256554309,True,True,False
6.3950000000000005,0.003972878982089354,0.9341477963200613,0.03634334553589792,-0.023334834931187126,0.0,-0.0004491755297206002,-0.022944223565421362,0.0,0.386600360216529,-0.024999999999999994,0.0,0.38999999999999996,1.5,129.875967099199,0.05569148695108391,True,True,False
6.4,0.004052939370103308,0.9280078108880578,0.037224147299872896,-0.02795044690183196,0.0,-0.0003951358917461752,-0.022761501448238936,0.0,0.38662132544161215,-0.024999999999999994,0.0,0.38999999999999996,1.5,129.8764540120266,0.0618321736303874,True,True,False
6.405,0.004142040730042325,0.9218119868227402,0.03809958310047432,-0.02795044690183196,0.0,-0.0003951358917461752,-0.022574382854633118,0.0,0.3866424885892328,-0.024999999999999994,0.0,0.38999999999999996,1.5,129.87648548256067,0.0604523576663925,True,True,False
6.41,0.004240181117879608,0.915560717731911,0.038969555586908115,-0.02795044690183196,0.0,-0.0003951358917461752,-0.02238289549319422,0.0,0.3866638495368344,-0.024999999999999994,0.0,0.38999999999999996,1.5,129.8765173428035,0.05909548759400664,True,True,False
6.415,0.004347311337322765,0.9092545067834468,0.03983401025056053,-0.02795044690183196,0.0,-0.0003951358917461752,-0.022187067296507934,0.0,0.3866854071940523,-0.024999999999999994,0.0,0.38999999999999996,1.5,129.87654956400613,0.05776097212428965,True,True,False
6.42,0.004463340122461207,0.9028938762139871,0.040692894989339645,-0.02795044690183196,0.0,-0.0003951358917461752,-0.02198692642061742,0.0,0.38670716039655756,-0.024999999999999994,0.0,0.38999999999999996,1.5,129.87658211830953,0.05644823521849272,True,True,False
6.425,0.004588140495943994,0.8964793614913631,0.04154615962983445,-0.02795044690183196,0.0,-0.0003951358917461752,-0.02178250124035508,0.0,0.3867291079286829,-0.024999999999999994,0.0,0.38999999999999996,1.5,129.8766149787302,0.05515671349193712,True,True,False
6.43,0.004721556213168516,0.8900115070293075,0.04239375556866588,-0.02795044690183196,0.0,-0.0003951358917461752,-0.021573820345503036,0.0,0.38675124853994314,-0.024999999999999994,0.0,0.38999999999999996,1.5,129.8766481191455,0.05388585448609675,True,True,False
6.4350000000000005,0.0048634080026552715,0.8834908630693908,0.043235635503178244,-0.02795044690183196,0.0,-0.0003951358917461752,-0.021360912537590676,0.0,0.38677358095696995,-0.024999999999999994,0.0,0.38999999999999996,1.5,129.87668151428062,0.05263511552776137,True,True,False
6.44,0.005013499382369716,0.8769179834412064,0.044071753228795675,-0.02795044690183196,0.0,-0.0003951358917461752,-0.021143806827149503,0.0,0.38679610389202723,-0.024999999999999994,0.0,0.38999999999999996,1.5,129.87671513969417,0.051403962984470315,True,True,False
6.445,0.005171621902694652,0.870293423979672,0.04490206348601873,-0.02795044690183196,0.0,-0.0003951358917461752,-0.02092253243129158,0.0,0.3868188160489273,-0.024999999999999994,0.0,0.38999999999999996,1.5,129.8767489717647,0.05019187178745062,True,True,False
6.45,0.0053375597316078025,0.8636177414269695,0.045726521844375485,-0.03239701842931955,0.0,-0.00032831892187487003,-0.02069711877151828,0.0,0.38684171612706186,-0.024999999999999994,0.0,0.38999999999999996,1.5,129.87744110708724,0.05600761798443022,True,True,False
6.455,0.005511092930414921,0.8568914080507232,0.04654510977599708,-0.03239701842931955,0.0,-0.00032831892187487003,-0.02046759550530522,0.0,0.3868648038683138,-0.024999999999999994,0.0,0.38999999999999996,1.5,129.87747768806915,0.05458056688313997,True,True,False
6.46,0.0056920013405131545,0.850114898032709,0.04735773844145542,-0.03239701842931955,0.0,-0.00032831892187487003,-0.02023399255391442,0.0,0.3868880790041743,-0.024999999999999994,0.0,0.38999999999999996,1.5,129.87751459410586,0.05317767256554045,True,True,False
6.465,0.005880067797602839,0.8432887887566455,0.048164363995607966,-0.03239701842931955,0.0,-0.00032831892187487003,-0.01999634003602685,0.0,0.3869115401460698,-0.024999999999999994,0.0,0.38999999999999996,1.5,129.87755179486857,0.051798324108619856,True,True,False
6.47,0.006075079491930092,0.8364136733797342,0.048964944391270075,-0.03239701842931955,0.0,-0.00032831892187487003,-0.019754668265220016,0.0,0.38693518584162434,-0.024999999999999994,0.0,0.38999999999999996,1.5,129.877589261025,0.050441925870713854,True,True,False
6.4750000000000005,0.006276829467569894,0.8294901552010026,0.04975943900423869,-0.03239701842931955,0.0,-0.00032831892187487003,-0.01950900774535319,0.0,0.3869590145964897,-0.024999999999999994,0.0,0.38999999999999996,1.5,129.87762696422365,0.0491078950053321,True,True,False
6.48,0.00648511769759159,0.8225188435330114,0.0505478083556721,-0.03239701842931955,0.0,-0.00032831892187487003,-0.019259389166753127,0.0,0.3869830248902544,-0.024999999999999994,0.0,0.38999999999999996,1.5,129.87766487707438,0.04779565981030658,True,True,False
6.485,0.006699751804390219,0.8155003507079412,0.051330013907092936,-0.03239701842931955,0.0,-0.00032831892187487003,-0.01900584340302472,0.0,0.38700721518792813,-0.024999999999999994,0.0,0.38999999999999996,1.5,129.8777029731321,0.04650465864134312,True,True,False
6.49,0.0069205474898137226,0.8084352899327801,0.052106017909242575,-0.03239701842931955,0.0,-0.00032831892187487003,-0.01874840150830412,0.0,0.3870315839480637,-0.024999999999999994,0.0,0.38999999999999996,1.5,129.8777412268797,0.04523433920610428,True,True,False
6.495,0.007147328733048809,0.8013242737837835,0.05287578329070936,-0.03239701842931955,0.0,-0.00032831892187487003,-0.018487094714834618,0.0,0.3870561296284092,-0.024999999999999994,0.0,0.38999999999999996,1.5,129.87777961370998,0.04398415811475262,True,True,False
6.5,0.007379927806860957,0.7941679131763965,0.05363927357587284,-0.036635658411311195,0.0,-0.0002512866958901985,-0.0182219544307691,0.0,0.38708085068968556,-0.024999999999999994,0.0,0.38999999999999996,1.5,129.87864554090777,0.04943491532694836,True,True,False
6.505,0.007618184680247032,0.7869667357920023,0.05439648074392895,-0.036635658411311195,0.0,-0.0002512866958901985,-0.01795301226904819,0.0,0.3871057467729714,-0.024999999999999994,0.0,0.38999999999999996,1.5,129.87868668751497,0.04798364541997477,True,True,False
6.51,0.007861947285145172,0.7797212686764733,0.05514732194081398,-0.036635658411311195,0.0,-0.0002512866958901985,-0.017680300075001154,0.0,0.38713081751671774,-0.024999999999999994,0.0,0.38999999999999996,1.5,129.87872807291873,0.04655724668716603,True,True,False
6.515000000000001,0.008111071699034227,0.7724321350207068,0.055891760899407034,-0.036635658411311195,0.0,-0.0002512866958901985,-0.017403849864012083,0.0,0.38715606131950686,-0.024999999999999994,0.0,0.38999999999999996,1.5,129.87876966625993,0.045155096916549925,True,True,False
6.5200000000000005,0.008365421307300796,0.7650999706523752,0.056629762895976085,-0.036635658411311195,0.0,-0.0002512866958901985,-0.01712369381789,0.0,0.38718147652585644,-0.024999999999999994,0.0,0.38999999999999996,1.5,129.8788114377607,0.0437765892283673,True,True,False
6.525,0.008624866417726494,0.7577254187086262,0.057361294422396375,-0.036635658411311195,0.0,-0.0002512866958901985,-0.016839864280418088,0.0,0.38720706144685746,-0.024999999999999994,0.0,0.38999999999999996,1.5,129.87885335870328,0.04242112970830429,True,True,False
6.53,0.008889283861786586,0.7503091257567167,0.05808632294460079,-0.036635658411311195,0.0,-0.0002512866958901985,-0.016552393753669264,0.0,0.3872328143751505,-0.024999999999999994,0.0,0.38999999999999996,1.5,129.8788954014084,0.04108813583608632,True,True,False
6.535,0.009158556592898883,0.7428517389852614,0.0588048167252734,-0.036635658411311195,0.0,-0.0002512866958901985,-0.016261314894913503,0.0,0.38725873359567675,-0.024999999999999994,0.0,0.38999999999999996,1.5,129.87893753921517,0.03977703545115491,True,True,False
6.54,0.009432573289318725,0.7353539042190973,0.059516744694113326,-0.036635658411311195,0.0,-0.0002512866958901985,-0.015966660513951125,0.0,0.3872848173932202,-0.024999999999999994,0.0,0.38999999999999996,1.5,129.87897974646052,0.038487266080153015,True,True,False
6.545,0.009711227967290813,0.7278162645372075,0.06022207635317401,-0.036635658411311195,0.0,-0.0002512866958901985,-0.015668463570754187,0.0,0.3873110640575964,-0.024999999999999994,0.0,0.38999999999999996,1.5,129.87902199845752,0.03721827450796139,True,True,False
6.55,0.009994419608475026,0.7202394593526338,0.0609207817080023,-0.0406601364502861,0.0,-0.000166818287290696,-0.015366757173321283,0.0,0.38733747188700035,-0.024999999999999994,0.0,0.38999999999999996,1.5,129.88002466588105,0.042313080349321616,True,True,False
6.555,0.010282051450365622,0.7126240468520303,0.061612860861263816,-0.0406601364502861,0.0,-0.000166818287290696,-0.01506157460465779,0.0,0.3873640404613911,-0.024999999999999994,0.0,0.38999999999999996,1.5,129.88006961001003,0.04085637274367995,True,True,False
6.5600000000000005,0.010574030998177664,0.704970582660702,0.062298236692587654,-0.0406601364502861,0.0,-0.000166818287290696,-0.014752949349361971,0.0,0.38739076936364736,-0.024999999999999994,0.0,0.38999999999999996,1.5,129.88011469252302,0.03942482941188029,True,True,False
6.565,0.01087027007272918,0.6972797119474091,0.06297687933711607,-0.0406601364502861,0.0,-0.000166818287290696,-0.014440915034664742,0.0,0.38741765684911883,-0.024999999999999994,0.0,0.38999999999999996,1.5,129.88015988298665,0.03801782549545678,True,True,False
6.57,0.011170684158148491,0.6895520900366087,0.06364876032152351,-0.0406601364502861,0.0,-0.000166818287290696,-0.01412550542653171,0.0,0.3874447011265375,-0.024999999999999994,0.0,0.38999999999999996,1.5,129.88020515210485,0.03663475148158893,True,True,False
6.575,0.011475192120180076,0.6817883774075624,0.06431385226788683,-0.0406601364502861,0.0,-0.000166818287290696,-0.013806754425412321,0.0,0.38747190037735524,-0.024999999999999994,0.0,0.38999999999999996,1.5,129.880250471694,0.035275010950603994,True,True,False
6.58,0.011783715945229794,0.6739892360796349,0.06497212867593452,-0.0406601364502861,0.0,-0.000166818287290696,-0.013484696062710022,0.0,0.3874992527697312,-0.024999999999999994,0.0,0.38999999999999996,1.5,129.88029581465852,0.033938019078054896,True,True,False
6.585,0.012096180498893019,0.6661553270127689,0.06562356376365487,-0.0406601364502861,0.0,-0.000166818287290696,-0.01315936449781177,0.0,0.3875267564684973,-0.024999999999999994,0.0,0.38999999999999996,1.5,129.880341154967,0.03262320164615497,True,True,False
6.59,0.01241251330277325,0.6582873082833782,0.06626813235110005,-0.0406601364502861,0.0,-0.000166818287290696,-0.01283079401551726,0.0,0.3875544096420797,-0.024999999999999994,0.0,0.38999999999999996,1.5,129.8803864676288,0.0313299943981722,True,True,False
6.595,0.012732644328396459,0.6503858338431969,0.06690580977603182,-0.0406601364502861,0.0,-0.000166818287290696,-0.012499019023756913,0.0,0.38758221046717145,-0.024999999999999994,0.0,0.38999999999999996,1.5,129.88043172867012,0.030057842623529826,True,True,False
6.6000000000000005,0.013056505807078789,0.6424515527058932,0.06753657183298163,-0.04448059683887748,0.0,-7.777744575871036e-05,-0.01216407405151243,0.0,0.3876101571316871,-0.024999999999999994,0.0,0.38999999999999996,1.5,129.88153154966557,0.03482800308568537,True,True,False
6.605,0.013384031792075972,0.6344850352662545,0.06816042501636292,-0.04448059683887748,0.0,-7.777744575871036e-05,-0.011825993774715077,0.0,0.3876382491690581,-0.024999999999999994,0.0,0.38999999999999996,1.5,129.88157937998477,0.03338023388870588,True,True,False
6.61,0.013715158240717595,0.6264868481687986,0.06877729831766646,-0.04448059683887748,0.0,-7.777744575871036e-05,-0.011484813041137576,0.0,0.38766648611855015,-0.024999999999999994,0.0,0.38999999999999996,1.5,129.88162724170962,0.03195759994643295,True,True,False
6.615,0.014049823143645047,0.6184576419279666,0.06938716767062535,-0.04448059683887748,0.0,-7.777744575871036e-05,-0.011140566813935437,0.0,0.3876948661364865,-0.024999999999999994,0.0,0.38999999999999996,1.5,129.88167510561036,0.03055948148302602,True,True,False
6.62,0.014387966133559466,0.6103980754917248,0.06999001029439382,-0.04448059683887748,0.0,-7.777744575871036e-05,-0.010793290168216008,0.0,0.38772338733730427,-0.024999999999999994,0.0,0.38999999999999996,1.5,129.8817229436231,0.02918527400243423,True,True,False
6.625,0.01472952835750099,0.6023088115681646,0.07058580442214633,-0.04448059683887748,0.0,-7.777744575871036e-05,-0.010443018286971362,0.0,0.38775204781167927,-0.024999999999999994,0.0,0.38999999999999996,1.5,129.88177072882067,0.02783438613988641,True,True,False
6.63,0.015074452359955658,0.5941905132414054,0.07117452910183528,-0.04448059683887748,0.0,-7.777744575871036e-05,-0.010089786457690153,0.0,0.3877808456395976,-0.024999999999999994,0.0,0.38999999999999996,1.5,129.88181843538692,0.02650623822941721,True,True,False
6.635,0.015422681975706586,0.5860438415736379,0.07175616405064505,-0.04448059683887748,0.0,-7.777744575871036e-05,-0.009733630069491905,0.0,0.38780977889959406,-0.024999999999999994,0.0,0.38999999999999996,1.5,129.88186603858998,0.025200261354661052,True,True,False
6.640000000000001,0.015774162231512807,0.5778694539234736,0.07233068954917643,-0.04448059683887748,0.0,-7.777744575871036e-05,-0.009374584610636033,0.0,0.38783884567512794,-0.024999999999999994,0.0,0.38999999999999996,1.5,129.8819135147558,0.023915896724980124,True,True,False
6.6450000000000005,0.016128839255809706,0.5696680028264467,0.07289808636491349,-0.04448059683887748,0.0,-7.777744575871036e-05,-0.009012685666298925,0.0,0.3878680440588078,-0.024999999999999994,0.0,0.38999999999999996,1.5,129.88196084124252,0.022652595270389708,True,True,False
6.65,0.016486660195712096,0.5614401352788818,0.07345833569721846,-0.04811090634826498,0.0,1.2991226784826607e-05,-0.008647968916541598,0.0,0.3878973721550193,-0.024999999999999994,0.0,0.38999999999999996,1.5,129.8831179395595,0.027131741939382933,True,True,False
6.655,0.01684757294626609,0.5531864226973816,0.0740114490327622,-0.04811090634826498,0.0,1.2991226784826607e-05,-0.00828047016181116,0.0,0.3879268294402846,-0.024999999999999994,0.0,0.38999999999999996,1.5,129.88316767579695,0.02570361671143638,True,True,False
6.66,0.01721152624740107,0.5449074321997772,0.07455736207504825,-0.04811090634826498,0.0,1.2991226784826607e-05,-0.007910225345599875,0.0,0.38795641539768977,-0.024999999999999994,0.0,0.38999999999999996,1.5,129.88321733634012,0.0243003691286868,True,True,False
6.665,0.017578469831393394,0.5366038099838849,0.07509605621020228,-0.04811090634826498,0.0,1.2991226784826607e-05,-0.007537270499670262,0.0,0.38798612810449085,-0.024999999999999994,0.0,0.38999999999999996,1.5,129.88326689374446,0.022921390782007556,True,True,False
6.67,0.017948354182442713,0.5282762096171281,0.07562751403132499,-0.04811090634826498,0.0,1.2991226784826607e-05,-0.007161641741675023,0.0,0.3880159655985698,-0.024999999999999994,0.0,0.38999999999999996,1.5,129.88331632173384,0.021566088373306147,True,True,False
6.675,0.018321130481337294,0.5199252876331918,0.07615171908762247,-0.04811090634826498,0.0,1.2991226784826607e-05,-0.006783375271243397,0.0,0.3880459258955095,-0.024999999999999994,0.0,0.38999999999999996,1.5,129.88336559517035,0.020233881661968975,True,True,False
6.68,0.018696750554746372,0.5115517003715571,0.07666865570049582,-0.04811090634826498,0.0,1.2991226784826607e-05,-0.0064025073667002,0.0,0.38807600700085243,-0.024999999999999994,0.0,0.38999999999999996,1.5,129.88341469002566,0.018924202091663858,True,True,False
6.6850000000000005,0.019075166828631692,0.5031561017276869,0.07717830882942267,-0.04811090634826498,0.0,1.2991226784826607e-05,-0.00601907438227714,0.0,0.3881062069187466,-0.024999999999999994,0.0,0.38999999999999996,1.5,129.88346358335255,0.01763649187633963,True,True,False
6.69,0.01945633228538931,0.49473914160768484,0.07768066397466353,-0.04811090634826498,0.0,1.2991226784826607e-05,-0.0056331127456731855,0.0,0.3881365236578705,-0.024999999999999994,0.0,0.38999999999999996,1.5,129.883512253257,0.016370203395367225,True,True,False
6.695,0.019840200424376998,0.48630146489367954,0.07817570710709806,-0.04811090634826498,0.0,1.2991226784826607e-05,-0.0052446589558639845,0.0,0.38816695523531897,-0.024999999999999994,0.0,0.38999999999999996,1.5,129.88356067887037,0.015124798796605277,True,True,False
6.7,0.020226725225522022,0.47784371080272087,0.078663424618002,-0.05156083570866839,0.0,0.00010274309383853685,-0.004853749581088002,0.0,0.3881974996789855,-0.024999999999999994,0.0,0.38999999999999996,1.5,129.88473634187227,0.01933722897772723,True,True,False
6.705,0.020615860972247668,0.4693664463212839,0.07914383185176532,-0.05156083570866839,0.0,0.00010274309383853685,-0.004460421284427557,0.0,0.38822815637996794,-0.024999999999999994,0.0,0.38999999999999996,1.5,129.88478699262978,0.017936882266199175,True,True,False
6.71,0.021007562331927982,0.46087023402195104,0.07961687190562822,-0.05156083570866839,0.0,0.00010274309383853685,-0.00406471084383303,0.0,0.3882589247352519,-0.024999999999999994,0.0,0.38999999999999996,1.5,129.88483746527245,0.016560999148840405,True,True,False
6.715,0.02140178448953346,0.45235571136223096,0.08008253142671713,-0.05156083570866839,0.0,0.00010274309383853685,-0.0036666550984576773,0.0,0.38828980274579994,-0.024999999999999994,0.0,0.38999999999999996,1.5,129.88488773454918,0.01520898738965809,True,True,False
6.72,0.02179848299428765,0.4438235225220181,0.08054079820860939,-0.05156083570866839,0.0,0.00010274309383853685,-0.003266290947730899,0.0,0.38832078837439576,-0.024999999999999994,0.0,0.38999999999999996,1.5,129.88493777635924,0.01388026958438214,True,True,False
6.7250000000000005,0.022197613735494188,0.4352743142532241,0.08099166095822065,-0.05156083570866839,0.0,0.00010274309383853685,-0.0028636553475653026,0.0,0.3883518795617958,-0.024999999999999994,0.0,0.38999999999999996,1.5,129.88498756772074,0.012574281197333476,True,True,False
6.73,0.02259913292026119,0.4267087328937294,0.08143510912509888,-0.05156083570866839,0.0,0.00010274309383853685,-0.0024587853071573462,0.0,0.38838307423831275,-0.024999999999999994,0.0,0.38999999999999996,1.5,129.88503708674054,0.011290469244968446,True,True,False
6.735,0.02300299705291644,0.4181274222560082,0.08187113277709168,-0.05156083570866839,0.0,0.00010274309383853685,-0.002051717886248222,0.0,0.3884143703319681,-0.024999999999999994,0.0,0.38999999999999996,1.5,129.8850863125845,0.010028291415934046,True,True,False
6.74,0.02340916291597618,0.40953102217830734,0.08229972251028957,-0.05156083570866839,0.0,0.00010274309383853685,-0.0016424901927103996,0.0,0.3884457657740595,-0.024999999999999994,0.0,0.38999999999999996,1.5,129.88513522544864,0.008787215485040925,True,True,False
6.745,0.02381758755253525,0.4009201675609616,0.082720869384207,-0.05156083570866839,0.0,0.00010274309383853685,-0.0012311393803689785,0.0,0.38847725850281933,-0.024999999999999994,0.0,0.38999999999999996,1.5,129.88518380653014,0.007566718924972585,True,True,False
6.75,0.024228228249972217,0.39229548777483486,0.08313456487550712,-0.05483270400990434,0.0,0.00018889885273359788,-0.0008177026469839144,0.0,0.3885088464656302,-0.024999999999999994,0.0,0.38999999999999996,1.5,129.8863413772027,0.011523012479984288,True,True,False
6.755,0.02464104241949953,0.3836575435448214,0.0835408272828433,-0.05483270400990434,0.0,0.00018889885273359788,-0.00040221726013500714,0.0,0.38854052893075075,-0.024999999999999994,0.0,0.38999999999999996,1.5,129.886391979429,0.010157084272149952,True,True,False
6.76,0.025055987652986462,0.3750068912797045,0.08393960778382803,-0.05483270400990434,0.0,0.00018889885273359788,1.5279425628178522e-05,0.0,0.3885723051711399,-0.024999999999999994,0.0,0.38999999999999996,1.5,129.88644230903486,0.008815095500959436,True,True,False
6.765000000000001,0.025473021834486877,0.3663441583007727,0.08433089819179682,-0.05483270400990434,0.0,0.00018889885273359788,0.0004347500216088651,0.0,0.388604173105821,-0.024999999999999994,0.0,0.38999999999999996,1.5,129.88649234323935,0.007496473687560595,True,True,False
6.7700000000000005,0.02589210304115,0.35766997819455465,0.08471469141626393,-0.05483270400990434,0.0,0.00018889885273359788,0.0008561571042204341,0.0,0.3886361306164443,-0.024999999999999994,0.0,0.38999999999999996,1.5,129.88654206037623,0.006200660798543256,True,True,False
6.775,0.026313189532889285,0.3489849868945871,0.08509098124584964,-0.05483270400990434,0.0,0.00018889885273359788,0.0012794632186749755,0.0,0.38866817556259703,-0.024999999999999994,0.0,0.38999999999999996,1.5,129.8865914398622,0.004927111373973503,True,True,False
6.78,0.026736239742762055,0.3402898198524,0.08545976218943083,-0.05483270400990434,0.0,0.00018889885273359788,0.0017046308821184186,0.0,0.38870030579278936,-0.024999999999999994,0.0,0.38999999999999996,1.5,129.88664046216573,0.0036752912689256984,True,True,False
6.785,0.027161212267991414,0.3315851100466229,0.08582102936052328,-0.05483270400990434,0.0,0.00018889885273359788,0.0021316225863346194,0.0,0.3887325191521822,-0.024999999999999994,0.0,0.38999999999999996,1.5,129.88668910877703,0.0024446768091859056,True,True,False
6.79,0.027588065861605074,0.3228714866097163,0.0861747783935968,-0.05483270400990434,0.0,0.00018889885273359788,0.0025604008001431366,0.0,0.38876481348787756,-0.024999999999999994,0.0,0.38999999999999996,1.5,129.88673736217876,0.0012347542258871191,True,True,False
6.795,0.028016759424660566,0.3141495739232892,0.0865210053838904,-0.05483270400990434,0.0,0.00018889885273359788,0.0029909279715795156,0.0,0.38879718665240426,-0.024999999999999994,0.0,0.38999999999999996,1.5,129.88678520581652,4.5019277856370166e-05,True,True,False
6.8,0.02844725199903028,0.3054199910580221,0.08685970684448414,-0.057921303740986335,0.0,0.00026910072362084313,0.0034231665299249425,0.0,0.38882963650582947,-0.024999999999999994,0.0,0.38999999999999996,1.5,129.88789067613888,0.0037427737498557656,True,True,False
6.805,0.02887950268381674,0.29668329221783235,0.08719090331827502,-0.057921303740986335,0.0,0.00026910072362084313,0.0038570788595342076,0.0,0.3888621621560158,-0.024999999999999994,0.0,0.38999999999999996,1.5,129.88794031981575,0.002417244933749216,True,True,False
6.8100000000000005,0.029313470670533723,0.2879400274270329,0.08751455469135262,-0.057921303740986335,0.0,0.00026910072362084313,0.0042926272856349534,0.0,0.38889476271456497,-0.024999999999999994,0.0,0.38999999999999996,1.5,129.88798960632568,0.0011150462854383758,True,True,False
6.815,0.029749115332745286,0.2791908129553864,0.08783065781789992,-0.057921303740986335,0.0,0.00026910072362084313,0.004729774125920877,0.0,0.38892743601463287,-0.024999999999999994,0.0,0.38999999999999996,1.5,129.88803851553772,0.00016435977134250657,True,True,False
6.82,0.03018639616233451,0.2704362702219213,0.08813921053064314,-0.057921303740986335,0.0,0.00026910072362084313,0.005168481687633758,0.0,0.38896017985578724,-0.024999999999999994,0.0,0.38999999999999996,1.5,129.88808702838108,0.001421505404335166,True,True,False
6.825,0.03062527276582346,0.2616770228091591,0.08844021149510681,-0.057921303740986335,0.0,0.00026910072362084313,0.005608712271188365,0.0,0.3889929920155772,-0.024999999999999994,0.0,0.38999999999999996,1.5,129.88813512681745,0.002656913170056077,True,True,False
6.83,0.031065704860690702,0.2529136939985747,0.08873366004562408,-0.057921303740986335,0.0,0.00026910072362084313,0.0060504281732077225,0.0,0.3890258702591489,-0.024999999999999994,0.0,0.38999999999999996,1.5,129.88818279381107,0.003871097253962591,True,True,False
6.835,0.031507652271798414,0.24414690509727704,0.0890195561036287,-0.057921303740986335,0.0,0.00026910072362084313,0.006493591689104544,0.0,0.3890588123457412,-0.024999999999999994,0.0,0.38999999999999996,1.5,129.88823001329985,0.0050645618607079584,True,True,False
6.84,0.03195107492818532,0.23537727415600057,0.08929790013350031,-0.057921303740986335,0.0,0.00026910072362084313,0.006938165115576961,0.0,0.3890918160336936,-0.024999999999999994,0.0,0.38999999999999996,1.5,129.88827677016457,0.006237799088941273,True,True,False
6.845,0.032395932860033394,0.22660541509244608,0.08956869306716345,-0.057921303740986335,0.0,0.00026910072362084313,0.00738411075286427,0.0,0.38912487908377613,-0.024999999999999994,0.0,0.38999999999999996,1.5,129.88832305019957,0.00739129177911714,True,True,False
6.8500000000000005,0.0328421861958265,0.21783193718031868,0.08983193626524295,-0.06083392183923442,0.0,0.0003412619331736186,0.007831390906832159,0.0,0.3891579992612141,-0.024999999999999994,0.0,0.38999999999999996,1.5,129.88934567536538,0.003935120003361728,True,True,False
6.855,0.03328979510366564,0.2090573889291118,0.09008765176658273,-0.06083392183923442,0.0,0.0003412619331736186,0.008279967862606735,0.0,0.3891911754776813,-0.024999999999999994,0.0,0.38999999999999996,1.5,129.88939353458625,0.0052152759457076425,True,True,False
6.86,0.03373871980941337,0.20028231528492219,0.09033580851898115,-0.06083392183923442,0.0,0.0003412619331736186,0.008729803873240294,0.0,0.3892244066459498,-0.024999999999999994,0.0,0.38999999999999996,1.5,129.8894409638146,0.00647274587289387,True,True,False
6.865,0.034188920668827213,0.19150732487240557,0.09057640831666233,-0.06083392183923442,0.0,0.0003412619331736186,0.009180861210597802,0.0,0.38925769049500125,-0.024999999999999994,0.0,0.38999999999999996,1.5,129.88948794564718,0.0077080558277286965,True,True,False
6.87,0.03464035812856895,0.182733032618348,0.09080945405795675,-0.06083392183923442,0.0,0.0003412619331736186,0.009633102161390822,0.0,0.38929102471539573,-0.024999999999999994,0.0,0.38999999999999996,1.5,129.88953446368618,0.008921717834242088,True,True,False
6.875,0.03509299272582822,0.17396005587799407,0.09103494949584696,-0.06083392183923442,0.0,0.0003412619331736186,0.010086489030948137,0.0,0.3893244069744374,-0.024999999999999994,0.0,0.38999999999999996,1.5,129.8895805025074,0.010114231993320844,True,True,False
6.88,0.03554678508768253,0.16518901182120588,0.09125289908297535,-0.06083392183923442,0.0,0.0003412619331736186,0.010540984146307636,0.0,0.389357834926363,-0.024999999999999994,0.0,0.38999999999999996,1.5,129.88962604762955,0.01128608777110407,True,True,False
6.885,0.036001695930383486,0.15642051560163833,0.09146330786959592,-0.06083392183923442,0.0,0.0003412619331736186,0.010996549858916183,0.0,0.3893913062195549,-0.024999999999999994,0.0,0.38999999999999996,1.5,129.8896710854849,0.012437764778068836,True,True,False
6.890000000000001,0.03645768605864078,0.14765517911924333,0.09166618141889193,-0.06083392183923442,0.0,0.0003412619331736186,0.011453148547060171,0.0,0.3894248185013614,-0.024999999999999994,0.0,0.38999999999999996,1.5,129.8897156033903,0.01356973325391074,True,True,False
6.8950000000000005,0.03691471636504848,0.13889361098816894,0.09186152572962707,-0.06083392183923442,0.0,0.0003412619331736186,0.011910742618171322,0.0,0.38945836941824746,-0.024999999999999994,0.0,0.38999999999999996,1.5,129.88975958951872,0.014682454356741495,True,True,False
6.9,0.03737274782953909,0.13013641594052333,0.09204934730725976,-0.06358368799270797,0.0,0.00040359884759466337,0.012369294511035217,0.0,0.38949195661815944,-0.024999999999999994,0.0,0.38999999999999996,1.5,129.8906727191056,0.01144265748081548,True,True,False
6.905,0.03783174147749125,0.1213841410890346,0.09222966953246142,-0.06358368799270797,0.0,0.00040359884759466337,0.012828766669307268,0.0,0.38952557877488486,-0.024999999999999994,0.0,0.38999999999999996,1.5,129.89071807579532,0.012673763347158862,True,True,False
6.91,0.038291658385534,0.1126373297388743,0.0924024711173219,-0.06358368799270797,0.0,0.00040359884759466337,0.013289121532692849,0.0,0.38955923456452,-0.024999999999999994,0.0,0.38999999999999996,1.5,129.89076294268685,0.013882860382092327,True,True,False
6.915,0.03875245974024948,0.10389658438877218,0.09256775917849189,-0.06358368799270797,0.0,0.00040359884759466337,0.013750321587057523,0.0,0.3895929216054843,-0.024999999999999994,0.0,0.38999999999999996,1.5,129.89080730508945,0.015070449013355719,True,True,False
6.92,0.0392141068153928,0.09516251252677618,0.09272554181023544,-0.06358368799270797,0.0,0.00040359884759466337,0.01421232935901634,0.0,0.38962663748305193,-0.024999999999999994,0.0,0.38999999999999996,1.5,129.89085114925055,0.01623701681570984,True,True,False
6.925,0.03967656097303125,0.08643572330366087,0.092875827938108,-0.06358368799270797,0.0,0.00040359884759466337,0.014675107419399036,0.0,0.38966037976236034,-0.024999999999999994,0.0,0.38999999999999996,1.5,129.890894462325,0.01738304006375574,True,True,False
6.93,0.040139783665413285,0.07771682607719244,0.09301862738897325,-0.06358368799270797,0.0,0.00040359884759466337,0.015138618387200986,0.0,0.3896941459942545,-0.024999999999999994,0.0,0.38999999999999996,1.5,129.89093723234612,0.018508984576813575,True,True,False
6.9350000000000005,0.040603736435945614,0.06900642868989083,0.09315395041602519,-0.06358368799270797,0.0,0.00040359884759466337,0.015602824932511028,0.0,0.38972793372204795,-0.024999999999999994,0.0,0.38999999999999996,1.5,129.89097944819545,0.01961530700960551,True,True,False
6.94,0.04106838091870532,0.060305135112404144,0.09328180772772189,-0.06358368799270797,0.0,0.00040359884759466337,0.0160676897778545,0.0,0.38976174049067247,-0.024999999999999994,0.0,0.38999999999999996,1.5,129.8910210995767,0.020702455161462976,True,True,False
6.945,0.04153367883887632,0.05161354466308278,0.09340221048668183,-0.06358368799270797,0.0,0.00040359884759466337,0.01653317570029389,0.0,0.3897955638499665,-0.024999999999999994,0.0,0.38999999999999996,1.5,129.891062176987,0.02177086823058183,True,True,False
6.95,0.04199959201323776,0.04293225145645796,0.09351517027573292,-0.06614402043906058,0.0,0.0004546663571763519,0.01699924553347698,0.0,0.3898294013565724,-0.024999999999999994,0.0,0.38999999999999996,1.5,129.89184286849468,0.01878578908113214,True,True,False
6.955,0.04246608231985989,0.0342617953265484,0.09362071148922281,-0.06614402043906058,0.0,0.0004546663571763519,0.01746586214162854,0.0,0.38986325145223055,-0.024999999999999994,0.0,0.38999999999999996,1.5,129.8918850895492,0.01996283314820657,True,True,False
6.96,0.04293311169579119,0.025602711853313583,0.09371882280100559,-0.06614402043906058,0.0,0.0004546663571763519,0.017932988412906553,0.0,0.3898971125833041,-0.024999999999999994,0.0,0.38999999999999996,1.5,129.89192677347057,0.02111859778926524,True,True,False
6.965,0.04340064218525863,0.016955590911239292,0.09380951642536628,-0.06614402043906058,0.0,0.0004546663571763519,0.018400587307639632,0.0,0.3899309822863226,-0.024999999999999994,0.0,0.38999999999999996,1.5,129.8919679082732,0.02225355741487159,True,True,False
6.97,0.043868635927540235,0.008321026492338346,0.09389280549965229,-0.06614402043906058,0.0,0.0004546663571763519,0.018868621851931555,0.0,0.3899648580690955,-0.024999999999999994,0.0,0.38999999999999996,1.5,129.8920084828359,0.02336817422372256,True,True,False
6.9750000000000005,0.044337055158912904,0.00030038639860998446,0.09396870392188326,-0.06614402043906058,0.0,0.0004546663571763519,0.019337055140935838,0.0,0.389998737422938,-0.024999999999999994,0.0,0.38999999999999996,1.5,129.89204848687294,0.024462899689312853,True,True,False
6.98,0.04480586225040027,0.008908056860244182,0.09403724932491304,-0.06614402043906058,0.0,0.0004546663571763519,0.019805850377807327,0.0,0.39003261783848514,-0.024999999999999994,0.0,0.38999999999999996,1.5,129.89208791090493,0.025538175260833185,True,True,False
6.985,0.04527501984613084,0.01750140368854011,0.0940984866440256,-0.06614402043906058,0.0,0.0004546663571763519,0.020274971013111404,0.0,0.3900664968379972,-0.024999999999999994,0.0,0.38999999999999996,1.5,129.89212674623195,0.026594432924789427,True,True,False
6.99,0.04574449074376404,0.026079853016370846,0.09415243119152959,-0.06614402043906058,0.0,0.0004546663571763519,0.020744380626223857,0.0,0.39010037195559616,-0.024999999999999994,0.0,0.38999999999999996,1.5,129.89216498490626,0.027632096302057235,True,True,False
6.995,0.04621423784229549,0.03464283504136765,0.09419909872435463,-0.06614402043906058,0.0,0.0004546663571763519,0.021214042874116712,0.0,0.39013424072988123,-0.024999999999999994,0.0,0.38999999999999996,1.5,129.89220261970604,0.028651580781179145,True,True,False
7.0,0.04668422414312073,0.04318978481257577,0.09423850541034964,-0.06848948874566707,0.0,0.0004933979303032357,0.021683921493355823,0.0,0.3901681007059077,-0.024999999999999994,0.0,0.38999999999999996,1.5,129.89283215123507,0.025956694022008314,True,True,False
7.005,0.047154412727430026,0.05172018723803509,0.09427067608521067,-0.06848948874566707,0.0,0.0004933979303032357,0.02215398027531182,0.0,0.3902019501530565,-0.024999999999999994,0.0,0.38999999999999996,1.5,129.89287068769215,0.027073701197023695,True,True,False
7.01,0.047624766749324025,0.06023353132150565,0.09429560910136742,-0.06848948874566707,0.0,0.0004933979303032357,0.02262418306128816,0.0,0.3902357873457876,-0.024999999999999994,0.0,0.38999999999999996,1.5,129.89290865200968,0.028170235849126465,True,True,False
7.015000000000001,0.04809524947608571,0.06872925658212144,0.09431332128936921,-0.06848948874566707,0.0,0.0004933979303032357,0.02309449378791323,0.0,0.3902696098130616,-0.024999999999999994,0.0,0.38999999999999996,1.5,129.89294603489404,0.029246744409926292,True,True,False
7.0200000000000005,0.04856582428254784,0.07720679915752332,0.0943238303400551,-0.06848948874566707,0.0,0.0004933979303032357,0.023564876480288016,0.0,0.3903034150584298,-0.024999999999999994,0.0,0.38999999999999996,1.5,129.8929828278358,0.03030366185071097,True,True,False
7.025,0.04903645465341185,0.08566559464602164,0.09432715465640872,-0.06848948874566707,0.0,0.0004933979303032357,0.024035295255058903,0.0,0.3903372005713447,-0.024999999999999994,0.0,0.38999999999999996,1.5,129.89301902308162,0.0313414130522347,True,True,False
7.03,0.04950710418524192,0.09410508015795305,0.09432331324493815,-0.06848948874566707,0.0,0.0004933979303032357,0.024505714323108774,0.0,0.3903709638353559,-0.024999999999999994,0.0,0.38999999999999996,1.5,129.89305461360814,0.03236041373356045,True,True,False
7.035,0.049977736588205604,0.10252469580002106,0.09431232563630365,-0.06848948874566707,0.0,0.0004933979303032357,0.024976097991949525,0.0,0.390404702333975,-0.024999999999999994,0.0,0.38999999999999996,1.5,129.89308959309568,0.03336107108310346,True,True,False
7.04,0.0504483156876357,0.1109238857104309,0.0942942118274861,-0.06848948874566707,0.0,0.0004933979303032357,0.025446410667899017,0.0,0.3904384135548026,-0.024999999999999994,0.0,0.38999999999999996,1.5,129.8931239559029,0.03434378418900345,True,True,False
7.045,0.05091880542547106,0.11930209872168139,0.09426899223976931,-0.06848948874566707,0.0,0.0004933979303032357,0.02591661685810634,0.0,0.3904720949923299,-0.024999999999999994,0.0,0.38999999999999996,1.5,129.89315769704217,0.035308944334343326,True,True,False
7.05,0.051389169861612134,0.1276587888371756,0.0942366876883062,-0.07059460236294351,0.0,0.0005191429003773792,0.02638668117246512,0.0,0.39050574414978695,-0.024999999999999994,0.0,0.38999999999999996,1.5,129.89362209068875,0.032939075969824066,True,True,False
7.055,0.05185937315627032,0.13599345548036554,0.09419732355469017,-0.07059460236294351,0.0,0.0005191429003773792,0.02685656830085001,0.0,0.39053935908314397,-0.024999999999999994,0.0,0.38999999999999996,1.5,129.89365647962705,0.03398934768442729,True,True,False
7.0600000000000005,0.05232937956139564,0.1443056025768355,0.09415090797943745,-0.07059460236294351,0.0,0.0005191429003773792,0.02732624300954145,0.0,0.39057293785616476,-0.024999999999999994,0.0,0.38999999999999996,1.5,129.89369027384308,0.03502006069519047,True,True,False
7.065,0.05279915345506298,0.15259469056069092,0.09409746245947587,-0.07059460236294351,0.0,0.0005191429003773792,0.027795670182759913,0.0,0.39060647796705705,-0.024999999999999994,0.0,0.38999999999999996,1.5,129.89372346670532,0.03603163250189694,True,True,False
7.07,0.05326865933928129,0.1608601776188768,0.09403700928276115,-0.07059460236294351,0.0,0.0005191429003773792,0.028264814815966238,0.0,0.39063997689428853,-0.024999999999999994,0.0,0.38999999999999996,1.5,129.89375605228057,0.037024469916078856,True,True,False
7.075,0.05373786184245197,0.16910152223777494,0.09396957139607384,-0.07059460236294351,0.0,0.0005191429003773792,0.02873364201872089,0.0,0.3906734321067552,-0.024999999999999994,0.0,0.38999999999999996,1.5,129.89378802530743,0.03799897029487859,True,True,False
7.08,0.05420672572150283,0.1773181850679276,0.09389517230798362,-0.07059460236294351,0.0,0.0005191429003773792,0.02920211701720088,0.0,0.39070684107117515,-0.024999999999999994,0.0,0.38999999999999996,1.5,129.89381938117157,0.038955522379477706,True,True,False
7.085,0.054675215863767876,0.18550963022646066,0.09381383601782471,-0.07059460236294351,0.0,0.0005191429003773792,0.029670205156448748,0.0,0.39074020125737524,-0.024999999999999994,0.0,0.38999999999999996,1.5,129.8938501158817,0.03989450686650863,True,True,False
7.09,0.05514329728868576,0.19367532622909672,0.09372558696382068,-0.07059460236294351,0.0,0.0005191429003773792,0.030137871902428115,0.0,0.3907735101420193,-0.024999999999999994,0.0,0.38999999999999996,1.5,129.8938802260452,0.04081629679957906,True,True,False
7.095,0.05561093514937385,0.20181474659146925,0.09363044998526666,-0.07059460236294351,0.0,0.0005191429003773792,0.030605082843944864,0.0,0.3908067652111316,-0.024999999999999994,0.0,0.38999999999999996,1.5,129.89390970884668,0.04172125783967692,True,True,False
7.1000000000000005,0.05607809473410718,0.20992737023540792,0.09352845029500477,-0.0724443556525442,0.0,0.0005316799323207687,0.031071803694462996,0.0,0.3908399639617902,-0.024999999999999994,0.0,0.38999999999999996,1.5,129.8942005074383,0.03969426184540132,True,True,False
7.105,0.056544741451541654,0.2180127167578281,0.09341961372854336,-0.0724443556525442,0.0,0.0005316799323207687,0.03153800027206513,0.0,0.3908731042650546,-0.024999999999999994,0.0,0.38999999999999996,1.5,129.89423038592568,0.040671266388986424,True,True,False
7.11,0.05701084082263425,0.22607031058044785,0.09330395785684971,-0.0724443556525442,0.0,0.0005316799323207687,0.03200363849665583,0.0,0.39090618400246235,-0.024999999999999994,0.0,0.38999999999999996,1.5,129.89425965994894,0.04162974199960948,True,True,False
7.115,0.057476358510747845,0.23409963890254454,0.09318150858197694,-0.0724443556525442,0.0,0.0005316799323207687,0.03246868442676962,0.0,0.3909392006773765,-0.024999999999999994,0.0,0.38999999999999996,1.5,129.89428832545775,0.042570075363831804,True,True,False
7.12,0.05794126032062903,0.24210018779678716,0.09305229252204326,-0.0724443556525442,0.0,0.0005316799323207687,0.03293310425362117,0.0,0.3909721517792818,-0.024999999999999994,0.0,0.38999999999999996,1.5,129.8943163790089,0.043492643292612765,True,True,False
7.125,0.05840551220083821,0.2500714444576875,0.09291633689555694,-0.0724443556525442,0.0,0.0005316799323207687,0.033396864303724405,0.0,0.3910050347927608,-0.024999999999999994,0.0,0.38999999999999996,1.5,129.89434381774166,0.04439781381254042,True,True,False
7.13,0.05886908024587606,0.25801289881926126,0.09277366943642731,-0.0724443556525442,0.0,0.0005316799323207687,0.03385993104121482,0.0,0.39103784720399093,-0.024999999999999994,0.0,0.38999999999999996,1.5,129.89437063935566,0.04528594690958893,True,True,False
7.135,0.059331930698067976,0.2659240447059777,0.09262431833165723,-0.0724443556525442,0.0,0.0005316799323207687,0.034322271069934185,0.0,0.3910705865054218,-0.024999999999999994,0.0,0.38999999999999996,1.5,129.89439684208756,0.04615739503827978,True,True,False
7.140000000000001,0.059794029949281936,0.2738043806322252,0.09246831217573301,-0.0724443556525442,0.0,0.0005316799323207687,0.03478385113535257,0.0,0.3911032501990163,-0.024999999999999994,0.0,0.38999999999999996,1.5,129.89442242469133,0.047012503472827476,True,True,False
7.1450000000000005,0.06025534454251513,0.28165341033077745,0.09230567993726049,-0.0724443556525442,0.0,0.0005316799323207687,0.035244638126359445,0.0,0.3911358357985232,-0.024999999999999994,0.0,0.38999999999999996,1.5,129.8944473864161,0.047851610551926646,True,True,False
7.15,0.060715841173396755,0.2894706430925272,0.0921364509345739,-0.07403019390329646,0.0,0.000531205667232545,0.03570459907697185,0.0,0.3911683408309436,-0.024999999999999994,0.0,0.38999999999999996,1.5,129.89456170701595,0.04617540570510286,True,True,False
7.155,0.06117548667680263,0.297255623883997,0.09196065143697749,-0.07403019390329646,0.0,0.000531205667232545,0.03616370114962969,0.0,0.3912007630167708,-0.024999999999999994,0.0,0.38999999999999996,1.5,129.89458682447435,0.047073206174487896,True,True,False
7.16,0.06163424802082616,0.30500790275008427,0.09177830790488717,-0.07403019390329646,0.0,0.000531205667232545,0.03662191163264911,0.0,0.3912331000894895,-0.024999999999999994,0.0,0.38999999999999996,1.5,129.8946113408381,0.047953618738110715,True,True,False
7.165,0.06209209233380732,0.31272699884554417,0.09158945034200595,-0.07403019390329646,0.0,0.000531205667232545,0.03707919797159781,0.0,0.3912653495932825,-0.024999999999999994,0.0,0.38999999999999996,1.5,129.89463525449193,0.04881699743990265,True,True,False
7.17,0.06254898690285565,0.32041243126920455,0.09139410938970872,-0.07403019390329646,0.0,0.000531205667232545,0.03753552776463712,0.0,0.39129750906428795,-0.024999999999999994,0.0,0.38999999999999996,1.5,129.89465856433276,0.04966368730006403,True,True,False
7.175,0.06300489917615454,0.3280637209745439,0.09119231622822478,-0.07403019390329646,0.0,0.000531205667232545,0.03799086876489144,0.0,0.3913295760383004,-0.024999999999999994,0.0,0.38999999999999996,1.5,129.89468126974796,0.05049402525923159,True,True,False
7.18,0.06345979676499011,0.3356803921417508,0.09098410250395664,-0.07403019390329646,0.0,0.000531205667232545,0.03844518888256368,0.0,0.39136154805632,-0.024999999999999994,0.0,0.38999999999999996,1.5,129.89470337059635,0.051308340824719474,True,True,False
7.1850000000000005,0.06391364744556101,0.3432619731633926,0.09076950027610516,-0.07403019390329646,0.0,0.000531205667232545,0.038898456186844926,0.0,0.3913934226685851,-0.024999999999999994,0.0,0.38999999999999996,1.5,129.8947248671868,0.05210695651564487,True,True,False
7.19,0.06436641916063549,0.3508079973131924,0.09054854197750177,-0.07403019390329646,0.0,0.000531205667232545,0.039350638907684504,0.0,0.3914251974373489,-0.024999999999999994,0.0,0.38999999999999996,1.5,129.89474576026004,0.05289018817261794,True,True,False
7.195,0.06481808002109031,0.35831800318834156,0.09032126038585751,-0.07403019390329646,0.0,0.000531205667232545,0.03980170543744832,0.0,0.3914568699388235,-0.024999999999999994,0.0,0.38999999999999996,1.5,129.8947660509695,0.05365834517629422,True,True,False
7.2,0.06526859830737106,0.3657915349971862,0.09008768860264066,-0.07534790478954477,0.0,0.0005183168748031127,0.04025162433250498,0.0,0.39148843776443804,-0.024999999999999994,0.0,0.38999999999999996,1.5,129.89470650393682,0.05233456865462914,True,True,False
7.205,0.06571794245652243,0.37322816744357357,0.0898478533900198,-0.07534790478954477,0.0,0.0005183168748031127,0.04070036430037077,0.0,0.39151989852206004,-0.024999999999999994,0.0,0.38999999999999996,1.5,129.894726730723,0.05314802390170383,True,True,False
7.21,0.06616608105924557,0.3806274804327334,0.08960178940295309,-0.07534790478954477,0.0,0.0005183168748031127,0.041147894196934154,0.0,0.3915512498347655,-0.024999999999999994,0.0,0.38999999999999996,1.5,129.89474637281597,0.05394533297666251,True,True,False
7.215,0.06661298288465746,0.38798902931609086,0.08934953041608085,-0.07534790478954477,0.0,0.0005183168748031127,0.04159418305182386,0.0,0.39158248932124184,-0.024999999999999994,0.0,0.38999999999999996,1.5,129.89476543082233,0.0547268156454704,True,True,False
7.22,0.06705861687729969,0.3953123703479569,0.08909111076187673,-0.07534790478954477,0.0,0.0005183168748031127,0.042039200065531884,0.0,0.39161361459774424,-0.024999999999999994,0.0,0.38999999999999996,1.5,129.8947839057662,0.05549278353734734,True,True,False
7.2250000000000005,0.067502952159253,0.402597062264531,0.08882656524872552,-0.07534790478954477,0.0,0.0005183168748031127,0.04248291461152612,0.0,0.39164462328448646,-0.024999999999999994,0.0,0.38999999999999996,1.5,129.8948017990706,0.056243540939604805,True,True,False
7.23,0.06794595803201155,0.409842667425099,0.0885559291005851,-0.07534790478954477,0.0,0.0005183168748031127,0.042925296238148725,0.0,0.3916755130102786,-0.024999999999999994,0.0,0.38999999999999996,1.5,129.89481911253907,0.05697938534487637,True,True,False
7.235,0.0683876039781728,0.4170487526056388,0.0882792379125863,-0.07534790478954477,0.0,0.0005183168748031127,0.043366314670350875,0.0,0.39170628141581687,-0.024999999999999994,0.0,0.38999999999999996,1.5,129.89483584834005,0.05770060783122377,True,True,False
7.24,0.06882785966298614,0.4242148895510009,0.08799652761834678,-0.07534790478954477,0.0,0.0005183168748031127,0.04380593981129907,0.0,0.39173692615605993,-0.024999999999999994,0.0,0.38999999999999996,1.5,129.89485200898795,0.05840749332972173,True,True,False
7.245,0.06926669493580494,0.43134065533047977,0.08770783446587854,-0.07534790478954477,0.0,0.0005183168748031127,0.04424414174389765,0.0,0.39176744490179377,-0.024999999999999994,0.0,0.38999999999999996,1.5,129.89486759732827,0.05910032081634281,True,True,False
7.25,0.06970407983146375,0.43842563256430517,0.08741319499977923,-0.07639653650605314,0.0,0.0004939800912748251,0.04468089073224307,0.0,0.39179783534070106,-0.024999999999999994,0.0,0.38999999999999996,1.5,129.89464201965424,0.05812618660561309,True,True,False
7.255,0.07013998455716633,0.4454694290781158,0.08711263661287275,-0.07639653650605314,0.0,0.0004939800912748251,0.04511615721301632,0.0,0.391828095008229,-0.024999999999999994,0.0,0.38999999999999996,1.5,129.8946573510585,0.05885103852006327,True,True,False
7.26,0.07057437949321818,0.4524716579289909,0.08680620133482199,-0.07639653650605314,0.0,0.0004939800912748251,0.045549911792077874,0.0,0.39185822145687943,-0.024999999999999994,0.0,0.38999999999999996,1.5,129.89467212670144,0.05956107319881247,True,True,False
7.265000000000001,0.07100723521598519,0.4594319138420933,0.0864939263647833,-0.07639653650605314,0.0,0.0004939800912748251,0.045982125263409085,0.0,0.39188821241070776,-0.024999999999999994,0.0,0.38999999999999996,1.5,129.89468634914013,0.06025657477265694,True,True,False
7.2700000000000005,0.07143852249277369,0.46634979331273524,0.08617584937981287,-0.07639653650605314,0.0,0.0004939800912748251,0.046412768608403626,0.0,0.391918065596671,-0.024999999999999994,0.0,0.38999999999999996,1.5,129.89470002125609,0.060937820152502625,True,True,False
7.275,0.07186821228372169,0.47322489585712124,0.08585200846965309,-0.07639653650605314,0.0,0.0004939800912748251,0.04684181299772683,0.0,0.39194777874968734,-0.024999999999999994,0.0,0.38999999999999996,1.5,129.8947131462407,0.06160507967418991,True,True,False
7.28,0.07229627574348264,0.48005682490320317,0.08552244208860034,-0.07639653650605314,0.0,0.0004939800912748251,0.047269229792992334,0.0,0.39197734961636665,-0.024999999999999994,0.0,0.38999999999999996,1.5,129.89472572757842,0.06225861754619298,True,True,False
7.285,0.07272268422276161,0.48684518840708807,0.08518718901997928,-0.07639653650605314,0.0,0.0004939800912748251,0.04769499054831372,0.0,0.3920067759576198,-0.024999999999999994,0.0,0.38999999999999996,1.5,129.89473776903307,0.06289869216428862,True,True,False
7.29,0.07314740926973477,0.49358959929019297,0.08484628834987644,-0.07639653650605314,0.0,0.0004939800912748251,0.048119067011753114,0.0,0.392036055550529,-0.024999999999999994,0.0,0.38999999999999996,1.5,129.89474927463357,0.06352555633667759,True,True,False
7.295,0.07357042263138519,0.5002896757042812,0.0844997794476597,-0.07639653650605314,0.0,0.0004939800912748251,0.048541431126698203,0.0,0.392065186189606,-0.024999999999999994,0.0,0.38999999999999996,1.5,129.8947602486597,0.06413945744887875,True,True,False
7.3,0.07399169625477503,0.5069450412015157,0.08414770195145868,-0.07717754169703334,0.0,0.0004594903504163839,0.04896205503318274,0.0,0.3920941656876519,-0.024999999999999994,0.0,0.38999999999999996,1.5,129.894381255148,0.06350916875258458,True,True,False
7.305,0.07441120227356442,0.5135553392114022,0.08379008409297742,-0.07717754169703334,0.0,0.0004594903504163839,0.049380911063784644,0.0,0.39212299154936553,-0.024999999999999994,0.0,0.38999999999999996,1.5,129.89439181042437,0.06414205518316898,True,True,False
7.3100000000000005,0.07482891301264698,0.5201202183280627,0.08342697435879912,-0.07717754169703334,0.0,0.0004594903504163839,0.049797971739298424,0.0,0.3921516612980213,-0.024999999999999994,0.0,0.38999999999999996,1.5,129.8944018504809,0.06476152608353263,True,True,False
7.315,0.07524480100948047,0.5266393149084794,0.08305841301755043,-0.07717754169703334,0.0,0.0004594903504163839,0.05021320978098098,0.0,0.3921801727909642,-0.024999999999999994,0.0,0.38999999999999996,1.5,129.89441137950524,0.06536782890913886,True,True,False
7.32,0.0756588390066011,0.5331122678635419,0.08268444073656082,-0.07717754169703334,0.0,0.0004594903504163839,0.050626598112296084,0.0,0.3922085238934727,-0.024999999999999994,0.0,0.38999999999999996,1.5,129.8944204019216,0.06596120483601936,True,True,False
7.325,0.07607099995325774,0.539538719572149,0.08230509853300426,-0.07717754169703334,0.0,0.0004594903504163839,0.05103810986051016,0.0,0.39223671248253456,-0.024999999999999994,0.0,0.38999999999999996,1.5,129.8944289223785,0.0665418892560728,True,True,False
7.33,0.07648125700689055,0.5459183165358054,0.08192042773771045,-0.07717754169703334,0.0,0.0004594903504163839,0.05144771835815473,0.0,0.3922647364496332,-0.024999999999999994,0.0,0.38999999999999996,1.5,129.89443694573512,0.06711011212543472,True,True,False
7.335,0.07688958353449385,0.5522507098312206,0.08153046996831831,-0.07717754169703334,0.0,0.0004594903504163839,0.05185539714439255,0.0,0.3922925937026883,-0.024999999999999994,0.0,0.38999999999999996,1.5,129.89444447705017,0.06766609821371346,True,True,False
7.34,0.0772959531138864,0.5585355554113487,0.08113526710928436,-0.07717754169703334,0.0,0.0004594903504163839,0.052261119966303254,0.0,0.39232028216745785,-0.024999999999999994,0.0,0.38999999999999996,1.5,129.89445152156972,0.06821006728651617,True,True,False
7.345,0.07770033953491672,0.5647725143049068,0.08073486129691118,-0.07717754169703334,0.0,0.0004594903504163839,0.05266486078011445,0.0,0.392347799788479,-0.024999999999999994,0.0,0.38999999999999996,1.5,129.8944580847161,0.06874223424312287,True,True,False
7.3500000000000005,0.07810271680061733,0.57096125272207,0.08032929490804147,-0.07769421031365015,0.0,0.00041642114856268124,0.05306659375238823,0.0,0.3923751445297099,-0.024999999999999994,0.0,0.38999999999999996,1.5,129.89394248167847,0.06844788229098768,True,True,False
7.355,0.07850305911338883,0.5771014514283618,0.07991859727788023,-0.07769421031365015,0.0,0.00041642114856268124,0.05346629326053706,0.0,0.39240231390780145,-0.024999999999999994,0.0,0.38999999999999996,1.5,129.893948498409,0.06898631020120127,True,True,False
7.36,0.07890134088347239,0.5831927962300186,0.0795028223586924,-0.07769421031365015,0.0,0.00041642114856268124,0.05386393388739685,0.0,0.39242930545922294,-0.024999999999999994,0.0,0.38999999999999996,1.5,129.89395405077596,0.06951278285249506,True,True,False
7.365,0.07929753674860145,0.5892349666369675,0.07908201312858111,-0.07769421031365015,0.0,0.00041642114856268124,0.05425949042667824,0.0,0.39245611719978857,-0.024999999999999994,0.0,0.38999999999999996,1.5,129.89395914424307,0.07002751030869021,True,True,False
7.37,0.07969162156418448,0.5952276454193902,0.07865621288638765,-0.07769421031365015,0.0,0.00041642114856268124,0.05465293788730374,0.0,0.39248274715799353,-0.024999999999999994,0.0,0.38999999999999996,1.5,129.8939637844293,0.07053069731126212,True,True,False
7.375,0.08008357040467173,0.6011705192075484,0.07822546521871801,-0.07769421031365015,0.0,0.00041642114856268124,0.05504425149474601,0.0,0.39250919337753515,-0.024999999999999994,0.0,0.38999999999999996,1.5,129.89396797709884,0.07102254362652768,True,True,False
7.38,0.08047335856481426,0.6070632789059264,0.07778981397534492,-0.07769421031365015,0.0,0.00041642114856268124,0.0554334066922757,0.0,0.3925354539191519,-0.024999999999999994,0.0,0.38999999999999996,1.5,129.89397172815083,0.07150324429547596,True,True,False
7.385,0.08086096156084067,0.6129056199756124,0.07734930325077652,-0.07769421031365015,0.0,0.00041642114856268124,0.055820379142141024,0.0,0.3925615268619186,-0.024999999999999994,0.0,0.38999999999999996,1.5,129.89397504361068,0.07197298981793962,True,True,False
7.390000000000001,0.08124635513156753,0.6186972426308563,0.07690397737034499,-0.07769421031365015,0.0,0.00041642114856268124,0.0562051447266895,0.0,0.39258741030418487,-0.024999999999999994,0.0,0.38999999999999996,1.5,129.89397792962004,0.07243196629260566,True,True,False
7.3950000000000005,0.08162951523946338,0.6244378519418746,0.07645388087960034,-0.07769421031365015,0.0,0.00041642114856268124,0.05658767954945143,0.0,0.39261310236420455,-0.024999999999999994,0.0,0.38999999999999996,1.5,129.89398039242872,0.07288035552735526,True,True,False
7.4,0.0820104180716738,0.6301271579057691,0.0759990585361135,-0.07795135827114233,0.0,0.0003665677445312793,0.05696795993618867,0.0,0.392638601180567,-0.024999999999999994,0.0,0.38999999999999996,1.5,129.8933484925107,0.07291238441477392,True,True,False
7.405,0.08238904002610789,0.635764879820651,0.0755395410824372,-0.07795135827114233,0.0,0.0003665677445312793,0.05734596243999976,0.0,0.39266390432518855,-0.024999999999999994,0.0,0.38999999999999996,1.5,129.89335031696163,0.07335468796930009,True,True,False
7.41,0.08276535772345553,0.6413507418518202,0.07507538689416159,-0.07795135827114233,0.0,0.0003665677445312793,0.05772166383474048,0.0,0.3926890093907886,-0.024999999999999994,0.0,0.38999999999999996,1.5,129.89335173662326,0.0737865416146046,True,True,False
7.415,0.08313934802492934,0.6468844676381744,0.0746066412956154,-0.07795135827114233,0.0,0.0003665677445312793,0.058095041113736395,0.0,0.39271391457433336,-0.024999999999999994,0.0,0.38999999999999996,1.5,129.89335275785916,0.07420811761878157,True,True,False
7.42,0.0835109880203717,0.6523657847372173,0.07413334985548498,-0.07795135827114233,0.0,0.0003665677445312793,0.05846607149672292,0.0,0.39273861808995036,-0.024999999999999994,0.0,0.38999999999999996,1.5,129.89335338711533,0.0746195838939886,True,True,False
7.425,0.083880255029346,0.6577944249025617,0.07365555836916549,-0.07795135827114233,0.0,0.0003665677445312793,0.05883473243093004,0.0,0.39276311817020026,-0.024999999999999994,0.0,0.38999999999999996,1.5,129.89335363091237,0.07502110419776034,True,True,False
7.43,0.08424712660216722,0.6631701242734381,0.07317331284533389,-0.07795135827114233,0.0,0.0003665677445312793,0.059201001592116165,0.0,0.3927874130669931,-0.024999999999999994,0.0,0.38999999999999996,1.5,129.89335349583857,0.07541283828563296,True,True,False
7.4350000000000005,0.08461158052088288,0.6684926234990807,0.07268665949562148,-0.07795135827114233,0.0,0.0003665677445312793,0.05956485688555818,0.0,0.3928115010522692,-0.024999999999999994,0.0,0.38999999999999996,1.5,129.89335298854294,0.07579494203097156,True,True,False
7.44,0.08497359480021824,0.6737616678105812,0.07219564472655472,-0.07795135827114233,0.0,0.0003665677445312793,0.05992627644701204,0.0,0.3928353804184563,-0.024999999999999994,0.0,0.38999999999999996,1.5,129.8933521157283,0.07616756752277443,True,True,False
7.445,0.08533314768848975,0.6789770070588687,0.07170031513314745,-0.07795135827114233,0.0,0.0003665677445312793,0.06028523864364432,0.0,0.39285904947880257,-0.024999999999999994,0.0,0.38999999999999996,1.5,129.8933508841453,0.07653086314870905,True,True,False
7.45,0.0856902176684939,0.684138395728774,0.07120071749369256,-0.0779551946783498,0.0,0.0003118858246256867,0.06064172207494156,0.0,0.3928825065676129,-0.024999999999999994,0.0,0.38999999999999996,1.5,129.89262575303846,0.07687824164459497,True,True,False
7.455,0.08604478344387005,0.6892455924651941,0.0706968842833729,-0.0779551946783498,0.0,0.0003118858246256867,0.06099570558223186,0.0,0.3929057493554318,-0.024999999999999994,0.0,0.38999999999999996,1.5,129.8926238272892,0.0772235394155687,True,True,False
7.46,0.08639682395420735,0.6942983605783353,0.07018887722842991,-0.0779551946783498,0.0,0.0003118858246256867,0.061347168241024236,0.0,0.39292877553434075,-0.024999999999999994,0.0,0.38999999999999996,1.5,129.89262156322252,0.07755992499483416,True,True,False
7.465,0.08674631839052291,0.6992964684312393,0.06967674363400266,-0.0779551946783498,0.0,0.0003118858246256867,0.06169608935318846,0.0,0.39295158350278914,-0.024999999999999994,0.0,0.38999999999999996,1.5,129.89261896771688,0.07788753274379039,True,True,False
7.47,0.087093246181706,0.7042396889207884,0.06916053097515913,-0.0779551946783498,0.0,0.0003118858246256867,0.06204244845638082,0.0,0.3929741716805748,-0.024999999999999994,0.0,0.38999999999999996,1.5,129.89261604767026,0.07820649363634113,True,True,False
7.4750000000000005,0.08743758699532721,0.7091277994416887,0.06864028689393631,-0.0779551946783498,0.0,0.0003118858246256867,0.0623862253248767,0.0,0.3929965385088956,-0.024999999999999994,0.0,0.38999999999999996,1.5,129.892612809995,0.0785169353173702,True,True,False
7.48,0.08777932073843527,0.7139605818533744,0.06811605919661125,-0.0779551946783498,0.0,0.0003118858246256867,0.06272739997039012,0.0,0.3930186824503891,-0.024999999999999994,0.0,0.38999999999999996,1.5,129.89260926161316,0.07881898216003105,True,True,False
7.485,0.08811842755833835,0.7187378224507026,0.0675878958511325,-0.0779551946783498,0.0,0.0003118858246256867,0.06306595264287757,0.0,0.39304060198917407,-0.024999999999999994,0.0,0.38999999999999996,1.5,129.89260540945153,0.07911275532231632,True,True,False
7.49,0.0884548878433764,0.7234593119226417,0.06705584498466113,-0.0779551946783498,0.0,0.0003118858246256867,0.06340186383133256,0.0,0.39306229563086864,-0.024999999999999994,0.0,0.38999999999999996,1.5,129.8926012604379,0.07939837280321263,True,True,False
7.495,0.08878868222368007,0.7281248453180114,0.06651995488118322,-0.0779551946783498,0.0,0.0003118858246256867,0.06373511426456577,0.0,0.39308376190262795,-0.024999999999999994,0.0,0.38999999999999996,1.5,129.8925968214963,0.07967594949863638,True,True,False
7.5,0.08911979157191645,0.7327342220144597,0.06598027397916599,-0.07771328465916963,0.0,0.0002544275105585639,0.06406568491197209,0.0,0.393104999353162,-0.024999999999999994,0.0,0.38999999999999996,1.5,129.89180348118677,0.08032619146952048,True,True,False
7.505,0.08944819699038929,0.7372872405532835,0.06543683681697086,-0.07771328465916963,0.0,0.0002544275105585639,0.06439355699716529,0.0,0.3931260057943088,-0.024999999999999994,0.0,0.38999999999999996,1.5,129.8917983277954,0.08057434849184192,True,True,False
7.51,0.08977387982866887,0.7417837039135732,0.06488970738838078,-0.07771328465916963,0.0,0.0002544275105585639,0.06471871198941875,0.0,0.39314677905992895,-0.024999999999999994,0.0,0.38999999999999996,1.5,129.89179290748885,0.08081515133782433,True,True,False
7.515000000000001,0.0900968216963822,0.7462234255104474,0.06433893461347842,-0.07771328465916963,0.0,0.0002544275105585639,0.06504113158966268,0.0,0.39316731776788105,-0.024999999999999994,0.0,0.38999999999999996,1.5,129.8917872272793,0.0810486966247582,True,True,False
7.5200000000000005,0.09041700444850546,0.7506062238539338,0.0637845675103225,-0.07771328465916963,0.0,0.0002544275105585639,0.06536079774215486,0.0,0.39318762056123946,-0.024999999999999994,0.0,0.38999999999999996,1.5,129.89178129414668,0.08127507854587264,True,True,False
7.525,0.09073441018589029,0.7549319222302339,0.06322665520597252,-0.07771328465916963,0.0,0.0002544275105585639,0.06567769263506426,0.0,0.3932076861071816,-0.024999999999999994,0.0,0.38999999999999996,1.5,129.89177511503556,0.08149438878981057,True,True,False
7.53,0.09104902125582201,0.7592003484446572,0.06266524694394292,-0.07771328465916963,0.0,0.0002544275105585639,0.06599179870107683,0.0,0.39322751309615334,-0.024999999999999994,0.0,0.38999999999999996,1.5,129.89176869685298,0.08170671650500358,True,True,False
7.535,0.09136082025260107,0.7634113346429533,0.062100392089021954,-0.07771328465916963,0.0,0.0002544275105585639,0.06630309861801559,0.0,0.3932471002412928,-0.024999999999999994,0.0,0.38999999999999996,1.5,129.89176204646583,0.0819121482944481,True,True,False
7.54,0.09166979001813647,0.7675647171602219,0.06153214013015153,-0.07771328465916963,0.0,0.0002544275105585639,0.06661157530946618,0.0,0.39326644627802754,-0.024999999999999994,0.0,0.38999999999999996,1.5,129.8917551706987,0.08211076823103222,True,True,False
7.545,0.09197591364254536,0.7716603364268311,0.060960540681881295,-0.07771328465916963,0.0,0.0002544275105585639,0.06691721194540395,0.0,0.3932855499638038,-0.024999999999999994,0.0,0.38999999999999996,1.5,129.89174807633168,0.08230265788675879,True,True,False
7.55,0.09227917446475344,0.7756980368787831,0.060385643484773883,-0.0772345411793459,0.0,0.00019627665279048066,0.06721999194281728,0.0,0.39330441007792927,-0.024999999999999994,0.0,0.38999999999999996,1.5,129.8909126863667,0.08324180058346742,True,True,False
7.555,0.09257955606083478,0.7796776572947299,0.05980748546386706,-0.0772345411793459,0.0,0.00019627665279048066,0.06751989898304228,0.0,0.3933230246145497,-0.024999999999999994,0.0,0.38999999999999996,1.5,129.89090489126744,0.08339339554444991,True,True,False
7.5600000000000005,0.09287704226353044,0.7835990406590146,0.0592261318064909,-0.0772345411793459,0.0,0.00019627665279048066,0.06781691700257705,0.0,0.3933413915900929,-0.024999999999999994,0.0,0.38999999999999996,1.5,129.89089690354487,0.08353920304108378,True,True,False
7.565,0.0931716171719007,0.7874620455269211,0.05864163268495016,-0.0772345411793459,0.0,0.00019627665279048066,0.06811103017337361,0.0,0.3933595098571565,-0.024999999999999994,0.0,0.38999999999999996,1.5,129.89088872997817,0.0836792823659609,True,True,False
7.57,0.09346326513603162,0.7912665360836133,0.0580540383008948,-0.0772345411793459,0.0,0.00019627665279048066,0.06840222291640835,0.0,0.393377378297098,-0.024999999999999994,0.0,0.38999999999999996,1.5,129.8908803772739,0.08381369133938343,True,True,False
7.575,0.09375197075727919,0.7950123815265935,0.05746339890957268,-0.0772345411793459,0.0,0.00019627665279048066,0.06869047990202234,0.0,0.3933949958177411,-0.024999999999999994,0.0,0.38999999999999996,1.5,129.8908718520658,0.08394248609448028,True,True,False
7.58,0.09403771888859076,0.7986994556108706,0.056869764836923395,-0.0772345411793459,0.0,0.00019627665279048066,0.06897578605031626,0.0,0.3934123613517334,-0.024999999999999994,0.0,0.38999999999999996,1.5,129.89086316091394,0.08406572095164054,True,True,False
7.585,0.09432049463488093,0.8023276363157879,0.056273186491407216,-0.0772345411793459,0.0,0.00019627665279048066,0.06925812653158325,0.0,0.39342947385536686,-0.024999999999999994,0.0,0.38999999999999996,1.5,129.89085431030438,0.0841834483533411,True,True,False
7.59,0.0946002833534468,0.8058968056032854,0.05567371437197344,-0.0772345411793459,0.0,0.00019627665279048066,0.06953748676676852,0.0,0.39344633230775755,-0.024999999999999994,0.0,0.38999999999999996,1.5,129.89084530664837,0.08429571883973283,True,True,False
7.595,0.09487707065440587,0.8094068492404736,0.05507139907320399,-0.0772345411793459,0.0,0.00019627665279048066,0.06981385242794247,0.0,0.39346293571027147,-0.024999999999999994,0.0,0.38999999999999996,1.5,129.89083615628311,0.08440258105172788,True,True,False
7.6000000000000005,0.09515084240114642,0.8128576566806666,0.05446629128838962,-0.07652920387620682,0.0,0.00013948530664183032,0.07008720943877736,0.0,0.39347928308619656,-0.024999999999999994,0.0,0.38999999999999996,1.5,129.88998519378706,0.08561518763017839,True,True,False
7.605,0.09542158470041295,0.8162491071009946,0.053858430640305946,-0.07652920387620682,0.0,0.00013948530664183032,0.07035754399507696,0.0,0.3934953726503829,-0.024999999999999994,0.0,0.38999999999999996,1.5,129.88997538805216,0.08567148287488624,True,True,False
7.61,0.09568928392305888,0.8195810836304862,0.053247882465200846,-0.07652920387620682,0.0,0.00013948530664183032,0.07062484255531712,0.0,0.3935112026399211,-0.024999999999999994,0.0,0.38999999999999996,1.5,129.88996546482716,0.08572355481228303,True,True,False
7.615,0.09595392671011382,0.8228534898535707,0.05263469783556781,-0.07652920387620682,0.0,0.00013948530664183032,0.07088909181580128,0.0,0.3935267721546378,-0.024999999999999994,0.0,0.38999999999999996,1.5,129.8899554303153,0.08577142607313995,True,True,False
7.62,0.09621549995749099,0.8260662354645648,0.05201892778944671,-0.07652920387620682,0.0,0.00013948530664183032,0.07115027872571378,0.0,0.39354208032623517,-0.024999999999999994,0.0,0.38999999999999996,1.5,129.8899452906199,0.08581511874981682,True,True,False
7.625,0.09647399081595213,0.8292192353829351,0.05140062336713125,-0.07652920387620682,0.0,0.00013948530664183032,0.07140839048721889,0.0,0.393557126314926,-0.024999999999999994,0.0,0.38999999999999996,1.5,129.88993505174545,0.0858546540524516,True,True,False
7.63,0.09672938669119198,0.8323124090940116,0.0507798356373809,-0.07652920387620682,0.0,0.00013948530664183032,0.07166341455564734,0.0,0.3935719093069695,-0.024999999999999994,0.0,0.38999999999999996,1.5,129.8899247195987,0.08589005209696396,True,True,False
7.635,0.0969816752440107,0.8353456801819367,0.05015661571593268,-0.07652920387620682,0.0,0.00013948530664183032,0.07191533863974478,0.0,0.3935864285129294,-0.024999999999999994,0.0,0.38999999999999996,1.5,129.88991429998964,0.08592133178215056,True,True,False
7.640000000000001,0.09723084439054978,0.8383189759825785,0.04953101477838422,-0.07652920387620682,0.0,0.00013948530664183032,0.07216415070196533,0.0,0.39360068316643926,-0.024999999999999994,0.0,0.38999999999999996,1.5,129.88990379863264,0.0859485107268739,True,True,False
7.6450000000000005,0.09747688230256543,0.8412322273506551,0.048903084068973264,-0.07652920387620682,0.0,0.00013948530664183032,0.07240983895878769,0.0,0.3936146725233751,-0.024999999999999994,0.0,0.38999999999999996,1.5,129.88989322114784,0.08597160524776862,True,True,False
7.65,0.09771977740772933,0.8440853684912186,0.04827287490637076,-0.0756087861229477,0.0,8.601320607681332e-05,0.07265239188104836,0.0,0.39362839586130427,-0.024999999999999994,0.0,0.38999999999999996,1.5,129.8890526807296,0.08744081936478068,True,True,False
7.655,0.09795951838193957,0.8468783189417733,0.04764042991748759,-0.0756087861229477,0.0,8.601320607681332e-05,0.07289179821710118,0.0,0.39364185165045285,-0.024999999999999994,0.0,0.38999999999999996,1.5,129.88904152177997,0.08740373087568998,True,True,False
7.66,0.09819609417065445,0.8496110019295078,0.04700581359628555,-0.0756087861229477,0.0,8.601320607681332e-05,0.07312804698347414,0.0,0.39365503838299,-0.024999999999999994,0.0,0.38999999999999996,1.5,129.8890303193192,0.08736396974182226,True,True,False
7.665,0.09842949399097427,0.8522833657263272,0.046369077590720245,-0.0756087861229477,0.0,8.601320607681332e-05,0.07336112743554171,0.0,0.3936679554152641,-0.024999999999999994,0.0,0.38999999999999996,1.5,129.88901907866529,0.08732152282747241,True,True,False
7.67,0.0986597073169157,0.854895365146761,0.04573027345841366,-0.0756087861229477,0.0,8.601320607681332e-05,0.07359102908358228,0.0,0.39368060213819733,-0.024999999999999994,0.0,0.38999999999999996,1.5,129.88900780502118,0.08727637736869245,True,True,False
7.675,0.09888672387910406,0.857446960405132,0.04508945271517163,-0.0756087861229477,0.0,8.601320607681332e-05,0.07381774169264402,0.0,0.3936929779728633,-0.024999999999999994,0.0,0.38999999999999996,1.5,129.8889965034769,0.08722852050673519,True,True,False
7.68,0.09911053366462431,0.859938116270718,0.04444666686997466,-0.0756087861229477,0.0,8.601320607681332e-05,0.07404125528252517,0.0,0.3937050823672775,-0.024999999999999994,0.0,0.38999999999999996,1.5,129.88898517901208,0.08717793899364987,True,True,False
7.6850000000000005,0.09933112691699329,0.8623688014600953,0.043801967450083586,-0.0756087861229477,0.0,8.601320607681332e-05,0.07426156012784271,0.0,0.39371691479408616,-0.024999999999999994,0.0,0.38999999999999996,1.5,129.88897383649842,0.08712461901420954,True,True,False
7.69,0.09954849413621489,0.8647389882065114,0.0431554060189551,-0.0756087861229477,0.0,8.601320607681332e-05,0.07447864675815802,0.0,0.39372847474895933,-0.024999999999999994,0.0,0.38999999999999996,1.5,129.8889624807021,0.08706854608628259,True,True,False
7.695,0.0997626260788917,0.8670486519550179,0.04250703418895103,-0.0756087861229477,0.0,8.601320607681332e-05,0.07469250595814056,0.0,0.39373976174948,-0.024999999999999994,0.0,0.38999999999999996,1.5,129.88895111628594,0.08700970501407951,True,True,False
7.7,0.0999735137583742,0.8692977711636903,0.0418569036302964,-0.07448598853187369,0.0,3.7671911717230275e-05,0.07490312876775473,0.0,0.3937507753344145,-0.024999999999999994,0.0,0.38999999999999996,1.5,129.88814575128126,0.08871735825671768,True,True,False
7.705,0.10018114843972392,0.8714863054796658,0.041205060313007545,-0.07448598853187369,0.0,3.7671911717230275e-05,0.07511050650745005,0.0,0.3937615142594176,-0.024999999999999994,0.0,0.38999999999999996,1.5,129.88813390410095,0.08858942342566524,True,True,False
7.71,0.10038552166101497,0.8736142179606294,0.04055156698990279,-0.07448598853187369,0.0,3.7671911717230275e-05,0.07531463076935188,0.0,0.3937719773014569,-0.024999999999999994,0.0,0.38999999999999996,1.5,129.88812208434777,0.08846034252416567,True,True,False
7.715,0.10058662523108874,0.8756815009789942,0.039896475628368615,-0.07448598853187369,0.0,3.7671911717230275e-05,0.07551549338413974,0.0,0.3937821640792623,-0.024999999999999994,0.0,0.38999999999999996,1.5,129.8881102961853,0.0883300677676441,True,True,False
7.72,0.10078445121592294,0.8776881538349117,0.03923983806512643,-0.07448598853187369,0.0,3.7671911717230275e-05,0.07571308643761024,0.0,0.3937920742483766,-0.024999999999999994,0.0,0.38999999999999996,1.5,129.88809854365815,0.08819855262430282,True,True,False
7.7250000000000005,0.10097899193026064,0.8796341732454066,0.03858169444848858,-0.07448598853187369,0.0,3.7671911717230275e-05,0.0759074022636812,0.0,0.3938017074647151,-0.024999999999999994,0.0,0.38999999999999996,1.5,129.88808683081163,0.08806276684845628,True,True,False
7.73,0.10117023965420256,0.881519219966302,0.03792198856776216,-0.07448598853187369,0.0,3.7671911717230275e-05,0.07609843320895493,0.0,0.39381106210698036,-0.024999999999999994,0.0,0.38999999999999996,1.5,129.8880751658131,0.08789566843077212,True,True,False
7.735,0.10135818660033079,0.883342413314636,0.03726076792487086,-0.07448598853187369,0.0,3.7671911717230275e-05,0.0762861716302555,0.0,0.3938201344732748,-0.024999999999999994,0.0,0.38999999999999996,1.5,129.88806356144545,0.08769668994289573,True,True,False
7.74,0.10154282535029178,0.88510275680633,0.03659811633250343,-0.07448598853187369,0.0,3.7671911717230275e-05,0.07647061027029195,0.0,0.3938289204084679,-0.024999999999999994,0.0,0.38999999999999996,1.5,129.88805202929603,0.08747126627167813,True,True,False
7.745,0.10172414890185918,0.8867992534953962,0.035934120593839804,-0.07448598853187369,0.0,3.7671911717230275e-05,0.07665174228765517,0.0,0.3938374157569589,-0.024999999999999994,0.0,0.38999999999999996,1.5,129.88804057971106,0.0872234112661389,True,True,False
7.75,0.10190215067374202,0.8884309606138188,0.03526886787599759,-0.07330453140911296,0.0,-3.5170534320218283e-06,0.07682956125338758,0.0,0.3938456165795111,-0.024999999999999994,0.0,0.38999999999999996,1.5,129.88731706797012,0.0888179886421822,True,True,False
7.755,0.10207682459476251,0.8899971076626265,0.0346024832028832,-0.07330453140911296,0.0,-3.5170534320218283e-06,0.07700406124715015,0.0,0.3938535189681065,-0.024999999999999994,0.0,0.38999999999999996,1.5,129.8873053804811,0.08847739672121474,True,True,False
7.76,0.10224816504594218,0.8914971129635396,0.03393502396166589,-0.07330453140911296,0.0,-3.5170534320218283e-06,0.07717523677230825,0.0,0.3938611197579173,-0.024999999999999994,0.0,0.38999999999999996,1.5,129.88729382617535,0.08812482658510667,True,True,False
7.765000000000001,0.10241616671395468,0.8929304436537927,0.03326656645747913,-0.07330453140911296,0.0,-3.5170534320218283e-06,0.07734308260526912,0.0,0.3938684166310805,-0.024999999999999994,0.0,0.38999999999999996,1.5,129.88728241188903,0.08776127523285565,True,True,False
7.7700000000000005,0.10258082464689172,0.8942966517605762,0.032597185031319226,-0.07330453140911296,0.0,-3.5170534320218283e-06,0.07750759387031025,0.0,0.39387540761157863,-0.024999999999999994,0.0,0.38999999999999996,1.5,129.88727114408385,0.08738752699634111,True,True,False
7.775,0.1027421342448598,0.8955953686432179,0.031926952150749525,-0.07330453140911296,0.0,-3.5170534320218283e-06,0.07766876603094325,0.0,0.3938820910437838,-0.024999999999999994,0.0,0.38999999999999996,1.5,129.88726002889547,0.08700420282247062,True,True,False
7.78,0.10290009125103641,0.896826298446743,0.03125593855559863,-0.07330453140911296,0.0,-3.5170534320218283e-06,0.07782659488189433,0.0,0.3938884655670848,-0.024999999999999994,0.0,0.38999999999999996,1.5,129.88724907217127,0.08661179616003159,True,True,False
7.785,0.10305469174340594,0.897989211330798,0.03058421342977959,-0.07330453140911296,0.0,-3.5170534320218283e-06,0.07798107654181063,0.0,0.3938945300895179,-0.024999999999999994,0.0,0.38999999999999996,1.5,129.8872382795007,0.08621069963291503,True,True,False
7.79,0.10320593212722787,0.8990839368404995,0.029911844581557417,-0.07330453140911296,0.0,-3.5170534320218283e-06,0.07813220744668578,0.0,0.3939002837619506,-0.024999999999999994,0.0,0.38999999999999996,1.5,129.8872276562404,0.0858012252573747,True,True,False
7.795,0.10335380912822913,0.9001103576658599,0.029238898621976362,-0.07330453140911296,0.0,-3.5170534320218283e-06,0.0782799843439605,0.0,0.39390572595373685,-0.024999999999999994,0.0,0.38999999999999996,1.5,129.88721720753438,0.08538362005143141,True,True,False
7.8,0.10349831978648664,0.9010684038964942,0.028565441135977015,-0.07270405012909376,0.0,-3.5660095218163236e-05,0.07842440428724756,0.0,0.39391085623026767,-0.024999999999999994,0.0,0.38999999999999996,1.5,129.8866945616213,0.08590424602687044,True,True,False
7.805000000000001,0.10363946149522872,0.9019580921091114,0.027891556341051123,-0.07270405012909376,0.0,-3.5660095218163236e-05,0.07856546468722733,0.0,0.39391567403388794,-0.024999999999999994,0.0,0.38999999999999996,1.5,129.88668430312947,0.08544235082745905,True,True,False
7.8100000000000005,0.1037772319739499,0.902779521665926,0.027217294683421676,-0.07270405012909376,0.0,-3.5660095218163236e-05,0.07870316326750856,0.0,0.39392017913971744,-0.024999999999999994,0.0,0.38999999999999996,1.5,129.88667424709925,0.08497448584059332,True,True,False
7.815,0.10391162919819281,0.9035327971233472,0.026542716919185774,-0.07270405012909376,0.0,-3.5660095218163236e-05,0.07883749798797271,0.0,0.39392437182495244,-0.024999999999999994,0.0,0.38999999999999996,1.5,129.88666439749275,0.08450053210392855,True,True,False
7.82,0.10404265142702744,0.9042180436356629,0.025867883652022396,-0.07270405012909376,0.0,-3.5660095218163236e-05,0.07896846708781805,0.0,0.3939282524581846,-0.024999999999999994,0.0,0.38999999999999996,1.5,129.8866547581656,0.08402038670255868,True,True,False
7.825,0.10417029720079282,0.904835403626175,0.025192855471236904,-0.07270405012909376,0.0,-3.5660095218163236e-05,0.07909606908380931,0.0,0.3939318214863223,-0.024999999999999994,0.0,0.38999999999999996,1.5,129.88664533286635,0.08353395805498992,True,True,False
7.83,0.10429456533913503,0.9053850343545587,0.02451769306912834,-0.07270405012909376,0.0,-3.5660095218163236e-05,0.0792203027686928,0.0,0.3939350794250066,-0.024999999999999994,0.0,0.38999999999999996,1.5,129.88663612523388,0.08304116291936173,True,True,False
7.835,0.10441545493926195,0.9058671061368078,0.023842457348778184,-0.07270405012909376,0.0,-3.5660095218163236e-05,0.07934116720973178,0.0,0.39393802685158935,-0.024999999999999994,0.0,0.38999999999999996,1.5,129.8866271387975,0.08254192451293504,True,True,False
7.84,0.10453296537434921,0.9062818010159096,0.02316720953055987,-0.07270405012909376,0.0,-3.5660095218163236e-05,0.07945866174732658,0.0,0.39394066439988285,-0.024999999999999994,0.0,0.38999999999999996,1.5,129.8866183769768,0.08203617134489806,True,True,False
7.845,0.1046470962920437,0.906629311743697,0.02249201126401919,-0.07270405012909376,0.0,-3.5660095218163236e-05,0.07957278599368639,0.0,0.39394299275613526,-0.024999999999999994,0.0,0.38999999999999996,1.5,129.88660984308163,0.08152383650374972,True,True,False
7.8500000000000005,0.10475784761303582,0.9069098409814266,0.021816924750955095,-0.07269191479260513,0.0,-5.9912381322832676e-05,0.07968353983153786,0.0,0.39394501265585546,-0.024999999999999994,0.0,0.38999999999999996,1.5,129.8862786732778,0.08102370303253857,True,True,False
7.855,0.10486521955470506,0.9071236347167587,0.02114203254907126,-0.07269191479260513,0.0,-5.9912381322832676e-05,0.0797909234444722,0.0,0.39394672470679953,-0.024999999999999994,0.0,0.38999999999999996,1.5,129.88627060163404,0.08050308159032565,True,True,False
7.86,0.1049692128153896,0.9072712151950109,0.020467436915786414,-0.07269191479260513,0.0,-5.9912381322832676e-05,0.07989493745625972,0.0,0.39394813058673495,-0.024999999999999994,0.0,0.38999999999999996,1.5,129.88626276249525,0.07999325217160771,True,True,False
7.865,0.1050698284582869,0.9073533349002038,0.019793194450345764,-0.07269191479260513,0.0,-5.9912381322832676e-05,0.0799955828096593,0.0,0.3939492331804812,-0.024999999999999994,0.0,0.38999999999999996,1.5,129.88625515264462,0.07949378030484142,True,True,False
7.87,0.10516706778303424,0.9073708499999263,0.019119356526444028,-0.07269191479260513,0.0,-5.9912381322832676e-05,0.08009286066779728,0.0,0.39395003578974497,-0.024999999999999994,0.0,0.38999999999999996,1.5,129.88624776890987,0.07900414569088117,True,True,False
7.875,0.10526093229942497,0.9073246772470419,0.018445972506439826,-0.07269191479260513,0.0,-5.9912381322832676e-05,0.08018677239432881,0.0,0.393950541963806,-0.024999999999999994,0.0,0.38999999999999996,1.5,129.88624060815056,0.07852385684806878,True,True,False
7.88,0.10535142372081087,0.907215781278947,0.017773091621315105,-0.07269191479260513,0.0,-5.9912381322832676e-05,0.08027731954878886,0.0,0.39395075544978825,-0.024999999999999994,0.0,0.38999999999999996,1.5,129.8862336672615,0.07805251188818639,True,True,False
7.885,0.10543854394436528,0.9070451326941602,0.017100762479990605,-0.07269191479260513,0.0,-5.9912381322832676e-05,0.08036450387310642,0.0,0.3939506800277912,-0.024999999999999994,0.0,0.38999999999999996,1.5,129.88622694315467,0.07758967568751979,True,True,False
7.890000000000001,0.1055222950450204,0.9068137040944949,0.016429034251653273,-0.07269191479260513,0.0,-5.9912381322832676e-05,0.08044832728617349,0.0,0.3939503194954812,-0.024999999999999994,0.0,0.38999999999999996,1.5,129.88622043277607,0.07713497252742862,True,True,False
7.8950000000000005,0.10560267926720122,0.9065224515263486,0.015757958801376398,-0.07269191479260513,0.0,-5.9912381322832676e-05,0.08052879187835885,0.0,0.3939496775951207,-0.024999999999999994,0.0,0.38999999999999996,1.5,129.88621413309923,0.07668803265884341,True,True,False
7.9,0.10567969902274951,0.9061723080887436,0.015087591080246834,-0.07290187704042009,0.0,-7.786880240755943e-05,0.08060589991040801,0.0,0.39394875798850876,-0.024999999999999994,0.0,0.38999999999999996,1.5,129.88600162447008,0.07591732224663557,True,True,False
7.905,0.10575335688263858,0.9057641819559614,0.014417991685377829,-0.07290187704042009,0.0,-7.786880240755943e-05,0.08067965381296857,0.0,0.39394756404860504,-0.024999999999999994,0.0,0.38999999999999996,1.5,129.88599576780388,0.07549673124023223,True,True,False
7.91,0.1058236555789682,0.905298948353395,0.01374922332390966,-0.07290187704042009,0.0,-7.786880240755943e-05,0.08075005618225498,0.0,0.3939460990289151,-0.024999999999999994,0.0,0.38999999999999996,1.5,129.8859901075665,0.07508255131933286,True,True,False
7.915,0.10589059801205988,0.9047774422108215,0.013081357317685003,-0.07290187704042009,0.0,-7.786880240755943e-05,0.08081710978076537,0.0,0.39394436623516543,-0.024999999999999994,0.0,0.38999999999999996,1.5,129.8859846410285,0.0746744598809874,True,True,False
7.92,0.10595418724597919,0.9042004603575897,0.012414473684155283,-0.07290187704042009,0.0,-7.786880240755943e-05,0.08088081754000484,0.0,0.3939423688331031,-0.024999999999999994,0.0,0.38999999999999996,1.5,129.88597936550445,0.07427214182745932,True,True,False
7.925,0.10601442650922152,0.90356876084586,0.011748663554104158,-0.07290187704042009,0.0,-7.786880240755943e-05,0.08094118256127783,0.0,0.3939401098458207,-0.024999999999999994,0.0,0.38999999999999996,1.5,129.88597427835623,0.07387528929865952,True,True,False
7.930000000000001,0.10607131919568924,0.9028830627823894,0.0110840324067326,-0.07290187704042009,0.0,-7.786880240755943e-05,0.0809982081166927,0.0,0.39393759215309243,-0.024999999999999994,0.0,0.38999999999999996,1.5,129.88596937699495,0.07348360151234648,True,True,False
7.9350000000000005,0.10612486886589355,0.9021440465423679,0.01042070448797309,-0.07290187704042009,0.0,-7.786880240755943e-05,0.08105189765033213,0.0,0.3939348184922027,-0.024999999999999994,0.0,0.38999999999999996,1.5,129.88596465888313,0.07309678467454256,True,True,False
7.94,0.1061750792483291,0.9013523542670381,0.009758828967791566,-0.07290187704042009,0.0,-7.786880240755943e-05,0.08110225477955199,0.0,0.3939317914598823,-0.024999999999999994,0.0,0.38999999999999996,1.5,129.88596012153616,0.07271455193426868,True,True,False
7.945,0.10622195424098081,0.900508590580245,0.009098588703082975,-0.07290187704042009,0.0,-7.786880240755943e-05,0.08114928329637772,0.0,0.3939285135151057,-0.024999999999999994,0.0,0.38999999999999996,1.5,129.88595576252416,0.07233662336471411,True,True,False
7.95,0.10626549791293281,0.8996133234706956,0.008440212994864813,-0.07265938939524577,0.0,-9.025477700194481e-05,0.08119298716897669,0.0,0.3939249869825366,-0.024999999999999994,0.0,0.38999999999999996,1.5,129.88575111939835,0.07234481884917138,True,True,False
7.955,0.1063057145045638,0.8986670805806004,0.0077840072287670104,-0.07265938939524577,0.0,-9.025477700194481e-05,0.08123337054912289,0.0,0.3939212138552465,-0.024999999999999994,0.0,0.38999999999999996,1.5,129.88574708734694,0.07196097073427182,True,True,False
7.96,0.10634260843426774,0.8976703551623179,0.007130353873861862,-0.07265938939524577,0.0,-9.025477700194481e-05,0.08127043777127463,0.0,0.3939171960004112,-0.024999999999999994,0.0,0.38999999999999996,1.5,129.88574323276976,0.07158098963535907,True,True,False
7.965,0.10637618430005566,0.8966236128955212,0.006479784109334033,-0.07265938939524577,0.0,-9.025477700194481e-05,0.08130419334644917,0.0,0.39391293536876865,-0.024999999999999994,0.0,0.38999999999999996,1.5,129.88573955328138,0.07120461686464992,True,True,False
7.97,0.10640644687799025,0.8955272882604789,0.0058330466797683255,-0.07265938939524577,0.0,-9.025477700194481e-05,0.08133464196791881,0.0,0.39390843379796575,-0.024999999999999994,0.0,0.38999999999999996,1.5,129.88573604655534,0.0708316010453744,True,True,False
7.9750000000000005,0.10643340112385231,0.8943817855196854,0.0051912388986620145,-0.07265938939524577,0.0,-9.025477700194481e-05,0.08136178851272147,0.0,0.3939036930163574,-0.024999999999999994,0.0,0.38999999999999996,1.5,129.8857327103233,0.07046169795917928,True,True,False
7.98,0.10645705217485514,0.8931874798095892,0.0045560428695436105,-0.07265938939524577,0.0,-9.025477700194481e-05,0.08138563804320198,0.0,0.3938987146472456,-0.024999999999999994,0.0,0.38999999999999996,1.5,129.88572954237577,0.07009467043008231,True,True,False
7.985,0.10647740535138647,0.8919447183181372,0.003930176801729929,-0.07265938939524577,0.0,-9.025477700194481e-05,0.0814061958085675,0.0,0.3938935002134658,-0.024999999999999994,0.0,0.38999999999999996,1.5,129.88572654056074,0.06973028823014432,True,True,False
7.99,0.10649446615876475,0.8906538215195869,0.003318316973442431,-0.07265938939524577,0.0,-9.025477700194481e-05,0.08142346724644986,0.0,0.3938880511421667,-0.024999999999999994,0.0,0.38999999999999996,1.5,129.8857237027839,0.0693683279969924,True,True,False
7.995,0.10650824028898787,0.8893150844611308,0.002729126641434926,-0.07265938939524577,0.0,-9.025477700194481e-05,0.08143745798445223,0.0,0.3938823687698034,-0.024999999999999994,0.0,0.38999999999999996,1.5,129.8857210270074,0.06900857315673072,True,True,False
8.0,0.10651873362247018,0.8879287780740841,0.002180047947999151,-0.07172847318390022,0.0,-9.563455824709743e-05,0.0814481738416809,0.0,0.39387645434721474,-0.024999999999999994,0.0,0.38999999999999996,1.5,129.88550646269485,0.0701181737170561,True,True,False
8.005,0.1065259522349477,0.8864951328220939,0.0017088989263764661,-0.07172847318390022,0.0,-9.563455824709743e-05,0.08145562084435365,0.0,0.39387030879977,-0.024999999999999994,0.0,0.38999999999999996,1.5,129.88550405947166,0.0697095427047944,True,True,False
8.01,0.10652990240718245,0.8850143581897923,0.0013950914214346315,-0.07172847318390022,0.0,-9.563455824709743e-05,0.08145980522631585,0.0,0.39386393297803013,-0.024999999999999994,0.0,0.38999999999999996,1.5,129.88550183600375,0.06930389370403042,True,True,False
8.015,0.10653059061502733,0.8834866652535855,0.0013510934324068285,-0.07172847318390022,0.0,-9.563455824709743e-05,0.08146073340949794,0.0,0.3938573279220669,-0.024999999999999994,0.0,0.38999999999999996,1.5,129.8854997897246,0.06890101178755662,True,True,False
8.02,0.10652802352904828,0.8819122497835965,0.0015977096720489197,-0.07172847318390022,0.0,-9.563455824709743e-05,0.0814584120123063,0.0,0.39385049462063026,-0.024999999999999994,0.0,0.38999999999999996,1.5,129.8854979181273,0.06850068994663523,True,True,False
8.025,0.10652220801543734,0.8802912924075106,0.002030413164350778,-0.07172847318390022,0.0,-9.563455824709743e-05,0.08145284785050141,0.0,0.3938434340116751,-0.024999999999999994,0.0,0.38999999999999996,1.5,129.8854962187633,0.06810272847451608,True,True,False
8.03,0.10651315113703659,0.8786239590507352,0.002555307235226209,-0.07172847318390022,0.0,-9.563455824709743e-05,0.08144404793814511,0.0,0.39383614698402775,-0.024999999999999994,0.0,0.38999999999999996,1.5,129.88549468924126,0.06770693451791061,True,True,False
8.035,0.10650086015443147,0.8769104015937678,0.0031253756661914003,-0.07172847318390022,0.0,-9.563455824709743e-05,0.08143201948858791,0.0,0.3938286343798554,-0.024999999999999994,0.0,0.38999999999999996,1.5,129.88549332722596,0.0673131217411699,True,True,False
8.040000000000001,0.10648534252707484,0.8751507586771139,0.0037191077628077928,-0.07172847318390022,0.0,-9.563455824709743e-05,0.08141676991546584,0.0,0.3938208969977297,-0.024999999999999994,0.0,0.38999999999999996,1.5,129.88549213043683,0.06692111006582177,True,True,False
8.045,0.10646660591441044,0.8733451566087169,0.004326062920117573,-0.07172847318390022,0.0,-9.563455824709743e-05,0.08139830683368274,0.0,0.3938129355960832,-0.024999999999999994,0.0,0.38999999999999996,1.5,129.885491096647,0.06653072546042102,True,True,False
8.05,0.10644465817697418,0.8714937103412549,0.0049407295844127504,-0.07011056005972291,0.0,-9.23543984339737e-05,0.0813766380603605,0.0,0.393804750896963,-0.024999999999999994,0.0,0.38999999999999996,1.5,129.88528825085,0.06869219012291292,True,True,False
8.055,0.10641950738975114,0.8695964938939607,0.0055599873016016635,-0.07011056005972291,0.0,-9.23543984339737e-05,0.08135177163766596,0.0,0.39379634332049274,-0.024999999999999994,0.0,0.38999999999999996,1.5,129.88528752648233,0.06821302928154871,True,True,False
8.06,0.10639116185383474,0.8676535727905016,0.006181883580948235,-0.07011056005972291,0.0,-9.23543984339737e-05,0.08132371583460019,0.0,0.3937877132589533,-0.024999999999999994,0.0,0.38999999999999996,1.5,129.8852870009305,0.06773741755692723,True,True,False
8.065,0.10635963007402997,0.8656650418817792,0.006805183260137306,-0.07011056005972291,0.0,-9.23543984339737e-05,0.08129247911397108,0.0,0.39377886137487517,-0.024999999999999994,0.0,0.38999999999999996,1.5,129.88528667074382,0.06726516055206545,True,True,False
8.07,0.10632492075961238,0.8636309948294788,0.007429051716179283,-0.07011056005972291,0.0,-9.23543984339737e-05,0.08125807014272143,0.0,0.3937697883338915,-0.024999999999999994,0.0,0.38999999999999996,1.5,129.88528653253715,0.06679607186126739,True,True,False
8.075,0.106287042824071,0.8615515231079287,0.008052901077371227,-0.07011056005972291,0.0,-9.23543984339737e-05,0.08122049779181031,0.0,0.39376049480067776,-0.024999999999999994,0.0,0.38999999999999996,1.5,129.88528658298983,0.06632997204048642,True,True,False
8.08,0.1062460053850714,0.8594267155049582,0.00867630178218779,-0.07011056005972291,0.0,-9.23543984339737e-05,0.08117977113624247,0.0,0.3937509814368763,-0.024999999999999994,0.0,0.38999999999999996,1.5,129.88528681884424,0.06586668787978225,True,True,False
8.085,0.10620181776457055,0.8572566579840879,0.009298929417582334,-0.07011056005972291,0.0,-9.23543984339737e-05,0.08113589945519839,0.0,0.3937412489004437,-0.024999999999999994,0.0,0.38999999999999996,1.5,129.88528723690493,0.06540605188060429,True,True,False
8.09,0.10615448948901846,0.8550414338300851,0.00992053152358976,-0.07011056005972291,0.0,-9.23543984339737e-05,0.08108889223221288,0.0,0.3937312978460651,-0.024999999999999994,0.0,0.38999999999999996,1.5,129.8852878340375,0.06494790187196468,True,True,False
8.095,0.10610403028960079,0.8527811239688798,0.010540906170348722,-0.07011056005972291,0.0,-9.23543984339737e-05,0.0810387591553686,0.0,0.3937211289263147,-0.024999999999999994,0.0,0.38999999999999996,1.5,129.88528860716764,0.06449208072108534,True,True,False
8.1,0.10605045010248812,0.8504758074318941,0.01115988772908314,-0.06794700646908913,0.0,-7.913020335115708e-05,0.08098551011747787,0.0,0.3937107427933395,-0.024999999999999994,0.0,0.38999999999999996,1.5,129.88513653670668,0.06744904484688455,True,True,False
8.105,0.10599375908775877,0.8481255210729532,0.011777343252216408,-0.06794700646908913,0.0,-7.913020335115708e-05,0.08092915524372965,0.0,0.3937001398492041,-0.024999999999999994,0.0,0.38999999999999996,1.5,129.88513773571995,0.0668750267392922,True,True,False
8.11,0.10593396764154372,0.8457303020606171,0.012393136863324506,-0.06794700646908913,0.0,-7.913020335115708e-05,0.08086970489485368,0.0,0.39368932050061106,-0.024999999999999994,0.0,0.38999999999999996,1.5,129.88513916084605,0.06630611642807337,True,True,False
8.115,0.10587108636270057,0.8432902375917337,0.013007163566677082,-0.06794700646908913,0.0,-7.913020335115708e-05,0.08080716962378073,0.0,0.39367828544608696,-0.024999999999999994,0.0,0.38999999999999996,1.5,129.8851408071162,0.06574211759595631,True,True,False
8.120000000000001,0.1058051260550048,0.84080542343626,0.013619330724467218,-0.06794700646908913,0.0,-7.913020335115708e-05,0.08074156018667325,0.0,0.3936670354243745,-0.024999999999999994,0.0,0.38999999999999996,1.5,129.88514266964802,0.06518284173283023,True,True,False
8.125,0.10573609772574898,0.838275961862682,0.014229555259179528,-0.06794700646908913,0.0,-7.913020335115708e-05,0.08067288754181884,0.0,0.39365557120615224,-0.024999999999999994,0.0,0.38999999999999996,1.5,129.88514474364467,0.06462810681479587,True,True,False
8.13,0.10566401258466891,0.8357019602549752,0.014837761581680209,-0.06794700646908913,0.0,-7.913020335115708e-05,0.08060116284875393,0.0,0.39364389358846064,-0.024999999999999994,0.0,0.38999999999999996,1.5,129.8851470243934,0.06407773639096628,True,True,False
8.135,0.10558888204310822,0.8330835302296414,0.0154438800380551,-0.06794700646908913,0.0,-7.913020335115708e-05,0.08052639746755519,0.0,0.3936320033911032,-0.024999999999999994,0.0,0.38999999999999996,1.5,129.8851495072656,0.06353155894715687,True,True,False
8.14,0.1055107177133354,0.8304207871400132,0.016047845732198487,-0.06794700646908913,0.0,-7.913020335115708e-05,0.08044860295823048,0.0,0.39361990145454484,-0.024999999999999994,0.0,0.38999999999999996,1.5,129.88515218771565,0.06298940745766692,True,True,False
8.145,0.10542953140795239,0.8277138498396086,0.016649597623952267,-0.06794700646908913,0.0,-7.913020335115708e-05,0.08036779108016448,0.0,0.3936075886388599,-0.024999999999999994,0.0,0.38999999999999996,1.5,129.8851550612806,0.062451119065252636,True,True,False
8.15,0.10534533513935163,0.8249628406481548,0.017249077831661998,-0.06543392751288256,0.0,-5.5387700012505064e-05,0.08028397379158614,0.0,0.3935950658234468,-0.024999999999999994,0.0,0.38999999999999996,1.5,129.88509258271216,0.06587821864006771,True,True,False
8.155,0.10525814114298532,0.8221678381138849,0.017846228310861995,-0.06543392751288256,0.0,-5.5387700012505064e-05,0.08019716327928617,0.0,0.3935823337180986,-0.024999999999999994,0.0,0.38999999999999996,1.5,129.8850960460651,0.06520500538598514,True,True,False
8.16,0.10516796188858793,0.8193289257600709,0.01844098741884811,-0.06543392751288256,0.0,-5.5387700012505064e-05,0.08010737196328163,0.0,0.3935693930537058,-0.024999999999999994,0.0,0.38999999999999996,1.5,129.88509976140804,0.0645389323285373,True,True,False
8.165000000000001,0.10507481003865428,0.8164462492549553,0.019033302994927313,-0.06543392751288256,0.0,-5.5387700012505064e-05,0.08001461244752522,0.0,0.3935562448109436,-0.024999999999999994,0.0,0.38999999999999996,1.5,129.8851037218495,0.06387978472645307,True,True,False
8.17,0.10497869845239409,0.8135199678871443,0.01962312520882313,-0.06543392751288256,0.0,-5.5387700012505064e-05,0.07991889753042294,0.0,0.39354289002924187,-0.024999999999999994,0.0,0.38999999999999996,1.5,129.88510792062237,0.06322735543171927,True,True,False
8.175,0.10487964018344527,0.8105502517086194,0.0202104061209323,-0.06543392751288256,0.0,-5.5387700012505064e-05,0.07982024020294942,0.0,0.39352932979543326,-0.024999999999999994,0.0,0.38999999999999996,1.5,129.88511235108305,0.06258144340790481,True,True,False
8.18,0.10477764847799903,0.8075372794951263,0.02079509934609295,-0.06543392751288256,0.0,-5.5387700012505064e-05,0.07971865364706271,0.0,0.39351556523558506,-0.024999999999999994,0.0,0.38999999999999996,1.5,129.88511700671066,0.061941852723174755,True,True,False
8.185,0.10467273677323209,0.804481237312207,0.02137715979547777,-0.06543392751288256,0.0,-5.5387700012505064e-05,0.07961415123434151,0.0,0.39350159750923175,-0.024999999999999994,0.0,0.38999999999999996,1.5,129.88512188110693,0.0613083918654713,True,True,False
8.19,0.10456491869594753,0.801382317535342,0.021956543477505763,-0.06543392751288256,0.0,-5.5387700012505064e-05,0.0795067465247696,0.0,0.3934874278053711,-0.024999999999999994,0.0,0.38999999999999996,1.5,129.88512696799563,0.060680873276332925,True,True,False
8.195,0.1044542080613522,0.7982407182021601,0.022533207343453366,-0.06543392751288256,0.0,-5.5387700012505064e-05,0.07939645326561093,0.0,0.3934730573397752,-0.024999999999999994,0.0,0.38999999999999996,1.5,129.88513226122217,0.060059113033472965,True,True,False
8.2,0.10434061887192221,0.7950566425989668,0.02310710916705439,-0.0627603982399509,0.0,-2.1355387431903096e-05,0.07928328539034041,0.0,0.39345848735324335,-0.024999999999999994,0.0,0.38999999999999996,1.5,129.88518680271378,0.06365763102223489,True,True,False
8.205,0.10422416534374818,0.7918302487725317,0.02367819818039517,-0.0627603982399509,0.0,-2.1355387431903096e-05,0.07916725704810385,0.0,0.3934437190180411,-0.024999999999999994,0.0,0.38999999999999996,1.5,129.8851928573626,0.06289559243440274,True,True,False
8.21,0.10410486191582012,0.7885617009608763,0.02424643107170185,-0.0627603982399509,0.0,-2.1355387431903096e-05,0.0790483826099031,0.0,0.3934287535308316,-0.024999999999999994,0.0,0.38999999999999996,1.5,129.8851991800505,0.06214276206859996,True,True,False
8.215,0.10398272320328485,0.7852512300297393,0.024811766714933764,-0.0627603982399509,0.0,-2.1355387431903096e-05,0.07892667661744954,0.0,0.3934135922461566,-0.024999999999999994,0.0,0.38999999999999996,1.5,129.885205761868,0.06139889797021012,True,True,False
8.22,0.10385776400334838,0.781899081670377,0.025374165260486546,-0.0627603982399509,0.0,-2.1355387431903096e-05,0.07880215379228103,0.0,0.3933982365807644,-0.024999999999999994,0.0,0.38999999999999996,1.5,129.8852125940825,0.060663765655893244,True,True,False
8.225,0.10372999929243985,0.7785055131031164,0.025933587889681416,-0.0627603982399509,0.0,-2.1355387431903096e-05,0.07867482903338086,0.0,0.39338268800051435,-0.024999999999999994,0.0,0.38999999999999996,1.5,129.88521966813718,0.059937136580467676,True,True,False
8.23,0.10359944422383749,0.7750707906613491,0.02648999663236372,-0.0627603982399509,0.0,-2.1355387431903096e-05,0.0785447174151388,0.0,0.39336694801074606,-0.024999999999999994,0.0,0.38999999999999996,1.5,129.8852269756502,0.05921878710854272,True,True,False
8.235,0.10346611412564571,0.7715951880422846,0.027043354231589455,-0.0627603982399509,0.0,-2.1355387431903096e-05,0.07841183418557374,0.0,0.39335101814924156,-0.024999999999999994,0.0,0.38999999999999996,1.5,129.88523450841404,0.058508497828318254,True,True,False
8.24,0.10333002449901765,0.768078985045129,0.027593624043282184,-0.0627603982399509,0.0,-2.1355387431903096e-05,0.07827619476473457,0.0,0.39333489998113913,-0.024999999999999994,0.0,0.38999999999999996,1.5,129.88524225839507,0.05780605309717289,True,True,False
8.245000000000001,0.10319119101654876,0.76452246667845,0.028140769961792572,-0.0627603982399509,0.0,-2.1355387431903096e-05,0.07813781474322348,0.0,0.3933185950952728,-0.024999999999999994,0.0,0.38999999999999996,1.5,129.88525021773248,0.05711124074453393,True,True,False
8.25,0.10304962952078509,0.7609259225382461,0.028684756364625773,-0.06007388747935675,0.0,2.2018683452253225e-05,0.07799670988079735,0.0,0.39330210510158664,-0.024999999999999994,0.0,0.38999999999999996,1.5,129.88543316353955,0.06065908761339534,True,True,False
8.255,0.102905356052492,0.7572895959823261,0.029225533715016554,-0.06007388747935675,0.0,2.2018683452253225e-05,0.0778528961340191,0.0,0.39328543165121893,-0.024999999999999994,0.0,0.38999999999999996,1.5,129.88544202877105,0.059826924202244364,True,True,False
8.26,0.10275838685750742,0.7536137355313912,0.029763069941352558,-0.06007388747935675,0.0,2.2018683452253225e-05,0.07770638966383717,0.0,0.39326857641446517,-0.024999999999999994,0.0,0.38999999999999996,1.5,129.8854511628881,0.059005776913887864,True,True,False
8.265,0.1026087383373816,0.7498986553406635,0.0302973298601357,-0.06007388747935675,0.0,2.2018683452253225e-05,0.07755720678561367,0.0,0.39325154109955895,-0.024999999999999994,0.0,0.38999999999999996,1.5,129.88546055517162,0.058195374828500464,True,True,False
8.27,0.102456427057197,0.746144683113824,0.030828279350795348,-0.06007388747935675,0.0,2.2018683452253225e-05,0.07740536397640138,0.0,0.3932343274706628,-0.024999999999999994,0.0,0.38999999999999996,1.5,129.8854701951397,0.05739545450238594,True,True,False
8.275,0.10230146974248697,0.7423521566654745,0.03135588514880907,-0.06007388747935675,0.0,2.2018683452253225e-05,0.07725087787232332,0.0,0.39321693733420443,-0.024999999999999994,0.0,0.38999999999999996,1.5,129.88548007254607,0.05660575845874721,True,True,False
8.28,0.10214388327663726,0.7385214213797578,0.03188011469346714,-0.06007388747935675,0.0,2.2018683452253225e-05,0.07709376526631578,0.0,0.3931993725287486,-0.024999999999999994,0.0,0.38999999999999996,1.5,129.88549017737841,0.055826034184817415,True,True,False
8.285,0.10198368469865711,0.7346528283456739,0.032400936016242325,-0.06007388747935675,0.0,2.2018683452253225e-05,0.07693404310615129,0.0,0.39318163491752267,-0.024999999999999994,0.0,0.38999999999999996,1.5,129.88550049985707,0.055056033471786045,True,True,False
8.290000000000001,0.1018208912012147,0.7307467330014704,0.03291831765915331,-0.06007388747935675,0.0,2.2018683452253225e-05,0.07677172849265904,0.0,0.3931637263829373,-0.024999999999999994,0.0,0.38999999999999996,1.5,129.88551103043375,0.054295511986483275,True,True,False
8.295,0.10165552012885871,0.7268034941508584,0.03343222861519005,-0.06007388747935675,0.0,2.2018683452253225e-05,0.0766068386780813,0.0,0.39314564882260594,-0.024999999999999994,0.0,0.38999999999999996,1.5,129.88552175978893,0.053544228999867896,True,True,False
8.3,0.10148758897637458,0.7228234732665186,0.033942638284924886,-0.057469099954962785,0.0,7.324287375007978e-05,0.07643939106452902,0.0,0.39312740414642877,-0.024999999999999994,0.0,0.38999999999999996,1.5,129.8858287971999,0.056908407808242814,True,True,False
8.305,0.1013171154180219,0.7188069852368234,0.034449498202362275,-0.057469099954962785,0.0,7.324287375007978e-05,0.076269403229096,0.0,0.3931089944116276,-0.024999999999999994,0.0,0.38999999999999996,1.5,129.885840528645,0.056027523650712105,True,True,False
8.31,0.10114411731193794,0.7147543480269648,0.03495278550043742,-0.057469099954962785,0.0,7.324287375007978e-05,0.07609689293256044,0.0,0.3930904216853811,-0.024999999999999994,0.0,0.38999999999999996,1.5,129.8858525130078,0.055159055374511226,True,True,False
8.315,0.10096861265012778,0.7106659411433821,0.03545246991989689,-0.057469099954962785,0.0,7.324287375007978e-05,0.07592187807233625,0.0,0.3930716879470484,-0.024999999999999994,0.0,0.38999999999999996,1.5,129.88586473819115,0.05430270644077295,True,True,False
8.32,0.10079061956795174,0.7065421552033491,0.03594852217110159,-0.057469099954962785,0.0,7.324287375007978e-05,0.07574437668788056,0.0,0.39305279522110537,-0.024999999999999994,0.0,0.38999999999999996,1.5,129.88587719239564,0.053458187897038566,True,True,False
8.325,0.10061015634102335,0.7023833885653424,0.03644091374549866,-0.057469099954962785,0.0,7.324287375007978e-05,0.07556440695802683,0.0,0.39303374556374254,-0.024999999999999994,0.0,0.38999999999999996,1.5,129.8858898641167,0.052625216933245254,True,True,False
8.33,0.10042724138258341,0.698190044839168,0.03692961677696605,-0.057469099954962785,0.0,7.324287375007978e-05,0.075381987198679,0.0,0.3930145410529498,-0.024999999999999994,0.0,0.38999999999999996,1.5,129.88590274214175,0.05180351592764957,True,True,False
8.335,0.10024189324124576,0.6939625310565011,0.03741460394020133,-0.057469099954962785,0.0,7.324287375007978e-05,0.07519713586079357,0.0,0.39299518378117065,-0.024999999999999994,0.0,0.38999999999999996,1.5,129.88591581554783,0.050992811824010706,True,True,False
8.34,0.10005413059900596,0.6897012563453658,0.03789584837646158,-0.057469099954962785,0.0,7.324287375007978e-05,0.07500987152855848,0.0,0.39297567584998244,-0.024999999999999994,0.0,0.38999999999999996,1.5,129.88592907369758,0.05019283573232407,True,True,False
8.345,0.09986397226944584,0.68540663096862,0.03837332363941657,-0.057469099954962785,0.0,7.324287375007978e-05,0.0748202129177235,0.0,0.39295601936613966,-0.024999999999999994,0.0,0.38999999999999996,1.5,129.88594250623808,0.0494033226804106,True,True,False
8.35,0.09967143719606956,0.6810790656475626,0.038847003655747794,-0.05499280039957266,0.0,0.00013048245531730127,0.07462817887402384,0.0,0.3929362164388122,-0.024999999999999994,0.0,0.38999999999999996,1.5,129.8863569780175,0.05252795634697225,True,True,False
8.355,0.09947654448176758,0.6767189248423382,0.03931684169598172,-0.05499280039957266,0.0,0.00013048245531730127,0.0744337883957007,0.0,0.3929162694169268,-0.024999999999999994,0.0,0.38999999999999996,1.5,129.8863714554441,0.0516184884867075,True,True,False
8.36,0.09927931339110165,0.6723265738499561,0.039782822704953334,-0.05499280039957266,0.0,0.00013048245531730127,0.07423706064295132,0.0,0.392896180649714,-0.024999999999999994,0.0,0.38999999999999996,1.5,129.88638615470379,0.05072239900065027,True,True,False
8.365,0.09907976330095326,0.6679024342961628,0.04024492093430956,-0.05499280039957266,0.0,0.00013048245531730127,0.0740380148944243,0.0,0.3928759522848472,-0.024999999999999994,0.0,0.38999999999999996,1.5,129.88640106286041,0.04983937193321024,True,True,False
8.370000000000001,0.09887791371126878,0.6634469363122596,0.04070311153016209,-0.05499280039957266,0.0,0.00013048245531730127,0.07383667055103099,0.0,0.3928555865036939,-0.024999999999999994,0.0,0.38999999999999996,1.5,129.88641616732914,0.04896909908277135,True,True,False
8.375,0.09867378424206195,0.6589605153574055,0.04115737035946072,-0.05499280039957266,0.0,0.00013048245531730127,0.07363304713333943,0.0,0.39283508550866436,-0.024999999999999994,0.0,0.38999999999999996,1.5,129.8864314558718,0.04811127863742811,True,True,False
8.38,0.09846739463087589,0.6544436098749215,0.04160767388223228,-0.05499280039957266,0.0,0.00013048245531730127,0.07342716427932153,0.0,0.3928144515139009,-0.024999999999999994,0.0,0.38999999999999996,1.5,129.88644691659272,0.047265614275549775,True,True,False
8.385,0.09825876473060402,0.6498966595846107,0.04205399905789324,-0.05499280039957266,0.0,0.00013048245531730127,0.07321904174238275,0.0,0.3927936867383922,-0.024999999999999994,0.0,0.38999999999999996,1.5,129.88646253793328,0.046431814580306985,True,True,False
8.39,0.09804791450756405,0.6453201042516444,0.04249632327673258,-0.05499280039957266,0.0,0.00013048245531730127,0.07300869938958374,0.0,0.39277279340103044,-0.024999999999999994,0.0,0.38999999999999996,1.5,129.8864783086694,0.04560959266577006,True,True,False
8.395,0.09783486403975993,0.640714382815486,0.04293462430991795,-0.05499280039957266,0.0,0.00013048245531730127,0.07279615720000715,0.0,0.3927517737170414,-0.024999999999999994,0.0,0.38999999999999996,1.5,129.88649421790558,0.044798665945477135,True,True,False
8.4,0.0976196335152792,0.6360799327802712,0.043368880273101054,-0.05265680430398409,0.0,0.00019174035188056392,0.07258143526322733,0.0,0.3927306298954633,-0.024999999999999994,0.0,0.38999999999999996,1.5,129.8869916178146,0.04768153864649906,True,True,False
8.405,0.0974022432614018,0.631417146278949,0.043799046896060664,-0.05265680430398409,0.0,0.00019174035188056392,0.07236455379958356,0.0,0.3927093644570806,-0.024999999999999994,0.0,0.38999999999999996,1.5,129.88700856830457,0.04676020757030643,True,True,False
8.41,0.09718271374530729,0.6267264144459089,0.04422511558706811,-0.05265680430398409,0.0,0.00019174035188056392,0.07214553316997682,0.0,0.3926879799149683,-0.024999999999999994,0.0,0.38999999999999996,1.5,129.88702569820924,0.04585282759085855,True,True,False
8.415000000000001,0.09696106552615143,0.6220081797093124,0.0446470647772802,-0.05265680430398409,0.0,0.00019174035188056392,0.0719243938357452,0.0,0.3926664784904416,-0.024999999999999994,0.0,0.38999999999999996,1.5,129.88704299429133,0.04495907046649591,True,True,False
8.42,0.09673731926656058,0.6172628908295127,0.0450648737242031,-0.05265680430398409,0.0,0.00019174035188056392,0.0717011563613014,0.0,0.39264486242886354,-0.024999999999999994,0.0,0.38999999999999996,1.5,129.8870604437056,0.04407861588202211,True,True,False
8.425,0.09651149572979416,0.6124909999437935,0.045478522351614876,-0.05265680430398409,0.0,0.00019174035188056392,0.07147584141163937,0.0,0.39262313398786386,-0.024999999999999994,0.0,0.38999999999999996,1.5,129.88707803399467,0.04321115016174375,True,True,False
8.43,0.09628361577733534,0.6076929604100126,0.04588799113181117,-0.05265680430398409,0.0,0.00019174035188056392,0.07124846975017246,0.0,0.392601295428758,-0.024999999999999994,0.0,0.38999999999999996,1.5,129.8870957530814,0.04235636542028805,True,True,False
8.435,0.0960537003668209,0.602869225246233,0.04629326099929574,-0.05265680430398409,0.0,0.00019174035188056392,0.07101906223684024,0.0,0.3925793490102758,-0.024999999999999994,0.0,0.38999999999999996,1.5,129.8871135892638,0.041513959008908655,True,True,False
8.44,0.09582177055021134,0.5980202460202046,0.04669431328770787,-0.05265680430398409,0.0,0.00019174035188056392,0.07078763982640157,0.0,0.3925572969841054,-0.024999999999999994,0.0,0.38999999999999996,1.5,129.88713153120761,0.04068363316071324,True,True,False
8.445,0.09558784747214003,0.5931464720822862,0.047091129683863225,-0.05265680430398409,0.0,0.00019174035188056392,0.07055422356686858,0.0,0.3925351415917071,-0.024999999999999994,0.0,0.38999999999999996,1.5,129.88714956794217,0.03986509476966525,True,True,False
8.45,0.09535195236838535,0.5882483500456224,0.047483692194368696,-0.05045284475762822,0.0,0.00025499670370012265,0.07031883459803254,0.0,0.3925128850621835,-0.024999999999999994,0.0,0.38999999999999996,1.5,129.88770181037884,0.04253268880000315,True,True,False
8.455,0.09511410659418645,0.5833262824622224,0.047871959668055505,-0.05045284475762822,0.0,0.00025499670370012265,0.07008149417003778,0.0,0.39249052998442824,-0.024999999999999994,0.0,0.38999999999999996,1.5,129.88772085083377,0.041612170473471065,True,True,False
8.46,0.09487433162396854,0.5783806696631507,0.048255928686128886,-0.05045284475762822,0.0,0.00025499670370012265,0.0698422236531274,0.0,0.3924680789340945,-0.024999999999999994,0.0,0.38999999999999996,1.5,129.88774002144163,0.040705869484140976,True,True,False
8.465,0.09463264900525654,0.5734119590722372,0.04863558156331514,-0.05045284475762822,0.0,0.00025499670370012265,0.06960104450032342,0.0,0.3924455341338676,-0.024999999999999994,0.0,0.38999999999999996,1.5,129.88775930912502,0.03981345203280662,True,True,False
8.47,0.09438908037039999,0.5684206029183804,0.04901090138273587,-0.05045284475762822,0.0,0.00025499670370012265,0.0693579782493618,0.0,0.392422897823433,-0.024999999999999994,0.0,0.38999999999999996,1.5,129.8877787012286,0.038934592381108725,True,True,False
8.475,0.09414364743388422,0.5634070555051727,0.04938187184787291,-0.05045284475762822,0.0,0.00025499670370012265,0.06911304652030123,0.0,0.39240017224863366,-0.024999999999999994,0.0,0.38999999999999996,1.5,129.88779818550967,0.03806897163165564,True,True,False
8.48,0.09389637199005035,0.5583717712217046,0.049748477173804706,-0.05045284475762822,0.0,0.00025499670370012265,0.06886627101345666,0.0,0.39237735965352755,-0.024999999999999994,0.0,0.38999999999999996,1.5,129.8878177501325,0.0372162769207456,True,True,False
8.485,0.09364727591112697,0.5533152031321223,0.050110702007610516,-0.05045284475762822,0.0,0.00025499670370012265,0.06861767350757902,0.0,0.3923544622747197,-0.024999999999999994,0.0,0.38999999999999996,1.5,129.88783738365947,0.03637620088947991,True,True,False
8.49,0.09339638114549086,0.548237801975053,0.050468531370333504,-0.05045284475762822,0.0,0.00025499670370012265,0.06836727585821792,0.0,0.39233148233732074,-0.024999999999999994,0.0,0.38999999999999996,1.5,129.8878570750447,0.035548441342202725,True,True,False
8.495000000000001,0.09314370971608747,0.5431400154906703,0.050821950614821546,-0.05045284475762822,0.0,0.00025499670370012265,0.06811509999620721,0.0,0.3923084220522036,-0.024999999999999994,0.0,0.38999999999999996,1.5,129.8878768136253,0.03473270103082764,True,True,False
8.5,0.0928892837189729,0.5380222879853808,0.05117094539524246,-0.04836529491934751,0.0,0.0003183034760012776,0.06786116792624713,0.0,0.3922852836141657,-0.024999999999999994,0.0,0.38999999999999996,1.5,129.8884555197779,0.037219790041445946,True,True,False
8.505,0.0926331253504738,0.5328850212900652,0.051515478276917964,-0.04836529491934751,0.0,0.0003183034760012776,0.06760550174431165,0.0,0.39226206960124643,-0.024999999999999994,0.0,0.38999999999999996,1.5,129.88847620298915,0.03630910824368201,True,True,False
8.51,0.09237525690650017,0.527728614385412,0.051855549873638274,-0.04836529491934751,0.0,0.0003183034760012776,0.06734812364700932,0.0,0.3922387825751035,-0.024999999999999994,0.0,0.38999999999999996,1.5,129.88849696438436,0.03541269145693037,True,True,False
8.515,0.09211570073850756,0.5225535101043104,0.052191146149489644,-0.04836529491934751,0.0,0.0003183034760012776,0.06708905589638764,0.0,0.39221542471284304,-0.024999999999999994,0.0,0.38999999999999996,1.5,129.8885177914018,0.03453020594836861,True,True,False
8.52,0.0918544792649626,0.5173601551798298,0.052522253791424854,-0.04836529491934751,0.0,0.0003183034760012776,0.06682832082157791,0.0,0.39219199820410644,-0.024999999999999994,0.0,0.38999999999999996,1.5,129.8885386719161,0.03366132611415789,True,True,False
8.525,0.09159161496878047,0.512148997699196,0.0528488600715845,-0.04836529491934751,0.0,0.0003183034760012776,0.06656594081649211,0.0,0.3921685052409427,-0.024999999999999994,0.0,0.38999999999999996,1.5,129.88855959423051,0.03280573331550653,True,True,False
8.53,0.09132713039513982,0.5069204852704788,0.05317095274630189,-0.04836529491934751,0.0,0.0003183034760012776,0.06630193833782011,0.0,0.39214494801050426,-0.024999999999999994,0.0,0.38999999999999996,1.5,129.8885805470672,0.031963115105362636,True,True,False
8.535,0.09106104814959606,0.5016750637190186,0.05348851998234703,-0.04836529491934751,0.0,0.0003183034760012776,0.06603633590326938,0.0,0.3921213286897982,-0.024999999999999994,0.0,0.38999999999999996,1.5,129.88860151955924,0.031133164718657756,True,True,False
8.540000000000001,0.09079339089640018,0.4964131761878494,0.05380155030329406,-0.04836529491934751,0.0,0.0003183034760012776,0.0657691560899662,0.0,0.3920976494420845,-0.024999999999999994,0.0,0.38999999999999996,1.5,129.88862250124083,0.030315580739874844,True,True,False
8.545,0.09052418135697489,0.49113526253360257,0.05411003255071096,-0.04836529491934751,0.0,0.0003183034760012776,0.06550042153298491,0.0,0.39207391241438055,-0.024999999999999994,0.0,0.38999999999999996,1.5,129.88864348203947,0.02951006688977928,True,True,False
8.55,0.09025344230849543,0.48584175895135256,0.05441395585624268,-0.046379911662518994,0.0,0.00037984133261961036,0.06523015492395795,0.0,0.3920501197358839,-0.024999999999999994,0.0,0.38999999999999996,1.5,129.8892220675658,0.03184634355755487,True,True,False
8.555,0.08998119660959544,0.48053306091522946,0.054713287051007496,-0.046379911662518994,0.0,0.00037984133261961036,0.0649583790277446,0.0,0.3920262739191217,-0.024999999999999994,0.0,0.38999999999999996,1.5,129.88924392131483,0.030951774276072874,True,True,False
8.56,0.08970746719973427,0.4752095608603343,0.05500802984627165,-0.046379911662518994,0.0,0.00037984133261961036,0.06468511669114024,0.0,0.39200237745891187,-0.024999999999999994,0.0,0.38999999999999996,1.5,129.88926580179532,0.030071372734896767,True,True,False
8.565,0.08943227705735515,0.4698716926082925,0.055298173698358634,-0.046379911662518994,0.0,0.00037984133261961036,0.06441039080923366,0.0,0.39197843246122765,-0.024999999999999994,0.0,0.38999999999999996,1.5,129.88928769720968,0.029204809592647908,True,True,False
8.57,0.08915564921067416,0.464519893422423,0.05558370875239077,-0.046379911662518994,0.0,0.00037984133261961036,0.06413422432707969,0.0,0.3919544410419914,-0.024999999999999994,0.0,0.38999999999999996,1.5,129.88930959620268,0.02835176362542538,True,True,False
8.575000000000001,0.0888776067352081,0.4591546016270391,0.055864625713429164,-0.046379911662518994,0.0,0.00037984133261961036,0.06385664023745327,0.0,0.39193040531757156,-0.024999999999999994,0.0,0.38999999999999996,1.5,129.88933148785068,0.02751192061079677,True,True,False
8.58,0.08859817275165839,0.4537762548796664,0.056140915752089335,-0.046379911662518994,0.0,0.00037984133261961036,0.06357766157889119,0.0,0.39190632739793757,-0.024999999999999994,0.0,0.38999999999999996,1.5,129.88935336165252,0.026684972583316167,True,True,False
8.585,0.0883173704240703,0.44838528896345825,0.056412570435739946,-0.046379911662518994,0.0,0.00037984133261961036,0.06329731143395828,0.0,0.39188220938182455,-0.024999999999999994,0.0,0.38999999999999996,1.5,129.88937520751844,0.02587061734073226,True,True,False
8.59,0.08803522295819213,0.44298213695313216,0.05667958167859633,-0.046379911662518994,0.0,0.00037984133261961036,0.0630156129276773,0.0,0.3918580533533473,-0.024999999999999994,0.0,0.38999999999999996,1.5,129.88939701576152,0.025068558118905807,True,True,False
8.595,0.0877517535999741,0.43756722866451253,0.05694194170572056,-0.046379911662518994,0.0,0.00037984133261961036,0.06273258922607033,0.0,0.3918338613797606,-0.024999999999999994,0.0,0.38999999999999996,1.5,129.88941877708768,0.02427850338013309,True,True,False
8.6,0.08746698563416727,0.43214099031185205,0.05719964302723966,-0.04448841696185305,0.0,0.0004379506412935363,0.06244826353478053,0.0,0.3918096355100401,-0.024999999999999994,0.0,0.38999999999999996,1.5,129.88997349390849,0.026482127916505775,True,True,False
8.605,0.08718094240831867,0.42670380923454315,0.057452657245762116,-0.04448841696185305,0.0,0.0004379506412935363,0.06216265911526836,0.0,0.3917853781554905,-0.024999999999999994,0.0,0.38999999999999996,1.5,129.88999604885103,0.025608213534757306,True,True,False
8.61,0.0868936473325379,0.4212560698085333,0.05770099044474532,-0.04448841696185305,0.0,0.0004379506412935363,0.0618757992926805,0.0,0.3917610917095276,-0.024999999999999994,0.0,0.38999999999999996,1.5,129.89001858178108,0.024748276142972724,True,True,False
8.615,0.08660512383999669,0.4157981957717736,0.05794463548552071,-0.04448841696185305,0.0,0.0004379506412935363,0.06158770742339564,0.0,0.3917367781958556,-0.024999999999999994,0.0,0.38999999999999996,1.5,129.89004108183207,0.023901993952470446,True,True,False
8.620000000000001,0.08631539539671693,0.4103306141024057,0.058183585892293194,-0.04448841696185305,0.0,0.0004379506412935363,0.06129840689693028,0.0,0.39171243964665614,-0.024999999999999994,0.0,0.38999999999999996,1.5,129.8900635385755,0.023069053198965142,True,True,False
8.625,0.08602448549916274,0.40485375275542235,0.058417835730982,-0.04448841696185305,0.0,0.0004379506412935363,0.06100792113372769,0.0,0.39168807809361367,-0.024999999999999994,0.0,0.38999999999999996,1.5,129.89008594200948,0.022249147071177054,True,True,False
8.63,0.08573241767216955,0.39936803903802937,0.05864737952056719,-0.04448841696185305,0.0,0.0004379506412935363,0.06071627358322401,0.0,0.3916636955614609,-0.024999999999999994,0.0,0.38999999999999996,1.5,129.8901082825479,0.02144197499352242,True,True,False
8.635,0.08543921546713483,0.3938738984646991,0.05887221216854493,-0.04448841696185305,0.0,0.0004379506412935363,0.060423487722132324,0.0,0.3916392940633703,-0.024999999999999994,0.0,0.38999999999999996,1.5,129.8901305510113,0.020647242147776745,True,True,False
8.64,0.08514490246039075,0.38837175397170337,0.05909232892417435,-0.04448841696185305,0.0,0.0004379506412935363,0.060129587052874744,0.0,0.3916148755978327,-0.024999999999999994,0.0,0.38999999999999996,1.5,129.89015273861492,0.019864659155605882,True,True,False
8.645,0.08484950225171287,0.38286202539551506,0.05930772534481562,-0.04448841696185305,0.0,0.0004379506412935363,0.0598345951021276,0.0,0.3915904421465415,-0.024999999999999994,0.0,0.38999999999999996,1.5,129.89017483695974,0.019093941869289664,True,True,False
8.65,0.08455303846292063,0.3773451291665037,0.05951839727187817,-0.042689713965099525,0.0,0.0004911482472220337,0.05953853541944085,0.0,0.3915659956730722,-0.024999999999999994,0.0,0.38999999999999996,1.5,129.89068509279386,0.021170445672859063,True,True,False
8.655,0.08425553475994964,0.37182144474115464,0.05972432153437154,-0.042689713965099525,0.0,0.0004911482472220337,0.05924143159306425,0.0,0.39154153846405426,-0.024999999999999994,0.0,0.38999999999999996,1.5,129.8907078996318,0.0203208639924123,True,True,False
8.66,0.08395701485323294,0.36629134878357594,0.05992550604263675,-0.042689713965099525,0.0,0.0004911482472220337,0.05894330725686342,0.0,0.3915170727885629,-0.024999999999999994,0.0,0.38999999999999996,1.5,129.8907306397502,0.01948500449874626,True,True,False
8.665000000000001,0.08365750246071135,0.36075525541811676,0.060121947023167095,-0.042689713965099525,0.0,0.0004911482472220337,0.05864418605892102,0.0,0.391492600584393,-0.024999999999999994,0.0,0.38999999999999996,1.5,129.89075330332096,0.01866255524478625,True,True,False
8.67,0.08335702131639376,0.35521358188051466,0.060313641343362645,-0.042689713965099525,0.0,0.0004911482472220337,0.058344091663771136,0.0,0.3914681237967692,-0.024999999999999994,0.0,0.38999999999999996,1.5,129.89077588094267,0.017853212138459404,True,True,False
8.675,0.0830555951680024,0.34966674635569006,0.0605005863974732,-0.042689713965099525,0.0,0.0004911482472220337,0.05804304775021496,0.0,0.3914436443698579,-0.024999999999999994,0.0,0.38999999999999996,1.5,129.89079836362797,0.017056677917143312,True,True,False
8.68,0.08275324777493909,0.3441151664460418,0.06068278002317717,-0.042689713965099525,0.0,0.0004911482472220337,0.05774107800940606,0.0,0.3914191642406156,-0.024999999999999994,0.0,0.38999999999999996,1.5,129.89082074279318,0.016272661458997494,True,True,False
8.685,0.08245000290649379,0.3385592580620621,0.06086022044086636,-0.042689713965099525,0.0,0.0004911482472220337,0.05743820614313919,0.0,0.391394685334448,-0.024999999999999994,0.0,0.38999999999999996,1.5,129.89084301024772,0.015500877321703167,True,True,False
8.69,0.08214588434022964,0.3329994346955525,0.06103290620968067,-0.042689713965099525,0.0,0.0004911482472220337,0.05713445586228713,0.0,0.39137020956221763,-0.024999999999999994,0.0,0.38999999999999996,1.5,129.89086515818337,0.014741045434337761,True,True,False
8.695,0.0818409158604906,0.3274361069103466,0.06120083619585763,-0.042689713965099525,0.0,0.0004911482472220337,0.0568298508853399,0.0,0.39134573881824775,-0.024999999999999994,0.0,0.38999999999999996,1.5,129.89088717916445,0.013992890892283727,True,True,False
8.700000000000001,0.08153512125699885,0.32186968204736083,0.06136400955011726,-0.040988917385800946,0.0,0.0005381386148500858,0.0565244149370184,0.0,0.3913212749790856,-0.024999999999999994,0.0,0.38999999999999996,1.5,129.89133547265777,0.01593738645070978,True,True,False
8.705,0.08122852434485033,0.3163005324550696,0.06152240871726651,-0.040988917385800946,0.0,0.0005381386148500858,0.05621817176369864,0.0,0.39129682018965145,-0.024999999999999994,0.0,0.38999999999999996,1.5,129.89135811151957,0.015115558379647481,True,True,False
8.71,0.08092114896560168,0.31072902783428796,0.06167604302560718,-0.040988917385800946,0.0,0.0005381386148500858,0.05591114513932874,0.0,0.39127237657773917,-0.024999999999999994,0.0,0.38999999999999996,1.5,129.8913806437257,0.014307145660999103,True,True,False
8.715,0.08061301895296741,0.3051555733270322,0.06182491204675926,-0.040988917385800946,0.0,0.0005381386148500858,0.0556033588351513,0.0,0.3912479459937515,-0.024999999999999994,0.0,0.38999999999999996,1.5,129.89140306055663,0.013511847922147088,True,True,False
8.72,0.08030415814002867,0.2995805769930152,0.06196901597138979,-0.040988917385800946,0.0,0.0005381386148500858,0.055294836622271554,0.0,0.3912235302944568,-0.024999999999999994,0.0,0.38999999999999996,1.5,129.89142535370104,0.012729372408344222,True,True,False
8.725,0.0799945903569375,0.2940044477774074,0.06210835550214507,-0.040988917385800946,0.0,0.0005381386148500858,0.05498560226950733,0.0,0.39119913133493484,-0.024999999999999994,0.0,0.38999999999999996,1.5,129.8914475152445,0.011959433007636605,True,True,False
8.73,0.07968433942892021,0.28842759403207824,0.062242931775327935,-0.040988917385800946,0.0,0.0005381386148500858,0.054675679541494104,0.0,0.39117475096276033,-0.024999999999999994,0.0,0.38999999999999996,1.5,129.89146953765834,0.011201749594496525,True,True,False
8.735,0.0793734291745075,0.28285042248483017,0.062372746303869235,-0.040988917385800946,0.0,0.0005381386148500858,0.05436509219698382,0.0,0.39115039101388066,-0.024999999999999994,0.0,0.38999999999999996,1.5,129.89149141378957,0.010456047588635088,True,True,False
8.74,0.07906188340393279,0.277273337527754,0.06249780093599873,-0.040988917385800946,0.0,0.0005381386148500858,0.05405386398728751,0.0,0.3911260533097997,-0.024999999999999994,0.0,0.38999999999999996,1.5,129.89151313684897,0.009722057658744114,True,True,False
8.745000000000001,0.07874972591764504,0.271696740737821,0.06261809782545429,-0.040988917385800946,0.0,0.0005381386148500858,0.0537420186548159,0.0,0.3911017396556537,-0.024999999999999994,0.0,0.38999999999999996,1.5,129.89153470040148,0.00899951552378897,True,True,False
8.75,0.07843698050490533,0.26612103058858483,0.06273363941015087,-0.03939533736879321,0.0,0.0005778240595841987,0.05342957993169062,0.0,0.3910774518390402,-0.024999999999999994,0.0,0.38999999999999996,1.5,129.89190643246815,0.010800336699116168,True,True,False
8.755,0.07812367096162107,0.2605465726352122,0.0628444140575067,-0.03939533736879321,0.0,0.0005778240595841987,0.05311657155462879,0.0,0.3910531918487138,-0.024999999999999994,0.0,0.38999999999999996,1.5,129.89192851786262,0.010009760268960576,True,True,False
8.76,0.07780982109212299,0.254973729841896,0.0629504321997356,-0.03939533736879321,0.0,0.0005778240595841987,0.05280301726988171,0.0,0.3910289616565629,-0.024999999999999994,0.0,0.38999999999999996,1.5,129.89195046183136,0.009232241153959604,True,True,False
8.765,0.07749545467769473,0.24940289833331789,0.06305169672861909,-0.03939533736879321,0.0,0.0005778240595841987,0.05248894080428482,0.0,0.3910047630231464,-0.024999999999999994,0.0,0.38999999999999996,1.5,129.89197225680863,0.00846749199444452,True,True,False
8.77,0.07718059548241335,0.24383447684141288,0.0631482111303949,-0.03939533736879321,0.0,0.0005778240595841987,0.05217436586809859,0.0,0.39098059771404164,-0.024999999999999994,0.0,0.38999999999999996,1.5,129.89199389561435,0.007715232752868936,True,True,False
8.775,0.07686526725092524,0.23826886480720919,0.0632399793859305,-0.03939533736879321,0.0,0.0005778240595841987,0.051859316152906426,0.0,0.39095646749225454,-0.024999999999999994,0.0,0.38999999999999996,1.5,129.89201537144373,0.006975189795812027,True,True,False
8.78,0.07654949370649465,0.23270646099095463,0.06332700589765086,-0.03939533736879321,0.0,0.0005778240595841987,0.05154381532974722,0.0,0.3909323741128004,-0.024999999999999994,0.0,0.38999999999999996,1.5,129.89203667785458,0.006247095274742161,True,True,False
8.785,0.07623329854927148,0.22714766248873988,0.06340929543628004,-0.03939533736879321,0.0,0.0005778240595841987,0.051227887047441106,0.0,0.39090831931880776,-0.024999999999999994,0.0,0.38999999999999996,1.5,129.89205780875756,0.005530686708511479,True,True,False
8.790000000000001,0.07591670545471157,0.2215928640613095,0.0634868531021823,-0.03939533736879321,0.0,0.0005778240595841987,0.05091155493104743,0.0,0.3908843048388445,-0.024999999999999994,0.0,0.38999999999999996,1.5,129.89207875840586,0.00482570670173893,True,True,False
8.795,0.07559973807210343,0.21604245767983687,0.06355968429742871,-0.03939533736879321,0.0,0.0005778240595841987,0.050594842580414995,0.0,0.39086033238514045,-0.024999999999999994,0.0,0.38999999999999996,1.5,129.89209952138432,0.0041319027546751624,True,True,False
8.8,0.07528242002317835,0.21049683225465227,0.06362779470572642,-0.03792028512128774,0.0,0.0006093154426485124,0.05027777356880617,0.0,0.3908364036524279,-0.024999999999999994,0.0,0.38999999999999996,1.5,129.89238283591598,0.005774305932331594,True,True,False
8.805,0.07496477491778294,0.2049563459442383,0.06369117882624699,-0.03792028512128774,0.0,0.0006093154426485124,0.04996037145703494,0.0,0.39081252045955844,-0.024999999999999994,0.0,0.38999999999999996,1.5,129.892404019912,0.005018665865531305,True,True,False
8.81,0.07464682635622469,0.19942135431670738,0.06374984794506659,-0.03792028512128774,0.0,0.0006093154426485124,0.04964265979749466,0.0,0.39078868460859617,-0.024999999999999994,0.0,0.38999999999999996,1.5,129.89242503311786,0.0042756693061744636,True,True,False
8.815,0.07432859790072474,0.19389224345425726,0.06380380822656156,-0.03792028512128774,0.0,0.0006093154426485124,0.04932466210683864,0.0,0.3907648977656449,-0.024999999999999994,0.0,0.38999999999999996,1.5,129.89244586914964,0.003545043226183535,True,True,False
8.82,0.0740101130799711,0.18836940165727378,0.06385306640061666,-0.03792028512128774,0.0,0.0006093154426485124,0.049006401868977256,0.0,0.3907411616001592,-0.024999999999999994,0.0,0.38999999999999996,1.5,129.8924665219821,0.0028265215733421084,True,True,False
8.825000000000001,0.07369139538698283,0.18285321761561996,0.06389762967051141,-0.03792028512128774,0.0,0.0006093154426485124,0.04868790253304031,0.0,0.3907174777779041,-0.024999999999999994,0.0,0.38999999999999996,1.5,129.8924869859387,0.0021198444176477108,True,True,False
8.83,0.07337246827722518,0.1773440791644322,0.06393750564543156,-0.03792028512128774,0.0,0.0006093154426485124,0.048369187511560136,0.0,0.390693847955928,-0.024999999999999994,0.0,0.38999999999999996,1.5,129.89250725567905,0.0014247573743207745,True,True,False
8.835,0.07305335516692595,0.1718423723496853,0.06397270229120999,-0.03792028512128774,0.0,0.0006093154426485124,0.04805028017883489,0.0,0.39067027377894986,-0.024999999999999994,0.0,0.38999999999999996,1.5,129.89252732618974,0.0007410112136203711,True,True,False
8.84,0.07273407943153302,0.16634848080622505,0.06400322789449552,-0.03792028512128774,0.0,0.0006093154426485124,0.0477312038694174,0.0,0.39064675687688666,-0.024999999999999994,0.0,0.38999999999999996,1.5,129.89254719277363,6.836159650192714e-05,True,True,False
8.845,0.07241466440427463,0.16086278532228343,0.06402909103678402,-0.03792028512128774,0.0,0.0006093154426485124,0.047411981876695736,0.0,0.39062329886315345,-0.024999999999999994,0.0,0.38999999999999996,1.5,129.8925668510411,0.0005934311050044272,True,True,False
8.85,0.07209513337478729,0.15538566358341718,0.06405030057567426,-0.03657522739944725,0.0,0.0006319425222155561,0.047092637451533415,0.0,0.39059990133366335,-0.024999999999999994,0.0,0.38999999999999996,1.5,129.89275256202143,0.000875708647876533,True,True,False
8.855,0.07177550960273801,0.14991746486381033,0.06406685724311804,-0.03657522739944725,0.0,0.0006319425222155561,0.04677319381543396,0.0,0.39057656592414924,-0.024999999999999994,0.0,0.38999999999999996,1.5,129.8927725372058,0.0001588351084785833,True,True,False
8.86,0.07145581632051622,0.14445853574420664,0.0640787729750072,-0.03657522739944725,0.0,0.0006319425222155561,0.046453674163757286,0.0,0.3905532942535017,-0.024999999999999994,0.0,0.38999999999999996,1.5,129.89279231782294,0.0005458701108517414,True,True,False
8.865,0.07113607670760845,0.13900925038268439,0.06408605712856853,-0.03657522739944725,0.0,0.0006319425222155561,0.04613410164037332,0.0,0.3905300878868566,-0.024999999999999994,0.0,0.38999999999999996,1.5,129.89281189868146,0.0012386644197253313,True,True,False
8.870000000000001,0.07081631389404544,0.13356998462808065,0.06408871959269292,-0.03657522739944725,0.0,0.0006319425222155561,0.04581449934066498,0.0,0.3905069483907992,-0.024999999999999994,0.0,0.38999999999999996,1.5,129.89283127491734,0.0019197986421146881,True,True,False
8.875,0.07049655095837486,0.12814111436463702,0.06408677070409213,-0.03657522739944725,0.0,0.0006319425222155561,0.04549489030957651,0.0,0.3904838773269319,-0.024999999999999994,0.0,0.38999999999999996,1.5,129.8928504419844,0.002589517798690051,True,True,False
8.88,0.07017681092586141,0.12272301434000918,0.06408022118580205,-0.03657522739944725,0.0,0.0006319425222155561,0.045175297539866516,0.0,0.3904608762472794,-0.024999999999999994,0.0,0.38999999999999996,1.5,129.89286939564357,0.003248061636787536,True,True,False
8.885,0.06985711676686934,0.11731605733745402,0.06406908210222126,-0.03657522739944725,0.0,0.0006319425222155561,0.0448557439705273,0.0,0.39043794669099996,-0.024999999999999994,0.0,0.38999999999999996,1.5,129.89288813195392,0.0038956649899755877,True,True,False
8.89,0.06953749139537206,0.11192061359919758,0.0640533648263269,-0.03657522739944725,0.0,0.0006319425222155561,0.04453625248531973,0.0,0.3904150901821414,-0.024999999999999994,0.0,0.38999999999999996,1.5,129.8929066472615,0.004532558022837883,True,True,False
8.895,0.06921795766755695,0.10653705041743874,0.06403308101583188,-0.03657522739944725,0.0,0.0006319425222155561,0.04421684591139549,0.0,0.39039230822810683,-0.024999999999999994,0.0,0.38999999999999996,1.5,129.89292493819104,0.005158966398484448,True,True,False
8.9,0.06889853838049476,0.10116573191377894,0.0640082425958921,-0.03537051120184634,0.0,0.0006452621876158758,0.043897547017978156,0.0,0.39036960231871565,-0.024999999999999994,0.0,0.38999999999999996,1.5,129.8930065348543,0.0038760752175677274,True,True,False
8.905,0.06857925628390935,0.09580699625738126,0.06397885651937572,-0.03537051120184634,0.0,0.0006452621876158758,0.0435783785282981,0.0,0.390346973894669,-0.024999999999999994,0.0,0.38999999999999996,1.5,129.8930250376128,0.0045503267884108925,True,True,False
8.91,0.06826013408291079,0.09046117878944214,0.06394493520694582,-0.03537051120184634,0.0,0.0006452621876158758,0.04325936312212972,0.0,0.3903244243797833,-0.024999999999999994,0.0,0.38999999999999996,1.5,129.89304332776666,0.005212950611226196,True,True,False
8.915000000000001,0.06794119441518469,0.08512863925591162,0.06390649109418067,-0.03537051120184634,0.0,0.0006452621876158758,0.0429405234127653,0.0,0.39030195523080896,-0.024999999999999994,0.0,0.38999999999999996,1.5,129.8930614013064,0.005864187201128412,True,True,False
8.92,0.06762245985360957,0.07980973848722737,0.06386353710983736,-0.03537051120184634,0.0,0.0006452621876158758,0.042621881949855084,0.0,0.39027956790391977,-0.024999999999999994,0.0,0.38999999999999996,1.5,129.8930792545159,0.006504270916639555,True,True,False
8.925,0.06730395290435552,0.07450483693115383,0.06381608660081871,-0.03537051120184634,0.0,0.0006452621876158758,0.042303461217560956,0.0,0.390257263848946,-0.024999999999999994,0.0,0.38999999999999996,1.5,129.8930968839647,0.007133430664656833,True,True,False
8.93,0.06698569600518509,0.06921429360174294,0.06376415327706964,-0.03537051120184634,0.0,0.0006452621876158758,0.04198528363289658,0.0,0.3902350445052885,-0.024999999999999994,0.0,0.38999999999999996,1.5,129.89311428649648,0.0077518903793007965,True,True,False
8.935,0.06666771152391586,0.06393846533823207,0.06370775117121609,-0.03537051120184634,0.0,0.0006452621876158758,0.04166737154421818,0.0,0.39021291129898084,-0.024999999999999994,0.0,0.38999999999999996,1.5,129.89313145922108,0.008359869348097397,True,True,False
8.94,0.06635002175700089,0.0586777062760002,0.06364689460905766,-0.03537051120184634,0.0,0.0006452621876158758,0.04134974722982518,0.0,0.39019086564069494,-0.024999999999999994,0.0,0.38999999999999996,1.5,129.89314839950362,0.008957582435334198,True,True,False
8.945,0.06603264892818976,0.05343236750278475,0.0635815981880282,-0.03537051120184634,0.0,0.0006452621876158758,0.04103243289663669,0.0,0.39016890892437495,-0.024999999999999994,0.0,0.38999999999999996,1.5,129.89316510495775,0.009545240236204941,True,True,False
8.950000000000001,0.06571561518725136,0.04820279684089832,0.0635118767614918,-0.034314661397114726,0.0,0.0006490627593304333,0.04071545067892579,0.0,0.3901470425264125,-0.024999999999999994,0.0,0.38999999999999996,1.5,129.8931387943325,0.008458720944110355,True,True,False
8.955,0.06539894262019652,0.04298931878143925,0.06343774337913351,-0.034314661397114726,0.0,0.0006490627593304333,0.04039882264878586,0.0,0.39012526768302436,-0.024999999999999994,0.0,0.38999999999999996,1.5,129.89315560831452,0.009086612987289147,True,True,False
8.96,0.06508265325166736,0.037792254846445314,0.0633592108205618,-0.034314661397114726,0.0,0.0006490627593304333,0.04008257081813396,0.0,0.3901035856136033,-0.024999999999999994,0.0,0.38999999999999996,1.5,129.8931721974983,0.009703484483739235,True,True,False
8.965,0.06476676902472499,0.032611947597423405,0.06327629445277608,-0.034314661397114726,0.0,0.0006490627593304333,0.03976671711833121,0.0,0.39008199765934914,-0.024999999999999994,0.0,0.38999999999999996,1.5,129.8931885590243,0.010309557809790648,True,True,False
8.97,0.06445131180299501,0.02744874004185657,0.06318901009355031,-0.034314661397114726,0.0,0.0006490627593304333,0.039451283402680476,0.0,0.3900605051588589,-0.024999999999999994,0.0,0.38999999999999996,1.5,129.89320469029084,0.010905049648872213,True,True,False
8.975,0.06413630336890633,0.022302974364430274,0.06309737394566507,-0.034314661397114726,0.0,0.0006490627593304333,0.03913629144470271,0.0,0.3900391094431164,-0.024999999999999994,0.0,0.38999999999999996,1.5,129.89322058894555,0.011490171614217622,True,True,False
8.98,0.06382176542210707,0.01717499102631366,0.0630014025485415,-0.034314661397114726,0.0,0.0006490627593304333,0.03882176293658071,0.0,0.39001781183192086,-0.024999999999999994,0.0,0.38999999999999996,1.5,129.8932362528759,0.012065130673309693,True,True,False
8.985,0.06350771957802386,0.012065128094497628,0.06290111274274326,-0.034314661397114726,0.0,0.0006490627593304333,0.03850771948773962,0.0,0.38999661363132826,-0.024999999999999994,0.0,0.38999999999999996,1.5,129.8932516802014,0.012630129438482483,True,True,False
8.99,0.06319418736651833,0.0069737208263544485,0.06279652164394892,-0.034314661397114726,0.0,0.0006490627593304333,0.038194182623520256,0.0,0.3899755161319239,-0.024999999999999994,0.0,0.38999999999999996,1.5,129.89326686926483,0.013185366367389206,True,True,False
8.995000000000001,0.06288119023062182,0.0019011012501107124,0.06268764662387492,-0.034314661397114726,0.0,0.0006490627593304333,0.037881173783927746,0.0,0.38995452060767605,-0.024999999999999994,0.0,0.38999999999999996,1.5,129.89328181862328,0.013731035902815963,True,True,False
9.0,0.06256874952995427,0.003152401465439675,0.06257450012352214,-0.03341412547215511,0.0,0.0006433630258478781,0.03756871432706388,0.0,0.38993362831610034,-0.024999999999999994,0.0,0.38999999999999996,1.5,129.89314655787805,0.012847867238567803,True,True,False
9.005,0.06225688663883674,0.008186474671383235,0.06245707213612652,-0.03341412547215511,0.0,0.0006433630258478781,0.03725682562697838,0.0,0.38991284030187096,-0.024999999999999994,0.0,0.38999999999999996,1.5,129.89316151717253,0.013425911771520575,True,True,False
9.01,0.061945622941451235,0.013200804194181525,0.06233537175059231,-0.03341412547215511,0.0,0.0006433630258478781,0.036945529068877686,0.0,0.3898921576090758,-0.024999999999999994,0.0,0.38999999999999996,1.5,129.89317624534695,0.013993608929184116,True,True,False
9.015,0.061634979728733164,0.01819505878013712,0.06220941737738163,-0.03341412547215511,0.0,0.0006433630258478781,0.03663484594649416,0.0,0.38987158149167245,-0.024999999999999994,0.0,0.38999999999999996,1.5,129.89319074063528,0.014551162144562181,True,True,False
9.02,0.06132497819702351,0.02316890757070267,0.06207922783492912,-0.03341412547215511,0.0,0.0006433630258478781,0.03632479746061565,0.0,0.38985111319777194,-0.024999999999999994,0.0,0.38999999999999996,1.5,129.89320500149236,0.015098769630274102,True,True,False
9.025,0.06101563944644164,0.02812202133584013,0.06194482229383455,-0.03341412547215511,0.0,0.0006433630258478781,0.03601540471748063,0.0,0.38983075396545797,-0.024999999999999994,0.0,0.38999999999999996,1.5,129.89321902658514,0.015636624910180606,True,True,False
9.03,0.06070698447940994,0.033054073092006545,0.061806220235712854,-0.03341412547215511,0.0,0.0006433630258478781,0.03570668872732061,0.0,0.38981050501978887,-0.024999999999999994,0.0,0.38999999999999996,1.5,129.89323281478542,0.016164917183526396,True,True,False
9.035,0.06039903419929536,0.03796473882066286,0.06166344142287748,-0.03341412547215511,0.0,0.0006433630258478781,0.03539867040301675,0.0,0.38979036757073604,-0.024999999999999994,0.0,0.38999999999999996,1.5,129.89324636516065,0.016683831576084412,True,True,False
9.040000000000001,0.06009180940914237,0.042853697644213554,0.06151650587600001,-0.03341412547215511,0.0,0.0006433630258478781,0.035091370558846174,0.0,0.3897703428117226,-0.024999999999999994,0.0,0.38999999999999996,1.5,129.89325967696823,0.01719354931526,True,True,False
9.045,0.059785330810464075,0.047720632251374163,0.061365433857621464,-0.03341412547215511,0.0,0.0006433630258478781,0.03478480990928581,0.0,0.3897504319187337,-0.024999999999999994,0.0,0.38999999999999996,1.5,129.8932727496471,0.017694247854075702,True,True,False
9.05,0.05947961900208168,0.052565228934837574,0.06121024585995307,-0.03267053048599427,0.0,0.0006284053684963243,0.034479009067864524,0.0,0.38973063604976554,-0.024999999999999994,0.0,0.38999999999999996,1.5,129.89303001599177,0.017014067168733424,True,True,False
9.055,0.05917469448849475,0.057387192036202954,0.061050966642051833,-0.03267053048599427,0.0,0.0006284053684963243,0.03417398855407158,0.0,0.3897109560426215,-0.024999999999999994,0.0,0.38999999999999996,1.5,129.89304300900943,0.017539306187798497,True,True,False
9.06,0.058870577680202964,0.062186229270857485,0.06088760980397624,-0.03267053048599427,0.0,0.0006284053684963243,0.03386976879474074,0.0,0.3896913927178734,-0.024999999999999994,0.0,0.38999999999999996,1.5,129.89305577040707,0.018054929184033654,True,True,False
9.065,0.05856728887757512,0.06696203460544152,0.06072019634825402,-0.03267053048599427,0.0,0.0006284053684963243,0.03356637010968677,0.0,0.38967194719247805,-0.024999999999999994,0.0,0.38999999999999996,1.5,129.89306829942905,0.018561118971129657,True,True,False
9.07,0.05826484827338552,0.07171430299262631,0.06054874763895153,-0.03267053048599427,0.0,0.0006284053684963243,0.03326381271300899,0.0,0.38965262057624506,-0.024999999999999994,0.0,0.38999999999999996,1.5,129.89308059550126,0.019058053647624328,True,True,False
9.075000000000001,0.057963275951350264,0.07644273123722137,0.060373285355100274,-0.03267053048599427,0.0,0.0006284053684963243,0.032962116711640094,0.0,0.389633413968361,-0.024999999999999994,0.0,0.38999999999999996,1.5,129.89309265822584,0.019545907047369505,True,True,False
9.08,0.057662591884782385,0.08114701863472566,0.06019383145629738,-0.03267053048599427,0.0,0.0006284053684963243,0.03266130210401366,0.0,0.38961432845497546,-0.024999999999999994,0.0,0.38999999999999996,1.5,129.89310448737257,0.020024849050277807,True,True,False
9.085,0.05736281593535029,0.08582686741927481,0.06001040815583565,-0.03267053048599427,0.0,0.0006284053684963243,0.032361388778834876,0.0,0.3895953651074938,-0.024999999999999994,0.0,0.38999999999999996,1.5,129.89311608287258,0.02049504580066789,True,True,False
9.09,0.05706396785225923,0.09048198341575295,0.059823037769373276,-0.03267053048599427,0.0,0.0006284053684963243,0.032062396514265096,0.0,0.38957652498012085,-0.024999999999999994,0.0,0.38999999999999996,1.5,129.89312744481174,0.02095666002036837,True,True,False
9.095,0.05676606727177836,0.09511207670662333,0.059631742862627055,-0.03267053048599427,0.0,0.0006284053684963243,0.0317643449774454,0.0,0.38955780910724425,-0.024999999999999994,0.0,0.38999999999999996,1.5,129.89313857342415,0.021409850872078827,True,True,False
9.1,0.056469133715440295,0.09971686094553148,0.059436546289509604,-0.03208484729052942,0.0,0.0006046417934478793,0.0314672537227316,0.0,0.38953921850630563,-0.024999999999999994,0.0,0.38999999999999996,1.5,129.89279261119324,0.02093169452701478,True,True,False
9.105,0.05617318659808505,0.10429606468107862,0.05923747792191272,-0.03208484729052942,0.0,0.0006046417934478793,0.03117114219646397,0.0,0.38952075379197365,-0.024999999999999994,0.0,0.38999999999999996,1.5,129.89280358125217,0.02140162825436627,True,True,False
9.11,0.05587824522640357,0.10884941970654427,0.05903455160235668,-0.03208484729052942,0.0,0.0006046417934478793,0.03087602973825382,0.0,0.3895024155630766,-0.024999999999999994,0.0,0.38999999999999996,1.5,129.8928143247669,0.021862723417388055,True,True,False
9.115,0.05558432878414714,0.11337664739743297,0.058827790688871555,-0.03208484729052942,0.0,0.0006046417934478793,0.03058193556987407,0.0,0.38948420479787305,-0.024999999999999994,0.0,0.38999999999999996,1.5,129.89282484188467,0.022315141340052844,True,True,False
9.120000000000001,0.055291456335623414,0.11787747048859007,0.05861721885452096,-0.03208484729052942,0.0,0.0006046417934478793,0.030288878795771274,0.0,0.38946612246660417,-0.024999999999999994,0.0,0.38999999999999996,1.5,129.89283513289755,0.022759039175079595,True,True,False
9.125,0.05499964682438836,0.12235161375856238,0.05840286005015648,-0.03208484729052942,0.0,0.0006046417934478793,0.029996878401764765,0.0,0.3894481695287921,-0.024999999999999994,0.0,0.38999999999999996,1.5,129.89284519823624,0.023194570269460528,True,True,False
9.13,0.054708919072038585,0.12679880455953532,0.05818473847684852,-0.03208484729052942,0.0,0.0006046417934478793,0.02970595325384809,0.0,0.3894303469313209,-0.024999999999999994,0.0,0.38999999999999996,1.5,129.89285503846395,0.023621884419079666,True,True,False
9.135,0.05441929177708018,0.13121877315456784,0.057962878565459675,-0.03208484729052942,0.0,0.0006046417934478793,0.02941612209706937,0.0,0.3894126556071386,-0.024999999999999994,0.0,0.38999999999999996,1.5,129.8928646542713,0.02404112804846659,True,True,False
9.14,0.05413078351386122,0.1356112529458437,0.05773730496146744,-0.03208484729052942,0.0,0.0006046417934478793,0.02912740355447671,0.0,0.38939509647435955,-0.024999999999999994,0.0,0.38999999999999996,1.5,129.89287404646893,0.024452444340142414,True,True,False
9.145,0.05384341273154154,0.13997598065575745,0.057508042513633686,-0.03208484729052942,0.0,0.0006046417934478793,0.028839816126102952,0.0,0.3893776704357379,-0.024999999999999994,0.0,0.38999999999999996,1.5,129.8928832159839,0.02485597333005319,True,True,False
9.15,0.0535571977531004,0.14431269640116134,0.05727511626548765,-0.031659716174006106,0.0,0.0005727167905294499,0.02855337818798942,0.0,0.3893603783783498,-0.024999999999999994,0.0,0.38999999999999996,1.5,129.89244100248408,0.02458188548585672,True,True,False
9.155,0.05327215678383817,0.1486211522615518,0.05703856074744631,-0.031659716174006106,0.0,0.0005727167905294499,0.028268107994997516,0.0,0.38934322071049915,-0.024999999999999994,0.0,0.38999999999999996,1.5,129.89244994539524,0.024994289256378102,True,True,False
9.16,0.0529883079076703,0.15290110356182682,0.05679839014391961,-0.031659716174006106,0.0,0.0005727167905294499,0.027984023682121634,0.0,0.38932619782543476,-0.024999999999999994,0.0,0.38999999999999996,1.5,129.89245867199608,0.0253986745793226,True,True,False
9.165000000000001,0.0527056690732672,0.1571522987110851,0.0565546299769616,-0.031659716174006106,0.0,0.0005727167905294499,0.027701143256797706,0.0,0.38930931057106605,-0.024999999999999994,0.0,0.38999999999999996,1.5,129.8924671832154,0.025795180802082446,True,True,False
9.17,0.05242425809900443,0.1613744879732767,0.05630730603347623,-0.031659716174006106,0.0,0.0005727167905294499,0.02741948459852242,0.0,0.38929255978605737,-0.024999999999999994,0.0,0.38999999999999996,1.5,129.89247548009035,0.026183943678201156,True,True,False
9.175,0.05214409267182605,0.16556742396011265,0.056056444338044464,-0.031659716174006106,0.0,0.0005727167905294499,0.027139065457720574,0.0,0.38927594629790824,-0.024999999999999994,0.0,0.38999999999999996,1.5,129.89248356376223,0.02656509564113673,True,True,False
9.18,0.05186519034618694,0.16973086202891743,0.05580207113853279,-0.031659716174006106,0.0,0.0005727167905294499,0.026859903454693357,0.0,0.389259470921511,-0.024999999999999994,0.0,0.38999999999999996,1.5,129.8924914354701,0.026938766027545892,True,True,False
9.185,0.05158756854311484,0.17386456099091555,0.05554421289432495,-0.031659716174006106,0.0,0.0005727167905294499,0.02658201607866345,0.0,0.38924313445640746,-0.024999999999999994,0.0,0.38999999999999996,1.5,129.89249909654768,0.027305081227985223,True,True,False
9.19,0.05131124454929998,0.17796828315160848,0.05528289622312084,-0.031659716174006106,0.0,0.0005727167905294499,0.026305420686881104,0.0,0.38922693768671585,-0.024999999999999994,0.0,0.38999999999999996,1.5,129.8925065484176,0.027664164574011198,True,True,False
9.195,0.05103623551614991,0.18204179402670584,0.05501814792130697,-0.031659716174006106,0.0,0.0005727167905294499,0.02603013450371358,0.0,0.38921088138228616,-0.024999999999999994,0.0,0.38999999999999996,1.5,129.89251379258715,0.028016136576612765,True,True,False
9.200000000000001,0.05076255845888415,0.1860848623845367,0.05474999496087299,-0.03139675244636096,0.0,0.0005334427821696659,0.025756174619757488,0.0,0.38919496629864503,-0.024999999999999994,0.0,0.38999999999999996,1.5,129.89198453239106,0.02794680500282611,True,True,False
9.205,0.05049023026576464,0.19009726581150968,0.054478475943516604,-0.03139675244636096,0.0,0.0005334427821696659,0.025483557992460076,0.0,0.38917919264631895,-0.024999999999999994,0.0,0.38999999999999996,1.5,129.89199149402083,0.028299770617482452,True,True,False
9.21,0.05021926769168032,0.1940787850115986,0.05420360547403259,-0.03139675244636096,0.0,0.0005334427821696659,0.0252123014475108,0.0,0.3891635606220697,-0.024999999999999994,0.0,0.38999999999999996,1.5,129.89199825422972,0.028645578675752598,True,True,False
9.215,0.04994968734482709,0.1980291972252558,0.053925410981913204,-0.03139675244636096,0.0,0.0005334427821696659,0.024942421674656018,0.0,0.3891480709437817,-0.024999999999999994,0.0,0.38999999999999996,1.5,129.8920048145933,0.028984346006745234,True,True,False
9.22,0.049681505693551634,0.20194828194453093,0.05364392011241735,-0.03139675244636096,0.0,0.0005334427821696659,0.02467393522635314,0.0,0.3891327243192175,-0.024999999999999994,0.0,0.38999999999999996,1.5,129.89201117676305,0.029316186436792985,True,True,False
9.225,0.049414739065383545,0.20583582120540955,0.05335916070918741,-0.03139675244636096,0.0,0.0005334427821696659,0.024406858516806906,0.0,0.38911752144492456,-0.024999999999999994,0.0,0.38999999999999996,1.5,129.89201734246083,0.02964121097238505,True,True,False
9.23,0.049149403646116196,0.20969159981067478,0.0530711608011631,-0.03139675244636096,0.0,0.0005334427821696659,0.02414120782105708,0.0,0.3891024630054761,-0.024999999999999994,0.0,0.38999999999999996,1.5,129.89202331347516,0.029959527933161586,True,True,False
9.235,0.048885515478929845,0.21351540546568873,0.05277994859266289,-0.03139675244636096,0.0,0.0005334427821696659,0.02387699927411005,0.0,0.3890875496729488,-0.024999999999999994,0.0,0.38999999999999996,1.5,129.8920290916578,0.0302712430512462,True,True,False
9.24,0.048623090463541546,0.21730702888379608,0.05248555245578856,-0.03139675244636096,0.0,0.0005334427821696659,0.023614248870099497,0.0,0.3890727821066353,-0.024999999999999994,0.0,0.38999999999999996,1.5,129.89203467891988,0.030576459547950546,True,True,False
9.245000000000001,0.048362144355382296,0.22106626383415118,0.05218800092452895,-0.03139675244636096,0.0,0.0005334427821696659,0.023352972461474886,0.0,0.3890581609528761,-0.024999999999999994,0.0,0.38999999999999996,1.5,129.89204007722807,0.030875278195283382,True,True,False
9.25,0.04810269276479262,0.22479290718608497,0.051887322690102884,-0.03129605197883632,0.0,0.00048777491041627444,0.023093185758208984,0.0,0.3890436868449942,-0.024999999999999994,0.0,0.38999999999999996,1.5,129.89143488058724,0.03100929274824528,True,True,False
9.255,0.04784475116732802,0.22848676150763295,0.051583559841444485,-0.03129605197883632,0.0,0.00048777491041627444,0.022834904326197225,0.0,0.3890293598158462,-0.024999999999999994,0.0,0.38999999999999996,1.5,129.89143995374369,0.03130129295773372,True,True,False
9.26,0.04758833489428799,0.23214763240220115,0.05127672756841847,-0.03129605197883632,0.0,0.00048777491041627444,0.022578143588765948,0.0,0.38901517988562484,-0.024999999999999994,0.0,0.38999999999999996,1.5,129.89144484444125,0.03158703358286238,True,True,False
9.265,0.04733345911963149,0.23577532551397395,0.05096685499590472,-0.03129605197883632,0.0,0.00048777491041627444,0.022322918826027577,0.0,0.389001147651036,-0.024999999999999994,0.0,0.38999999999999996,1.5,129.89144955476058,0.03186660873961365,True,True,False
9.27,0.047080138869069726,0.23936964919025194,0.05065397141502572,-0.03129605197883632,0.0,0.00048777491041627444,0.022069245172540525,0.0,0.38898726369761855,-0.024999999999999994,0.0,0.38999999999999996,1.5,129.8914540868258,0.03214011013503427,True,True,False
9.275,0.04682838901927627,0.24293041458423364,0.05033810627528283,-0.03129605197883632,0.0,0.00048777491041627444,0.02181713761652279,0.0,0.3889735285994038,-0.024999999999999994,0.0,0.38999999999999996,1.5,129.89145844280168,0.03240762715876938,True,True,False
9.28,0.046578224297124764,0.24645743572637424,0.050019289178409906,-0.03129605197883632,0.0,0.00048777491041627444,0.021566610999093377,0.0,0.38895994291869146,-0.024999999999999994,0.0,0.38999999999999996,1.5,129.891462624891,0.032669246955105286,True,True,False
9.285,0.04632965927894388,0.24995052957067604,0.04969754987448488,-0.03129605197883632,0.0,0.00048777491041627444,0.021317680013531737,0.0,0.38894650720595086,-0.024999999999999994,0.0,0.38999999999999996,1.5,129.89146663533143,0.032925054471373005,True,True,False
9.290000000000001,0.04608270838975135,0.2534095161178196,0.049372918289329645,-0.03129605197883632,0.0,0.00048777491041627444,0.0210703592045072,0.0,0.3889332219994119,-0.024999999999999994,0.0,0.38999999999999996,1.5,129.8914704763928,0.03317513213487153,True,True,False
9.295,0.04583738590250812,0.2568342185840394,0.04904542446972736,-0.03129605197883632,0.0,0.00048777491041627444,0.020824662967321855,0.0,0.3889200878244915,-0.024999999999999994,0.0,0.38999999999999996,1.5,129.89147415037502,0.03341956036437249,True,True,False
9.3,0.04559370593752779,0.2602244632268262,0.04871509857973644,-0.03135611466767943,0.0,0.0004367815807273486,0.02058060554733651,0.0,0.38890710519450716,-0.024999999999999994,0.0,0.38999999999999996,1.5,129.89080568498332,0.03375335198583142,True,True,False
9.305,0.045351682474121885,0.2635800789373921,0.0483819855331743,-0.03135611466767943,0.0,0.0004367815807273486,0.02033820103620576,0.0,0.38889427397870646,-0.024999999999999994,0.0,0.38999999999999996,1.5,129.890809005398,0.03398330331178537,True,True,False
9.31,0.04511132933785404,0.26690089755520896,0.04804610125515205,-0.03135611466767943,0.0,0.0004367815807273486,0.020097463373511287,0.0,0.38888159403473527,-0.024999999999999994,0.0,0.38999999999999996,1.5,129.89081216573078,0.034207924534949065,True,True,False
9.315,0.04487266018749409,0.2701867544428228,0.047707476308046,-0.03135611466767943,0.0,0.0004367815807273486,0.019858406349627794,0.0,0.3888690658401167,-0.024999999999999994,0.0,0.38999999999999996,1.5,129.89081516841588,0.034427286752232146,True,True,False
9.32,0.04463568852660432,0.27343748808591456,0.04736614137028853,-0.03135611466767943,0.0,0.0004367815807273486,0.019621043602411903,0.0,0.3888566898602336,-0.024999999999999994,0.0,0.38999999999999996,1.5,129.89081801590376,0.03464145926057156,True,True,False
9.325000000000001,0.04440042770293271,0.2766529399930885,0.04702212723823477,-0.03135611466767943,0.0,0.0004367815807273486,0.019385388616598415,0.0,0.38884446654877897,-0.024999999999999994,0.0,0.38999999999999996,1.5,129.89082071065863,0.0348505095555658,True,True,False
9.33,0.04416689090780913,0.279832954623088,0.04667546482710819,-0.03135611466767943,0.0,0.0004367815807273486,0.01915145472319596,0.0,0.3888323963481171,-0.024999999999999994,0.0,0.38999999999999996,1.5,129.8908232551571,0.03505450334140537,True,True,False
9.335,0.043935091175545594,0.28297737932551187,0.046326185171263475,-0.03135611466767943,0.0,0.0004367815807273486,0.018919255098883675,0.0,0.3888204796895834,-0.024999999999999994,0.0,0.38999999999999996,1.5,129.89082565188608,0.03525350454851281,True,True,False
9.34,0.043705041382844104,0.28608606429259575,0.04597431942394512,-0.03135611466767943,0.0,0.0004367815807273486,0.018688802765412293,0.0,0.38880871699373337,-0.024999999999999994,0.0,0.38999999999999996,1.5,129.89082790334098,0.03544757535644617,True,True,False
9.345,0.04347675424820881,0.289158862519875,0.045619898856672295,-0.03135611466767943,0.0,0.0004367815807273486,0.018460110589006595,0.0,0.3887971086705524,-0.024999999999999994,0.0,0.38999999999999996,1.5,129.89083001202442,0.03563677622040241,True,True,False
9.35,0.04325024233137243,0.2921956297899784,0.045262954858345916,-0.03157368149671449,0.0,0.00038161494298243016,0.01823319127977957,0.0,0.38878565511965,-0.024999999999999994,0.0,0.38999999999999996,1.5,129.89011214540287,0.03616440014483099,True,True,False
9.355,0.04302551804632965,0.29519622136279905,0.044903534484869966,-0.03157368149671449,0.0,0.00038161494298243016,0.018008057385829973,0.0,0.38877435606630867,-0.024999999999999994,0.0,0.38999999999999996,1.5,129.89011388681354,0.03633171233591359,True,True,False
9.36,0.04280259364523682,0.2981604953143158,0.04454165458120736,-0.03157368149671449,0.0,0.00038161494298243016,0.017784721294949457,0.0,0.38876321122548496,-0.024999999999999994,0.0,0.38999999999999996,1.5,129.89011549320335,0.03649465008553256,True,True,False
9.365,0.04258148120533929,0.3010883166183196,0.04417734690790355,-0.03157368149671449,0.0,0.00038161494298243016,0.01756319524089317,0.0,0.3887522209625607,-0.024999999999999994,0.0,0.38999999999999996,1.5,129.8901169672067,0.0366532614885708,True,True,False
9.370000000000001,0.04236219264312733,0.30397955376493974,0.04381064329424854,-0.03157368149671449,0.0,0.00038161494298243016,0.017343491299144892,0.0,0.3887413856298801,-0.024999999999999994,0.0,0.38999999999999996,1.5,129.89011831145044,0.03680759342887216,True,True,False
9.375,0.04214473971391372,0.3068340784684469,0.043441575648895926,-0.03157368149671449,0.0,0.00038161494298243016,0.01712562138649376,0.0,0.3887307055679171,-0.024999999999999994,0.0,0.38999999999999996,1.5,129.8901195285528,0.03695769149111315,True,True,False
9.38,0.04192913401139526,0.3096517654767344,0.04307017596719615,-0.03157368149671449,0.0,0.00038161494298243016,0.016909597260585746,0.0,0.3887201811061533,-0.024999999999999994,0.0,0.38999999999999996,1.5,129.89012062112255,0.037103599912843045,True,True,False
9.385,0.04171538696720251,0.3124324923984762,0.042696476336105765,-0.03157368149671449,0.0,0.00038161494298243016,0.01669543051945624,0.0,0.3887098125637541,-0.024999999999999994,0.0,0.38999999999999996,1.5,129.8901215917576,0.03724536156371774,True,True,False
9.39,0.04150350985044778,0.315176139599652,0.042320508937314434,-0.03157368149671449,0.0,0.00038161494298243016,0.016483132601053496,0.0,0.38869960025006556,-0.024999999999999994,0.0,0.38999999999999996,1.5,129.89012244304493,0.037383017943115014,True,True,False
9.395,0.04129351376727263,0.31788259012135306,0.04194230604906356,-0.03157368149671449,0.0,0.00038161494298243016,0.016272714782755937,0.0,0.3886895444649991,-0.024999999999999994,0.0,0.38999999999999996,1.5,129.89012317755885,0.037516609190177096,True,True,False
9.4,0.0410854096604009,0.32055172961968703,0.041561900047004906,-0.03194396853024484,0.0,0.00032347841994389854,0.016064188180889477,0.0,0.3886796454993219,-0.024999999999999994,0.0,0.38999999999999996,1.5,129.88937059416168,0.038230165614122166,True,True,False
9.405,0.04087920832350469,0.323183440227542,0.041179339428162896,-0.03194396853024484,0.0,0.00032347841994389854,0.015857563742846054,0.0,0.3886699029525004,-0.024999999999999994,0.0,0.38999999999999996,1.5,129.88937096236106,0.03833477740521695,True,True,False
9.41,0.04067492038189144,0.3257776067661145,0.040794642148855434,-0.03194396853024484,0.0,0.00032347841994389854,0.01565285224882179,0.0,0.3886603164147184,-0.024999999999999994,0.0,0.38999999999999996,1.5,129.88937122249482,0.038435988177177006,True,True,False
9.415000000000001,0.04047255627949912,0.32833412426825165,0.04040784091927678,-0.03194396853024484,0.0,0.00032347841994389854,0.015450064321329365,0.0,0.38865088614359594,-0.024999999999999994,0.0,0.38999999999999996,1.5,129.88937137724471,0.03853382303729642,True,True,False
9.42,0.04027212629553351,0.33085289165784854,0.040018968473698235,-0.03194396853024484,0.0,0.00032347841994389854,0.01524921042014099,0.0,0.3886416123827802,-0.024999999999999994,0.0,0.38999999999999996,1.5,129.88937142926582,0.038628306257962076,True,True,False
9.425,0.040073640544208894,0.33333381131467366,0.03962805759675542,-0.03194396853024484,0.0,0.00032347841994389854,0.015050300842019304,0.0,0.3886324953637332,-0.024999999999999994,0.0,0.38999999999999996,1.5,129.88937138118635,0.038719460345427545,True,True,False
9.43,0.03987710897448555,0.3357767887480389,0.03923514111935969,-0.03194396853024484,0.0,0.00032347841994389854,0.014853345720430428,0.0,0.38862353530708327,-0.024999999999999994,0.0,0.38999999999999996,1.5,129.88937123560763,0.03880730792525835,True,True,False
9.435,0.03968254136980283,0.33818173231255605,0.03884025193451326,-0.03194396853024484,0.0,0.00032347841994389854,0.014658355025244707,0.0,0.38861473242376743,-0.024999999999999994,0.0,0.38999999999999996,1.5,129.88937099510372,0.038891870849435885,True,True,False
9.44,0.03948994734777793,0.34054855302741066,0.038443423005560196,-0.03194396853024484,0.0,0.00032347841994389854,0.014465338562389546,0.0,0.3886060869158221,-0.024999999999999994,0.0,0.38999999999999996,1.5,129.8893706622214,0.03897316999344286,True,True,False
9.445,0.039299336359895985,0.34287716443832417,0.03804468737073279,-0.03194396853024484,0.0,0.00032347841994389854,0.014274305973483808,0.0,0.38859759897696233,-0.024999999999999994,0.0,0.38999999999999996,1.5,129.88937023948023,0.03905122524649239,True,True,False
9.450000000000001,0.0391107176912024,0.3451674825282714,0.03764407814600375,-0.032460776388852045,0.0,0.00026359498421839084,0.014085266735465757,0.0,0.38858926879299177,-0.024999999999999994,0.0,0.38999999999999996,1.5,129.88859804972319,0.03994103015077148,True,True,False
9.455,0.03892410047573245,0.3474194168150579,0.03724164455079258,-0.032460776388852045,0.0,0.00026359498421839084,0.013898230150902385,0.0,0.38858109585512474,-0.024999999999999994,0.0,0.38999999999999996,1.5,129.88859727574268,0.03998339918164725,True,True,False
9.46,0.038739493674306825,0.3496328793714018,0.03683740584637037,-0.032460776388852045,0.0,0.00026359498421839084,0.013713205349675073,0.0,0.38857307964638943,-0.024999999999999994,0.0,0.38999999999999996,1.5,129.888596421717,0.040023348049089906,True,True,False
9.465,0.03855690606187903,0.3518077956264877,0.03643139544301749,-0.032460776388852045,0.0,0.00026359498421839084,0.013530201301528294,0.0,0.38856522032065133,-0.024999999999999994,0.0,0.38999999999999996,1.5,129.88859549022828,0.040060879124635185,True,True,False
9.47,0.038376346246351924,0.35394409523087694,0.03602364672972312,-0.032460776388852045,0.0,0.00026359498421839084,0.013349226810310866,0.0,0.3885575180170192,-0.024999999999999994,0.0,0.38999999999999996,1.5,129.88859448381757,0.04009599474442348,True,True,False
9.475,0.038197822668533735,0.3560417114101599,0.035614193101759964,-0.032460776388852045,0.0,0.00026359498421839084,0.013170290513919686,0.0,0.38854997286241855,-0.024999999999999994,0.0,0.38999999999999996,1.5,129.88859340498556,0.04012869695135475,True,True,False
9.48,0.038021343602037835,0.35810058049110893,0.03520306798043899,-0.032460776388852045,0.0,0.00026359498421839084,0.01299340088416423,0.0,0.388542584973519,-0.024999999999999994,0.0,0.38999999999999996,1.5,129.88859225619314,0.04015898733360165,True,True,False
9.485,0.03784691715315037,0.3601206415546777,0.03479030482712081,-0.032460776388852045,0.0,0.00026359498421839084,0.01281856622657812,0.0,0.3885353544581186,-0.024999999999999994,0.0,0.38999999999999996,1.5,129.88859103986192,0.04018686692826681,True,True,False
9.49,0.037674551260671305,0.3621018361998764,0.03437593715302412,-0.032460776388852045,0.0,0.00026359498421839084,0.012645794680188893,0.0,0.38852828141616275,-0.024999999999999994,0.0,0.38999999999999996,1.5,129.88858975837502,0.04021233616899422,True,True,False
9.495000000000001,0.03750425369574884,0.3640441083675684,0.03395999852596844,-0.032460776388852045,0.0,0.00026359498421839084,0.01247509421726703,0.0,0.38852136594045367,-0.024999999999999994,0.0,0.38999999999999996,1.5,129.88858841407654,0.04023539486323091,True,True,False
9.5,0.0373360320617076,0.3659474042214929,0.033542522574885485,-0.033116786353229864,0.0,0.00020317574733406499,0.012306472643057703,0.0,0.3885146081171469,-0.024999999999999994,0.0,0.38999999999999996,1.5,129.8878117642904,0.041290460927024375,True,True,False
9.505,0.037169893810076654,0.36781166062228177,0.03312355853545718,-0.033116786353229864,0.0,0.00020317574733406499,0.012139937584479316,0.0,0.38850800734808916,-0.024999999999999994,0.0,0.38999999999999996,1.5,129.88781009687725,0.04127156559567171,True,True,False
9.51,0.03700584621601895,0.3696368168209343,0.03270312719106443,-0.033116786353229864,0.0,0.00020317574733406499,0.0119754964916578,0.0,0.38850156302800337,-0.024999999999999994,0.0,0.38999999999999996,1.5,129.88780837766456,0.04125123261803268,True,True,False
9.515,0.03684389636647622,0.37142282841523006,0.032281262426346324,-0.033116786353229864,0.0,0.00020317574733406499,0.011813156653257328,0.0,0.38849527521241406,-0.024999999999999994,0.0,0.38999999999999996,1.5,129.88780660899747,0.04122944196931314,True,True,False
9.52,0.036684051180668066,0.37316965550950015,0.031857998066516,-0.033116786353229864,0.0,0.00020317574733406499,0.011652925190165864,0.0,0.3884891439413435,-0.024999999999999994,0.0,0.38999999999999996,1.5,129.88780479317103,0.04120617415935663,True,True,False
9.525,0.03652631741022448,0.37487726190352055,0.03143336791271447,-0.033116786353229864,0.0,0.00020317574733406499,0.011494809055614258,0.0,0.3884831692425572,-0.024999999999999994,0.0,0.38999999999999996,1.5,129.8878029324311,0.04118140989600125,True,True,False
9.53,0.03637070163925314,0.3765456144977409,0.031007405767560284,-0.033116786353229864,0.0,0.00020317574733406499,0.011338815035197236,0.0,0.3884773511339462,-0.024999999999999994,0.0,0.38999999999999996,1.5,129.88780102897564,0.04115512987080367,True,True,False
9.535,0.03621721028435797,0.3781746828612749,0.030580145453521005,-0.033116786353229864,0.0,0.00020317574733406499,0.01118494974681944,0.0,0.3884716896252539,-0.024999999999999994,0.0,0.38999999999999996,1.5,129.88779908495573,0.041127314627469255,True,True,False
9.540000000000001,0.03606584959462566,0.3797644389258907,0.030151620826054572,-0.033116786353229864,0.0,0.00020317574733406499,0.011033219640588787,0.0,0.3884661847193202,-0.024999999999999994,0.0,0.38999999999999996,1.5,129.88779710247712,0.04109794448606643,True,True,False
9.545,0.03591662565159748,0.38131485677472304,0.02972186578295698,-0.033116786353229864,0.0,0.00020317574733406499,0.010883630998677896,0.0,0.3884608364129459,-0.024999999999999994,0.0,0.38999999999999996,1.5,129.88779508360065,0.04106699950485519,True,True,False
9.55,0.03576954436923246,0.3828259125024453,0.02929091427097091,-0.03390378486759468,0.0,0.00014338972713962705,0.010736189935163482,0.0,0.3884556446974836,-0.024999999999999994,0.0,0.38999999999999996,1.5,129.88702876630487,0.04227537217000393,True,True,False
9.555,0.03562461150988859,0.38429757018030786,0.028858814858800385,-0.03390378486759468,0.0,0.00014338972713962705,0.010590902383331519,0.0,0.3884506089032611,-0.024999999999999994,0.0,0.38999999999999996,1.5,129.88702646400085,0.042196676026944956,True,True,False
9.56,0.035481832658095375,0.3857297960996228,0.02842559010684612,-0.03390378486759468,0.0,0.00014338972713962705,0.01044777409695996,0.0,0.3884457283545087,-0.024999999999999994,0.0,0.38999999999999996,1.5,129.88702413754476,0.04211751589001349,True,True,False
9.565,0.035341213210092884,0.38712257569647146,0.027991274185916952,-0.03390378486759468,0.0,0.00014338972713962705,0.01030681066814848,0.0,0.38844100301322915,-0.024999999999999994,0.0,0.38999999999999996,1.5,129.88702178892214,0.04203784989218165,True,True,False
9.57,0.03520275839532784,0.3884758991617091,0.027555901178675277,-0.03390378486759468,0.0,0.00014338972713962705,0.010168017520609113,0.0,0.38843643282525,-0.024999999999999994,0.0,0.38999999999999996,1.5,129.88701942006406,0.041957637256535424,True,True,False
9.575000000000001,0.03506647327674801,0.3897897604699715,0.0271195051226944,-0.03390378486759468,0.0,0.00014338972713962705,0.010031399909956995,0.0,0.3884320177240964,-0.024999999999999994,0.0,0.38999999999999996,1.5,129.88701703284858,0.04187683788493549,True,True,False
9.58,0.03493236275101923,0.3910641566659934,0.026682120041990186,-0.03390378486759468,0.0,0.00014338972713962705,0.009896962923881397,0.0,0.3884277576338098,-0.024999999999999994,0.0,0.38999999999999996,1.5,129.8870146291025,0.04179541209361497,True,True,False
9.585,0.034800431550001176,0.39229908561301896,0.026243776551900848,-0.03390378486759468,0.0,0.00014338972713962705,0.009764711483838479,0.0,0.38842365247746996,-0.024999999999999994,0.0,0.38999999999999996,1.5,129.88701221061143,0.04171244808050152,True,True,False
9.59,0.03467068435371566,0.39349436884459726,0.025804438191021812,-0.03390378486759468,0.0,0.00014338972713962705,0.009634650488356378,0.0,0.38841970284301347,-0.024999999999999994,0.0,0.38999999999999996,1.5,129.88700977987781,0.04161040606271687,True,True,False
9.595,0.034543125842566774,0.39464943239996925,0.025364124665034293,-0.03390378486759468,0.0,0.00014338972713962705,0.009506784904821208,0.0,0.38841591082706545,-0.024999999999999994,0.0,0.38999999999999996,1.5,129.88700734066896,0.04148631832067915,True,True,False
9.6,0.03441776044487592,0.3957635988488276,0.024922891316155164,-0.034780996554160025,0.0,8.528647283226413e-05,0.009381119468401589,0.0,0.3884122789475595,-0.024999999999999994,0.0,0.38999999999999996,1.5,129.88626375686866,0.04272716666689942,True,True,False
9.605,0.03429459227358664,0.3968362499208593,0.02448084033921041,-0.034780996554160025,0.0,8.528647283226413e-05,0.009257658558106285,0.0,0.38840880883368584,-0.024999999999999994,0.0,0.38999999999999996,1.5,129.8862611035194,0.04252776987299242,True,True,False
9.61,0.034173625152864456,0.39786686638092555,0.02403799466428725,-0.034780996554160025,0.0,8.528647283226413e-05,0.009136406246035345,0.0,0.38840550174219923,-0.024999999999999994,0.0,0.38999999999999996,1.5,129.8862584598401,0.042317631748063855,True,True,False
9.615,0.034054862683607,0.39885494225780077,0.0235944080793946,-0.034780996554160025,0.0,8.528647283226413e-05,0.009017366409418803,0.0,0.38840235956276936,-0.024999999999999994,0.0,0.38999999999999996,1.5,129.88625582873163,0.04209807245630996,True,True,False
9.620000000000001,0.03393830822532737,0.3998000253928156,0.023150133487633853,-0.034780996554160025,0.0,8.528647283226413e-05,0.008900542673554057,0.0,0.38839938398237916,-0.024999999999999994,0.0,0.38999999999999996,1.5,129.88625321294413,0.04187010213295357,True,True,False
9.625,0.033823964903125565,0.40070172120491493,0.022705222620627793,-0.034780996554160025,0.0,8.528647283226413e-05,0.008785938417476213,0.0,0.38839657646943315,-0.024999999999999994,0.0,0.38999999999999996,1.5,129.88625061509757,0.04163450328549462,True,True,False
9.63,0.03371183561447304,0.40155969259285584,0.022259725930618906,-0.034780996554160025,0.0,8.528647283226413e-05,0.008673556780171926,0.0,0.3883939382733561,-0.024999999999999994,0.0,0.38999999999999996,1.5,129.8862480376971,0.04139188811856847,True,True,False
9.635,0.033601923035555974,0.4023736575479056,0.021813692591632565,-0.034780996554160025,0.0,8.528647283226413e-05,0.008563400666806442,0.0,0.38839147043333216,-0.024999999999999994,0.0,0.38999999999999996,1.5,129.88624548314488,0.041142739133975245,True,True,False
9.64,0.03349422962708364,0.4031433855234569,0.021367170564280967,-0.034780996554160025,0.0,8.528647283226413e-05,0.008455472754689164,0.0,0.3883891737920995,-0.024999999999999994,0.0,0.38999999999999996,1.5,129.8862429537495,0.04088743843458243,True,True,False
9.645,0.03338875763953918,0.4038686932020721,0.02092020669503761,-0.034780996554160025,0.0,8.528647283226413e-05,0.008349775498835227,0.0,0.3883870490121595,-0.024999999999999994,0.0,0.38999999999999996,1.5,129.88624045173367,0.040626289292602716,True,True,False
9.65,0.033285509117892874,0.40454944011290356,0.020472846831664115,-0.03533616972122226,0.0,2.964592289811255e-05,0.008246311137062978,0.0,0.3883850965926928,-0.024999999999999994,0.0,0.38999999999999996,1.5,129.88551790168287,0.04123500589829672,True,True,False
9.655,0.03318448589410587,0.40518556639511466,0.02002516361298259,-0.03533616972122226,0.0,2.964592289811255e-05,0.008145081642476765,0.0,0.38838331605758525,-0.024999999999999994,0.0,0.38999999999999996,1.5,129.8855153556941,0.04093639100727832,True,True,False
9.66,0.033085689593097614,0.40577708842369603,0.01957717811003794,-0.03533616972122226,0.0,2.964592289811255e-05,0.008046088761657577,0.0,0.3883817066373932,-0.024999999999999994,0.0,0.38999999999999996,1.5,129.88551284919845,0.040634079477397306,True,True,False
9.665000000000001,0.03298912166071504,0.40632402611464946,0.019128931301915647,-0.03533616972122226,0.0,2.964592289811255e-05,0.007949334088784454,0.0,0.3883802682163007,-0.024999999999999994,0.0,0.38999999999999996,1.5,129.88551038399595,0.04032799727379256,True,True,False
9.67,0.03289478336071347,0.4068264183418685,0.018680463880716265,-0.03533616972122226,0.0,2.964592289811255e-05,0.007854819027315857,0.0,0.3883790006074658,-0.024999999999999994,0.0,0.38999999999999996,1.5,129.88550796183364,0.04001807986176934,True,True,False
9.675,0.032802675776157544,0.4072843197999676,0.01823181636410556,-0.03533616972122226,0.0,2.964592289811255e-05,0.007762544791762888,0.0,0.3883779035653069,-0.024999999999999994,0.0,0.38999999999999996,1.5,129.8855055844058,0.03970426875464424,True,True,False
9.68,0.03271279981071805,0.40769779868065337,0.01778302918453781,-0.03533616972122226,0.0,2.964592289811255e-05,0.007672512409224924,0.0,0.3883769767946333,-0.024999999999999994,0.0,0.38999999999999996,1.5,129.88550325335368,0.039386509429243176,True,True,False
9.685,0.03262515618988122,0.40806693493855684,0.017334142764361543,-0.03533616972122226,0.0,2.964592289811255e-05,0.007584722720739401,0.0,0.3883762199574219,-0.024999999999999994,0.0,0.38999999999999996,1.5,129.88550097026672,0.03906475011272258,True,True,False
9.69,0.032539745462091596,0.40839181897454585,0.016885197583357242,-0.03533616972122226,0.0,2.964592289811255e-05,0.007499176382499584,0.0,0.38837563267796593,-0.024999999999999994,0.0,0.38999999999999996,1.5,129.88549873668282,0.038738941115004616,True,True,False
9.695,0.03245656799984603,0.4086725506207858,0.01643623424354986,-0.03533616972122226,0.0,2.964592289811255e-05,0.0074158738669784785,0.0,0.38837521454684887,-0.024999999999999994,0.0,0.38999999999999996,1.5,129.88549655408897,0.038409034497909195,True,True,False
9.700000000000001,0.032375624000750426,0.40890923831986214,0.01598729353508965,-0.03548499769037362,0.0,-2.2205469215499105e-05,0.007334815463986677,0.0,0.38837496512409875,-0.024999999999999994,0.0,0.38999999999999996,1.5,129.88481211045337,0.03830988858527553,True,True,False
9.705,0.03229691350612537,0.40910201030646337,0.01553842357020421,-0.03548499769037362,0.0,-2.2205469215499105e-05,0.007256001264710543,0.0,0.38837488325553665,-0.024999999999999994,0.0,0.38999999999999996,1.5,129.8848100132584,0.037964548193925446,True,True,False
9.71,0.03222043638214301,0.409251013379672,0.015089658668033782,-0.03548499769037362,0.0,-2.2205469215499105e-05,0.00717943117485545,0.0,0.38837496771771557,-0.024999999999999994,0.0,0.38999999999999996,1.5,129.8848079728957,0.037615397460724044,True,True,False
9.715,0.03214619230649609,0.40935639341463986,0.014641039850381824,-0.03548499769037362,0.0,-2.2205469215499105e-05,0.007105104937429357,0.0,0.3883752179337284,-0.024999999999999994,0.0,0.38999999999999996,1.5,129.8848059906046,0.03726234403837624,True,True,False
9.72,0.03207418078831134,0.40941830057189305,0.01419260872230534,-0.03548499769037362,0.0,-2.2205469215499105e-05,0.0070330221194774,0.0,0.38837563331284086,-0.024999999999999994,0.0,0.38999999999999996,1.5,129.8848040675807,0.036905307186479094,True,True,False
9.725,0.03200440116875221,0.409436888903176,0.013744407589481084,-0.03548499769037362,0.0,-2.2205469215499105e-05,0.006963182112666361,0.0,0.3883762132520083,-0.024999999999999994,0.0,0.38999999999999996,1.5,129.88480220497445,0.03654421562247925,True,True,False
9.73,0.03193685262165115,0.4094123161272113,0.013296479592881735,-0.03548499769037362,0.0,-2.2205469215499105e-05,0.006895584133875393,0.0,0.38837695713675136,-0.024999999999999994,0.0,0.38999999999999996,1.5,129.8848004038916,0.036179005971947065,True,True,False
9.735,0.03187153415416478,0.40934474351499367,0.012848868868235068,-0.03548499769037362,0.0,-2.2205469215499105e-05,0.006830227225798291,0.0,0.38837786434163424,-0.024999999999999994,0.0,0.38999999999999996,1.5,129.88479866539208,0.035809621631362906,True,True,False
9.74,0.03180844460746009,0.4092343358237151,0.012401620738422436,-0.03548499769037362,0.0,-2.2205469215499105e-05,0.006767110257571762,0.0,0.3883789342304718,-0.024999999999999994,0.0,0.38999999999999996,1.5,129.8847969904903,0.03543601191700821,True,True,False
9.745000000000001,0.03174758265741742,0.4090812612657849,0.011954781948423684,-0.03548499769037362,0.0,-2.2205469215499105e-05,0.006706231925424688,0.0,0.3883801661564431,-0.024999999999999994,0.0,0.38999999999999996,1.5,129.88479538015483,0.03505813141500158,True,True,False
9.75,0.03168894681535475,0.4088856914941483,0.011508400954719986,-0.03528007963818772,0.0,-6.93283911866637e-05,0.0066475907533546374,0.0,0.3883815594621474,-0.024999999999999994,0.0,0.38999999999999996,1.5,129.88416439882042,0.03435317686996183,True,True,False
9.755,0.03163253547033348,0.4086477870625197,0.011062516035932361,-0.03528007963818772,0.0,-6.93283911866637e-05,0.006591185107653386,0.0,0.38838311293657074,-0.024999999999999994,0.0,0.38999999999999996,1.5,129.88416293913394,0.033976372743421066,True,True,False
9.76,0.031578346852125336,0.4083676964660231,0.010617189488830635,-0.03528007963818772,0.0,-6.93283911866637e-05,0.006537013190598462,0.0,0.38838482541836705,-0.024999999999999994,0.0,0.38999999999999996,1.5,129.88416154429865,0.033594609013556626,True,True,False
9.765,0.03152637898552178,0.4080455805925048,0.010172478194883471,-0.03528007963818772,0.0,-6.93283911866637e-05,0.006485073020589982,0.0,0.3883866963004856,-0.024999999999999994,0.0,0.38999999999999996,1.5,129.88416021517884,0.03320792770886058,True,True,False
9.77,0.031476629730441893,0.40768160679928706,0.009728442696878978,-0.03528007963818772,0.0,-6.93283911866637e-05,0.006435362442828274,0.0,0.38838872495353505,-0.024999999999999994,0.0,0.38999999999999996,1.5,129.88415895258535,0.03281636093698846,True,True,False
9.775,0.03142909678050811,0.4072759527344945,0.009285151534013566,-0.03528007963818772,0.0,-6.93283911866637e-05,0.006387879127139645,0.0,0.3883909107114218,-0.024999999999999994,0.0,0.38999999999999996,1.5,129.8841577572475,0.032421171018528164,True,True,False
9.78,0.03138377758234559,0.40682894357070426,0.008842702853547308,-0.03528007963818772,0.0,-6.93283911866637e-05,0.0063426204606171765,0.0,0.3883932523534047,-0.024999999999999994,0.0,0.38999999999999996,1.5,129.8841566288992,0.032033344147879075,True,True,False
9.785,0.03134066934449954,0.4063411354399007,0.008401167823373131,-0.03528007963818772,0.0,-6.93283911866637e-05,0.006299583539806031,0.0,0.3883957477767018,-0.024999999999999994,0.0,0.38999999999999996,1.5,129.8841555661978,0.03165425465893864,True,True,False
9.790000000000001,0.03129976915117672,0.4058131823103654,0.007960616162374435,-0.03528007963818772,0.0,-6.93283911866637e-05,0.006258765310250464,0.0,0.3883983944943786,-0.024999999999999994,0.0,0.38999999999999996,1.5,129.88415456777216,0.031283443913972815,True,True,False
9.795,0.03126107397832548,0.4052457960769459,0.007521125195250019,-0.03528007963818772,0.0,-6.93283911866637e-05,0.0062201625907734315,0.0,0.38840118979112276,-0.024999999999999994,0.0,0.38999999999999996,1.5,129.8841536322724,0.0309205034677826,True,True,False
9.8,0.031224580701324584,0.40463972058707226,0.007082784058777461,-0.03482584780721803,0.0,-0.0001109646348535486,0.00618377208663487,0.0,0.38840413082542957,-0.024999999999999994,0.0,0.38999999999999996,1.5,129.88358957663314,0.029849245949486604,True,True,False
9.805,0.031190286130623666,0.4039957214495985,0.006645676208820222,-0.03482584780721803,0.0,-0.0001109646348535486,0.006149590400012228,0.0,0.38840721413189294,-0.024999999999999994,0.0,0.38999999999999996,1.5,129.88358878443736,0.02952663948907905,True,True,False
9.81,0.031158186990621176,0.4033145623026574,0.0062099471768791775,-0.03482584780721803,0.0,-0.0001109646348535486,0.006117614041475428,0.0,0.3884104362522105,-0.024999999999999994,0.0,0.38999999999999996,1.5,129.88358804579443,0.029210181915882007,True,True,False
9.815,0.031128279887345404,0.40259698352679074,0.005775759062278943,-0.03482584780721803,0.0,-0.0001109646348535486,0.006087839429633285,0.0,0.38841379435688467,-0.024999999999999994,0.0,0.38999999999999996,1.5,129.8835873595925,0.02889957429848113,True,True,False
9.82,0.031100561336594428,0.40184370431128746,0.005343320318359008,-0.03482584780721803,0.0,-0.0001109646348535486,0.006060262891571383,0.0,0.3884172856992665,-0.024999999999999994,0.0,0.38999999999999996,1.5,129.8835867247389,0.028594529382142006,True,True,False
9.825000000000001,0.031075027764042865,0.401055418017764,0.004912905770261467,-0.03482584780721803,0.0,-0.0001109646348535486,0.006034880664101905,0.0,0.38842090763380066,-0.024999999999999994,0.0,0.38999999999999996,1.5,129.883586140161,0.028294769828150063,True,True,False
9.83,0.031051675504919135,0.40023278907024107,0.004484887563295261,-0.03482584780721803,0.0,-0.0001109646348535486,0.006011688894266565,0.0,0.3884246576283171,-0.024999999999999994,0.0,0.38999999999999996,1.5,129.88358560480685,0.028000027021900582,True,True,False
9.835,0.03103050080336977,0.39937645096609564,0.004059784716492591,-0.03482584780721803,0.0,-0.0001109646348535486,0.005990683639289174,0.0,0.3884285332719314,-0.024999999999999994,0.0,0.38999999999999996,1.5,129.883585117646,0.027710040267230986,True,True,False
9.84,0.031011499811599143,0.39848700509954005,0.0036383455814289318,-0.03482584780721803,0.0,-0.0001109646348535486,0.005971860866123141,0.0,0.38843253227965485,-0.024999999999999994,0.0,0.38999999999999996,1.5,129.88358467767026,0.027424556242734772,True,True,False
9.845,0.030994668588833756,0.3975650202366709,0.0032216911337886052,-0.03482584780721803,0.0,-0.0001109646348535486,0.0059552164506897765,0.0,0.38843665249461823,-0.024999999999999994,0.0,0.38999999999999996,1.5,129.8835842838938,0.027143328635062088,True,True,False
9.85,0.030980003100168595,0.3966110324128615,0.0028115765029208396,-0.03464830375528582,0.0,-0.00014640107260897916,0.005940746176893941,0.0,0.38844089188845704,-0.024999999999999994,0.0,0.38999999999999996,1.5,129.88311016363483,0.02658643474750091,True,True,False
9.855,0.03096749923770026,0.3956255490708669,0.0024108273701632602,-0.03464830375528582,0.0,-0.00014640107260897916,0.005928445734512011,0.0,0.38844524809557524,-0.024999999999999994,0.0,0.38999999999999996,1.5,129.88310986210578,0.026323041354475805,True,True,False
9.86,0.030957152799133535,0.394609045571428,0.002024543498885126,-0.03464830375528582,0.0,-0.00014640107260897916,0.005918310721430564,0.0,0.38844971887646995,-0.024999999999999994,0.0,0.38999999999999996,1.5,129.8831096020201,0.02606294114515917,True,True,False
9.865,0.030948959462704328,0.39356196135854415,0.0016621580968198546,-0.03464830375528582,0.0,-0.00014640107260897916,0.005910336641936631,0.0,0.38845430258256475,-0.024999999999999994,0.0,0.38999999999999996,1.5,129.8831093825491,0.025805918737196353,True,True,False
9.870000000000001,0.03094291480690384,0.3924847047889455,0.0013422943333652327,-0.03464830375528582,0.0,-0.00014640107260897916,0.005904518902917294,0.0,0.38845899768769254,-0.024999999999999994,0.0,0.38999999999999996,1.5,129.8831092028881,0.02555176477425841,True,True,False
9.875,0.030939014308992752,0.3913776542914545,0.0011015247417833082,-0.03464830375528582,0.0,-0.00014640107260897916,0.0059008528122487525,0.0,0.3884638027835603,-0.024999999999999994,0.0,0.38999999999999996,1.5,129.8831090622551,0.02530027597013081,True,True,False
9.88,0.030937253343515336,0.3902411595616841,0.0009975689103757946,-0.03464830375528582,0.0,-0.00014640107260897916,0.005899333577176646,0.0,0.3884687165751517,-0.024999999999999994,0.0,0.38999999999999996,1.5,129.8831089598912,0.0250512551242927,True,True,False
9.885,0.030937627180823893,0.38907554276852346,0.0010698687788385688,-0.03464830375528582,0.0,-0.00014640107260897916,0.005899956302698989,0.0,0.38847373787606887,-0.024999999999999994,0.0,0.38999999999999996,1.5,129.88310889506027,0.024804511115611026,True,True,False
9.89,0.030940130985615592,0.38788109976419743,0.001288108742195643,-0.03464830375528582,0.0,-0.00014640107260897916,0.005902715989954538,0.0,0.3884788656038145,-0.024999999999999994,0.0,0.38999999999999996,1.5,129.88310886704863,0.024559858878741795,True,True,False
9.895,0.030944759815485473,0.3866581013072826,0.0015925875087608576,-0.03464830375528582,0.0,-0.00014640107260897916,0.0059076075346232715,0.0,0.38848409877505696,-0.024999999999999994,0.0,0.38999999999999996,1.5,129.88310887516454,0.024317119366446323,True,True,False
9.9,0.030951508619498337,0.3854067942940124,0.001942488737189857,-0.03503469417640517,0.0,-0.0001756369979624532,0.005914625725342237,0.0,0.38848943650087514,-0.024999999999999994,0.0,0.38999999999999996,1.5,129.8827318031455,0.02468539210357216,True,True,False
9.905,0.030960372246379302,0.3841273961026737,0.0023166689333035282,-0.03503469417640517,0.0,-0.0001756369979624532,0.005923765235980483,0.0,0.38849487765801605,-0.024999999999999994,0.0,0.38999999999999996,1.5,129.88273188512383,0.024424095991918592,True,True,False
9.91,0.030971345427908085,0.3828201028618313,0.0027045996355842352,-0.03503469417640517,0.0,-0.0001756369979624532,0.0059350206248494075,0.0,0.3885004212074902,-0.024999999999999994,0.0,0.38999999999999996,1.5,129.88273200536207,0.024164786633260483,True,True,False
9.915000000000001,0.03098442277105525,0.3814850990211756,0.0031006572258802873,-0.03503469417640517,0.0,-0.0001756369979624532,0.0059483863420483896,0.0,0.388506066507906,-0.024999999999999994,0.0,0.38999999999999996,1.5,129.88273216311052,0.023907298203874154,True,True,False
9.92,0.03099959876926476,0.38012255146849777,0.0035016616720143544,-0.03503469417640517,0.0,-0.0001756369979624532,0.005963856724765265,0.0,0.3885118129876892,-0.024999999999999994,0.0,0.38999999999999996,1.5,129.88273235764086,0.023651471199210166,True,True,False
9.925,0.031016867801307954,0.37873261024557736,0.0039057008010111357,-0.03503469417640517,0.0,-0.0001756369979624532,0.005981425996073875,0.0,0.3885176601423383,-0.024999999999999994,0.0,0.38999999999999996,1.5,129.8827325882449,0.023397152128436384,True,True,False
9.93,0.031036224130139914,0.3773154093675233,0.004311561152635029,-0.03503469417640517,0.0,-0.0001756369979624532,0.006001088263711596,0.0,0.3885236075312294,-0.024999999999999994,0.0,0.38999999999999996,1.5,129.88273285423435,0.023144193275125492,True,True,False
9.935,0.03105766190176711,0.3758710677302903,0.004718435897609542,-0.03503469417640517,0.0,-0.0001756369979624532,0.00602283751885363,0.0,0.3885296547741145,-0.024999999999999994,0.0,0.38999999999999996,1.5,129.88273315494015,0.022892452501720114,True,True,False
9.94,0.031081175144137503,0.37439969005670615,0.005125766341059131,-0.03503469417640517,0.0,-0.0001756369979624532,0.006046667634900776,0.0,0.38853580154741374,-0.024999999999999994,0.0,0.38999999999999996,1.5,129.8827334897117,0.022641793082740728,True,True,False
9.945,0.031106757766064166,0.372901367892445,0.00553315150780849,-0.03503469417640517,0.0,-0.0001756369979624532,0.0060725723662952424,0.0,0.3885420475803583,-0.024999999999999994,0.0,0.38999999999999996,1.5,129.88273385791635,0.022392083556732938,True,True,False
9.950000000000001,0.031134403556184163,0.3713761806058971,0.005940294253760607,-0.0360106149816562,0.0,-0.0001987880196950307,0.006100545347370978,0.0,0.3885483926510744,-0.024999999999999994,0.0,0.38999999999999996,1.5,129.88245306591725,0.023681782212065645,True,True,False
9.955,0.03116410617873366,0.3698241783114608,0.006346947770783538,-0.0360106149816562,0.0,-0.0001987880196950307,0.006130580079556941,0.0,0.38855483640037586,-0.024999999999999994,0.0,0.38999999999999996,1.5,129.88245353030408,0.023378379240268865,True,True,False
9.96,0.031195859161963813,0.36824540142664086,0.0067529515086490475,-0.0360106149816562,0.0,-0.0001987880196950307,0.006162669928243075,0.0,0.3885613785082737,-0.024999999999999994,0.0,0.38999999999999996,1.5,129.88245403688958,0.023077015595541112,True,True,False
9.965,0.03122965590807248,0.3666399034922694,0.007158162060598518,-0.0360106149816562,0.0,-0.0001987880196950307,0.006196808140320587,0.0,0.38856801885744474,-0.024999999999999994,0.0,0.38999999999999996,1.5,129.88245458471866,0.022777553655851435,True,True,False
9.97,0.031265489696531194,0.36500773349822785,0.007562461971901337,-0.0360106149816562,0.0,-0.0001987880196950307,0.0062329878390015026,0.0,0.3885747573495425,-0.024999999999999994,0.0,0.38999999999999996,1.5,129.88245517285648,0.022479862046259746,True,True,False
9.975,0.03130335368362853,0.36334893561426984,0.007965752978774977,-0.0360106149816562,0.0,-0.0001987880196950307,0.006271202023516442,0.0,0.38858159390625907,-0.024999999999999994,0.0,0.38999999999999996,1.5,129.88245580038767,0.022183814973111043,True,True,False
9.98,0.03134324090197605,0.3616635492155862,0.00836795123748607,-0.0360106149816562,0.0,-0.0001987880196950307,0.006311443568719682,0.0,0.38858852846922515,-0.024999999999999994,0.0,0.38999999999999996,1.5,129.8824564664161,0.021889291739554877,True,True,False
9.985,0.03138514425998784,0.3599516091264624,0.0087689838970391,-0.0360106149816562,0.0,-0.0001987880196950307,0.006353705224630024,0.0,0.38859556099909753,-0.024999999999999994,0.0,0.38999999999999996,1.5,129.88245717006407,0.02159617638409871,True,True,False
9.99,0.03142905654136537,0.35821314599487086,0.00916878659718253,-0.0360106149816562,0.0,-0.0001987880196950307,0.0063979796159499835,0.0,0.3886026914740361,-0.024999999999999994,0.0,0.38999999999999996,1.5,129.88245791047177,0.021304357402713338,True,True,False
9.995000000000001,0.03147497040459869,0.3564481867967993,0.009567301615266187,-0.0360106149816562,0.0,-0.0001987880196950307,0.006444259241584538,0.0,0.3886099198877801,-0.024999999999999994,0.0,0.38999999999999996,1.5,129.88245868679672,0.021013727527922643,True,True,False
10.0,0.03152287838249942,0.35465675538609487,0.009964476475609056,-0.037464929019709235,0.0,-0.00021602016344757224,0.006492536474181132,0.0,0.38861724624743926,-0.024999999999999994,0.0,0.38999999999999996,1.5,129.88226964786062,0.02301688443901828,True,True,False
10.005,0.03157277286803427,0.35283884589867254,0.010360252329455128,-0.037464929019709235,0.0,-0.00021602016344757224,0.006542803543539283,0.0,0.3886246705157793,-0.024999999999999994,0.0,0.38999999999999996,1.5,129.88227057517602,0.022646044678882808,True,True,False
10.01,0.031624646107188535,0.35099445128044665,0.01075458846891909,-0.037464929019709235,0.0,-0.00021602016344757224,0.006595052531830736,0.0,0.3886321926613109,-0.024999999999999994,0.0,0.38999999999999996,1.5,129.8822715527408,0.022278261945220652,True,True,False
10.015,0.03167849022355774,0.34912359667508747,0.011147442086155916,-0.037464929019709235,0.0,-0.00021602016344757224,0.006649275399653765,0.0,0.3886398126890334,-0.024999999999999994,0.0,0.38999999999999996,1.5,129.88227257911976,0.021913405700165006,True,True,False
10.02,0.03173429721527516,0.34722631200597165,0.01153877312326575,-0.037464929019709235,0.0,-0.00021602016344757224,0.006705463980711535,0.0,0.3886475305862147,-0.024999999999999994,0.0,0.38999999999999996,1.5,129.882273652903,0.021551351331975208,True,True,False
10.025,0.031792058955297,0.34530263075853473,0.011928543737879906,-0.037464929019709235,0.0,-0.00021602016344757224,0.006763609982449431,0.0,0.38865534632714616,-0.024999999999999994,0.0,0.38999999999999996,1.5,129.8822747727052,0.021191979230963057,True,True,False
10.03,0.031851767191595576,0.34335258922552103,0.012316717890596232,-0.037464929019709235,0.0,-0.00021602016344757224,0.006823704986514634,0.0,0.38866325987608347,-0.024999999999999994,0.0,0.38999999999999996,1.5,129.88227593716562,0.0208351741397388,True,True,False
10.035,0.03191341354728513,0.3413762260835002,0.012703261024594521,-0.037464929019709235,0.0,-0.00021602016344757224,0.006885740449088046,0.0,0.38867127118890543,-0.024999999999999994,0.0,0.38999999999999996,1.5,129.88227714494766,0.020480824690022558,True,True,False
10.040000000000001,0.0319769895207177,0.33937358220355196,0.013088139815338485,-0.037464929019709235,0.0,-0.00021602016344757224,0.006949707701142338,0.0,0.38867938021381765,-0.024999999999999994,0.0,0.38999999999999996,1.5,129.8822783947383,0.020128823066487667,True,True,False
10.045,0.032042486485573035,0.3373447006480112,0.013471321973875024,-0.037464929019709235,0.0,-0.00021602016344757224,0.0070155979486624664,0.0,0.38868758689135974,-0.024999999999999994,0.0,0.38999999999999996,1.5,129.88227968524816,0.019779064757482062,True,True,False
10.05,0.032109895690959935,0.33528962678158497,0.013852776091382728,-0.03922847161866174,0.0,-0.00022756246784544148,0.007083402272856532,0.0,0.3886958911539321,-0.024999999999999994,0.0,0.38999999999999996,1.5,129.88217577419783,0.02221159049102548,True,True,False
10.055,0.03217920824056791,0.333208375337497,0.014232465149821837,-0.03922847161866174,0.0,-0.00022756246784544148,0.007153111611395702,0.0,0.38870429297487247,-0.024999999999999994,0.0,0.38999999999999996,1.5,129.8821772897259,0.02176624247160408,True,True,False
10.06,0.03225041508906364,0.33110096464931227,0.014610357603925492,-0.03922847161866174,0.0,-0.00022756246784544148,0.007224716752680299,0.0,0.38871279231418165,-0.024999999999999994,0.0,0.38999999999999996,1.5,129.88217886411735,0.02132546884600778,True,True,False
10.065,0.03232350707667687,0.3289674567838634,0.014986423399309435,-0.03922847161866174,0.0,-0.00022756246784544148,0.0072982083675081355,0.0,0.38872138904079173,-0.024999999999999994,0.0,0.38999999999999996,1.5,129.88218049525452,0.020889129931569717,True,True,False
10.07,0.03239847492167784,0.32680792367255285,0.015360633511027124,-0.03922847161866174,0.0,-0.00022756246784544148,0.00737357700389582,0.0,0.3887300829856183,-0.024999999999999994,0.0,0.38999999999999996,1.5,129.8821821810574,0.02045709161616019,True,True,False
10.075000000000001,0.03247530922130013,0.32462244520173217,0.015732959744064315,-0.03922847161866174,0.0,-0.00022756246784544148,0.007450813088467428,0.0,0.3887388739490389,-0.024999999999999994,0.0,0.38999999999999996,1.5,129.88218391948323,0.02002922429173941,True,True,False
10.08,0.03255400045251646,0.3224111078568684,0.016103374583853722,-0.03922847161866174,0.0,-0.00022756246784544148,0.007529906927593838,0.0,0.38874776170617376,-0.024999999999999994,0.0,0.38999999999999996,1.5,129.8821857085265,0.019605402121730064,True,True,False
10.085,0.03263453897271331,0.32017400379172867,0.01647185108434574,-0.03922847161866174,0.0,-0.00022756246784544148,0.007610848708353601,0.0,0.3887567460104963,-0.024999999999999994,0.0,0.38999999999999996,1.5,129.88218754621883,0.019185502535270425,True,True,False
10.09,0.03271691502029788,0.31791123020495915,0.01683836278418777,-0.03922847161866174,0.0,-0.00022756246784544148,0.0076936284993711634,0.0,0.3887658265962601,-0.024999999999999994,0.0,0.38999999999999996,1.5,129.88218943062907,0.01876940587575817,True,True,False
10.095,0.03280111871527525,0.3156228889398511,0.017202883643918705,-0.03922847161866174,0.0,-0.00022756246784544148,0.00777823625158261,0.0,0.38877500317999747,-0.024999999999999994,0.0,0.38999999999999996,1.5,129.88219135986287,0.018356995154687736,True,True,False
10.1,0.03288714005981325,0.31330908626187054,0.01756538799888454,-0.04113263390899796,0.0,-0.00023371653587724473,0.007864661798959949,0.0,0.3887842754613992,-0.024999999999999994,0.0,0.38999999999999996,1.5,129.88216499437996,0.020949938821571572,True,True,False
10.105,0.032974968913821685,0.3109698968740192,0.017925846793663797,-0.04113263390899796,0.0,-0.00023371653587724473,0.007952894839075242,0.0,0.3887936432565965,-0.024999999999999994,0.0,0.38999999999999996,1.5,129.88216722522495,0.020436829973299056,True,True,False
10.11,0.03306459499391679,0.30860540066316006,0.018284230202131883,-0.04113263390899796,0.0,-0.00023371653587724473,0.008042924926985856,0.0,0.38880310636173265,-0.024999999999999994,0.0,0.38999999999999996,1.5,129.88216952062314,0.019929906482058318,True,True,False
10.115,0.033156007913342694,0.30621572584089674,0.018640512896053667,-0.04113263390899796,0.0,-0.00023371653587724473,0.008134741509506466,0.0,0.38881266439123846,-0.024999999999999994,0.0,0.38999999999999996,1.5,129.8821718776921,0.019429010135175628,True,True,False
10.120000000000001,0.033249197171845095,0.3038010120006753,0.018994670339178326,-0.04113263390899796,0.0,-0.00023371653587724473,0.008228333920371922,0.0,0.3888223169150859,-0.024999999999999994,0.0,0.38999999999999996,1.5,129.88217429360648,0.01893398802309343,True,True,False
10.125,0.03334415215704842,0.3013614078117912,0.01934667863118526,-0.04113263390899796,0.0,-0.00023371653587724473,0.00832369138209832,0.0,0.38883206346787874,-0.024999999999999994,0.0,0.38999999999999996,1.5,129.8821767655977,0.01844469142982847,True,True,False
10.13,0.033440862145657224,0.29889706931405446,0.019696514393118893,-0.04113263390899796,0.0,-0.00023371653587724473,0.008420803007558125,0.0,0.38884190355546494,-0.024999999999999994,0.0,0.38999999999999996,1.5,129.8821792909542,0.01796097508378741,True,True,False
10.135,0.033539316304517314,0.29640815867820497,0.020044154683678955,-0.04113263390899796,0.0,-0.00023371653587724473,0.008519657801334346,0.0,0.3888518366597445,-0.024999999999999994,0.0,0.38999999999999996,1.5,129.8821818670209,0.01748269665314548,True,True,False
10.14,0.03363950369159041,0.2938948433266021,0.02038957693831606,-0.04113263390899796,0.0,-0.00023371653587724473,0.008620244660926396,0.0,0.38886186224209224,-0.024999999999999994,0.0,0.38999999999999996,1.5,129.88218449119984,0.0170097164071731,True,True,False
10.145,0.03374141325687099,0.2913572953037472,0.020732758925107387,-0.04113263390899796,0.0,-0.00023371653587724473,0.008722552377852716,0.0,0.38887197974578025,-0.024999999999999994,0.0,0.38999999999999996,1.5,129.8821871609494,0.01654189699043357,True,True,False
10.15,0.0338450338432702,0.28879569082971884,0.02107367871294243,-0.043043516627034234,0.0,-0.0002348585323257114,0.008826569638686554,0.0,0.388882188597663,-0.024999999999999994,0.0,0.38999999999999996,1.5,129.88223046116065,0.01909144395530534,True,True,False
10.155,0.03395035416108385,0.28621017395046444,0.02141231298099258,-0.043043516627034234,0.0,-0.0002348585323257114,0.008932285006058388,0.0,0.3888924884060882,-0.024999999999999994,0.0,0.38999999999999996,1.5,129.88223349566428,0.018525435539752905,True,True,False
10.16,0.034057362788643554,0.2836008933109988,0.021748633459803938,-0.043043516627034234,0.0,-0.0002348585323257114,0.009039686912555495,0.0,0.388902878761266,-0.024999999999999994,0.0,0.38999999999999996,1.5,129.88223659490075,0.01796703475321167,True,True,False
10.165000000000001,0.0341660482138219,0.28096804535324493,0.022082618445205166,-0.043043516627034234,0.0,-0.0002348585323257114,0.009148763695167844,0.0,0.38891335901016477,-0.024999999999999994,0.0,0.38999999999999996,1.5,129.88223975527845,0.01741606171590358,True,True,False
10.17,0.03427639882273449,0.2783118370869972,0.02241424695611215,-0.043043516627034234,0.0,-0.0002348585323257114,0.00925950359085434,0.0,0.38892392845805046,-0.024999999999999994,0.0,0.38999999999999996,1.5,129.88224297328722,0.01687234078831011,True,True,False
10.175,0.034388402901395776,0.2756324836317061,0.022743498611275212,-0.043043516627034234,0.0,-0.0002348585323257114,0.00937189473862185,0.0,0.3889345863780552,-0.024999999999999994,0.0,0.38999999999999996,1.5,129.88224624549764,0.016335701379566584,True,True,False
10.18,0.0345020486371946,0.27293020637062415,0.023070353518036074,-0.043043516627034234,0.0,-0.0002348585323257114,0.009485925181323795,0.0,0.3889453320183679,-0.024999999999999994,0.0,0.38999999999999996,1.5,129.88224956856092,0.015805976423172618,True,True,False
10.185,0.03461732412019106,0.27020523161023335,0.023394792194101566,-0.043043516627034234,0.0,-0.0002348585323257114,0.009601582867200031,0.0,0.38895616460749227,-0.024999999999999994,0.0,0.38999999999999996,1.5,129.88225293920848,0.015283001744591386,True,True,False
10.19,0.0347342173443041,0.2674577895693024,0.023716795511646085,-0.043043516627034234,0.0,-0.0002348585323257114,0.00971885565124847,0.0,0.3889670833580932,-0.024999999999999994,0.0,0.38999999999999996,1.5,129.88225635425178,0.014766615746335619,True,True,False
10.195,0.03485271620842648,0.26468811367234674,0.024036344656787983,-0.043043516627034234,0.0,-0.0002348585323257114,0.009837731296479413,0.0,0.3889780874697835,-0.024999999999999994,0.0,0.38999999999999996,1.5,129.8822598105818,0.014256659206187468,True,True,False
10.200000000000001,0.03497280851748989,0.2618964400096234,0.024353421100313043,-0.04487436688350227,0.0,-0.00023143497701697016,0.009958197475086528,0.0,0.3889891761311347,-0.024999999999999994,0.0,0.38999999999999996,1.5,129.88236488974164,0.016639114419683534,True,True,False
10.205,0.03509448195747761,0.2590829723659949,0.024668006681344567,-0.04487436688350227,0.0,-0.00023143497701697016,0.010080241750538843,0.0,0.38900034876708256,-0.024999999999999994,0.0,0.38999999999999996,1.5,129.8823687501427,0.016037970067592503,True,True,False
10.21,0.03521772409704139,0.2562479174493099,0.024980075114165615,-0.04487436688350227,0.0,-0.00023143497701697016,0.010203851571742528,0.0,0.3890116047905564,-0.024999999999999994,0.0,0.38999999999999996,1.5,129.88237266888697,0.015445517383300501,True,True,False
10.215,0.035342522428022265,0.2533915262628865,0.025289608116532344,-0.04487436688350227,0.0,-0.00023143497701697016,0.010329014306066364,0.0,0.38902294332968057,-0.024999999999999994,0.0,0.38999999999999996,1.5,129.8823766418445,0.014861557203311303,True,True,False
10.22,0.03546886435405986,0.25051405829739126,0.025596588090860652,-0.04487436688350227,0.0,-0.00023143497701697016,0.010455717235378137,0.0,0.3890343634785238,-0.024999999999999994,0.0,0.38999999999999996,1.5,129.88238066499156,0.014285895508956505,True,True,False
10.225,0.035596737192360214,0.2476157791191897,0.025900997992257316,-0.04487436688350227,0.0,-0.00023143497701697016,0.010583947558138074,0.0,0.38904586430648425,-0.024999999999999994,0.0,0.38999999999999996,1.5,129.88238473440953,0.013718342407707137,True,True,False
10.23,0.03572612817525415,0.24469695859108054,0.026202821231441326,-0.04487436688350227,0.0,-0.00023143497701697016,0.010713692391191021,0.0,0.3890574448652342,-0.024999999999999994,0.0,0.38999999999999996,1.5,129.8823888462846,0.013158711459591289,True,True,False
10.235,0.03585702445158613,0.24175786955153258,0.026502041603578403,-0.04487436688350227,0.0,-0.00023143497701697016,0.010844938771321033,0.0,0.3890691041938583,-0.024999999999999994,0.0,0.38999999999999996,1.5,129.88239299690667,0.012606819237069637,True,True,False
10.24,0.03598941308798926,0.2387987868514651,0.026798643236243324,-0.04487436688350227,0.0,-0.00023143497701697016,0.010977673656639902,0.0,0.3890808413225932,-0.024999999999999994,0.0,0.38999999999999996,1.5,129.8823971826688,0.01206248504257599,True,True,False
10.245000000000001,0.03612328107007398,0.23581998664014142,0.02709261055143788,-0.04487436688350227,0.0,-0.00023143497701697016,0.011111883927851174,0.0,0.3890926552755597,-0.024999999999999994,0.0,0.38999999999999996,1.5,129.88240140006624,0.011525530732560685,True,True,False
10.25,0.03625861530356103,0.2328217458550704,0.02738392823790541,-0.046582711074146174,0.0,-0.00022395384924951366,0.011247556389429259,0.0,0.3891045450727275,-0.024999999999999994,0.0,0.38999999999999996,1.5,129.88256044121792,0.013688763634078005,True,True,False
10.255,0.036395402590788904,0.22980430951584505,0.02767258287302063,-0.046582711074146174,0.0,-0.00022395384924951366,0.011384677753051436,0.0,0.3891165100157853,-0.024999999999999994,0.0,0.38999999999999996,1.5,129.88256507575144,0.013069398606530062,True,True,False
10.26,0.03653362963270979,0.2267679236353911,0.027958550381043622,-0.046582711074146174,0.0,-0.00022395384924951366,0.011523234632140777,0.0,0.38912854940151276,-0.024999999999999994,0.0,0.38999999999999996,1.5,129.88256975617364,0.01245943769600883,True,True,False
10.265,0.03667328306697596,0.22371287391408898,0.028241815706440253,-0.046582711074146174,0.0,-0.00022395384924951366,0.01166321357269659,0.0,0.38914066221229204,-0.024999999999999994,0.0,0.38999999999999996,1.5,129.88257447804946,0.011858666964566417,True,True,False
10.27,0.03681434945708066,0.220639452237495,0.028522364420721296,-0.046582711074146174,0.0,-0.00022395384924951366,0.011804601049716174,0.0,0.3891528474049578,-0.024999999999999994,0.0,0.38999999999999996,1.5,129.88257923707235,0.011266877671843204,True,True,False
10.275,0.03695681529412871,0.21754795447078235,0.028800182590976386,-0.046582711074146174,0.0,-0.00022395384924951366,0.011947383469185363,0.0,0.38916510391945197,-0.024999999999999994,0.0,0.38999999999999996,1.5,129.88258402906249,0.010683865230737992,True,True,False
10.28,0.03710066699833376,0.2144386789744946,0.02907525667701854,-0.046582711074146174,0.0,-0.00022395384924951366,0.01209154716970784,0.0,0.3891774306846286,-0.024999999999999994,0.0,0.38999999999999996,1.5,129.88258884996594,0.010109428390657083,True,True,False
10.285,0.03724589092045562,0.21131192534991267,0.02934757352585215,-0.046582711074146174,0.0,-0.00022395384924951366,0.012237078424035625,0.0,0.3891898266230619,-0.024999999999999994,0.0,0.38999999999999996,1.5,129.88259369585305,0.009543369395379232,True,True,False
10.290000000000001,0.03739247334312922,0.2081679934688037,0.029617120294675586,-0.046582711074146174,0.0,-0.00022395384924951366,0.012383963440456058,0.0,0.3892022906548907,-0.024999999999999994,0.0,0.38999999999999996,1.5,129.88259856291668,0.008985493512002889,True,True,False
10.295,0.037540400482058194,0.2050071828035021,0.029883884412324004,-0.046582711074146174,0.0,-0.00022395384924951366,0.01253218836400391,0.0,0.3892148217003478,-0.024999999999999994,0.0,0.38999999999999996,1.5,129.88260344747096,0.008435608845814502,True,True,False
10.3,0.037689658487144395,0.20182979196408085,0.030147853552807802,-0.04815921737799851,0.0,-0.00021297200370701494,0.012681739277585674,0.0,0.38922741868154026,-0.024999999999999994,0.0,0.38999999999999996,1.5,129.8828086878441,0.010378644787404148,True,True,False
10.305,0.03784023342092772,0.19863608847979874,0.030409018547269174,-0.04815921737799851,0.0,-0.00021297200370701494,0.012832602186723802,0.0,0.3892400808389066,-0.024999999999999994,0.0,0.38999999999999996,1.5,129.88281398049725,0.009754991933135192,True,True,False
10.31,0.0379921112605068,0.19542633925237637,0.03066735757274882,-0.04815921737799851,0.0,-0.00021297200370701494,0.012984763014531525,0.0,0.3892528074139784,-0.024999999999999994,0.0,0.38999999999999996,1.5,129.88281930212287,0.009141118677174067,True,True,False
10.315,0.03814527793257949,0.19220084634246848,0.030922858551525302,-0.04815921737799851,0.0,-0.00021297200370701494,0.013138207630198323,0.0,0.3892655973109943,-0.024999999999999994,0.0,0.38999999999999996,1.5,129.8828246482215,0.008536802027372184,True,True,False
10.32,0.038299719303507396,0.188959916031301,0.031175509973535395,-0.04815921737799851,0.0,-0.00021297200370701494,0.013292921845715983,0.0,0.38927844941594836,-0.024999999999999994,0.0,0.38999999999999996,1.5,129.88283001443932,0.007941824275548525,True,True,False
10.325000000000001,0.038455421181032116,0.18570385680460086,0.03142530078700191,-0.04815921737799851,0.0,-0.00021297200370701494,0.013448891417728592,0.0,0.38929136260450725,-0.024999999999999994,0.0,0.38999999999999996,1.5,129.88283539656578,0.007355972130619157,True,True,False
10.33,0.03861236931578756,0.1824329778689675,0.03167222031779793,-0.04815921737799851,0.0,-0.00021297200370701494,0.013606102049118635,0.0,0.38930433574778384,-0.024999999999999994,0.0,0.38999999999999996,1.5,129.88284079053136,0.006779036147710034,True,True,False
10.335,0.03877054940264506,0.17914758807004716,0.031916258210166554,-0.04815921737799851,0.0,-0.00021297200370701494,0.013764539390382663,0.0,0.3893173677165466,-0.024999999999999994,0.0,0.38999999999999996,1.5,129.88284619240562,0.0062108103570341355,True,True,False
10.34,0.03892994708193937,0.17584799512376834,0.03215740438322895,-0.04815921737799851,0.0,-0.00021297200370701494,0.013924189040855406,0.0,0.3893304573842151,-0.024999999999999994,0.0,0.38999999999999996,1.5,129.88285159839495,0.005651092027232626,True,True,False
10.345,0.03909054794061114,0.17253450505931722,0.03239564899912302,-0.04815921737799851,0.0,-0.00021297200370701494,0.014085036549826707,0.0,0.38934360362894915,-0.024999999999999994,0.0,0.38999999999999996,1.5,129.8828570048401,0.0050996815191188885,True,True,False
10.35,0.0392523375132835,0.16920742188449153,0.03263098243969289,-0.04961430314129865,0.0,-0.00019907976745322855,0.014247067417575837,0.0,0.3893568053350808,-0.024999999999999994,0.0,0.38999999999999996,1.5,129.88310070321594,0.006850061839466449,True,True,False
10.355,0.03941530126275132,0.16586701963952838,0.032863399242434616,-0.04961430314129865,0.0,-0.00019907976745322855,0.014410267081236078,0.0,0.3893700617339088,-0.024999999999999994,0.0,0.38999999999999996,1.5,129.88310649390465,0.006232364553038848,True,True,False
10.36,0.03957942458147312,0.16251357066935,0.033092879773632934,-0.04961430314129865,0.0,-0.00019907976745322855,0.014574620910204339,0.0,0.38938337206182605,-0.024999999999999994,0.0,0.38999999999999996,1.5,129.8831122942187,0.0056245609838095414,True,True,False
10.365,0.03974469282348643,0.15914737871299953,0.03331941464431883,-0.04961430314129865,0.0,-0.00019907976745322855,0.014740114232511259,0.0,0.3893967351988967,-0.024999999999999994,0.0,0.38999999999999996,1.5,129.8831180998002,0.005026424693626613,True,True,False
10.370000000000001,0.0399110912956062,0.15576875038548246,0.03354299497421922,-0.04961430314129865,0.0,-0.00019907976745322855,0.01490673233174794,0.0,0.38941015001192064,-0.024999999999999994,0.0,0.38999999999999996,1.5,129.8831239064474,0.004437734612494009,True,True,False
10.375,0.040078605259111805,0.1523779936893672,0.03376361228244773,-0.04961430314129865,0.0,-0.00019907976745322855,0.015074460448804061,0.0,0.3894236153602462,-0.024999999999999994,0.0,0.38999999999999996,1.5,129.88312971011163,0.0038582742583034603,True,True,False
10.38,0.04024721993122546,0.14897541667683417,0.03398125846288085,-0.04961430314129865,0.0,-0.00019907976745322855,0.015243283783375666,0.0,0.3894371301010664,-0.024999999999999994,0.0,0.38999999999999996,1.5,129.883135506895,0.003287831032881206,True,True,False
10.385,0.04041692048637565,0.14556132615148487,0.03419592570335587,-0.04961430314129865,0.0,-0.00019907976745322855,0.01541318749524001,0.0,0.3894506930943553,-0.024999999999999994,0.0,0.38999999999999996,1.5,129.88314129304712,0.0027261959922416854,True,True,False
10.39,0.04058769205736415,0.14213602699893507,0.03440760644198734,-0.04961430314129865,0.0,-0.00019907976745322855,0.015584156705392122,0.0,0.38946430320553777,-0.024999999999999994,0.0,0.38999999999999996,1.5,129.88314706496246,0.002173163641347238,True,True,False
10.395,0.0407595197364477,0.13869982172491666,0.034616293338316825,-0.04961430314129865,0.0,-0.00019907976745322855,0.01575617649707864,0.0,0.38947795930729007,-0.024999999999999994,0.0,0.38999999999999996,1.5,129.88315281917735,0.001628531795312492,True,True,False
10.4,0.04093238857636169,0.13525301014797697,0.034821979252331395,-0.05096623097763203,0.0,-0.00018288499447229823,0.015929231916761377,0.0,0.389491660280691,-0.024999999999999994,0.0,0.38999999999999996,1.5,129.88342721924246,0.003223135785019364,True,True,False
10.405,0.04110628357281855,0.13179586346531125,0.03502466193085874,-0.05096623097763203,0.0,-0.00018288499447229823,0.01610330796086676,0.0,0.38950540537495854,-0.024999999999999994,0.0,0.38999999999999996,1.5,129.8834333260853,0.002618232721498616,True,True,False
10.41,0.041281189665331425,0.12832865059926987,0.03522432390084179,-0.05096623097763203,0.0,-0.00018288499447229823,0.01627838957163616,0.0,0.38951919384643546,-0.024999999999999994,0.0,0.38999999999999996,1.5,129.88343942267002,0.002023156082101265,True,True,False
10.415000000000001,0.04145709176618698,0.12485166902508525,0.0354209582404051,-0.05096623097763203,0.0,-0.00018288499447229823,0.016454461661763703,0.0,0.3895330245794341,-0.024999999999999994,0.0,0.38999999999999996,1.5,129.88344550493161,0.001437680484889306,True,True,False
10.42,0.04163397475288826,0.12136521824791897,0.035614558499088005,-0.05096623097763203,0.0,-0.00018288499447229823,0.016631509111433435,0.0,0.3895468964480692,-0.024999999999999994,0.0,0.38999999999999996,1.5,129.88345156896608,0.000861585929658213,True,True,False
10.425,0.041811823469721204,0.11786959816364702,0.03580511860777554,-0.05096623097763203,0.0,-0.00018288499447229823,0.016809516769914018,0.0,0.3895608083227018,-0.024999999999999994,0.0,0.38999999999999996,1.5,129.88345761102667,0.0002946570455214584,True,True,False
10.43,0.04199062272912475,0.11436510785861062,0.035992632812526695,-0.05096623097763203,0.0,-0.00018288499447229823,0.016988469456924143,0.0,0.38957475907459754,-0.024999999999999994,0.0,0.38999999999999996,1.5,129.88346362752068,0.00026331740843671403,True,True,False
10.435,0.042170357312913985,0.11085204477189126,0.03617709562615289,-0.05096623097763203,0.0,-0.00018288499447229823,0.01716835196382746,0.0,0.38958874757920786,-0.024999999999999994,0.0,0.38999999999999996,1.5,129.88346961500605,0.0008125448718359699,True,True,False
10.44,0.042351011973389766,0.1073307041078288,0.036358501792917663,-0.05096623097763203,0.0,-0.00018288499447229823,0.01734914905469756,0.0,0.38960277271844407,-0.024999999999999994,0.0,0.38999999999999996,1.5,129.88347557018793,0.0013532291969078382,True,True,False
10.445,0.04253257143437382,0.10380137845524638,0.036536846262905105,-0.05096623097763203,0.0,-0.00018288499447229823,0.017530845467296996,0.0,0.38961683338217523,-0.024999999999999994,0.0,0.38999999999999996,1.5,129.8834814899154,0.0018855707853453682,True,True,False
10.450000000000001,0.042715020392184354,0.10026435753642314,0.03671212417350113,-0.05223265521515412,0.0,-0.00016499614172474318,0.01771342591398925,0.0,0.3896309284691589,-0.024999999999999994,0.0,0.38999999999999996,1.5,129.88377882108705,0.00041354269024574536,True,True,False
10.455,0.04289834350005489,0.09671990396046712,0.036884336025439425,-0.05223265521515412,0.0,-0.00016499614172474318,0.01789687506917137,0.0,0.3896450572601027,-0.024999999999999994,0.0,0.38999999999999996,1.5,129.88378505897643,0.0010014271835085756,True,True,False
10.46,0.0430825253681367,0.09316827788385032,0.03705346649980913,-0.05223265521515412,0.0,-0.00016499614172474318,0.018081177565563544,0.0,0.38965921904318634,-0.024999999999999994,0.0,0.38999999999999996,1.5,129.88379126763448,0.0015796642107357567,True,True,False
10.465,0.04326755058979647,0.08960976605411974,0.03721951095289582,-0.05223265521515412,0.0,-0.00016499614172474318,0.01826631801749251,0.0,0.38967341272253714,-0.024999999999999994,0.0,0.38999999999999996,1.5,129.88379744338638,0.002148474575244568,True,True,False
10.47,0.043453403735356146,0.08604465687743795,0.037382465182181045,-0.05223265521515412,0.0,-0.00016499614172474318,0.018452281017972055,0.0,0.3896876371932359,-0.024999999999999994,0.0,0.38999999999999996,1.5,129.88380358271763,0.0027080737239986823,True,True,False
10.475,0.043640069353841744,0.08247323920470297,0.037542325429563275,-0.05223265521515412,0.0,-0.00016499614172474318,0.01863905114044928,0.0,0.3897018913463682,-0.024999999999999994,0.0,0.38999999999999996,1.5,129.88380968227017,0.0032586723486353157,True,True,False
10.48,0.043827531974756834,0.07889580154112222,0.0376990882202499,-0.05223265521515412,0.0,-0.00016499614172474318,0.018826612940551157,0.0,0.38971617407192555,-0.024999999999999994,0.0,0.38999999999999996,1.5,129.88381573883873,0.0038004770295467366,True,True,False
10.485,0.044015776108763664,0.07531263069537422,0.03785275028311279,-0.05223265521515412,0.0,-0.00016499614172474318,0.019014950956747545,0.0,0.3897304842640607,-0.024999999999999994,0.0,0.38999999999999996,1.5,129.88382174936717,0.0043336905823369055,True,True,False
10.49,0.04420478624864248,0.07172401122569483,0.03800330856478891,-0.05223265521515412,0.0,-0.00016499614172474318,0.01920404971126566,0.0,0.3897448208234863,-0.024999999999999994,0.0,0.38999999999999996,1.5,129.8838277109445,0.0048585121896586,True,True,False
10.495000000000001,0.04439454687028413,0.06813022503887851,0.03815076020721922,-0.05223265521515412,0.0,-0.00016499614172474318,0.019393893711027455,0.0,0.38975918265873943,-0.024999999999999994,0.0,0.38999999999999996,1.5,129.88383362080145,0.0053751375322748825,True,True,False
10.5,0.044585042433633204,0.06453155124080395,0.038295102531527236,-0.05342600891487301,0.0,-0.00014600677451759314,0.01958446744853337,0.0,0.3897735686869217,-0.024999999999999994,0.0,0.38999999999999996,1.5,129.88414613372325,0.004002740702185089,True,True,False
10.505,0.044776257368921865,0.06092824326428957,0.038436338468029276,-0.05342600891487301,0.0,-0.00014600677451759314,0.019775755389833977,0.0,0.38978797821413036,-0.024999999999999994,0.0,0.38999999999999996,1.5,129.88415232682118,0.004571053179915935,True,True,False
10.51,0.04496817607579618,0.057320552196258534,0.038574454948058744,-0.05342600891487301,0.0,-0.00014600677451759314,0.019967741971267078,0.0,0.3898024105535374,-0.024999999999999994,0.0,0.38999999999999996,1.5,129.88415847355193,0.0051299590251222965,True,True,False
10.515,0.04516078294716971,0.05370875411227483,0.03870944952190342,-0.05342600891487301,0.0,-0.00014600677451759314,0.02016041162164814,0.0,0.38981686462744064,-0.024999999999999994,0.0,0.38999999999999996,1.5,129.88416457068374,0.005679672184877929,True,True,False
10.52,0.045354062364259366,0.05009312668377005,0.038841320157462986,-0.05342600891487301,0.0,-0.00014600677451759314,0.020353748759348395,0.0,0.3898313393494851,-0.024999999999999994,0.0,0.38999999999999996,1.5,129.884170615141,0.006220401334405656,True,True,False
10.525,0.04554799869804675,0.04647394772958798,0.038970065163725726,-0.05342600891487301,0.0,-0.00014600677451759314,0.02054773779374447,0.0,0.3898458336302213,-0.024999999999999994,0.0,0.38999999999999996,1.5,129.88417660399986,0.006752350554240633,True,True,False
10.53,0.04574257631057396,0.04285149422465182,0.03909568313477674,-0.05342600891487301,0.0,-0.00014600677451759314,0.020742363126486946,0.0,0.38986034638103545,-0.024999999999999994,0.0,0.38999999999999996,1.5,129.88418253448523,0.00727571978407323,True,True,False
10.535,0.04593777955608896,0.039226041575627285,0.03921817290903221,-0.05342600891487301,0.0,-0.00014600677451759314,0.020937609152608477,0.0,0.38987487651696395,-0.024999999999999994,0.0,0.38999999999999996,1.5,129.88418840396537,0.007790705125926504,True,True,False
10.540000000000001,0.04613359278209729,0.03559786314766983,0.039337533539715766,-0.05342600891487301,0.0,-0.00014600677451759314,0.02113346026153129,0.0,0.3898894229585617,-0.024999999999999994,0.0,0.38999999999999996,1.5,129.88419420994856,0.0082974990459577,True,True,False
10.545,0.046330000330341736,0.031967229944528205,0.03945376427360586,-0.05342600891487301,0.0,-0.00014600677451759314,0.021329900837998655,0.0,0.38990398463311704,-0.024999999999999994,0.0,0.38999999999999996,1.5,129.88419995007965,0.00879629050812622,True,True,False
10.55,0.04652698653772847,0.028334410450774405,0.039566864535858365,-0.05455193516405537,0.0,-0.00012647975277951527,0.021526915262950752,0.0,0.38991856047539897,-0.024999999999999994,0.0,0.38999999999999996,1.5,129.88452001906842,0.007512551743470323,True,True,False
10.555,0.04672453572430421,0.024699648979511764,0.039676839410387466,-0.05455193516405537,0.0,-0.00012647975277951527,0.021724487901995743,0.0,0.38993314980902066,-0.024999999999999994,0.0,0.38999999999999996,1.5,129.8845260075415,0.008059582942072027,True,True,False
10.56,0.0469226321915293,0.021063187756161304,0.039783678187599286,-0.05455193516405537,0.0,-0.00012647975277951527,0.021922603102601274,0.0,0.38994775196371495,-0.024999999999999994,0.0,0.38999999999999996,1.5,129.88453193484094,0.008597481631420142,True,True,False
10.565,0.04712126024386418,0.017425292749737423,0.03988738054547453,-0.05455193516405537,0.0,-0.00012647975277951527,0.022121245215325047,0.0,0.38996236587742494,-0.024999999999999994,0.0,0.38999999999999996,1.5,129.88453779820173,0.009126453297279836,True,True,False
10.57,0.047320404185056224,0.013786231462233983,0.039987946563006256,-0.05455193516405537,0.0,-0.00012647975277951527,0.02232039859087248,0.0,0.3899769904793443,-0.024999999999999994,0.0,0.38999999999999996,1.5,129.88454359500804,0.009646698290378473,True,True,False
10.575000000000001,0.04752004831957918,0.010146271744814845,0.04008537664891031,-0.05455193516405537,0.0,-0.00012647975277951527,0.022520047581514574,0.0,0.38999162469515397,-0.024999999999999994,0.0,0.38999999999999996,1.5,129.8845493227888,0.010158412471279101,True,True,False
10.58,0.047720176953899705,0.006505680622365309,0.04017967148951684,-0.05455193516405537,0.0,-0.00012647975277951527,0.022720176542323917,0.0,0.39000626745077477,-0.024999999999999994,0.0,0.38999999999999996,1.5,129.8845549792135,0.01066178764426156,True,True,False
10.585,0.047920774397612484,0.0028647239559716313,0.040270832010875196,-0.05455193516405537,0.0,-0.00012647975277951527,0.02292076983227362,0.0,0.3900209176749889,-0.024999999999999994,0.0,0.38999999999999996,1.5,129.88456056208824,0.011157011848802967,True,True,False
10.59,0.04812182496450779,0.0007763342686304509,0.040358859415348156,-0.05455193516405537,0.0,-0.00012647975277951527,0.023121811815265403,0.0,0.390035574301239,-0.024999999999999994,0.0,0.38999999999999996,1.5,129.884566069352,0.01164426955449176,True,True,False
10.595,0.0483233130008419,0.004417234088460765,0.0404437697380375,-0.05455193516405537,0.0,-0.00012647975277951527,0.02332328688835336,0.0,0.3900502362740729,-0.024999999999999994,0.0,0.38999999999999996,1.5,129.8845714990716,0.012123741589996014,True,True,False
10.6,0.04852522293721382,0.008057720552599635,0.04052557384287853,-0.05561001133964577,0.0,-0.00010693371464686648,0.023525179533558538,0.0,0.3900649025593811,-0.024999999999999994,0.0,0.38999999999999996,1.5,129.88489177213359,0.010927857773995887,True,True,False
10.605,0.048727539213420754,0.011697562562169146,0.04060427869349061,-0.05561001133964577,0.0,-0.00010693371464686648,0.023727474242069557,0.0,0.3900795725072215,-0.024999999999999994,0.0,0.38999999999999996,1.5,129.8848974148819,0.011452140123889246,True,True,False
10.61,0.04893024626209719,0.015336530543165292,0.0406798760003332,-0.05561001133964577,0.0,-0.00010693371464686648,0.02393015549802016,0.0,0.39009424547227534,-0.024999999999999994,0.0,0.38999999999999996,1.5,129.88490298417986,0.01196758361968648,True,True,False
10.615,0.049133328528125284,0.01897437226478161,0.04075236746031529,-0.05561001133964577,0.0,-0.00010693371464686648,0.024133207798740397,0.0,0.39010892042272244,-0.024999999999999994,0.0,0.38999999999999996,1.5,129.8849084777353,0.012474384069260804,True,True,False
10.620000000000001,0.04933677046607887,0.022610833875948637,0.04082175515443389,-0.05561001133964577,0.0,-0.00010693371464686648,0.02433661565179418,0.0,0.39012359631746213,-0.024999999999999994,0.0,0.38999999999999996,1.5,129.88491389339583,0.012972732349197918,True,True,False
10.625,0.04954055654162374,0.026245660920820937,0.04088804148133845,-0.05561001133964577,0.0,-0.00010693371464686648,0.024540363576351726,0.0,0.3901382721110788,-0.024999999999999994,0.0,0.38999999999999996,1.5,129.8849192291445,0.013462815016676736,True,True,False
10.63,0.04974467123275252,0.029878599444468374,0.040951229108797095,-0.05561001133964577,0.0,-0.00010693371464686648,0.024744436104392947,0.0,0.39015294675741574,-0.024999999999999994,0.0,0.38999999999999996,1.5,129.88492448309609,0.013944814722323996,True,True,False
10.635,0.049949099030890724,0.03350939654483465,0.041011320938416015,-0.05561001133964577,0.0,-0.00010693371464686648,0.02494881778178004,0.0,0.3901676192120938,-0.024999999999999994,0.0,0.38999999999999996,1.5,129.88492965349243,0.014418910488685658,True,True,False
10.64,0.05015382444191022,0.037137800829528944,0.04106832008012415,-0.05561001133964577,0.0,-0.00010693371464686648,0.02515349316923693,0.0,0.3901822884342364,-0.024999999999999994,0.0,0.38999999999999996,1.5,129.88493473869931,0.014885277898173843,True,True,False
10.645,0.050358831987076406,0.04076356266768674,0.041122229833828794,-0.05561001133964577,0.0,-0.00010693371464686648,0.025358446843262494,0.0,0.3901969533876234,-0.024999999999999994,0.0,0.38999999999999996,1.5,129.88493973720165,0.015344089220076754,True,True,False
10.65,0.05056410620394877,0.04438643442872144,0.04117305367632643,-0.05659332758408102,0.0,-8.782832372813086e-05,0.025563663396998088,0.0,0.39021161304139174,-0.024999999999999994,0.0,0.38999999999999996,1.5,129.88525323718733,0.014245619058605892,True,True,False
10.655,0.050769631637593265,0.04800618936914482,0.041220800381459616,-0.05659332758408102,0.0,-8.782832372813086e-05,0.025769127429790956,0.0,0.3902262667332133,-0.024999999999999994,0.0,0.38999999999999996,1.5,129.8852584116663,0.014745445585489878,True,True,False
10.66,0.050975392837493055,0.05162260232483653,0.04126546429390241,-0.05659332758408102,0.0,-8.782832372813086e-05,0.025974823545307446,0.0,0.39024091380514336,-0.024999999999999994,0.0,0.38999999999999996,1.5,129.88526350297434,0.015236749402803909,True,True,False
10.665000000000001,0.05118137437481178,0.0552354272278495,0.04130704918783101,-0.05659332758408102,0.0,-8.782832372813086e-05,0.02618073637066215,0.0,0.3902555532262008,-0.024999999999999994,0.0,0.38999999999999996,1.5,129.88526850928983,0.015719716275707164,True,True,False
10.67,0.05138756084089473,0.058844416397483605,0.0413455592045069,-0.05659332758408102,0.0,-8.782832372813086e-05,0.026386850553483998,0.0,0.3902701839568875,-0.024999999999999994,0.0,0.38999999999999996,1.5,129.88527342892039,0.016194527269935824,True,True,False
10.675,0.05159393684863387,0.06244932179331204,0.04138099879110782,-0.05659332758408102,0.0,-8.782832372813086e-05,0.02659315076324653,0.0,0.39028480495384593,-0.024999999999999994,0.0,0.38999999999999996,1.5,129.8852782602984,0.016661359321600955,True,True,False
10.68,0.05180048703367725,0.06604989580899055,0.041413372656003394,-0.05659332758408102,0.0,-8.782832372813086e-05,0.02679962169244307,0.0,0.39029941517320643,-0.024999999999999994,0.0,0.38999999999999996,1.5,129.8852830019773,0.017120385622432198,True,True,False
10.685,0.05200719605551545,0.06964589188424797,0.04144268573619726,-0.05659332758408102,0.0,-8.782832372813086e-05,0.027006248057640375,0.0,0.3903140135729537,-0.024999999999999994,0.0,0.38999999999999996,1.5,129.88528765262743,0.01757177588040564,True,True,False
10.69,0.05221404859847958,0.07323706495871021,0.041468943173727915,-0.05659332758408102,0.0,-8.782832372813086e-05,0.027213014600445035,0.0,0.3903285991145778,-0.024999999999999994,0.0,0.38999999999999996,1.5,129.88529221103224,0.018015696496423247,True,True,False
10.695,0.05242102937267598,0.07682317170153188,0.041492150298645475,-0.05659332758408102,0.0,-8.782832372813086e-05,0.027419906088408635,0.0,0.3903431707641656,-0.024999999999999994,0.0,0.38999999999999996,1.5,129.8852966760845,0.01845231068447471,True,True,False
10.700000000000001,0.05262812311487522,0.08040397070079076,0.0415123126168043,-0.057494231246282196,0.0,-6.955255310789912e-05,0.027626907315888738,0.0,0.39035772749310116,-0.024999999999999994,0.0,0.38999999999999996,1.5,129.88559721702975,0.017461795768648022,True,True,False
10.705,0.05283531458123399,0.08397923982429038,0.04152944059056472,-0.057494231246282196,0.0,-6.955255310789912e-05,0.02783400309431977,0.0,0.3903722686225922,-0.024999999999999994,0.0,0.38999999999999996,1.5,129.88560181964505,0.0179352356769614,True,True,False
10.71,0.05304258854379311,0.08754875852239039,0.041543531299643985,-0.057494231246282196,0.0,-6.955255310789912e-05,0.02804117825078198,0.0,0.39038679347836447,-0.024999999999999994,0.0,0.38999999999999996,1.5,129.88560633192412,0.018400498825722943,True,True,False
10.715,0.05324992980562697,0.09111228720411496,0.041554590567518604,-0.057494231246282196,0.0,-6.955255310789912e-05,0.02824841764583244,0.0,0.39040130103314175,-0.024999999999999994,0.0,0.38999999999999996,1.5,129.88561075250797,0.0188577602183004,True,True,False
10.72,0.05345732320025449,0.09466958497648954,0.041562624565030654,-0.057494231246282196,0.0,-6.955255310789912e-05,0.028455706170646494,0.0,0.39041579025237966,-0.024999999999999994,0.0,0.38999999999999996,1.5,129.88561508015465,0.019307190415361362,True,True,False
10.725,0.053664753592955604,0.09822041072900724,0.04156763975459099,-0.057494231246282196,0.0,-6.955255310789912e-05,0.02866302874829385,0.0,0.3904302600985796,-0.024999999999999994,0.0,0.38999999999999996,1.5,129.88561931373525,0.0197489560593891,True,True,False
10.73,0.053872205881945606,0.10176452393799731,0.04156964284933329,-0.057494231246282196,0.0,-6.955255310789912e-05,0.028870370334876966,0.0,0.3904447095343516,-0.024999999999999994,0.0,0.38999999999999996,1.5,129.8856234522299,0.020183220230063637,True,True,False
10.735,0.05407966499942655,0.10530168520277795,0.041568640783321585,-0.057494231246282196,0.0,-6.955255310789912e-05,0.029077715920549585,0.0,0.3904591375246479,-0.024999999999999994,0.0,0.38999999999999996,1.5,129.88562749472413,0.020610142685438627,True,True,False
10.74,0.054287115912559865,0.10883165665261428,0.04156464068989499,-0.057494231246282196,0.0,-6.955255310789912e-05,0.029285050530459905,0.0,0.3904735430383037,-0.024999999999999994,0.0,0.38999999999999996,1.5,129.8856314404053,0.02102988002618373,True,True,False
10.745000000000001,0.05449454362438148,0.11235420217901439,0.041557649885982546,-0.057494231246282196,0.0,-6.955255310789912e-05,0.02949235922563953,0.0,0.39048792504903435,-0.024999999999999994,0.0,0.38999999999999996,1.5,129.88563528855866,0.021442585808030983,True,True,False
10.75,0.054701933174664784,0.11586908762860781,0.041547675860787996,-0.05830603225026525,0.0,-5.242072350743088e-05,0.029699627103842108,0.0,0.3905022825361429,-0.024999999999999994,0.0,0.38999999999999996,1.5,129.8859176343748,0.02056888108885202,True,True,False
10.755,0.05490926963404135,0.11937609642289497,0.04153473064907641,-0.05830603225026525,0.0,-5.242072350743088e-05,0.02990683929062818,0.0,0.39051661480523303,-0.024999999999999994,0.0,0.38999999999999996,1.5,129.88592158130626,0.021013893420187613,True,True,False
10.76,0.05511653810027298,0.12287501366098866,0.041518814111021284,-0.05830603225026525,0.0,-5.242072350743088e-05,0.03011398093835535,0.0,0.3905309211668847,-0.024999999999999994,0.0,0.38999999999999996,1.5,129.88592543328448,0.021451108391633274,True,True,False
10.765,0.05532372371134822,0.12636560748533712,0.04149993406647286,-0.05830603225026525,0.0,-5.242072350743088e-05,0.030321037242542037,0.0,0.39054520060424636,-0.024999999999999994,0.0,0.38999999999999996,1.5,129.88592918939798,0.021880689521889853,True,True,False
10.77,0.055530811645631804,0.12984764509955674,0.041478098659497364,-0.05830603225026525,0.0,-5.242072350743088e-05,0.03052799343913129,0.0,0.390559452094848,-0.024999999999999994,0.0,0.38999999999999996,1.5,129.88593284883873,0.022302796168293372,True,True,False
10.775,0.05573778712311988,0.13332089376089237,0.04145331630824514,-0.05830603225026525,0.0,-5.242072350743088e-05,0.030734834805702355,0.0,0.3905736746144795,-0.024999999999999994,0.0,0.38999999999999996,1.5,129.88593641089903,0.02271758400205159,True,True,False
10.78,0.05594463540655767,0.13678512148378286,0.04142559566819868,-0.05830603225026525,0.0,-5.242072350743088e-05,0.030941546662550917,0.0,0.3905878671400107,-0.024999999999999994,0.0,0.38999999999999996,1.5,129.8859398749675,0.023125205331035424,True,True,False
10.785,0.05615134180245069,0.1402400975524529,0.04139494560530885,-0.05830603225026525,0.0,-5.242072350743088e-05,0.031148114373668295,0.0,0.3906020286514031,-0.024999999999999994,0.0,0.38999999999999996,1.5,129.88594324052568,0.023525809319642245,True,True,False
10.790000000000001,0.056357891661999046,0.14368559286034574,0.04136137517640737,-0.05830603225026525,0.0,-5.242072350743088e-05,0.03135452334764832,0.0,0.3906161581330976,-0.024999999999999994,0.0,0.38999999999999996,1.5,129.88594650714478,0.023919542139326386,True,True,False
10.795,0.05656427038197477,0.14712138016243445,0.041324893614955276,-0.05830603225026525,0.0,-5.242072350743088e-05,0.03156075903854069,0.0,0.3906302545749821,-0.024999999999999994,0.0,0.38999999999999996,1.5,129.88594967448194,0.024306547072458218,True,True,False
10.8,0.05677046340555715,0.15054723421367153,0.041285510320697875,-0.0590228039491494,0.0,-3.6669225672878656e-05,0.03176680694666559,0.0,0.39064431697300595,-0.024999999999999994,0.0,0.38999999999999996,1.5,129.8862095926663,0.02355722706283586,True,True,False
10.805,0.056976456217723105,0.1539629455936848,0.041243238784820994,-0.0590228039491494,0.0,-3.6669225672878656e-05,0.03197265261060653,0.0,0.39065834462196264,-0.024999999999999994,0.0,0.38999999999999996,1.5,129.886212820571,0.023971739994309293,True,True,False
10.81,0.05718223434148925,0.1573683066524255,0.04119808163592034,-0.0590228039491494,0.0,-3.6669225672878656e-05,0.03217828160658953,0.0,0.3906723368222391,-0.024999999999999994,0.0,0.38999999999999996,1.5,129.88621595142914,0.0243788708258141,True,True,False
10.815,0.05738778334901611,0.16076309506843756,0.04115004861032711,-0.0590228039491494,0.0,-3.6669225672878656e-05,0.03238367956320559,0.0,0.3906862925767864,-0.024999999999999994,0.0,0.38999999999999996,1.5,129.88621898475313,0.024778770870067322,True,True,False
10.82,0.057593088862330256,0.16414708799151626,0.04109914974232784,-0.0590228039491494,0.0,-3.6669225672878656e-05,0.032588832158857634,0.0,0.3907002108848015,-0.024999999999999994,0.0,0.38999999999999996,1.5,129.88622192014518,0.025171587581817485,True,True,False
10.825000000000001,0.05779813655449895,0.16752006291795138,0.04104539531998248,-0.0590228039491494,0.0,-3.6669225672878656e-05,0.032793725122889694,0.0,0.3907140907451971,-0.024999999999999994,0.0,0.38999999999999996,1.5,129.88622475729417,0.02555746498038586,True,True,False
10.83,0.05800291215068461,0.17088179831614414,0.040988795852684515,-0.0590228039491494,0.0,-3.6669225672878656e-05,0.032998344236604804,0.0,0.39072793115905774,-0.024999999999999994,0.0,0.38999999999999996,1.5,129.8862274959723,0.025936543937577855,True,True,False
10.835,0.0582074014290982,0.17423207408340427,0.04092936204739331,-0.0590228039491494,0.0,-3.6669225672878656e-05,0.03320267533418719,0.0,0.39074173113146293,-0.024999999999999994,0.0,0.38999999999999996,1.5,129.88623013603103,0.02630896237470439,True,True,False
10.84,0.05841159022188384,0.17757067184676198,0.040867104791246764,-0.0590228039491494,0.0,-3.6669225672878656e-05,0.033406704303561796,0.0,0.39075548967271023,-0.024999999999999994,0.0,0.38999999999999996,1.5,129.88623267739925,0.026674855398389728,True,True,False
10.845,0.058615464415953056,0.18089737517085752,0.04080203513885128,-0.0590228039491494,0.0,-3.6669225672878656e-05,0.03361041708720708,0.0,0.3907692057991747,-0.024999999999999994,0.0,0.38999999999999996,1.5,129.88623512007948,0.027034355395180558,True,True,False
10.85,0.05881900995377887,0.18421196970091483,0.040734164302994966,-0.05963982657157762,0.0,-2.2455335030149796e-05,0.03381379968293116,0.0,0.39078287853386345,-0.024999999999999994,0.0,0.38999999999999996,1.5,129.8864694506841,0.02641508359496922,True,True,False
10.855,0.059022212829934806,0.18751425506471406,0.04066350711642291,-0.05963982657157762,0.0,-2.2455335030149796e-05,0.03401683813686693,0.0,0.39079650716818576,-0.024999999999999994,0.0,0.38999999999999996,1.5,129.88647191739966,0.02679708665005895,True,True,False
10.86,0.05922505908748257,0.19080403276430363,0.04059006890951849,-0.05963982657157762,0.0,-2.2455335030149796e-05,0.034219518543194855,0.0,0.3908100909998287,-0.024999999999999994,0.0,0.38999999999999996,1.5,129.88647428744815,0.02717215928788564,True,True,False
10.865,0.05942753482716088,0.1940810920194494,0.04051386123141075,-0.05963982657157762,0.0,-2.2455335030149796e-05,0.03442182705707836,0.0,0.3908236290621936,-0.024999999999999994,0.0,0.38999999999999996,1.5,129.88647656073474,0.02754043991710457,True,True,False
10.870000000000001,0.05962962620851962,0.19734522194262735,0.040434895900455105,-0.05963982657157762,0.0,-2.2455335030149796e-05,0.03462374989235076,0.0,0.3908371203869061,-0.024999999999999994,0.0,0.38999999999999996,1.5,129.88647873724022,0.02790206341175961,True,True,False
10.875,0.05983131945100258,0.2005962123068786,0.04035318496623042,-0.05963982657157762,0.0,-2.2455335030149796e-05,0.034825273322553696,0.0,0.3908505640068014,-0.024999999999999994,0.0,0.38999999999999996,1.5,129.88648081701805,0.028257161478464007,True,True,False
10.88,0.060032600834923205,0.20383385406833587,0.0402687406815868,-0.05963982657157762,0.0,-2.2455335030149796e-05,0.03502638368187777,0.0,0.390863958958065,-0.024999999999999994,0.0,0.38999999999999996,1.5,129.88648280019123,0.02860586290765655,True,True,False
10.885,0.060233456702352604,0.20705793976098527,0.04018157548211407,-0.05963982657157762,0.0,-2.2455335030149796e-05,0.03522706736602202,0.0,0.3908773042817817,-0.024999999999999994,0.0,0.38999999999999996,1.5,129.88648468694942,0.028948293746607803,True,True,False
10.89,0.060433873457947575,0.21026826376245833,0.04009170197106691,-0.05963982657157762,0.0,-2.2455335030149796e-05,0.03542731083299913,0.0,0.3908905990249978,-0.024999999999999994,0.0,0.38999999999999996,1.5,129.88648647754613,0.029284577419735894,True,True,False
10.895,0.06063383756972963,0.21346462246373712,0.03999913290828909,-0.05963982657157762,0.0,-2.2455335030149796e-05,0.03562710060389568,0.0,0.3909038422414719,-0.024999999999999994,0.0,0.38999999999999996,1.5,129.88648817229588,0.029614834813469458,True,True,False
10.9,0.06083333556983263,0.21664681439176195,0.03990388120206457,-0.060153704022219937,0.0,-9.858551396706424e-06,0.03582642326360469,0.0,0.3909170329921404,-0.024999999999999994,0.0,0.38999999999999996,1.5,129.88669484770162,0.029129256095263734,True,True,False
10.905,0.06103235405207428,0.21981465013056495,0.03980596291588969,-0.060153704022219937,0.0,-9.858551396706424e-06,0.03602526545490106,0.0,0.390930170573931,-0.024999999999999994,0.0,0.38999999999999996,1.5,129.8866965327355,0.02947688152951014,True,True,False
10.91,0.06123087966864482,0.22296794223499217,0.03970538596685251,-0.060153704022219937,0.0,-9.858551396706424e-06,0.03622361387846326,0.0,0.39094325429068877,-0.024999999999999994,0.0,0.38999999999999996,1.5,129.886698123869,0.029818063436897274,True,True,False
10.915000000000001,0.06142889913746059,0.2261064934153847,0.03960216359428352,-0.060153704022219937,0.0,-9.858551396706424e-06,0.036421455303900674,0.0,0.3909562832170641,-0.024999999999999994,0.0,0.38999999999999996,1.5,129.88669962136055,0.030152926677733647,True,True,False
10.92,0.06162639924356525,0.22923010670148153,0.03949630927627012,-0.060153704022219937,0.0,-9.858551396706424e-06,0.0366187765677333,0.0,0.3909692564279191,-0.024999999999999994,0.0,0.38999999999999996,1.5,129.88670102552987,0.030481592919033393,True,True,False
10.925,0.061823366840112574,0.23233858606682803,0.039387836697982424,-0.060153704022219937,0.0,-9.858551396706424e-06,0.03681556457433394,0.0,0.3909821730007909,-0.024999999999999994,0.0,0.38999999999999996,1.5,129.88670233675558,0.030804180944410817,True,True,False
10.93,0.062019788849253944,0.23543173686948718,0.039276759728326546,-0.060153704022219937,0.0,-9.858551396706424e-06,0.03701180629678355,0.0,0.3909950320176961,-0.024999999999999994,0.0,0.38999999999999996,1.5,129.88670355547202,0.03112080686739317,True,True,False
10.935,0.06221565226295421,0.23850936617388055,0.03916309240274429,-0.060153704022219937,0.0,-9.858551396706424e-06,0.037207488777662,0.0,0.3910078325663999,-0.024999999999999994,0.0,0.38999999999999996,1.5,129.8867046821671,0.03143158427955158,True,True,False
10.94,0.06241094414375247,0.24157128297247746,0.039046848910529,-0.060153704022219937,0.0,-9.858551396706424e-06,0.0374025991297888,0.0,0.39102057374132065,-0.024999999999999994,0.0,0.38999999999999996,1.5,129.88670571738004,0.031736624354751164,True,True,False
10.945,0.06260565162548597,0.24461729831355997,0.03892804358545155,-0.060153704022219937,0.0,-9.858551396706424e-06,0.03759712453693151,0.0,0.39103325464412314,-0.024999999999999994,0.0,0.38999999999999996,1.5,129.88670666169745,0.032036035923885375,True,True,False
10.950000000000001,0.06279976191397983,0.24764722542587247,0.038806690898806985,-0.060562292991349916,0.0,1.1157674321193368e-06,0.03779105225448276,0.0,0.39104587438412464,-0.024999999999999994,0.0,0.38999999999999996,1.5,129.88688468321408,0.03168595482310093,True,True,False
10.955,0.0629932622855534,0.2506608875862064,0.03868280804107915,-0.060562292991349916,0.0,1.1157674321193368e-06,0.03798436960468418,0.0,0.3910584322732506,-0.024999999999999994,0.0,0.38999999999999996,1.5,129.88688558783534,0.031997538605733546,True,True,False
10.96,0.06318614008413416,0.2536581101074718,0.03855640536000599,-0.060562292991349916,0.0,1.1157674321193368e-06,0.038177063976899295,0.0,0.3910709276308886,-0.024999999999999994,0.0,0.38999999999999996,1.5,129.8868864035798,0.03230319837866834,True,True,False
10.965,0.06337838272685588,0.25663871092514323,0.03842749764864869,-0.060562292991349916,0.0,1.1157674321193368e-06,0.03836912283664243,0.0,0.39108335958312457,-0.024999999999999994,0.0,0.38999999999999996,1.5,129.8868871310122,0.03260304489138838,True,True,False
10.97,0.06356997770560661,0.25960250868499046,0.03829609990728708,-0.060562292991349916,0.0,1.1157674321193368e-06,0.03856053372390006,0.0,0.3910957272581651,-0.024999999999999994,0.0,0.38999999999999996,1.5,129.88688777074424,0.03289718605715699,True,True,False
10.975,0.06376091258790184,0.2625493232425391,0.03816222731814195,-0.060562292991349916,0.0,1.1157674321193368e-06,0.03875128425396873,0.0,0.39110802978829007,-0.024999999999999994,0.0,0.38999999999999996,1.5,129.88688832343277,0.03318572720436085,True,True,False
10.98,0.06395117501768041,0.2654789760012259,0.03802589522668985,-0.060562292991349916,0.0,1.1157674321193368e-06,0.038941362118223716,0.0,0.3911202663112746,-0.024999999999999994,0.0,0.38999999999999996,1.5,129.88688878977743,0.03346877125101394,True,True,False
10.985,0.06414075271604056,0.2683912901728085,0.03788711912783991,-0.060562292991349916,0.0,1.1157674321193368e-06,0.03913075508483377,0.0,0.39113243597140535,-0.024999999999999994,0.0,0.38999999999999996,1.5,129.88688917051857,0.033746418827414845,True,True,False
10.99,0.06432963348193176,0.27128609094214173,0.037745914655682195,-0.060562292991349916,0.0,1.1157674321193368e-06,0.03931945099943679,0.0,0.3911445379201779,-0.024999999999999994,0.0,0.38999999999999996,1.5,129.8868894664348,0.0340187683639113,True,True,False
10.995000000000001,0.06451780519281279,0.2741632055809551,0.037602297575851686,-0.060562292991349916,0.0,1.1157674321193368e-06,0.03950743778578514,0.0,0.39115657131678205,-0.024999999999999994,0.0,0.38999999999999996,1.5,129.8868896783414,0.034285916155203405,True,True,False
11.0,0.06470525580528615,0.2770224635119481,0.03745628377980458,-0.06086455738641389,0.0,1.053074424740342e-05,0.03969470344637019,0.0,0.3911685353284068,-0.024999999999999994,0.0,0.38999999999999996,1.5,129.88703905761295,0.03407157601002469,True,True,False
11.005,0.06489197335445145,0.2798637021820666,0.03730789149027071,-0.06086455738641389,0.0,1.053074424740342e-05,0.03988123605883809,0.0,0.39118042929147157,-0.024999999999999994,0.0,0.38999999999999996,1.5,129.8870392044271,0.03434569813743454,True,True,False
11.01,0.06507794595154323,0.2826867610856733,0.037157133296159696,-0.06086455738641389,0.0,1.053074424740342e-05,0.040067023776474864,0.0,0.39119225255027446,-0.024999999999999994,0.0,0.38999999999999996,1.5,129.8870392694669,0.03461444493310105,True,True,False
11.015,0.06526316178784199,0.2854914747986188,0.03700402539825633,-0.06086455738641389,0.0,1.053074424740342e-05,0.040252054835170886,0.0,0.39120400429147484,-0.024999999999999994,0.0,0.38999999999999996,1.5,129.8870392535489,0.034877912574889626,True,True,False
11.02,0.06544760913627677,0.28827767897170703,0.036848584172512244,-0.06086455738641389,0.0,1.053074424740342e-05,0.04043631755212612,0.0,0.39121568370564475,-0.024999999999999994,0.0,0.38999999999999996,1.5,129.8870391575237,0.035136194774740705,True,True,False
11.025,0.06563127635218298,0.2910452106895256,0.03669082615115689,-0.06086455738641389,0.0,1.053074424740342e-05,0.04061980032657994,0.0,0.39122728998871165,-0.024999999999999994,0.0,0.38999999999999996,1.5,129.88703898227396,0.035389382970765465,True,True,False
11.03,0.06581415187400153,0.29379390872611927,0.03653076800867037,-0.06086455738641389,0.0,1.053074424740342e-05,0.04080249164048888,0.0,0.3912388223430057,-0.024999999999999994,0.0,0.38999999999999996,1.5,129.88703872871264,0.0356375664624357,True,True,False
11.035,0.06599622422393125,0.2965236137230935,0.036368426551339386,-0.06086455738641389,0.0,1.053074424740342e-05,0.040984380059162634,0.0,0.3912502799780013,-0.024999999999999994,0.0,0.38999999999999996,1.5,129.88703839778128,0.035880832507389944,True,True,False
11.040000000000001,0.06617748200854932,0.29923416831736277,0.0362038187094432,-0.06086455738641389,0.0,1.053074424740342e-05,0.041165454231872095,0.0,0.3912616621108316,-0.024999999999999994,0.0,0.38999999999999996,1.5,129.88703799044742,0.036119266392418276,True,True,False
11.045,0.06635791391940125,0.30192541721108973,0.03603696153136437,-0.06086455738641389,0.0,1.053074424740342e-05,0.041345702892430086,0.0,0.39127296796662836,-0.024999999999999994,0.0,0.38999999999999996,1.5,129.88703750770458,0.0363529514870954,True,True,False
11.05,0.06653750873357399,0.30459720722466493,0.03586787217910542,-0.06106042132674074,0.0,1.8510573047266876e-05,0.04152511485975713,0.0,0.39128419677875154,-0.024999999999999994,0.0,0.38999999999999996,1.5,129.88715918074678,0.03627329915277156,True,True,False
11.055,0.06671625531383596,0.30724939111437427,0.03569656982248114,-0.06106042132674074,0.0,1.8510573047266876e-05,0.04170367903552294,0.0,0.39129534791731124,-0.024999999999999994,0.0,0.38999999999999996,1.5,129.88715861271208,0.03650880763971658,True,True,False
11.06,0.06689414260686134,0.3098818236788013,0.03552306907565483,-0.06106042132674074,0.0,1.8510573047266876e-05,0.04188138440480599,0.0,0.3913064207605811,-0.024999999999999994,0.0,0.38999999999999996,1.5,129.8871579718583,0.03673951467869441,True,True,False
11.065,0.06707115964551463,0.3124943572245451,0.03534738739491493,-0.06106042132674074,0.0,1.8510573047266876e-05,0.042058220040957356,0.0,0.391317414563703,-0.024999999999999994,0.0,0.38999999999999996,1.5,129.88715725919482,0.03696550152757648,True,True,False
11.07,0.06724729555043928,0.3150868454581705,0.035169542379585396,-0.06106042132674074,0.0,1.8510573047266876e-05,0.04223417510471894,0.0,0.39132832858740657,-0.024999999999999994,0.0,0.38999999999999996,1.5,129.88715647575248,0.03718684735895679,True,True,False
11.075000000000001,0.06742253953069796,0.31765914371987813,0.03498955175945077,-0.06106042132674074,0.0,1.8510573047266876e-05,0.04240923884484454,0.0,0.3913391620989376,-0.024999999999999994,0.0,0.38999999999999996,1.5,129.88715562258253,0.03740362939279864,True,True,False
11.08,0.0675968808843719,0.32021110914632905,0.03480743338533274,-0.06106042132674074,0.0,1.8510573047266876e-05,0.04258340059868457,0.0,0.39134991437272376,-0.024999999999999994,0.0,0.38999999999999996,1.5,129.88715470075482,0.037615922992121284,True,True,False
11.085,0.06777030899912792,0.3227426007736227,0.03462320522198734,-0.06106042132674074,0.0,1.8510573047266876e-05,0.04275664979274216,0.0,0.3913605846908495,-0.024999999999999994,0.0,0.38999999999999996,1.5,129.8871537113566,0.03782380173377264,True,True,False
11.09,0.06794281335276198,0.3252534796175201,0.034436885342703255,-0.06106042132674074,0.0,1.8510573047266876e-05,0.04292897594320852,0.0,0.3913711723433797,-0.024999999999999994,0.0,0.38999999999999996,1.5,129.88715265549106,0.038027337462456,True,True,False
11.095,0.06811438351372279,0.3277436087167186,0.03424849192514364,-0.06106042132674074,0.0,1.8510573047266876e-05,0.04310036865648048,0.0,0.3913816766285796,-0.024999999999999994,0.0,0.38999999999999996,1.5,129.88715153427603,0.038226600333515215,True,True,False
11.1,0.06828500914161956,0.3302128531555947,0.03405804324809491,-0.06115065577203342,0.0,2.5231649198510667e-05,0.04327081762966384,0.0,0.3913920968530419,-0.024999999999999994,0.0,0.38999999999999996,1.5,129.8872472546794,0.038279484753517605,True,True,False
11.105,0.06845467998810378,0.3326610818654551,0.033865559352097424,-0.06115065577203342,0.0,2.5231649198510667e-05,0.043440312649452834,0.0,0.3914024324293328,-0.024999999999999994,0.0,0.38999999999999996,1.5,129.88724603358165,0.03847550875801415,True,True,False
11.11,0.06862338589571536,0.3350881657834896,0.03367105664046704,-0.06115065577203342,0.0,2.5231649198510667e-05,0.043608843592936736,0.0,0.3914126827783371,-0.024999999999999994,0.0,0.38999999999999996,1.5,129.88724475020453,0.038667326216774454,True,True,False
11.115,0.06879111679858906,0.33749397572531153,0.03347455366894034,-0.06115065577203342,0.0,2.5231649198510667e-05,0.0437764004303523,0.0,0.391422847230365,-0.024999999999999994,0.0,0.38999999999999996,1.5,129.88724340568749,0.03885500323494787,True,True,False
11.120000000000001,0.0689578627239854,0.33987838420995226,0.03327606910442145,-0.06115065577203342,0.0,2.5231649198510667e-05,0.04394297322463134,0.0,0.39143292512288025,-0.024999999999999994,0.0,0.38999999999999996,1.5,129.88724200117963,0.03903860422029816,True,True,False
11.125,0.06912361379281308,0.3422412655633204,0.03307562171858838,-0.06115065577203342,0.0,2.5231649198510667e-05,0.04410855213191442,0.0,0.391442915800886,-0.024999999999999994,0.0,0.38999999999999996,1.5,129.8872405378405,0.03921819195664831,True,True,False
11.13,0.0692883602201253,0.34458249597943047,0.032873230382975155,-0.06115065577203342,0.0,2.5231649198510667e-05,0.044273127402039814,0.0,0.39145281861724135,-0.024999999999999994,0.0,0.38999999999999996,1.5,129.88723901683798,0.039393827660166525,True,True,False
11.135,0.06945209231560134,0.34690195356254716,0.032668914065138936,-0.06115065577203342,0.0,2.5231649198510667e-05,0.04443668937902015,0.0,0.3914626329328582,-0.024999999999999994,0.0,0.38999999999999996,1.5,129.88723743934733,0.03956557102410964,True,True,False
11.14,0.06961480048401109,0.34919951835644647,0.03246269182562031,-0.06115065577203342,0.0,2.5231649198510667e-05,0.04459922850150297,0.0,0.391472358116848,-0.024999999999999994,0.0,0.38999999999999996,1.5,129.88723580655028,0.039733480255828235,True,True,False
11.145,0.06977647522566985,0.3514750723604194,0.03225458281548161,-0.06115065577203342,0.0,2.5231649198510667e-05,0.044760735303223054,0.0,0.3914819935466013,-0.024999999999999994,0.0,0.38999999999999996,1.5,129.88723411963431,0.03989761210859481,True,True,False
11.15,0.06993710713688094,0.3537284995264864,0.03204460627426488,-0.0611368055293489,0.0,3.0912539855970045e-05,0.04492120041344297,0.0,0.3914915386078498,-0.024999999999999994,0.0,0.38999999999999996,1.5,129.88730633599133,0.04007991038684255,True,True,False
11.155,0.07009668691153004,0.35595968556667695,0.0318327830439454,-0.0611368055293489,0.0,3.0912539855970045e-05,0.04508061455706455,0.0,0.3915009927638797,-0.024999999999999994,0.0,0.38999999999999996,1.5,129.8873045404302,0.04023586699730705,True,True,False
11.16,0.07025520534056211,0.35816851814233447,0.03161913106637258,-0.0611368055293489,0.0,3.0912539855970045e-05,0.04523896855556339,0.0,0.3915103554863423,-0.024999999999999994,0.0,0.38999999999999996,1.5,129.88730269441038,0.04038822869069906,True,True,False
11.165000000000001,0.0704126533111419,0.3603548871084862,0.03140366983856366,-0.0611368055293489,0.0,3.0912539855970045e-05,0.04539625332763805,0.0,0.3915196261862945,-0.024999999999999994,0.0,0.38999999999999996,1.5,129.88730079913523,0.04053704630075275,True,True,False
11.17,0.07056902180811564,0.36251868429749934,0.031186418937396633,-0.0611368055293489,0.0,3.0912539855970045e-05,0.04555245988920276,0.0,0.39152880428333314,-0.024999999999999994,0.0,0.38999999999999996,1.5,129.88729885581049,0.04068236935572873,True,True,False
11.175,0.07072430191440796,0.36465980349196414,0.03096739801921247,-0.0611368055293489,0.0,3.0912539855970045e-05,0.045707579353784944,0.0,0.3915378892055457,-0.024999999999999994,0.0,0.38999999999999996,1.5,129.8872968656416,0.040824246093330886,True,True,False
11.18,0.07087848481141834,0.36677814039704815,0.03074662681926709,-0.0611368055293489,0.0,3.0912539855970045e-05,0.0458616029329231,0.0,0.3915468803894304,-0.024999999999999994,0.0,0.38999999999999996,1.5,129.88729482983408,0.04096272347797609,True,True,False
11.185,0.07103156177941337,0.36887359261924263,0.030524125151069684,-0.0611368055293489,0.0,3.0912539855970045e-05,0.04601452193656,0.0,0.3915557772798376,-0.024999999999999994,0.0,0.38999999999999996,1.5,129.88729274959266,0.04109784721969813,True,True,False
11.19,0.07118352419791382,0.37094605964730565,0.030299912905634475,-0.0611368055293489,0.0,3.0912539855970045e-05,0.046166327773430355,0.0,0.39156457932993494,-0.024999999999999994,0.0,0.38999999999999996,1.5,129.8872906261205,0.04122966179418966,True,True,False
11.195,0.07133436354607851,0.37299544282944347,0.03007401005066695,-0.0611368055293489,0.0,3.0912539855970045e-05,0.046317011951445886,0.0,0.39157328600115177,-0.024999999999999994,0.0,0.38999999999999996,1.5,129.8872884606187,0.04135821046364266,True,True,False
11.200000000000001,0.07148407140308075,0.3750216453633891,0.029846436629698353,-0.061021147122359724,0.0,3.5803115003419544e-05,0.046466566078071814,0.0,0.3915818967631748,-0.024999999999999994,0.0,0.38999999999999996,1.5,129.8873401821449,0.04166589991360137,True,True,False
11.205,0.07163263945040081,0.37702457014895774,0.02961721422176924,-0.061021147122359724,0.0,3.5803115003419544e-05,0.04661498186164667,0.0,0.39159041113776855,-0.024999999999999994,0.0,0.38999999999999996,1.5,129.88733790510372,0.04178149742204328,True,True,False
11.21,0.07178005947191744,0.3790041219588612,0.02938636204749189,-0.061021147122359724,0.0,3.5803115003419544e-05,0.04676225111243326,0.0,0.3915988286550086,-0.024999999999999994,0.0,0.38999999999999996,1.5,129.88733559037377,0.04189412401237262,True,True,False
11.215,0.07192632335155127,0.3809602100013439,0.029153900386362296,-0.061021147122359724,0.0,3.5803115003419544e-05,0.04690836574120305,0.0,0.3916071488111827,-0.024999999999999994,0.0,0.38999999999999996,1.5,129.88733323915935,0.042003815238302586,True,True,False
11.22,0.07207142307465444,0.3828927457148888,0.028919849567294955,-0.061021147122359724,0.0,3.5803115003419544e-05,0.04705331775966293,0.0,0.39161537111243083,-0.024999999999999994,0.0,0.38999999999999996,1.5,129.88733085265764,0.042110605740788114,True,True,False
11.225,0.07221535072828716,0.38480164261007666,0.028684229973991743,-0.061021147122359724,0.0,3.5803115003419544e-05,0.047197099280743865,0.0,0.39162349507419625,-0.024999999999999994,0.0,0.38999999999999996,1.5,129.8873284320594,0.042214529205504656,True,True,False
11.23,0.07235809850151087,0.3866868161612685,0.028447062048594943,-0.061021147122359724,0.0,3.5803115003419544e-05,0.04733970251890371,0.0,0.3916315202207959,-0.024999999999999994,0.0,0.38999999999999996,1.5,129.88732597854815,0.04231561834176766,True,True,False
11.235,0.07249965868569179,0.388548183708732,0.028208366294075447,-0.061021147122359724,0.0,3.5803115003419544e-05,0.04748111979043804,0.0,0.39163944608510814,-0.024999999999999994,0.0,0.38999999999999996,1.5,129.8873234932999,0.04241390487597519,True,True,False
11.24,0.07264002367481001,0.3903856644052889,0.02796816327569173,-0.061021147122359724,0.0,3.5803115003419544e-05,0.04762134351379463,0.0,0.39164727220834855,-0.024999999999999994,0.0,0.38999999999999996,1.5,129.88732097748272,0.04250941955487218,True,True,False
11.245000000000001,0.07277918596577006,0.39219917916039504,0.02772647362176635,-0.061021147122359724,0.0,3.5803115003419544e-05,0.04776036620988808,0.0,0.39165499813991433,-0.024999999999999994,0.0,0.38999999999999996,1.5,129.88731843225665,0.04260219215545856,True,True,False
11.25,0.07291713815871384,0.3939886506122075,0.02748331802396136,-0.06080666218435764,0.0,4.01731810555397e-05,0.04789818050241573,0.0,0.3916626234372754,-0.024999999999999994,0.0,0.38999999999999996,1.5,129.88735308609253,0.043030394641784694,True,True,False
11.255,0.07305387296000411,0.39575399908836256,0.02723871873701721,-0.06080666218435764,0.0,4.01731810555397e-05,0.04803477912034243,0.0,0.3916701476878449,-0.024999999999999994,0.0,0.38999999999999996,1.5,129.88735043217028,0.04310563349779596,True,True,False
11.26,0.07318938318289471,0.39749514670280395,0.026992695996858804,-0.06080666218435764,0.0,4.01731810555397e-05,0.04817015489906401,0.0,0.3916775704872142,-0.024999999999999994,0.0,0.38999999999999996,1.5,129.88734775393115,0.04317853338497231,True,True,False
11.265,0.07332366174368078,0.3992120221617464,0.02674527070775758,-0.06080666218435764,0.0,4.01731810555397e-05,0.048304300776987635,0.0,0.3916848914204324,-0.024999999999999994,0.0,0.38999999999999996,1.5,129.88734505251594,0.043249114673990605,True,True,False
11.27,0.07345670166303174,0.4009045566309736,0.026496463794207132,-0.06080666218435764,0.0,4.01731810555397e-05,0.04843720979637384,0.0,0.3916921100836016,-0.024999999999999994,0.0,0.38999999999999996,1.5,129.88734232905333,0.04331739721317403,True,True,False
11.275,0.07358849606614713,0.402572683455335,0.02624629621178903,-0.06080666218435764,0.0,4.01731810555397e-05,0.04856887510351607,0.0,0.3916992260828412,-0.024999999999999994,0.0,0.38999999999999996,1.5,129.88733958465951,0.04338340023003262,True,True,False
11.28,0.07371903818295172,0.4042163379602304,0.02599478895483306,-0.06080666218435764,0.0,4.01731810555397e-05,0.048699289948954505,0.0,0.3917062390334972,-0.024999999999999994,0.0,0.38999999999999996,1.5,129.88733682043832,0.04344714227277719,True,True,False
11.285,0.0738483213483052,0.40583545730281223,0.025741963061720243,-0.06080666218435764,0.0,4.01731810555397e-05,0.0488284476876987,0.0,0.39171314855960776,-0.024999999999999994,0.0,0.38999999999999996,1.5,129.88733403748122,0.04350864117886926,True,True,False
11.290000000000001,0.07397633900223494,0.4074299803632556,0.025487839618458196,-0.06080666218435764,0.0,4.01731810555397e-05,0.04895634177947064,0.0,0.3917199542934946,-0.024999999999999994,0.0,0.38999999999999996,1.5,129.88733123686714,0.043567914061822706,True,True,False
11.295,0.07410308469017533,0.40899984766681935,0.025232439760992535,-0.06080666218435764,0.0,4.01731810555397e-05,0.049082965788951466,0.0,0.3917266558754844,-0.024999999999999994,0.0,0.38999999999999996,1.5,129.88732841966268,0.04362497731032506,True,True,False
11.3,0.07422855206321213,0.41054500133309707,0.024975784676593574,-0.060497012277681235,0.0,4.430097556960331e-05,0.049208313386030766,0.0,0.39173325295373806,-0.024999999999999994,0.0,0.38999999999999996,1.5,129.8873497033876,0.044167999007626066,True,True,False
11.305,0.07435273488176433,0.4120653792290659,0.024717897236522932,-0.060497012277681235,0.0,4.430097556960331e-05,0.04933237834940726,0.0,0.3917397451878091,-0.024999999999999994,0.0,0.38999999999999996,1.5,129.88734678577586,0.04420317052318394,True,True,False
11.31,0.07447562701677521,0.41356092090455177,0.024458798431094237,-0.060497012277681235,0.0,4.430097556960331e-05,0.04945515456786018,0.0,0.3917461322452406,-0.024999999999999994,0.0,0.38999999999999996,1.5,129.88734385746403,0.04423663848260292,True,True,False
11.315,0.07459722244439308,0.4150315745664408,0.024198509635507508,-0.060497012277681235,0.0,4.430097556960331e-05,0.049576636034908556,0.0,0.3917524138024573,-0.024999999999999994,0.0,0.38999999999999996,1.5,129.88734091947066,0.044268408271976534,True,True,False
11.32,0.07471751524727804,0.41647729108591186,0.02393705221780817,-0.060497012277681235,0.0,4.430097556960331e-05,0.0496968168500429,0.0,0.39175858954801107,-0.024999999999999994,0.0,0.38999999999999996,1.5,129.88733797279718,0.04429848514018736,True,True,False
11.325000000000001,0.07483649961463944,0.41789802360568545,0.02367444755495487,-0.060497012277681235,0.0,4.430097556960331e-05,0.04981569121879853,0.0,0.3917646591810664,-0.024999999999999994,0.0,0.38999999999999996,1.5,129.8873350184294,0.04432687404641099,True,True,False
11.33,0.07495416984232516,0.4192937272556634,0.023410717044283373,-0.060497012277681235,0.0,4.430097556960331e-05,0.04993325345287114,0.0,0.39177062241031246,-0.024999999999999994,0.0,0.38999999999999996,1.5,129.88733205733763,0.04435357956544042,True,True,False
11.335,0.0750705203329508,0.4206643589428152,0.023145882111592936,-0.060497012277681235,0.0,4.430097556960331e-05,0.05004949797026667,0.0,0.39177647895313117,-0.024999999999999994,0.0,0.38999999999999996,1.5,129.88732909047667,0.04437860583209801,True,True,False
11.34,0.07518554559604837,0.4220098772046701,0.02287996421676238,-0.060497012277681235,0.0,4.430097556960331e-05,0.050164419295463336,0.0,0.39178222853507866,-0.024999999999999994,0.0,0.38999999999999996,1.5,129.88732611878615,0.04440195651201827,True,True,False
11.345,0.07529924024823555,0.42333024210410886,0.022612984857564584,-0.060497012277681235,0.0,4.430097556960331e-05,0.05027801205959209,0.0,0.39178787088946726,-0.024999999999999994,0.0,0.38999999999999996,1.5,129.88732314319074,0.04442363479021635,True,True,False
11.35,0.07541159901339212,0.42462541515667085,0.02234496557216822,-0.06009650579400276,0.0,4.846188648291616e-05,0.050390271000620185,0.0,0.39179340575712546,-0.024999999999999994,0.0,0.38999999999999996,1.5,129.88733487640735,0.04507501616902876,True,True,False
11.355,0.07552261672704458,0.42589535176051757,0.022075929793207577,-0.06009650579400276,0.0,4.846188648291616e-05,0.05050119096799838,0.0,0.3917988328754817,-0.024999999999999994,0.0,0.38999999999999996,1.5,129.88733181369668,0.045070698518142466,True,True,False
11.36,0.07563228833801519,0.42714000888515824,0.0218058990152829,-0.06009650579400276,0.0,4.846188648291616e-05,0.05061076692404948,0.0,0.39180415198964325,-0.024999999999999994,0.0,0.38999999999999996,1.5,129.88732875379452,0.045065311648112866,True,True,False
11.365,0.07574060890165549,0.42835935411408543,0.02153489493991433,-0.06009650579400276,0.0,4.846188648291616e-05,0.050718993936801376,0.0,0.39180936286912627,-0.024999999999999994,0.0,0.38999999999999996,1.5,129.88732569754055,0.04505884625682334,True,True,False
11.370000000000001,0.07584757358116127,0.42955335787631543,0.02126293923695185,-0.06009650579400276,0.0,4.846188648291616e-05,0.05082586718157239,0.0,0.39181446529650416,-0.024999999999999994,0.0,0.38999999999999996,1.5,129.88732264575688,0.045051293282073246,True,True,False
11.375,0.07595317764749768,0.4307219929478682,0.020990053565563854,-0.06009650579400276,0.0,4.846188648291616e-05,0.050931381940943876,0.0,0.391819459065449,-0.024999999999999994,0.0,0.38999999999999996,1.5,129.8873195992482,0.045042643697326634,True,True,False
11.38,0.07605741647938696,0.4318652340860229,0.02071625958933756,-0.06009650579400276,0.0,4.846188648291616e-05,0.05103553360478247,0.0,0.3918243439793308,-0.024999999999999994,0.0,0.38999999999999996,1.5,129.8873165588021,0.04503288838232259,True,True,False
11.385,0.07616028556334893,0.4329830577638796,0.020441578987072363,-0.06009650579400276,0.0,4.846188648291616e-05,0.05113831767030652,0.0,0.39182911985018615,-0.024999999999999994,0.0,0.38999999999999996,1.5,129.88731352518977,0.04502201804428113,True,True,False
11.39,0.07626178049377427,0.4340754419837018,0.020166033460435256,-0.06009650579400276,0.0,4.846188648291616e-05,0.05123972974217819,0.0,0.3918337864979984,-0.024999999999999994,0.0,0.38999999999999996,1.5,129.88731049916632,0.04501002317323216,True,True,False
11.395,0.07636189697302134,0.43514236614307744,0.01988964473933823,-0.06009650579400276,0.0,4.846188648291616e-05,0.05133976553261371,0.0,0.39183834375019794,-0.024999999999999994,0.0,0.38999999999999996,1.5,129.88730748147105,0.04499689402034977,True,True,False
11.4,0.07646063081152675,0.4361838109511163,0.019612434585667384,-0.059610053038211264,0.0,5.291774796732882e-05,0.05143842086150335,0.0,0.3918427914413424,-0.024999999999999994,0.0,0.38999999999999996,1.5,129.88731346065907,0.045749475920301,True,True,False
11.405,0.07655797793289308,0.4371997492203085,0.01933442695060556,-0.059610053038211264,0.0,5.291774796732882e-05,0.05153569166202354,0.0,0.39184712939151667,-0.024999999999999994,0.0,0.38999999999999996,1.5,129.88731037356703,0.04570652693960457,True,True,False
11.41,0.07665393437592567,0.4381901552211458,0.019055643607864936,-0.059610053038211264,0.0,5.291774796732882e-05,0.05163157398215229,0.0,0.3918513574281161,-0.024999999999999994,0.0,0.38999999999999996,1.5,129.8873073023395,0.04566313744842894,True,True,False
11.415000000000001,0.0767484962864488,0.4391550156659811,0.01877610646224133,-0.059610053038211264,0.0,5.291774796732882e-05,0.051726063975790826,0.0,0.39185547541452304,-0.024999999999999994,0.0,0.38999999999999996,1.5,129.88730424758967,0.045619283847517636,True,True,False
11.42,0.076841659918672,0.44009432028097084,0.0184958373675033,-0.059610053038211264,0.0,5.291774796732882e-05,0.05181915790466435,0.0,0.3918594832279669,-0.024999999999999994,0.0,0.38999999999999996,1.5,129.8873012099132,0.045574943144088165,True,True,False
11.425,0.07693342163500065,0.4410080611903005,0.01821485815216642,-0.059610053038211264,0.0,5.291774796732882e-05,0.05191085213819058,0.0,0.391863380757165,-0.024999999999999994,0.0,0.38999999999999996,1.5,129.88729818988898,0.045530092698459985,True,True,False
11.43,0.07702377790592843,0.44189623248612625,0.017933190638250725,-0.059610053038211264,0.0,5.291774796732882e-05,0.05200114315341528,0.0,0.39186716790060155,-0.024999999999999994,0.0,0.38999999999999996,1.5,129.8872951880796,0.045484710061666614,True,True,False
11.435,0.07711272530998965,0.44275882990357707,0.01765085665493512,-0.059610053038211264,0.0,5.291774796732882e-05,0.05209002753499559,0.0,0.39187084456530785,-0.024999999999999994,0.0,0.38999999999999996,1.5,129.88729220503203,0.0454387728745506,True,True,False
11.44,0.07720026051112697,0.44359582543014636,0.017367859221853264,-0.059610053038211264,0.0,5.291774796732882e-05,0.05217750195491336,0.0,0.39187441057007677,-0.024999999999999994,0.0,0.38999999999999996,1.5,129.88728924148472,0.045387445951305005,True,True,False
11.445,0.07728638010022296,0.444406958423971,0.01708417931615989,-0.059610053038211264,0.0,5.291774796732882e-05,0.05226356303341487,0.0,0.3918778648454209,-0.024999999999999994,0.0,0.38999999999999996,1.5,129.88728629980554,0.045320642275547655,True,True,False
11.450000000000001,0.07737108072442336,0.4451918033718608,0.016799849172554778,-0.05905781851232379,0.0,5.7949160650974474e-05,0.05234820746236962,0.0,0.39188120568345575,-0.024999999999999994,0.0,0.38999999999999996,1.5,129.8872922631715,0.046111293704486495,True,True,False
11.455,0.0774543592546549,0.4459499518793567,0.016514927462387505,-0.05905781851232379,0.0,5.7949160650974474e-05,0.052431432155558066,0.0,0.39188443144962976,-0.024999999999999994,0.0,0.38999999999999996,1.5,129.8872892866373,0.045994163610245754,True,True,False
11.46,0.07753621276161866,0.44668104726523655,0.016229435443905583,-0.05905781851232379,0.0,5.7949160650974474e-05,0.05251323422157994,0.0,0.3918875407082989,-0.024999999999999994,0.0,0.38999999999999996,1.5,129.887286345417,0.045869252307887104,True,True,False
11.465,0.07761663844734165,0.4473847365887084,0.015943408030759856,-0.05905781851232379,0.0,5.7949160650974474e-05,0.052593610900129095,0.0,0.3918905320268965,-0.024999999999999994,0.0,0.38999999999999996,1.5,129.88728344121964,0.0457375807818184,True,True,False
11.47,0.07769563368031639,0.44806069923989844,0.015656879688280445,-0.05905781851232379,0.0,5.7949160650974474e-05,0.052672559594115126,0.0,0.39189340409964446,-0.024999999999999994,0.0,0.38999999999999996,1.5,129.88728057558515,0.04559992552442195,True,True,False
11.475,0.07777319599227518,0.4487086515279495,0.015369884165797395,-0.05905781851232379,0.0,5.7949160650974474e-05,0.05275007786596578,0.0,0.39189615576604536,-0.024999999999999994,0.0,0.38999999999999996,1.5,129.88727774991733,0.04545688518975003,True,True,False
11.48,0.07784932307422049,0.44932834790817766,0.015082454376845349,-0.05905781851232379,0.0,5.7949160650974474e-05,0.05282616343351049,0.0,0.39189878601608374,-0.024999999999999994,0.0,0.38999999999999996,1.5,129.8872749655092,0.04530892659251815,True,True,False
11.485,0.07792401277222168,0.44991958017566325,0.014794622370745043,-0.05905781851232379,0.0,5.7949160650974474e-05,0.05290081416583059,0.0,0.39190129398728774,-0.024999999999999994,0.0,0.38999999999999996,1.5,129.88727222356147,0.04515641699794295,True,True,False
11.49,0.07799726308325829,0.4504821754536545,0.014506419358540306,-0.05905781851232379,0.0,5.7949160650974474e-05,0.05297402807927368,0.0,0.3919036789570844,-0.024999999999999994,0.0,0.38999999999999996,1.5,129.88726952519696,0.04499964720701862,True,True,False
11.495000000000001,0.07806907215127001,0.45101599356894584,0.01421787576936403,-0.05905781851232379,0.0,5.7949160650974474e-05,0.05304580333373779,0.0,0.39190594033267745,-0.024999999999999994,0.0,0.38999999999999996,1.5,129.88726687147195,0.044838848381884025,True,True,False
11.5,0.07813943826349419,0.4515209241840992,0.013929021322053438,-0.05869964245788925,0.0,6.410088273491892e-05,0.053116138229270915,0.0,0.39190807763989327,-0.024999999999999994,0.0,0.38999999999999996,1.5,129.8873077348381,0.04523886790909579,True,True,False
11.505,0.07820835987967716,0.4519969105455313,0.013639899132739629,-0.05869964245788925,0.0,6.410088273491892e-05,0.053185031231979235,0.0,0.39191009065845783,-0.024999999999999994,0.0,0.38999999999999996,1.5,129.88730512802059,0.045053478170596184,True,True,False
11.51,0.0782758356091983,0.45244394699906326,0.013350526977455366,-0.05869964245788925,0.0,6.410088273491892e-05,0.05325248095242707,0.0,0.3919119793692079,-0.024999999999999994,0.0,0.38999999999999996,1.5,129.88730257292,0.04486551924704676,True,True,False
11.515,0.07834186416336662,0.4528620323638607,0.013060931292754131,-0.05869964245788925,0.0,6.410088273491892e-05,0.053318486103391266,0.0,0.3919137437300477,-0.024999999999999994,0.0,0.38999999999999996,1.5,129.88730007022608,0.044674959423688654,True,True,False
11.52,0.07840644437822293,0.4532511791939957,0.01277113827089399,-0.05869964245788925,0.0,6.410088273491892e-05,0.05338304552074244,0.0,0.3919153837549129,-0.024999999999999994,0.0,0.38999999999999996,1.5,129.8872976206098,0.04448177043576338,True,True,False
11.525,0.07846957521315488,0.45361141156581375,0.012481173931608367,-0.05869964245788925,0.0,6.410088273491892e-05,0.05344615816227191,0.0,0.3919168995051363,-0.024999999999999994,0.0,0.38999999999999996,1.5,129.88729522472352,0.04428592572496197,True,True,False
11.53,0.07853125574970961,0.4539427634180238,0.012191064178427297,-0.05869964245788925,0.0,6.410088273491892e-05,0.05350782310666641,0.0,0.39191829108288473,-0.024999999999999994,0.0,0.38999999999999996,1.5,129.88729288320062,0.04408739947669549,True,True,False
11.535,0.07859148519055985,0.45424527726966085,0.011900834845058035,-0.05869964245788925,0.0,6.410088273491892e-05,0.0535680395525982,0.0,0.3919195586261828,-0.024999999999999994,0.0,0.38999999999999996,1.5,129.887290596656,0.04388616614347873,True,True,False
11.540000000000001,0.07865026285858595,0.45451900323751354,0.011610511735711137,-0.05869964245788925,0.0,6.410088273491892e-05,0.053626806817904715,0.0,0.39192070230503273,-0.024999999999999994,0.0,0.38999999999999996,1.5,129.88728836568623,0.04368220026233508,True,True,False
11.545,0.07870758819604054,0.4547639982579885,0.01132012066219632,-0.05869964245788925,0.0,6.410088273491892e-05,0.05368412433883091,0.0,0.3919217223183642,-0.024999999999999994,0.0,0.38999999999999996,1.5,129.88728619086976,0.04347547644442259,True,True,False
11.55,0.07876346076377673,0.4549803254577254,0.011029687479933718,-0.058606178311679025,0.0,7.090930052874125e-05,0.05373999166932114,0.0,0.39192261889157315,-0.024999999999999994,0.0,0.38999999999999996,1.5,129.88736419496882,0.04341336426516119,True,True,False
11.555,0.07881788025004313,0.45516806064586673,0.01073924164903709,-0.058606178311679025,0.0,7.090930052874125e-05,0.05379440848734704,0.0,0.3919233923778658,-0.024999999999999994,0.0,0.38999999999999996,1.5,129.88736212528306,0.04319659927935939,True,True,False
11.56,0.07887084646357913,0.4553272919017433,0.010448806297395875,-0.058606178311679025,0.0,7.090930052874125e-05,0.053847374589907626,0.0,0.39192404318045665,-0.024999999999999994,0.0,0.38999999999999996,1.5,129.88736011452588,0.04297726613434743,True,True,False
11.565,0.07892235932019988,0.45545810765903677,0.01015840720859271,-0.058606178311679025,0.0,7.090930052874125e-05,0.05389888988260319,0.0,0.3919245716301547,-0.024999999999999994,0.0,0.38999999999999996,1.5,129.88735816315454,0.042755308821982904,True,True,False
11.57,0.07897241884977449,0.45556059948295563,0.009868070418986498,-0.058606178311679025,0.0,7.090930052874125e-05,0.05394895438449701,0.0,0.391924978072298,-0.024999999999999994,0.0,0.38999999999999996,1.5,129.88735627161427,0.042530678211108855,True,True,False
11.575000000000001,0.07902102519581597,0.45563486176678697,0.009577822271975086,-0.058606178311679025,0.0,7.090930052874125e-05,0.053997568227739295,0.0,0.39192526286554774,-0.024999999999999994,0.0,0.38999999999999996,1.5,129.88735444033728,0.04230333076641224,True,True,False
11.58,0.07906817861507331,0.4556809915465367,0.009287689478264544,-0.058606178311679025,0.0,7.090930052874125e-05,0.05404473165718235,0.0,0.39192542638113537,-0.024999999999999994,0.0,0.38999999999999996,1.5,129.887352669742,0.04207322763359059,True,True,False
11.585,0.07911387947712512,0.45569908838042583,0.008997699185519984,-0.058606178311679025,0.0,7.090930052874125e-05,0.05409044502999047,0.0,0.3919254690023825,-0.024999999999999994,0.0,0.38999999999999996,1.5,129.88735096023262,0.041840333974927195,True,True,False
11.59,0.0791581282639639,0.45568925427539464,0.00870787906080719,-0.058606178311679025,0.0,7.090930052874125e-05,0.05413470881523616,0.0,0.39192539112440716,-0.024999999999999994,0.0,0.38999999999999996,1.5,129.88734931219813,0.04160461847712038,True,True,False
11.595,0.07920092556957126,0.45565159363487234,0.008418257389598697,-0.058606178311679025,0.0,7.090930052874125e-05,0.054177523593485516,0.0,0.39192519315389684,-0.024999999999999994,0.0,0.38999999999999996,1.5,129.8873477260122,0.04136605297907918,True,True,False
11.6,0.07924227209947939,0.45558621322371934,0.0081288631958089,-0.05874352861937022,0.0,7.795018639807339e-05,0.054218890056368124,0.0,0.39192487550895894,-0.024999999999999994,0.0,0.38999999999999996,1.5,129.8874542595977,0.040908168902812125,True,True,False
11.605,0.07928216865969277,0.4554932120138235,0.007839721013590326,-0.05874352861937022,0.0,7.795018639807339e-05,0.05425880899399804,0.0,0.39192443868099414,-0.024999999999999994,0.0,0.38999999999999996,1.5,129.88745280684574,0.04067036454230315,True,True,False
11.61,0.07932061616196717,0.4553726809273056,0.007550866213777889,-0.05874352861937022,0.0,7.795018639807339e-05,0.05429728130274683,0.0,0.39192388313240845,-0.024999999999999994,0.0,0.38999999999999996,1.5,129.88745141526573,0.04042925337129977,True,True,False
11.615,0.07935761563872987,0.4552247195902184,0.007262331673976314,-0.05874352861937022,0.0,7.795018639807339e-05,0.05433430800104991,0.0,0.3919232092603072,-0.024999999999999994,0.0,0.38999999999999996,1.5,129.88745008524694,0.04018486472264645,True,True,False
11.620000000000001,0.07939316823477668,0.4550494319461774,0.0069741517651216705,-0.05874352861937022,0.0,7.795018639807339e-05,0.054369890219057415,0.0,0.3919224174807593,-0.024999999999999994,0.0,0.38999999999999996,1.5,129.88744881715317,0.03993722109313615,True,True,False
11.625,0.07942727520646488,0.45484692624901873,0.006686362701361594,-0.05874352861937022,0.0,7.795018639807339e-05,0.05440402919783324,0.0,0.39192150822875066,-0.024999999999999994,0.0,0.38999999999999996,1.5,129.88744761132423,0.039686340117298616,True,True,False
11.63,0.07945993792090866,0.45461731492920127,0.006399002984837281,-0.05874352861937022,0.0,7.795018639807339e-05,0.054436726288568105,0.0,0.3919204819576795,-0.024999999999999994,0.0,0.38999999999999996,1.5,129.88744646807663,0.039432235994780664,True,True,False
11.635,0.07949115785518115,0.45436071439437703,0.0061121139731357185,-0.05874352861937022,0.0,7.795018639807339e-05,0.0544679829518058,0.0,0.3919193391385659,-0.024999999999999994,0.0,0.38999999999999996,1.5,129.8874453877044,0.03917492053784005,True,True,False
11.64,0.07952093659553239,0.4540772447861095,0.0058257406089088646,-0.05874352861937022,0.0,7.795018639807339e-05,0.05449780075668989,0.0,0.39191808025909236,-0.024999999999999994,0.0,0.38999999999999996,1.5,129.88744437047941,0.03891440395219497,True,True,False
11.645,0.07954927583662387,0.4537670297332113,0.005539932367645966,-0.05874352861937022,0.0,7.795018639807339e-05,0.05452618138022705,0.0,0.39191670582262905,-0.024999999999999994,0.0,0.38999999999999996,1.5,129.88744341665188,0.03865069542777179,True,True,False
11.65,0.079576177380782,0.4534301960981308,0.00525474450349723,-0.059083439240731714,0.0,8.490058327419197e-05,0.05455312660657016,0.0,0.3919152163472307,-0.024999999999999994,0.0,0.38999999999999996,1.5,129.88757145597367,0.03784805800792088,True,True,False
11.655,0.07960164310892077,0.4530668485882866,0.004970227346465981,-0.059083439240731714,0.0,8.490058327419197e-05,0.05457863829742121,0.0,0.3919136123871364,-0.024999999999999994,0.0,0.38999999999999996,1.5,129.8875706408817,0.03759416539829044,True,True,False
11.66,0.07962567499613718,0.4526770690950293,0.00468646528286222,-0.059083439240731714,0.0,8.490058327419197e-05,0.05460271841058423,0.0,0.3919118944101861,-0.024999999999999994,0.0,0.38999999999999996,1.5,129.88756988562787,0.03733614457507038,True,True,False
11.665000000000001,0.07964827515114846,0.4522609581375048,0.004403545280786699,-0.059083439240731714,0.0,8.490058327419197e-05,0.05462536903842838,0.0,0.39191006283853336,-0.024999999999999994,0.0,0.38999999999999996,1.5,129.88756919058588,0.037074121160394435,True,True,False
11.67,0.07966944579419334,0.4518186237994471,0.004121571239053246,-0.059083439240731714,0.0,8.490058327419197e-05,0.054646592383932074,0.0,0.3919081181257156,-0.024999999999999994,0.0,0.38999999999999996,1.5,129.8875685560873,0.03680819891809155,True,True,False
11.675,0.07968918925559786,0.45135018162508583,0.0038406701488193796,-0.059083439240731714,0.0,8.490058327419197e-05,0.05466639075926505,0.0,0.39190606075626744,-0.024999999999999994,0.0,0.38999999999999996,1.5,129.8875679824253,0.0365384650364996,True,True,False
11.68,0.07970750797437824,0.4508557542466435,0.0035610010519745256,-0.059083439240731714,0.0,8.490058327419197e-05,0.054684766584432,0.0,0.3919038912443103,-0.024999999999999994,0.0,0.38999999999999996,1.5,129.88756746985766,0.03626499399464429,True,True,False
11.685,0.07972440449689451,0.4503354708608403,0.0032827683739626522,-0.059083439240731714,0.0,8.490058327419197e-05,0.054701722385983115,0.0,0.3919016101314763,-0.024999999999999994,0.0,0.38999999999999996,1.5,129.88756701860916,0.035987850437039774,True,True,False
11.69,0.07973988147556661,0.4497894666271537,0.003006242302859338,-0.059083439240731714,0.0,8.490058327419197e-05,0.05471726079579281,0.0,0.39189921798458355,-0.024999999999999994,0.0,0.38999999999999996,1.5,129.88756662887346,0.035707091347374674,True,True,False
11.695,0.07975394166765695,0.4492178820627026,0.002731790890012016,-0.059083439240731714,0.0,8.490058327419197e-05,0.05473138454990642,0.0,0.39189671539324483,-0.024999999999999994,0.0,0.38999999999999996,1.5,129.88756630081423,0.03542276771826408,True,True,False
11.700000000000001,0.07976658793412336,0.44862086244675053,0.0024599323593966944,-0.05959972185921039,0.0,9.146979728189827e-05,0.054744096487455346,0.0,0.39189410296754057,-0.024999999999999994,0.0,0.38999999999999996,1.5,129.88770919920137,0.034321157551014905,True,True,False
11.705,0.07977782319532015,0.4479985196514653,0.0021914094071530076,-0.05959972185921039,0.0,9.146979728189827e-05,0.05475539950671676,0.0,0.3918913813226751,-0.024999999999999994,0.0,0.38999999999999996,1.5,129.88770899729326,0.0340547271689021,True,True,False
11.71,0.0797876505248147,0.44735101287093965,0.0019273814335630936,-0.05959972185921039,0.0,9.146979728189827e-05,0.05476529665483612,0.0,0.3918885512531974,-0.024999999999999994,0.0,0.38999999999999996,1.5,129.88770885040304,0.03379194924001039,True,True,False
11.715,0.07979607326294487,0.44667872081334836,0.001669634858266489,-0.05959972185921039,0.0,9.146979728189827e-05,0.05477379122886142,0.0,0.39188561426577634,-0.024999999999999994,0.0,0.38999999999999996,1.5,129.88770875683502,0.03353538484750228,True,True,False
11.72,0.07980309485633524,0.4459821157796332,0.0014211694504750812,-0.05959972185921039,0.0,9.146979728189827e-05,0.05478088662348221,0.0,0.3918825722350864,-0.024999999999999994,0.0,0.38999999999999996,1.5,129.88770871482393,0.033284664994421544,True,True,False
11.725,0.07980871882791116,0.44526172243540924,0.0011873120023096217,-0.05959972185921039,0.0,9.146979728189827e-05,0.05478658630488967,0.0,0.39187942724386304,-0.024999999999999994,0.0,0.38999999999999996,1.5,129.88770872267906,0.03303946649405629,True,True,False
11.73,0.0798129487646131,0.44451809533639336,0.0009779640390117587,-0.05959972185921039,0.0,9.146979728189827e-05,0.05479089380062141,0.0,0.391876181494609,-0.024999999999999994,0.0,0.38999999999999996,1.5,129.88770877877673,0.03279949889190753,True,True,False
11.735,0.07981578830883566,0.44375180208932635,0.0008115393407860989,-0.05959972185921039,0.0,9.146979728189827e-05,0.05479381269258979,0.0,0.3918728372435333,-0.024999999999999994,0.0,0.38999999999999996,1.5,129.88770888155517,0.03256449564376108,True,True,False
11.74,0.07981724115257811,0.4429634109503367,0.0007176425617090928,-0.05959972185921039,0.0,9.146979728189827e-05,0.05479534661240071,0.0,0.3918693967518003,-0.024999999999999994,0.0,0.38999999999999996,1.5,129.88770902951092,0.032334208145473116,True,True,False
11.745000000000001,0.07981731103356558,0.44215348179204994,0.0007241573920268612,-0.05959972185921039,0.0,9.146979728189827e-05,0.054795499238319084,0.0,0.39186586225010567,-0.024999999999999994,0.0,0.38999999999999996,1.5,129.8877092211959,0.0321084016812288,True,True,False
11.75,0.07981600173280654,0.44132255965823797,0.0008279574046568521,-0.06011091291911561,0.0,9.706186397379889e-05,0.054794274293425704,0.0,0.39186223591333624,-0.024999999999999994,0.0,0.38999999999999996,1.5,129.88783912248232,0.031081102398022756,True,True,False
11.755,0.07981331706992842,0.44047117998698454,0.000998488896434033,-0.06011091291911561,0.0,9.706186397379889e-05,0.054791675537770895,0.0,0.3918585199972076,-0.024999999999999994,0.0,0.38999999999999996,1.5,129.88783938800185,0.030892514399457886,True,True,False
11.76,0.07980926089854802,0.4395998555351274,0.00120731827030418,-0.06011091291911561,0.0,9.706186397379889e-05,0.05478770676765876,0.0,0.3918547166712485,-0.024999999999999994,0.0,0.38999999999999996,1.5,129.88783968674824,0.03070700188606106,True,True,False
11.765,0.07980383711301138,0.4387090627107307,0.0014374080458725426,-0.06011091291911561,0.0,9.706186397379889e-05,0.054782371826325366,0.0,0.3918508278488336,-0.024999999999999994,0.0,0.38999999999999996,1.5,129.88784001772243,0.030524379161439904,True,True,False
11.77,0.07979704964940056,0.4377992504053712,0.0016796599932840924,-0.06011091291911561,0.0,9.706186397379889e-05,0.05477567460141272,0.0,0.39184685533770547,-0.024999999999999994,0.0,0.38999999999999996,1.5,129.8878403799676,0.030344466169861972,True,True,False
11.775,0.0797889024865046,0.4368708400382901,0.0019291593309154014,-0.06011091291911561,0.0,9.706186397379889e-05,0.05476761902592253,0.0,0.3918428008400861,-0.024999999999999994,0.0,0.38999999999999996,1.5,129.88784077256832,0.030167088365346997,True,True,False
11.78,0.07977939964692222,0.4359242258563336,0.0021831199447946885,-0.06011091291911561,0.0,9.706186397379889e-05,0.05475820907927545,0.0,0.3918386659538692,-0.024999999999999994,0.0,0.38999999999999996,1.5,129.88784119464904,0.029992076612097563,True,True,False
11.785,0.0797685451982596,0.4349597754435123,0.002439875036800841,-0.06011091291911561,0.0,9.706186397379889e-05,0.054747448788447006,0.0,0.39183445217457624,-0.024999999999999994,0.0,0.38999999999999996,1.5,129.887841645373,0.029819267105272933,True,True,False
11.790000000000001,0.07975634325439653,0.43397783036315896,0.0026983761459064325,-0.06011091291911561,0.0,9.706186397379889e-05,0.054735342229158546,0.0,0.3918301608978688,-0.024999999999999994,0.0,0.38999999999999996,1.5,129.88784212394103,0.02964850130432015,True,True,False
11.795,0.07974279797680213,0.43297870691670015,0.0029579337936844366,-0.06011091291911561,0.0,9.706186397379889e-05,0.05472189352710738,0.0,0.3918257934224968,-0.024999999999999994,0.0,0.38999999999999996,1.5,129.88784262959032,0.02947962587326671,True,True,False
11.8,0.07972791357588582,0.43196269696991013,0.003218076565856672,-0.060225834957081975,0.0,0.00010142204019528871,0.05470710685922575,0.0,0.3918213509535196,-0.024999999999999994,0.0,0.38999999999999996,1.5,129.88791337217683,0.029131380260923392,True,True,False
11.805,0.07971169431219237,0.43093007107428594,0.0034784639809313854,-0.060225834957081975,0.0,0.00010142204019528871,0.05469098645309936,0.0,0.3918168346794183,-0.024999999999999994,0.0,0.38999999999999996,1.5,129.88791392607112,0.02897234639925915,True,True,False
11.81,0.0796941444963185,0.4298810770972392,0.003738861005371991,-0.060225834957081975,0.0,0.00010142204019528871,0.054673536588480676,0.0,0.39181224570191864,-0.024999999999999994,0.0,0.38999999999999996,1.5,129.8879145036003,0.02881460242631877,True,True,False
11.815,0.0796752684912819,0.42881593852297323,0.0039990851048545125,-0.060225834957081975,0.0,0.00010142204019528871,0.05465476160126628,0.0,0.3918075849643361,-0.024999999999999994,0.0,0.38999999999999996,1.5,129.8879151041873,0.028658018304138368,True,True,False
11.82,0.0796550707146201,0.42773485772609454,0.004258995886152012,-0.060225834957081975,0.0,0.00010142204019528871,0.05463466588380006,0.0,0.39180285332921416,-0.024999999999999994,0.0,0.38999999999999996,1.5,129.8879157272842,0.0285024687132562,True,True,False
11.825000000000001,0.07963355563983826,0.4266380170998489,0.0045184828286709494,-0.060225834957081975,0.0,0.00010142204019528871,0.05461325388620297,0.0,0.39179805158274283,-0.024999999999999994,0.0,0.38999999999999996,1.5,129.88791637237094,0.02834783304906155,True,True,False
11.83,0.07961072779782224,0.42552558016533504,0.004777457019274376,-0.060225834957081975,0.0,0.00010142204019528871,0.054590530117671426,0.0,0.3917931804390484,-0.024999999999999994,0.0,0.38999999999999996,1.5,129.88791703895396,0.028193995392779853,True,True,False
11.835,0.07958659177821446,0.42439769265135885,0.005035845453738616,-0.060225834957081975,0.0,0.00010142204019528871,0.05456649914774131,0.0,0.3917882405444003,-0.024999999999999994,0.0,0.38999999999999996,1.5,129.8879177265652,0.02804084446396081,True,True,False
11.84,0.07956115223075258,0.42325448354634415,0.005293587025951113,-0.060225834957081975,0.0,0.00010142204019528871,0.05454116560751801,0.0,0.3917832324813046,-0.024999999999999994,0.0,0.38999999999999996,1.5,129.88791843476085,0.027888273559249773,True,True,False
11.845,0.07953441386657184,0.422096066134033,0.005550629652478101,-0.060225834957081975,0.0,0.00010142204019528871,0.054514534190872654,0.0,0.3917781567725257,-0.024999999999999994,0.0,0.38999999999999996,1.5,129.88791916312022,0.02773618048079265,True,True,False
11.85,0.07950638145946624,0.4209225390145069,0.0058069281767764505,-0.05984968034689192,0.0,0.00010538312971460877,0.0544866096555994,0.0,0.39177301388503594,-0.024999999999999994,0.0,0.38999999999999996,1.5,129.887931615358,0.028177447562893726,True,True,False
11.855,0.07947705985103795,0.4197339800186471,0.006062441766451676,-0.05984968034689192,0.0,0.00010538312971460877,0.054457396828739346,0.0,0.39176780422154484,-0.024999999999999994,0.0,0.38999999999999996,1.5,129.8879323993499,0.02800474022826568,True,True,False
11.86,0.07944645395326516,0.41853045444341697,0.006317134191107505,-0.05984968034689192,0.0,0.00010538312971460877,0.05442690060876451,0.0,0.39176252813700296,-0.024999999999999994,0.0,0.38999999999999996,1.5,129.88793320676257,0.02783279053282804,True,True,False
11.865,0.07941456874311825,0.4173120245144058,0.006570973041108789,-0.05984968034689192,0.0,0.00010538312971460877,0.05439512595969895,0.0,0.39175718596027687,-0.024999999999999994,0.0,0.38999999999999996,1.5,129.8879340370832,0.02766150345870739,True,True,False
11.870000000000001,0.07938140926468946,0.416078743020052,0.006823928698606781,-0.05984968034689192,0.0,0.00010538312971460877,0.054362077913444856,0.0,0.39175177798491556,-0.024999999999999994,0.0,0.38999999999999996,1.5,129.88793488982,0.027490788665693603,True,True,False
11.875,0.07934698062999543,0.41483065376131895,0.007075973771491016,-0.05984968034689192,0.0,0.00010538312971460877,0.054327761570537786,0.0,0.3917463044708125,-0.024999999999999994,0.0,0.38999999999999996,1.5,129.88793576450175,0.027320560179707805,True,True,False
11.88,0.07931128801979093,0.4135677920908348,0.007327082654458464,-0.05984968034689192,0.0,0.00010538312971460877,0.05429218210090425,0.0,0.3917407656462809,-0.024999999999999994,0.0,0.38999999999999996,1.5,129.88793666067667,0.0271507361489921,True,True,False
11.885,0.07927433668438716,0.4122901855146351,0.0075772311860825255,-0.05984968034689192,0.0,0.00010538312971460877,0.05425534474461882,0.0,0.3917351617103871,-0.024999999999999994,0.0,0.38999999999999996,1.5,129.88793757791123,0.026981238646086418,True,True,False
11.89,0.07923613194445174,0.4109978543521123,0.007826396379046962,-0.05984968034689192,0.0,0.00010538312971460877,0.054217254812639365,0.0,0.39172949283546676,-0.024999999999999994,0.0,0.38999999999999996,1.5,129.88793851578933,0.026811993500793843,True,True,False
11.895,0.07919667919178328,0.4096908124123535,0.008074556206634654,-0.05984968034689192,0.0,0.00010538312971460877,0.05417791768751526,0.0,0.39172375916975005,-0.024999999999999994,0.0,0.38999999999999996,1.5,129.8879394739113,0.026642930154235814,True,True,False
11.9,0.079155983890052,0.4083690676895348,0.008321689432837351,-0.05903717907361428,0.0,0.00010979808647452862,0.05413733882406152,0.0,0.39171796084002475,-0.024999999999999994,0.0,0.38999999999999996,1.5,129.887911261799,0.027754790041913054,True,True,False
11.905,0.07911405158326736,0.40703260773609484,0.008567775502480416,-0.05903717907361428,0.0,0.00010979808647452862,0.054095523759462916,0.0,0.3917120978757438,-0.024999999999999994,0.0,0.38999999999999996,1.5,129.88791230421316,0.027539926252035343,True,True,False
11.91,0.07907088790016893,0.40568141607335606,0.008812790629423521,-0.05903717907361428,0.0,0.00010979808647452862,0.05405247811586389,0.0,0.39170617029101507,-0.024999999999999994,0.0,0.38999999999999996,1.5,129.88791337547954,0.027326263012960324,True,True,False
11.915000000000001,0.07902649854144254,0.4043154912854001,0.009056714938244923,-0.05903717907361428,0.0,0.00010979808647452862,0.054008207585559326,0.0,0.3917001781782468,-0.024999999999999994,0.0,0.38999999999999996,1.5,129.88791447486278,0.02711372140306586,True,True,False
11.92,0.07898088928181378,0.4029348318868094,0.009299529186122972,-0.05903717907361428,0.0,0.00010979808647452862,0.05396271793477084,0.0,0.39169412163080064,-0.024999999999999994,0.0,0.38999999999999996,1.5,129.88791560164844,0.026902226870555157,True,True,False
11.925,0.078934065970035,0.40153943594516045,0.009541214633817675,-0.05903717907361428,0.0,0.00010979808647452862,0.05391601500366491,0.0,0.3916880007414607,-0.024999999999999994,0.0,0.38999999999999996,1.5,129.88791675514193,0.02669170867442381,True,True,False
11.93,0.07888603452896077,0.400129300940523,0.009781752947531268,-0.05903717907361428,0.0,0.00010979808647452862,0.053868104706438824,0.0,0.39168181560184046,-0.024999999999999994,0.0,0.38999999999999996,1.5,129.88791793466768,0.026482099478311715,True,True,False
11.935,0.07883680095568046,0.39870442380269516,0.010021126124300892,-0.05903717907361428,0.0,0.00010979808647452862,0.05381899303144877,0.0,0.39167556630248135,-0.024999999999999994,0.0,0.38999999999999996,1.5,129.8879191395684,0.026273335048525893,True,True,False
11.94,0.0787863713216763,0.39726480107461115,0.01025931643532382,-0.05903717907361428,0.0,0.00010979808647452862,0.053768686041353236,0.0,0.3916692529334356,-0.024999999999999994,0.0,0.38999999999999996,1.5,129.88792036920424,0.026065354023212143,True,True,False
11.945,0.07873475177298805,0.3958104291517884,0.010496306382973958,-0.05903717907361428,0.0,0.00010979808647452862,0.05371718987325619,0.0,0.3916628755851778,-0.024999999999999994,0.0,0.38999999999999996,1.5,129.8879216229524,0.025858097730424558,True,True,False
11.950000000000001,0.07868194853036367,0.3943413045934544,0.010732078668306676,-0.05791764004407759,0.0,0.00011529561316113017,0.053664510738831384,0.0,0.39165643434976505,-0.024999999999999994,0.0,0.38999999999999996,1.5,129.88787555364829,0.027416320423554505,True,True,False
11.955,0.07862796790003922,0.3928574033402369,0.010966615728385733,-0.05791764004407759,0.0,0.00011529561316113017,0.05361065493750458,0.0,0.39164992920641634,-0.024999999999999994,0.0,0.38999999999999996,1.5,129.88787693145778,0.027147011375652137,True,True,False
11.96,0.07857281627904883,0.391358702731386,0.011199896002457802,-0.05791764004407759,0.0,0.00011529561316113017,0.05355562885925366,0.0,0.39164336013957823,-0.024999999999999994,0.0,0.38999999999999996,1.5,129.88787834560682,0.02687993310209593,True,True,False
11.965,0.0785165001368847,0.38984520726442157,0.011431902304002638,-0.05791764004407759,0.0,0.00011529561316113017,0.053499438963463736,0.0,0.3916367272732035,-0.024999999999999994,0.0,0.38999999999999996,1.5,129.88787979494947,0.0266150066792361,True,True,False
11.97,0.07845902601758804,0.3883169271777974,0.011662617885719102,-0.05791764004407759,0.0,0.00011529561316113017,0.053442091783477974,0.0,0.3916300307546101,-0.024999999999999994,0.0,0.38999999999999996,1.5,129.8878812783659,0.026352157157493103,True,True,False
11.975,0.07840040053902632,0.3867738773977103,0.011892026345428562,-0.05791764004407759,0.0,0.00011529561316113017,0.05338359392596742,0.0,0.39162327075030695,-0.024999999999999994,0.0,0.38999999999999996,1.5,129.88788279476194,0.026091312851805624,True,True,False
11.98,0.07834063039232338,0.38521607683637854,0.01212011155776398,-0.05791764004407759,0.0,0.00011529561316113017,0.05332395207042376,0.0,0.39161644744318624,-0.024999999999999994,0.0,0.38999999999999996,1.5,129.88788434306795,0.02583240484439336,True,True,False
11.985,0.07827972234139896,0.3836435479446171,0.012346857625060942,-0.05791764004407759,0.0,0.00011529561316113017,0.0532631729687397,0.0,0.3916095610307309,-0.024999999999999994,0.0,0.38999999999999996,1.5,129.88788592223864,0.02557536663212755,True,True,False
11.99,0.07821768322257651,0.3820563164530264,0.012572248842463555,-0.05791764004407759,0.0,0.00011529561316113017,0.053201263444841995,0.0,0.3916026117239515,-0.024999999999999994,0.0,0.38999999999999996,1.5,129.8878875312521,0.025320133872556702,True,True,False
11.995000000000001,0.07815451994422937,0.3804544112427996,0.012796269673509733,-0.05791764004407759,0.0,0.00011529561316113017,0.053138230394351754,0.0,0.3915955997468508,-0.024999999999999994,0.0,0.38999999999999996,1.5,129.8878891691098,0.025066644197574733,True,True,False
12.0,0.0780902394864415,0.37883786432382505,0.013018904733419833,-0.05663733533552174,0.0,0.00012217770467835658,0.05307408078425094,0.0,0.3915885253362935,-0.024999999999999994,0.0,0.38999999999999996,1.5,129.88784548589456,0.02683307963392989,True,True,False
